step,L_total,loss_vol,loss_rep,loss_bnd,loss_curve_length,curve_length_min,curve_length_max,curve_length_mean,loss_cell_edge_uniform,loss_fem,loss_comp,comp,vol_frac,vol_frac_internal,vol_frac_eff_total,vol_frac_eff,VF_total,VF_eff_total,VF_int,VF_eff_int,vol_dev,vol_dev_eff,tau,seed_offset_scale,rho_min,rho_mean,rho_max,filter_delta_mean,filter_delta_max,projection_delta_mean,projection_delta_max,rho_raw_mean,rho_filtered_mean,rho_projected_mean,rho_final_mean,drho,dseed,min_seed_dist,grad_mean,best_score,best_step,best_hard_score,best_hard_step,fem_valid,fem_failure_reason,optimizer_step_skipped,w_geo_mean,h_mean,centerline_radius_mean,active_count_total,active_count_mean,active_frac_mean,inactive_count_total,inactive_count_mean,inactive_frac_mean,anchor_update_allowed,collapse_active
0,45.47734832763672,0.0,0.0,0.0,45.47734832763672,0.026936564594507217,1.636279582977295,0.5990208387374878,0.0,0.0,0.0,0.0,0.0,0.0,0.0,0.0,0.0,0.0,0.0,0.0,0.023000000044703484,0.023000000044703484,0.02,0.15,0.0,0.0,0.0,0.0,0.0,0.0,0.0,0.0,0.0,0.0,0.0,0.0,0.0,0.06690355390310287,0.00045154185340834374,45.47734832763672,0,nan,-1.0,True,,False,0.010050058364868164,0.0,0.010050058364868164,100.0,100.0,1.0,0.0,0.0,0.0,1.0,0.0
1,51.78465270996094,-0.0,0.0,-0.0,51.78465270996094,0.021967070177197456,1.6343965530395508,0.5988840460777283,-0.0,0.0,0.0,0.0,0.0,0.0,0.0,0.0,0.0,0.0,0.0,0.0,0.023000000044703484,0.023000000044703484,0.02,0.15,0.0,0.0,0.0,0.0,0.0,0.0,0.0,0.0,0.0,0.0,0.0,0.0,0.0003650309517979622,0.06760744750499725,0.0003644149243200445,45.47734832763672,0,nan,-1.0,True,,False,0.010050058364868164,0.0,0.010050058364868164,100.0,100.0,1.0,0.0,0.0,0.0,0.0,0.0
2,39.473514556884766,-0.0,0.0,-0.0,39.473514556884766,0.033095404505729675,1.6327590942382812,0.5988519191741943,-0.0,0.0,0.0,0.0,0.0,0.0,0.0,0.0,0.0,0.0,0.0,0.0,0.023000000044703484,0.023000000044703484,0.02,0.14999999999999997,0.0,0.0,0.0,0.0,0.0,0.0,0.0,0.0,0.0,0.0,0.0,0.0,0.0006287148571573198,0.06811457872390747,0.00037400423434519325,39.473514556884766,2,nan,-1.0,True,,False,0.010050058364868164,0.0,0.010050058364868164,100.0,100.0,1.0,0.0,0.0,0.0,0.0,0.0
3,55.70286560058594,-0.0,0.0,-0.0,55.70286560058594,0.0194860752671957,1.631460189819336,0.5989134907722473,-0.0,0.0,0.0,0.0,0.0,0.0,0.0,0.0,0.0,0.0,0.0,0.0,0.023000000044703484,0.023000000044703484,0.02,0.15,0.0,0.0,0.0,0.0,0.0,0.0,0.0,0.0,0.0,0.0,0.0,0.0,0.0008521702839061618,0.06854734569787979,0.0004190481440673466,39.473514556884766,2,nan,-1.0,True,,False,0.010050058364868164,0.0,0.010050058364868164,100.0,100.0,1.0,0.0,0.0,0.0,0.0,0.0
4,83.38162994384766,-0.0,0.0,-0.0,83.38162994384766,0.009229915216565132,1.6303248405456543,0.5990259647369385,-0.0,0.0,0.0,0.0,0.0,0.0,0.0,0.0,0.0,0.0,0.0,0.0,0.023000000044703484,0.023000000044703484,0.02,0.15,0.0,0.0,0.0,0.0,0.0,0.0,0.0,0.0,0.0,0.0,0.0,0.0,0.0010710719507187605,0.069087915122509,0.0005006385059687091,39.473514556884766,2,nan,-1.0,True,,False,0.010050058364868164,0.0,0.010050058364868164,100.0,100.0,1.0,0.0,0.0,0.0,0.0,0.0
5,35.41664505004883,-0.0,0.0,-0.0,35.41664505004883,0.03848981112241745,1.6298770904541016,0.5991432666778564,-0.0,0.0,0.0,0.0,0.0,0.0,0.0,0.0,0.0,0.0,0.0,0.0,0.023000000044703484,0.023000000044703484,0.02,0.15,0.0,0.0,0.0,0.0,0.0,0.0,0.0,0.0,0.0,0.0,0.0,0.0,0.0012011730577796698,0.06948824971914291,0.0004222353519480748,35.41664505004883,5,nan,-1.0,True,,False,0.010050058364868164,0.0,0.010050058364868164,100.0,100.0,1.0,0.0,0.0,0.0,0.0,0.0
6,62.38111877441406,-0.0,0.0,-0.0,62.38111877441406,0.016057968139648438,1.6295127868652344,0.5991635322570801,-0.0,0.0,0.0,0.0,0.0,0.0,0.0,0.0,0.0,0.0,0.0,0.0,0.023000000044703484,0.023000000044703484,0.02,0.15,0.0,0.0,0.0,0.0,0.0,0.0,0.0,0.0,0.0,0.0,0.0,0.0,0.0012745140120387077,0.06962449848651886,0.00041942713289699896,35.41664505004883,5,nan,-1.0,True,,False,0.010050058364868164,0.0,0.010050058364868164,100.0,100.0,1.0,0.0,0.0,0.0,0.0,0.0
7,58.44026184082031,-0.0,0.0,-0.0,58.44026184082031,0.01799067109823227,1.6293983459472656,0.5991209149360657,-0.0,0.0,0.0,0.0,0.0,0.0,0.0,0.0,0.0,0.0,0.0,0.0,0.023000000044703484,0.023000000044703484,0.02,0.14999999999999997,0.0,0.0,0.0,0.0,0.0,0.0,0.0,0.0,0.0,0.0,0.0,0.0,0.0013140345690771937,0.0695866122841835,0.0004158085455401306,35.41664505004883,5,nan,-1.0,True,,False,0.010050058364868164,0.0,0.010050058364868164,100.0,100.0,1.0,0.0,0.0,0.0,0.0,0.0
8,37.82643127441406,-0.0,0.0,-0.0,37.82643127441406,0.03518790006637573,1.6292381286621094,0.5990440249443054,-0.0,0.0,0.0,0.0,0.0,0.0,0.0,0.0,0.0,0.0,0.0,0.0,0.023000000044703484,0.023000000044703484,0.02,0.15,0.0,0.0,0.0,0.0,0.0,0.0,0.0,0.0,0.0,0.0,0.0,0.0,0.0013429030077531934,0.06945983320474625,0.0005471648237289628,35.41664505004883,5,nan,-1.0,True,,False,0.010050058364868164,0.0,0.010050058364868164,100.0,100.0,1.0,0.0,0.0,0.0,0.0,0.0
9,46.04117202758789,-0.0,0.0,-0.0,46.04117202758789,0.026446688920259476,1.6293411254882812,0.5990130305290222,-0.0,0.0,0.0,0.0,0.0,0.0,0.0,0.0,0.0,0.0,0.0,0.0,0.023000000044703484,0.023000000044703484,0.02,0.15,0.0,0.0,0.0,0.0,0.0,0.0,0.0,0.0,0.0,0.0,0.0,0.0,0.0013484423980116844,0.06930089741945267,0.0005433946187167749,35.41664505004883,5,nan,-1.0,True,,False,0.010050058364868164,0.0,0.010050058364868164,100.0,100.0,1.0,0.0,0.0,0.0,0.0,0.0
10,53.64019775390625,-0.0,0.0,-0.0,53.64019775390625,0.020768936723470688,1.6295652389526367,0.5990084409713745,-0.0,0.0,0.0,0.0,0.0,0.0,0.0,0.0,0.0,0.0,0.0,0.0,0.023000000044703484,0.023000000044703484,0.02,0.15,0.0,0.0,0.0,0.0,0.0,0.0,0.0,0.0,0.0,0.0,0.0,0.0,0.001335598062723875,0.06912069022655487,0.0005385404656408355,35.41664505004883,5,nan,-1.0,True,,False,0.010050058364868164,0.0,0.010050058364868164,100.0,100.0,1.0,0.0,0.0,0.0,0.0,0.0
11,103.24077606201172,-0.0,0.0,-0.0,103.24077606201172,0.005822964943945408,1.6299734115600586,0.5990249514579773,-0.0,0.0,0.0,0.0,0.0,0.0,0.0,0.0,0.0,0.0,0.0,0.0,0.023000000044703484,0.023000000044703484,0.02,0.14999999999999997,0.0,0.0,0.0,0.0,0.0,0.0,0.0,0.0,0.0,0.0,0.0,0.0,0.001314519438892603,0.06892780214548111,0.0004351748500539543,35.41664505004883,5,nan,-1.0,True,,False,0.010050058364868164,0.0,0.010050058364868164,100.0,100.0,1.0,0.0,0.0,0.0,0.0,0.0
12,68.95872497558594,-0.0,0.0,-0.0,68.95872497558594,0.013370648957788944,1.6302266120910645,0.5989609956741333,-0.0,0.0,0.0,0.0,0.0,0.0,0.0,0.0,0.0,0.0,0.0,0.0,0.023000000044703484,0.023000000044703484,0.02,0.15,0.0,0.0,0.0,0.0,0.0,0.0,0.0,0.0,0.0,0.0,0.0,0.0,0.001268028630875051,0.06891212612390518,0.0005277340785596607,35.41664505004883,5,nan,-1.0,True,,False,0.010050058364868164,0.0,0.010050058364868164,100.0,100.0,1.0,0.0,0.0,0.0,0.0,0.0
13,74.54364013671875,-0.0,0.0,-0.0,74.54364013671875,0.011529142037034035,1.6304931640625,0.5989184379577637,-0.0,0.0,0.0,0.0,0.0,0.0,0.0,0.0,0.0,0.0,0.0,0.0,0.023000000044703484,0.023000000044703484,0.02,0.15,0.0,0.0,0.0,0.0,0.0,0.0,0.0,0.0,0.0,0.0,0.0,0.0,0.0012420264538377523,0.06885414570569992,0.0005225683548815141,35.41664505004883,5,nan,-1.0,True,,False,0.010050058364868164,0.0,0.010050058364868164,100.0,100.0,1.0,0.0,0.0,0.0,0.0,0.0
14,66.30814361572266,-0.0,0.0,-0.0,66.30814361572266,0.014363500289618969,1.630784034729004,0.5988868474960327,-0.0,0.0,0.0,0.0,0.0,0.0,0.0,0.0,0.0,0.0,0.0,0.0,0.023000000044703484,0.023000000044703484,0.02,0.15,0.0,0.0,0.0,0.0,0.0,0.0,0.0,0.0,0.0,0.0,0.0,0.0,0.0012349740136414766,0.06858830899000168,0.0005144784068988884,35.41664505004883,5,nan,-1.0,True,,False,0.010050058364868164,0.0,0.010050058364868164,100.0,100.0,1.0,0.0,0.0,0.0,0.0,0.0
15,59.3655891418457,-0.0,0.0,-0.0,59.3655891418457,0.01747865229845047,1.6312685012817383,0.5988733172416687,-0.0,0.0,0.0,0.0,0.0,0.0,0.0,0.0,0.0,0.0,0.0,0.0,0.023000000044703484,0.023000000044703484,0.02,0.15,0.0,0.0,0.0,0.0,0.0,0.0,0.0,0.0,0.0,0.0,0.0,0.0,0.0012262285454198718,0.06829340010881424,0.0004992510091597069,35.41664505004883,5,nan,-1.0,True,,False,0.010050058364868164,0.0,0.010050058364868164,100.0,100.0,1.0,0.0,0.0,0.0,0.0,0.0
16,51.2010383605957,-0.0,0.0,-0.0,51.2010383605957,0.02236127480864525,1.631758689880371,0.5988578796386719,-0.0,0.0,0.0,0.0,0.0,0.0,0.0,0.0,0.0,0.0,0.0,0.0,0.023000000044703484,0.023000000044703484,0.02,0.15,0.0,0.0,0.0,0.0,0.0,0.0,0.0,0.0,0.0,0.0,0.0,0.0,0.0011964964214712381,0.06803774833679199,0.00047999142179833143,35.41664505004883,5,nan,-1.0,True,,False,0.010050058364868164,0.0,0.010050058364868164,100.0,100.0,1.0,0.0,0.0,0.0,0.0,0.0
17,45.225677490234375,-0.0,0.0,-0.0,45.225677490234375,0.02712555043399334,1.6321711540222168,0.598854660987854,-0.0,0.0,0.0,0.0,0.0,0.0,0.0,0.0,0.0,0.0,0.0,0.0,0.023000000044703484,0.023000000044703484,0.02,0.15,0.0,0.0,0.0,0.0,0.0,0.0,0.0,0.0,0.0,0.0,0.0,0.0,0.0011582834413275123,0.06780333071947098,0.00044713290537856665,35.41664505004883,5,nan,-1.0,True,,False,0.010050058364868164,0.0,0.010050058364868164,100.0,100.0,1.0,0.0,0.0,0.0,0.0,0.0
18,41.2127571105957,-0.0,0.0,-0.0,41.2127571105957,0.03110964223742485,1.6326279640197754,0.5988428592681885,-0.0,0.0,0.0,0.0,0.0,0.0,0.0,0.0,0.0,0.0,0.0,0.0,0.023000000044703484,0.023000000044703484,0.02,0.15,0.0,0.0,0.0,0.0,0.0,0.0,0.0,0.0,0.0,0.0,0.0,0.0,0.0011294230353087187,0.06757118552923203,0.0004109712102717822,35.41664505004883,5,nan,-1.0,True,,False,0.010050058364868164,0.0,0.010050058364868164,100.0,100.0,1.0,0.0,0.0,0.0,0.0,0.0
19,39.03196716308594,0.0,0.0,0.0,39.03196716308594,0.03361118584871292,1.633194923400879,0.5988405346870422,0.0,0.0,0.0,0.0,0.0,0.0,0.0,0.0,0.0,0.0,0.0,0.0,0.023000000044703484,0.023000000044703484,0.019999999999999997,0.15,0.0,0.0,0.0,0.0,0.0,0.0,0.0,0.0,0.0,0.0,0.0,0.0,0.0011214226251468062,0.06735538691282272,0.0003929040382217863,35.41664505004883,5,nan,-1.0,True,,False,0.010050058364868164,0.0,0.010050058364868164,100.0,100.0,1.0,0.0,0.0,0.0,0.0,0.0
20,37.76795196533203,0.0,0.0,0.0,37.76795196533203,0.03518828749656677,1.6338005065917969,0.5988393425941467,0.0,0.0,0.0,0.0,0.0,0.0,0.0,0.0,0.0,0.0,0.0,0.0,0.023000000044703484,0.023000000044703484,0.02,0.15,0.0,0.0,0.0,0.0,0.0,0.0,0.0,0.0,0.0,0.0,0.0,0.0,0.0011077509261667728,0.06715354323387146,0.0003998320604523542,35.41664505004883,5,nan,-1.0,True,,False,0.010050058364868164,0.0,0.010050058364868164,100.0,100.0,1.0,0.0,0.0,0.0,0.0,0.0
21,41.183380126953125,0.0,0.0,0.0,41.183380126953125,0.031141597777605057,1.634415626525879,0.5988414287567139,0.0,0.0,0.0,0.0,0.0,0.0,0.0,0.0,0.0,0.0,0.0,0.0,0.023000000044703484,0.023000000044703484,0.02,0.15,0.0,0.0,0.0,0.0,0.0,0.0,0.0,0.0,0.0,0.0,0.0,0.0,0.001084469142369926,0.0669565424323082,0.0004100645339804032,35.41664505004883,5,nan,-1.0,True,,False,0.010050058364868164,0.0,0.010050058364868164,100.0,100.0,1.0,0.0,0.0,0.0,0.0,0.0
22,37.50048828125,0.0,0.0,0.0,37.50048828125,0.03553563356399536,1.6351757049560547,0.5988341569900513,0.0,0.0,0.0,0.0,0.0,0.0,0.0,0.0,0.0,0.0,0.0,0.0,0.023000000044703484,0.023000000044703484,0.02,0.15,0.0,0.0,0.0,0.0,0.0,0.0,0.0,0.0,0.0,0.0,0.0,0.0,0.0010855692671611905,0.06645257025957108,0.0004250465481163701,35.41664505004883,5,nan,-1.0,True,,False,0.010050058364868164,0.0,0.010050058364868164,100.0,100.0,1.0,0.0,0.0,0.0,0.0,0.0
23,37.619834899902344,0.0,0.0,0.0,37.619834899902344,0.03538019210100174,1.6356983184814453,0.5988196730613708,0.0,0.0,0.0,0.0,0.0,0.0,0.0,0.0,0.0,0.0,0.0,0.0,0.023000000044703484,0.023000000044703484,0.019999999999999997,0.15,0.0,0.0,0.0,0.0,0.0,0.0,0.0,0.0,0.0,0.0,0.0,0.0,0.0010867370292544365,0.06597965210676193,0.00042650164493807097,35.41664505004883,5,nan,-1.0,True,,False,0.010050058364868164,0.0,0.010050058364868164,100.0,100.0,1.0,0.0,0.0,0.0,0.0,0.0
24,33.85322189331055,0.0,0.0,0.0,33.85322189331055,0.040766239166259766,1.6365761756896973,0.5988149046897888,0.0,0.0,0.0,0.0,0.0,0.0,0.0,0.0,0.0,0.0,0.0,0.0,0.023000000044703484,0.023000000044703484,0.02,0.15,0.0,0.0,0.0,0.0,0.0,0.0,0.0,0.0,0.0,0.0,0.0,0.0,0.0010929006384685636,0.06553561985492706,0.00041422116669309617,33.85322189331055,24,nan,-1.0,True,,False,0.010050058364868164,0.0,0.010050058364868164,100.0,100.0,1.0,0.0,0.0,0.0,0.0,0.0
25,30.807209014892578,0.0,0.0,0.0,30.807209014892578,0.04599155858159065,1.6374454498291016,0.598824143409729,0.0,0.0,0.0,0.0,0.0,0.0,0.0,0.0,0.0,0.0,0.0,0.0,0.023000000044703484,0.023000000044703484,0.02,0.15,0.0,0.0,0.0,0.0,0.0,0.0,0.0,0.0,0.0,0.0,0.0,0.0,0.0010977505007758737,0.06516622751951218,0.0004282225188489974,30.807209014892578,25,nan,-1.0,True,,False,0.010050058364868164,0.0,0.010050058364868164,100.0,100.0,1.0,0.0,0.0,0.0,0.0,0.0
26,34.76972579956055,0.0,0.0,0.0,34.76972579956055,0.039393432438373566,1.6384272575378418,0.598910927772522,0.0,0.0,0.0,0.0,0.0,0.0,0.0,0.0,0.0,0.0,0.0,0.0,0.023000000044703484,0.023000000044703484,0.02,0.15,0.0,0.0,0.0,0.0,0.0,0.0,0.0,0.0,0.0,0.0,0.0,0.0,0.0012076653074473143,0.06465567648410797,0.0004301519450109481,30.807209014892578,25,nan,-1.0,True,,False,0.010050058364868164,0.0,0.010050058364868164,100.0,100.0,1.0,0.0,0.0,0.0,0.0,0.0
27,37.86970520019531,0.0,0.0,0.0,37.86970520019531,0.03509579598903656,1.6393423080444336,0.5988966822624207,0.0,0.0,0.0,0.0,0.0,0.0,0.0,0.0,0.0,0.0,0.0,0.0,0.023000000044703484,0.023000000044703484,0.02,0.15,0.0,0.0,0.0,0.0,0.0,0.0,0.0,0.0,0.0,0.0,0.0,0.0,0.001210625865496695,0.06462674587965012,0.0004340844291164103,30.807209014892578,25,nan,-1.0,True,,False,0.010050058364868164,0.0,0.010050058364868164,100.0,100.0,1.0,0.0,0.0,0.0,0.0,0.0
28,260.9775085449219,0.0,0.0,0.0,260.9775085449219,0.0003979290195275098,1.639969825744629,0.5989784002304077,0.0,0.0,0.0,0.0,0.0,0.0,0.0,0.0,0.0,0.0,0.0,0.0,0.023000000044703484,0.023000000044703484,0.02,0.15,0.0,0.0,0.0,0.0,0.0,0.0,0.0,0.0,0.0,0.0,0.0,0.0,0.0012497263960540295,0.06467342376708984,0.000424841958874822,30.807209014892578,25,nan,-1.0,True,,False,0.010050058364868164,0.0,0.010050058364868164,100.0,100.0,1.0,0.0,0.0,0.0,0.0,0.0
29,42.6626091003418,0.0,0.0,0.0,42.6626091003418,0.02963745966553688,1.6402840614318848,0.5989797711372375,0.0,0.0,0.0,0.0,0.0,0.0,0.0,0.0,0.0,0.0,0.0,0.0,0.023000000044703484,0.023000000044703484,0.02,0.15,0.0,0.0,0.0,0.0,0.0,0.0,0.0,0.0,0.0,0.0,0.0,0.0,0.0013077646726742387,0.06480542570352554,0.00043415673781055375,30.807209014892578,25,nan,-1.0,True,,False,0.010050058364868164,0.0,0.010050058364868164,100.0,100.0,1.0,0.0,0.0,0.0,0.0,0.0
30,53.818275451660156,0.0,0.0,0.0,53.818275451660156,0.020659536123275757,1.6403350830078125,0.5990148782730103,0.0,0.0,0.0,0.0,0.0,0.0,0.0,0.0,0.0,0.0,0.0,0.0,0.023000000044703484,0.023000000044703484,0.02,0.14999999999999997,0.0,0.0,0.0,0.0,0.0,0.0,0.0,0.0,0.0,0.0,0.0,0.0,0.0013520249631255865,0.06491030752658844,0.0004068047080636461,30.807209014892578,25,nan,-1.0,True,,False,0.010050058364868164,0.0,0.010050058364868164,100.0,100.0,1.0,0.0,0.0,0.0,0.0,0.0
31,42.36418151855469,0.0,0.0,0.0,42.36418151855469,0.029941633343696594,1.6402854919433594,0.5989476442337036,0.0,0.0,0.0,0.0,0.0,0.0,0.0,0.0,0.0,0.0,0.0,0.0,0.023000000044703484,0.023000000044703484,0.02,0.15,0.0,0.0,0.0,0.0,0.0,0.0,0.0,0.0,0.0,0.0,0.0,0.0,0.0013154156040400267,0.06504400819540024,0.0004416285000843345,30.807209014892578,25,nan,-1.0,True,,False,0.010050058364868164,0.0,0.010050058364868164,100.0,100.0,1.0,0.0,0.0,0.0,0.0,0.0
32,51.15326690673828,0.0,0.0,0.0,51.15326690673828,0.02242857962846756,1.6400866508483887,0.5989094972610474,0.0,0.0,0.0,0.0,0.0,0.0,0.0,0.0,0.0,0.0,0.0,0.0,0.023000000044703484,0.023000000044703484,0.02,0.15,0.0,0.0,0.0,0.0,0.0,0.0,0.0,0.0,0.0,0.0,0.0,0.0,0.001270867302082479,0.06513752043247223,0.0004379787857260453,30.807209014892578,25,nan,-1.0,True,,False,0.010050058364868164,0.0,0.010050058364868164,100.0,100.0,1.0,0.0,0.0,0.0,0.0,0.0
33,52.47686004638672,0.0,0.0,0.0,52.47686004638672,0.021516352891921997,1.6400465965270996,0.5988612771034241,0.0,0.0,0.0,0.0,0.0,0.0,0.0,0.0,0.0,0.0,0.0,0.0,0.023000000044703484,0.023000000044703484,0.02,0.15,0.0,0.0,0.0,0.0,0.0,0.0,0.0,0.0,0.0,0.0,0.0,0.0,0.0012513139517977834,0.06522908061742783,0.0004890329096269852,30.807209014892578,25,nan,-1.0,True,,False,0.010050058364868164,0.0,0.010050058364868164,100.0,100.0,1.0,0.0,0.0,0.0,0.0,0.0
34,44.15168762207031,0.0,0.0,0.0,44.15168762207031,0.028148991987109184,1.6399145126342773,0.5988126993179321,0.0,0.0,0.0,0.0,0.0,0.0,0.0,0.0,0.0,0.0,0.0,0.0,0.023000000044703484,0.023000000044703484,0.02,0.15,0.0,0.0,0.0,0.0,0.0,0.0,0.0,0.0,0.0,0.0,0.0,0.0,0.001199554419144988,0.06545336544513702,0.00045675511069021013,30.807209014892578,25,nan,-1.0,True,,False,0.010050058364868164,0.0,0.010050058364868164,100.0,100.0,1.0,0.0,0.0,0.0,0.0,0.0
35,37.77705764770508,0.0,0.0,0.0,37.77705764770508,0.03520117700099945,1.6398110389709473,0.5987974405288696,0.0,0.0,0.0,0.0,0.0,0.0,0.0,0.0,0.0,0.0,0.0,0.0,0.023000000044703484,0.023000000044703484,0.02,0.15,0.0,0.0,0.0,0.0,0.0,0.0,0.0,0.0,0.0,0.0,0.0,0.0,0.0011873296461999416,0.06561685353517532,0.00045243587464938173,30.807209014892578,25,nan,-1.0,True,,False,0.010050058364868164,0.0,0.010050058364868164,100.0,100.0,1.0,0.0,0.0,0.0,0.0,0.0
36,42.818546295166016,0.0,0.0,0.0,42.818546295166016,0.029443278908729553,1.639430046081543,0.5987945199012756,0.0,0.0,0.0,0.0,0.0,0.0,0.0,0.0,0.0,0.0,0.0,0.0,0.023000000044703484,0.023000000044703484,0.019999999999999997,0.15,0.0,0.0,0.0,0.0,0.0,0.0,0.0,0.0,0.0,0.0,0.0,0.0,0.001169669907540083,0.06574220210313797,0.00044764903327632055,30.807209014892578,25,nan,-1.0,True,,False,0.010050058364868164,0.0,0.010050058364868164,100.0,100.0,1.0,0.0,0.0,0.0,0.0,0.0
37,34.43016815185547,0.0,0.0,0.0,34.43016815185547,0.0398840606212616,1.6393041610717773,0.5987838506698608,0.0,0.0,0.0,0.0,0.0,0.0,0.0,0.0,0.0,0.0,0.0,0.0,0.023000000044703484,0.023000000044703484,0.02,0.15,0.0,0.0,0.0,0.0,0.0,0.0,0.0,0.0,0.0,0.0,0.0,0.0,0.0011741063790395856,0.06584253907203674,0.00044734948130553676,30.807209014892578,25,nan,-1.0,True,,False,0.010050058364868164,0.0,0.010050058364868164,100.0,100.0,1.0,0.0,0.0,0.0,0.0,0.0
38,39.45120620727539,0.0,0.0,0.0,39.45120620727539,0.033110350370407104,1.6394920349121094,0.5987608432769775,0.0,0.0,0.0,0.0,0.0,0.0,0.0,0.0,0.0,0.0,0.0,0.0,0.023000000044703484,0.023000000044703484,0.02,0.15,0.0,0.0,0.0,0.0,0.0,0.0,0.0,0.0,0.0,0.0,0.0,0.0,0.0011999581474810839,0.06592350453138351,0.00046379086961678695,30.807209014892578,25,nan,-1.0,True,,False,0.010050058364868164,0.0,0.010050058364868164,100.0,100.0,1.0,0.0,0.0,0.0,0.0,0.0
39,39.22175979614258,0.0,0.0,0.0,39.22175979614258,0.033380307257175446,1.6394901275634766,0.5987495183944702,0.0,0.0,0.0,0.0,0.0,0.0,0.0,0.0,0.0,0.0,0.0,0.0,0.023000000044703484,0.023000000044703484,0.02,0.15,0.0,0.0,0.0,0.0,0.0,0.0,0.0,0.0,0.0,0.0,0.0,0.0,0.0012079428415745497,0.06596971303224564,0.00046326100823534944,30.807209014892578,25,nan,-1.0,True,,False,0.010050058364868164,0.0,0.010050058364868164,100.0,100.0,1.0,0.0,0.0,0.0,0.0,0.0
40,33.79927062988281,-0.0,0.0,-0.0,33.79927062988281,0.040843792259693146,1.6391925811767578,0.5987473726272583,-0.0,0.0,0.0,0.0,0.0,0.0,0.0,0.0,0.0,0.0,0.0,0.0,0.023000000044703484,0.023000000044703484,0.019999999999999997,0.15,0.0,0.0,0.0,0.0,0.0,0.0,0.0,0.0,0.0,0.0,0.0,0.0,0.0012001419672742486,0.06599162518978119,0.0004600195461534895,30.807209014892578,25,nan,-1.0,True,,False,0.010050058364868164,0.0,0.010050058364868164,100.0,100.0,1.0,0.0,0.0,0.0,0.0,0.0
41,43.77773666381836,-0.0,0.0,-0.0,43.77773666381836,0.028479889035224915,1.638768196105957,0.5987519025802612,-0.0,0.0,0.0,0.0,0.0,0.0,0.0,0.0,0.0,0.0,0.0,0.0,0.023000000044703484,0.023000000044703484,0.02,0.14999999999999997,0.0,0.0,0.0,0.0,0.0,0.0,0.0,0.0,0.0,0.0,0.0,0.0,0.0011873750481754541,0.06600302457809448,0.00043753137651947327,30.807209014892578,25,nan,-1.0,True,,False,0.010050058364868164,0.0,0.010050058364868164,100.0,100.0,1.0,0.0,0.0,0.0,0.0,0.0
42,54.077735900878906,-0.0,0.0,-0.0,54.077735900878906,0.02045595273375511,1.6385159492492676,0.5987440943717957,-0.0,0.0,0.0,0.0,0.0,0.0,0.0,0.0,0.0,0.0,0.0,0.0,0.023000000044703484,0.023000000044703484,0.02,0.15,0.0,0.0,0.0,0.0,0.0,0.0,0.0,0.0,0.0,0.0,0.0,0.0,0.0011951799970120192,0.06599139422178268,0.00043351760677978746,30.807209014892578,25,nan,-1.0,True,,False,0.010050058364868164,0.0,0.010050058364868164,100.0,100.0,1.0,0.0,0.0,0.0,0.0,0.0
43,35.77002716064453,-0.0,0.0,-0.0,35.77002716064453,0.037886716425418854,1.6385202407836914,0.5987139344215393,-0.0,0.0,0.0,0.0,0.0,0.0,0.0,0.0,0.0,0.0,0.0,0.0,0.023000000044703484,0.023000000044703484,0.02,0.15,0.0,0.0,0.0,0.0,0.0,0.0,0.0,0.0,0.0,0.0,0.0,0.0,0.0012159328907728195,0.06594757735729218,0.0004329642023321867,30.807209014892578,25,nan,-1.0,True,,False,0.010050058364868164,0.0,0.010050058364868164,100.0,100.0,1.0,0.0,0.0,0.0,0.0,0.0
44,29.219785690307617,-0.0,0.0,-0.0,29.219785690307617,0.049060940742492676,1.638869285583496,0.5986711978912354,-0.0,0.0,0.0,0.0,0.0,0.0,0.0,0.0,0.0,0.0,0.0,0.0,0.023000000044703484,0.023000000044703484,0.019999999999999997,0.15,0.0,0.0,0.0,0.0,0.0,0.0,0.0,0.0,0.0,0.0,0.0,0.0,0.0012523949844762683,0.06581650674343109,0.0004654093347653543,29.219785690307617,44,nan,-1.0,True,,False,0.010050058364868164,0.0,0.010050058364868164,100.0,100.0,1.0,0.0,0.0,0.0,0.0,0.0
45,29.65911865234375,-0.0,0.0,-0.0,29.65911865234375,0.04817098379135132,1.6389045715332031,0.5986384153366089,-0.0,0.0,0.0,0.0,0.0,0.0,0.0,0.0,0.0,0.0,0.0,0.0,0.023000000044703484,0.023000000044703484,0.02,0.14999999999999997,0.0,0.0,0.0,0.0,0.0,0.0,0.0,0.0,0.0,0.0,0.0,0.0,0.001278839074075222,0.06566872447729111,0.00046669345601912937,29.219785690307617,44,nan,-1.0,True,,False,0.010050058364868164,0.0,0.010050058364868164,100.0,100.0,1.0,0.0,0.0,0.0,0.0,0.0
46,28.39447593688965,-0.0,0.0,-0.0,28.39447593688965,0.05077814683318138,1.6387500762939453,0.5986227989196777,-0.0,0.0,0.0,0.0,0.0,0.0,0.0,0.0,0.0,0.0,0.0,0.0,0.023000000044703484,0.023000000044703484,0.02,0.15,0.0,0.0,0.0,0.0,0.0,0.0,0.0,0.0,0.0,0.0,0.0,0.0,0.0012844462180510163,0.06561776250600815,0.0004381083747375669,28.39447593688965,46,nan,-1.0,True,,False,0.010050058364868164,0.0,0.010050058364868164,100.0,100.0,1.0,0.0,0.0,0.0,0.0,0.0
47,25.91487693786621,-0.0,0.0,-0.0,25.91487693786621,0.0564851388335228,1.6386070251464844,0.5985286831855774,-0.0,0.0,0.0,0.0,0.0,0.0,0.0,0.0,0.0,0.0,0.0,0.0,0.023000000044703484,0.023000000044703484,0.02,0.15,0.0,0.0,0.0,0.0,0.0,0.0,0.0,0.0,0.0,0.0,0.0,0.0,0.0012610838748514652,0.06563388556241989,0.002253735615113328,25.91487693786621,47,nan,-1.0,True,,False,0.010050058364868164,0.0,0.010050058364868164,100.0,100.0,1.0,0.0,0.0,0.0,0.0,0.0
48,25.504751205444336,-0.0,0.0,-0.0,25.504751205444336,0.057501282542943954,1.6385993957519531,0.5984552502632141,-0.0,0.0,0.0,0.0,0.0,0.0,0.0,0.0,0.0,0.0,0.0,0.0,0.023000000044703484,0.023000000044703484,0.019999999999999997,0.15,0.0,0.0,0.0,0.0,0.0,0.0,0.0,0.0,0.0,0.0,0.0,0.0,0.0012952655088156462,0.06566304713487625,0.0032572889390394266,25.504751205444336,48,nan,-1.0,True,,False,0.010050058364868164,0.0,0.010050058364868164,100.0,100.0,1.0,0.0,0.0,0.0,0.0,0.0
49,25.337717056274414,-0.0,0.0,-0.0,25.337717056274414,0.05790738761425018,1.6385717391967773,0.5983695387840271,-0.0,0.0,0.0,0.0,0.0,0.0,0.0,0.0,0.0,0.0,0.0,0.0,0.023000000044703484,0.023000000044703484,0.019999999999999997,0.15,0.0,0.0,0.0,0.0,0.0,0.0,0.0,0.0,0.0,0.0,0.0,0.0,0.0013447259552776814,0.06571828573942184,0.003237865719711408,25.337717056274414,49,nan,-1.0,True,,False,0.010050058364868164,0.0,0.010050058364868164,100.0,100.0,1.0,0.0,0.0,0.0,0.0,0.0
50,25.07168960571289,-0.0,0.0,-0.0,25.07168960571289,0.058573633432388306,1.6384239196777344,0.5982748866081238,-0.0,0.0,0.0,0.0,0.0,0.0,0.0,0.0,0.0,0.0,0.0,0.0,0.023000000044703484,0.023000000044703484,0.02,0.15,0.0,0.0,0.0,0.0,0.0,0.0,0.0,0.0,0.0,0.0,0.0,0.0,0.0014035898493602872,0.0657818540930748,0.0032596823657513596,25.07168960571289,50,nan,-1.0,True,,False,0.010050058364868164,0.0,0.010050058364868164,100.0,100.0,1.0,0.0,0.0,0.0,0.0,0.0
51,24.738977432250977,-0.0,0.0,-0.0,24.738977432250977,0.05943047255277634,1.6385736465454102,0.5981784462928772,-0.0,0.0,0.0,0.0,0.0,0.0,0.0,0.0,0.0,0.0,0.0,0.0,0.023000000044703484,0.023000000044703484,0.02,0.14999999999999997,0.0,0.0,0.0,0.0,0.0,0.0,0.0,0.0,0.0,0.0,0.0,0.0,0.0014895913191139698,0.065818652510643,0.0032967574175017944,24.738977432250977,51,nan,-1.0,True,,False,0.010050058364868164,0.0,0.010050058364868164,100.0,100.0,1.0,0.0,0.0,0.0,0.0,0.0
52,24.346216201782227,-0.0,0.0,-0.0,24.346216201782227,0.060476526618003845,1.638474941253662,0.5980957746505737,-0.0,0.0,0.0,0.0,0.0,0.0,0.0,0.0,0.0,0.0,0.0,0.0,0.023000000044703484,0.023000000044703484,0.02,0.15,0.0,0.0,0.0,0.0,0.0,0.0,0.0,0.0,0.0,0.0,0.0,0.0,0.0015929624205455184,0.06581480801105499,0.003343178611885378,24.346216201782227,52,nan,-1.0,True,,False,0.010050058364868164,0.0,0.010050058364868164,100.0,100.0,1.0,0.0,0.0,0.0,0.0,0.0
53,23.905773162841797,-0.0,0.0,-0.0,23.905773162841797,0.06169141083955765,1.6386375427246094,0.5980178117752075,-0.0,0.0,0.0,0.0,0.0,0.0,0.0,0.0,0.0,0.0,0.0,0.0,0.023000000044703484,0.023000000044703484,0.019999999999999997,0.15,0.0,0.0,0.0,0.0,0.0,0.0,0.0,0.0,0.0,0.0,0.0,0.0,0.0017092073103412986,0.06580925732851028,0.0033545984151714947,23.905773162841797,53,nan,-1.0,True,,False,0.010050058364868164,0.0,0.010050058364868164,100.0,100.0,1.0,0.0,0.0,0.0,0.0,0.0
54,26.69784927368164,-0.0,0.0,-0.0,26.69784927368164,0.054432161152362823,1.6386260986328125,0.5979390144348145,-0.0,0.0,0.0,0.0,0.0,0.0,0.0,0.0,0.0,0.0,0.0,0.0,0.023000000044703484,0.023000000044703484,0.02,0.15,0.0,0.0,0.0,0.0,0.0,0.0,0.0,0.0,0.0,0.0,0.0,0.0,0.0018371217884123325,0.06581718474626541,0.0004600669329875018,23.905773162841797,53,nan,-1.0,True,,False,0.010050058364868164,0.0,0.010050058364868164,100.0,100.0,1.0,0.0,0.0,0.0,0.0,0.0
55,22.66667938232422,-0.0,0.0,-0.0,22.66667938232422,0.06534239649772644,1.6383552551269531,0.5979355573654175,-0.0,0.0,0.0,0.0,0.0,0.0,0.0,0.0,0.0,0.0,0.0,0.0,0.023000000044703484,0.023000000044703484,0.02,0.15,0.0,0.0,0.0,0.0,0.0,0.0,0.0,0.0,0.0,0.0,0.0,0.0,0.0019378651631996036,0.06611671298742294,0.00047719022859382676,22.66667938232422,55,nan,-1.0,True,,False,0.010050058364868164,0.0,0.010050058364868164,100.0,100.0,1.0,0.0,0.0,0.0,0.0,0.0
56,36.316123962402344,-0.0,0.0,-0.0,36.316123962402344,0.03699561208486557,1.638066291809082,0.5979548096656799,-0.0,0.0,0.0,0.0,0.0,0.0,0.0,0.0,0.0,0.0,0.0,0.0,0.023000000044703484,0.023000000044703484,0.02,0.14999999999999997,0.0,0.0,0.0,0.0,0.0,0.0,0.0,0.0,0.0,0.0,0.0,0.0,0.0020340445917099714,0.06642206758260727,0.0004572618362317371,22.66667938232422,55,nan,-1.0,True,,False,0.010050058364868164,0.0,0.010050058364868164,100.0,100.0,1.0,0.0,0.0,0.0,0.0,0.0
57,27.586301803588867,-0.0,0.0,-0.0,27.586301803588867,0.052393414080142975,1.6381807327270508,0.5979710221290588,-0.0,0.0,0.0,0.0,0.0,0.0,0.0,0.0,0.0,0.0,0.0,0.0,0.023000000044703484,0.023000000044703484,0.019999999999999997,0.15000000000000002,0.0,0.0,0.0,0.0,0.0,0.0,0.0,0.0,0.0,0.0,0.0,0.0,0.002173225162550807,0.06635820865631104,0.00046668650520587107,22.66667938232422,55,nan,-1.0,True,,False,0.010050058364868164,0.0,0.010050058364868164,100.0,100.0,1.0,0.0,0.0,0.0,0.0,0.0
58,39.878379821777344,-0.0,0.0,-0.0,39.878379821777344,0.032512761652469635,1.638596534729004,0.5979929566383362,-0.0,0.0,0.0,0.0,0.0,0.0,0.0,0.0,0.0,0.0,0.0,0.0,0.023000000044703484,0.023000000044703484,0.02,0.15,0.0,0.0,0.0,0.0,0.0,0.0,0.0,0.0,0.0,0.0,0.0,0.0,0.0023422769736498594,0.06594961136579514,0.0004908384536292942,22.66667938232422,55,nan,-1.0,True,,False,0.010050058364868164,0.0,0.010050058364868164,100.0,100.0,1.0,0.0,0.0,0.0,0.0,0.0
59,45.43172836303711,-0.0,0.0,-0.0,45.43172836303711,0.026881003752350807,1.6386990547180176,0.5981112718582153,-0.0,0.0,0.0,0.0,0.0,0.0,0.0,0.0,0.0,0.0,0.0,0.0,0.023000000044703484,0.023000000044703484,0.02,0.15,0.0,0.0,0.0,0.0,0.0,0.0,0.0,0.0,0.0,0.0,0.0,0.0,0.0024781397078186274,0.0631239265203476,0.0004967017372337068,22.66667938232422,55,nan,-1.0,True,,False,0.010050058364868164,0.0,0.010050058364868164,100.0,100.0,1.0,0.0,0.0,0.0,0.0,0.0
60,62.96510314941406,-0.0,0.0,-0.0,62.96510314941406,0.015743903815746307,1.638322353363037,0.5983140468597412,-0.0,0.0,0.0,0.0,0.0,0.0,0.0,0.0,0.0,0.0,0.0,0.0,0.023000000044703484,0.023000000044703484,0.02,0.15,0.0,0.0,0.0,0.0,0.0,0.0,0.0,0.0,0.0,0.0,0.0,0.0,0.0025745241437107325,0.060433559119701385,0.0005653841658386227,22.66667938232422,55,nan,-1.0,True,,False,0.010050058364868164,0.0,0.010050058364868164,100.0,100.0,1.0,0.0,0.0,0.0,0.0,0.0
61,94.47400665283203,-0.0,0.0,-0.0,94.47400665283203,0.007080794312059879,1.6382060050964355,0.598444938659668,-0.0,0.0,0.0,0.0,0.0,0.0,0.0,0.0,0.0,0.0,0.0,0.0,0.023000000044703484,0.023000000044703484,0.02,0.15,0.0,0.0,0.0,0.0,0.0,0.0,0.0,0.0,0.0,0.0,0.0,0.0,0.002645211759954691,0.059149082750082016,0.0005581070845437353,22.66667938232422,55,nan,-1.0,True,,False,0.010050058364868164,0.0,0.010050058364868164,100.0,100.0,1.0,0.0,0.0,0.0,0.0,0.0
62,86.51998901367188,-0.0,0.0,-0.0,86.51998901367188,0.008552959188818932,1.6378717422485352,0.5986019968986511,-0.0,0.0,0.0,0.0,0.0,0.0,0.0,0.0,0.0,0.0,0.0,0.0,0.023000000044703484,0.023000000044703484,0.02,0.15,0.0,0.0,0.0,0.0,0.0,0.0,0.0,0.0,0.0,0.0,0.0,0.0,0.002747755264863372,0.056411806493997574,0.00041934219689210295,22.66667938232422,55,nan,-1.0,True,,False,0.010050058364868164,0.0,0.010050058364868164,100.0,100.0,1.0,0.0,0.0,0.0,0.0,0.0
63,90.7765121459961,-0.0,0.0,-0.0,90.7765121459961,0.007722587790340185,1.6378402709960938,0.5984860062599182,-0.0,0.0,0.0,0.0,0.0,0.0,0.0,0.0,0.0,0.0,0.0,0.0,0.023000000044703484,0.023000000044703484,0.020000000000000004,0.15,0.0,0.0,0.0,0.0,0.0,0.0,0.0,0.0,0.0,0.0,0.0,0.0,0.0027500337455421686,0.056084368377923965,0.00042557564347589505,22.66667938232422,55,nan,-1.0,True,,False,0.010050058364868164,0.0,0.010050058364868164,100.0,100.0,1.0,0.0,0.0,0.0,0.0,0.0
64,73.42842102050781,-0.0,0.0,-0.0,73.42842102050781,0.01186002604663372,1.637814998626709,0.5983162522315979,-0.0,0.0,0.0,0.0,0.0,0.0,0.0,0.0,0.0,0.0,0.0,0.0,0.023000000044703484,0.023000000044703484,0.02,0.14999999999999997,0.0,0.0,0.0,0.0,0.0,0.0,0.0,0.0,0.0,0.0,0.0,0.0,0.0027506269980221987,0.05776596441864967,0.0005517299309758528,22.66667938232422,55,nan,-1.0,True,,False,0.010050058364868164,0.0,0.010050058364868164,100.0,100.0,1.0,0.0,0.0,0.0,0.0,0.0
65,106.96653747558594,-0.0,0.0,-0.0,106.96653747558594,0.0053521632216870785,1.6377835273742676,0.598102867603302,-0.0,0.0,0.0,0.0,0.0,0.0,0.0,0.0,0.0,0.0,0.0,0.0,0.023000000044703484,0.023000000044703484,0.02,0.15,0.0,0.0,0.0,0.0,0.0,0.0,0.0,0.0,0.0,0.0,0.0,0.0,0.002739036688581109,0.06092274934053421,0.0005388003287407628,22.66667938232422,55,nan,-1.0,True,,False,0.010050058364868164,0.0,0.010050058364868164,100.0,100.0,1.0,0.0,0.0,0.0,0.0,0.0
66,78.46952819824219,-0.0,0.0,-0.0,78.46952819824219,0.010401807725429535,1.6378350257873535,0.5980032682418823,-0.0,0.0,0.0,0.0,0.0,0.0,0.0,0.0,0.0,0.0,0.0,0.0,0.023000000044703484,0.023000000044703484,0.019999999999999997,0.15,0.0,0.0,0.0,0.0,0.0,0.0,0.0,0.0,0.0,0.0,0.0,0.0,0.002777554327622056,0.0624207966029644,0.0005331637580638926,22.66667938232422,55,nan,-1.0,True,,False,0.010050058364868164,0.0,0.010050058364868164,100.0,100.0,1.0,0.0,0.0,0.0,0.0,0.0
67,69.9948501586914,-0.0,0.0,-0.0,69.9948501586914,0.012964917346835136,1.6379404067993164,0.5979194641113281,-0.0,0.0,0.0,0.0,0.0,0.0,0.0,0.0,0.0,0.0,0.0,0.0,0.023000000044703484,0.023000000044703484,0.020000000000000004,0.14999999999999997,0.0,0.0,0.0,0.0,0.0,0.0,0.0,0.0,0.0,0.0,0.0,0.0,0.0028174424078315496,0.06448455899953842,0.0006465485485023237,22.66667938232422,55,nan,-1.0,True,,False,0.010050058364868164,0.0,0.010050058364868164,100.0,100.0,1.0,0.0,0.0,0.0,0.0,0.0
68,41.338958740234375,-0.0,0.0,-0.0,41.338958740234375,0.03088989108800888,1.6379680633544922,0.5978574156761169,-0.0,0.0,0.0,0.0,0.0,0.0,0.0,0.0,0.0,0.0,0.0,0.0,0.023000000044703484,0.023000000044703484,0.02,0.15,0.0,0.0,0.0,0.0,0.0,0.0,0.0,0.0,0.0,0.0,0.0,0.0,0.0027882426511496305,0.06516840308904648,0.0006505875562652363,22.66667938232422,55,nan,-1.0,True,,False,0.010050058364868164,0.0,0.010050058364868164,100.0,100.0,1.0,0.0,0.0,0.0,0.0,0.0
69,32.46067428588867,-0.0,0.0,-0.0,32.46067428588867,0.04289484769105911,1.6378393173217773,0.5978431105613708,-0.0,0.0,0.0,0.0,0.0,0.0,0.0,0.0,0.0,0.0,0.0,0.0,0.023000000044703484,0.023000000044703484,0.02,0.15,0.0,0.0,0.0,0.0,0.0,0.0,0.0,0.0,0.0,0.0,0.0,0.0,0.0027185266371816397,0.06591209024190903,0.0004960879364261928,22.66667938232422,55,nan,-1.0,True,,False,0.010050058364868164,0.0,0.010050058364868164,100.0,100.0,1.0,0.0,0.0,0.0,0.0,0.0
70,29.275575637817383,-0.0,0.0,-0.0,29.275575637817383,0.04878615587949753,1.6379070281982422,0.5978569984436035,-0.0,0.0,0.0,0.0,0.0,0.0,0.0,0.0,0.0,0.0,0.0,0.0,0.023000000044703484,0.023000000044703484,0.019999999999999997,0.15,0.0,0.0,0.0,0.0,0.0,0.0,0.0,0.0,0.0,0.0,0.0,0.0,0.0026648526545614004,0.06659839302301407,0.00048194703413173556,22.66667938232422,55,nan,-1.0,True,,False,0.010050058364868164,0.0,0.010050058364868164,100.0,100.0,1.0,0.0,0.0,0.0,0.0,0.0
71,27.795747756958008,-0.0,0.0,-0.0,27.795747756958008,0.05192354694008827,1.63792085647583,0.5979127287864685,-0.0,0.0,0.0,0.0,0.0,0.0,0.0,0.0,0.0,0.0,0.0,0.0,0.023000000044703484,0.023000000044703484,0.020000000000000004,0.15,0.0,0.0,0.0,0.0,0.0,0.0,0.0,0.0,0.0,0.0,0.0,0.0,0.0026168327312916517,0.06713800877332687,0.0005076681204627675,22.66667938232422,55,nan,-1.0,True,,False,0.010050058364868164,0.0,0.010050058364868164,100.0,100.0,1.0,0.0,0.0,0.0,0.0,0.0
72,24.087890625,-0.0,0.0,-0.0,24.087890625,0.06119123846292496,1.6383085250854492,0.5980128049850464,-0.0,0.0,0.0,0.0,0.0,0.0,0.0,0.0,0.0,0.0,0.0,0.0,0.023000000044703484,0.023000000044703484,0.02,0.15,0.0,0.0,0.0,0.0,0.0,0.0,0.0,0.0,0.0,0.0,0.0,0.0,0.002626733621582389,0.06736655533313751,0.0004807875773167325,22.66667938232422,55,nan,-1.0,True,,False,0.010050058364868164,0.0,0.010050058364868164,100.0,100.0,1.0,0.0,0.0,0.0,0.0,0.0
73,26.29416275024414,-0.0,0.0,-0.0,26.29416275024414,0.05545594543218613,1.638350009918213,0.5981294512748718,-0.0,0.0,0.0,0.0,0.0,0.0,0.0,0.0,0.0,0.0,0.0,0.0,0.023000000044703484,0.023000000044703484,0.02,0.14999999999999997,0.0,0.0,0.0,0.0,0.0,0.0,0.0,0.0,0.0,0.0,0.0,0.0,0.002687884494662285,0.06775606423616409,0.0005108156422011234,22.66667938232422,55,nan,-1.0,True,,False,0.010050058364868164,0.0,0.010050058364868164,100.0,100.0,1.0,0.0,0.0,0.0,0.0,0.0
74,52.36296463012695,-0.0,0.0,-0.0,52.36296463012695,0.021524429321289062,1.6386733055114746,0.5982634425163269,-0.0,0.0,0.0,0.0,0.0,0.0,0.0,0.0,0.0,0.0,0.0,0.0,0.023000000044703484,0.023000000044703484,0.02,0.15,0.0,0.0,0.0,0.0,0.0,0.0,0.0,0.0,0.0,0.0,0.0,0.0,0.0027617632877081633,0.06787241250276566,0.0006556481025654648,22.66667938232422,55,nan,-1.0,True,,False,0.010050058364868164,0.0,0.010050058364868164,100.0,100.0,1.0,0.0,0.0,0.0,0.0,0.0
75,37.3448371887207,-0.0,0.0,-0.0,37.3448371887207,0.03566963970661163,1.6390137672424316,0.5982316136360168,-0.0,0.0,0.0,0.0,0.0,0.0,0.0,0.0,0.0,0.0,0.0,0.0,0.023000000044703484,0.023000000044703484,0.020000000000000004,0.15,0.0,0.0,0.0,0.0,0.0,0.0,0.0,0.0,0.0,0.0,0.0,0.0,0.0027383719570934772,0.06756997108459473,0.0006552800055033003,22.66667938232422,55,nan,-1.0,True,,False,0.010050058364868164,0.0,0.010050058364868164,100.0,100.0,1.0,0.0,0.0,0.0,0.0,0.0
76,73.10322570800781,-0.0,0.0,-0.0,73.10322570800781,0.011939093470573425,1.6395645141601562,0.5980963706970215,-0.0,0.0,0.0,0.0,0.0,0.0,0.0,0.0,0.0,0.0,0.0,0.0,0.023000000044703484,0.023000000044703484,0.02,0.14999999999999997,0.0,0.0,0.0,0.0,0.0,0.0,0.0,0.0,0.0,0.0,0.0,0.0,0.0026525906287133694,0.06688874214887619,0.0005000884161745489,22.66667938232422,55,nan,-1.0,True,,False,0.010050058364868164,0.0,0.010050058364868164,100.0,100.0,1.0,0.0,0.0,0.0,0.0,0.0
77,62.555938720703125,-0.0,0.0,-0.0,62.555938720703125,0.015907417982816696,1.6398673057556152,0.5979695320129395,-0.0,0.0,0.0,0.0,0.0,0.0,0.0,0.0,0.0,0.0,0.0,0.0,0.023000000044703484,0.023000000044703484,0.02,0.15,0.0,0.0,0.0,0.0,0.0,0.0,0.0,0.0,0.0,0.0,0.0,0.0,0.002607541624456644,0.06654321402311325,0.0005000421756449214,22.66667938232422,55,nan,-1.0,True,,False,0.010050058364868164,0.0,0.010050058364868164,100.0,100.0,1.0,0.0,0.0,0.0,0.0,0.0
78,48.49137878417969,-0.0,0.0,-0.0,48.49137878417969,0.02430027537047863,1.6397380828857422,0.5978550314903259,-0.0,0.0,0.0,0.0,0.0,0.0,0.0,0.0,0.0,0.0,0.0,0.0,0.023000000044703484,0.023000000044703484,0.02,0.15000000000000002,0.0,0.0,0.0,0.0,0.0,0.0,0.0,0.0,0.0,0.0,0.0,0.0,0.002614766824990511,0.0664079338312149,0.0005284872850097599,22.66667938232422,55,nan,-1.0,True,,False,0.010050058364868164,0.0,0.010050058364868164,100.0,100.0,1.0,0.0,0.0,0.0,0.0,0.0
79,47.11121368408203,-0.0,0.0,-0.0,47.11121368408203,0.02540764957666397,1.6395606994628906,0.5977809429168701,-0.0,0.0,0.0,0.0,0.0,0.0,0.0,0.0,0.0,0.0,0.0,0.0,0.023000000044703484,0.023000000044703484,0.020000000000000004,0.15000000000000002,0.0,0.0,0.0,0.0,0.0,0.0,0.0,0.0,0.0,0.0,0.0,0.0,0.002634587464854121,0.06612887978553772,0.0005254794068605406,22.66667938232422,55,nan,-1.0,True,,False,0.010050058364868164,0.0,0.010050058364868164,100.0,100.0,1.0,0.0,0.0,0.0,0.0,0.0
80,38.68783950805664,-0.0,0.0,-0.0,38.68783950805664,0.03391750156879425,1.6392555236816406,0.5977267622947693,-0.0,0.0,0.0,0.0,0.0,0.0,0.0,0.0,0.0,0.0,0.0,0.0,0.023000000044703484,0.023000000044703484,0.02,0.15,0.0,0.0,0.0,0.0,0.0,0.0,0.0,0.0,0.0,0.0,0.0,0.0,0.002667087595909834,0.065818652510643,0.0005100907060295867,22.66667938232422,55,nan,-1.0,True,,False,0.010050058364868164,0.0,0.010050058364868164,100.0,100.0,1.0,0.0,0.0,0.0,0.0,0.0
81,42.179019927978516,-0.0,0.0,-0.0,42.179019927978516,0.02997686341404915,1.6390023231506348,0.5976675152778625,-0.0,0.0,0.0,0.0,0.0,0.0,0.0,0.0,0.0,0.0,0.0,0.0,0.023000000044703484,0.023000000044703484,0.02,0.15,0.0,0.0,0.0,0.0,0.0,0.0,0.0,0.0,0.0,0.0,0.0,0.0,0.002707701874896884,0.06552594900131226,0.0005097584037230263,22.66667938232422,55,nan,-1.0,True,,False,0.010050058364868164,0.0,0.010050058364868164,100.0,100.0,1.0,0.0,0.0,0.0,0.0,0.0
82,40.49870300292969,-0.0,0.0,-0.0,40.49870300292969,0.0317842960357666,1.6388030052185059,0.5976387858390808,-0.0,0.0,0.0,0.0,0.0,0.0,0.0,0.0,0.0,0.0,0.0,0.0,0.023000000044703484,0.023000000044703484,0.02,0.15,0.0,0.0,0.0,0.0,0.0,0.0,0.0,0.0,0.0,0.0,0.0,0.0,0.0027250812854617834,0.06515570729970932,0.000511757167032556,22.66667938232422,55,nan,-1.0,True,,False,0.010050058364868164,0.0,0.010050058364868164,100.0,100.0,1.0,0.0,0.0,0.0,0.0,0.0
83,34.98820114135742,-0.0,0.0,-0.0,34.98820114135742,0.03888152912259102,1.6389851570129395,0.5976309180259705,-0.0,0.0,0.0,0.0,0.0,0.0,0.0,0.0,0.0,0.0,0.0,0.0,0.023000000044703484,0.023000000044703484,0.020000000000000004,0.15,0.0,0.0,0.0,0.0,0.0,0.0,0.0,0.0,0.0,0.0,0.0,0.0,0.002731563989073038,0.06473433971405029,0.0005106592207084759,22.66667938232422,55,nan,-1.0,True,,False,0.010050058364868164,0.0,0.010050058364868164,100.0,100.0,1.0,0.0,0.0,0.0,0.0,0.0
84,39.28310775756836,-0.0,0.0,-0.0,39.28310775756836,0.0331876277923584,1.6390886306762695,0.5976231694221497,-0.0,0.0,0.0,0.0,0.0,0.0,0.0,0.0,0.0,0.0,0.0,0.0,0.023000000044703484,0.023000000044703484,0.02,0.15,0.0,0.0,0.0,0.0,0.0,0.0,0.0,0.0,0.0,0.0,0.0,0.0,0.0027377153746783733,0.0644734650850296,0.0005948492498646374,22.66667938232422,55,nan,-1.0,True,,False,0.010050058364868164,0.0,0.010050058364868164,100.0,100.0,1.0,0.0,0.0,0.0,0.0,0.0
85,34.042118072509766,-0.0,0.0,-0.0,34.042118072509766,0.04030211269855499,1.639084815979004,0.5975890159606934,-0.0,0.0,0.0,0.0,0.0,0.0,0.0,0.0,0.0,0.0,0.0,0.0,0.023000000044703484,0.023000000044703484,0.02,0.15,0.0,0.0,0.0,0.0,0.0,0.0,0.0,0.0,0.0,0.0,0.0,0.0,0.002694763708859682,0.06466028839349747,0.0005042082062800546,22.66667938232422,55,nan,-1.0,True,,False,0.010050058364868164,0.0,0.010050058364868164,100.0,100.0,1.0,0.0,0.0,0.0,0.0,0.0
86,35.109222412109375,-0.0,0.0,-0.0,35.109222412109375,0.03868168592453003,1.638723373413086,0.5975713133811951,-0.0,0.0,0.0,0.0,0.0,0.0,0.0,0.0,0.0,0.0,0.0,0.0,0.023000000044703484,0.023000000044703484,0.02,0.15,0.0,0.0,0.0,0.0,0.0,0.0,0.0,0.0,0.0,0.0,0.0,0.0,0.0026523866690695286,0.06500253081321716,0.0005036935366433681,22.66667938232422,55,nan,-1.0,True,,False,0.010050058364868164,0.0,0.010050058364868164,100.0,100.0,1.0,0.0,0.0,0.0,0.0,0.0
87,25.827299118041992,-0.0,0.0,-0.0,25.827299118041992,0.05649728327989578,1.6381258964538574,0.5975690484046936,-0.0,0.0,0.0,0.0,0.0,0.0,0.0,0.0,0.0,0.0,0.0,0.0,0.023000000044703484,0.023000000044703484,0.02,0.15,0.0,0.0,0.0,0.0,0.0,0.0,0.0,0.0,0.0,0.0,0.0,0.0,0.002614553552120924,0.06544779241085052,0.0004963003377724817,22.66667938232422,55,nan,-1.0,True,,False,0.010050058364868164,0.0,0.010050058364868164,100.0,100.0,1.0,0.0,0.0,0.0,0.0,0.0
88,26.9676456451416,-0.0,0.0,-0.0,26.9676456451416,0.05374171957373619,1.6375746726989746,0.5975827574729919,-0.0,0.0,0.0,0.0,0.0,0.0,0.0,0.0,0.0,0.0,0.0,0.0,0.023000000044703484,0.023000000044703484,0.020000000000000004,0.15,0.0,0.0,0.0,0.0,0.0,0.0,0.0,0.0,0.0,0.0,0.0,0.0,0.002592957578599453,0.06597264856100082,0.0005169745281818905,22.66667938232422,55,nan,-1.0,True,,False,0.010050058364868164,0.0,0.010050058364868164,100.0,100.0,1.0,0.0,0.0,0.0,0.0,0.0
89,29.736230850219727,-0.0,0.0,-0.0,29.736230850219727,0.047812506556510925,1.6372489929199219,0.5976065397262573,-0.0,0.0,0.0,0.0,0.0,0.0,0.0,0.0,0.0,0.0,0.0,0.0,0.023000000044703484,0.023000000044703484,0.02,0.15,0.0,0.0,0.0,0.0,0.0,0.0,0.0,0.0,0.0,0.0,0.0,0.0,0.002577306469902396,0.0663214847445488,0.0005138084002282994,22.66667938232422,55,nan,-1.0,True,,False,0.010050058364868164,0.0,0.010050058364868164,100.0,100.0,1.0,0.0,0.0,0.0,0.0,0.0
90,27.098224639892578,-0.0,0.0,-0.0,27.098224639892578,0.05344698578119278,1.6371312141418457,0.5976532697677612,-0.0,0.0,0.0,0.0,0.0,0.0,0.0,0.0,0.0,0.0,0.0,0.0,0.023000000044703484,0.023000000044703484,0.02,0.15,0.0,0.0,0.0,0.0,0.0,0.0,0.0,0.0,0.0,0.0,0.0,0.0,0.002556250663474202,0.06644786149263382,0.0005151402613137179,22.66667938232422,55,nan,-1.0,True,,False,0.010050058364868164,0.0,0.010050058364868164,100.0,100.0,1.0,0.0,0.0,0.0,0.0,0.0
91,21.93457794189453,-0.0,0.0,-0.0,21.93457794189453,0.06761769205331802,1.6371784210205078,0.5977017283439636,-0.0,0.0,0.0,0.0,0.0,0.0,0.0,0.0,0.0,0.0,0.0,0.0,0.023000000044703484,0.023000000044703484,0.02,0.15,0.0,0.0,0.0,0.0,0.0,0.0,0.0,0.0,0.0,0.0,0.0,0.0,0.0025349222123622894,0.06641343235969543,0.000421559916503611,21.93457794189453,91,nan,-1.0,True,,False,0.010050058364868164,0.0,0.010050058364868164,100.0,100.0,1.0,0.0,0.0,0.0,0.0,0.0
92,27.19866371154785,-0.0,0.0,-0.0,27.19866371154785,0.053240276873111725,1.6373052597045898,0.5977664589881897,-0.0,0.0,0.0,0.0,0.0,0.0,0.0,0.0,0.0,0.0,0.0,0.0,0.023000000044703484,0.023000000044703484,0.020000000000000004,0.15,0.0,0.0,0.0,0.0,0.0,0.0,0.0,0.0,0.0,0.0,0.0,0.0,0.0025900935288518667,0.06527189910411835,0.000496746695262118,21.93457794189453,91,nan,-1.0,True,,False,0.010050058364868164,0.0,0.010050058364868164,100.0,100.0,1.0,0.0,0.0,0.0,0.0,0.0
93,26.97810935974121,-0.0,0.0,-0.0,26.97810935974121,0.0537673681974411,1.6371817588806152,0.597832977771759,-0.0,0.0,0.0,0.0,0.0,0.0,0.0,0.0,0.0,0.0,0.0,0.0,0.023000000044703484,0.023000000044703484,0.02,0.15,0.0,0.0,0.0,0.0,0.0,0.0,0.0,0.0,0.0,0.0,0.0,0.0,0.0026398247573524714,0.06336801499128342,0.0004979982988970733,21.93457794189453,91,nan,-1.0,True,,False,0.010050058364868164,0.0,0.010050058364868164,100.0,100.0,1.0,0.0,0.0,0.0,0.0,0.0
94,27.211593627929688,-0.0,0.0,-0.0,27.211593627929688,0.05324879288673401,1.6367249488830566,0.5979180335998535,-0.0,0.0,0.0,0.0,0.0,0.0,0.0,0.0,0.0,0.0,0.0,0.0,0.023000000044703484,0.023000000044703484,0.02,0.15,0.0,0.0,0.0,0.0,0.0,0.0,0.0,0.0,0.0,0.0,0.0,0.0,0.0026894465554505587,0.06146382540464401,0.0004576291530611343,21.93457794189453,91,nan,-1.0,True,,False,0.010050058364868164,0.0,0.010050058364868164,100.0,100.0,1.0,0.0,0.0,0.0,0.0,0.0
95,25.99371337890625,-0.0,0.0,-0.0,25.99371337890625,0.056149810552597046,1.636509895324707,0.5979150533676147,-0.0,0.0,0.0,0.0,0.0,0.0,0.0,0.0,0.0,0.0,0.0,0.0,0.023000000044703484,0.023000000044703484,0.02,0.15,0.0,0.0,0.0,0.0,0.0,0.0,0.0,0.0,0.0,0.0,0.0,0.0,0.0027011882048100233,0.061681151390075684,0.0004547132407424215,21.93457794189453,91,nan,-1.0,True,,False,0.010050058364868164,0.0,0.010050058364868164,100.0,100.0,1.0,0.0,0.0,0.0,0.0,0.0
96,25.51283073425293,-0.0,0.0,-0.0,25.51283073425293,0.05732991546392441,1.6364212036132812,0.5978348851203918,-0.0,0.0,0.0,0.0,0.0,0.0,0.0,0.0,0.0,0.0,0.0,0.0,0.023000000044703484,0.023000000044703484,0.020000000000000004,0.15,0.0,0.0,0.0,0.0,0.0,0.0,0.0,0.0,0.0,0.0,0.0,0.0,0.002681574085727334,0.0637679249048233,0.000524925336094384,21.93457794189453,91,nan,-1.0,True,,False,0.010050058364868164,0.0,0.010050058364868164,100.0,100.0,1.0,0.0,0.0,0.0,0.0,0.0
97,24.73216438293457,-0.0,0.0,-0.0,24.73216438293457,0.059355728328228,1.636397361755371,0.5977870225906372,-0.0,0.0,0.0,0.0,0.0,0.0,0.0,0.0,0.0,0.0,0.0,0.0,0.023000000044703484,0.023000000044703484,0.02,0.15,0.0,0.0,0.0,0.0,0.0,0.0,0.0,0.0,0.0,0.0,0.0,0.0,0.0026577666867524385,0.06571511179208755,0.0005269818543638394,21.93457794189453,91,nan,-1.0,True,,False,0.010050058364868164,0.0,0.010050058364868164,100.0,100.0,1.0,0.0,0.0,0.0,0.0,0.0
98,20.783838272094727,-0.0,0.0,-0.0,20.783838272094727,0.0715133398771286,1.6365842819213867,0.5977516174316406,-0.0,0.0,0.0,0.0,0.0,0.0,0.0,0.0,0.0,0.0,0.0,0.0,0.023000000044703484,0.023000000044703484,0.02,0.15,0.0,0.0,0.0,0.0,0.0,0.0,0.0,0.0,0.0,0.0,0.0,0.0,0.002633379539474845,0.06723548471927643,0.0005323273801423056,20.783838272094727,98,nan,-1.0,True,,False,0.010050058364868164,0.0,0.010050058364868164,100.0,100.0,1.0,0.0,0.0,0.0,0.0,0.0
99,31.946672439575195,-0.0,0.0,-0.0,31.946672439575195,0.043731868267059326,1.637002944946289,0.5977469682693481,-0.0,0.0,0.0,0.0,0.0,0.0,0.0,0.0,0.0,0.0,0.0,0.0,0.023000000044703484,0.023000000044703484,0.02,0.15,0.0,0.0,0.0,0.0,0.0,0.0,0.0,0.0,0.0,0.0,0.0,0.0,0.0026253112591803074,0.06696277111768723,0.0005086386802304332,20.783838272094727,98,nan,-1.0,True,,False,0.010050058364868164,0.0,0.010050058364868164,100.0,100.0,1.0,0.0,0.0,0.0,0.0,0.0
100,42.74875259399414,-0.0,0.0,-0.0,42.74875259399414,0.029377881437540054,1.6371259689331055,0.5977426171302795,-0.0,0.0,0.0,0.0,0.0,0.0,0.0,0.0,0.0,0.0,0.0,0.0,0.023000000044703484,0.023000000044703484,0.020000000000000004,0.15,0.0,0.0,0.0,0.0,0.0,0.0,0.0,0.0,0.0,0.0,0.0,0.0,0.002627730369567871,0.06687893718481064,0.0005146168884948565,20.783838272094727,98,nan,-1.0,True,,False,0.010050058364868164,0.0,0.010050058364868164,100.0,100.0,1.0,0.0,0.0,0.0,0.0,0.0
101,38.568538665771484,-0.0,0.0,-0.0,38.568538665771484,0.034034363925457,1.6371054649353027,0.5977439284324646,-0.0,0.0,0.0,0.0,0.0,0.0,0.0,0.0,0.0,0.0,0.0,0.0,0.023000000044703484,0.023000000044703484,0.02,0.15,0.0,0.0,0.0,0.0,0.0,0.0,0.0,0.0,0.0,0.0,0.0,0.0,0.00261559896171093,0.06698368489742279,0.0005146170944954065,20.783838272094727,98,nan,-1.0,True,,False,0.010050058364868164,0.0,0.010050058364868164,100.0,100.0,1.0,0.0,0.0,0.0,0.0,0.0
102,26.917709350585938,-0.0,0.0,-0.0,26.917709350585938,0.05386589467525482,1.6368346214294434,0.597741425037384,-0.0,0.0,0.0,0.0,0.0,0.0,0.0,0.0,0.0,0.0,0.0,0.0,0.023000000044703484,0.023000000044703484,0.02,0.15,0.0,0.0,0.0,0.0,0.0,0.0,0.0,0.0,0.0,0.0,0.0,0.0,0.002601763466373086,0.0672517716884613,0.0005072782073511917,20.783838272094727,98,nan,-1.0,True,,False,0.010050058364868164,0.0,0.010050058364868164,100.0,100.0,1.0,0.0,0.0,0.0,0.0,0.0
103,21.89417266845703,-0.0,0.0,-0.0,21.89417266845703,0.06773199886083603,1.636502742767334,0.5977446436882019,-0.0,0.0,0.0,0.0,0.0,0.0,0.0,0.0,0.0,0.0,0.0,0.0,0.023000000044703484,0.023000000044703484,0.02,0.15,0.0,0.0,0.0,0.0,0.0,0.0,0.0,0.0,0.0,0.0,0.0,0.0,0.002597344573587179,0.0676366463303566,0.0005388813124227454,20.783838272094727,98,nan,-1.0,True,,False,0.010050058364868164,0.0,0.010050058364868164,100.0,100.0,1.0,0.0,0.0,0.0,0.0,0.0
104,24.110088348388672,-0.0,0.0,-0.0,24.110088348388672,0.06104103475809097,1.6363224983215332,0.597756028175354,-0.0,0.0,0.0,0.0,0.0,0.0,0.0,0.0,0.0,0.0,0.0,0.0,0.023000000044703484,0.023000000044703484,0.02,0.15,0.0,0.0,0.0,0.0,0.0,0.0,0.0,0.0,0.0,0.0,0.0,0.0,0.0025957950856536627,0.06781420856714249,0.0005363138018310565,20.783838272094727,98,nan,-1.0,True,,False,0.010050058364868164,0.0,0.010050058364868164,100.0,100.0,1.0,0.0,0.0,0.0,0.0,0.0
105,23.021080017089844,-0.0,0.0,-0.0,23.021080017089844,0.06420494616031647,1.6362853050231934,0.5977696776390076,-0.0,0.0,0.0,0.0,0.0,0.0,0.0,0.0,0.0,0.0,0.0,0.0,0.023000000044703484,0.023000000044703484,0.02,0.15,0.0,0.0,0.0,0.0,0.0,0.0,0.0,0.0,0.0,0.0,0.0,0.0,0.0025882278569042683,0.06782694905996323,0.0005382144984196202,20.783838272094727,98,nan,-1.0,True,,False,0.010050058364868164,0.0,0.010050058364868164,100.0,100.0,1.0,0.0,0.0,0.0,0.0,0.0
106,19.772260665893555,-0.0,0.0,-0.0,19.772260665893555,0.07522425055503845,1.6365633010864258,0.5977887511253357,-0.0,0.0,0.0,0.0,0.0,0.0,0.0,0.0,0.0,0.0,0.0,0.0,0.023000000044703484,0.023000000044703484,0.02,0.15,0.0,0.0,0.0,0.0,0.0,0.0,0.0,0.0,0.0,0.0,0.0,0.0,0.0025787383783608675,0.0676925852894783,0.0004985044133718475,19.772260665893555,106,nan,-1.0,True,,False,0.010050058364868164,0.0,0.010050058364868164,100.0,100.0,1.0,0.0,0.0,0.0,0.0,0.0
107,19.996747970581055,-0.0,0.0,-0.0,19.996747970581055,0.07437916845083237,1.6366138458251953,0.5978049039840698,-0.0,0.0,0.0,0.0,0.0,0.0,0.0,0.0,0.0,0.0,0.0,0.0,0.023000000044703484,0.023000000044703484,0.02,0.14999999999999997,0.0,0.0,0.0,0.0,0.0,0.0,0.0,0.0,0.0,0.0,0.0,0.0,0.0025742503348737955,0.06772174686193466,0.0004989934948298469,19.772260665893555,106,nan,-1.0,True,,False,0.010050058364868164,0.0,0.010050058364868164,100.0,100.0,1.0,0.0,0.0,0.0,0.0,0.0
108,20.660049438476562,-0.0,0.0,-0.0,20.660049438476562,0.07195475697517395,1.636396884918213,0.5978115797042847,-0.0,0.0,0.0,0.0,0.0,0.0,0.0,0.0,0.0,0.0,0.0,0.0,0.023000000044703484,0.023000000044703484,0.02,0.15,0.0,0.0,0.0,0.0,0.0,0.0,0.0,0.0,0.0,0.0,0.0,0.0,0.002574265468865633,0.06789721548557281,0.0005429385544175602,19.772260665893555,106,nan,-1.0,True,,False,0.010050058364868164,0.0,0.010050058364868164,100.0,100.0,1.0,0.0,0.0,0.0,0.0,0.0
109,19.80536651611328,-0.0,0.0,-0.0,19.80536651611328,0.07510746270418167,1.6364307403564453,0.5978274345397949,-0.0,0.0,0.0,0.0,0.0,0.0,0.0,0.0,0.0,0.0,0.0,0.0,0.023000000044703484,0.023000000044703484,0.02,0.15,0.0,0.0,0.0,0.0,0.0,0.0,0.0,0.0,0.0,0.0,0.0,0.0,0.0025704125873744488,0.06790708750486374,0.0005454746553823497,19.772260665893555,106,nan,-1.0,True,,False,0.010050058364868164,0.0,0.010050058364868164,100.0,100.0,1.0,0.0,0.0,0.0,0.0,0.0
110,21.30779266357422,-0.0,0.0,-0.0,21.30779266357422,0.06970839202404022,1.6366558074951172,0.5978452563285828,-0.0,0.0,0.0,0.0,0.0,0.0,0.0,0.0,0.0,0.0,0.0,0.0,0.023000000044703484,0.023000000044703484,0.02,0.15000000000000002,0.0,0.0,0.0,0.0,0.0,0.0,0.0,0.0,0.0,0.0,0.0,0.0,0.002564479596912861,0.06777090579271317,0.0005053876025158388,19.772260665893555,106,nan,-1.0,True,,False,0.010050058364868164,0.0,0.010050058364868164,100.0,100.0,1.0,0.0,0.0,0.0,0.0,0.0
111,21.431529998779297,-0.0,0.0,-0.0,21.431529998779297,0.06929102540016174,1.6365647315979004,0.5978495478630066,-0.0,0.0,0.0,0.0,0.0,0.0,0.0,0.0,0.0,0.0,0.0,0.0,0.023000000044703484,0.023000000044703484,0.02,0.15,0.0,0.0,0.0,0.0,0.0,0.0,0.0,0.0,0.0,0.0,0.0,0.0,0.0025605696719139814,0.06779684126377106,0.000507096686078512,19.772260665893555,106,nan,-1.0,True,,False,0.010050058364868164,0.0,0.010050058364868164,100.0,100.0,1.0,0.0,0.0,0.0,0.0,0.0
112,19.454004287719727,-0.0,0.0,-0.0,19.454004287719727,0.07647042721509933,1.636545181274414,0.5978562831878662,-0.0,0.0,0.0,0.0,0.0,0.0,0.0,0.0,0.0,0.0,0.0,0.0,0.023000000044703484,0.023000000044703484,0.02,0.15,0.0,0.0,0.0,0.0,0.0,0.0,0.0,0.0,0.0,0.0,0.0,0.0,0.0025589107535779476,0.06796444952487946,0.0005278827563870436,19.454004287719727,112,nan,-1.0,True,,False,0.010050058364868164,0.0,0.010050058364868164,100.0,100.0,1.0,0.0,0.0,0.0,0.0,0.0
113,19.395122528076172,-0.0,0.0,-0.0,19.395122528076172,0.07669585198163986,1.6363635063171387,0.5978411436080933,-0.0,0.0,0.0,0.0,0.0,0.0,0.0,0.0,0.0,0.0,0.0,0.0,0.023000000044703484,0.023000000044703484,0.020000000000000004,0.15,0.0,0.0,0.0,0.0,0.0,0.0,0.0,0.0,0.0,0.0,0.0,0.0,0.002546910895034671,0.06809696555137634,0.0005529537315851485,19.395122528076172,113,nan,-1.0,True,,False,0.010050058364868164,0.0,0.010050058364868164,100.0,100.0,1.0,0.0,0.0,0.0,0.0,0.0
114,19.08045768737793,-0.0,0.0,-0.0,19.08045768737793,0.07794496417045593,1.6364221572875977,0.5978334546089172,-0.0,0.0,0.0,0.0,0.0,0.0,0.0,0.0,0.0,0.0,0.0,0.0,0.023000000044703484,0.023000000044703484,0.02,0.15,0.0,0.0,0.0,0.0,0.0,0.0,0.0,0.0,0.0,0.0,0.0,0.0,0.002532070502638817,0.06807748973369598,0.0005084738090772589,19.08045768737793,114,nan,-1.0,True,,False,0.010050058364868164,0.0,0.010050058364868164,100.0,100.0,1.0,0.0,0.0,0.0,0.0,0.0
115,19.08049964904785,-0.0,0.0,-0.0,19.08049964904785,0.07793912291526794,1.6364269256591797,0.59781414270401,-0.0,0.0,0.0,0.0,0.0,0.0,0.0,0.0,0.0,0.0,0.0,0.0,0.023000000044703484,0.023000000044703484,0.02,0.15,0.0,0.0,0.0,0.0,0.0,0.0,0.0,0.0,0.0,0.0,0.0,0.0,0.0025070086121559143,0.06804672628641129,0.0018620758823999495,19.08045768737793,114,nan,-1.0,True,,False,0.010050058364868164,0.0,0.010050058364868164,100.0,100.0,1.0,0.0,0.0,0.0,0.0,0.0
116,18.951709747314453,-0.0,0.0,-0.0,18.951709747314453,0.07845870405435562,1.6366066932678223,0.597814679145813,-0.0,0.0,0.0,0.0,0.0,0.0,0.0,0.0,0.0,0.0,0.0,0.0,0.023000000044703484,0.023000000044703484,0.02,0.15,0.0,0.0,0.0,0.0,0.0,0.0,0.0,0.0,0.0,0.0,0.0,0.0,0.00250735180452466,0.0680403783917427,0.0004778360425916617,18.951709747314453,116,nan,-1.0,True,,False,0.010050058364868164,0.0,0.010050058364868164,100.0,100.0,1.0,0.0,0.0,0.0,0.0,0.0
117,18.924589157104492,-0.0,0.0,-0.0,18.924589157104492,0.07856670022010803,1.636767864227295,0.5978084802627563,-0.0,0.0,0.0,0.0,0.0,0.0,0.0,0.0,0.0,0.0,0.0,0.0,0.023000000044703484,0.023000000044703484,0.020000000000000004,0.15,0.0,0.0,0.0,0.0,0.0,0.0,0.0,0.0,0.0,0.0,0.0,0.0,0.00249490886926651,0.068023182451725,0.0004206964513286948,18.924589157104492,117,nan,-1.0,True,,False,0.010050058364868164,0.0,0.010050058364868164,100.0,100.0,1.0,0.0,0.0,0.0,0.0,0.0
118,18.690410614013672,-0.0,0.0,-0.0,18.690410614013672,0.07951696217060089,1.6367921829223633,0.5977736711502075,-0.0,0.0,0.0,0.0,0.0,0.0,0.0,0.0,0.0,0.0,0.0,0.0,0.023000000044703484,0.023000000044703484,0.02,0.15,0.0,0.0,0.0,0.0,0.0,0.0,0.0,0.0,0.0,0.0,0.0,0.0,0.0025071867275983095,0.06804672628641129,0.0005648698856930423,18.690410614013672,118,nan,-1.0,True,,False,0.010050058364868164,0.0,0.010050058364868164,100.0,100.0,1.0,0.0,0.0,0.0,0.0,0.0
119,18.866844177246094,-0.0,0.0,-0.0,18.866844177246094,0.07878436148166656,1.6369738578796387,0.5977495908737183,-0.0,0.0,0.0,0.0,0.0,0.0,0.0,0.0,0.0,0.0,0.0,0.0,0.023000000044703484,0.023000000044703484,0.02,0.15,0.0,0.0,0.0,0.0,0.0,0.0,0.0,0.0,0.0,0.0,0.0,0.0,0.002521180547773838,0.06794197112321854,0.000516636006295812,18.690410614013672,118,nan,-1.0,True,,False,0.010050058364868164,0.0,0.010050058364868164,100.0,100.0,1.0,0.0,0.0,0.0,0.0,0.0
120,18.840789794921875,-0.0,0.0,-0.0,18.840789794921875,0.07888484001159668,1.6370892524719238,0.5977305769920349,-0.0,0.0,0.0,0.0,0.0,0.0,0.0,0.0,0.0,0.0,0.0,0.0,0.023000000044703484,0.023000000044703484,0.02,0.15,0.0,0.0,0.0,0.0,0.0,0.0,0.0,0.0,0.0,0.0,0.0,0.0,0.002540554152801633,0.06797968596220016,0.0018442313275954803,18.690410614013672,118,nan,-1.0,True,,False,0.010050058364868164,0.0,0.010050058364868164,100.0,100.0,1.0,0.0,0.0,0.0,0.0,0.0
121,18.51641845703125,-0.0,0.0,-0.0,18.51641845703125,0.08023326098918915,1.6371188163757324,0.5977457761764526,-0.0,0.0,0.0,0.0,0.0,0.0,0.0,0.0,0.0,0.0,0.0,0.0,0.023000000044703484,0.023000000044703484,0.02,0.15,0.0,0.0,0.0,0.0,0.0,0.0,0.0,0.0,0.0,0.0,0.0,0.0,0.002586029702797532,0.06802614033222198,0.00041181389428857074,18.51641845703125,121,nan,-1.0,True,,False,0.010050058364868164,0.0,0.010050058364868164,100.0,100.0,1.0,0.0,0.0,0.0,0.0,0.0
122,18.424392700195312,-0.0,0.0,-0.0,18.424392700195312,0.08062929660081863,1.637315273284912,0.5977728962898254,-0.0,0.0,0.0,0.0,0.0,0.0,0.0,0.0,0.0,0.0,0.0,0.0,0.023000000044703484,0.023000000044703484,0.02,0.15,0.0,0.0,0.0,0.0,0.0,0.0,0.0,0.0,0.0,0.0,0.0,0.0,0.002618422731757164,0.06806303560733795,0.0005772434385562519,18.424392700195312,122,nan,-1.0,True,,False,0.010050058364868164,0.0,0.010050058364868164,100.0,100.0,1.0,0.0,0.0,0.0,0.0,0.0
123,19.609453201293945,-0.0,0.0,-0.0,19.609453201293945,0.07585109025239944,1.6375513076782227,0.5978128910064697,-0.0,0.0,0.0,0.0,0.0,0.0,0.0,0.0,0.0,0.0,0.0,0.0,0.023000000044703484,0.023000000044703484,0.02,0.15000000000000002,0.0,0.0,0.0,0.0,0.0,0.0,0.0,0.0,0.0,0.0,0.0,0.0,0.002643323503434658,0.0679677352309227,0.0005269431628676102,18.424392700195312,122,nan,-1.0,True,,False,0.010050058364868164,0.0,0.010050058364868164,100.0,100.0,1.0,0.0,0.0,0.0,0.0,0.0
124,18.97968864440918,-0.0,0.0,-0.0,18.97968864440918,0.07835756242275238,1.6376714706420898,0.5978604555130005,-0.0,0.0,0.0,0.0,0.0,0.0,0.0,0.0,0.0,0.0,0.0,0.0,0.023000000044703484,0.023000000044703484,0.02,0.15,0.0,0.0,0.0,0.0,0.0,0.0,0.0,0.0,0.0,0.0,0.0,0.0,0.0026762192137539387,0.06801463663578033,0.0005239796539626695,18.424392700195312,122,nan,-1.0,True,,False,0.010050058364868164,0.0,0.010050058364868164,100.0,100.0,1.0,0.0,0.0,0.0,0.0,0.0
125,19.754308700561523,-0.0,0.0,-0.0,19.754308700561523,0.07532672584056854,1.6375627517700195,0.5979180932044983,-0.0,0.0,0.0,0.0,0.0,0.0,0.0,0.0,0.0,0.0,0.0,0.0,0.023000000044703484,0.023000000044703484,0.02,0.15,0.0,0.0,0.0,0.0,0.0,0.0,0.0,0.0,0.0,0.0,0.0,0.0,0.0027138579171150923,0.06666156649589539,0.000579636055363153,18.424392700195312,122,nan,-1.0,True,,False,0.010050058364868164,0.0,0.010050058364868164,100.0,100.0,1.0,0.0,0.0,0.0,0.0,0.0
126,21.40595817565918,-0.0,0.0,-0.0,21.40595817565918,0.06941133737564087,1.6377277374267578,0.5979782342910767,-0.0,0.0,0.0,0.0,0.0,0.0,0.0,0.0,0.0,0.0,0.0,0.0,0.023000000044703484,0.023000000044703484,0.02,0.14999999999999997,0.0,0.0,0.0,0.0,0.0,0.0,0.0,0.0,0.0,0.0,0.0,0.0,0.0027456593234091997,0.0652381032705307,0.0004373000997475174,18.424392700195312,122,nan,-1.0,True,,False,0.010050058364868164,0.0,0.010050058364868164,100.0,100.0,1.0,0.0,0.0,0.0,0.0,0.0
127,20.108617782592773,-0.0,0.0,-0.0,20.108617782592773,0.07400823384523392,1.637768268585205,0.5979717969894409,-0.0,0.0,0.0,0.0,0.0,0.0,0.0,0.0,0.0,0.0,0.0,0.0,0.023000000044703484,0.023000000044703484,0.02,0.15,0.0,0.0,0.0,0.0,0.0,0.0,0.0,0.0,0.0,0.0,0.0,0.0,0.0027363377157598734,0.06576406955718994,0.0005841441009124537,18.424392700195312,122,nan,-1.0,True,,False,0.010050058364868164,0.0,0.010050058364868164,100.0,100.0,1.0,0.0,0.0,0.0,0.0,0.0
128,18.97481346130371,-0.0,0.0,-0.0,18.97481346130371,0.07840946316719055,1.6381621360778809,0.5979592800140381,-0.0,0.0,0.0,0.0,0.0,0.0,0.0,0.0,0.0,0.0,0.0,0.0,0.023000000044703484,0.023000000044703484,0.02,0.15,0.0,0.0,0.0,0.0,0.0,0.0,0.0,0.0,0.0,0.0,0.0,0.0,0.0027232409920543432,0.0663604587316513,0.0004347845915617654,18.424392700195312,122,nan,-1.0,True,,False,0.010050058364868164,0.0,0.010050058364868164,100.0,100.0,1.0,0.0,0.0,0.0,0.0,0.0
129,19.3075008392334,-0.0,0.0,-0.0,19.3075008392334,0.07705920189619064,1.638265609741211,0.5979121327400208,-0.0,0.0,0.0,0.0,0.0,0.0,0.0,0.0,0.0,0.0,0.0,0.0,0.023000000044703484,0.023000000044703484,0.02,0.15,0.0,0.0,0.0,0.0,0.0,0.0,0.0,0.0,0.0,0.0,0.0,0.0,0.00268194661475718,0.0680699348449707,0.0005352532411961874,18.424392700195312,122,nan,-1.0,True,,False,0.010050058364868164,0.0,0.010050058364868164,100.0,100.0,1.0,0.0,0.0,0.0,0.0,0.0
130,18.441612243652344,-0.0,0.0,-0.0,18.441612243652344,0.08059196919202805,1.6384339332580566,0.5978814959526062,-0.0,0.0,0.0,0.0,0.0,0.0,0.0,0.0,0.0,0.0,0.0,0.0,0.023000000044703484,0.023000000044703484,0.02,0.14999999999999997,0.0,0.0,0.0,0.0,0.0,0.0,0.0,0.0,0.0,0.0,0.0,0.0,0.002658759942278266,0.06813229620456696,0.0005318131404692394,18.424392700195312,122,nan,-1.0,True,,False,0.010050058364868164,0.0,0.010050058364868164,100.0,100.0,1.0,0.0,0.0,0.0,0.0,0.0
131,20.321125030517578,-0.0,0.0,-0.0,20.321125030517578,0.07319216430187225,1.638354778289795,0.5978707671165466,-0.0,0.0,0.0,0.0,0.0,0.0,0.0,0.0,0.0,0.0,0.0,0.0,0.023000000044703484,0.023000000044703484,0.02,0.15,0.0,0.0,0.0,0.0,0.0,0.0,0.0,0.0,0.0,0.0,0.0,0.0,0.002647315850481391,0.06831936538219452,0.0005899642078475154,18.424392700195312,122,nan,-1.0,True,,False,0.010050058364868164,0.0,0.010050058364868164,100.0,100.0,1.0,0.0,0.0,0.0,0.0,0.0
132,20.488616943359375,-0.0,0.0,-0.0,20.488616943359375,0.07258090376853943,1.6384525299072266,0.5978553295135498,-0.0,0.0,0.0,0.0,0.0,0.0,0.0,0.0,0.0,0.0,0.0,0.0,0.023000000044703484,0.023000000044703484,0.02,0.15,0.0,0.0,0.0,0.0,0.0,0.0,0.0,0.0,0.0,0.0,0.0,0.0,0.0026317532174289227,0.06835828721523285,0.0005893769732665533,18.424392700195312,122,nan,-1.0,True,,False,0.010050058364868164,0.0,0.010050058364868164,100.0,100.0,1.0,0.0,0.0,0.0,0.0,0.0
133,18.658029556274414,-0.0,0.0,-0.0,18.658029556274414,0.07967860996723175,1.6387848854064941,0.5978468656539917,-0.0,0.0,0.0,0.0,0.0,0.0,0.0,0.0,0.0,0.0,0.0,0.0,0.023000000044703484,0.023000000044703484,0.02,0.15,0.0,0.0,0.0,0.0,0.0,0.0,0.0,0.0,0.0,0.0,0.0,0.0,0.002611901145428419,0.06826994568109512,0.0005955117549092392,18.424392700195312,122,nan,-1.0,True,,False,0.010050058364868164,0.0,0.010050058364868164,100.0,100.0,1.0,0.0,0.0,0.0,0.0,0.0
134,21.69985008239746,-0.0,0.0,-0.0,21.69985008239746,0.06839968264102936,1.6390771865844727,0.5978481769561768,-0.0,0.0,0.0,0.0,0.0,0.0,0.0,0.0,0.0,0.0,0.0,0.0,0.023000000044703484,0.023000000044703484,0.019999999999999997,0.15,0.0,0.0,0.0,0.0,0.0,0.0,0.0,0.0,0.0,0.0,0.0,0.0,0.0025850781239569187,0.06805121898651123,0.0005438610871806304,18.424392700195312,122,nan,-1.0,True,,False,0.010050058364868164,0.0,0.010050058364868164,100.0,100.0,1.0,0.0,0.0,0.0,0.0,0.0
135,23.929719924926758,-0.0,0.0,-0.0,23.929719924926758,0.061577774584293365,1.6392769813537598,0.5978530049324036,-0.0,0.0,0.0,0.0,0.0,0.0,0.0,0.0,0.0,0.0,0.0,0.0,0.023000000044703484,0.023000000044703484,0.02,0.15,0.0,0.0,0.0,0.0,0.0,0.0,0.0,0.0,0.0,0.0,0.0,0.0,0.0025689403992146254,0.06799042224884033,0.000550547130387713,18.424392700195312,122,nan,-1.0,True,,False,0.010050058364868164,0.0,0.010050058364868164,100.0,100.0,1.0,0.0,0.0,0.0,0.0,0.0
136,22.14566993713379,-0.0,0.0,-0.0,22.14566993713379,0.066957488656044,1.6392240524291992,0.597865104675293,-0.0,0.0,0.0,0.0,0.0,0.0,0.0,0.0,0.0,0.0,0.0,0.0,0.023000000044703484,0.023000000044703484,0.02,0.15,0.0,0.0,0.0,0.0,0.0,0.0,0.0,0.0,0.0,0.0,0.0,0.0,0.0025596844498068094,0.06807748973369598,0.0005473410990362026,18.424392700195312,122,nan,-1.0,True,,False,0.010050058364868164,0.0,0.010050058364868164,100.0,100.0,1.0,0.0,0.0,0.0,0.0,0.0
137,18.12642478942871,-0.0,0.0,-0.0,18.12642478942871,0.08195633441209793,1.6391515731811523,0.5978665947914124,-0.0,0.0,0.0,0.0,0.0,0.0,0.0,0.0,0.0,0.0,0.0,0.0,0.023000000044703484,0.023000000044703484,0.02,0.15,0.0,0.0,0.0,0.0,0.0,0.0,0.0,0.0,0.0,0.0,0.0,0.0,0.0025570737197995186,0.0682935118675232,0.000605005318448093,18.12642478942871,137,nan,-1.0,True,,False,0.010050058364868164,0.0,0.010050058364868164,100.0,100.0,1.0,0.0,0.0,0.0,0.0,0.0
138,18.257793426513672,-0.0,0.0,-0.0,18.257793426513672,0.08135153353214264,1.6391849517822266,0.5977326035499573,-0.0,0.0,0.0,0.0,0.0,0.0,0.0,0.0,0.0,0.0,0.0,0.0,0.023000000044703484,0.023000000044703484,0.020000000000000004,0.15000000000000002,0.0,0.0,0.0,0.0,0.0,0.0,0.0,0.0,0.0,0.0,0.0,0.0,0.002482315059751272,0.0679398849606514,0.00041394864911126206,18.12642478942871,137,nan,-1.0,True,,False,0.010050058364868164,0.0,0.010050058364868164,100.0,100.0,1.0,0.0,0.0,0.0,0.0,0.0
139,19.518827438354492,-0.0,0.0,-0.0,19.518827438354492,0.07618516683578491,1.6389923095703125,0.5976904034614563,-0.0,0.0,0.0,0.0,0.0,0.0,0.0,0.0,0.0,0.0,0.0,0.0,0.023000000044703484,0.023000000044703484,0.02,0.15,0.0,0.0,0.0,0.0,0.0,0.0,0.0,0.0,0.0,0.0,0.0,0.0,0.0025007924996316433,0.06767056882381439,0.0005977709540729848,18.12642478942871,137,nan,-1.0,True,,False,0.010050058364868164,0.0,0.010050058364868164,100.0,100.0,1.0,0.0,0.0,0.0,0.0,0.0
140,19.300424575805664,-0.0,0.0,-0.0,19.300424575805664,0.07703891396522522,1.6390504837036133,0.5976676940917969,-0.0,0.0,0.0,0.0,0.0,0.0,0.0,0.0,0.0,0.0,0.0,0.0,0.023000000044703484,0.023000000044703484,0.02,0.15,0.0,0.0,0.0,0.0,0.0,0.0,0.0,0.0,0.0,0.0,0.0,0.0,0.002541234716773033,0.06731533259153366,0.0005999172922201979,18.12642478942871,137,nan,-1.0,True,,False,0.010050058364868164,0.0,0.010050058364868164,100.0,100.0,1.0,0.0,0.0,0.0,0.0,0.0
141,17.762744903564453,-0.0,0.0,-0.0,17.762744903564453,0.08350805193185806,1.639242172241211,0.5976549983024597,-0.0,0.0,0.0,0.0,0.0,0.0,0.0,0.0,0.0,0.0,0.0,0.0,0.023000000044703484,0.023000000044703484,0.02,0.14999999999999997,0.0,0.0,0.0,0.0,0.0,0.0,0.0,0.0,0.0,0.0,0.0,0.0,0.002566930837929249,0.06693928688764572,0.0004602435469678312,17.762744903564453,141,nan,-1.0,True,,False,0.010050058364868164,0.0,0.010050058364868164,100.0,100.0,1.0,0.0,0.0,0.0,0.0,0.0
142,18.819011688232422,-0.0,0.0,-0.0,18.819011688232422,0.07899606972932816,1.6395115852355957,0.5976445078849792,-0.0,0.0,0.0,0.0,0.0,0.0,0.0,0.0,0.0,0.0,0.0,0.0,0.023000000044703484,0.023000000044703484,0.02,0.14999999999999997,0.0,0.0,0.0,0.0,0.0,0.0,0.0,0.0,0.0,0.0,0.0,0.0,0.0026125626172870398,0.06655687093734741,0.0004235536935084383,17.762744903564453,141,nan,-1.0,True,,False,0.010050058364868164,0.0,0.010050058364868164,100.0,100.0,1.0,0.0,0.0,0.0,0.0,0.0
143,34.570865631103516,-0.0,0.0,-0.0,34.570865631103516,0.039497777819633484,1.639786720275879,0.5976508259773254,-0.0,0.0,0.0,0.0,0.0,0.0,0.0,0.0,0.0,0.0,0.0,0.0,0.023000000044703484,0.023000000044703484,0.019999999999999997,0.15,0.0,0.0,0.0,0.0,0.0,0.0,0.0,0.0,0.0,0.0,0.0,0.0,0.0026984582655131817,0.0657077431678772,0.0005795259639853612,17.762744903564453,141,nan,-1.0,True,,False,0.010050058364868164,0.0,0.010050058364868164,100.0,100.0,1.0,0.0,0.0,0.0,0.0,0.0
144,38.140499114990234,-0.0,0.0,-0.0,38.140499114990234,0.03458428010344505,1.6399540901184082,0.5976646542549133,-0.0,0.0,0.0,0.0,0.0,0.0,0.0,0.0,0.0,0.0,0.0,0.0,0.023000000044703484,0.023000000044703484,0.02,0.15,0.0,0.0,0.0,0.0,0.0,0.0,0.0,0.0,0.0,0.0,0.0,0.0,0.002705305116251111,0.06558425724506378,0.000578036933347903,17.762744903564453,141,nan,-1.0,True,,False,0.010050058364868164,0.0,0.010050058364868164,100.0,100.0,1.0,0.0,0.0,0.0,0.0,0.0
145,22.246482849121094,-0.0,0.0,-0.0,22.246482849121094,0.06663991510868073,1.6399035453796387,0.5976698994636536,-0.0,0.0,0.0,0.0,0.0,0.0,0.0,0.0,0.0,0.0,0.0,0.0,0.023000000044703484,0.023000000044703484,0.02,0.14999999999999997,0.0,0.0,0.0,0.0,0.0,0.0,0.0,0.0,0.0,0.0,0.0,0.0,0.002649807371199131,0.06606925278902054,0.0005702367438971123,17.762744903564453,141,nan,-1.0,True,,False,0.010050058364868164,0.0,0.010050058364868164,100.0,100.0,1.0,0.0,0.0,0.0,0.0,0.0
146,26.613542556762695,-0.0,0.0,-0.0,26.613542556762695,0.05460207536816597,1.6398305892944336,0.5977546572685242,-0.0,0.0,0.0,0.0,0.0,0.0,0.0,0.0,0.0,0.0,0.0,0.0,0.023000000044703484,0.023000000044703484,0.02,0.15,0.0,0.0,0.0,0.0,0.0,0.0,0.0,0.0,0.0,0.0,0.0,0.0,0.002545206807553768,0.0670771673321724,0.0005639863995838823,17.762744903564453,141,nan,-1.0,True,,False,0.010050058364868164,0.0,0.010050058364868164,100.0,100.0,1.0,0.0,0.0,0.0,0.0,0.0
147,24.571889877319336,-0.0,0.0,-0.0,24.571889877319336,0.05981799587607384,1.639521598815918,0.5979555249214172,-0.0,0.0,0.0,0.0,0.0,0.0,0.0,0.0,0.0,0.0,0.0,0.0,0.023000000044703484,0.023000000044703484,0.019999999999999997,0.15,0.0,0.0,0.0,0.0,0.0,0.0,0.0,0.0,0.0,0.0,0.0,0.0,0.0025448761880397797,0.06800948828458786,0.0005579470796419628,17.762744903564453,141,nan,-1.0,True,,False,0.010050058364868164,0.0,0.010050058364868164,100.0,100.0,1.0,0.0,0.0,0.0,0.0,0.0
148,45.75205993652344,-0.0,0.0,-0.0,45.75205993652344,0.02658735401928425,1.6392545700073242,0.598219096660614,-0.0,0.0,0.0,0.0,0.0,0.0,0.0,0.0,0.0,0.0,0.0,0.0,0.023000000044703484,0.023000000044703484,0.02,0.15,0.0,0.0,0.0,0.0,0.0,0.0,0.0,0.0,0.0,0.0,0.0,0.0,0.0026559766847640276,0.06876763701438904,0.0005917274361308955,17.762744903564453,141,nan,-1.0,True,,False,0.010050058364868164,0.0,0.010050058364868164,100.0,100.0,1.0,0.0,0.0,0.0,0.0,0.0
149,200.7869110107422,-0.0,0.0,-0.0,200.7869110107422,0.0009648246923461556,1.63889741897583,0.5982815027236938,-0.0,0.0,0.0,0.0,0.0,0.0,0.0,0.0,0.0,0.0,0.0,0.0,0.023000000044703484,0.023000000044703484,0.02,0.15,0.0,0.0,0.0,0.0,0.0,0.0,0.0,0.0,0.0,0.0,0.0,0.0,0.0026748578529804945,0.06906202435493469,0.0005831039816257544,17.762744903564453,141,nan,-1.0,True,,False,0.010050058364868164,0.0,0.010050058364868164,100.0,100.0,1.0,0.0,0.0,0.0,0.0,0.0
150,38.406646728515625,-0.0,0.0,-0.0,38.406646728515625,0.03431202471256256,1.6385884284973145,0.5984908938407898,-0.0,0.0,0.0,0.0,0.0,0.0,0.0,0.0,0.0,0.0,0.0,0.0,0.023000000044703484,0.023000000044703484,0.02,0.15,0.0,0.0,0.0,0.0,0.0,0.0,0.0,0.0,0.0,0.0,0.0,0.0,0.002794865984469652,0.06952298432588577,0.0005714967055610032,17.762744903564453,141,nan,-1.0,True,,False,0.010050058364868164,0.0,0.010050058364868164,100.0,100.0,1.0,0.0,0.0,0.0,0.0,0.0
151,44.3026237487793,-0.0,0.0,-0.0,44.3026237487793,0.027973396703600883,1.6381301879882812,0.5993536710739136,-0.0,0.0,0.0,0.0,0.0,0.0,0.0,0.0,0.0,0.0,0.0,0.0,0.023000000044703484,0.023000000044703484,0.019999999999999997,0.15,0.0,0.0,0.0,0.0,0.0,0.0,0.0,0.0,0.0,0.0,0.0,0.0,0.0030424855649471283,0.06991368532180786,0.0004286214084459061,17.762744903564453,141,nan,-1.0,True,,False,0.010050058364868164,0.0,0.010050058364868164,100.0,100.0,1.0,0.0,0.0,0.0,0.0,0.0
152,38.908634185791016,-0.0,0.0,-0.0,38.908634185791016,0.03378792852163315,1.6377272605895996,0.5998244285583496,-0.0,0.0,0.0,0.0,0.0,0.0,0.0,0.0,0.0,0.0,0.0,0.0,0.023000000044703484,0.023000000044703484,0.02,0.15,0.0,0.0,0.0,0.0,0.0,0.0,0.0,0.0,0.0,0.0,0.0,0.0,0.0032223581802099943,0.07011120021343231,0.00041495502227917314,17.762744903564453,141,nan,-1.0,True,,False,0.010050058364868164,0.0,0.010050058364868164,100.0,100.0,1.0,0.0,0.0,0.0,0.0,0.0
153,37.23839569091797,-0.0,0.0,-0.0,37.23839569091797,0.03590885549783707,1.6374950408935547,0.5998976826667786,-0.0,0.0,0.0,0.0,0.0,0.0,0.0,0.0,0.0,0.0,0.0,0.0,0.023000000044703484,0.023000000044703484,0.02,0.15,0.0,0.0,0.0,0.0,0.0,0.0,0.0,0.0,0.0,0.0,0.0,0.0,0.003315552370622754,0.07030614465475082,0.0006026912690231256,17.762744903564453,141,nan,-1.0,True,,False,0.010050058364868164,0.0,0.010050058364868164,100.0,100.0,1.0,0.0,0.0,0.0,0.0,0.0
154,49.447547912597656,-0.0,0.0,-0.0,49.447547912597656,0.023663876578211784,1.6374444961547852,0.5999823212623596,-0.0,0.0,0.0,0.0,0.0,0.0,0.0,0.0,0.0,0.0,0.0,0.0,0.023000000044703484,0.023000000044703484,0.02,0.15,0.0,0.0,0.0,0.0,0.0,0.0,0.0,0.0,0.0,0.0,0.0,0.0,0.003354171523824334,0.07033496350049973,0.0006050499678167398,17.762744903564453,141,nan,-1.0,True,,False,0.010050058364868164,0.0,0.010050058364868164,100.0,100.0,1.0,0.0,0.0,0.0,0.0,0.0
155,56.81439971923828,-0.0,0.0,-0.0,56.81439971923828,0.01886674389243126,1.6375417709350586,0.60004723072052,-0.0,0.0,0.0,0.0,0.0,0.0,0.0,0.0,0.0,0.0,0.0,0.0,0.023000000044703484,0.023000000044703484,0.019999999999999997,0.15,0.0,0.0,0.0,0.0,0.0,0.0,0.0,0.0,0.0,0.0,0.0,0.0,0.0033543729223310947,0.07024974375963211,0.0006085402785629412,17.762744903564453,141,nan,-1.0,True,,False,0.010050058364868164,0.0,0.010050058364868164,100.0,100.0,1.0,0.0,0.0,0.0,0.0,0.0
156,51.12346267700195,-0.0,0.0,-0.0,51.12346267700195,0.022454168647527695,1.6377372741699219,0.6001071333885193,-0.0,0.0,0.0,0.0,0.0,0.0,0.0,0.0,0.0,0.0,0.0,0.0,0.023000000044703484,0.023000000044703484,0.02,0.15,0.0,0.0,0.0,0.0,0.0,0.0,0.0,0.0,0.0,0.0,0.0,0.0,0.0033324798569083214,0.07006420940160751,0.0006146009059193602,17.762744903564453,141,nan,-1.0,True,,False,0.010050058364868164,0.0,0.010050058364868164,100.0,100.0,1.0,0.0,0.0,0.0,0.0,0.0
157,35.82125473022461,-0.0,0.0,-0.0,35.82125473022461,0.037894949316978455,1.638002872467041,0.6001550555229187,-0.0,0.0,0.0,0.0,0.0,0.0,0.0,0.0,0.0,0.0,0.0,0.0,0.023000000044703484,0.023000000044703484,0.02,0.15,0.0,0.0,0.0,0.0,0.0,0.0,0.0,0.0,0.0,0.0,0.0,0.0,0.0033056263346225023,0.06963520497083664,0.0006225835563782312,17.762744903564453,141,nan,-1.0,True,,False,0.010050058364868164,0.0,0.010050058364868164,100.0,100.0,1.0,0.0,0.0,0.0,0.0,0.0
158,31.992586135864258,-0.0,0.0,-0.0,31.992586135864258,0.04395408183336258,1.638493537902832,0.6002418398857117,-0.0,0.0,0.0,0.0,0.0,0.0,0.0,0.0,0.0,0.0,0.0,0.0,0.023000000044703484,0.023000000044703484,0.02,0.15,0.0,0.0,0.0,0.0,0.0,0.0,0.0,0.0,0.0,0.0,0.0,0.0,0.0032690924126654863,0.06894541531801224,0.0005791332080207212,17.762744903564453,141,nan,-1.0,True,,False,0.010050058364868164,0.0,0.010050058364868164,100.0,100.0,1.0,0.0,0.0,0.0,0.0,0.0
159,100.73020935058594,-0.0,0.0,-0.0,100.73020935058594,0.006164389196783304,1.6388068199157715,0.6003263592720032,-0.0,0.0,0.0,0.0,0.0,0.0,0.0,0.0,0.0,0.0,0.0,0.0,0.023000000044703484,0.023000000044703484,0.019999999999999997,0.14999999999999997,0.0,0.0,0.0,0.0,0.0,0.0,0.0,0.0,0.0,0.0,0.0,0.0,0.0032607996836304665,0.0684373676776886,0.0005936225170444231,17.762744903564453,141,nan,-1.0,True,,False,0.010050058364868164,0.0,0.010050058364868164,100.0,100.0,1.0,0.0,0.0,0.0,0.0,0.0
160,59.03562545776367,-0.0,0.0,-0.0,59.03562545776367,0.017699431627988815,1.63889741897583,0.6003260612487793,-0.0,0.0,0.0,0.0,0.0,0.0,0.0,0.0,0.0,0.0,0.0,0.0,0.023000000044703484,0.023000000044703484,0.02,0.15,0.0,0.0,0.0,0.0,0.0,0.0,0.0,0.0,0.0,0.0,0.0,0.0,0.003253443166613579,0.06819066405296326,0.0005989621324715699,17.762744903564453,141,nan,-1.0,True,,False,0.010050058364868164,0.0,0.010050058364868164,100.0,100.0,1.0,0.0,0.0,0.0,0.0,0.0
161,43.95775604248047,-0.0,0.0,-0.0,43.95775604248047,0.028395339846611023,1.6391315460205078,0.6002777218818665,-0.0,0.0,0.0,0.0,0.0,0.0,0.0,0.0,0.0,0.0,0.0,0.0,0.023000000044703484,0.023000000044703484,0.02,0.15,0.0,0.0,0.0,0.0,0.0,0.0,0.0,0.0,0.0,0.0,0.0,0.0,0.003238353645429015,0.067684106528759,0.0006901121264490939,17.762744903564453,141,nan,-1.0,True,,False,0.010050058364868164,0.0,0.010050058364868164,100.0,100.0,1.0,0.0,0.0,0.0,0.0,0.0
162,85.86613464355469,-0.0,0.0,-0.0,85.86613464355469,0.008715110830962658,1.6393518447875977,0.600371778011322,-0.0,0.0,0.0,0.0,0.0,0.0,0.0,0.0,0.0,0.0,0.0,0.0,0.023000000044703484,0.023000000044703484,0.02,0.15000000000000002,0.0,0.0,0.0,0.0,0.0,0.0,0.0,0.0,0.0,0.0,0.0,0.0,0.0032954663038253784,0.06715953350067139,0.0006287428568612086,17.762744903564453,141,nan,-1.0,True,,False,0.010050058364868164,0.0,0.010050058364868164,100.0,100.0,1.0,0.0,0.0,0.0,0.0,0.0
163,79.67107391357422,-0.0,0.0,-0.0,79.67107391357422,0.010155174881219864,1.6392951011657715,0.6004028916358948,-0.0,0.0,0.0,0.0,0.0,0.0,0.0,0.0,0.0,0.0,0.0,0.0,0.023000000044703484,0.023000000044703484,0.02,0.15,0.0,0.0,0.0,0.0,0.0,0.0,0.0,0.0,0.0,0.0,0.0,0.0,0.0033306824043393135,0.06708260625600815,0.0006916898105373548,17.762744903564453,141,nan,-1.0,True,,False,0.010050058364868164,0.0,0.010050058364868164,100.0,100.0,1.0,0.0,0.0,0.0,0.0,0.0
164,84.69603729248047,-0.0,0.0,-0.0,84.69603729248047,0.008962363004684448,1.6390190124511719,0.6004489660263062,-0.0,0.0,0.0,0.0,0.0,0.0,0.0,0.0,0.0,0.0,0.0,0.0,0.023000000044703484,0.023000000044703484,0.02,0.15000000000000002,0.0,0.0,0.0,0.0,0.0,0.0,0.0,0.0,0.0,0.0,0.0,0.0,0.0034003942273557186,0.06714710593223572,0.0006816283257649047,17.762744903564453,141,nan,-1.0,True,,False,0.010050058364868164,0.0,0.010050058364868164,100.0,100.0,1.0,0.0,0.0,0.0,0.0,0.0
165,87.15425872802734,-0.0,0.0,-0.0,87.15425872802734,0.008447995409369469,1.6384515762329102,0.600566029548645,-0.0,0.0,0.0,0.0,0.0,0.0,0.0,0.0,0.0,0.0,0.0,0.0,0.023000000044703484,0.023000000044703484,0.02,0.15,0.0,0.0,0.0,0.0,0.0,0.0,0.0,0.0,0.0,0.0,0.0,0.0,0.0034897425211966038,0.06728444248437881,0.0006686637898383196,17.762744903564453,141,nan,-1.0,True,,False,0.010050058364868164,0.0,0.010050058364868164,100.0,100.0,1.0,0.0,0.0,0.0,0.0,0.0
166,144.19467163085938,-0.0,0.0,-0.0,144.19467163085938,0.0025560015346854925,1.6380290985107422,0.6007241010665894,-0.0,0.0,0.0,0.0,0.0,0.0,0.0,0.0,0.0,0.0,0.0,0.0,0.023000000044703484,0.023000000044703484,0.02,0.15,0.0,0.0,0.0,0.0,0.0,0.0,0.0,0.0,0.0,0.0,0.0,0.0,0.0035846445243805647,0.06743454188108444,0.0006453680930462724,17.762744903564453,141,nan,-1.0,True,,False,0.010050058364868164,0.0,0.010050058364868164,100.0,100.0,1.0,0.0,0.0,0.0,0.0,0.0
167,105.0452880859375,-0.0,0.0,-0.0,105.0452880859375,0.005621824413537979,1.6376147270202637,0.6006795763969421,-0.0,0.0,0.0,0.0,0.0,0.0,0.0,0.0,0.0,0.0,0.0,0.0,0.023000000044703484,0.023000000044703484,0.02,0.15,0.0,0.0,0.0,0.0,0.0,0.0,0.0,0.0,0.0,0.0,0.0,0.0,0.003641071729362011,0.06740768998861313,0.0006117576308497519,17.762744903564453,141,nan,-1.0,True,,False,0.010050058364868164,0.0,0.010050058364868164,100.0,100.0,1.0,0.0,0.0,0.0,0.0,0.0
168,115.78350067138672,-0.0,0.0,-0.0,115.78350067138672,0.004464658442884684,1.6373157501220703,0.6005762815475464,-0.0,0.0,0.0,0.0,0.0,0.0,0.0,0.0,0.0,0.0,0.0,0.0,0.023000000044703484,0.023000000044703484,0.019999999999999997,0.15,0.0,0.0,0.0,0.0,0.0,0.0,0.0,0.0,0.0,0.0,0.0,0.0,0.003730448428541422,0.06730680912733078,0.0005851327018717711,17.762744903564453,141,nan,-1.0,True,,False,0.010050058364868164,0.0,0.010050058364868164,100.0,100.0,1.0,0.0,0.0,0.0,0.0,0.0
169,49.116207122802734,-0.0,0.0,-0.0,49.116207122802734,0.023976042866706848,1.6368751525878906,0.6004138588905334,-0.0,0.0,0.0,0.0,0.0,0.0,0.0,0.0,0.0,0.0,0.0,0.0,0.023000000044703484,0.023000000044703484,0.02,0.15,0.0,0.0,0.0,0.0,0.0,0.0,0.0,0.0,0.0,0.0,0.0,0.0,0.003814948722720146,0.06722384691238403,0.0005736227444685937,17.762744903564453,141,nan,-1.0,True,,False,0.010050058364868164,0.0,0.010050058364868164,100.0,100.0,1.0,0.0,0.0,0.0,0.0,0.0
170,30.667638778686523,-0.0,0.0,-0.0,30.667638778686523,0.046390797942876816,1.6364917755126953,0.6003677248954773,-0.0,0.0,0.0,0.0,0.0,0.0,0.0,0.0,0.0,0.0,0.0,0.0,0.023000000044703484,0.023000000044703484,0.02,0.15,0.0,0.0,0.0,0.0,0.0,0.0,0.0,0.0,0.0,0.0,0.0,0.0,0.00395269226282835,0.06712047010660172,0.0005421094897428702,17.762744903564453,141,nan,-1.0,True,,False,0.010050058364868164,0.0,0.010050058364868164,100.0,100.0,1.0,0.0,0.0,0.0,0.0,0.0
171,84.48175048828125,-0.0,0.0,-0.0,84.48175048828125,0.009004415012896061,1.6360893249511719,0.6004407405853271,-0.0,0.0,0.0,0.0,0.0,0.0,0.0,0.0,0.0,0.0,0.0,0.0,0.023000000044703484,0.023000000044703484,0.02,0.15,0.0,0.0,0.0,0.0,0.0,0.0,0.0,0.0,0.0,0.0,0.0,0.0,0.0041501871310174465,0.06673339754343033,0.0004453312799341802,17.762744903564453,141,nan,-1.0,True,,False,0.010050058364868164,0.0,0.010050058364868164,100.0,100.0,1.0,0.0,0.0,0.0,0.0,0.0
172,55.85576629638672,-0.0,0.0,-0.0,55.85576629638672,0.019465023651719093,1.6354436874389648,0.6004275679588318,-0.0,0.0,0.0,0.0,0.0,0.0,0.0,0.0,0.0,0.0,0.0,0.0,0.023000000044703484,0.023000000044703484,0.02,0.15,0.0,0.0,0.0,0.0,0.0,0.0,0.0,0.0,0.0,0.0,0.0,0.0,0.004404829815030098,0.06641454994678497,0.00047954546971595846,17.762744903564453,141,nan,-1.0,True,,False,0.010050058364868164,0.0,0.010050058364868164,100.0,100.0,1.0,0.0,0.0,0.0,0.0,0.0
173,76.55596160888672,-0.0,0.0,-0.0,76.55596160888672,0.011004047468304634,1.6350665092468262,0.6004994511604309,-0.0,0.0,0.0,0.0,0.0,0.0,0.0,0.0,0.0,0.0,0.0,0.0,0.023000000044703484,0.023000000044703484,0.02,0.15,0.0,0.0,0.0,0.0,0.0,0.0,0.0,0.0,0.0,0.0,0.0,0.0,0.004673963878303766,0.06596903502941132,0.0005385854979067517,17.762744903564453,141,nan,-1.0,True,,False,0.010050058364868164,0.0,0.010050058364868164,100.0,100.0,1.0,0.0,0.0,0.0,0.0,0.0
174,122.71863555908203,-0.0,0.0,-0.0,122.71863555908203,0.003868142608553171,1.6347389221191406,0.6001272797584534,-0.0,0.0,0.0,0.0,0.0,0.0,0.0,0.0,0.0,0.0,0.0,0.0,0.023000000044703484,0.023000000044703484,0.02,0.15000000000000002,0.0,0.0,0.0,0.0,0.0,0.0,0.0,0.0,0.0,0.0,0.0,0.0,0.005009874701499939,0.06529369950294495,0.0004175347394266282,17.762744903564453,141,nan,-1.0,True,,False,0.010050058364868164,0.0,0.010050058364868164,100.0,100.0,1.0,0.0,0.0,0.0,0.0,0.0
175,71.33294677734375,-0.0,0.0,-0.0,71.33294677734375,0.012563478201627731,1.6344776153564453,0.5999091863632202,-0.0,0.0,0.0,0.0,0.0,0.0,0.0,0.0,0.0,0.0,0.0,0.0,0.023000000044703484,0.023000000044703484,0.02,0.15,0.0,0.0,0.0,0.0,0.0,0.0,0.0,0.0,0.0,0.0,0.0,0.0,0.005229345988482237,0.06522473692893982,0.0004706234863078862,17.762744903564453,141,nan,-1.0,True,,False,0.010050058364868164,0.0,0.010050058364868164,100.0,100.0,1.0,0.0,0.0,0.0,0.0,0.0
176,51.67814254760742,-0.0,0.0,-0.0,51.67814254760742,0.02205338142812252,1.634141445159912,0.5997198820114136,-0.0,0.0,0.0,0.0,0.0,0.0,0.0,0.0,0.0,0.0,0.0,0.0,0.023000000044703484,0.023000000044703484,0.02,0.15,0.0,0.0,0.0,0.0,0.0,0.0,0.0,0.0,0.0,0.0,0.0,0.0,0.005485739093273878,0.0650273934006691,0.0006216491851773753,17.762744903564453,141,nan,-1.0,True,,False,0.010050058364868164,0.0,0.010050058364868164,100.0,100.0,1.0,0.0,0.0,0.0,0.0,0.0
177,51.722930908203125,-0.0,0.0,-0.0,51.722930908203125,0.022045131772756577,1.6339998245239258,0.5997661352157593,-0.0,0.0,0.0,0.0,0.0,0.0,0.0,0.0,0.0,0.0,0.0,0.0,0.023000000044703484,0.023000000044703484,0.019999999999999997,0.15,0.0,0.0,0.0,0.0,0.0,0.0,0.0,0.0,0.0,0.0,0.0,0.0,0.0057581583969295025,0.06110347807407379,0.0006375811753969174,17.762744903564453,141,nan,-1.0,True,,False,0.010050058364868164,0.0,0.010050058364868164,100.0,100.0,1.0,0.0,0.0,0.0,0.0,0.0
178,143.2636260986328,-0.0,0.0,-0.0,143.2636260986328,0.002596934325993061,1.6336569786071777,0.5999926924705505,-0.0,0.0,0.0,0.0,0.0,0.0,0.0,0.0,0.0,0.0,0.0,0.0,0.023000000044703484,0.023000000044703484,0.020000000000000004,0.15000000000000002,0.0,0.0,0.0,0.0,0.0,0.0,0.0,0.0,0.0,0.0,0.0,0.0,0.006014843471348286,0.05385279655456543,0.0005461946602736134,17.762744903564453,141,nan,-1.0,True,,False,0.010050058364868164,0.0,0.010050058364868164,100.0,100.0,1.0,0.0,0.0,0.0,0.0,0.0
179,92.64723205566406,-0.0,0.0,-0.0,92.64723205566406,0.007415109779685736,1.6334471702575684,0.5998055338859558,-0.0,0.0,0.0,0.0,0.0,0.0,0.0,0.0,0.0,0.0,0.0,0.0,0.023000000044703484,0.023000000044703484,0.02,0.15,0.0,0.0,0.0,0.0,0.0,0.0,0.0,0.0,0.0,0.0,0.0,0.0,0.006064166314899921,0.05432663857936859,0.0005480955915118102,17.762744903564453,141,nan,-1.0,True,,False,0.010050058364868164,0.0,0.010050058364868164,100.0,100.0,1.0,0.0,0.0,0.0,0.0,0.0
180,56.9320182800293,-0.0,0.0,-0.0,56.9320182800293,0.018781358376145363,1.633382797241211,0.5992655754089355,-0.0,0.0,0.0,0.0,0.0,0.0,0.0,0.0,0.0,0.0,0.0,0.0,0.023000000044703484,0.023000000044703484,0.02,0.15,0.0,0.0,0.0,0.0,0.0,0.0,0.0,0.0,0.0,0.0,0.0,0.0,0.005928178317844868,0.06202709674835205,0.0007177840984695649,17.762744903564453,141,nan,-1.0,True,,False,0.010050058364868164,0.0,0.010050058364868164,100.0,100.0,1.0,0.0,0.0,0.0,0.0,0.0
181,47.39322280883789,-0.0,0.0,-0.0,47.39322280883789,0.025234099477529526,1.633312702178955,0.5990164279937744,-0.0,0.0,0.0,0.0,0.0,0.0,0.0,0.0,0.0,0.0,0.0,0.0,0.023000000044703484,0.023000000044703484,0.019999999999999997,0.15,0.0,0.0,0.0,0.0,0.0,0.0,0.0,0.0,0.0,0.0,0.0,0.0,0.005859351251274347,0.06465556472539902,0.0007745805210106482,17.762744903564453,141,nan,-1.0,True,,False,0.010050058364868164,0.0,0.010050058364868164,100.0,100.0,1.0,0.0,0.0,0.0,0.0,0.0
182,46.804359436035156,-0.0,0.0,-0.0,46.804359436035156,0.025725848972797394,1.6332740783691406,0.5989474058151245,-0.0,0.0,0.0,0.0,0.0,0.0,0.0,0.0,0.0,0.0,0.0,0.0,0.023000000044703484,0.023000000044703484,0.020000000000000004,0.15,0.0,0.0,0.0,0.0,0.0,0.0,0.0,0.0,0.0,0.0,0.0,0.0,0.005905258469283581,0.0646260604262352,0.000874219814704702,17.762744903564453,141,nan,-1.0,True,,False,0.010050058364868164,0.0,0.010050058364868164,100.0,100.0,1.0,0.0,0.0,0.0,0.0,0.0
183,53.290504455566406,-0.0,0.0,-0.0,53.290504455566406,0.020951226353645325,1.633345127105713,0.5989846587181091,-0.0,0.0,0.0,0.0,0.0,0.0,0.0,0.0,0.0,0.0,0.0,0.0,0.023000000044703484,0.023000000044703484,0.02,0.15,0.0,0.0,0.0,0.0,0.0,0.0,0.0,0.0,0.0,0.0,0.0,0.0,0.0062495386227965355,0.06335107982158661,0.0006940426492292318,17.762744903564453,141,nan,-1.0,True,,False,0.010050058364868164,0.0,0.010050058364868164,100.0,100.0,1.0,0.0,0.0,0.0,0.0,0.0
184,61.44021224975586,-0.0,0.0,-0.0,61.44021224975586,0.016472820192575455,1.6337218284606934,0.5991645455360413,-0.0,0.0,0.0,0.0,0.0,0.0,0.0,0.0,0.0,0.0,0.0,0.0,0.023000000044703484,0.023000000044703484,0.02,0.15,0.0,0.0,0.0,0.0,0.0,0.0,0.0,0.0,0.0,0.0,0.0,0.0,0.006467007100582123,0.06011464074254036,0.0006643025594712526,17.762744903564453,141,nan,-1.0,True,,False,0.010050058364868164,0.0,0.010050058364868164,100.0,100.0,1.0,0.0,0.0,0.0,0.0,0.0
185,74.62582397460938,-0.0,0.0,-0.0,74.62582397460938,0.011510131880640984,1.6340608596801758,0.5992062091827393,-0.0,0.0,0.0,0.0,0.0,0.0,0.0,0.0,0.0,0.0,0.0,0.0,0.023000000044703484,0.023000000044703484,0.019999999999999997,0.15,0.0,0.0,0.0,0.0,0.0,0.0,0.0,0.0,0.0,0.0,0.0,0.0,0.006564707029610872,0.06093350797891617,0.0006912902913427388,17.762744903564453,141,nan,-1.0,True,,False,0.010050058364868164,0.0,0.010050058364868164,100.0,100.0,1.0,0.0,0.0,0.0,0.0,0.0
186,69.3760986328125,-0.0,0.0,-0.0,69.3760986328125,0.013218956999480724,1.6344833374023438,0.599114716053009,-0.0,0.0,0.0,0.0,0.0,0.0,0.0,0.0,0.0,0.0,0.0,0.0,0.023000000044703484,0.023000000044703484,0.020000000000000004,0.15,0.0,0.0,0.0,0.0,0.0,0.0,0.0,0.0,0.0,0.0,0.0,0.0,0.006556073669344187,0.06443265825510025,0.0008749401458771899,17.762744903564453,141,nan,-1.0,True,,False,0.010050058364868164,0.0,0.010050058364868164,100.0,100.0,1.0,0.0,0.0,0.0,0.0,0.0
187,64.76459503173828,-0.0,0.0,-0.0,64.76459503173828,0.014998389407992363,1.6351594924926758,0.5991410613059998,-0.0,0.0,0.0,0.0,0.0,0.0,0.0,0.0,0.0,0.0,0.0,0.0,0.023000000044703484,0.023000000044703484,0.02,0.15,0.0,0.0,0.0,0.0,0.0,0.0,0.0,0.0,0.0,0.0,0.0,0.0,0.006571036297827959,0.06438951194286346,0.0008351375345228007,17.762744903564453,141,nan,-1.0,True,,False,0.010050058364868164,0.0,0.010050058364868164,100.0,100.0,1.0,0.0,0.0,0.0,0.0,0.0
188,62.635128021240234,-0.0,0.0,-0.0,62.635128021240234,0.015922021120786667,1.635854721069336,0.5992391109466553,-0.0,0.0,0.0,0.0,0.0,0.0,0.0,0.0,0.0,0.0,0.0,0.0,0.023000000044703484,0.023000000044703484,0.02,0.15,0.0,0.0,0.0,0.0,0.0,0.0,0.0,0.0,0.0,0.0,0.0,0.0,0.0068636201322078705,0.06443855911493301,0.0007911852421784715,17.762744903564453,141,nan,-1.0,True,,False,0.010050058364868164,0.0,0.010050058364868164,100.0,100.0,1.0,0.0,0.0,0.0,0.0,0.0
189,54.044464111328125,-0.0,0.0,-0.0,54.044464111328125,0.020509924739599228,1.6367549896240234,0.5993924736976624,-0.0,0.0,0.0,0.0,0.0,0.0,0.0,0.0,0.0,0.0,0.0,0.0,0.023000000044703484,0.023000000044703484,0.019999999999999997,0.15,0.0,0.0,0.0,0.0,0.0,0.0,0.0,0.0,0.0,0.0,0.0,0.0,0.007070991676300764,0.06138959527015686,0.0007638813754056173,17.762744903564453,141,nan,-1.0,True,,False,0.010050058364868164,0.0,0.010050058364868164,100.0,100.0,1.0,0.0,0.0,0.0,0.0,0.0
190,48.54937744140625,-0.0,0.0,-0.0,48.54937744140625,0.02435893565416336,1.637491226196289,0.5993660092353821,-0.0,0.0,0.0,0.0,0.0,0.0,0.0,0.0,0.0,0.0,0.0,0.0,0.023000000044703484,0.023000000044703484,0.020000000000000004,0.15,0.0,0.0,0.0,0.0,0.0,0.0,0.0,0.0,0.0,0.0,0.0,0.0,0.007198075298219919,0.06289216130971909,0.0007997061952664808,17.762744903564453,141,nan,-1.0,True,,False,0.010050058364868164,0.0,0.010050058364868164,100.0,100.0,1.0,0.0,0.0,0.0,0.0,0.0
191,44.98384475708008,-0.0,0.0,-0.0,44.98384475708008,0.027381161227822304,1.6383509635925293,0.5993183851242065,-0.0,0.0,0.0,0.0,0.0,0.0,0.0,0.0,0.0,0.0,0.0,0.0,0.023000000044703484,0.023000000044703484,0.02,0.15,0.0,0.0,0.0,0.0,0.0,0.0,0.0,0.0,0.0,0.0,0.0,0.0,0.007307033985853195,0.06436492502689362,0.0008580789076404471,17.762744903564453,141,nan,-1.0,True,,False,0.010050058364868164,0.0,0.010050058364868164,100.0,100.0,1.0,0.0,0.0,0.0,0.0,0.0
192,42.61557388305664,-0.0,0.0,-0.0,42.61557388305664,0.029704105108976364,1.639204978942871,0.5994005799293518,-0.0,0.0,0.0,0.0,0.0,0.0,0.0,0.0,0.0,0.0,0.0,0.0,0.023000000044703484,0.023000000044703484,0.02,0.15,0.0,0.0,0.0,0.0,0.0,0.0,0.0,0.0,0.0,0.0,0.0,0.0,0.007465469650924206,0.06425132602453232,0.0008683068108439329,17.762744903564453,141,nan,-1.0,True,,False,0.010050058364868164,0.0,0.010050058364868164,100.0,100.0,1.0,0.0,0.0,0.0,0.0,0.0
193,158.6990203857422,-0.0,0.0,-0.0,158.6990203857422,0.0019605474080890417,1.6402430534362793,0.5996209979057312,-0.0,0.0,0.0,0.0,0.0,0.0,0.0,0.0,0.0,0.0,0.0,0.0,0.023000000044703484,0.023000000044703484,0.019999999999999997,0.15,0.0,0.0,0.0,0.0,0.0,0.0,0.0,0.0,0.0,0.0,0.0,0.0,0.007695864420384169,0.06407081335783005,0.0008862653239702922,17.762744903564453,141,nan,-1.0,True,,False,0.010050058364868164,0.0,0.010050058364868164,100.0,100.0,1.0,0.0,0.0,0.0,0.0,0.0
194,147.81527709960938,-0.0,0.0,-0.0,147.81527709960938,0.002388051711022854,1.641305923461914,0.5997074842453003,-0.0,0.0,0.0,0.0,0.0,0.0,0.0,0.0,0.0,0.0,0.0,0.0,0.023000000044703484,0.023000000044703484,0.020000000000000004,0.15,0.0,0.0,0.0,0.0,0.0,0.0,0.0,0.0,0.0,0.0,0.0,0.0,0.00799944531172514,0.05717896297574043,0.0005601548050435667,17.762744903564453,141,nan,-1.0,True,,False,0.010050058364868164,0.0,0.010050058364868164,100.0,100.0,1.0,0.0,0.0,0.0,0.0,0.0
195,117.73127746582031,-0.0,3.4608554415171966e-05,-0.0,117.73120880126953,0.0043023754842579365,1.6421985626220703,0.602483868598938,-0.0,0.0,0.0,0.0,0.0,0.0,0.0,0.0,0.0,0.0,0.0,0.0,0.023000000044703484,0.023000000044703484,0.02,0.15,0.0,0.0,0.0,0.0,0.0,0.0,0.0,0.0,0.0,0.0,0.0,0.0,0.00840879324823618,0.049705855548381805,0.000385049464966869,17.762744903564453,141,nan,-1.0,True,,False,0.010050058364868164,0.0,0.010050058364868164,100.0,100.0,1.0,0.0,0.0,0.0,0.0,0.0
196,84.00712585449219,-0.0,0.0,-0.0,84.00712585449219,0.00907180830836296,1.6440820693969727,0.5983511209487915,-0.0,0.0,0.0,0.0,0.0,0.0,0.0,0.0,0.0,0.0,0.0,0.0,0.023000000044703484,0.023000000044703484,0.02,0.15,0.0,0.0,0.0,0.0,0.0,0.0,0.0,0.0,0.0,0.0,0.0,0.0,0.00869604479521513,0.05026333034038544,0.000437598451753729,17.762744903564453,141,nan,-1.0,True,,False,0.010050058364868164,0.0,0.010050058364868164,100.0,100.0,1.0,0.0,0.0,0.0,0.0,0.0
197,44.94112014770508,-0.0,0.0,-0.0,44.94112014770508,0.027328316122293472,1.6477108001708984,0.5980236530303955,-0.0,0.0,0.0,0.0,0.0,0.0,0.0,0.0,0.0,0.0,0.0,0.0,0.023000000044703484,0.023000000044703484,0.019999999999999997,0.15,0.0,0.0,0.0,0.0,0.0,0.0,0.0,0.0,0.0,0.0,0.0,0.0,0.0091585423797369,0.05199851468205452,0.000871016968631011,17.762744903564453,141,nan,-1.0,True,,False,0.010050058364868164,0.0,0.010050058364868164,100.0,100.0,1.0,0.0,0.0,0.0,0.0,0.0
198,70.80308532714844,-0.0,0.0,-0.0,70.80308532714844,0.012697264552116394,1.6516427993774414,0.5982229113578796,-0.0,0.0,0.0,0.0,0.0,0.0,0.0,0.0,0.0,0.0,0.0,0.0,0.023000000044703484,0.023000000044703484,0.020000000000000004,0.15,0.0,0.0,0.0,0.0,0.0,0.0,0.0,0.0,0.0,0.0,0.0,0.0,0.009829757735133171,0.055270761251449585,0.0008329078364113229,17.762744903564453,141,nan,-1.0,True,,False,0.010050058364868164,0.0,0.010050058364868164,100.0,100.0,1.0,0.0,0.0,0.0,0.0,0.0
199,56.91935729980469,-0.0,0.0,-0.0,56.91935729980469,0.018776049837470055,1.651601791381836,0.5984612703323364,-0.0,0.0,0.0,0.0,0.0,0.0,0.0,0.0,0.0,0.0,0.0,0.0,0.023000000044703484,0.023000000044703484,0.02,0.15,0.0,0.0,0.0,0.0,0.0,0.0,0.0,0.0,0.0,0.0,0.0,0.0,0.009892447851598263,0.06314941495656967,0.0009395166171088931,17.762744903564453,141,nan,-1.0,True,,False,0.010050058364868164,0.0,0.010050058364868164,100.0,100.0,1.0,0.0,0.0,0.0,0.0,0.0
200,80.83605194091797,-0.0,0.0,-0.0,80.83605194091797,0.009851716458797455,1.6502699851989746,0.5999854207038879,-0.0,0.0,0.0,0.0,0.0,0.0,0.0,0.0,0.0,0.0,0.0,0.0,0.023000000044703484,0.023000000044703484,0.02,0.15,0.0,0.0,0.0,0.0,0.0,0.0,0.0,0.0,0.0,0.0,0.0,0.0,0.009889070875942707,0.07522542774677277,0.0011383575638319599,17.762744903564453,141,nan,-1.0,True,,False,0.010050058364868164,0.0,0.010050058364868164,100.0,100.0,1.0,0.0,0.0,0.0,0.0,0.0
201,245.04595947265625,-0.0,0.0,-0.0,245.04595947265625,0.0005008160369470716,1.7961902618408203,0.6014338135719299,-0.0,0.0,0.0,0.0,0.0,0.0,0.0,0.0,0.0,0.0,0.0,0.0,0.023000000044703484,0.023000000044703484,0.019999999999999997,0.15,0.0,0.0,0.0,0.0,0.0,0.0,0.0,0.0,0.0,0.0,0.0,0.0,0.012248532846570015,0.07153736799955368,0.000993626697891159,17.762744903564453,141,nan,-1.0,True,,False,0.010050058364868164,0.0,0.010050058364868164,100.0,100.0,1.0,0.0,0.0,0.0,0.0,0.0
202,79.20426177978516,-0.0,0.0,-0.0,79.20426177978516,0.010288680903613567,1.831626296043396,0.6001549363136292,-0.0,0.0,0.0,0.0,0.0,0.0,0.0,0.0,0.0,0.0,0.0,0.0,0.023000000044703484,0.023000000044703484,0.020000000000000004,0.14999999999999997,0.0,0.0,0.0,0.0,0.0,0.0,0.0,0.0,0.0,0.0,0.0,0.0,0.013136046007275581,0.07857611775398254,0.0012673581559283775,17.762744903564453,141,nan,-1.0,True,,False,0.010050058364868164,0.0,0.010050058364868164,100.0,100.0,1.0,0.0,0.0,0.0,0.0,0.0
203,160.78482055664062,-0.0,0.0,-0.0,160.78482055664062,0.0018858974799513817,1.8243212699890137,0.599382758140564,-0.0,0.0,0.0,0.0,0.0,0.0,0.0,0.0,0.0,0.0,0.0,0.0,0.023000000044703484,0.023000000044703484,0.02,0.15,0.0,0.0,0.0,0.0,0.0,0.0,0.0,0.0,0.0,0.0,0.0,0.0,0.013575256802141666,0.08020084351301193,0.0007733869506409974,17.762744903564453,141,nan,-1.0,True,,False,0.010050058364868164,0.0,0.010050058364868164,100.0,100.0,1.0,0.0,0.0,0.0,0.0,0.0
204,76.69976043701172,-0.0,0.0,-0.0,76.69976043701172,0.010914801619946957,1.8250089883804321,0.5988501906394958,-0.0,0.0,0.0,0.0,0.0,0.0,0.0,0.0,0.0,0.0,0.0,0.0,0.023000000044703484,0.023000000044703484,0.02,0.15,0.0,0.0,0.0,0.0,0.0,0.0,0.0,0.0,0.0,0.0,0.0,0.0,0.014132419601082802,0.0811392068862915,0.0011037095318897627,17.762744903564453,141,nan,-1.0,True,,False,0.010050058364868164,0.0,0.010050058364868164,100.0,100.0,1.0,0.0,0.0,0.0,0.0,0.0
205,106.86930084228516,-0.0,0.0,-0.0,106.86930084228516,0.005377789959311485,1.8327422142028809,0.5986917018890381,-0.0,0.0,0.0,0.0,0.0,0.0,0.0,0.0,0.0,0.0,0.0,0.0,0.023000000044703484,0.023000000044703484,0.02,0.15,0.0,0.0,0.0,0.0,0.0,0.0,0.0,0.0,0.0,0.0,0.0,0.0,0.014574980363249779,0.08255130797624588,0.000801197040345869,17.762744903564453,141,nan,-1.0,True,,False,0.010050058364868164,0.0,0.010050058364868164,100.0,100.0,1.0,0.0,0.0,0.0,0.0,0.0
206,105.84275817871094,-0.0,0.0,-0.0,105.84275817871094,0.005500284023582935,1.8426918983459473,0.5986275672912598,-0.0,0.0,0.0,0.0,0.0,0.0,0.0,0.0,0.0,0.0,0.0,0.0,0.023000000044703484,0.023000000044703484,0.02,0.14999999999999997,0.0,0.0,0.0,0.0,0.0,0.0,0.0,0.0,0.0,0.0,0.0,0.0,0.014996047131717205,0.08423347026109695,0.0014405524257199431,17.762744903564453,141,nan,-1.0,True,,False,0.010050058364868164,0.0,0.010050058364868164,100.0,100.0,1.0,0.0,0.0,0.0,0.0,0.0
207,85.34606170654297,-0.0,0.0,-0.0,85.34606170654297,0.008798211812973022,1.8510507345199585,0.5984826683998108,-0.0,0.0,0.0,0.0,0.0,0.0,0.0,0.0,0.0,0.0,0.0,0.0,0.023000000044703484,0.023000000044703484,0.020000000000000004,0.15,0.0,0.0,0.0,0.0,0.0,0.0,0.0,0.0,0.0,0.0,0.0,0.0,0.015440461225807667,0.08576775342226028,0.001633433448660071,17.762744903564453,141,nan,-1.0,True,,False,0.010050058364868164,0.0,0.010050058364868164,100.0,100.0,1.0,0.0,0.0,0.0,0.0,0.0
208,83.81300354003906,-0.0,0.0,-0.0,83.81300354003906,0.009124403819441795,1.854198694229126,0.5982763767242432,-0.0,0.0,0.0,0.0,0.0,0.0,0.0,0.0,0.0,0.0,0.0,0.0,0.023000000044703484,0.023000000044703484,0.02,0.14999999999999997,0.0,0.0,0.0,0.0,0.0,0.0,0.0,0.0,0.0,0.0,0.0,0.0,0.015915529802441597,0.08722451329231262,0.0016886714274733094,17.762744903564453,141,nan,-1.0,True,,False,0.010050058364868164,0.0,0.010050058364868164,100.0,100.0,1.0,0.0,0.0,0.0,0.0,0.0
209,71.25688934326172,-0.0,0.0,-0.0,71.25688934326172,0.012555323541164398,1.8599048852920532,0.598060667514801,-0.0,0.0,0.0,0.0,0.0,0.0,0.0,0.0,0.0,0.0,0.0,0.0,0.023000000044703484,0.023000000044703484,0.02,0.15,0.0,0.0,0.0,0.0,0.0,0.0,0.0,0.0,0.0,0.0,0.0,0.0,0.01639898121356964,0.08861329406499863,0.0017268605797653436,17.762744903564453,141,nan,-1.0,True,,False,0.010050058364868164,0.0,0.010050058364868164,100.0,100.0,1.0,0.0,0.0,0.0,0.0,0.0
210,61.46206283569336,-0.0,0.0,-0.0,61.46206283569336,0.016442347317934036,1.8647491931915283,0.5979493260383606,-0.0,0.0,0.0,0.0,0.0,0.0,0.0,0.0,0.0,0.0,0.0,0.0,0.023000000044703484,0.023000000044703484,0.02,0.15000000000000002,0.0,0.0,0.0,0.0,0.0,0.0,0.0,0.0,0.0,0.0,0.0,0.0,0.016920585185289383,0.09001309424638748,0.0017234999031643383,17.762744903564453,141,nan,-1.0,True,,False,0.010050058364868164,0.0,0.010050058364868164,100.0,100.0,1.0,0.0,0.0,0.0,0.0,0.0
211,54.24658203125,-0.0,0.0,-0.0,54.24658203125,0.020351814106106758,1.8659982681274414,0.5979288816452026,-0.0,0.0,0.0,0.0,0.0,0.0,0.0,0.0,0.0,0.0,0.0,0.0,0.023000000044703484,0.023000000044703484,0.020000000000000004,0.14999999999999997,0.0,0.0,0.0,0.0,0.0,0.0,0.0,0.0,0.0,0.0,0.0,0.0,0.017448334023356438,0.09119167178869247,0.0010365895213908516,17.762744903564453,141,nan,-1.0,True,,False,0.010050058364868164,0.0,0.010050058364868164,100.0,100.0,1.0,0.0,0.0,0.0,0.0,0.0
212,70.452392578125,-0.0,0.0,-0.0,70.452392578125,0.012838738039135933,1.865490198135376,0.5979798436164856,-0.0,0.0,0.0,0.0,0.0,0.0,0.0,0.0,0.0,0.0,0.0,0.0,0.023000000044703484,0.023000000044703484,0.02,0.15,0.0,0.0,0.0,0.0,0.0,0.0,0.0,0.0,0.0,0.0,0.0,0.0,0.017969774082303047,0.09158967435359955,0.0005650508828694001,17.762744903564453,141,nan,-1.0,True,,False,0.010050058364868164,0.0,0.010050058364868164,100.0,100.0,1.0,0.0,0.0,0.0,0.0,0.0
213,118.77436828613281,-0.0,0.0,-0.0,118.77436828613281,0.004180854186415672,1.8661997318267822,0.598089337348938,-0.0,0.0,0.0,0.0,0.0,0.0,0.0,0.0,0.0,0.0,0.0,0.0,0.023000000044703484,0.023000000044703484,0.02,0.15,0.0,0.0,0.0,0.0,0.0,0.0,0.0,0.0,0.0,0.0,0.0,0.0,0.01849140040576458,0.09192664176225662,0.0005946825694991276,17.762744903564453,141,nan,-1.0,True,,False,0.010050058364868164,0.0,0.010050058364868164,100.0,100.0,1.0,0.0,0.0,0.0,0.0,0.0
214,57.6923942565918,-0.0,0.0,-0.0,57.6923942565918,0.01838863082230091,1.869640588760376,0.5982003808021545,-0.0,0.0,0.0,0.0,0.0,0.0,0.0,0.0,0.0,0.0,0.0,0.0,0.023000000044703484,0.023000000044703484,0.02,0.14999999999999997,0.0,0.0,0.0,0.0,0.0,0.0,0.0,0.0,0.0,0.0,0.0,0.0,0.019023733213543892,0.092170849442482,0.0008294617755382205,17.762744903564453,141,nan,-1.0,True,,False,0.010050058364868164,0.0,0.010050058364868164,100.0,100.0,1.0,0.0,0.0,0.0,0.0,0.0
215,70.95034790039062,-0.0,0.0,-0.0,70.95034790039062,0.012693336233496666,1.8726691007614136,0.598328709602356,-0.0,0.0,0.0,0.0,0.0,0.0,0.0,0.0,0.0,0.0,0.0,0.0,0.023000000044703484,0.023000000044703484,0.020000000000000004,0.15,0.0,0.0,0.0,0.0,0.0,0.0,0.0,0.0,0.0,0.0,0.0,0.0,0.01954846829175949,0.09233487397432327,0.0007836403151486593,17.762744903564453,141,nan,-1.0,True,,False,0.010050058364868164,0.0,0.010050058364868164,100.0,100.0,1.0,0.0,0.0,0.0,0.0,0.0
216,116.85403442382812,-0.0,0.0,-0.0,116.85403442382812,0.0043622348457574844,1.8730151653289795,0.5985129475593567,-0.0,0.0,0.0,0.0,0.0,0.0,0.0,0.0,0.0,0.0,0.0,0.0,0.023000000044703484,0.023000000044703484,0.02,0.15,0.0,0.0,0.0,0.0,0.0,0.0,0.0,0.0,0.0,0.0,0.0,0.0,0.02006428688764572,0.09267396479845047,0.0008392135769099696,17.762744903564453,141,nan,-1.0,True,,False,0.010050058364868164,0.0,0.010050058364868164,100.0,100.0,1.0,0.0,0.0,0.0,0.0,0.0
217,195.06622314453125,-0.0,0.0,-0.0,195.06622314453125,0.0010623419657349586,1.8709245920181274,0.5986716151237488,-0.0,0.0,0.0,0.0,0.0,0.0,0.0,0.0,0.0,0.0,0.0,0.0,0.023000000044703484,0.023000000044703484,0.02,0.15,0.0,0.0,0.0,0.0,0.0,0.0,0.0,0.0,0.0,0.0,0.0,0.0,0.020571384578943253,0.09302622824907303,0.0007783565042700502,17.762744903564453,141,nan,-1.0,True,,False,0.010050058364868164,0.0,0.010050058364868164,100.0,100.0,1.0,0.0,0.0,0.0,0.0,0.0
218,166.7687530517578,-0.0,0.0,-0.0,166.7687530517578,0.0017004692927002907,1.8681695461273193,0.5988062024116516,-0.0,0.0,0.0,0.0,0.0,0.0,0.0,0.0,0.0,0.0,0.0,0.0,0.023000000044703484,0.023000000044703484,0.02,0.15,0.0,0.0,0.0,0.0,0.0,0.0,0.0,0.0,0.0,0.0,0.0,0.0,0.021071624010801315,0.09341617673635483,0.00042752829494929756,17.762744903564453,141,nan,-1.0,True,,False,0.010050058364868164,0.0,0.010050058364868164,100.0,100.0,1.0,0.0,0.0,0.0,0.0,0.0
219,84.68226623535156,-0.0,0.0,-0.0,84.68226623535156,0.008971013128757477,1.864761233329773,0.5989580750465393,-0.0,0.0,0.0,0.0,0.0,0.0,0.0,0.0,0.0,0.0,0.0,0.0,0.023000000044703484,0.023000000044703484,0.02,0.15,0.0,0.0,0.0,0.0,0.0,0.0,0.0,0.0,0.0,0.0,0.0,0.0,0.021573027595877647,0.0938759595155716,0.0010351151886425214,17.762744903564453,141,nan,-1.0,True,,False,0.010050058364868164,0.0,0.010050058364868164,100.0,100.0,1.0,0.0,0.0,0.0,0.0,0.0
220,71.1098403930664,-0.0,0.0,-0.0,71.1098403930664,0.01267828419804573,1.8610854148864746,0.5991227030754089,-0.0,0.0,0.0,0.0,0.0,0.0,0.0,0.0,0.0,0.0,0.0,0.0,0.023000000044703484,0.023000000044703484,0.02,0.15,0.0,0.0,0.0,0.0,0.0,0.0,0.0,0.0,0.0,0.0,0.0,0.0,0.02208094485104084,0.09427575021982193,0.001063585689280444,17.762744903564453,141,nan,-1.0,True,,False,0.010050058364868164,0.0,0.010050058364868164,100.0,100.0,1.0,0.0,0.0,0.0,0.0,0.0
221,80.58683013916016,-0.0,0.0,-0.0,80.58683013916016,0.009951029904186726,1.8572717905044556,0.5993465781211853,-0.0,0.0,0.0,0.0,0.0,0.0,0.0,0.0,0.0,0.0,0.0,0.0,0.023000000044703484,0.023000000044703484,0.02,0.15,0.0,0.0,0.0,0.0,0.0,0.0,0.0,0.0,0.0,0.0,0.0,0.0,0.022593161091208458,0.09457439929246902,0.001601150365331705,17.762744903564453,141,nan,-1.0,True,,False,0.010050058364868164,0.0,0.010050058364868164,100.0,100.0,1.0,0.0,0.0,0.0,0.0,0.0
222,148.76168823242188,-0.0,0.0,-0.0,148.76168823242188,0.0023528181482106447,1.8536094427108765,0.5995022654533386,-0.0,0.0,0.0,0.0,0.0,0.0,0.0,0.0,0.0,0.0,0.0,0.0,0.023000000044703484,0.023000000044703484,0.02,0.15,0.0,0.0,0.0,0.0,0.0,0.0,0.0,0.0,0.0,0.0,0.0,0.0,0.02311198227107525,0.09484847635030746,0.0016057862480920448,17.762744903564453,141,nan,-1.0,True,,False,0.010050058364868164,0.0,0.010050058364868164,100.0,100.0,1.0,0.0,0.0,0.0,0.0,0.0
223,117.2625732421875,-0.0,0.0,-0.0,117.2625732421875,0.004338282626122236,1.8503341674804688,0.5995389223098755,-0.0,0.0,0.0,0.0,0.0,0.0,0.0,0.0,0.0,0.0,0.0,0.0,0.023000000044703484,0.023000000044703484,0.02,0.15,0.0,0.0,0.0,0.0,0.0,0.0,0.0,0.0,0.0,0.0,0.0,0.0,0.023640954867005348,0.09514909237623215,0.0010399282982689328,17.762744903564453,141,nan,-1.0,True,,False,0.010050058364868164,0.0,0.010050058364868164,100.0,100.0,1.0,0.0,0.0,0.0,0.0,0.0
224,164.7339324951172,-0.0,0.0,-0.0,164.7339324951172,0.0017671022797003388,1.8463811874389648,0.5996070504188538,-0.0,0.0,0.0,0.0,0.0,0.0,0.0,0.0,0.0,0.0,0.0,0.0,0.023000000044703484,0.023000000044703484,0.02,0.15,0.0,0.0,0.0,0.0,0.0,0.0,0.0,0.0,0.0,0.0,0.0,0.0,0.0241810604929924,0.09544961899518967,0.0011200744761481474,17.762744903564453,141,nan,-1.0,True,,False,0.010050058364868164,0.0,0.010050058364868164,100.0,100.0,1.0,0.0,0.0,0.0,0.0,0.0
225,64.10801696777344,-0.0,0.0,-0.0,64.10801696777344,0.015372345224022865,1.8422441482543945,0.5995897650718689,-0.0,0.0,0.0,0.0,0.0,0.0,0.0,0.0,0.0,0.0,0.0,0.0,0.023000000044703484,0.023000000044703484,0.020000000000000004,0.15,0.0,0.0,0.0,0.0,0.0,0.0,0.0,0.0,0.0,0.0,0.0,0.0,0.02473675273358822,0.09575176984071732,0.0010964588104798167,17.762744903564453,141,nan,-1.0,True,,False,0.010050058364868164,0.0,0.010050058364868164,100.0,100.0,1.0,0.0,0.0,0.0,0.0,0.0
226,226.596923828125,-0.0,0.0,-0.0,226.596923828125,0.000653725815936923,1.8382289409637451,0.5996224284172058,-0.0,0.0,0.0,0.0,0.0,0.0,0.0,0.0,0.0,0.0,0.0,0.0,0.023000000044703484,0.023000000044703484,0.02,0.15,0.0,0.0,0.0,0.0,0.0,0.0,0.0,0.0,0.0,0.0,0.0,0.0,0.025300167500972748,0.09602198004722595,0.0009095950340451964,17.762744903564453,141,nan,-1.0,True,,False,0.010050058364868164,0.0,0.010050058364868164,100.0,100.0,1.0,0.0,0.0,0.0,0.0,0.0
227,128.93272399902344,-0.0,0.0,-0.0,128.93272399902344,0.003422644454985857,1.8343167304992676,0.5996447205543518,-0.0,0.0,0.0,0.0,0.0,0.0,0.0,0.0,0.0,0.0,0.0,0.0,0.023000000044703484,0.023000000044703484,0.020000000000000004,0.14999999999999997,0.0,0.0,0.0,0.0,0.0,0.0,0.0,0.0,0.0,0.0,0.0,0.0,0.02587120793759823,0.09607383608818054,0.0012234804448780778,17.762744903564453,141,nan,-1.0,True,,False,0.010050058364868164,0.0,0.010050058364868164,100.0,100.0,1.0,0.0,0.0,0.0,0.0,0.0
228,78.30818939208984,-0.0,0.0,-0.0,78.30818939208984,0.010522264987230301,1.830060362815857,0.5997071266174316,-0.0,0.0,0.0,0.0,0.0,0.0,0.0,0.0,0.0,0.0,0.0,0.0,0.023000000044703484,0.023000000044703484,0.02,0.15,0.0,0.0,0.0,0.0,0.0,0.0,0.0,0.0,0.0,0.0,0.0,0.0,0.026430657133460045,0.09604893624782562,0.0010140213435079204,17.762744903564453,141,nan,-1.0,True,,False,0.010050058364868164,0.0,0.010050058364868164,100.0,100.0,1.0,0.0,0.0,0.0,0.0,0.0
229,77.33000946044922,-0.0,0.0,-0.0,77.33000946044922,0.010791546665132046,1.825484037399292,0.5998352766036987,-0.0,0.0,0.0,0.0,0.0,0.0,0.0,0.0,0.0,0.0,0.0,0.0,0.023000000044703484,0.023000000044703484,0.02,0.15,0.0,0.0,0.0,0.0,0.0,0.0,0.0,0.0,0.0,0.0,0.0,0.0,0.027004389092326164,0.09594012051820755,0.0010427566357975593,17.762744903564453,141,nan,-1.0,True,,False,0.010050058364868164,0.0,0.010050058364868164,100.0,100.0,1.0,0.0,0.0,0.0,0.0,0.0
230,70.53526306152344,-0.0,0.0,-0.0,70.53526306152344,0.012904800474643707,1.8205454349517822,0.6000334620475769,-0.0,0.0,0.0,0.0,0.0,0.0,0.0,0.0,0.0,0.0,0.0,0.0,0.023000000044703484,0.023000000044703484,0.02,0.15,0.0,0.0,0.0,0.0,0.0,0.0,0.0,0.0,0.0,0.0,0.0,0.0,0.027578847482800484,0.09569627046585083,0.0010849150125977758,17.762744903564453,141,nan,-1.0,True,,False,0.010050058364868164,0.0,0.010050058364868164,100.0,100.0,1.0,0.0,0.0,0.0,0.0,0.0
231,133.05172729492188,-0.0,0.0,-0.0,133.05172729492188,0.0031686716247349977,1.8153955936431885,0.6002794504165649,-0.0,0.0,0.0,0.0,0.0,0.0,0.0,0.0,0.0,0.0,0.0,0.0,0.023000000044703484,0.023000000044703484,0.02,0.15,0.0,0.0,0.0,0.0,0.0,0.0,0.0,0.0,0.0,0.0,0.0,0.0,0.028132239356637,0.0954449325799942,0.0007730615252512507,17.762744903564453,141,nan,-1.0,True,,False,0.010050058364868164,0.0,0.010050058364868164,100.0,100.0,1.0,0.0,0.0,0.0,0.0,0.0
232,98.96489715576172,-0.0,0.0,-0.0,98.96489715576172,0.006444606930017471,1.8099424839019775,0.6004763245582581,-0.0,0.0,0.0,0.0,0.0,0.0,0.0,0.0,0.0,0.0,0.0,0.0,0.023000000044703484,0.023000000044703484,0.02,0.15,0.0,0.0,0.0,0.0,0.0,0.0,0.0,0.0,0.0,0.0,0.0,0.0,0.02867829240858555,0.09525583684444427,0.000686225314893818,17.762744903564453,141,nan,-1.0,True,,False,0.010050058364868164,0.0,0.010050058364868164,100.0,100.0,1.0,0.0,0.0,0.0,0.0,0.0
233,108.53301239013672,-0.0,0.0,-0.0,108.53301239013672,0.005224857944995165,1.8043678998947144,0.6007006168365479,-0.0,0.0,0.0,0.0,0.0,0.0,0.0,0.0,0.0,0.0,0.0,0.0,0.023000000044703484,0.023000000044703484,0.02,0.15,0.0,0.0,0.0,0.0,0.0,0.0,0.0,0.0,0.0,0.0,0.0,0.0,0.0292251817882061,0.09509629756212234,0.0010868423109968717,17.762744903564453,141,nan,-1.0,True,,False,0.010050058364868164,0.0,0.010050058364868164,100.0,100.0,1.0,0.0,0.0,0.0,0.0,0.0
234,99.55146026611328,-0.0,0.0,-0.0,99.55146026611328,0.006367294583469629,1.799346685409546,0.6008776426315308,-0.0,0.0,0.0,0.0,0.0,0.0,0.0,0.0,0.0,0.0,0.0,0.0,0.023000000044703484,0.023000000044703484,0.02,0.15,0.0,0.0,0.0,0.0,0.0,0.0,0.0,0.0,0.0,0.0,0.0,0.0,0.02977212890982628,0.09496881812810898,0.0012184309907752322,17.762744903564453,141,nan,-1.0,True,,False,0.010050058364868164,0.0,0.010050058364868164,100.0,100.0,1.0,0.0,0.0,0.0,0.0,0.0
235,57.04855728149414,-0.0,0.0,-0.0,57.04855728149414,0.018893849104642868,1.7946622371673584,0.6009358167648315,-0.0,0.0,0.0,0.0,0.0,0.0,0.0,0.0,0.0,0.0,0.0,0.0,0.023000000044703484,0.023000000044703484,0.02,0.15,0.0,0.0,0.0,0.0,0.0,0.0,0.0,0.0,0.0,0.0,0.0,0.0,0.030321277678012848,0.09484823793172836,0.000833545190289442,17.762744903564453,141,nan,-1.0,True,,False,0.010050058364868164,0.0,0.010050058364868164,100.0,100.0,1.0,0.0,0.0,0.0,0.0,0.0
236,71.68214416503906,-0.0,0.0,-0.0,71.68214416503906,0.012528909370303154,1.7907432317733765,0.6008895039558411,-0.0,0.0,0.0,0.0,0.0,0.0,0.0,0.0,0.0,0.0,0.0,0.0,0.023000000044703484,0.023000000044703484,0.02,0.15,0.0,0.0,0.0,0.0,0.0,0.0,0.0,0.0,0.0,0.0,0.0,0.0,0.0308616254478693,0.09478270262479782,0.0008175669249794737,17.762744903564453,141,nan,-1.0,True,,False,0.010050058364868164,0.0,0.010050058364868164,100.0,100.0,1.0,0.0,0.0,0.0,0.0,0.0
237,64.37247467041016,-0.0,0.0,-0.0,64.37247467041016,0.015269924886524677,1.789726972579956,0.6007582545280457,-0.0,0.0,0.0,0.0,0.0,0.0,0.0,0.0,0.0,0.0,0.0,0.0,0.023000000044703484,0.023000000044703484,0.02,0.15,0.0,0.0,0.0,0.0,0.0,0.0,0.0,0.0,0.0,0.0,0.0,0.0,0.03139195218682289,0.0946362242102623,0.0014829354631729075,17.762744903564453,141,nan,-1.0,True,,False,0.010050058364868164,0.0,0.010050058364868164,100.0,100.0,1.0,0.0,0.0,0.0,0.0,0.0
238,133.50143432617188,-0.0,0.0,-0.0,133.50143432617188,0.003134685568511486,1.788702130317688,0.6006730198860168,-0.0,0.0,0.0,0.0,0.0,0.0,0.0,0.0,0.0,0.0,0.0,0.0,0.023000000044703484,0.023000000044703484,0.02,0.15,0.0,0.0,0.0,0.0,0.0,0.0,0.0,0.0,0.0,0.0,0.0,0.0,0.0318976491689682,0.09449314326047897,0.001499391465131339,17.762744903564453,141,nan,-1.0,True,,False,0.010050058364868164,0.0,0.010050058364868164,100.0,100.0,1.0,0.0,0.0,0.0,0.0,0.0
239,75.5355224609375,-0.0,0.0,-0.0,75.5355224609375,0.011310020461678505,1.7876911163330078,0.6005859375,-0.0,0.0,0.0,0.0,0.0,0.0,0.0,0.0,0.0,0.0,0.0,0.0,0.023000000044703484,0.023000000044703484,0.02,0.15,0.0,0.0,0.0,0.0,0.0,0.0,0.0,0.0,0.0,0.0,0.0,0.0,0.032426152378320694,0.09436627477407455,0.0015727486434116145,17.762744903564453,141,nan,-1.0,True,,False,0.010050058364868164,0.0,0.010050058364868164,100.0,100.0,1.0,0.0,0.0,0.0,0.0,0.0
240,127.09017944335938,-0.0,0.0,-0.0,127.09017944335938,0.003554724156856537,1.786707878112793,0.6005415916442871,-0.0,0.0,0.0,0.0,0.0,0.0,0.0,0.0,0.0,0.0,0.0,0.0,0.023000000044703484,0.023000000044703484,0.02,0.15,0.0,0.0,0.0,0.0,0.0,0.0,0.0,0.0,0.0,0.0,0.0,0.0,0.032957952469587326,0.09431430697441101,0.0015765859698149143,17.762744903564453,141,nan,-1.0,True,,False,0.010050058364868164,0.0,0.010050058364868164,100.0,100.0,1.0,0.0,0.0,0.0,0.0,0.0
241,82.65657806396484,-0.0,0.0,-0.0,82.65657806396484,0.00945461168885231,1.7860503196716309,0.6005012392997742,-0.0,0.0,0.0,0.0,0.0,0.0,0.0,0.0,0.0,0.0,0.0,0.0,0.023000000044703484,0.023000000044703484,0.02,0.15,0.0,0.0,0.0,0.0,0.0,0.0,0.0,0.0,0.0,0.0,0.0,0.0,0.0334833599627018,0.09406545013189316,0.00030367502085937303,17.762744903564453,141,nan,-1.0,True,,False,0.010050058364868164,0.0,0.010050058364868164,100.0,100.0,1.0,0.0,0.0,0.0,0.0,0.0
242,273.7195739746094,-0.0,0.0,-0.0,273.7195739746094,0.00033584522316232324,1.7858885526657104,0.6004875898361206,-0.0,0.0,0.0,0.0,0.0,0.0,0.0,0.0,0.0,0.0,0.0,0.0,0.023000000044703484,0.023000000044703484,0.02,0.15,0.0,0.0,0.0,0.0,0.0,0.0,0.0,0.0,0.0,0.0,0.0,0.0,0.03400281444191933,0.09379703551530838,0.0002935088887170423,17.762744903564453,141,nan,-1.0,True,,False,0.010050058364868164,0.0,0.010050058364868164,100.0,100.0,1.0,0.0,0.0,0.0,0.0,0.0
243,125.66361236572266,-0.0,0.0,-0.0,125.66361236572266,0.003664624411612749,1.7866692543029785,0.6005026698112488,-0.0,0.0,0.0,0.0,0.0,0.0,0.0,0.0,0.0,0.0,0.0,0.0,0.023000000044703484,0.023000000044703484,0.02,0.15,0.0,0.0,0.0,0.0,0.0,0.0,0.0,0.0,0.0,0.0,0.0,0.0,0.03452720865607262,0.09354250878095627,0.0009772659227564873,17.762744903564453,141,nan,-1.0,True,,False,0.010050058364868164,0.0,0.010050058364868164,100.0,100.0,1.0,0.0,0.0,0.0,0.0,0.0
244,132.06724548339844,-0.0,0.0,-0.0,132.06724548339844,0.0032289517112076283,1.7883491516113281,0.6004947423934937,-0.0,0.0,0.0,0.0,0.0,0.0,0.0,0.0,0.0,0.0,0.0,0.0,0.023000000044703484,0.023000000044703484,0.02,0.15,0.0,0.0,0.0,0.0,0.0,0.0,0.0,0.0,0.0,0.0,0.0,0.0,0.035069119185209274,0.09329366683959961,0.0013874590858904412,17.762744903564453,141,nan,-1.0,True,,False,0.010050058364868164,0.0,0.010050058364868164,100.0,100.0,1.0,0.0,0.0,0.0,0.0,0.0
245,179.16217041015625,-0.0,0.0,-0.0,179.16217041015625,0.0013842324260622263,1.790825366973877,0.6005374193191528,-0.0,0.0,0.0,0.0,0.0,0.0,0.0,0.0,0.0,0.0,0.0,0.0,0.023000000044703484,0.023000000044703484,0.02,0.15,0.0,0.0,0.0,0.0,0.0,0.0,0.0,0.0,0.0,0.0,0.0,0.0,0.03560204803943634,0.09306658804416656,0.0014920933417670312,17.762744903564453,141,nan,-1.0,True,,False,0.010050058364868164,0.0,0.010050058364868164,100.0,100.0,1.0,0.0,0.0,0.0,0.0,0.0
246,108.61481475830078,-0.0,0.0,-0.0,108.61481475830078,0.005217089783400297,1.7963054180145264,0.6005964875221252,-0.0,0.0,0.0,0.0,0.0,0.0,0.0,0.0,0.0,0.0,0.0,0.0,0.023000000044703484,0.023000000044703484,0.02,0.15,0.0,0.0,0.0,0.0,0.0,0.0,0.0,0.0,0.0,0.0,0.0,0.0,0.036158639937639236,0.0928562805056572,0.0014426998131966684,17.762744903564453,141,nan,-1.0,True,,False,0.010050058364868164,0.0,0.010050058364868164,100.0,100.0,1.0,0.0,0.0,0.0,0.0,0.0
247,90.40947723388672,-0.0,0.0,-0.0,90.40947723388672,0.007857929915189743,1.8043826818466187,0.6007061004638672,-0.0,0.0,0.0,0.0,0.0,0.0,0.0,0.0,0.0,0.0,0.0,0.0,0.023000000044703484,0.023000000044703484,0.02,0.15,0.0,0.0,0.0,0.0,0.0,0.0,0.0,0.0,0.0,0.0,0.0,0.0,0.0367300920188427,0.09266415238380432,0.0006458362886405666,17.762744903564453,141,nan,-1.0,True,,False,0.010050058364868164,0.0,0.010050058364868164,100.0,100.0,1.0,0.0,0.0,0.0,0.0,0.0
248,90.0953140258789,-0.0,0.0,-0.0,90.0953140258789,0.007921159267425537,1.8145825862884521,0.6008637547492981,-0.0,0.0,0.0,0.0,0.0,0.0,0.0,0.0,0.0,0.0,0.0,0.0,0.023000000044703484,0.023000000044703484,0.02,0.15,0.0,0.0,0.0,0.0,0.0,0.0,0.0,0.0,0.0,0.0,0.0,0.0,0.03730304166674614,0.09247871488332748,0.0014115974881860893,17.762744903564453,141,nan,-1.0,True,,False,0.010050058364868164,0.0,0.010050058364868164,100.0,100.0,1.0,0.0,0.0,0.0,0.0,0.0
249,138.01673889160156,-0.0,0.0,-0.0,138.01673889160156,0.0028845667839050293,1.8260586261749268,0.6010716557502747,-0.0,0.0,0.0,0.0,0.0,0.0,0.0,0.0,0.0,0.0,0.0,0.0,0.023000000044703484,0.023000000044703484,0.02,0.14999999999999997,0.0,0.0,0.0,0.0,0.0,0.0,0.0,0.0,0.0,0.0,0.0,0.0,0.037877157330513,0.09232648462057114,0.0012074474448127148,17.762744903564453,141,nan,-1.0,True,,False,0.010050058364868164,0.0,0.010050058364868164,100.0,100.0,1.0,0.0,0.0,0.0,0.0,0.0
250,138.71534729003906,-0.0,0.0,-0.0,138.71534729003906,0.0028480859473347664,1.8350937366485596,0.6012661457061768,-0.0,0.0,0.0,0.0,0.0,0.0,0.0,0.0,0.0,0.0,0.0,0.0,0.023000000044703484,0.023000000044703484,0.02,0.15,0.0,0.0,0.0,0.0,0.0,0.0,0.0,0.0,0.0,0.0,0.0,0.0,0.03845588117837906,0.09221667051315308,0.0015244046080624685,17.762744903564453,141,nan,-1.0,True,,False,0.010050058364868164,0.0,0.010050058364868164,100.0,100.0,1.0,0.0,0.0,0.0,0.0,0.0
251,121.76872253417969,-0.0,0.0,-0.0,121.76872253417969,0.003975332714617252,1.8406535387039185,0.6014722585678101,-0.0,0.0,0.0,0.0,0.0,0.0,0.0,0.0,0.0,0.0,0.0,0.0,0.023000000044703484,0.023000000044703484,0.02,0.15,0.0,0.0,0.0,0.0,0.0,0.0,0.0,0.0,0.0,0.0,0.0,0.0,0.039036691188812256,0.09214101731777191,0.0017798650492295565,17.762744903564453,141,nan,-1.0,True,,False,0.010050058364868164,0.0,0.010050058364868164,100.0,100.0,1.0,0.0,0.0,0.0,0.0,0.0
252,113.69445037841797,-0.0,0.0,-0.0,113.69445037841797,0.004700785502791405,1.8449122905731201,0.6016955375671387,-0.0,0.0,0.0,0.0,0.0,0.0,0.0,0.0,0.0,0.0,0.0,0.0,0.023000000044703484,0.023000000044703484,0.02,0.15,0.0,0.0,0.0,0.0,0.0,0.0,0.0,0.0,0.0,0.0,0.0,0.0,0.03962809592485428,0.0921054258942604,0.0016523293024874874,17.762744903564453,141,nan,-1.0,True,,False,0.010050058364868164,0.0,0.010050058364868164,100.0,100.0,1.0,0.0,0.0,0.0,0.0,0.0
253,176.90579223632812,-0.0,0.0,-0.0,176.90579223632812,0.0014426707057282329,1.8487406969070435,0.601876974105835,-0.0,0.0,0.0,0.0,0.0,0.0,0.0,0.0,0.0,0.0,0.0,0.0,0.023000000044703484,0.023000000044703484,0.02,0.15,0.0,0.0,0.0,0.0,0.0,0.0,0.0,0.0,0.0,0.0,0.0,0.0,0.040216777473688126,0.09211836755275726,0.000625902011506696,17.762744903564453,141,nan,-1.0,True,,False,0.010050058364868164,0.0,0.010050058364868164,100.0,100.0,1.0,0.0,0.0,0.0,0.0,0.0
254,141.27610778808594,-0.0,0.0,-0.0,141.27610778808594,0.0027172972913831472,1.8530296087265015,0.6020232439041138,-0.0,0.0,0.0,0.0,0.0,0.0,0.0,0.0,0.0,0.0,0.0,0.0,0.023000000044703484,0.023000000044703484,0.02,0.15000000000000002,0.0,0.0,0.0,0.0,0.0,0.0,0.0,0.0,0.0,0.0,0.0,0.0,0.040802910923957825,0.09215330332517624,0.0007386452343780547,17.762744903564453,141,nan,-1.0,True,,False,0.010050058364868164,0.0,0.010050058364868164,100.0,100.0,1.0,0.0,0.0,0.0,0.0,0.0
255,92.08114624023438,-0.0,0.0,-0.0,92.08114624023438,0.007581997662782669,1.8579819202423096,0.6021220684051514,-0.0,0.0,0.0,0.0,0.0,0.0,0.0,0.0,0.0,0.0,0.0,0.0,0.023000000044703484,0.023000000044703484,0.02,0.15,0.0,0.0,0.0,0.0,0.0,0.0,0.0,0.0,0.0,0.0,0.0,0.0,0.04137513414025307,0.0920678898692131,0.0009161976704490371,17.762744903564453,141,nan,-1.0,True,,False,0.010050058364868164,0.0,0.010050058364868164,100.0,100.0,1.0,0.0,0.0,0.0,0.0,0.0
256,105.37195587158203,-0.0,0.0,-0.0,105.37195587158203,0.0056161582469940186,1.8628604412078857,0.6022505760192871,-0.0,0.0,0.0,0.0,0.0,0.0,0.0,0.0,0.0,0.0,0.0,0.0,0.023000000044703484,0.023000000044703484,0.02,0.15,0.0,0.0,0.0,0.0,0.0,0.0,0.0,0.0,0.0,0.0,0.0,0.0,0.0419275127351284,0.09199081361293793,0.001316971063715755,17.762744903564453,141,nan,-1.0,True,,False,0.010050058364868164,0.0,0.010050058364868164,100.0,100.0,1.0,0.0,0.0,0.0,0.0,0.0
257,165.37606811523438,-0.0,0.0,-0.0,165.37606811523438,0.0017561550484970212,1.8678414821624756,0.6024213433265686,-0.0,0.0,0.0,0.0,0.0,0.0,0.0,0.0,0.0,0.0,0.0,0.0,0.023000000044703484,0.023000000044703484,0.02,0.15,0.0,0.0,0.0,0.0,0.0,0.0,0.0,0.0,0.0,0.0,0.0,0.0,0.042471159249544144,0.09191367775201797,0.0012622661279237946,17.762744903564453,141,nan,-1.0,True,,False,0.010050058364868164,0.0,0.010050058364868164,100.0,100.0,1.0,0.0,0.0,0.0,0.0,0.0
258,83.63723754882812,-0.0,0.0,-0.0,83.63723754882812,0.009289281442761421,1.87270188331604,0.6025316715240479,-0.0,0.0,0.0,0.0,0.0,0.0,0.0,0.0,0.0,0.0,0.0,0.0,0.023000000044703484,0.023000000044703484,0.02,0.15,0.0,0.0,0.0,0.0,0.0,0.0,0.0,0.0,0.0,0.0,0.0,0.0,0.04299148544669151,0.09182089567184448,0.0009332016043117619,17.762744903564453,141,nan,-1.0,True,,False,0.010050058364868164,0.0,0.010050058364868164,100.0,100.0,1.0,0.0,0.0,0.0,0.0,0.0
259,89.4393310546875,-0.0,0.0,-0.0,89.4393310546875,0.008075416088104248,1.8777849674224854,0.6025941967964172,-0.0,0.0,0.0,0.0,0.0,0.0,0.0,0.0,0.0,0.0,0.0,0.0,0.023000000044703484,0.023000000044703484,0.02,0.15,0.0,0.0,0.0,0.0,0.0,0.0,0.0,0.0,0.0,0.0,0.0,0.0,0.043480318039655685,0.09171177446842194,0.0006717830810885062,17.762744903564453,141,nan,-1.0,True,,False,0.010050058364868164,0.0,0.010050058364868164,100.0,100.0,1.0,0.0,0.0,0.0,0.0,0.0
260,78.31340789794922,-0.0,0.0,-0.0,78.31340789794922,0.010610678233206272,1.8829426765441895,0.6026502847671509,-0.0,0.0,0.0,0.0,0.0,0.0,0.0,0.0,0.0,0.0,0.0,0.0,0.023000000044703484,0.023000000044703484,0.02,0.15,0.0,0.0,0.0,0.0,0.0,0.0,0.0,0.0,0.0,0.0,0.0,0.0,0.043956417590379715,0.09157649427652359,0.0006785069085708528,17.762744903564453,141,nan,-1.0,True,,False,0.010050058364868164,0.0,0.010050058364868164,100.0,100.0,1.0,0.0,0.0,0.0,0.0,0.0
261,64.57328033447266,-0.0,0.0,-0.0,64.57328033447266,0.015309883281588554,1.8883681297302246,0.6027185916900635,-0.0,0.0,0.0,0.0,0.0,0.0,0.0,0.0,0.0,0.0,0.0,0.0,0.023000000044703484,0.023000000044703484,0.02,0.15,0.0,0.0,0.0,0.0,0.0,0.0,0.0,0.0,0.0,0.0,0.0,0.0,0.04443100839853287,0.09142863005399704,0.0008031470210880798,17.762744903564453,141,nan,-1.0,True,,False,0.010050058364868164,0.0,0.010050058364868164,100.0,100.0,1.0,0.0,0.0,0.0,0.0,0.0
262,158.82159423828125,-0.0,0.0,-0.0,158.82159423828125,0.001978965476155281,1.893094539642334,0.6027966141700745,-0.0,0.0,0.0,0.0,0.0,0.0,0.0,0.0,0.0,0.0,0.0,0.0,0.023000000044703484,0.023000000044703484,0.02,0.14999999999999997,0.0,0.0,0.0,0.0,0.0,0.0,0.0,0.0,0.0,0.0,0.0,0.0,0.04489922523498535,0.091207355260849,0.0005329956952664361,17.762744903564453,141,nan,-1.0,True,,False,0.010050058364868164,0.0,0.010050058364868164,100.0,100.0,1.0,0.0,0.0,0.0,0.0,0.0
263,155.1332244873047,-0.0,0.0,-0.0,155.1332244873047,0.0021082330495119095,1.8976542949676514,0.602703332901001,-0.0,0.0,0.0,0.0,0.0,0.0,0.0,0.0,0.0,0.0,0.0,0.0,0.023000000044703484,0.023000000044703484,0.02,0.15,0.0,0.0,0.0,0.0,0.0,0.0,0.0,0.0,0.0,0.0,0.0,0.0,0.045379217714071274,0.09033533185720444,0.0011082908326898178,17.762744903564453,141,nan,-1.0,True,,False,0.010050058364868164,0.0,0.010050058364868164,100.0,100.0,1.0,0.0,0.0,0.0,0.0,0.0
264,85.45919799804688,-0.0,0.0,-0.0,85.45919799804688,0.008882737718522549,1.9024884700775146,0.6025813221931458,-0.0,0.0,0.0,0.0,0.0,0.0,0.0,0.0,0.0,0.0,0.0,0.0,0.023000000044703484,0.023000000044703484,0.02,0.15,0.0,0.0,0.0,0.0,0.0,0.0,0.0,0.0,0.0,0.0,0.0,0.0,0.04586973413825035,0.08949810266494751,0.0013201329747971613,17.762744903564453,141,nan,-1.0,True,,False,0.010050058364868164,0.0,0.010050058364868164,100.0,100.0,1.0,0.0,0.0,0.0,0.0,0.0
265,75.12673950195312,-0.0,0.0,-0.0,75.12673950195312,0.011499738320708275,1.9080090522766113,0.6024828553199768,-0.0,0.0,0.0,0.0,0.0,0.0,0.0,0.0,0.0,0.0,0.0,0.0,0.023000000044703484,0.023000000044703484,0.02,0.15,0.0,0.0,0.0,0.0,0.0,0.0,0.0,0.0,0.0,0.0,0.0,0.0,0.04635315760970116,0.08873730897903442,0.001302246766499593,17.762744903564453,141,nan,-1.0,True,,False,0.010050058364868164,0.0,0.010050058364868164,100.0,100.0,1.0,0.0,0.0,0.0,0.0,0.0
266,123.79878234863281,-0.0,0.0,-0.0,123.79878234863281,0.003816315671429038,1.914151668548584,0.6024061441421509,-0.0,0.0,0.0,0.0,0.0,0.0,0.0,0.0,0.0,0.0,0.0,0.0,0.023000000044703484,0.023000000044703484,0.02,0.15,0.0,0.0,0.0,0.0,0.0,0.0,0.0,0.0,0.0,0.0,0.0,0.0,0.04682574048638344,0.08806541562080383,0.001296707690016774,17.762744903564453,141,nan,-1.0,True,,False,0.010050058364868164,0.0,0.010050058364868164,100.0,100.0,1.0,0.0,0.0,0.0,0.0,0.0
267,141.4910430908203,-0.0,0.0,-0.0,141.4910430908203,0.002704499987885356,1.9203605651855469,0.6023302674293518,-0.0,0.0,0.0,0.0,0.0,0.0,0.0,0.0,0.0,0.0,0.0,0.0,0.023000000044703484,0.023000000044703484,0.02,0.15,0.0,0.0,0.0,0.0,0.0,0.0,0.0,0.0,0.0,0.0,0.0,0.0,0.04729233309626579,0.0874776691198349,0.0014222097761376062,17.762744903564453,141,nan,-1.0,True,,False,0.010050058364868164,0.0,0.010050058364868164,100.0,100.0,1.0,0.0,0.0,0.0,0.0,0.0
268,110.28630828857422,-0.0,0.0,-0.0,110.28630828857422,0.005046798847615719,1.9200339317321777,0.6022189855575562,-0.0,0.0,0.0,0.0,0.0,0.0,0.0,0.0,0.0,0.0,0.0,0.0,0.023000000044703484,0.023000000044703484,0.02,0.15000000000000002,0.0,0.0,0.0,0.0,0.0,0.0,0.0,0.0,0.0,0.0,0.0,0.0,0.04775357246398926,0.08698604255914688,0.0015568309581794892,17.762744903564453,141,nan,-1.0,True,,False,0.010050058364868164,0.0,0.010050058364868164,100.0,100.0,1.0,0.0,0.0,0.0,0.0,0.0
269,126.27497863769531,-0.0,0.0,-0.0,126.27497863769531,0.0036283577792346478,1.9172495603561401,0.6021201014518738,-0.0,0.0,0.0,0.0,0.0,0.0,0.0,0.0,0.0,0.0,0.0,0.0,0.023000000044703484,0.023000000044703484,0.02,0.15,0.0,0.0,0.0,0.0,0.0,0.0,0.0,0.0,0.0,0.0,0.0,0.0,0.04822836443781853,0.08658701181411743,0.0010852515001715801,17.762744903564453,141,nan,-1.0,True,,False,0.010050058364868164,0.0,0.010050058364868164,100.0,100.0,1.0,0.0,0.0,0.0,0.0,0.0
270,115.12688446044922,-0.0,0.0,-0.0,115.12688446044922,0.004553513135761023,1.9144994020462036,0.6020113825798035,-0.0,0.0,0.0,0.0,0.0,0.0,0.0,0.0,0.0,0.0,0.0,0.0,0.023000000044703484,0.023000000044703484,0.02,0.15,0.0,0.0,0.0,0.0,0.0,0.0,0.0,0.0,0.0,0.0,0.0,0.0,0.04868563637137413,0.08634505420923233,0.0019998001280328026,17.762744903564453,141,nan,-1.0,True,,False,0.010050058364868164,0.0,0.010050058364868164,100.0,100.0,1.0,0.0,0.0,0.0,0.0,0.0
271,85.8875961303711,-0.0,0.0,-0.0,85.8875961303711,0.008763805031776428,1.9114470481872559,0.6019026637077332,-0.0,0.0,0.0,0.0,0.0,0.0,0.0,0.0,0.0,0.0,0.0,0.0,0.023000000044703484,0.023000000044703484,0.02,0.15,0.0,0.0,0.0,0.0,0.0,0.0,0.0,0.0,0.0,0.0,0.0,0.0,0.04915321245789528,0.08620861172676086,0.002025815518663876,17.762744903564453,141,nan,-1.0,True,,False,0.010050058364868164,0.0,0.010050058364868164,100.0,100.0,1.0,0.0,0.0,0.0,0.0,0.0
272,84.94141387939453,-0.0,0.0,-0.0,84.94141387939453,0.008960177190601826,1.9088749885559082,0.6018157601356506,-0.0,0.0,0.0,0.0,0.0,0.0,0.0,0.0,0.0,0.0,0.0,0.0,0.023000000044703484,0.023000000044703484,0.02,0.14999999999999997,0.0,0.0,0.0,0.0,0.0,0.0,0.0,0.0,0.0,0.0,0.0,0.0,0.049602411687374115,0.08623764663934708,0.0020445428672246635,17.762744903564453,141,nan,-1.0,True,,False,0.010050058364868164,0.0,0.010050058364868164,100.0,100.0,1.0,0.0,0.0,0.0,0.0,0.0
273,74.23118591308594,-0.0,0.0,-0.0,74.23118591308594,0.011735016480088234,1.9069709777832031,0.6017855405807495,-0.0,0.0,0.0,0.0,0.0,0.0,0.0,0.0,0.0,0.0,0.0,0.0,0.023000000044703484,0.023000000044703484,0.02,0.15,0.0,0.0,0.0,0.0,0.0,0.0,0.0,0.0,0.0,0.0,0.0,0.0,0.05003214627504349,0.08650815486907959,0.0020578142753038264,17.762744903564453,141,nan,-1.0,True,,False,0.010050058364868164,0.0,0.010050058364868164,100.0,100.0,1.0,0.0,0.0,0.0,0.0,0.0
274,134.4547576904297,-0.0,0.0,-0.0,134.4547576904297,0.0030857836827635765,1.9097366333007812,0.6017419695854187,-0.0,0.0,0.0,0.0,0.0,0.0,0.0,0.0,0.0,0.0,0.0,0.0,0.023000000044703484,0.023000000044703484,0.02,0.15,0.0,0.0,0.0,0.0,0.0,0.0,0.0,0.0,0.0,0.0,0.0,0.0,0.05044401064515114,0.08692777901887894,0.0009874266356746375,17.762744903564453,141,nan,-1.0,True,,False,0.010050058364868164,0.0,0.010050058364868164,100.0,100.0,1.0,0.0,0.0,0.0,0.0,0.0
275,111.61847686767578,-0.0,0.0,-0.0,111.61847686767578,0.0048917075619101524,1.928121566772461,0.6015772819519043,-0.0,0.0,0.0,0.0,0.0,0.0,0.0,0.0,0.0,0.0,0.0,0.0,0.023000000044703484,0.023000000044703484,0.02,0.15,0.0,0.0,0.0,0.0,0.0,0.0,0.0,0.0,0.0,0.0,0.0,0.0,0.050846297293901443,0.0867084264755249,0.0004144716872360732,17.762744903564453,141,nan,-1.0,True,,False,0.010050058364868164,0.0,0.010050058364868164,100.0,100.0,1.0,0.0,0.0,0.0,0.0,0.0
276,130.11952209472656,-0.0,0.0,-0.0,130.11952209472656,0.0033519319258630276,1.9449949264526367,0.6014082431793213,-0.0,0.0,0.0,0.0,0.0,0.0,0.0,0.0,0.0,0.0,0.0,0.0,0.023000000044703484,0.023000000044703484,0.02,0.15,0.0,0.0,0.0,0.0,0.0,0.0,0.0,0.0,0.0,0.0,0.0,0.0,0.05124816671013832,0.08603038638830185,0.0004061026847921312,17.762744903564453,141,nan,-1.0,True,,False,0.010050058364868164,0.0,0.010050058364868164,100.0,100.0,1.0,0.0,0.0,0.0,0.0,0.0
277,86.32286834716797,-0.0,0.0,-0.0,86.32286834716797,0.00864945538341999,1.9622349739074707,0.6012902855873108,-0.0,0.0,0.0,0.0,0.0,0.0,0.0,0.0,0.0,0.0,0.0,0.0,0.023000000044703484,0.023000000044703484,0.02,0.14999999999999997,0.0,0.0,0.0,0.0,0.0,0.0,0.0,0.0,0.0,0.0,0.0,0.0,0.051658134907484055,0.08548060059547424,0.001082046378087398,17.762744903564453,141,nan,-1.0,True,,False,0.010050058364868164,0.0,0.010050058364868164,100.0,100.0,1.0,0.0,0.0,0.0,0.0,0.0
278,137.91952514648438,-0.0,0.0,-0.0,137.91952514648438,0.002880813553929329,1.980386734008789,0.6012488007545471,-0.0,0.0,0.0,0.0,0.0,0.0,0.0,0.0,0.0,0.0,0.0,0.0,0.023000000044703484,0.023000000044703484,0.02,0.14999999999999997,0.0,0.0,0.0,0.0,0.0,0.0,0.0,0.0,0.0,0.0,0.0,0.0,0.05206594243645668,0.08496549725532532,0.0010804966336763755,17.762744903564453,141,nan,-1.0,True,,False,0.010050058364868164,0.0,0.010050058364868164,100.0,100.0,1.0,0.0,0.0,0.0,0.0,0.0
279,240.16839599609375,-0.0,0.0,-0.0,240.16839599609375,0.0005367979174479842,1.9993624687194824,0.6012551188468933,-0.0,0.0,0.0,0.0,0.0,0.0,0.0,0.0,0.0,0.0,0.0,0.0,0.023000000044703484,0.023000000044703484,0.02,0.15,0.0,0.0,0.0,0.0,0.0,0.0,0.0,0.0,0.0,0.0,0.0,0.0,0.05246954783797264,0.08444195985794067,0.0010742655240392196,17.762744903564453,141,nan,-1.0,True,,False,0.010050058364868164,0.0,0.010050058364868164,100.0,100.0,1.0,0.0,0.0,0.0,0.0,0.0
280,164.43902587890625,-0.0,0.0,-0.0,164.43902587890625,0.0017782981740310788,2.0192108154296875,0.601287841796875,-0.0,0.0,0.0,0.0,0.0,0.0,0.0,0.0,0.0,0.0,0.0,0.0,0.023000000044703484,0.023000000044703484,0.02,0.15,0.0,0.0,0.0,0.0,0.0,0.0,0.0,0.0,0.0,0.0,0.0,0.0,0.05286506563425064,0.08395456522703171,0.0010651802090251294,17.762744903564453,141,nan,-1.0,True,,False,0.010050058364868164,0.0,0.010050058364868164,100.0,100.0,1.0,0.0,0.0,0.0,0.0,0.0
281,113.13263702392578,-0.0,0.0,-0.0,113.13263702392578,0.0047374265268445015,2.0402960777282715,0.6013461351394653,-0.0,0.0,0.0,0.0,0.0,0.0,0.0,0.0,0.0,0.0,0.0,0.0,0.023000000044703484,0.023000000044703484,0.02,0.15,0.0,0.0,0.0,0.0,0.0,0.0,0.0,0.0,0.0,0.0,0.0,0.0,0.05326220393180847,0.08351144194602966,0.0010561902458903205,17.762744903564453,141,nan,-1.0,True,,False,0.010050058364868164,0.0,0.010050058364868164,100.0,100.0,1.0,0.0,0.0,0.0,0.0,0.0
282,84.26046752929688,-0.0,0.0,-0.0,84.26046752929688,0.00911172665655613,2.0626277923583984,0.6014320254325867,-0.0,0.0,0.0,0.0,0.0,0.0,0.0,0.0,0.0,0.0,0.0,0.0,0.023000000044703484,0.023000000044703484,0.019999999999999997,0.15,0.0,0.0,0.0,0.0,0.0,0.0,0.0,0.0,0.0,0.0,0.0,0.0,0.053665898740291595,0.08308461308479309,0.0010165374742427957,17.762744903564453,141,nan,-1.0,True,,False,0.010050058364868164,0.0,0.010050058364868164,100.0,100.0,1.0,0.0,0.0,0.0,0.0,0.0
283,218.52203369140625,-0.0,0.0,-0.0,218.52203369140625,0.0007411621045321226,2.08634090423584,0.6015496253967285,-0.0,0.0,0.0,0.0,0.0,0.0,0.0,0.0,0.0,0.0,0.0,0.0,0.023000000044703484,0.023000000044703484,0.02,0.15,0.0,0.0,0.0,0.0,0.0,0.0,0.0,0.0,0.0,0.0,0.0,0.0,0.05407261848449707,0.08268225193023682,0.0007114233449101448,17.762744903564453,141,nan,-1.0,True,,False,0.010050058364868164,0.0,0.010050058364868164,100.0,100.0,1.0,0.0,0.0,0.0,0.0,0.0
284,116.89342498779297,-0.0,0.0,-0.0,116.89342498779297,0.004385670181363821,2.111827850341797,0.6015914678573608,-0.0,0.0,0.0,0.0,0.0,0.0,0.0,0.0,0.0,0.0,0.0,0.0,0.023000000044703484,0.023000000044703484,0.019999999999999997,0.15000000000000002,0.0,0.0,0.0,0.0,0.0,0.0,0.0,0.0,0.0,0.0,0.0,0.0,0.05449134111404419,0.08228408545255661,0.00044385723913364927,17.762744903564453,141,nan,-1.0,True,,False,0.010050058364868164,0.0,0.010050058364868164,100.0,100.0,1.0,0.0,0.0,0.0,0.0,0.0
285,57.34315872192383,-0.0,0.0,-0.0,57.34315872192383,0.018741615116596222,2.139280319213867,0.6016094088554382,-0.0,0.0,0.0,0.0,0.0,0.0,0.0,0.0,0.0,0.0,0.0,0.0,0.023000000044703484,0.023000000044703484,0.02,0.15,0.0,0.0,0.0,0.0,0.0,0.0,0.0,0.0,0.0,0.0,0.0,0.0,0.054918620735406876,0.08190217614173889,0.0004449474668035691,17.762744903564453,141,nan,-1.0,True,,False,0.010050058364868164,0.0,0.010050058364868164,100.0,100.0,1.0,0.0,0.0,0.0,0.0,0.0
286,119.21404266357422,-0.0,0.0,-0.0,119.21404266357422,0.004177877213805914,2.1688828468322754,0.6016641855239868,-0.0,0.0,0.0,0.0,0.0,0.0,0.0,0.0,0.0,0.0,0.0,0.0,0.023000000044703484,0.023000000044703484,0.019999999999999997,0.15,0.0,0.0,0.0,0.0,0.0,0.0,0.0,0.0,0.0,0.0,0.0,0.0,0.055356159806251526,0.081541508436203,0.001296680809900863,17.762744903564453,141,nan,-1.0,True,,False,0.010050058364868164,0.0,0.010050058364868164,100.0,100.0,1.0,0.0,0.0,0.0,0.0,0.0
287,140.0233154296875,-0.0,0.0,-0.0,140.0233154296875,0.0027741994708776474,2.2018680572509766,0.6017179489135742,-0.0,0.0,0.0,0.0,0.0,0.0,0.0,0.0,0.0,0.0,0.0,0.0,0.023000000044703484,0.023000000044703484,0.02,0.15,0.0,0.0,0.0,0.0,0.0,0.0,0.0,0.0,0.0,0.0,0.0,0.0,0.05580594018101692,0.081220343708992,0.001629891336961009,17.762744903564453,141,nan,-1.0,True,,False,0.010050058364868164,0.0,0.010050058364868164,100.0,100.0,1.0,0.0,0.0,0.0,0.0,0.0
288,193.02853393554688,-0.0,0.0,-0.0,193.02853393554688,0.001104078721255064,2.238797187805176,0.6017580628395081,-0.0,0.0,0.0,0.0,0.0,0.0,0.0,0.0,0.0,0.0,0.0,0.0,0.023000000044703484,0.023000000044703484,0.019999999999999997,0.14999999999999997,0.0,0.0,0.0,0.0,0.0,0.0,0.0,0.0,0.0,0.0,0.0,0.0,0.05628351867198944,0.08090601116418839,0.0008922819665713178,17.762744903564453,141,nan,-1.0,True,,False,0.010050058364868164,0.0,0.010050058364868164,100.0,100.0,1.0,0.0,0.0,0.0,0.0,0.0
289,86.48565673828125,-0.0,0.0,-0.0,86.48565673828125,0.008624546229839325,2.2418718338012695,0.6016139388084412,-0.0,0.0,0.0,0.0,0.0,0.0,0.0,0.0,0.0,0.0,0.0,0.0,0.023000000044703484,0.023000000044703484,0.02,0.15,0.0,0.0,0.0,0.0,0.0,0.0,0.0,0.0,0.0,0.0,0.0,0.0,0.05677264928817749,0.08062741905450821,0.0008920119339563826,17.762744903564453,141,nan,-1.0,True,,False,0.010050058364868164,0.0,0.010050058364868164,100.0,100.0,1.0,0.0,0.0,0.0,0.0,0.0
290,93.93512725830078,-0.0,0.0,-0.0,93.93512725830078,0.00722662964835763,2.2438626289367676,0.6014562249183655,-0.0,0.0,0.0,0.0,0.0,0.0,0.0,0.0,0.0,0.0,0.0,0.0,0.023000000044703484,0.023000000044703484,0.019999999999999997,0.15,0.0,0.0,0.0,0.0,0.0,0.0,0.0,0.0,0.0,0.0,0.0,0.0,0.05727877840399742,0.08038939535617828,0.0028445289974570187,17.762744903564453,141,nan,-1.0,True,,False,0.010050058364868164,0.0,0.010050058364868164,100.0,100.0,1.0,0.0,0.0,0.0,0.0,0.0
291,77.96534729003906,-0.0,0.0,-0.0,77.96534729003906,0.010630825534462929,2.245457649230957,0.6013091206550598,-0.0,0.0,0.0,0.0,0.0,0.0,0.0,0.0,0.0,0.0,0.0,0.0,0.023000000044703484,0.023000000044703484,0.02,0.15,0.0,0.0,0.0,0.0,0.0,0.0,0.0,0.0,0.0,0.0,0.0,0.0,0.05778776481747627,0.0799790695309639,0.0005192163330320909,17.762744903564453,141,nan,-1.0,True,,False,0.010050058364868164,0.0,0.010050058364868164,100.0,100.0,1.0,0.0,0.0,0.0,0.0,0.0
292,85.8790283203125,-0.0,0.0,-0.0,85.8790283203125,0.008736241608858109,2.247321128845215,0.6012033820152283,-0.0,0.0,0.0,0.0,0.0,0.0,0.0,0.0,0.0,0.0,0.0,0.0,0.023000000044703484,0.023000000044703484,0.019999999999999997,0.15,0.0,0.0,0.0,0.0,0.0,0.0,0.0,0.0,0.0,0.0,0.0,0.0,0.058307331055402756,0.07958123087882996,0.0005205794745961612,17.762744903564453,141,nan,-1.0,True,,False,0.010050058364868164,0.0,0.010050058364868164,100.0,100.0,1.0,0.0,0.0,0.0,0.0,0.0
293,69.30265045166016,-0.0,0.0,-0.0,69.30265045166016,0.013321125879883766,2.249208927154541,0.6010978817939758,-0.0,0.0,0.0,0.0,0.0,0.0,0.0,0.0,0.0,0.0,0.0,0.0,0.023000000044703484,0.023000000044703484,0.02,0.15,0.0,0.0,0.0,0.0,0.0,0.0,0.0,0.0,0.0,0.0,0.0,0.0,0.058847349137067795,0.07924798876047134,0.0011606637044678791,17.762744903564453,141,nan,-1.0,True,,False,0.010050058364868164,0.0,0.010050058364868164,100.0,100.0,1.0,0.0,0.0,0.0,0.0,0.0
294,100.23807525634766,-0.0,0.0,-0.0,100.23807525634766,0.006252829916775227,2.251600742340088,0.6010295748710632,-0.0,0.0,0.0,0.0,0.0,0.0,0.0,0.0,0.0,0.0,0.0,0.0,0.023000000044703484,0.023000000044703484,0.019999999999999997,0.15,0.0,0.0,0.0,0.0,0.0,0.0,0.0,0.0,0.0,0.0,0.0,0.0,0.05940169095993042,0.07898354530334473,0.0010176717628382903,17.762744903564453,141,nan,-1.0,True,,False,0.010050058364868164,0.0,0.010050058364868164,100.0,100.0,1.0,0.0,0.0,0.0,0.0,0.0
295,39.1641731262207,-0.0,0.0,-0.0,39.1641731262207,0.033642299473285675,2.2542715072631836,0.6008016467094421,-0.0,0.0,0.0,0.0,0.0,0.0,0.0,0.0,0.0,0.0,0.0,0.0,0.023000000044703484,0.023000000044703484,0.02,0.15,0.0,0.0,0.0,0.0,0.0,0.0,0.0,0.0,0.0,0.0,0.0,0.0,0.05994923412799835,0.07881168276071548,0.001109357546283718,17.762744903564453,141,nan,-1.0,True,,False,0.010050058364868164,0.0,0.010050058364868164,100.0,100.0,1.0,0.0,0.0,0.0,0.0,0.0
296,50.975860595703125,-0.0,0.0,-0.0,50.975860595703125,0.02261744625866413,2.257045269012451,0.600595235824585,-0.0,0.0,0.0,0.0,0.0,0.0,0.0,0.0,0.0,0.0,0.0,0.0,0.023000000044703484,0.023000000044703484,0.019999999999999997,0.15000000000000002,0.0,0.0,0.0,0.0,0.0,0.0,0.0,0.0,0.0,0.0,0.0,0.0,0.060491159558296204,0.07874207198619843,0.0011054035176130128,17.762744903564453,141,nan,-1.0,True,,False,0.010050058364868164,0.0,0.010050058364868164,100.0,100.0,1.0,0.0,0.0,0.0,0.0,0.0
297,72.64707946777344,-0.0,0.0,-0.0,72.64707946777344,0.012157699093222618,2.260110378265381,0.600469172000885,-0.0,0.0,0.0,0.0,0.0,0.0,0.0,0.0,0.0,0.0,0.0,0.0,0.023000000044703484,0.023000000044703484,0.02,0.15,0.0,0.0,0.0,0.0,0.0,0.0,0.0,0.0,0.0,0.0,0.0,0.0,0.06102646514773369,0.07876326143741608,0.0011068279418395832,17.762744903564453,141,nan,-1.0,True,,False,0.010050058364868164,0.0,0.010050058364868164,100.0,100.0,1.0,0.0,0.0,0.0,0.0,0.0
298,140.2115478515625,-0.0,0.0,-0.0,140.2115478515625,0.0027514821849763393,2.2634458541870117,0.6004427671432495,-0.0,0.0,0.0,0.0,0.0,0.0,0.0,0.0,0.0,0.0,0.0,0.0,0.023000000044703484,0.023000000044703484,0.019999999999999997,0.15,0.0,0.0,0.0,0.0,0.0,0.0,0.0,0.0,0.0,0.0,0.0,0.0,0.06156017631292343,0.07865459471940994,0.0011108676631010894,17.762744903564453,141,nan,-1.0,True,,False,0.010050058364868164,0.0,0.010050058364868164,100.0,100.0,1.0,0.0,0.0,0.0,0.0,0.0
299,232.13909912109375,-0.0,0.0,-0.0,232.13909912109375,0.0006023806054145098,2.267247200012207,0.6005107164382935,-0.0,0.0,0.0,0.0,0.0,0.0,0.0,0.0,0.0,0.0,0.0,0.0,0.023000000044703484,0.023000000044703484,0.02,0.15,0.0,0.0,0.0,0.0,0.0,0.0,0.0,0.0,0.0,0.0,0.0,0.0,0.06207847595214844,0.0783071294426918,0.0006106378141339519,17.762744903564453,141,nan,-1.0,True,,False,0.010050058364868164,0.0,0.010050058364868164,100.0,100.0,1.0,0.0,0.0,0.0,0.0,0.0
300,97.19731903076172,-0.0,0.0,-0.0,97.19731903076172,0.006693042814731598,2.2716732025146484,0.6006093621253967,-0.0,0.0,0.0,0.0,0.0,0.0,0.0,0.0,0.0,0.0,0.0,0.0,0.023000000044703484,0.023000000044703484,0.019999999999999997,0.15,0.0,0.0,0.0,0.0,0.0,0.0,0.0,0.0,0.0,0.0,0.0,0.0,0.06259768456220627,0.07803873717784882,0.0006795003423576418,17.762744903564453,141,nan,-1.0,True,,False,0.010050058364868164,0.0,0.010050058364868164,100.0,100.0,1.0,0.0,0.0,0.0,0.0,0.0
301,140.613525390625,-0.0,0.0,-0.0,140.613525390625,0.0027366711292415857,2.2769556045532227,0.6007660627365112,-0.0,0.0,0.0,0.0,0.0,0.0,0.0,0.0,0.0,0.0,0.0,0.0,0.023000000044703484,0.023000000044703484,0.02,0.15000000000000002,0.0,0.0,0.0,0.0,0.0,0.0,0.0,0.0,0.0,0.0,0.0,0.0,0.06311257183551788,0.07785177230834961,0.0007062821023282595,17.762744903564453,141,nan,-1.0,True,,False,0.010050058364868164,0.0,0.010050058364868164,100.0,100.0,1.0,0.0,0.0,0.0,0.0,0.0
302,301.58282470703125,-0.0,0.0,-0.0,301.58282470703125,0.00023255974519997835,2.282773971557617,0.6009379029273987,-0.0,0.0,0.0,0.0,0.0,0.0,0.0,0.0,0.0,0.0,0.0,0.0,0.023000000044703484,0.023000000044703484,0.02,0.15,0.0,0.0,0.0,0.0,0.0,0.0,0.0,0.0,0.0,0.0,0.0,0.0,0.06361744552850723,0.07766665518283844,0.000763242683660792,17.762744903564453,141,nan,-1.0,True,,False,0.010050058364868164,0.0,0.010050058364868164,100.0,100.0,1.0,0.0,0.0,0.0,0.0,0.0
303,161.884521484375,-0.0,0.0,-0.0,161.884521484375,0.001860643271356821,2.2900824546813965,0.6011534929275513,-0.0,0.0,0.0,0.0,0.0,0.0,0.0,0.0,0.0,0.0,0.0,0.0,0.023000000044703484,0.023000000044703484,0.02,0.15000000000000002,0.0,0.0,0.0,0.0,0.0,0.0,0.0,0.0,0.0,0.0,0.0,0.0,0.06411109119653702,0.0774637833237648,0.0008522129037373816,17.762744903564453,141,nan,-1.0,True,,False,0.010050058364868164,0.0,0.010050058364868164,100.0,100.0,1.0,0.0,0.0,0.0,0.0,0.0
304,103.764892578125,-0.0,0.0,-0.0,103.764892578125,0.005789261776953936,2.298705577850342,0.6013465523719788,-0.0,0.0,0.0,0.0,0.0,0.0,0.0,0.0,0.0,0.0,0.0,0.0,0.023000000044703484,0.023000000044703484,0.02,0.14999999999999997,0.0,0.0,0.0,0.0,0.0,0.0,0.0,0.0,0.0,0.0,0.0,0.0,0.0645764172077179,0.07730280607938766,0.0008961124526649655,17.762744903564453,141,nan,-1.0,True,,False,0.010050058364868164,0.0,0.010050058364868164,100.0,100.0,1.0,0.0,0.0,0.0,0.0,0.0
305,76.60592651367188,-0.0,0.0,-0.0,76.60592651367188,0.011012280359864235,2.308396816253662,0.6015819907188416,-0.0,0.0,0.0,0.0,0.0,0.0,0.0,0.0,0.0,0.0,0.0,0.0,0.023000000044703484,0.023000000044703484,0.02,0.15,0.0,0.0,0.0,0.0,0.0,0.0,0.0,0.0,0.0,0.0,0.0,0.0,0.06502419710159302,0.07716350257396698,0.0009095744912883674,17.762744903564453,141,nan,-1.0,True,,False,0.010050058364868164,0.0,0.010050058364868164,100.0,100.0,1.0,0.0,0.0,0.0,0.0,0.0
306,61.45804977416992,-0.0,0.0,-0.0,61.45804977416992,0.016603242605924606,2.3193435668945312,0.6018456816673279,-0.0,0.0,0.0,0.0,0.0,0.0,0.0,0.0,0.0,0.0,0.0,0.0,0.023000000044703484,0.023000000044703484,0.02,0.14999999999999997,0.0,0.0,0.0,0.0,0.0,0.0,0.0,0.0,0.0,0.0,0.0,0.0,0.06545987725257874,0.07705528289079666,0.0007953398744575679,17.762744903564453,141,nan,-1.0,True,,False,0.010050058364868164,0.0,0.010050058364868164,100.0,100.0,1.0,0.0,0.0,0.0,0.0,0.0
307,84.26884460449219,-0.0,0.0,-0.0,84.26884460449219,0.009100276976823807,2.3762118816375732,0.6020545363426208,-0.0,0.0,0.0,0.0,0.0,0.0,0.0,0.0,0.0,0.0,0.0,0.0,0.023000000044703484,0.023000000044703484,0.02,0.15,0.0,0.0,0.0,0.0,0.0,0.0,0.0,0.0,0.0,0.0,0.0,0.0,0.06589477509260178,0.07694962620735168,0.00124262328927216,17.762744903564453,141,nan,-1.0,True,,False,0.010050058364868164,0.0,0.010050058364868164,100.0,100.0,1.0,0.0,0.0,0.0,0.0,0.0
308,159.31292724609375,-0.0,0.0,-0.0,159.31292724609375,0.0019483340438455343,2.468675136566162,0.6023343205451965,-0.0,0.0,0.0,0.0,0.0,0.0,0.0,0.0,0.0,0.0,0.0,0.0,0.023000000044703484,0.023000000044703484,0.02,0.14999999999999997,0.0,0.0,0.0,0.0,0.0,0.0,0.0,0.0,0.0,0.0,0.0,0.0,0.06632880121469498,0.076850026845932,0.0012433615393092623,17.762744903564453,141,nan,-1.0,True,,False,0.010050058364868164,0.0,0.010050058364868164,100.0,100.0,1.0,0.0,0.0,0.0,0.0,0.0
309,165.14178466796875,-0.0,0.0,-0.0,165.14178466796875,0.0017611646326258779,2.578178644180298,0.6027171611785889,-0.0,0.0,0.0,0.0,0.0,0.0,0.0,0.0,0.0,0.0,0.0,0.0,0.023000000044703484,0.023000000044703484,0.02,0.15,0.0,0.0,0.0,0.0,0.0,0.0,0.0,0.0,0.0,0.0,0.0,0.0,0.0667380765080452,0.07676776498556137,0.001896461882552103,17.762744903564453,141,nan,-1.0,True,,False,0.010050058364868164,0.0,0.010050058364868164,100.0,100.0,1.0,0.0,0.0,0.0,0.0,0.0
310,319.5726013183594,-0.0,0.0,-0.0,319.5726013183594,0.00018571490363683552,2.600191354751587,0.6028364896774292,-0.0,0.0,0.0,0.0,0.0,0.0,0.0,0.0,0.0,0.0,0.0,0.0,0.023000000044703484,0.023000000044703484,0.02,0.15,0.0,0.0,0.0,0.0,0.0,0.0,0.0,0.0,0.0,0.0,0.0,0.0,0.06715618073940277,0.07670951634645462,0.0007664761810701748,17.762744903564453,141,nan,-1.0,True,,False,0.010050058364868164,0.0,0.010050058364868164,100.0,100.0,1.0,0.0,0.0,0.0,0.0,0.0
311,180.7425994873047,-0.0,0.0,-0.0,180.7425994873047,0.0013503150548785925,2.604053497314453,0.6029372811317444,-0.0,0.0,0.0,0.0,0.0,0.0,0.0,0.0,0.0,0.0,0.0,0.0,0.023000000044703484,0.023000000044703484,0.02,0.15,0.0,0.0,0.0,0.0,0.0,0.0,0.0,0.0,0.0,0.0,0.0,0.0,0.06756937503814697,0.07670057564973831,0.0007884737174208567,17.762744903564453,141,nan,-1.0,True,,False,0.010050058364868164,0.0,0.010050058364868164,100.0,100.0,1.0,0.0,0.0,0.0,0.0,0.0
312,121.18683624267578,-0.0,0.0,-0.0,121.18683624267578,0.004022787790745497,2.6076741218566895,0.6030463576316833,-0.0,0.0,0.0,0.0,0.0,0.0,0.0,0.0,0.0,0.0,0.0,0.0,0.023000000044703484,0.023000000044703484,0.02,0.15,0.0,0.0,0.0,0.0,0.0,0.0,0.0,0.0,0.0,0.0,0.0,0.0,0.06798459589481354,0.07674214243888855,0.0007928117120172828,17.762744903564453,141,nan,-1.0,True,,False,0.010050058364868164,0.0,0.010050058364868164,100.0,100.0,1.0,0.0,0.0,0.0,0.0,0.0
313,218.08782958984375,-0.0,0.0,-0.0,218.08782958984375,0.0007480719359591603,2.6109120845794678,0.6030730605125427,-0.0,0.0,0.0,0.0,0.0,0.0,0.0,0.0,0.0,0.0,0.0,0.0,0.023000000044703484,0.023000000044703484,0.020000000000000004,0.15,0.0,0.0,0.0,0.0,0.0,0.0,0.0,0.0,0.0,0.0,0.0,0.0,0.06839639693498611,0.07680580019950867,0.0006608507105738681,17.762744903564453,141,nan,-1.0,True,,False,0.010050058364868164,0.0,0.010050058364868164,100.0,100.0,1.0,0.0,0.0,0.0,0.0,0.0
314,83.9388656616211,-0.0,0.0,-0.0,83.9388656616211,0.009214150719344616,2.6141128540039062,0.6030966639518738,-0.0,0.0,0.0,0.0,0.0,0.0,0.0,0.0,0.0,0.0,0.0,0.0,0.023000000044703484,0.023000000044703484,0.02,0.15,0.0,0.0,0.0,0.0,0.0,0.0,0.0,0.0,0.0,0.0,0.0,0.0,0.06881654262542725,0.076863594353199,0.0009720028292576899,17.762744903564453,141,nan,-1.0,True,,False,0.010050058364868164,0.0,0.010050058364868164,100.0,100.0,1.0,0.0,0.0,0.0,0.0,0.0
315,119.86839294433594,-0.0,0.0,-0.0,119.86839294433594,0.00413823826238513,2.6171741485595703,0.6031518578529358,-0.0,0.0,0.0,0.0,0.0,0.0,0.0,0.0,0.0,0.0,0.0,0.0,0.023000000044703484,0.023000000044703484,0.020000000000000004,0.15,0.0,0.0,0.0,0.0,0.0,0.0,0.0,0.0,0.0,0.0,0.0,0.0,0.0692448541522026,0.0767611637711525,0.0013734125054725155,17.762744903564453,141,nan,-1.0,True,,False,0.010050058364868164,0.0,0.010050058364868164,100.0,100.0,1.0,0.0,0.0,0.0,0.0,0.0
316,131.0590362548828,-0.0,0.0,-0.0,131.0590362548828,0.00331155676394701,2.6201205253601074,0.6031763553619385,-0.0,0.0,0.0,0.0,0.0,0.0,0.0,0.0,0.0,0.0,0.0,0.0,0.023000000044703484,0.023000000044703484,0.02,0.15,0.0,0.0,0.0,0.0,0.0,0.0,0.0,0.0,0.0,0.0,0.0,0.0,0.06968491524457932,0.07658742368221283,0.0010893321314142668,17.762744903564453,141,nan,-1.0,True,,False,0.010050058364868164,0.0,0.010050058364868164,100.0,100.0,1.0,0.0,0.0,0.0,0.0,0.0
317,115.63378143310547,-0.0,0.0,-0.0,115.63378143310547,0.004524059593677521,2.6231985092163086,0.6030406951904297,-0.0,0.0,0.0,0.0,0.0,0.0,0.0,0.0,0.0,0.0,0.0,0.0,0.023000000044703484,0.023000000044703484,0.020000000000000004,0.15,0.0,0.0,0.0,0.0,0.0,0.0,0.0,0.0,0.0,0.0,0.0,0.0,0.0701344832777977,0.07640158385038376,0.001139380737186002,17.762744903564453,141,nan,-1.0,True,,False,0.010050058364868164,0.0,0.010050058364868164,100.0,100.0,1.0,0.0,0.0,0.0,0.0,0.0
318,133.8695068359375,-0.0,0.0,-0.0,133.8695068359375,0.003133759368211031,2.627654552459717,0.6027142405509949,-0.0,0.0,0.0,0.0,0.0,0.0,0.0,0.0,0.0,0.0,0.0,0.0,0.023000000044703484,0.023000000044703484,0.02,0.15,0.0,0.0,0.0,0.0,0.0,0.0,0.0,0.0,0.0,0.0,0.0,0.0,0.07057321071624756,0.07623092830181122,0.00035334265885467175,17.762744903564453,141,nan,-1.0,True,,False,0.010050058364868164,0.0,0.010050058364868164,100.0,100.0,1.0,0.0,0.0,0.0,0.0,0.0
319,82.90092468261719,-0.0,0.0,-0.0,82.90092468261719,0.009450124576687813,2.6323108673095703,0.6022515296936035,-0.0,0.0,0.0,0.0,0.0,0.0,0.0,0.0,0.0,0.0,0.0,0.0,0.023000000044703484,0.023000000044703484,0.020000000000000004,0.15,0.0,0.0,0.0,0.0,0.0,0.0,0.0,0.0,0.0,0.0,0.0,0.0,0.0710059106349945,0.0760512724518776,0.00036027002806804376,17.762744903564453,141,nan,-1.0,True,,False,0.010050058364868164,0.0,0.010050058364868164,100.0,100.0,1.0,0.0,0.0,0.0,0.0,0.0
320,117.33502960205078,-0.0,0.0,-0.0,117.33502960205078,0.0043500205501914024,2.63698673248291,0.6017948389053345,-0.0,0.0,0.0,0.0,0.0,0.0,0.0,0.0,0.0,0.0,0.0,0.0,0.023000000044703484,0.023000000044703484,0.02,0.15,0.0,0.0,0.0,0.0,0.0,0.0,0.0,0.0,0.0,0.0,0.0,0.0,0.07144580036401749,0.07589396834373474,0.0009774132968232152,17.762744903564453,141,nan,-1.0,True,,False,0.010050058364868164,0.0,0.010050058364868164,100.0,100.0,1.0,0.0,0.0,0.0,0.0,0.0
321,124.24730682373047,-0.0,0.0,-0.0,124.24730682373047,0.0037746685557067394,2.642056703567505,0.6013460755348206,-0.0,0.0,0.0,0.0,0.0,0.0,0.0,0.0,0.0,0.0,0.0,0.0,0.023000000044703484,0.023000000044703484,0.020000000000000004,0.15,0.0,0.0,0.0,0.0,0.0,0.0,0.0,0.0,0.0,0.0,0.0,0.0,0.07189063727855682,0.07575168460607529,0.0011355903498042608,17.762744903564453,141,nan,-1.0,True,,False,0.010050058364868164,0.0,0.010050058364868164,100.0,100.0,1.0,0.0,0.0,0.0,0.0,0.0
322,173.11839294433594,-0.0,0.0,-0.0,173.11839294433594,0.0015334150521084666,2.6476595401763916,0.6009454131126404,-0.0,0.0,0.0,0.0,0.0,0.0,0.0,0.0,0.0,0.0,0.0,0.0,0.023000000044703484,0.023000000044703484,0.02,0.15000000000000002,0.0,0.0,0.0,0.0,0.0,0.0,0.0,0.0,0.0,0.0,0.0,0.0,0.07233984768390656,0.07562962919473648,0.0011632435089268256,17.762744903564453,141,nan,-1.0,True,,False,0.010050058364868164,0.0,0.010050058364868164,100.0,100.0,1.0,0.0,0.0,0.0,0.0,0.0
323,166.5077362060547,-0.0,0.0,-0.0,166.5077362060547,0.0017200079746544361,2.6532981395721436,0.6005669832229614,-0.0,0.0,0.0,0.0,0.0,0.0,0.0,0.0,0.0,0.0,0.0,0.0,0.023000000044703484,0.023000000044703484,0.020000000000000004,0.15,0.0,0.0,0.0,0.0,0.0,0.0,0.0,0.0,0.0,0.0,0.0,0.0,0.07280027121305466,0.07554762065410614,0.001654305046031368,17.762744903564453,141,nan,-1.0,True,,False,0.010050058364868164,0.0,0.010050058364868164,100.0,100.0,1.0,0.0,0.0,0.0,0.0,0.0
324,198.13829040527344,-0.0,0.0,-0.0,198.13829040527344,0.0010173486080020666,2.6535966396331787,0.6001262068748474,-0.0,0.0,0.0,0.0,0.0,0.0,0.0,0.0,0.0,0.0,0.0,0.0,0.023000000044703484,0.023000000044703484,0.02,0.15,0.0,0.0,0.0,0.0,0.0,0.0,0.0,0.0,0.0,0.0,0.0,0.0,0.0732770785689354,0.07546789199113846,0.000884549969669024,17.762744903564453,141,nan,-1.0,True,,False,0.010050058364868164,0.0,0.010050058364868164,100.0,100.0,1.0,0.0,0.0,0.0,0.0,0.0
325,157.32432556152344,-0.0,0.0,-0.0,157.32432556152344,0.002015319187194109,2.645327091217041,0.5996144413948059,-0.0,0.0,0.0,0.0,0.0,0.0,0.0,0.0,0.0,0.0,0.0,0.0,0.023000000044703484,0.023000000044703484,0.020000000000000004,0.15,0.0,0.0,0.0,0.0,0.0,0.0,0.0,0.0,0.0,0.0,0.0,0.0,0.07378505170345306,0.07539796084165573,0.0008281730456474179,17.762744903564453,141,nan,-1.0,True,,False,0.010050058364868164,0.0,0.010050058364868164,100.0,100.0,1.0,0.0,0.0,0.0,0.0,0.0
326,109.2425765991211,-0.0,0.0,-0.0,109.2425765991211,0.005134608596563339,2.63822865486145,0.5991378426551819,-0.0,0.0,0.0,0.0,0.0,0.0,0.0,0.0,0.0,0.0,0.0,0.0,0.023000000044703484,0.023000000044703484,0.02,0.15,0.0,0.0,0.0,0.0,0.0,0.0,0.0,0.0,0.0,0.0,0.0,0.0,0.07431939989328384,0.07535802572965622,0.001286487201014097,17.762744903564453,141,nan,-1.0,True,,False,0.010050058364868164,0.0,0.010050058364868164,100.0,100.0,1.0,0.0,0.0,0.0,0.0,0.0
327,240.89678955078125,-0.0,0.0,-0.0,240.89678955078125,0.0005294808652251959,2.6328203678131104,0.5987059473991394,-0.0,0.0,0.0,0.0,0.0,0.0,0.0,0.0,0.0,0.0,0.0,0.0,0.023000000044703484,0.023000000044703484,0.020000000000000004,0.14999999999999997,0.0,0.0,0.0,0.0,0.0,0.0,0.0,0.0,0.0,0.0,0.0,0.0,0.07484403252601624,0.07537028938531876,0.0011394149428269884,17.762744903564453,141,nan,-1.0,True,,False,0.010050058364868164,0.0,0.010050058364868164,100.0,100.0,1.0,0.0,0.0,0.0,0.0,0.0
328,83.49945068359375,-0.0,0.0,-0.0,83.49945068359375,0.009220123291015625,2.6285500526428223,0.5982487201690674,-0.0,0.0,0.0,0.0,0.0,0.0,0.0,0.0,0.0,0.0,0.0,0.0,0.023000000044703484,0.023000000044703484,0.02,0.15,0.0,0.0,0.0,0.0,0.0,0.0,0.0,0.0,0.0,0.0,0.0,0.0,0.07538029551506042,0.07539835572242737,0.0013736421265093668,17.762744903564453,141,nan,-1.0,True,,False,0.010050058364868164,0.0,0.010050058364868164,100.0,100.0,1.0,0.0,0.0,0.0,0.0,0.0
329,61.60292434692383,-0.0,0.0,-0.0,61.60292434692383,0.0164172425866127,2.6257171630859375,0.5978747010231018,-0.0,0.0,0.0,0.0,0.0,0.0,0.0,0.0,0.0,0.0,0.0,0.0,0.023000000044703484,0.023000000044703484,0.020000000000000004,0.15,0.0,0.0,0.0,0.0,0.0,0.0,0.0,0.0,0.0,0.0,0.0,0.0,0.07590784132480621,0.07547618448734283,0.001306128495343728,17.762744903564453,141,nan,-1.0,True,,False,0.010050058364868164,0.0,0.010050058364868164,100.0,100.0,1.0,0.0,0.0,0.0,0.0,0.0
330,65.12109375,-0.0,0.0,-0.0,65.12109375,0.014855141751468182,2.6245181560516357,0.5975995659828186,-0.0,0.0,0.0,0.0,0.0,0.0,0.0,0.0,0.0,0.0,0.0,0.0,0.023000000044703484,0.023000000044703484,0.02,0.15,0.0,0.0,0.0,0.0,0.0,0.0,0.0,0.0,0.0,0.0,0.0,0.0,0.07641772925853729,0.07541061192750931,0.000667475380396354,17.762744903564453,141,nan,-1.0,True,,False,0.010050058364868164,0.0,0.010050058364868164,100.0,100.0,1.0,0.0,0.0,0.0,0.0,0.0
331,65.58975219726562,-0.0,0.0,-0.0,65.58975219726562,0.014674101024866104,2.6242148876190186,0.5974229574203491,-0.0,0.0,0.0,0.0,0.0,0.0,0.0,0.0,0.0,0.0,0.0,0.0,0.023000000044703484,0.023000000044703484,0.020000000000000004,0.15,0.0,0.0,0.0,0.0,0.0,0.0,0.0,0.0,0.0,0.0,0.0,0.0,0.07691990584135056,0.0752333477139473,0.0007098895903254743,17.762744903564453,141,nan,-1.0,True,,False,0.010050058364868164,0.0,0.010050058364868164,100.0,100.0,1.0,0.0,0.0,0.0,0.0,0.0
332,152.0299835205078,-0.0,0.0,-0.0,152.0299835205078,0.002204418182373047,2.6247758865356445,0.5972044467926025,-0.0,0.0,0.0,0.0,0.0,0.0,0.0,0.0,0.0,0.0,0.0,0.0,0.023000000044703484,0.023000000044703484,0.019999999999999997,0.15,0.0,0.0,0.0,0.0,0.0,0.0,0.0,0.0,0.0,0.0,0.0,0.0,0.07741516083478928,0.07506996393203735,0.0010118142536157393,17.762744903564453,141,nan,-1.0,True,,False,0.010050058364868164,0.0,0.010050058364868164,100.0,100.0,1.0,0.0,0.0,0.0,0.0,0.0
333,56.272891998291016,-0.0,0.0,-0.0,56.272891998291016,0.019140765070915222,2.6264567375183105,0.5967793464660645,-0.0,0.0,0.0,0.0,0.0,0.0,0.0,0.0,0.0,0.0,0.0,0.0,0.023000000044703484,0.023000000044703484,0.02,0.14999999999999997,0.0,0.0,0.0,0.0,0.0,0.0,0.0,0.0,0.0,0.0,0.0,0.0,0.07792039960622787,0.07486642897129059,0.0008332283014169661,17.762744903564453,141,nan,-1.0,True,,False,0.010050058364868164,0.0,0.010050058364868164,100.0,100.0,1.0,0.0,0.0,0.0,0.0,0.0
334,71.55158233642578,-0.0,0.0,-0.0,71.55158233642578,0.012444805353879929,2.628953695297241,0.5964431762695312,-0.0,0.0,0.0,0.0,0.0,0.0,0.0,0.0,0.0,0.0,0.0,0.0,0.023000000044703484,0.023000000044703484,0.019999999999999997,0.15,0.0,0.0,0.0,0.0,0.0,0.0,0.0,0.0,0.0,0.0,0.0,0.0,0.07841425389051437,0.0746878832578659,0.001736827125569107,17.762744903564453,141,nan,-1.0,True,,False,0.010050058364868164,0.0,0.010050058364868164,100.0,100.0,1.0,0.0,0.0,0.0,0.0,0.0
335,78.22723388671875,-0.0,0.0,-0.0,78.22723388671875,0.010467469692230225,2.631681442260742,0.5961604714393616,-0.0,0.0,0.0,0.0,0.0,0.0,0.0,0.0,0.0,0.0,0.0,0.0,0.023000000044703484,0.023000000044703484,0.02,0.15,0.0,0.0,0.0,0.0,0.0,0.0,0.0,0.0,0.0,0.0,0.0,0.0,0.07891260087490082,0.07453490048646927,0.00021968951796225156,17.762744903564453,141,nan,-1.0,True,,False,0.010050058364868164,0.0,0.010050058364868164,100.0,100.0,1.0,0.0,0.0,0.0,0.0,0.0
336,176.13360595703125,-0.0,0.0,-0.0,176.13360595703125,0.0014416123740375042,2.6347575187683105,0.5959265828132629,-0.0,0.0,0.0,0.0,0.0,0.0,0.0,0.0,0.0,0.0,0.0,0.0,0.023000000044703484,0.023000000044703484,0.019999999999999997,0.15,0.0,0.0,0.0,0.0,0.0,0.0,0.0,0.0,0.0,0.0,0.0,0.0,0.0794147476553917,0.07438880950212479,0.0013429571413325903,17.762744903564453,141,nan,-1.0,True,,False,0.010050058364868164,0.0,0.010050058364868164,100.0,100.0,1.0,0.0,0.0,0.0,0.0,0.0
337,59.78345489501953,-0.0,0.0,-0.0,59.78345489501953,0.017218153923749924,2.6382622718811035,0.5956184267997742,-0.0,0.0,0.0,0.0,0.0,0.0,0.0,0.0,0.0,0.0,0.0,0.0,0.023000000044703484,0.023000000044703484,0.02,0.15,0.0,0.0,0.0,0.0,0.0,0.0,0.0,0.0,0.0,0.0,0.0,0.0,0.07991712540388107,0.07430944591760635,0.0002259283946841606,17.762744903564453,141,nan,-1.0,True,,False,0.010050058364868164,0.0,0.010050058364868164,100.0,100.0,1.0,0.0,0.0,0.0,0.0,0.0
338,57.262569427490234,-0.0,0.0,-0.0,57.262569427490234,0.018525244668126106,2.6427266597747803,0.595384418964386,-0.0,0.0,0.0,0.0,0.0,0.0,0.0,0.0,0.0,0.0,0.0,0.0,0.023000000044703484,0.023000000044703484,0.019999999999999997,0.15,0.0,0.0,0.0,0.0,0.0,0.0,0.0,0.0,0.0,0.0,0.0,0.0,0.08041709661483765,0.07428056001663208,0.0002391192156210309,17.762744903564453,141,nan,-1.0,True,,False,0.010050058364868164,0.0,0.010050058364868164,100.0,100.0,1.0,0.0,0.0,0.0,0.0,0.0
339,87.5054702758789,-0.0,0.0,-0.0,87.5054702758789,0.008315877988934517,2.64812970161438,0.5952507257461548,-0.0,0.0,0.0,0.0,0.0,0.0,0.0,0.0,0.0,0.0,0.0,0.0,0.023000000044703484,0.023000000044703484,0.02,0.15,0.0,0.0,0.0,0.0,0.0,0.0,0.0,0.0,0.0,0.0,0.0,0.0,0.08090837299823761,0.07427775114774704,0.0015545829023722035,17.762744903564453,141,nan,-1.0,True,,False,0.010050058364868164,0.0,0.010050058364868164,100.0,100.0,1.0,0.0,0.0,0.0,0.0,0.0
340,129.4185333251953,-0.0,0.0,-0.0,129.4185333251953,0.003366298507899046,2.6543266773223877,0.5951528549194336,-0.0,0.0,0.0,0.0,0.0,0.0,0.0,0.0,0.0,0.0,0.0,0.0,0.023000000044703484,0.023000000044703484,0.019999999999999997,0.15000000000000002,0.0,0.0,0.0,0.0,0.0,0.0,0.0,0.0,0.0,0.0,0.0,0.0,0.081405408680439,0.07426651567220688,0.0015652848801437358,17.762744903564453,141,nan,-1.0,True,,False,0.010050058364868164,0.0,0.010050058364868164,100.0,100.0,1.0,0.0,0.0,0.0,0.0,0.0
341,207.724365234375,-0.0,0.0,-0.0,207.724365234375,0.0008643557666800916,2.6608877182006836,0.5949286222457886,-0.0,0.0,0.0,0.0,0.0,0.0,0.0,0.0,0.0,0.0,0.0,0.0,0.023000000044703484,0.023000000044703484,0.02,0.15,0.0,0.0,0.0,0.0,0.0,0.0,0.0,0.0,0.0,0.0,0.0,0.0,0.08187680691480637,0.0742645114660263,0.0019686135387928516,17.762744903564453,141,nan,-1.0,True,,False,0.010050058364868164,0.0,0.010050058364868164,100.0,100.0,1.0,0.0,0.0,0.0,0.0,0.0
342,195.25567626953125,-0.0,0.0,-0.0,195.25567626953125,0.0010507265105843544,2.650592803955078,0.5945916771888733,-0.0,0.0,0.0,0.0,0.0,0.0,0.0,0.0,0.0,0.0,0.0,0.0,0.023000000044703484,0.023000000044703484,0.019999999999999997,0.15,0.0,0.0,0.0,0.0,0.0,0.0,0.0,0.0,0.0,0.0,0.0,0.0,0.0823558121919632,0.07431545853614807,0.0005772568979409698,17.762744903564453,141,nan,-1.0,True,,False,0.010050058364868164,0.0,0.010050058364868164,100.0,100.0,1.0,0.0,0.0,0.0,0.0,0.0
343,94.60675048828125,-0.0,0.0,-0.0,94.60675048828125,0.007031621877104044,2.6439075469970703,0.5942434668540955,-0.0,0.0,0.0,0.0,0.0,0.0,0.0,0.0,0.0,0.0,0.0,0.0,0.023000000044703484,0.023000000044703484,0.02,0.15,0.0,0.0,0.0,0.0,0.0,0.0,0.0,0.0,0.0,0.0,0.0,0.0,0.08283468335866928,0.07436396926641464,0.001039667220084084,17.762744903564453,141,nan,-1.0,True,,False,0.010050058364868164,0.0,0.010050058364868164,100.0,100.0,1.0,0.0,0.0,0.0,0.0,0.0
344,83.37619018554688,-0.0,0.0,-0.0,83.37619018554688,0.009167047217488289,2.6395225524902344,0.5939313769340515,-0.0,0.0,0.0,0.0,0.0,0.0,0.0,0.0,0.0,0.0,0.0,0.0,0.023000000044703484,0.023000000044703484,0.02,0.14999999999999997,0.0,0.0,0.0,0.0,0.0,0.0,0.0,0.0,0.0,0.0,0.0,0.0,0.08330264687538147,0.0743808001279831,0.00044719644074575626,17.762744903564453,141,nan,-1.0,True,,False,0.010050058364868164,0.0,0.010050058364868164,100.0,100.0,1.0,0.0,0.0,0.0,0.0,0.0
345,122.19467163085938,-0.0,0.0,-0.0,122.19467163085938,0.0038694916293025017,2.638993740081787,0.5937013030052185,-0.0,0.0,0.0,0.0,0.0,0.0,0.0,0.0,0.0,0.0,0.0,0.0,0.023000000044703484,0.023000000044703484,0.02,0.15,0.0,0.0,0.0,0.0,0.0,0.0,0.0,0.0,0.0,0.0,0.0,0.0,0.0837610587477684,0.07441043853759766,0.0015443826177943265,17.762744903564453,141,nan,-1.0,True,,False,0.010050058364868164,0.0,0.010050058364868164,100.0,100.0,1.0,0.0,0.0,0.0,0.0,0.0
346,64.8576889038086,-0.0,0.0,-0.0,64.8576889038086,0.01483833882957697,2.6420271396636963,0.593525230884552,-0.0,0.0,0.0,0.0,0.0,0.0,0.0,0.0,0.0,0.0,0.0,0.0,0.023000000044703484,0.023000000044703484,0.02,0.15,0.0,0.0,0.0,0.0,0.0,0.0,0.0,0.0,0.0,0.0,0.0,0.0,0.08421088755130768,0.07447009533643723,0.0005381824057621998,17.762744903564453,141,nan,-1.0,True,,False,0.010050058364868164,0.0,0.010050058364868164,100.0,100.0,1.0,0.0,0.0,0.0,0.0,0.0
347,128.0200958251953,-0.0,0.0,-0.0,128.0200958251953,0.003442687913775444,2.648770809173584,0.5934354662895203,-0.0,0.0,0.0,0.0,0.0,0.0,0.0,0.0,0.0,0.0,0.0,0.0,0.023000000044703484,0.023000000044703484,0.02,0.15,0.0,0.0,0.0,0.0,0.0,0.0,0.0,0.0,0.0,0.0,0.0,0.0,0.0846547856926918,0.07453049719333649,0.0007355984121204528,17.762744903564453,141,nan,-1.0,True,,False,0.010050058364868164,0.0,0.010050058364868164,100.0,100.0,1.0,0.0,0.0,0.0,0.0,0.0
348,60.123260498046875,-0.0,0.0,-0.0,60.123260498046875,0.016957944259047508,2.659276008605957,0.5932599902153015,-0.0,0.0,0.0,0.0,0.0,0.0,0.0,0.0,0.0,0.0,0.0,0.0,0.023000000044703484,0.023000000044703484,0.02,0.15,0.0,0.0,0.0,0.0,0.0,0.0,0.0,0.0,0.0,0.0,0.0,0.0,0.08508232235908508,0.07462360709905624,0.0013077494909339293,17.762744903564453,141,nan,-1.0,True,,False,0.010050058364868164,0.0,0.010050058364868164,100.0,100.0,1.0,0.0,0.0,0.0,0.0,0.0
349,104.45358276367188,-0.0,0.0,-0.0,104.45358276367188,0.0056110285222530365,2.672691822052002,0.5931214094161987,-0.0,0.0,0.0,0.0,0.0,0.0,0.0,0.0,0.0,0.0,0.0,0.0,0.023000000044703484,0.023000000044703484,0.02,0.15,0.0,0.0,0.0,0.0,0.0,0.0,0.0,0.0,0.0,0.0,0.0,0.0,0.08550132811069489,0.07482382655143738,0.0012789723382411466,17.762744903564453,141,nan,-1.0,True,,False,0.010050058364868164,0.0,0.010050058364868164,100.0,100.0,1.0,0.0,0.0,0.0,0.0,0.0
350,185.7699737548828,-0.0,0.0,-0.0,185.7699737548828,0.0012201627250760794,2.6862330436706543,0.5930545330047607,-0.0,0.0,0.0,0.0,0.0,0.0,0.0,0.0,0.0,0.0,0.0,0.0,0.023000000044703484,0.023000000044703484,0.02,0.15,0.0,0.0,0.0,0.0,0.0,0.0,0.0,0.0,0.0,0.0,0.0,0.0,0.08592168986797333,0.07504931837320328,0.0012986105243726342,17.762744903564453,141,nan,-1.0,True,,False,0.010050058364868164,0.0,0.010050058364868164,100.0,100.0,1.0,0.0,0.0,0.0,0.0,0.0
351,78.48402404785156,-0.0,0.0,-0.0,78.48402404785156,0.010316260159015656,2.6989684104919434,0.5928940773010254,-0.0,0.0,0.0,0.0,0.0,0.0,0.0,0.0,0.0,0.0,0.0,0.0,0.023000000044703484,0.023000000044703484,0.02,0.15,0.0,0.0,0.0,0.0,0.0,0.0,0.0,0.0,0.0,0.0,0.0,0.0,0.08630428463220596,0.0752464234828949,0.0013263181913316657,17.762744903564453,141,nan,-1.0,True,,False,0.010050058364868164,0.0,0.010050058364868164,100.0,100.0,1.0,0.0,0.0,0.0,0.0,0.0
352,50.957584381103516,-0.0,0.0,-0.0,50.957584381103516,0.022292783483862877,2.71236515045166,0.592756450176239,-0.0,0.0,0.0,0.0,0.0,0.0,0.0,0.0,0.0,0.0,0.0,0.0,0.023000000044703484,0.023000000044703484,0.02,0.15,0.0,0.0,0.0,0.0,0.0,0.0,0.0,0.0,0.0,0.0,0.0,0.0,0.08669320493936539,0.075435109436512,0.0012238343379067373,17.762744903564453,141,nan,-1.0,True,,False,0.010050058364868164,0.0,0.010050058364868164,100.0,100.0,1.0,0.0,0.0,0.0,0.0,0.0
353,53.35658645629883,-0.0,0.0,-0.0,53.35658645629883,0.020686153322458267,2.7255043983459473,0.5926390886306763,-0.0,0.0,0.0,0.0,0.0,0.0,0.0,0.0,0.0,0.0,0.0,0.0,0.023000000044703484,0.023000000044703484,0.02,0.15,0.0,0.0,0.0,0.0,0.0,0.0,0.0,0.0,0.0,0.0,0.0,0.0,0.08706004917621613,0.07564066350460052,0.0008233475905399246,17.762744903564453,141,nan,-1.0,True,,False,0.010050058364868164,0.0,0.010050058364868164,100.0,100.0,1.0,0.0,0.0,0.0,0.0,0.0
354,46.463836669921875,-0.0,0.0,-0.0,46.463836669921875,0.025742359459400177,2.739145278930664,0.5924960374832153,-0.0,0.0,0.0,0.0,0.0,0.0,0.0,0.0,0.0,0.0,0.0,0.0,0.023000000044703484,0.023000000044703484,0.02,0.15,0.0,0.0,0.0,0.0,0.0,0.0,0.0,0.0,0.0,0.0,0.0,0.0,0.08741618692874908,0.07558982074260712,0.0007721649990344304,17.762744903564453,141,nan,-1.0,True,,False,0.010050058364868164,0.0,0.010050058364868164,100.0,100.0,1.0,0.0,0.0,0.0,0.0,0.0
355,91.25495910644531,-0.0,0.0,-0.0,91.25495910644531,0.007546572480350733,2.7524027824401855,0.5923110246658325,-0.0,0.0,0.0,0.0,0.0,0.0,0.0,0.0,0.0,0.0,0.0,0.0,0.023000000044703484,0.023000000044703484,0.02,0.15000000000000002,0.0,0.0,0.0,0.0,0.0,0.0,0.0,0.0,0.0,0.0,0.0,0.0,0.0877753421664238,0.07519372552633286,0.002043809624410642,17.762744903564453,141,nan,-1.0,True,,False,0.010050058364868164,0.0,0.010050058364868164,100.0,100.0,1.0,0.0,0.0,0.0,0.0,0.0
356,108.5594253540039,-0.0,0.0,-0.0,108.5594253540039,0.005116092972457409,2.766007423400879,0.5920621156692505,-0.0,0.0,0.0,0.0,0.0,0.0,0.0,0.0,0.0,0.0,0.0,0.0,0.023000000044703484,0.023000000044703484,0.02,0.15,0.0,0.0,0.0,0.0,0.0,0.0,0.0,0.0,0.0,0.0,0.0,0.0,0.08812335133552551,0.0748576745390892,0.0013161099909666518,17.762744903564453,141,nan,-1.0,True,,False,0.010050058364868164,0.0,0.010050058364868164,100.0,100.0,1.0,0.0,0.0,0.0,0.0,0.0
357,37.47322463989258,-0.0,0.0,-0.0,37.47322463989258,0.03507547080516815,2.779345989227295,0.591788113117218,-0.0,0.0,0.0,0.0,0.0,0.0,0.0,0.0,0.0,0.0,0.0,0.0,0.023000000044703484,0.023000000044703484,0.02,0.15,0.0,0.0,0.0,0.0,0.0,0.0,0.0,0.0,0.0,0.0,0.0,0.0,0.08846648782491684,0.07455528527498245,0.0008980166339824791,17.762744903564453,141,nan,-1.0,True,,False,0.010050058364868164,0.0,0.010050058364868164,100.0,100.0,1.0,0.0,0.0,0.0,0.0,0.0
358,47.002811431884766,-0.0,0.0,-0.0,47.002811431884766,0.025205697864294052,2.7923660278320312,0.5915594100952148,-0.0,0.0,0.0,0.0,0.0,0.0,0.0,0.0,0.0,0.0,0.0,0.0,0.023000000044703484,0.023000000044703484,0.02,0.15000000000000002,0.0,0.0,0.0,0.0,0.0,0.0,0.0,0.0,0.0,0.0,0.0,0.0,0.08879775553941727,0.07434473186731339,0.000896583427220321,17.762744903564453,141,nan,-1.0,True,,False,0.010050058364868164,0.0,0.010050058364868164,100.0,100.0,1.0,0.0,0.0,0.0,0.0,0.0
359,58.188297271728516,-0.0,0.0,-0.0,58.188297271728516,0.01782074198126793,2.805119514465332,0.5913915038108826,-0.0,0.0,0.0,0.0,0.0,0.0,0.0,0.0,0.0,0.0,0.0,0.0,0.023000000044703484,0.023000000044703484,0.02,0.15,0.0,0.0,0.0,0.0,0.0,0.0,0.0,0.0,0.0,0.0,0.0,0.0,0.089120052754879,0.07418501377105713,0.000907948146959825,17.762744903564453,141,nan,-1.0,True,,False,0.010050058364868164,0.0,0.010050058364868164,100.0,100.0,1.0,0.0,0.0,0.0,0.0,0.0
360,69.30278778076172,-0.0,0.0,-0.0,69.30278778076172,0.013039056211709976,2.8174681663513184,0.5912675261497498,-0.0,0.0,0.0,0.0,0.0,0.0,0.0,0.0,0.0,0.0,0.0,0.0,0.023000000044703484,0.023000000044703484,0.02,0.14999999999999997,0.0,0.0,0.0,0.0,0.0,0.0,0.0,0.0,0.0,0.0,0.0,0.0,0.08943167328834534,0.07405956834554672,0.0009190601344926108,17.762744903564453,141,nan,-1.0,True,,False,0.010050058364868164,0.0,0.010050058364868164,100.0,100.0,1.0,0.0,0.0,0.0,0.0,0.0
361,74.90778350830078,-0.0,0.0,-0.0,74.90778350830078,0.011246345937252045,2.8293871879577637,0.5911985635757446,-0.0,0.0,0.0,0.0,0.0,0.0,0.0,0.0,0.0,0.0,0.0,0.0,0.023000000044703484,0.023000000044703484,0.02,0.15,0.0,0.0,0.0,0.0,0.0,0.0,0.0,0.0,0.0,0.0,0.0,0.0,0.08972222357988358,0.07398790121078491,0.0009432989795641333,17.762744903564453,141,nan,-1.0,True,,False,0.010050058364868164,0.0,0.010050058364868164,100.0,100.0,1.0,0.0,0.0,0.0,0.0,0.0
362,70.30760192871094,-0.0,0.0,-0.0,70.30760192871094,0.012693841010332108,2.8409314155578613,0.5911707282066345,-0.0,0.0,0.0,0.0,0.0,0.0,0.0,0.0,0.0,0.0,0.0,0.0,0.023000000044703484,0.023000000044703484,0.02,0.15,0.0,0.0,0.0,0.0,0.0,0.0,0.0,0.0,0.0,0.0,0.0,0.0,0.09000323712825775,0.07391778379678726,0.000967194562235818,17.762744903564453,141,nan,-1.0,True,,False,0.010050058364868164,0.0,0.010050058364868164,100.0,100.0,1.0,0.0,0.0,0.0,0.0,0.0
363,71.89519500732422,-0.0,0.0,-0.0,71.89519500732422,0.012172619812190533,2.851837635040283,0.5911944508552551,-0.0,0.0,0.0,0.0,0.0,0.0,0.0,0.0,0.0,0.0,0.0,0.0,0.023000000044703484,0.023000000044703484,0.02,0.15,0.0,0.0,0.0,0.0,0.0,0.0,0.0,0.0,0.0,0.0,0.0,0.0,0.09028466045856476,0.07385243475437164,0.001260208128769591,17.762744903564453,141,nan,-1.0,True,,False,0.010050058364868164,0.0,0.010050058364868164,100.0,100.0,1.0,0.0,0.0,0.0,0.0,0.0
364,112.58087921142578,-0.0,0.0,-0.0,112.58087921142578,0.004688434302806854,2.8638081550598145,0.5912713408470154,-0.0,0.0,0.0,0.0,0.0,0.0,0.0,0.0,0.0,0.0,0.0,0.0,0.023000000044703484,0.023000000044703484,0.02,0.15,0.0,0.0,0.0,0.0,0.0,0.0,0.0,0.0,0.0,0.0,0.0,0.0,0.09056729823350906,0.07379188388586044,0.0012395719318192278,17.762744903564453,141,nan,-1.0,True,,False,0.010050058364868164,0.0,0.010050058364868164,100.0,100.0,1.0,0.0,0.0,0.0,0.0,0.0
365,135.55686950683594,-0.0,0.0,-0.0,135.55686950683594,0.002955276984721422,2.8768720626831055,0.5913476347923279,-0.0,0.0,0.0,0.0,0.0,0.0,0.0,0.0,0.0,0.0,0.0,0.0,0.023000000044703484,0.023000000044703484,0.02,0.15,0.0,0.0,0.0,0.0,0.0,0.0,0.0,0.0,0.0,0.0,0.0,0.0,0.09085211902856827,0.07373855262994766,0.0012263049170542217,17.762744903564453,141,nan,-1.0,True,,False,0.010050058364868164,0.0,0.010050058364868164,100.0,100.0,1.0,0.0,0.0,0.0,0.0,0.0
366,71.37620544433594,-0.0,0.0,-0.0,71.37620544433594,0.012343345209956169,2.8891263008117676,0.5913043022155762,-0.0,0.0,0.0,0.0,0.0,0.0,0.0,0.0,0.0,0.0,0.0,0.0,0.023000000044703484,0.023000000044703484,0.02,0.15,0.0,0.0,0.0,0.0,0.0,0.0,0.0,0.0,0.0,0.0,0.0,0.0,0.09113145619630814,0.07370378822088242,0.0012089372603441007,17.762744903564453,141,nan,-1.0,True,,False,0.010050058364868164,0.0,0.010050058364868164,100.0,100.0,1.0,0.0,0.0,0.0,0.0,0.0
367,52.79428482055664,-0.0,0.0,-0.0,52.79428482055664,0.02096552401781082,2.9003076553344727,0.5913116335868835,-0.0,0.0,0.0,0.0,0.0,0.0,0.0,0.0,0.0,0.0,0.0,0.0,0.023000000044703484,0.023000000044703484,0.02,0.15,0.0,0.0,0.0,0.0,0.0,0.0,0.0,0.0,0.0,0.0,0.0,0.0,0.09140780568122864,0.0736803337931633,0.001196806033476605,17.762744903564453,141,nan,-1.0,True,,False,0.010050058364868164,0.0,0.010050058364868164,100.0,100.0,1.0,0.0,0.0,0.0,0.0,0.0
368,41.35584259033203,-0.0,0.0,-0.0,41.35584259033203,0.030495140701532364,2.91018009185791,0.5913704633712769,-0.0,0.0,0.0,0.0,0.0,0.0,0.0,0.0,0.0,0.0,0.0,0.0,0.023000000044703484,0.023000000044703484,0.02,0.15,0.0,0.0,0.0,0.0,0.0,0.0,0.0,0.0,0.0,0.0,0.0,0.0,0.09167645871639252,0.07365767657756805,0.0012210580034661689,17.762744903564453,141,nan,-1.0,True,,False,0.010050058364868164,0.0,0.010050058364868164,100.0,100.0,1.0,0.0,0.0,0.0,0.0,0.0
369,33.51540756225586,-0.0,0.0,-0.0,33.51540756225586,0.04068935662508011,2.9188013076782227,0.5914673805236816,-0.0,0.0,0.0,0.0,0.0,0.0,0.0,0.0,0.0,0.0,0.0,0.0,0.023000000044703484,0.023000000044703484,0.02,0.15,0.0,0.0,0.0,0.0,0.0,0.0,0.0,0.0,0.0,0.0,0.0,0.0,0.0919366180896759,0.07364796102046967,0.0012463644929994189,17.762744903564453,141,nan,-1.0,True,,False,0.010050058364868164,0.0,0.010050058364868164,100.0,100.0,1.0,0.0,0.0,0.0,0.0,0.0
370,27.766164779663086,-0.0,0.0,-0.0,27.766164779663086,0.051428839564323425,2.925980567932129,0.5915859937667847,-0.0,0.0,0.0,0.0,0.0,0.0,0.0,0.0,0.0,0.0,0.0,0.0,0.023000000044703484,0.023000000044703484,0.02,0.15,0.0,0.0,0.0,0.0,0.0,0.0,0.0,0.0,0.0,0.0,0.0,0.0,0.0921880230307579,0.07365281879901886,0.0012706377574431826,17.762744903564453,141,nan,-1.0,True,,False,0.010050058364868164,0.0,0.010050058364868164,100.0,100.0,1.0,0.0,0.0,0.0,0.0,0.0
371,26.937580108642578,-0.0,0.0,-0.0,26.937580108642578,0.05333961546421051,2.9316134452819824,0.5917348861694336,-0.0,0.0,0.0,0.0,0.0,0.0,0.0,0.0,0.0,0.0,0.0,0.0,0.023000000044703484,0.023000000044703484,0.02,0.15,0.0,0.0,0.0,0.0,0.0,0.0,0.0,0.0,0.0,0.0,0.0,0.0,0.09243103116750717,0.07366253435611725,0.0009434786320525745,17.762744903564453,141,nan,-1.0,True,,False,0.010050058364868164,0.0,0.010050058364868164,100.0,100.0,1.0,0.0,0.0,0.0,0.0,0.0
372,35.28667449951172,-0.0,0.0,-0.0,35.28667449951172,0.03811052814126015,2.9356746673583984,0.5919306874275208,-0.0,0.0,0.0,0.0,0.0,0.0,0.0,0.0,0.0,0.0,0.0,0.0,0.023000000044703484,0.023000000044703484,0.02,0.15,0.0,0.0,0.0,0.0,0.0,0.0,0.0,0.0,0.0,0.0,0.0,0.0,0.092656709253788,0.0737207680940628,0.0009468412849855667,17.762744903564453,141,nan,-1.0,True,,False,0.010050058364868164,0.0,0.010050058364868164,100.0,100.0,1.0,0.0,0.0,0.0,0.0,0.0
373,38.83945846557617,-0.0,0.0,-0.0,38.83945846557617,0.03347459435462952,2.9380764961242676,0.5921695828437805,-0.0,0.0,0.0,0.0,0.0,0.0,0.0,0.0,0.0,0.0,0.0,0.0,0.023000000044703484,0.023000000044703484,0.02,0.15,0.0,0.0,0.0,0.0,0.0,0.0,0.0,0.0,0.0,0.0,0.0,0.0,0.09284361451864243,0.07382579892873764,0.0009510784179838083,17.762744903564453,141,nan,-1.0,True,,False,0.010050058364868164,0.0,0.010050058364868164,100.0,100.0,1.0,0.0,0.0,0.0,0.0,0.0
374,49.43881607055664,-0.0,0.0,-0.0,49.43881607055664,0.023423798382282257,2.9388484954833984,0.5923934578895569,-0.0,0.0,0.0,0.0,0.0,0.0,0.0,0.0,0.0,0.0,0.0,0.0,0.023000000044703484,0.023000000044703484,0.02,0.15,0.0,0.0,0.0,0.0,0.0,0.0,0.0,0.0,0.0,0.0,0.0,0.0,0.09299878776073456,0.0739782378077507,0.0015845686552893312,17.762744903564453,141,nan,-1.0,True,,False,0.010050058364868164,0.0,0.010050058364868164,100.0,100.0,1.0,0.0,0.0,0.0,0.0,0.0
375,138.12295532226562,-0.0,0.0,-0.0,138.12295532226562,0.0028298976831138134,2.936288356781006,0.5926229357719421,-0.0,0.0,0.0,0.0,0.0,0.0,0.0,0.0,0.0,0.0,0.0,0.0,0.023000000044703484,0.023000000044703484,0.02,0.15,0.0,0.0,0.0,0.0,0.0,0.0,0.0,0.0,0.0,0.0,0.0,0.0,0.09313853085041046,0.07415769249200821,0.0014043155215404113,17.762744903564453,141,nan,-1.0,True,,False,0.010050058364868164,0.0,0.010050058364868164,100.0,100.0,1.0,0.0,0.0,0.0,0.0,0.0
376,90.98544311523438,-0.0,0.0,-0.0,90.98544311523438,0.0076290154829621315,2.934385299682617,0.5927444100379944,-0.0,0.0,0.0,0.0,0.0,0.0,0.0,0.0,0.0,0.0,0.0,0.0,0.023000000044703484,0.023000000044703484,0.02,0.15,0.0,0.0,0.0,0.0,0.0,0.0,0.0,0.0,0.0,0.0,0.0,0.0,0.09325197339057922,0.07436797767877579,0.0018109664929397695,17.762744903564453,141,nan,-1.0,True,,False,0.010050058364868164,0.0,0.010050058364868164,100.0,100.0,1.0,0.0,0.0,0.0,0.0,0.0
377,97.26483154296875,-0.0,0.0,-0.0,97.26483154296875,0.006594657897949219,2.930933952331543,0.5928326845169067,-0.0,0.0,0.0,0.0,0.0,0.0,0.0,0.0,0.0,0.0,0.0,0.0,0.023000000044703484,0.023000000044703484,0.02,0.15,0.0,0.0,0.0,0.0,0.0,0.0,0.0,0.0,0.0,0.0,0.0,0.0,0.09333381801843643,0.07462480664253235,0.002230924048490124,17.762744903564453,141,nan,-1.0,True,,False,0.010050058364868164,0.0,0.010050058364868164,100.0,100.0,1.0,0.0,0.0,0.0,0.0,0.0
378,332.9873352050781,-0.0,0.0,-0.0,332.9873352050781,0.00015453610103577375,2.9280147552490234,0.5929229855537415,-0.0,0.0,0.0,0.0,0.0,0.0,0.0,0.0,0.0,0.0,0.0,0.0,0.023000000044703484,0.023000000044703484,0.02,0.15,0.0,0.0,0.0,0.0,0.0,0.0,0.0,0.0,0.0,0.0,0.0,0.0,0.09342961758375168,0.07487120479345322,0.0010650566500771674,17.762744903564453,141,nan,-1.0,True,,False,0.010050058364868164,0.0,0.010050058364868164,100.0,100.0,1.0,0.0,0.0,0.0,0.0,0.0
379,146.8562774658203,-0.0,0.0,-0.0,146.8562774658203,0.0024026217870414257,2.919646739959717,0.5929960608482361,-0.0,0.0,0.0,0.0,0.0,0.0,0.0,0.0,0.0,0.0,0.0,0.0,0.023000000044703484,0.023000000044703484,0.02,0.15,0.0,0.0,0.0,0.0,0.0,0.0,0.0,0.0,0.0,0.0,0.0,0.0,0.09353591501712799,0.07511045038700104,0.002034688924140937,17.762744903564453,141,nan,-1.0,True,,False,0.010050058364868164,0.0,0.010050058364868164,100.0,100.0,1.0,0.0,0.0,0.0,0.0,0.0
380,67.11653137207031,-0.0,0.0,-0.0,67.11653137207031,0.01393648236989975,2.910651206970215,0.5929627418518066,-0.0,0.0,0.0,0.0,0.0,0.0,0.0,0.0,0.0,0.0,0.0,0.0,0.023000000044703484,0.023000000044703484,0.02,0.15000000000000002,0.0,0.0,0.0,0.0,0.0,0.0,0.0,0.0,0.0,0.0,0.0,0.0,0.09365569800138474,0.07508385926485062,0.0010715714201978699,17.762744903564453,141,nan,-1.0,True,,False,0.010050058364868164,0.0,0.010050058364868164,100.0,100.0,1.0,0.0,0.0,0.0,0.0,0.0
381,83.44746398925781,-0.0,0.0,-0.0,83.44746398925781,0.009131690487265587,2.901515483856201,0.5929497480392456,-0.0,0.0,0.0,0.0,0.0,0.0,0.0,0.0,0.0,0.0,0.0,0.0,0.023000000044703484,0.023000000044703484,0.02,0.15,0.0,0.0,0.0,0.0,0.0,0.0,0.0,0.0,0.0,0.0,0.0,0.0,0.09379309415817261,0.07504773139953613,0.0009296889875258785,17.762744903564453,141,nan,-1.0,True,,False,0.010050058364868164,0.0,0.010050058364868164,100.0,100.0,1.0,0.0,0.0,0.0,0.0,0.0
382,235.58326721191406,-0.0,0.0,-0.0,235.58326721191406,0.0005653303815051913,2.892233371734619,0.5929268002510071,-0.0,0.0,0.0,0.0,0.0,0.0,0.0,0.0,0.0,0.0,0.0,0.0,0.023000000044703484,0.023000000044703484,0.02,0.14999999999999997,0.0,0.0,0.0,0.0,0.0,0.0,0.0,0.0,0.0,0.0,0.0,0.0,0.09393355995416641,0.0750088021159172,0.0009171927117677114,17.762744903564453,141,nan,-1.0,True,,False,0.010050058364868164,0.0,0.010050058364868164,100.0,100.0,1.0,0.0,0.0,0.0,0.0,0.0
383,60.2703971862793,-0.0,0.0,-0.0,60.2703971862793,0.016873866319656372,2.8829784393310547,0.5927855968475342,-0.0,0.0,0.0,0.0,0.0,0.0,0.0,0.0,0.0,0.0,0.0,0.0,0.023000000044703484,0.023000000044703484,0.02,0.15,0.0,0.0,0.0,0.0,0.0,0.0,0.0,0.0,0.0,0.0,0.0,0.0,0.09407482296228409,0.07497741281986237,0.0009221537784469547,17.762744903564453,141,nan,-1.0,True,,False,0.010050058364868164,0.0,0.010050058364868164,100.0,100.0,1.0,0.0,0.0,0.0,0.0,0.0
384,86.98664093017578,-0.0,0.0,-0.0,86.98664093017578,0.008365634828805923,2.8737382888793945,0.5926747918128967,-0.0,0.0,0.0,0.0,0.0,0.0,0.0,0.0,0.0,0.0,0.0,0.0,0.023000000044703484,0.023000000044703484,0.02,0.15,0.0,0.0,0.0,0.0,0.0,0.0,0.0,0.0,0.0,0.0,0.0,0.0,0.09421811997890472,0.07495713233947754,0.0007173584735937766,17.762744903564453,141,nan,-1.0,True,,False,0.010050058364868164,0.0,0.010050058364868164,100.0,100.0,1.0,0.0,0.0,0.0,0.0,0.0
385,363.01434326171875,-0.0,0.0,-0.0,363.01434326171875,0.0001076406188076362,2.8645620346069336,0.5926104187965393,-0.0,0.0,0.0,0.0,0.0,0.0,0.0,0.0,0.0,0.0,0.0,0.0,0.023000000044703484,0.023000000044703484,0.02,0.15,0.0,0.0,0.0,0.0,0.0,0.0,0.0,0.0,0.0,0.0,0.0,0.0,0.09436143934726715,0.07495275884866714,0.000739733650789276,17.762744903564453,141,nan,-1.0,True,,False,0.010050058364868164,0.0,0.010050058364868164,100.0,100.0,1.0,0.0,0.0,0.0,0.0,0.0
386,82.89989471435547,-0.0,0.0,-0.0,82.89989471435547,0.009241375140845776,2.855539321899414,0.592549741268158,-0.0,0.0,0.0,0.0,0.0,0.0,0.0,0.0,0.0,0.0,0.0,0.0,0.023000000044703484,0.023000000044703484,0.02,0.14999999999999997,0.0,0.0,0.0,0.0,0.0,0.0,0.0,0.0,0.0,0.0,0.0,0.0,0.09450443089008331,0.0749555453658104,0.0007807732740729989,17.762744903564453,141,nan,-1.0,True,,False,0.010050058364868164,0.0,0.010050058364868164,100.0,100.0,1.0,0.0,0.0,0.0,0.0,0.0
387,85.86412048339844,-0.0,0.0,-0.0,85.86412048339844,0.008595670573413372,2.846381664276123,0.5924558043479919,-0.0,0.0,0.0,0.0,0.0,0.0,0.0,0.0,0.0,0.0,0.0,0.0,0.023000000044703484,0.023000000044703484,0.02,0.15,0.0,0.0,0.0,0.0,0.0,0.0,0.0,0.0,0.0,0.0,0.0,0.0,0.09465457499027252,0.07495872676372528,0.0021457951461343328,17.762744903564453,141,nan,-1.0,True,,False,0.010050058364868164,0.0,0.010050058364868164,100.0,100.0,1.0,0.0,0.0,0.0,0.0,0.0
388,229.04835510253906,-0.0,0.0,-0.0,229.04835510253906,0.0006210176507011056,2.8378472328186035,0.5923776030540466,-0.0,0.0,0.0,0.0,0.0,0.0,0.0,0.0,0.0,0.0,0.0,0.0,0.023000000044703484,0.023000000044703484,0.02,0.15,0.0,0.0,0.0,0.0,0.0,0.0,0.0,0.0,0.0,0.0,0.0,0.0,0.09479043632745743,0.07498734444379807,0.0021537850866479857,17.762744903564453,141,nan,-1.0,True,,False,0.010050058364868164,0.0,0.010050058364868164,100.0,100.0,1.0,0.0,0.0,0.0,0.0,0.0
389,112.09439086914062,-0.0,0.0,-0.0,112.09439086914062,0.004754326771944761,2.8300600051879883,0.5923486948013306,-0.0,0.0,0.0,0.0,0.0,0.0,0.0,0.0,0.0,0.0,0.0,0.0,0.023000000044703484,0.023000000044703484,0.02,0.15,0.0,0.0,0.0,0.0,0.0,0.0,0.0,0.0,0.0,0.0,0.0,0.0,0.09491948038339615,0.07504892349243164,0.002171803630062641,17.762744903564453,141,nan,-1.0,True,,False,0.010050058364868164,0.0,0.010050058364868164,100.0,100.0,1.0,0.0,0.0,0.0,0.0,0.0
390,67.37889099121094,-0.0,0.0,-0.0,67.37889099121094,0.013801343739032745,2.8222246170043945,0.5921829342842102,-0.0,0.0,0.0,0.0,0.0,0.0,0.0,0.0,0.0,0.0,0.0,0.0,0.023000000044703484,0.023000000044703484,0.02,0.15,0.0,0.0,0.0,0.0,0.0,0.0,0.0,0.0,0.0,0.0,0.0,0.0,0.09508050978183746,0.07509298622608185,0.0021828899484717113,17.762744903564453,141,nan,-1.0,True,,False,0.010050058364868164,0.0,0.010050058364868164,100.0,100.0,1.0,0.0,0.0,0.0,0.0,0.0
391,59.78187942504883,-0.0,0.0,-0.0,59.78187942504883,0.017069172114133835,2.813910484313965,0.5919234156608582,-0.0,0.0,0.0,0.0,0.0,0.0,0.0,0.0,0.0,0.0,0.0,0.0,0.023000000044703484,0.023000000044703484,0.02,0.15,0.0,0.0,0.0,0.0,0.0,0.0,0.0,0.0,0.0,0.0,0.0,0.0,0.09526630491018295,0.07511758804321289,0.0008304719171974284,17.762744903564453,141,nan,-1.0,True,,False,0.010050058364868164,0.0,0.010050058364868164,100.0,100.0,1.0,0.0,0.0,0.0,0.0,0.0
392,35.68683624267578,-0.0,0.0,-0.0,35.68683624267578,0.03753983974456787,2.8055429458618164,0.5916792154312134,-0.0,0.0,0.0,0.0,0.0,0.0,0.0,0.0,0.0,0.0,0.0,0.0,0.023000000044703484,0.023000000044703484,0.02,0.15,0.0,0.0,0.0,0.0,0.0,0.0,0.0,0.0,0.0,0.0,0.0,0.0,0.09545545279979706,0.07514733821153641,0.00044422545079214615,17.762744903564453,141,nan,-1.0,True,,False,0.010050058364868164,0.0,0.010050058364868164,100.0,100.0,1.0,0.0,0.0,0.0,0.0,0.0
393,34.285545349121094,-0.0,0.0,-0.0,34.285545349121094,0.039571307599544525,2.7973766326904297,0.5914957523345947,-0.0,0.0,0.0,0.0,0.0,0.0,0.0,0.0,0.0,0.0,0.0,0.0,0.023000000044703484,0.023000000044703484,0.02,0.15,0.0,0.0,0.0,0.0,0.0,0.0,0.0,0.0,0.0,0.0,0.0,0.0,0.09564252942800522,0.07517549395561218,0.0004171324667368026,17.762744903564453,141,nan,-1.0,True,,False,0.010050058364868164,0.0,0.010050058364868164,100.0,100.0,1.0,0.0,0.0,0.0,0.0,0.0
394,31.266572952270508,-0.0,0.0,-0.0,31.266572952270508,0.0445559024810791,2.789367198944092,0.5913671851158142,-0.0,0.0,0.0,0.0,0.0,0.0,0.0,0.0,0.0,0.0,0.0,0.0,0.023000000044703484,0.023000000044703484,0.02,0.14999999999999997,0.0,0.0,0.0,0.0,0.0,0.0,0.0,0.0,0.0,0.0,0.0,0.0,0.09582652151584625,0.07520244270563126,0.003160918365665566,17.762744903564453,141,nan,-1.0,True,,False,0.010050058364868164,0.0,0.010050058364868164,100.0,100.0,1.0,0.0,0.0,0.0,0.0,0.0
395,48.023983001708984,-0.0,0.0,-0.0,48.023983001708984,0.024436049163341522,2.781357765197754,0.5913018584251404,-0.0,0.0,0.0,0.0,0.0,0.0,0.0,0.0,0.0,0.0,0.0,0.0,0.023000000044703484,0.023000000044703484,0.02,0.14999999999999997,0.0,0.0,0.0,0.0,0.0,0.0,0.0,0.0,0.0,0.0,0.0,0.0,0.09601083397865295,0.07523176819086075,0.001059414353221655,17.762744903564453,141,nan,-1.0,True,,False,0.010050058364868164,0.0,0.010050058364868164,100.0,100.0,1.0,0.0,0.0,0.0,0.0,0.0
396,224.5463409423828,-0.0,0.0,-0.0,224.5463409423828,0.0006630255375057459,2.7736282348632812,0.5913009643554688,-0.0,0.0,0.0,0.0,0.0,0.0,0.0,0.0,0.0,0.0,0.0,0.0,0.023000000044703484,0.023000000044703484,0.02,0.15,0.0,0.0,0.0,0.0,0.0,0.0,0.0,0.0,0.0,0.0,0.0,0.0,0.09618295729160309,0.07526067644357681,0.0010228274240944302,17.762744903564453,141,nan,-1.0,True,,False,0.010050058364868164,0.0,0.010050058364868164,100.0,100.0,1.0,0.0,0.0,0.0,0.0,0.0
397,190.50730895996094,-0.0,0.0,-0.0,190.50730895996094,0.001126146293245256,2.7631616592407227,0.5912627577781677,-0.0,0.0,0.0,0.0,0.0,0.0,0.0,0.0,0.0,0.0,0.0,0.0,0.023000000044703484,0.023000000044703484,0.02,0.15,0.0,0.0,0.0,0.0,0.0,0.0,0.0,0.0,0.0,0.0,0.0,0.0,0.09638328105211258,0.07528087496757507,0.00126069485941116,17.762744903564453,141,nan,-1.0,True,,False,0.010050058364868164,0.0,0.010050058364868164,100.0,100.0,1.0,0.0,0.0,0.0,0.0,0.0
398,116.06707000732422,-0.0,0.0,-0.0,116.06707000732422,0.004372176714241505,2.750161647796631,0.5912125110626221,-0.0,0.0,0.0,0.0,0.0,0.0,0.0,0.0,0.0,0.0,0.0,0.0,0.023000000044703484,0.023000000044703484,0.02,0.15,0.0,0.0,0.0,0.0,0.0,0.0,0.0,0.0,0.0,0.0,0.0,0.0,0.0965975821018219,0.07528641074895859,0.0011562311538000358,17.762744903564453,141,nan,-1.0,True,,False,0.010050058364868164,0.0,0.010050058364868164,100.0,100.0,1.0,0.0,0.0,0.0,0.0,0.0
399,106.9466781616211,-0.0,0.0,-0.0,106.9466781616211,0.005303604993969202,2.7370357513427734,0.5911360383033752,-0.0,0.0,0.0,0.0,0.0,0.0,0.0,0.0,0.0,0.0,0.0,0.0,0.023000000044703484,0.023000000044703484,0.02,0.15,0.0,0.0,0.0,0.0,0.0,0.0,0.0,0.0,0.0,0.0,0.0,0.0,0.09682152420282364,0.07528957724571228,0.0006351642900881416,17.762744903564453,141,nan,-1.0,True,,False,0.010050058364868164,0.0,0.010050058364868164,100.0,100.0,1.0,0.0,0.0,0.0,0.0,0.0
400,157.01968383789062,-0.0,0.0,-0.0,157.01968383789062,0.0019884412176907063,2.7237915992736816,0.5910598039627075,-0.0,0.0,0.0,0.0,0.0,0.0,0.0,0.0,0.0,0.0,0.0,0.0,0.023000000044703484,0.023000000044703484,0.02,0.15,0.0,0.0,0.0,0.0,0.0,0.0,0.0,0.0,0.0,0.0,0.0,0.0,0.09706657379865646,0.07529116421937943,0.0008936800554693036,17.762744903564453,141,nan,-1.0,True,,False,0.010050058364868164,0.0,0.010050058364868164,100.0,100.0,1.0,0.0,0.0,0.0,0.0,0.0
401,71.3992919921875,-0.0,0.0,-0.0,71.3992919921875,0.012363087385892868,2.710355758666992,0.5909454822540283,-0.0,0.0,0.0,0.0,0.0,0.0,0.0,0.0,0.0,0.0,0.0,0.0,0.023000000044703484,0.023000000044703484,0.02,0.15,0.0,0.0,0.0,0.0,0.0,0.0,0.0,0.0,0.0,0.0,0.0,0.0,0.09728077799081802,0.07529749721288681,0.0014344682613227633,17.762744903564453,141,nan,-1.0,True,,False,0.010050058364868164,0.0,0.010050058364868164,100.0,100.0,1.0,0.0,0.0,0.0,0.0,0.0
402,84.16857147216797,-0.0,0.0,-0.0,84.16857147216797,0.00892622023820877,2.696794033050537,0.5908270478248596,-0.0,0.0,0.0,0.0,0.0,0.0,0.0,0.0,0.0,0.0,0.0,0.0,0.023000000044703484,0.023000000044703484,0.02,0.15,0.0,0.0,0.0,0.0,0.0,0.0,0.0,0.0,0.0,0.0,0.0,0.0,0.09748450666666031,0.07530620694160461,0.0011711366155395808,17.762744903564453,141,nan,-1.0,True,,False,0.010050058364868164,0.0,0.010050058364868164,100.0,100.0,1.0,0.0,0.0,0.0,0.0,0.0
403,36.382015228271484,-0.0,0.0,-0.0,36.382015228271484,0.03652143478393555,2.6829090118408203,0.5906946063041687,-0.0,0.0,0.0,0.0,0.0,0.0,0.0,0.0,0.0,0.0,0.0,0.0,0.023000000044703484,0.023000000044703484,0.02,0.15,0.0,0.0,0.0,0.0,0.0,0.0,0.0,0.0,0.0,0.0,0.0,0.0,0.09770074486732483,0.07531174272298813,0.0015774573344060627,17.762744903564453,141,nan,-1.0,True,,False,0.010050058364868164,0.0,0.010050058364868164,100.0,100.0,1.0,0.0,0.0,0.0,0.0,0.0
404,54.960693359375,-0.0,0.0,-0.0,54.960693359375,0.01963198184967041,2.669262409210205,0.5906068682670593,-0.0,0.0,0.0,0.0,0.0,0.0,0.0,0.0,0.0,0.0,0.0,0.0,0.023000000044703484,0.023000000044703484,0.02,0.15,0.0,0.0,0.0,0.0,0.0,0.0,0.0,0.0,0.0,0.0,0.0,0.0,0.09791246056556702,0.07531807571649551,0.0015864489823798067,17.762744903564453,141,nan,-1.0,True,,False,0.010050058364868164,0.0,0.010050058364868164,100.0,100.0,1.0,0.0,0.0,0.0,0.0,0.0
405,112.38704681396484,-0.0,0.0,-0.0,112.38704681396484,0.004707283340394497,2.655795097351074,0.5905671119689941,-0.0,0.0,0.0,0.0,0.0,0.0,0.0,0.0,0.0,0.0,0.0,0.0,0.023000000044703484,0.023000000044703484,0.02,0.14999999999999997,0.0,0.0,0.0,0.0,0.0,0.0,0.0,0.0,0.0,0.0,0.0,0.0,0.09812230616807938,0.07532282173633575,0.0015942837308102753,17.762744903564453,141,nan,-1.0,True,,False,0.010050058364868164,0.0,0.010050058364868164,100.0,100.0,1.0,0.0,0.0,0.0,0.0,0.0
406,100.15898132324219,-0.0,0.0,-0.0,100.15898132324219,0.0061400216072797775,2.642556667327881,0.5904999375343323,-0.0,0.0,0.0,0.0,0.0,0.0,0.0,0.0,0.0,0.0,0.0,0.0,0.023000000044703484,0.023000000044703484,0.02,0.15000000000000002,0.0,0.0,0.0,0.0,0.0,0.0,0.0,0.0,0.0,0.0,0.0,0.0,0.09832840412855148,0.07532797008752823,0.001597919593223196,17.762744903564453,141,nan,-1.0,True,,False,0.010050058364868164,0.0,0.010050058364868164,100.0,100.0,1.0,0.0,0.0,0.0,0.0,0.0
407,88.75878143310547,-0.0,0.0,-0.0,88.75878143310547,0.007979695685207844,2.6290807723999023,0.5904036164283752,-0.0,0.0,0.0,0.0,0.0,0.0,0.0,0.0,0.0,0.0,0.0,0.0,0.023000000044703484,0.023000000044703484,0.019999999999999997,0.15,0.0,0.0,0.0,0.0,0.0,0.0,0.0,0.0,0.0,0.0,0.0,0.0,0.09853313118219376,0.07533588260412216,0.0006344674702631892,17.762744903564453,141,nan,-1.0,True,,False,0.010050058364868164,0.0,0.010050058364868164,100.0,100.0,1.0,0.0,0.0,0.0,0.0,0.0
408,154.7135009765625,-0.0,0.0,-0.0,154.7135009765625,0.0020660562440752983,2.6154260635375977,0.5903242826461792,-0.0,0.0,0.0,0.0,0.0,0.0,0.0,0.0,0.0,0.0,0.0,0.0,0.023000000044703484,0.023000000044703484,0.02,0.15,0.0,0.0,0.0,0.0,0.0,0.0,0.0,0.0,0.0,0.0,0.0,0.0,0.09874921292066574,0.0753394365310669,0.0006276281023929187,17.762744903564453,141,nan,-1.0,True,,False,0.010050058364868164,0.0,0.010050058364868164,100.0,100.0,1.0,0.0,0.0,0.0,0.0,0.0
409,66.18059539794922,-0.0,0.0,-0.0,66.18059539794922,0.014186494052410126,2.602325201034546,0.5902673602104187,-0.0,0.0,0.0,0.0,0.0,0.0,0.0,0.0,0.0,0.0,0.0,0.0,0.023000000044703484,0.023000000044703484,0.019999999999999997,0.15,0.0,0.0,0.0,0.0,0.0,0.0,0.0,0.0,0.0,0.0,0.0,0.0,0.09895899891853333,0.07535842806100845,0.0006397541455953615,17.762744903564453,141,nan,-1.0,True,,False,0.010050058364868164,0.0,0.010050058364868164,100.0,100.0,1.0,0.0,0.0,0.0,0.0,0.0
410,44.07180404663086,-0.0,0.0,-0.0,44.07180404663086,0.027755090966820717,2.609341621398926,0.5902618765830994,-0.0,0.0,0.0,0.0,0.0,0.0,0.0,0.0,0.0,0.0,0.0,0.0,0.023000000044703484,0.023000000044703484,0.02,0.15000000000000002,0.0,0.0,0.0,0.0,0.0,0.0,0.0,0.0,0.0,0.0,0.0,0.0,0.09916140139102936,0.07539321482181549,0.0006646682791142666,17.762744903564453,141,nan,-1.0,True,,False,0.010050058364868164,0.0,0.010050058364868164,100.0,100.0,1.0,0.0,0.0,0.0,0.0,0.0
411,41.522247314453125,-0.0,0.0,-0.0,41.522247314453125,0.03030325099825859,2.617072582244873,0.5903038382530212,-0.0,0.0,0.0,0.0,0.0,0.0,0.0,0.0,0.0,0.0,0.0,0.0,0.023000000044703484,0.023000000044703484,0.019999999999999997,0.15000000000000002,0.0,0.0,0.0,0.0,0.0,0.0,0.0,0.0,0.0,0.0,0.0,0.0,0.0993526428937912,0.07544221729040146,0.001138369666023209,17.762744903564453,141,nan,-1.0,True,,False,0.010050058364868164,0.0,0.010050058364868164,100.0,100.0,1.0,0.0,0.0,0.0,0.0,0.0
412,95.64000701904297,-0.0,0.0,-0.0,95.64000701904297,0.0067961448803544044,2.625466823577881,0.5903984308242798,-0.0,0.0,0.0,0.0,0.0,0.0,0.0,0.0,0.0,0.0,0.0,0.0,0.023000000044703484,0.023000000044703484,0.02,0.15,0.0,0.0,0.0,0.0,0.0,0.0,0.0,0.0,0.0,0.0,0.0,0.0,0.09954080730676651,0.0755077674984932,0.001122289920658659,17.762744903564453,141,nan,-1.0,True,,False,0.010050058364868164,0.0,0.010050058364868164,100.0,100.0,1.0,0.0,0.0,0.0,0.0,0.0
413,74.75398254394531,-0.0,0.0,-0.0,74.75398254394531,0.011300887912511826,2.6344075202941895,0.5905167460441589,-0.0,0.0,0.0,0.0,0.0,0.0,0.0,0.0,0.0,0.0,0.0,0.0,0.023000000044703484,0.023000000044703484,0.02,0.15000000000000002,0.0,0.0,0.0,0.0,0.0,0.0,0.0,0.0,0.0,0.0,0.0,0.0,0.09971383959054947,0.07559376209974289,0.00109543130520251,17.762744903564453,141,nan,-1.0,True,,False,0.010050058364868164,0.0,0.010050058364868164,100.0,100.0,1.0,0.0,0.0,0.0,0.0,0.0
414,126.5960693359375,-0.0,0.0,-0.0,126.5960693359375,0.0035201418213546276,2.644155979156494,0.5906447172164917,-0.0,0.0,0.0,0.0,0.0,0.0,0.0,0.0,0.0,0.0,0.0,0.0,0.023000000044703484,0.023000000044703484,0.02,0.15,0.0,0.0,0.0,0.0,0.0,0.0,0.0,0.0,0.0,0.0,0.0,0.0,0.09989791363477707,0.07567768543958664,0.0011385227521714114,17.762744903564453,141,nan,-1.0,True,,False,0.010050058364868164,0.0,0.010050058364868164,100.0,100.0,1.0,0.0,0.0,0.0,0.0,0.0
415,55.0543327331543,-0.0,0.0,-0.0,55.0543327331543,0.019610367715358734,2.6548919677734375,0.5907633900642395,-0.0,0.0,0.0,0.0,0.0,0.0,0.0,0.0,0.0,0.0,0.0,0.0,0.023000000044703484,0.023000000044703484,0.02,0.15,0.0,0.0,0.0,0.0,0.0,0.0,0.0,0.0,0.0,0.0,0.0,0.0,0.10009206831455231,0.07576112449169159,0.0011605980130298121,17.762744903564453,141,nan,-1.0,True,,False,0.010050058364868164,0.0,0.010050058364868164,100.0,100.0,1.0,0.0,0.0,0.0,0.0,0.0
416,142.39292907714844,-0.0,0.0,-0.0,142.39292907714844,0.0026001478545367718,2.6661314964294434,0.5909292697906494,-0.0,0.0,0.0,0.0,0.0,0.0,0.0,0.0,0.0,0.0,0.0,0.0,0.023000000044703484,0.023000000044703484,0.02,0.15,0.0,0.0,0.0,0.0,0.0,0.0,0.0,0.0,0.0,0.0,0.0,0.0,0.10027681291103363,0.07586058229207993,0.001190690871226252,17.762744903564453,141,nan,-1.0,True,,False,0.010050058364868164,0.0,0.010050058364868164,100.0,100.0,1.0,0.0,0.0,0.0,0.0,0.0
417,78.67485809326172,-0.0,0.0,-0.0,78.67485809326172,0.010253112763166428,2.6778080463409424,0.5910438299179077,-0.0,0.0,0.0,0.0,0.0,0.0,0.0,0.0,0.0,0.0,0.0,0.0,0.023000000044703484,0.023000000044703484,0.02,0.15000000000000002,0.0,0.0,0.0,0.0,0.0,0.0,0.0,0.0,0.0,0.0,0.0,0.0,0.10044828057289124,0.07598698139190674,0.0010707938317864318,17.762744903564453,141,nan,-1.0,True,,False,0.010050058364868164,0.0,0.010050058364868164,100.0,100.0,1.0,0.0,0.0,0.0,0.0,0.0
418,122.59832763671875,-0.0,0.0,-0.0,122.59832763671875,0.0038222651928663254,2.690429449081421,0.591180145740509,-0.0,0.0,0.0,0.0,0.0,0.0,0.0,0.0,0.0,0.0,0.0,0.0,0.023000000044703484,0.023000000044703484,0.02,0.15,0.0,0.0,0.0,0.0,0.0,0.0,0.0,0.0,0.0,0.0,0.0,0.0,0.1006074771285057,0.07613900303840637,0.0010520732280383527,17.762744903564453,141,nan,-1.0,True,,False,0.010050058364868164,0.0,0.010050058364868164,100.0,100.0,1.0,0.0,0.0,0.0,0.0,0.0
419,110.64866638183594,-0.0,0.0,-0.0,110.64866638183594,0.004901463631540537,2.700929641723633,0.5913126468658447,-0.0,0.0,0.0,0.0,0.0,0.0,0.0,0.0,0.0,0.0,0.0,0.0,0.023000000044703484,0.023000000044703484,0.02,0.15,0.0,0.0,0.0,0.0,0.0,0.0,0.0,0.0,0.0,0.0,0.0,0.0,0.10075265914201736,0.07626376301050186,0.0012519505139607645,17.762744903564453,141,nan,-1.0,True,,False,0.010050058364868164,0.0,0.010050058364868164,100.0,100.0,1.0,0.0,0.0,0.0,0.0,0.0
420,185.76031494140625,-0.0,0.0,-0.0,185.76031494140625,0.0012170749250799417,2.711768388748169,0.591391384601593,-0.0,0.0,0.0,0.0,0.0,0.0,0.0,0.0,0.0,0.0,0.0,0.0,0.023000000044703484,0.023000000044703484,0.02,0.15,0.0,0.0,0.0,0.0,0.0,0.0,0.0,0.0,0.0,0.0,0.0,0.0,0.10090282559394836,0.0763387531042099,0.0012427312758518383,17.762744903564453,141,nan,-1.0,True,,False,0.010050058364868164,0.0,0.010050058364868164,100.0,100.0,1.0,0.0,0.0,0.0,0.0,0.0
421,145.51202392578125,-0.0,0.0,-0.0,145.51202392578125,0.002453621942549944,2.722954273223877,0.5914507508277893,-0.0,0.0,0.0,0.0,0.0,0.0,0.0,0.0,0.0,0.0,0.0,0.0,0.023000000044703484,0.023000000044703484,0.02,0.15,0.0,0.0,0.0,0.0,0.0,0.0,0.0,0.0,0.0,0.0,0.0,0.0,0.101059690117836,0.07639221847057343,0.0012393934362080472,17.762744903564453,141,nan,-1.0,True,,False,0.010050058364868164,0.0,0.010050058364868164,100.0,100.0,1.0,0.0,0.0,0.0,0.0,0.0
422,354.6083679199219,-0.0,0.0,-0.0,354.6083679199219,0.00011875277414219454,2.734443187713623,0.5915250778198242,-0.0,0.0,0.0,0.0,0.0,0.0,0.0,0.0,0.0,0.0,0.0,0.0,0.023000000044703484,0.023000000044703484,0.02,0.15000000000000002,0.0,0.0,0.0,0.0,0.0,0.0,0.0,0.0,0.0,0.0,0.0,0.0,0.10120406746864319,0.07645929604768753,0.001336180554517341,17.762744903564453,141,nan,-1.0,True,,False,0.010050058364868164,0.0,0.010050058364868164,100.0,100.0,1.0,0.0,0.0,0.0,0.0,0.0
423,81.87610626220703,-0.0,0.0,-0.0,81.87610626220703,0.009468451142311096,2.7452237606048584,0.5915525555610657,-0.0,0.0,0.0,0.0,0.0,0.0,0.0,0.0,0.0,0.0,0.0,0.0,0.023000000044703484,0.023000000044703484,0.02,0.15,0.0,0.0,0.0,0.0,0.0,0.0,0.0,0.0,0.0,0.0,0.0,0.0,0.1013517752289772,0.07651695609092712,0.0012170392137704766,17.762744903564453,141,nan,-1.0,True,,False,0.010050058364868164,0.0,0.010050058364868164,100.0,100.0,1.0,0.0,0.0,0.0,0.0,0.0
424,119.52802276611328,-0.0,0.0,-0.0,119.52802276611328,0.004070743918418884,2.7560489177703857,0.5916079878807068,-0.0,0.0,0.0,0.0,0.0,0.0,0.0,0.0,0.0,0.0,0.0,0.0,0.023000000044703484,0.023000000044703484,0.02,0.15,0.0,0.0,0.0,0.0,0.0,0.0,0.0,0.0,0.0,0.0,0.0,0.0,0.10148951411247253,0.07659170776605606,0.0005035887793383154,17.762744903564453,141,nan,-1.0,True,,False,0.010050058364868164,0.0,0.010050058364868164,100.0,100.0,1.0,0.0,0.0,0.0,0.0,0.0
425,108.175048828125,-0.0,0.0,-0.0,108.175048828125,0.005168633535504341,2.7638955116271973,0.591659426689148,-0.0,0.0,0.0,0.0,0.0,0.0,0.0,0.0,0.0,0.0,0.0,0.0,0.023000000044703484,0.023000000044703484,0.02,0.15,0.0,0.0,0.0,0.0,0.0,0.0,0.0,0.0,0.0,0.0,0.0,0.0,0.10161369293928146,0.07667414844036102,0.0008061898615778773,17.762744903564453,141,nan,-1.0,True,,False,0.010050058364868164,0.0,0.010050058364868164,100.0,100.0,1.0,0.0,0.0,0.0,0.0,0.0
426,254.1707763671875,-0.0,0.0,-0.0,254.1707763671875,0.00043237401405349374,2.7689530849456787,0.5916962027549744,-0.0,0.0,0.0,0.0,0.0,0.0,0.0,0.0,0.0,0.0,0.0,0.0,0.023000000044703484,0.023000000044703484,0.020000000000000004,0.14999999999999997,0.0,0.0,0.0,0.0,0.0,0.0,0.0,0.0,0.0,0.0,0.0,0.0,0.10172943025827408,0.0767572820186615,0.0008111301472126797,17.762744903564453,141,nan,-1.0,True,,False,0.010050058364868164,0.0,0.010050058364868164,100.0,100.0,1.0,0.0,0.0,0.0,0.0,0.0
427,111.75468444824219,-0.0,0.0,-0.0,111.75468444824219,0.004788478836417198,2.773257255554199,0.5917226672172546,-0.0,0.0,0.0,0.0,0.0,0.0,0.0,0.0,0.0,0.0,0.0,0.0,0.023000000044703484,0.023000000044703484,0.02,0.15,0.0,0.0,0.0,0.0,0.0,0.0,0.0,0.0,0.0,0.0,0.0,0.0,0.10184600949287415,0.07683955132961273,0.0011404020951886196,17.762744903564453,141,nan,-1.0,True,,False,0.010050058364868164,0.0,0.010050058364868164,100.0,100.0,1.0,0.0,0.0,0.0,0.0,0.0
428,76.63587188720703,-0.0,0.0,-0.0,76.63587188720703,0.010800447314977646,2.777540683746338,0.5917297005653381,-0.0,0.0,0.0,0.0,0.0,0.0,0.0,0.0,0.0,0.0,0.0,0.0,0.023000000044703484,0.023000000044703484,0.020000000000000004,0.15,0.0,0.0,0.0,0.0,0.0,0.0,0.0,0.0,0.0,0.0,0.0,0.0,0.1019509956240654,0.07692793011665344,0.0007906183113846055,17.762744903564453,141,nan,-1.0,True,,False,0.010050058364868164,0.0,0.010050058364868164,100.0,100.0,1.0,0.0,0.0,0.0,0.0,0.0
429,61.369895935058594,-0.0,0.0,-0.0,61.369895935058594,0.01631154492497444,2.781766414642334,0.5917601585388184,-0.0,0.0,0.0,0.0,0.0,0.0,0.0,0.0,0.0,0.0,0.0,0.0,0.023000000044703484,0.023000000044703484,0.02,0.15,0.0,0.0,0.0,0.0,0.0,0.0,0.0,0.0,0.0,0.0,0.0,0.0,0.10205566883087158,0.07701543718576431,0.0007691026885368046,17.762744903564453,141,nan,-1.0,True,,False,0.010050058364868164,0.0,0.010050058364868164,100.0,100.0,1.0,0.0,0.0,0.0,0.0,0.0
430,48.95625305175781,-0.0,0.0,-0.0,48.95625305175781,0.023744186386466026,2.786043643951416,0.591822624206543,-0.0,0.0,0.0,0.0,0.0,0.0,0.0,0.0,0.0,0.0,0.0,0.0,0.023000000044703484,0.023000000044703484,0.020000000000000004,0.15,0.0,0.0,0.0,0.0,0.0,0.0,0.0,0.0,0.0,0.0,0.0,0.0,0.10216108709573746,0.07710245251655579,0.0007416346002173668,17.762744903564453,141,nan,-1.0,True,,False,0.010050058364868164,0.0,0.010050058364868164,100.0,100.0,1.0,0.0,0.0,0.0,0.0,0.0
431,46.75605010986328,-0.0,0.0,-0.0,46.75605010986328,0.02550145983695984,2.790595293045044,0.5919049978256226,-0.0,0.0,0.0,0.0,0.0,0.0,0.0,0.0,0.0,0.0,0.0,0.0,0.023000000044703484,0.023000000044703484,0.02,0.15,0.0,0.0,0.0,0.0,0.0,0.0,0.0,0.0,0.0,0.0,0.0,0.0,0.10226825624704361,0.07718860357999802,0.0009602714299035142,17.762744903564453,141,nan,-1.0,True,,False,0.010050058364868164,0.0,0.010050058364868164,100.0,100.0,1.0,0.0,0.0,0.0,0.0,0.0
432,45.6129150390625,-0.0,0.0,-0.0,45.6129150390625,0.026491636410355568,2.7956151962280273,0.592022716999054,-0.0,0.0,0.0,0.0,0.0,0.0,0.0,0.0,0.0,0.0,0.0,0.0,0.023000000044703484,0.023000000044703484,0.020000000000000004,0.15000000000000002,0.0,0.0,0.0,0.0,0.0,0.0,0.0,0.0,0.0,0.0,0.0,0.0,0.1023668423295021,0.07729008048772812,0.000971959654634702,17.762744903564453,141,nan,-1.0,True,,False,0.010050058364868164,0.0,0.010050058364868164,100.0,100.0,1.0,0.0,0.0,0.0,0.0,0.0
433,48.55337905883789,-0.0,0.0,-0.0,48.55337905883789,0.024077866226434708,2.8012568950653076,0.5921885967254639,-0.0,0.0,0.0,0.0,0.0,0.0,0.0,0.0,0.0,0.0,0.0,0.0,0.023000000044703484,0.023000000044703484,0.019999999999999997,0.15,0.0,0.0,0.0,0.0,0.0,0.0,0.0,0.0,0.0,0.0,0.0,0.0,0.10245627909898758,0.07740836590528488,0.001153321235506155,17.762744903564453,141,nan,-1.0,True,,False,0.010050058364868164,0.0,0.010050058364868164,100.0,100.0,1.0,0.0,0.0,0.0,0.0,0.0
434,65.9103775024414,-0.0,0.0,-0.0,65.9103775024414,0.014382562600076199,2.8076090812683105,0.5923898816108704,-0.0,0.0,0.0,0.0,0.0,0.0,0.0,0.0,0.0,0.0,0.0,0.0,0.023000000044703484,0.023000000044703484,0.020000000000000004,0.15,0.0,0.0,0.0,0.0,0.0,0.0,0.0,0.0,0.0,0.0,0.0,0.0,0.10253314673900604,0.07754223048686981,0.0011689099392242497,17.762744903564453,141,nan,-1.0,True,,False,0.010050058364868164,0.0,0.010050058364868164,100.0,100.0,1.0,0.0,0.0,0.0,0.0,0.0
435,210.0375518798828,-0.0,0.0,-0.0,210.0375518798828,0.0008289468241855502,2.81475830078125,0.592635452747345,-0.0,0.0,0.0,0.0,0.0,0.0,0.0,0.0,0.0,0.0,0.0,0.0,0.023000000044703484,0.023000000044703484,0.019999999999999997,0.15,0.0,0.0,0.0,0.0,0.0,0.0,0.0,0.0,0.0,0.0,0.0,0.0,0.10259690135717392,0.07769657671451569,0.0007928523168629908,17.762744903564453,141,nan,-1.0,True,,False,0.010050058364868164,0.0,0.010050058364868164,100.0,100.0,1.0,0.0,0.0,0.0,0.0,0.0
436,153.96963500976562,-0.0,0.0,-0.0,153.96963500976562,0.0021077976562082767,2.822543144226074,0.5928707122802734,-0.0,0.0,0.0,0.0,0.0,0.0,0.0,0.0,0.0,0.0,0.0,0.0,0.023000000044703484,0.023000000044703484,0.020000000000000004,0.15,0.0,0.0,0.0,0.0,0.0,0.0,0.0,0.0,0.0,0.0,0.0,0.0,0.10265227407217026,0.07785981148481369,0.0012015911179332761,17.762744903564453,141,nan,-1.0,True,,False,0.010050058364868164,0.0,0.010050058364868164,100.0,100.0,1.0,0.0,0.0,0.0,0.0,0.0
437,232.9108428955078,-0.0,0.0,-0.0,232.9108428955078,0.0005881070392206311,2.831258773803711,0.593129575252533,-0.0,0.0,0.0,0.0,0.0,0.0,0.0,0.0,0.0,0.0,0.0,0.0,0.023000000044703484,0.023000000044703484,0.019999999999999997,0.15,0.0,0.0,0.0,0.0,0.0,0.0,0.0,0.0,0.0,0.0,0.0,0.0,0.10272243618965149,0.07800780236721039,0.0005890014963370049,17.762744903564453,141,nan,-1.0,True,,False,0.010050058364868164,0.0,0.010050058364868164,100.0,100.0,1.0,0.0,0.0,0.0,0.0,0.0
438,97.87799072265625,-0.0,0.0,-0.0,97.87799072265625,0.00651007192209363,2.841075897216797,0.5934163928031921,-0.0,0.0,0.0,0.0,0.0,0.0,0.0,0.0,0.0,0.0,0.0,0.0,0.023000000044703484,0.023000000044703484,0.020000000000000004,0.15,0.0,0.0,0.0,0.0,0.0,0.0,0.0,0.0,0.0,0.0,0.0,0.0,0.1027894914150238,0.0781555101275444,0.000598512589931488,17.762744903564453,141,nan,-1.0,True,,False,0.010050058364868164,0.0,0.010050058364868164,100.0,100.0,1.0,0.0,0.0,0.0,0.0,0.0
439,117.54353332519531,-0.0,0.0,-0.0,117.54353332519531,0.00426274910569191,2.8515851497650146,0.5937478542327881,-0.0,0.0,0.0,0.0,0.0,0.0,0.0,0.0,0.0,0.0,0.0,0.0,0.023000000044703484,0.023000000044703484,0.019999999999999997,0.15,0.0,0.0,0.0,0.0,0.0,0.0,0.0,0.0,0.0,0.0,0.0,0.0,0.10285743325948715,0.07829951494932175,0.002338602424970304,17.762744903564453,141,nan,-1.0,True,,False,0.010050058364868164,0.0,0.010050058364868164,100.0,100.0,1.0,0.0,0.0,0.0,0.0,0.0
440,66.43770599365234,-0.0,0.0,-0.0,66.43770599365234,0.014248260296881199,2.8484551906585693,0.5939828157424927,-0.0,0.0,0.0,0.0,0.0,0.0,0.0,0.0,0.0,0.0,0.0,0.0,0.023000000044703484,0.023000000044703484,0.020000000000000004,0.15,0.0,0.0,0.0,0.0,0.0,0.0,0.0,0.0,0.0,0.0,0.0,0.0,0.1029287576675415,0.07842198014259338,0.0017203981187776662,17.762744903564453,141,nan,-1.0,True,,False,0.010050058364868164,0.0,0.010050058364868164,100.0,100.0,1.0,0.0,0.0,0.0,0.0,0.0
441,77.36984252929688,-0.0,0.0,-0.0,77.36984252929688,0.010663622990250587,2.8406028747558594,0.5941578149795532,-0.0,0.0,0.0,0.0,0.0,0.0,0.0,0.0,0.0,0.0,0.0,0.0,0.023000000044703484,0.023000000044703484,0.019999999999999997,0.14999999999999997,0.0,0.0,0.0,0.0,0.0,0.0,0.0,0.0,0.0,0.0,0.0,0.0,0.10300549864768982,0.07853135466575623,0.002149127700704412,17.762744903564453,141,nan,-1.0,True,,False,0.010050058364868164,0.0,0.010050058364868164,100.0,100.0,1.0,0.0,0.0,0.0,0.0,0.0
442,110.60279083251953,-0.0,0.0,-0.0,110.60279083251953,0.00493269320577383,2.832951545715332,0.5943210124969482,-0.0,0.0,0.0,0.0,0.0,0.0,0.0,0.0,0.0,0.0,0.0,0.0,0.023000000044703484,0.023000000044703484,0.020000000000000004,0.15,0.0,0.0,0.0,0.0,0.0,0.0,0.0,0.0,0.0,0.0,0.0,0.0,0.10309950262308121,0.07861404120922089,0.002149835313048243,17.762744903564453,141,nan,-1.0,True,,False,0.010050058364868164,0.0,0.010050058364868164,100.0,100.0,1.0,0.0,0.0,0.0,0.0,0.0
443,237.97914123535156,-0.0,0.0,-0.0,237.97914123535156,0.0005476146470755339,2.825204372406006,0.5944232940673828,-0.0,0.0,0.0,0.0,0.0,0.0,0.0,0.0,0.0,0.0,0.0,0.0,0.023000000044703484,0.023000000044703484,0.019999999999999997,0.15,0.0,0.0,0.0,0.0,0.0,0.0,0.0,0.0,0.0,0.0,0.0,0.0,0.10321279615163803,0.07867997139692307,0.00216372596742076,17.762744903564453,141,nan,-1.0,True,,False,0.010050058364868164,0.0,0.010050058364868164,100.0,100.0,1.0,0.0,0.0,0.0,0.0,0.0
444,170.85594177246094,-0.0,0.0,-0.0,170.85594177246094,0.001570478081703186,2.8119826316833496,0.5944669246673584,-0.0,0.0,0.0,0.0,0.0,0.0,0.0,0.0,0.0,0.0,0.0,0.0,0.023000000044703484,0.023000000044703484,0.020000000000000004,0.15000000000000002,0.0,0.0,0.0,0.0,0.0,0.0,0.0,0.0,0.0,0.0,0.0,0.0,0.10333815962076187,0.07872919738292694,0.0005032813255638757,17.762744903564453,141,nan,-1.0,True,,False,0.010050058364868164,0.0,0.010050058364868164,100.0,100.0,1.0,0.0,0.0,0.0,0.0,0.0
445,82.25261688232422,-0.0,0.0,-0.0,82.25261688232422,0.009425677359104156,2.7987942695617676,0.5945318341255188,-0.0,0.0,0.0,0.0,0.0,0.0,0.0,0.0,0.0,0.0,0.0,0.0,0.023000000044703484,0.023000000044703484,0.019999999999999997,0.15000000000000002,0.0,0.0,0.0,0.0,0.0,0.0,0.0,0.0,0.0,0.0,0.0,0.0,0.10346201807260513,0.07878104597330093,0.0004811665894521866,17.762744903564453,141,nan,-1.0,True,,False,0.010050058364868164,0.0,0.010050058364868164,100.0,100.0,1.0,0.0,0.0,0.0,0.0,0.0
446,96.21646118164062,-0.0,0.0,-0.0,96.21646118164062,0.006765919737517834,2.7866129875183105,0.5946194529533386,-0.0,0.0,0.0,0.0,0.0,0.0,0.0,0.0,0.0,0.0,0.0,0.0,0.023000000044703484,0.023000000044703484,0.020000000000000004,0.15,0.0,0.0,0.0,0.0,0.0,0.0,0.0,0.0,0.0,0.0,0.0,0.0,0.10358145833015442,0.0788358747959137,0.0011206055737602583,17.762744903564453,141,nan,-1.0,True,,False,0.010050058364868164,0.0,0.010050058364868164,100.0,100.0,1.0,0.0,0.0,0.0,0.0,0.0
447,123.74838256835938,-0.0,0.0,-0.0,123.74838256835938,0.0037537836469709873,2.7750468254089355,0.5947102308273315,-0.0,0.0,0.0,0.0,0.0,0.0,0.0,0.0,0.0,0.0,0.0,0.0,0.023000000044703484,0.023000000044703484,0.019999999999999997,0.15,0.0,0.0,0.0,0.0,0.0,0.0,0.0,0.0,0.0,0.0,0.0,0.0,0.10368753224611282,0.07890351861715317,0.001117597093070799,17.762744903564453,141,nan,-1.0,True,,False,0.010050058364868164,0.0,0.010050058364868164,100.0,100.0,1.0,0.0,0.0,0.0,0.0,0.0
448,60.36648178100586,-0.0,0.0,-0.0,60.36648178100586,0.01687857136130333,2.7639477252960205,0.5947901010513306,-0.0,0.0,0.0,0.0,0.0,0.0,0.0,0.0,0.0,0.0,0.0,0.0,0.023000000044703484,0.023000000044703484,0.020000000000000004,0.15,0.0,0.0,0.0,0.0,0.0,0.0,0.0,0.0,0.0,0.0,0.0,0.0,0.10381516814231873,0.07895147055387497,0.0011194465805601794,17.762744903564453,141,nan,-1.0,True,,False,0.010050058364868164,0.0,0.010050058364868164,100.0,100.0,1.0,0.0,0.0,0.0,0.0,0.0
449,42.558834075927734,-0.0,0.0,-0.0,42.558834075927734,0.029535770416259766,2.7532713413238525,0.5948818325996399,-0.0,0.0,0.0,0.0,0.0,0.0,0.0,0.0,0.0,0.0,0.0,0.0,0.023000000044703484,0.023000000044703484,0.019999999999999997,0.15,0.0,0.0,0.0,0.0,0.0,0.0,0.0,0.0,0.0,0.0,0.0,0.0,0.10396160185337067,0.0789816603064537,0.0005669757524628949,17.762744903564453,141,nan,-1.0,True,,False,0.010050058364868164,0.0,0.010050058364868164,100.0,100.0,1.0,0.0,0.0,0.0,0.0,0.0
450,50.87328338623047,-0.0,0.0,-0.0,50.87328338623047,0.022478442639112473,2.7427213191986084,0.5949804186820984,-0.0,0.0,0.0,0.0,0.0,0.0,0.0,0.0,0.0,0.0,0.0,0.0,0.023000000044703484,0.023000000044703484,0.020000000000000004,0.15,0.0,0.0,0.0,0.0,0.0,0.0,0.0,0.0,0.0,0.0,0.0,0.0,0.10410698503255844,0.07902391254901886,0.0010452641390656936,17.762744903564453,141,nan,-1.0,True,,False,0.010050058364868164,0.0,0.010050058364868164,100.0,100.0,1.0,0.0,0.0,0.0,0.0,0.0
451,94.12345123291016,-0.0,0.0,-0.0,94.12345123291016,0.007105907425284386,2.7323837280273438,0.5950573086738586,-0.0,0.0,0.0,0.0,0.0,0.0,0.0,0.0,0.0,0.0,0.0,0.0,0.023000000044703484,0.023000000044703484,0.019999999999999997,0.15,0.0,0.0,0.0,0.0,0.0,0.0,0.0,0.0,0.0,0.0,0.0,0.0,0.10425102710723877,0.07906614243984222,0.0010542319691921875,17.762744903564453,141,nan,-1.0,True,,False,0.010050058364868164,0.0,0.010050058364868164,100.0,100.0,1.0,0.0,0.0,0.0,0.0,0.0
452,81.83511352539062,-0.0,0.0,-0.0,81.83511352539062,0.009538423269987106,2.722212553024292,0.5951200127601624,-0.0,0.0,0.0,0.0,0.0,0.0,0.0,0.0,0.0,0.0,0.0,0.0,0.023000000044703484,0.023000000044703484,0.020000000000000004,0.15000000000000002,0.0,0.0,0.0,0.0,0.0,0.0,0.0,0.0,0.0,0.0,0.0,0.0,0.10438676923513412,0.07911437004804611,0.0010677391951503523,17.762744903564453,141,nan,-1.0,True,,False,0.010050058364868164,0.0,0.010050058364868164,100.0,100.0,1.0,0.0,0.0,0.0,0.0,0.0
453,125.75371551513672,-0.0,0.0,-0.0,125.75371551513672,0.003612949512898922,2.7122960090637207,0.5952115058898926,-0.0,0.0,0.0,0.0,0.0,0.0,0.0,0.0,0.0,0.0,0.0,0.0,0.023000000044703484,0.023000000044703484,0.019999999999999997,0.14999999999999997,0.0,0.0,0.0,0.0,0.0,0.0,0.0,0.0,0.0,0.0,0.0,0.0,0.10453078895807266,0.07915730029344559,0.0008783300504546787,17.762744903564453,141,nan,-1.0,True,,False,0.010050058364868164,0.0,0.010050058364868164,100.0,100.0,1.0,0.0,0.0,0.0,0.0,0.0
454,82.74694061279297,-0.0,0.0,-0.0,82.74694061279297,0.00933909136801958,2.7024693489074707,0.5953032970428467,-0.0,0.0,0.0,0.0,0.0,0.0,0.0,0.0,0.0,0.0,0.0,0.0,0.023000000044703484,0.023000000044703484,0.020000000000000004,0.15,0.0,0.0,0.0,0.0,0.0,0.0,0.0,0.0,0.0,0.0,0.0,0.0,0.10467946529388428,0.07920096814632416,0.000734844308681204,17.762744903564453,141,nan,-1.0,True,,False,0.010050058364868164,0.0,0.010050058364868164,100.0,100.0,1.0,0.0,0.0,0.0,0.0,0.0
455,115.62311553955078,-0.0,0.0,-0.0,115.62311553955078,0.004451987333595753,2.6927285194396973,0.5954152941703796,-0.0,0.0,0.0,0.0,0.0,0.0,0.0,0.0,0.0,0.0,0.0,0.0,0.023000000044703484,0.023000000044703484,0.019999999999999997,0.15,0.0,0.0,0.0,0.0,0.0,0.0,0.0,0.0,0.0,0.0,0.0,0.0,0.10482229292392731,0.07924986630678177,0.0007063959401421016,17.762744903564453,141,nan,-1.0,True,,False,0.010050058364868164,0.0,0.010050058364868164,100.0,100.0,1.0,0.0,0.0,0.0,0.0,0.0
456,247.44297790527344,-0.0,0.0,-0.0,247.44297790527344,0.0004799443995580077,2.6833269596099854,0.5954854488372803,-0.0,0.0,0.0,0.0,0.0,0.0,0.0,0.0,0.0,0.0,0.0,0.0,0.023000000044703484,0.023000000044703484,0.020000000000000004,0.15,0.0,0.0,0.0,0.0,0.0,0.0,0.0,0.0,0.0,0.0,0.0,0.0,0.10495778173208237,0.07930888235569,0.0006595582044610637,17.762744903564453,141,nan,-1.0,True,,False,0.010050058364868164,0.0,0.010050058364868164,100.0,100.0,1.0,0.0,0.0,0.0,0.0,0.0
457,128.92018127441406,-0.0,0.0,-0.0,128.92018127441406,0.0033963466994464397,2.6739559173583984,0.5953692197799683,-0.0,0.0,0.0,0.0,0.0,0.0,0.0,0.0,0.0,0.0,0.0,0.0,0.023000000044703484,0.023000000044703484,0.019999999999999997,0.15,0.0,0.0,0.0,0.0,0.0,0.0,0.0,0.0,0.0,0.0,0.0,0.0,0.10508651286363602,0.07937837392091751,0.0006494128247140907,17.762744903564453,141,nan,-1.0,True,,False,0.010050058364868164,0.0,0.010050058364868164,100.0,100.0,1.0,0.0,0.0,0.0,0.0,0.0
458,93.2088394165039,-0.0,0.0,-0.0,93.2088394165039,0.007269394118338823,2.665314197540283,0.5952838063240051,-0.0,0.0,0.0,0.0,0.0,0.0,0.0,0.0,0.0,0.0,0.0,0.0,0.023000000044703484,0.023000000044703484,0.02,0.15,0.0,0.0,0.0,0.0,0.0,0.0,0.0,0.0,0.0,0.0,0.0,0.0,0.10522598773241043,0.07944067567586899,0.0006464754310400167,17.762744903564453,141,nan,-1.0,True,,False,0.010050058364868164,0.0,0.010050058364868164,100.0,100.0,1.0,0.0,0.0,0.0,0.0,0.0
459,592.0284423828125,-0.0,0.0,-0.0,592.0284423828125,1.020608760882169e-05,2.657137870788574,0.5952355861663818,-0.0,0.0,0.0,0.0,0.0,0.0,0.0,0.0,0.0,0.0,0.0,0.0,0.023000000044703484,0.023000000044703484,0.019999999999999997,0.15,0.0,0.0,0.0,0.0,0.0,0.0,0.0,0.0,0.0,0.0,0.0,0.0,0.10537651181221008,0.07949505001306534,0.0009102730541599158,17.762744903564453,141,nan,-1.0,True,,False,0.010050058364868164,0.0,0.010050058364868164,100.0,100.0,1.0,0.0,0.0,0.0,0.0,0.0
460,69.97848510742188,-0.0,0.0,-0.0,69.97848510742188,0.012949049472808838,2.649470329284668,0.5951729416847229,-0.0,0.0,0.0,0.0,0.0,0.0,0.0,0.0,0.0,0.0,0.0,0.0,0.023000000044703484,0.023000000044703484,0.02,0.15,0.0,0.0,0.0,0.0,0.0,0.0,0.0,0.0,0.0,0.0,0.0,0.0,0.10552411526441574,0.07955613732337952,0.0024998688700179628,17.762744903564453,141,nan,-1.0,True,,False,0.010050058364868164,0.0,0.010050058364868164,100.0,100.0,1.0,0.0,0.0,0.0,0.0,0.0
461,145.9121856689453,-0.0,0.0,-0.0,145.9121856689453,0.0024518424179404974,2.643775701522827,0.595142126083374,-0.0,0.0,0.0,0.0,0.0,0.0,0.0,0.0,0.0,0.0,0.0,0.0,0.023000000044703484,0.023000000044703484,0.019999999999999997,0.15,0.0,0.0,0.0,0.0,0.0,0.0,0.0,0.0,0.0,0.0,0.0,0.0,0.10568109899759293,0.07959958165884018,0.0017967766739275248,17.762744903564453,141,nan,-1.0,True,,False,0.010050058364868164,0.0,0.010050058364868164,100.0,100.0,1.0,0.0,0.0,0.0,0.0,0.0
462,58.095401763916016,-0.0,0.0,-0.0,58.095401763916016,0.01807873696088791,2.6383585929870605,0.5951055288314819,-0.0,0.0,0.0,0.0,0.0,0.0,0.0,0.0,0.0,0.0,0.0,0.0,0.023000000044703484,0.023000000044703484,0.02,0.15,0.0,0.0,0.0,0.0,0.0,0.0,0.0,0.0,0.0,0.0,0.0,0.0,0.10584775358438492,0.07964262366294861,0.001281562616895826,17.762744903564453,141,nan,-1.0,True,,False,0.010050058364868164,0.0,0.010050058364868164,100.0,100.0,1.0,0.0,0.0,0.0,0.0,0.0
463,102.8080825805664,-0.0,0.0,-0.0,102.8080825805664,0.005848085507750511,2.6342859268188477,0.5950960516929626,-0.0,0.0,0.0,0.0,0.0,0.0,0.0,0.0,0.0,0.0,0.0,0.0,0.023000000044703484,0.023000000044703484,0.019999999999999997,0.15,0.0,0.0,0.0,0.0,0.0,0.0,0.0,0.0,0.0,0.0,0.0,0.0,0.10600536316633224,0.07969200611114502,0.0012620075194718083,17.762744903564453,141,nan,-1.0,True,,False,0.010050058364868164,0.0,0.010050058364868164,100.0,100.0,1.0,0.0,0.0,0.0,0.0,0.0
464,78.44994354248047,-0.0,0.0,-0.0,78.44994354248047,0.01039939932525158,2.630875587463379,0.5950813293457031,-0.0,0.0,0.0,0.0,0.0,0.0,0.0,0.0,0.0,0.0,0.0,0.0,0.023000000044703484,0.023000000044703484,0.02,0.15,0.0,0.0,0.0,0.0,0.0,0.0,0.0,0.0,0.0,0.0,0.0,0.0,0.10616052150726318,0.07974135130643845,0.001760171415298828,17.762744903564453,141,nan,-1.0,True,,False,0.010050058364868164,0.0,0.010050058364868164,100.0,100.0,1.0,0.0,0.0,0.0,0.0,0.0
465,174.14796447753906,-0.0,0.0,-0.0,174.14796447753906,0.0014896420761942863,2.628236770629883,0.5950840711593628,-0.0,0.0,0.0,0.0,0.0,0.0,0.0,0.0,0.0,0.0,0.0,0.0,0.023000000044703484,0.023000000044703484,0.02,0.15,0.0,0.0,0.0,0.0,0.0,0.0,0.0,0.0,0.0,0.0,0.0,0.0,0.10629168897867203,0.07980822026729584,0.0005699737371287483,17.762744903564453,141,nan,-1.0,True,,False,0.010050058364868164,0.0,0.010050058364868164,100.0,100.0,1.0,0.0,0.0,0.0,0.0,0.0
466,122.26399993896484,-0.0,0.0,-0.0,122.26399993896484,0.0038813790306448936,2.626291036605835,0.594846785068512,-0.0,0.0,0.0,0.0,0.0,0.0,0.0,0.0,0.0,0.0,0.0,0.0,0.023000000044703484,0.023000000044703484,0.02,0.14999999999999997,0.0,0.0,0.0,0.0,0.0,0.0,0.0,0.0,0.0,0.0,0.0,0.0,0.10642724484205246,0.07986197620630264,0.0007479906885237142,17.762744903564453,141,nan,-1.0,True,,False,0.010050058364868164,0.0,0.010050058364868164,100.0,100.0,1.0,0.0,0.0,0.0,0.0,0.0
467,71.34208679199219,-0.0,0.0,-0.0,71.34208679199219,0.012479929253458977,2.6248679161071777,0.5943690538406372,-0.0,0.0,0.0,0.0,0.0,0.0,0.0,0.0,0.0,0.0,0.0,0.0,0.023000000044703484,0.023000000044703484,0.02,0.15,0.0,0.0,0.0,0.0,0.0,0.0,0.0,0.0,0.0,0.0,0.0,0.0,0.10655694454908371,0.07992389798164368,0.0007416322073368065,17.762744903564453,141,nan,-1.0,True,,False,0.010050058364868164,0.0,0.010050058364868164,100.0,100.0,1.0,0.0,0.0,0.0,0.0,0.0
468,194.91458129882812,-0.0,0.0,-0.0,194.91458129882812,0.0010536116315051913,2.6242876052856445,0.5939207673072815,-0.0,0.0,0.0,0.0,0.0,0.0,0.0,0.0,0.0,0.0,0.0,0.0,0.023000000044703484,0.023000000044703484,0.02,0.15,0.0,0.0,0.0,0.0,0.0,0.0,0.0,0.0,0.0,0.0,0.0,0.0,0.10668906569480896,0.07998652011156082,0.000500684855524014,17.762744903564453,141,nan,-1.0,True,,False,0.010050058364868164,0.0,0.010050058364868164,100.0,100.0,1.0,0.0,0.0,0.0,0.0,0.0
469,91.77850341796875,-0.0,0.0,-0.0,91.77850341796875,0.007483482360839844,2.6236824989318848,0.5934616327285767,-0.0,0.0,0.0,0.0,0.0,0.0,0.0,0.0,0.0,0.0,0.0,0.0,0.023000000044703484,0.023000000044703484,0.02,0.15,0.0,0.0,0.0,0.0,0.0,0.0,0.0,0.0,0.0,0.0,0.0,0.0,0.10682114213705063,0.08005505055189133,0.0005676615824086184,17.762744903564453,141,nan,-1.0,True,,False,0.010050058364868164,0.0,0.010050058364868164,100.0,100.0,1.0,0.0,0.0,0.0,0.0,0.0
470,109.69220733642578,-0.0,0.0,-0.0,109.69220733642578,0.005009651184082031,2.622819423675537,0.5930215120315552,-0.0,0.0,0.0,0.0,0.0,0.0,0.0,0.0,0.0,0.0,0.0,0.0,0.023000000044703484,0.023000000044703484,0.02,0.15,0.0,0.0,0.0,0.0,0.0,0.0,0.0,0.0,0.0,0.0,0.0,0.0,0.10696084052324295,0.08012909442186356,0.0010210139666924078,17.762744903564453,141,nan,-1.0,True,,False,0.010050058364868164,0.0,0.010050058364868164,100.0,100.0,1.0,0.0,0.0,0.0,0.0,0.0
471,136.33023071289062,-0.0,0.0,-0.0,136.33023071289062,0.00292205810546875,2.6217875480651855,0.5925952792167664,-0.0,0.0,0.0,0.0,0.0,0.0,0.0,0.0,0.0,0.0,0.0,0.0,0.023000000044703484,0.023000000044703484,0.02,0.15,0.0,0.0,0.0,0.0,0.0,0.0,0.0,0.0,0.0,0.0,0.0,0.0,0.10708025842905045,0.08022090792655945,0.001167422494290804,17.762744903564453,141,nan,-1.0,True,,False,0.010050058364868164,0.0,0.010050058364868164,100.0,100.0,1.0,0.0,0.0,0.0,0.0,0.0
472,186.55470275878906,-0.0,0.0,-0.0,186.55470275878906,0.0012030601501464844,2.6207685470581055,0.5922017693519592,-0.0,0.0,0.0,0.0,0.0,0.0,0.0,0.0,0.0,0.0,0.0,0.0,0.023000000044703484,0.023000000044703484,0.02,0.15,0.0,0.0,0.0,0.0,0.0,0.0,0.0,0.0,0.0,0.0,0.0,0.0,0.10717475414276123,0.08033227920532227,0.0010616208733154053,17.762744903564453,141,nan,-1.0,True,,False,0.010050058364868164,0.0,0.010050058364868164,100.0,100.0,1.0,0.0,0.0,0.0,0.0,0.0
473,509.1131591796875,-0.0,0.0,-0.0,509.1131591796875,2.2411346435546875e-05,2.61985445022583,0.5918148159980774,-0.0,0.0,0.0,0.0,0.0,0.0,0.0,0.0,0.0,0.0,0.0,0.0,0.023000000044703484,0.023000000044703484,0.02,0.15,0.0,0.0,0.0,0.0,0.0,0.0,0.0,0.0,0.0,0.0,0.0,0.0,0.10725222527980804,0.080461286008358,0.000965904079748725,17.762744903564453,141,nan,-1.0,True,,False,0.010050058364868164,0.0,0.010050058364868164,100.0,100.0,1.0,0.0,0.0,0.0,0.0,0.0
474,239.22622680664062,-0.0,0.0,-0.0,239.22622680664062,0.0005353847518563271,2.618421792984009,0.5914325714111328,-0.0,0.0,0.0,0.0,0.0,0.0,0.0,0.0,0.0,0.0,0.0,0.0,0.023000000044703484,0.023000000044703484,0.02,0.15,0.0,0.0,0.0,0.0,0.0,0.0,0.0,0.0,0.0,0.0,0.0,0.0,0.10731343179941177,0.0806085616350174,0.0025125914075943,17.762744903564453,141,nan,-1.0,True,,False,0.010050058364868164,0.0,0.010050058364868164,100.0,100.0,1.0,0.0,0.0,0.0,0.0,0.0
475,150.24853515625,-0.0,0.0,-0.0,150.24853515625,0.002248223638162017,2.617588758468628,0.5910226702690125,-0.0,0.0,0.0,0.0,0.0,0.0,0.0,0.0,0.0,0.0,0.0,0.0,0.023000000044703484,0.023000000044703484,0.02,0.15,0.0,0.0,0.0,0.0,0.0,0.0,0.0,0.0,0.0,0.0,0.0,0.0,0.10738056153059006,0.080747090280056,0.0025242914812224626,17.762744903564453,141,nan,-1.0,True,,False,0.010050058364868164,0.0,0.010050058364868164,100.0,100.0,1.0,0.0,0.0,0.0,0.0,0.0
476,252.21885681152344,-0.0,0.0,-0.0,252.21885681152344,0.00044371007243171334,2.6172399520874023,0.5906141996383667,-0.0,0.0,0.0,0.0,0.0,0.0,0.0,0.0,0.0,0.0,0.0,0.0,0.023000000044703484,0.023000000044703484,0.02,0.15,0.0,0.0,0.0,0.0,0.0,0.0,0.0,0.0,0.0,0.0,0.0,0.0,0.10746210813522339,0.08087211102247238,0.000702564102539327,17.762744903564453,141,nan,-1.0,True,,False,0.010050058364868164,0.0,0.010050058364868164,100.0,100.0,1.0,0.0,0.0,0.0,0.0,0.0
477,86.62924194335938,-0.0,0.0,-0.0,86.62924194335938,0.008403528481721878,2.617152214050293,0.5901750922203064,-0.0,0.0,0.0,0.0,0.0,0.0,0.0,0.0,0.0,0.0,0.0,0.0,0.023000000044703484,0.023000000044703484,0.02,0.14999999999999997,0.0,0.0,0.0,0.0,0.0,0.0,0.0,0.0,0.0,0.0,0.0,0.0,0.10753864049911499,0.08100025355815887,0.0025707603090268094,17.762744903564453,141,nan,-1.0,True,,False,0.010050058364868164,0.0,0.010050058364868164,100.0,100.0,1.0,0.0,0.0,0.0,0.0,0.0
478,72.24346160888672,-0.0,0.0,-0.0,72.24346160888672,0.012055142782628536,2.6173954010009766,0.5897516012191772,-0.0,0.0,0.0,0.0,0.0,0.0,0.0,0.0,0.0,0.0,0.0,0.0,0.023000000044703484,0.023000000044703484,0.02,0.15,0.0,0.0,0.0,0.0,0.0,0.0,0.0,0.0,0.0,0.0,0.0,0.0,0.10762454569339752,0.08111423254013062,0.0011864249991049292,17.762744903564453,141,nan,-1.0,True,,False,0.010050058364868164,0.0,0.010050058364868164,100.0,100.0,1.0,0.0,0.0,0.0,0.0,0.0
479,90.48989868164062,-0.0,0.0,-0.0,90.48989868164062,0.007648212369531393,2.6180033683776855,0.5893394351005554,-0.0,0.0,0.0,0.0,0.0,0.0,0.0,0.0,0.0,0.0,0.0,0.0,0.023000000044703484,0.023000000044703484,0.02,0.15000000000000002,0.0,0.0,0.0,0.0,0.0,0.0,0.0,0.0,0.0,0.0,0.0,0.0,0.10769657045602798,0.08124309033155441,0.0014867596860312915,17.762744903564453,141,nan,-1.0,True,,False,0.010050058364868164,0.0,0.010050058364868164,100.0,100.0,1.0,0.0,0.0,0.0,0.0,0.0
480,210.8318328857422,-0.0,0.0,-0.0,210.8318328857422,0.0008122551371343434,2.6190686225891113,0.5889449119567871,-0.0,0.0,0.0,0.0,0.0,0.0,0.0,0.0,0.0,0.0,0.0,0.0,0.023000000044703484,0.023000000044703484,0.02,0.15000000000000002,0.0,0.0,0.0,0.0,0.0,0.0,0.0,0.0,0.0,0.0,0.0,0.0,0.10776913166046143,0.08137247711420059,0.0014717613139509922,17.762744903564453,141,nan,-1.0,True,,False,0.010050058364868164,0.0,0.010050058364868164,100.0,100.0,1.0,0.0,0.0,0.0,0.0,0.0
481,196.37916564941406,-0.0,0.0,-0.0,196.37916564941406,0.0010180367389693856,2.6205854415893555,0.5885701179504395,-0.0,0.0,0.0,0.0,0.0,0.0,0.0,0.0,0.0,0.0,0.0,0.0,0.023000000044703484,0.023000000044703484,0.02,0.15,0.0,0.0,0.0,0.0,0.0,0.0,0.0,0.0,0.0,0.0,0.0,0.0,0.10785184800624847,0.08149653673171997,0.0014475791595032206,17.762744903564453,141,nan,-1.0,True,,False,0.010050058364868164,0.0,0.010050058364868164,100.0,100.0,1.0,0.0,0.0,0.0,0.0,0.0
482,120.38851928710938,-0.0,0.0,-0.0,120.38851928710938,0.003967782482504845,2.6223268508911133,0.5881981253623962,-0.0,0.0,0.0,0.0,0.0,0.0,0.0,0.0,0.0,0.0,0.0,0.0,0.023000000044703484,0.023000000044703484,0.02,0.15,0.0,0.0,0.0,0.0,0.0,0.0,0.0,0.0,0.0,0.0,0.0,0.0,0.10793864727020264,0.08160872757434845,0.0014387823530341848,17.762744903564453,141,nan,-1.0,True,,False,0.010050058364868164,0.0,0.010050058364868164,100.0,100.0,1.0,0.0,0.0,0.0,0.0,0.0
483,80.24180603027344,-0.0,0.0,-0.0,80.24180603027344,0.009772228077054024,2.624537944793701,0.5878376364707947,-0.0,0.0,0.0,0.0,0.0,0.0,0.0,0.0,0.0,0.0,0.0,0.0,0.023000000044703484,0.023000000044703484,0.02,0.15,0.0,0.0,0.0,0.0,0.0,0.0,0.0,0.0,0.0,0.0,0.0,0.0,0.10802809149026871,0.08173024654388428,0.0014554921958733757,17.762744903564453,141,nan,-1.0,True,,False,0.010050058364868164,0.0,0.010050058364868164,100.0,100.0,1.0,0.0,0.0,0.0,0.0,0.0
484,57.71607208251953,-0.0,0.0,-0.0,57.71607208251953,0.017972439527511597,2.6270904541015625,0.5874877572059631,-0.0,0.0,0.0,0.0,0.0,0.0,0.0,0.0,0.0,0.0,0.0,0.0,0.023000000044703484,0.023000000044703484,0.02,0.15,0.0,0.0,0.0,0.0,0.0,0.0,0.0,0.0,0.0,0.0,0.0,0.0,0.10812175273895264,0.08184866607189178,0.0014934232963241811,17.762744903564453,141,nan,-1.0,True,,False,0.010050058364868164,0.0,0.010050058364868164,100.0,100.0,1.0,0.0,0.0,0.0,0.0,0.0
485,137.41567993164062,-0.0,0.0,-0.0,137.41567993164062,0.002831218997016549,2.6316616535186768,0.5871606469154358,-0.0,0.0,0.0,0.0,0.0,0.0,0.0,0.0,0.0,0.0,0.0,0.0,0.023000000044703484,0.023000000044703484,0.02,0.15,0.0,0.0,0.0,0.0,0.0,0.0,0.0,0.0,0.0,0.0,0.0,0.0,0.10821647197008133,0.08195056021213531,0.0016236770998148131,17.762744903564453,141,nan,-1.0,True,,False,0.010050058364868164,0.0,0.010050058364868164,100.0,100.0,1.0,0.0,0.0,0.0,0.0,0.0
486,58.81674575805664,-0.0,0.0,-0.0,58.81674575805664,0.017377614974975586,2.6378703117370605,0.5867695212364197,-0.0,0.0,0.0,0.0,0.0,0.0,0.0,0.0,0.0,0.0,0.0,0.0,0.023000000044703484,0.023000000044703484,0.02,0.15,0.0,0.0,0.0,0.0,0.0,0.0,0.0,0.0,0.0,0.0,0.0,0.0,0.10830698907375336,0.0820552259683609,0.0009174490842269734,17.762744903564453,141,nan,-1.0,True,,False,0.010050058364868164,0.0,0.010050058364868164,100.0,100.0,1.0,0.0,0.0,0.0,0.0,0.0
487,107.87158966064453,-0.0,0.0,-0.0,107.87158966064453,0.005140459164977074,2.6443424224853516,0.5863922238349915,-0.0,0.0,0.0,0.0,0.0,0.0,0.0,0.0,0.0,0.0,0.0,0.0,0.023000000044703484,0.023000000044703484,0.02,0.15,0.0,0.0,0.0,0.0,0.0,0.0,0.0,0.0,0.0,0.0,0.0,0.0,0.10839247703552246,0.08215141296386719,0.0008655868141431711,17.762744903564453,141,nan,-1.0,True,,False,0.010050058364868164,0.0,0.010050058364868164,100.0,100.0,1.0,0.0,0.0,0.0,0.0,0.0
488,39.7571907043457,-0.0,0.0,-0.0,39.7571907043457,0.03196847066283226,2.6510260105133057,0.5859978199005127,-0.0,0.0,0.0,0.0,0.0,0.0,0.0,0.0,0.0,0.0,0.0,0.0,0.023000000044703484,0.023000000044703484,0.02,0.15,0.0,0.0,0.0,0.0,0.0,0.0,0.0,0.0,0.0,0.0,0.0,0.0,0.1084832102060318,0.08224242180585861,0.0008453673090116354,17.762744903564453,141,nan,-1.0,True,,False,0.010050058364868164,0.0,0.010050058364868164,100.0,100.0,1.0,0.0,0.0,0.0,0.0,0.0
489,41.21937942504883,-0.0,0.0,-0.0,41.21937942504883,0.030327795073390007,2.658017635345459,0.585633397102356,-0.0,0.0,0.0,0.0,0.0,0.0,0.0,0.0,0.0,0.0,0.0,0.0,0.023000000044703484,0.023000000044703484,0.02,0.15,0.0,0.0,0.0,0.0,0.0,0.0,0.0,0.0,0.0,0.0,0.0,0.0,0.10857965052127838,0.08233079314231873,0.0007877705393184442,17.762744903564453,141,nan,-1.0,True,,False,0.010050058364868164,0.0,0.010050058364868164,100.0,100.0,1.0,0.0,0.0,0.0,0.0,0.0
490,50.12924575805664,-0.0,0.0,-0.0,50.12924575805664,0.022539455443620682,2.6652169227600098,0.5853192806243896,-0.0,0.0,0.0,0.0,0.0,0.0,0.0,0.0,0.0,0.0,0.0,0.0,0.023000000044703484,0.023000000044703484,0.02,0.15,0.0,0.0,0.0,0.0,0.0,0.0,0.0,0.0,0.0,0.0,0.0,0.0,0.10868068784475327,0.08241111040115356,0.0008026063442230225,17.762744903564453,141,nan,-1.0,True,,False,0.010050058364868164,0.0,0.010050058364868164,100.0,100.0,1.0,0.0,0.0,0.0,0.0,0.0
491,63.76145935058594,-0.0,0.0,-0.0,63.76145935058594,0.015015773475170135,2.6727044582366943,0.5850369334220886,-0.0,0.0,0.0,0.0,0.0,0.0,0.0,0.0,0.0,0.0,0.0,0.0,0.023000000044703484,0.023000000044703484,0.02,0.15,0.0,0.0,0.0,0.0,0.0,0.0,0.0,0.0,0.0,0.0,0.0,0.0,0.1087837964296341,0.08248341083526611,0.0008404555587731011,17.762744903564453,141,nan,-1.0,True,,False,0.010050058364868164,0.0,0.010050058364868164,100.0,100.0,1.0,0.0,0.0,0.0,0.0,0.0
492,91.41016387939453,-0.0,0.0,-0.0,91.41016387939453,0.007411117199808359,2.6803061962127686,0.5848294496536255,-0.0,0.0,0.0,0.0,0.0,0.0,0.0,0.0,0.0,0.0,0.0,0.0,0.023000000044703484,0.023000000044703484,0.02,0.15,0.0,0.0,0.0,0.0,0.0,0.0,0.0,0.0,0.0,0.0,0.0,0.0,0.10889438539743423,0.08254264295101166,0.0008958230423559144,17.762744903564453,141,nan,-1.0,True,,False,0.010050058364868164,0.0,0.010050058364868164,100.0,100.0,1.0,0.0,0.0,0.0,0.0,0.0
493,258.8092041015625,-0.0,0.0,-0.0,258.8092041015625,0.0003994783037342131,2.6869702339172363,0.5846685171127319,-0.0,0.0,0.0,0.0,0.0,0.0,0.0,0.0,0.0,0.0,0.0,0.0,0.023000000044703484,0.023000000044703484,0.02,0.15000000000000002,0.0,0.0,0.0,0.0,0.0,0.0,0.0,0.0,0.0,0.0,0.0,0.0,0.10900457948446274,0.08259028941392899,0.0009785968909454823,17.762744903564453,141,nan,-1.0,True,,False,0.010050058364868164,0.0,0.010050058364868164,100.0,100.0,1.0,0.0,0.0,0.0,0.0,0.0
494,86.5481948852539,-0.0,0.0,-0.0,86.5481948852539,0.008312785066664219,2.6937499046325684,0.5845043063163757,-0.0,0.0,0.0,0.0,0.0,0.0,0.0,0.0,0.0,0.0,0.0,0.0,0.023000000044703484,0.023000000044703484,0.02,0.15,0.0,0.0,0.0,0.0,0.0,0.0,0.0,0.0,0.0,0.0,0.0,0.0,0.10911168903112411,0.08263934403657913,0.001019786881897744,17.762744903564453,141,nan,-1.0,True,,False,0.010050058364868164,0.0,0.010050058364868164,100.0,100.0,1.0,0.0,0.0,0.0,0.0,0.0
495,60.74177169799805,-0.0,0.0,-0.0,60.74177169799805,0.016340937465429306,2.7001214027404785,0.5843831300735474,-0.0,0.0,0.0,0.0,0.0,0.0,0.0,0.0,0.0,0.0,0.0,0.0,0.023000000044703484,0.023000000044703484,0.02,0.14999999999999997,0.0,0.0,0.0,0.0,0.0,0.0,0.0,0.0,0.0,0.0,0.0,0.0,0.1092156320810318,0.08269450813531876,0.0010354845894653408,17.762744903564453,141,nan,-1.0,True,,False,0.010050058364868164,0.0,0.010050058364868164,100.0,100.0,1.0,0.0,0.0,0.0,0.0,0.0
496,52.189266204833984,-0.0,0.0,-0.0,52.189266204833984,0.021087678149342537,2.706261157989502,0.5842806100845337,-0.0,0.0,0.0,0.0,0.0,0.0,0.0,0.0,0.0,0.0,0.0,0.0,0.023000000044703484,0.023000000044703484,0.02,0.15000000000000002,0.0,0.0,0.0,0.0,0.0,0.0,0.0,0.0,0.0,0.0,0.0,0.0,0.10931825637817383,0.08275143057107925,0.00091448479815881,17.762744903564453,141,nan,-1.0,True,,False,0.010050058364868164,0.0,0.010050058364868164,100.0,100.0,1.0,0.0,0.0,0.0,0.0,0.0
497,57.38329315185547,-0.0,0.0,-0.0,57.38329315185547,0.01801367849111557,2.7125473022460938,0.5841950178146362,-0.0,0.0,0.0,0.0,0.0,0.0,0.0,0.0,0.0,0.0,0.0,0.0,0.023000000044703484,0.023000000044703484,0.02,0.15000000000000002,0.0,0.0,0.0,0.0,0.0,0.0,0.0,0.0,0.0,0.0,0.0,0.0,0.10941611975431442,0.08282090723514557,0.0008512986628375074,17.762744903564453,141,nan,-1.0,True,,False,0.010050058364868164,0.0,0.010050058364868164,100.0,100.0,1.0,0.0,0.0,0.0,0.0,0.0
498,59.1561164855957,-0.0,0.0,-0.0,59.1561164855957,0.017097707837820053,2.718931198120117,0.5841171145439148,-0.0,0.0,0.0,0.0,0.0,0.0,0.0,0.0,0.0,0.0,0.0,0.0,0.023000000044703484,0.023000000044703484,0.02,0.15,0.0,0.0,0.0,0.0,0.0,0.0,0.0,0.0,0.0,0.0,0.0,0.0,0.1095065250992775,0.08290290832519531,0.0008098554449134099,17.762744903564453,141,nan,-1.0,True,,False,0.010050058364868164,0.0,0.010050058364868164,100.0,100.0,1.0,0.0,0.0,0.0,0.0,0.0
499,57.033470153808594,-0.0,0.0,-0.0,57.033470153808594,0.01819746568799019,2.7253053188323975,0.5840424299240112,-0.0,0.0,0.0,0.0,0.0,0.0,0.0,0.0,0.0,0.0,0.0,0.0,0.023000000044703484,0.023000000044703484,0.02,0.15,0.0,0.0,0.0,0.0,0.0,0.0,0.0,0.0,0.0,0.0,0.0,0.0,0.10957978665828705,0.08300206810235977,0.0008193547819246305,17.762744903564453,141,nan,-1.0,True,,False,0.010050058364868164,0.0,0.010050058364868164,100.0,100.0,1.0,0.0,0.0,0.0,0.0,0.0
500,50.733455657958984,-0.0,0.0,-0.0,50.733455657958984,0.022060714662075043,2.7316641807556152,0.5839719176292419,-0.0,0.0,0.0,0.0,0.0,0.0,0.0,0.0,0.0,0.0,0.0,0.0,0.023000000044703484,0.023000000044703484,0.02,0.15,0.0,0.0,0.0,0.0,0.0,0.0,0.0,0.0,0.0,0.0,0.0,0.0,0.10964538156986237,0.08311760425567627,0.0008906066868803464,17.762744903564453,141,nan,-1.0,True,,False,0.010050058364868164,0.0,0.010050058364868164,100.0,100.0,1.0,0.0,0.0,0.0,0.0,0.0
501,78.01004028320312,-0.0,0.0,-0.0,78.01004028320312,0.01025475189089775,2.73783278465271,0.5839223265647888,-0.0,0.0,0.0,0.0,0.0,0.0,0.0,0.0,0.0,0.0,0.0,0.0,0.023000000044703484,0.023000000044703484,0.02,0.15000000000000002,0.0,0.0,0.0,0.0,0.0,0.0,0.0,0.0,0.0,0.0,0.0,0.0,0.10970187932252884,0.08324944972991943,0.000936174520120403,17.762744903564453,141,nan,-1.0,True,,False,0.010050058364868164,0.0,0.010050058364868164,100.0,100.0,1.0,0.0,0.0,0.0,0.0,0.0
502,209.50625610351562,-0.0,0.0,-0.0,209.50625610351562,0.0008209648076444864,2.744356870651245,0.583875298500061,-0.0,0.0,0.0,0.0,0.0,0.0,0.0,0.0,0.0,0.0,0.0,0.0,0.023000000044703484,0.023000000044703484,0.02,0.14999999999999997,0.0,0.0,0.0,0.0,0.0,0.0,0.0,0.0,0.0,0.0,0.0,0.0,0.10975497961044312,0.08338358253240585,0.0009673514168753172,17.762744903564453,141,nan,-1.0,True,,False,0.010050058364868164,0.0,0.010050058364868164,100.0,100.0,1.0,0.0,0.0,0.0,0.0,0.0
503,63.94776916503906,-0.0,0.0,-0.0,63.94776916503906,0.014907714910805225,2.7508089542388916,0.5838170647621155,-0.0,0.0,0.0,0.0,0.0,0.0,0.0,0.0,0.0,0.0,0.0,0.0,0.023000000044703484,0.023000000044703484,0.02,0.15,0.0,0.0,0.0,0.0,0.0,0.0,0.0,0.0,0.0,0.0,0.0,0.0,0.10980706661939621,0.0835232138633728,0.0009654354007579968,17.762744903564453,141,nan,-1.0,True,,False,0.010050058364868164,0.0,0.010050058364868164,100.0,100.0,1.0,0.0,0.0,0.0,0.0,0.0
504,58.97295379638672,-0.0,0.0,-0.0,58.97295379638672,0.017184415832161903,2.7571182250976562,0.5837759971618652,-0.0,0.0,0.0,0.0,0.0,0.0,0.0,0.0,0.0,0.0,0.0,0.0,0.023000000044703484,0.023000000044703484,0.02,0.15,0.0,0.0,0.0,0.0,0.0,0.0,0.0,0.0,0.0,0.0,0.0,0.0,0.10986104607582092,0.08367223292589188,0.0007039672818791587,17.762744903564453,141,nan,-1.0,True,,False,0.010050058364868164,0.0,0.010050058364868164,100.0,100.0,1.0,0.0,0.0,0.0,0.0,0.0
505,111.37185668945312,-0.0,0.0,-0.0,111.37185668945312,0.004744363948702812,2.7634618282318115,0.5837579369544983,-0.0,0.0,0.0,0.0,0.0,0.0,0.0,0.0,0.0,0.0,0.0,0.0,0.023000000044703484,0.023000000044703484,0.02,0.14999999999999997,0.0,0.0,0.0,0.0,0.0,0.0,0.0,0.0,0.0,0.0,0.0,0.0,0.1099110022187233,0.08383022993803024,0.0006744146498931514,17.762744903564453,141,nan,-1.0,True,,False,0.010050058364868164,0.0,0.010050058364868164,100.0,100.0,1.0,0.0,0.0,0.0,0.0,0.0
506,91.01649475097656,-0.0,0.0,-0.0,91.01649475097656,0.007466685958206654,2.7697019577026367,0.5837430357933044,-0.0,0.0,0.0,0.0,0.0,0.0,0.0,0.0,0.0,0.0,0.0,0.0,0.023000000044703484,0.023000000044703484,0.02,0.15,0.0,0.0,0.0,0.0,0.0,0.0,0.0,0.0,0.0,0.0,0.0,0.0,0.10995787382125854,0.08400140702724457,0.0006340283480312792,17.762744903564453,141,nan,-1.0,True,,False,0.010050058364868164,0.0,0.010050058364868164,100.0,100.0,1.0,0.0,0.0,0.0,0.0,0.0
507,48.02587127685547,-0.0,0.0,-0.0,48.02587127685547,0.024045012891292572,2.7763452529907227,0.5837216377258301,-0.0,0.0,0.0,0.0,0.0,0.0,0.0,0.0,0.0,0.0,0.0,0.0,0.023000000044703484,0.023000000044703484,0.02,0.15000000000000002,0.0,0.0,0.0,0.0,0.0,0.0,0.0,0.0,0.0,0.0,0.0,0.0,0.11000794172286987,0.08416622132062912,0.0006095022263252758,17.762744903564453,141,nan,-1.0,True,,False,0.010050058364868164,0.0,0.010050058364868164,100.0,100.0,1.0,0.0,0.0,0.0,0.0,0.0
508,92.85259246826172,-0.0,0.0,-0.0,92.85259246826172,0.007155014201998711,2.7832679748535156,0.58372563123703,-0.0,0.0,0.0,0.0,0.0,0.0,0.0,0.0,0.0,0.0,0.0,0.0,0.023000000044703484,0.023000000044703484,0.02,0.15,0.0,0.0,0.0,0.0,0.0,0.0,0.0,0.0,0.0,0.0,0.0,0.0,0.11005410552024841,0.08419100195169449,0.001842298043811752,17.762744903564453,141,nan,-1.0,True,,False,0.010050058364868164,0.0,0.010050058364868164,100.0,100.0,1.0,0.0,0.0,0.0,0.0,0.0
509,59.33854675292969,-0.0,0.0,-0.0,59.33854675292969,0.01700509712100029,2.7901155948638916,0.5837002992630005,-0.0,0.0,0.0,0.0,0.0,0.0,0.0,0.0,0.0,0.0,0.0,0.0,0.023000000044703484,0.023000000044703484,0.02,0.15,0.0,0.0,0.0,0.0,0.0,0.0,0.0,0.0,0.0,0.0,0.0,0.0,0.11010270565748215,0.08416515588760376,0.0018773893457364466,17.762744903564453,141,nan,-1.0,True,,False,0.010050058364868164,0.0,0.010050058364868164,100.0,100.0,1.0,0.0,0.0,0.0,0.0,0.0
510,32.366180419921875,-0.0,0.0,-0.0,32.366180419921875,0.04197113588452339,2.797407865524292,0.583674967288971,-0.0,0.0,0.0,0.0,0.0,0.0,0.0,0.0,0.0,0.0,0.0,0.0,0.023000000044703484,0.023000000044703484,0.02,0.15,0.0,0.0,0.0,0.0,0.0,0.0,0.0,0.0,0.0,0.0,0.0,0.0,0.11014583706855774,0.08413328230381012,0.0018869320792873623,17.762744903564453,141,nan,-1.0,True,,False,0.010050058364868164,0.0,0.010050058364868164,100.0,100.0,1.0,0.0,0.0,0.0,0.0,0.0
511,40.17855453491211,-0.0,0.0,-0.0,40.17855453491211,0.03136128932237625,2.8052010536193848,0.5836684107780457,-0.0,0.0,0.0,0.0,0.0,0.0,0.0,0.0,0.0,0.0,0.0,0.0,0.023000000044703484,0.023000000044703484,0.02,0.15,0.0,0.0,0.0,0.0,0.0,0.0,0.0,0.0,0.0,0.0,0.0,0.0,0.11018480360507965,0.08409608155488968,0.0004069305200573581,17.762744903564453,141,nan,-1.0,True,,False,0.010050058364868164,0.0,0.010050058364868164,100.0,100.0,1.0,0.0,0.0,0.0,0.0,0.0
512,51.75286102294922,-0.0,0.0,-0.0,51.75286102294922,0.021382320672273636,2.8129260540008545,0.5836780667304993,-0.0,0.0,0.0,0.0,0.0,0.0,0.0,0.0,0.0,0.0,0.0,0.0,0.023000000044703484,0.023000000044703484,0.02,0.15,0.0,0.0,0.0,0.0,0.0,0.0,0.0,0.0,0.0,0.0,0.0,0.0,0.1102263405919075,0.08406098932027817,0.00040628968736200477,17.762744903564453,141,nan,-1.0,True,,False,0.010050058364868164,0.0,0.010050058364868164,100.0,100.0,1.0,0.0,0.0,0.0,0.0,0.0
513,263.1934509277344,-0.0,0.0,-0.0,263.1934509277344,0.0003757430531550199,2.82066011428833,0.5837107300758362,-0.0,0.0,0.0,0.0,0.0,0.0,0.0,0.0,0.0,0.0,0.0,0.0,0.023000000044703484,0.023000000044703484,0.02,0.15,0.0,0.0,0.0,0.0,0.0,0.0,0.0,0.0,0.0,0.0,0.0,0.0,0.11027249693870544,0.08402801305055618,0.0005617674237328174,17.762744903564453,141,nan,-1.0,True,,False,0.010050058364868164,0.0,0.010050058364868164,100.0,100.0,1.0,0.0,0.0,0.0,0.0,0.0
514,189.1819305419922,-0.0,0.0,-0.0,189.1819305419922,0.0011348298285156488,2.827904224395752,0.5836751461029053,-0.0,0.0,0.0,0.0,0.0,0.0,0.0,0.0,0.0,0.0,0.0,0.0,0.023000000044703484,0.023000000044703484,0.02,0.15,0.0,0.0,0.0,0.0,0.0,0.0,0.0,0.0,0.0,0.0,0.0,0.0,0.11031600832939148,0.08399892598390579,0.0009012411028379574,17.762744903564453,141,nan,-1.0,True,,False,0.010050058364868164,0.0,0.010050058364868164,100.0,100.0,1.0,0.0,0.0,0.0,0.0,0.0
515,93.21646118164062,-0.0,0.0,-0.0,93.21646118164062,0.00710065383464098,2.83508038520813,0.5835747718811035,-0.0,0.0,0.0,0.0,0.0,0.0,0.0,0.0,0.0,0.0,0.0,0.0,0.023000000044703484,0.023000000044703484,0.02,0.15000000000000002,0.0,0.0,0.0,0.0,0.0,0.0,0.0,0.0,0.0,0.0,0.0,0.0,0.11036911606788635,0.08395633846521378,0.0003779578860303445,17.762744903564453,141,nan,-1.0,True,,False,0.010050058364868164,0.0,0.010050058364868164,100.0,100.0,1.0,0.0,0.0,0.0,0.0,0.0
516,102.85631561279297,-0.0,0.0,-0.0,102.85631561279297,0.005707826931029558,2.842949628829956,0.5834968090057373,-0.0,0.0,0.0,0.0,0.0,0.0,0.0,0.0,0.0,0.0,0.0,0.0,0.023000000044703484,0.023000000044703484,0.02,0.15,0.0,0.0,0.0,0.0,0.0,0.0,0.0,0.0,0.0,0.0,0.0,0.0,0.1104261726140976,0.08390982449054718,0.0010853388507712225,17.762744903564453,141,nan,-1.0,True,,False,0.010050058364868164,0.0,0.010050058364868164,100.0,100.0,1.0,0.0,0.0,0.0,0.0,0.0
517,69.35576629638672,-0.0,0.0,-0.0,69.35576629638672,0.01285642571747303,2.851466178894043,0.5834113359451294,-0.0,0.0,0.0,0.0,0.0,0.0,0.0,0.0,0.0,0.0,0.0,0.0,0.023000000044703484,0.023000000044703484,0.02,0.15,0.0,0.0,0.0,0.0,0.0,0.0,0.0,0.0,0.0,0.0,0.0,0.0,0.11048177629709244,0.08387785404920578,0.0010527690878916474,17.762744903564453,141,nan,-1.0,True,,False,0.010050058364868164,0.0,0.010050058364868164,100.0,100.0,1.0,0.0,0.0,0.0,0.0,0.0
518,50.31135940551758,-0.0,0.0,-0.0,50.31135940551758,0.022356387227773666,2.8604602813720703,0.5833331346511841,-0.0,0.0,0.0,0.0,0.0,0.0,0.0,0.0,0.0,0.0,0.0,0.0,0.023000000044703484,0.023000000044703484,0.02,0.15,0.0,0.0,0.0,0.0,0.0,0.0,0.0,0.0,0.0,0.0,0.0,0.0,0.11054299771785736,0.0838259607553482,0.0009898373336909572,17.762744903564453,141,nan,-1.0,True,,False,0.010050058364868164,0.0,0.010050058364868164,100.0,100.0,1.0,0.0,0.0,0.0,0.0,0.0
519,82.35831451416016,-0.0,0.0,-0.0,82.35831451416016,0.009194647893309593,2.868917465209961,0.5832758545875549,-0.0,0.0,0.0,0.0,0.0,0.0,0.0,0.0,0.0,0.0,0.0,0.0,0.023000000044703484,0.023000000044703484,0.02,0.15,0.0,0.0,0.0,0.0,0.0,0.0,0.0,0.0,0.0,0.0,0.0,0.0,0.11060142517089844,0.08378151059150696,0.0010088234948852914,17.762744903564453,141,nan,-1.0,True,,False,0.010050058364868164,0.0,0.010050058364868164,100.0,100.0,1.0,0.0,0.0,0.0,0.0,0.0
520,191.38018798828125,-0.0,0.0,-0.0,191.38018798828125,0.0010926189133897424,2.8771588802337646,0.5832403302192688,-0.0,0.0,0.0,0.0,0.0,0.0,0.0,0.0,0.0,0.0,0.0,0.0,0.023000000044703484,0.023000000044703484,0.02,0.15,0.0,0.0,0.0,0.0,0.0,0.0,0.0,0.0,0.0,0.0,0.0,0.0,0.11065566539764404,0.08374521881341934,0.0010388664545644133,17.762744903564453,141,nan,-1.0,True,,False,0.010050058364868164,0.0,0.010050058364868164,100.0,100.0,1.0,0.0,0.0,0.0,0.0,0.0
521,81.99066925048828,-0.0,0.0,-0.0,81.99066925048828,0.009279387071728706,2.8855364322662354,0.5831987261772156,-0.0,0.0,0.0,0.0,0.0,0.0,0.0,0.0,0.0,0.0,0.0,0.0,0.023000000044703484,0.023000000044703484,0.02,0.15,0.0,0.0,0.0,0.0,0.0,0.0,0.0,0.0,0.0,0.0,0.0,0.0,0.11071118712425232,0.0836985856294632,0.0010560083528616815,17.762744903564453,141,nan,-1.0,True,,False,0.010050058364868164,0.0,0.010050058364868164,100.0,100.0,1.0,0.0,0.0,0.0,0.0,0.0
522,77.74581909179688,-0.0,0.0,-0.0,77.74581909179688,0.01032369863241911,2.894266128540039,0.5831584334373474,-0.0,0.0,0.0,0.0,0.0,0.0,0.0,0.0,0.0,0.0,0.0,0.0,0.023000000044703484,0.023000000044703484,0.02,0.15,0.0,0.0,0.0,0.0,0.0,0.0,0.0,0.0,0.0,0.0,0.0,0.0,0.11077392101287842,0.08364230394363403,0.0006071462898944446,17.762744903564453,141,nan,-1.0,True,,False,0.010050058364868164,0.0,0.010050058364868164,100.0,100.0,1.0,0.0,0.0,0.0,0.0,0.0
523,121.12716674804688,-0.0,0.0,-0.0,121.12716674804688,0.0038753016851842403,2.8984646797180176,0.5830944776535034,-0.0,0.0,0.0,0.0,0.0,0.0,0.0,0.0,0.0,0.0,0.0,0.0,0.023000000044703484,0.023000000044703484,0.02,0.15,0.0,0.0,0.0,0.0,0.0,0.0,0.0,0.0,0.0,0.0,0.0,0.0,0.11083830893039703,0.08358777314424515,0.0005965581876807846,17.762744903564453,141,nan,-1.0,True,,False,0.010050058364868164,0.0,0.010050058364868164,100.0,100.0,1.0,0.0,0.0,0.0,0.0,0.0
524,210.88587951660156,-0.0,0.0,-0.0,210.88587951660156,0.0008028969750739634,2.901261329650879,0.5830046534538269,-0.0,0.0,0.0,0.0,0.0,0.0,0.0,0.0,0.0,0.0,0.0,0.0,0.023000000044703484,0.023000000044703484,0.02,0.15,0.0,0.0,0.0,0.0,0.0,0.0,0.0,0.0,0.0,0.0,0.0,0.0,0.11090868711471558,0.08353142440319061,0.0010029984146058268,17.762744903564453,141,nan,-1.0,True,,False,0.010050058364868164,0.0,0.010050058364868164,100.0,100.0,1.0,0.0,0.0,0.0,0.0,0.0
525,79.71785736083984,-0.0,0.0,-0.0,79.71785736083984,0.009811269119381905,2.90440034866333,0.5829141139984131,-0.0,0.0,0.0,0.0,0.0,0.0,0.0,0.0,0.0,0.0,0.0,0.0,0.023000000044703484,0.023000000044703484,0.02,0.15,0.0,0.0,0.0,0.0,0.0,0.0,0.0,0.0,0.0,0.0,0.0,0.0,0.11098784953355789,0.08347181975841522,0.0010164188543058117,17.762744903564453,141,nan,-1.0,True,,False,0.010050058364868164,0.0,0.010050058364868164,100.0,100.0,1.0,0.0,0.0,0.0,0.0,0.0
526,54.972900390625,-0.0,0.0,-0.0,54.972900390625,0.01933491975069046,2.9080424308776855,0.5828331112861633,-0.0,0.0,0.0,0.0,0.0,0.0,0.0,0.0,0.0,0.0,0.0,0.0,0.023000000044703484,0.023000000044703484,0.02,0.15,0.0,0.0,0.0,0.0,0.0,0.0,0.0,0.0,0.0,0.0,0.0,0.0,0.11107081919908524,0.08340824395418167,0.001046309668709,17.762744903564453,141,nan,-1.0,True,,False,0.010050058364868164,0.0,0.010050058364868164,100.0,100.0,1.0,0.0,0.0,0.0,0.0,0.0
527,94.35041809082031,-0.0,0.0,-0.0,94.35041809082031,0.006901465356349945,2.912346363067627,0.5827606320381165,-0.0,0.0,0.0,0.0,0.0,0.0,0.0,0.0,0.0,0.0,0.0,0.0,0.023000000044703484,0.023000000044703484,0.02,0.15,0.0,0.0,0.0,0.0,0.0,0.0,0.0,0.0,0.0,0.0,0.0,0.0,0.1111607626080513,0.08334175497293472,0.000831093801480165,17.762744903564453,141,nan,-1.0,True,,False,0.010050058364868164,0.0,0.010050058364868164,100.0,100.0,1.0,0.0,0.0,0.0,0.0,0.0
528,103.81941986083984,-0.0,0.0,-0.0,103.81941986083984,0.005576617084443569,2.9173059463500977,0.5826869010925293,-0.0,0.0,0.0,0.0,0.0,0.0,0.0,0.0,0.0,0.0,0.0,0.0,0.023000000044703484,0.023000000044703484,0.02,0.15,0.0,0.0,0.0,0.0,0.0,0.0,0.0,0.0,0.0,0.0,0.0,0.0,0.1112537756562233,0.08327629417181015,0.0008221707262237032,17.762744903564453,141,nan,-1.0,True,,False,0.010050058364868164,0.0,0.010050058364868164,100.0,100.0,1.0,0.0,0.0,0.0,0.0,0.0
529,71.3921890258789,-0.0,0.0,-0.0,71.3921890258789,0.01215430349111557,2.9226555824279785,0.5826188921928406,-0.0,0.0,0.0,0.0,0.0,0.0,0.0,0.0,0.0,0.0,0.0,0.0,0.023000000044703484,0.023000000044703484,0.02,0.15,0.0,0.0,0.0,0.0,0.0,0.0,0.0,0.0,0.0,0.0,0.0,0.0,0.11134747415781021,0.08321256935596466,0.0007247340408866876,17.762744903564453,141,nan,-1.0,True,,False,0.010050058364868164,0.0,0.010050058364868164,100.0,100.0,1.0,0.0,0.0,0.0,0.0,0.0
530,145.2860870361328,-0.0,0.0,-0.0,145.2860870361328,0.002420507837086916,2.928412914276123,0.5825692415237427,-0.0,0.0,0.0,0.0,0.0,0.0,0.0,0.0,0.0,0.0,0.0,0.0,0.023000000044703484,0.023000000044703484,0.02,0.15,0.0,0.0,0.0,0.0,0.0,0.0,0.0,0.0,0.0,0.0,0.0,0.0,0.11143873631954193,0.08316097408533096,0.000699134078786301,17.762744903564453,141,nan,-1.0,True,,False,0.010050058364868164,0.0,0.010050058364868164,100.0,100.0,1.0,0.0,0.0,0.0,0.0,0.0
531,109.65357208251953,-0.0,0.0,-0.0,109.65357208251953,0.004912201315164566,2.9346680641174316,0.5825117826461792,-0.0,0.0,0.0,0.0,0.0,0.0,0.0,0.0,0.0,0.0,0.0,0.0,0.023000000044703484,0.023000000044703484,0.02,0.15,0.0,0.0,0.0,0.0,0.0,0.0,0.0,0.0,0.0,0.0,0.0,0.0,0.11153905838727951,0.08310218155384064,0.0011774904196499847,17.762744903564453,141,nan,-1.0,True,,False,0.010050058364868164,0.0,0.010050058364868164,100.0,100.0,1.0,0.0,0.0,0.0,0.0,0.0
532,75.16523742675781,-0.0,0.0,-0.0,75.16523742675781,0.011000251397490501,2.9413609504699707,0.5824615359306335,-0.0,0.0,0.0,0.0,0.0,0.0,0.0,0.0,0.0,0.0,0.0,0.0,0.023000000044703484,0.023000000044703484,0.02,0.15,0.0,0.0,0.0,0.0,0.0,0.0,0.0,0.0,0.0,0.0,0.0,0.0,0.11164426803588867,0.08304478228092194,0.001189808264371095,17.762744903564453,141,nan,-1.0,True,,False,0.010050058364868164,0.0,0.010050058364868164,100.0,100.0,1.0,0.0,0.0,0.0,0.0,0.0
533,39.410606384277344,-0.0,0.0,-0.0,39.410606384277344,0.032119400799274445,2.948780059814453,0.5824199318885803,-0.0,0.0,0.0,0.0,0.0,0.0,0.0,0.0,0.0,0.0,0.0,0.0,0.023000000044703484,0.023000000044703484,0.02,0.15,0.0,0.0,0.0,0.0,0.0,0.0,0.0,0.0,0.0,0.0,0.0,0.0,0.11174988746643066,0.08299524337053299,0.001205283755552955,17.762744903564453,141,nan,-1.0,True,,False,0.010050058364868164,0.0,0.010050058364868164,100.0,100.0,1.0,0.0,0.0,0.0,0.0,0.0
534,25.28987693786621,-0.0,0.0,-0.0,25.28987693786621,0.05624900758266449,2.9568142890930176,0.5823986530303955,-0.0,0.0,0.0,0.0,0.0,0.0,0.0,0.0,0.0,0.0,0.0,0.0,0.023000000044703484,0.023000000044703484,0.02,0.15,0.0,0.0,0.0,0.0,0.0,0.0,0.0,0.0,0.0,0.0,0.0,0.0,0.11185632646083832,0.08295034617185593,0.0012236714142090932,17.762744903564453,141,nan,-1.0,True,,False,0.010050058364868164,0.0,0.010050058364868164,100.0,100.0,1.0,0.0,0.0,0.0,0.0,0.0
535,24.36519432067871,-0.0,0.0,-0.0,24.36519432067871,0.05863130837678909,2.9660816192626953,0.5824118256568909,-0.0,0.0,0.0,0.0,0.0,0.0,0.0,0.0,0.0,0.0,0.0,0.0,0.023000000044703484,0.023000000044703484,0.02,0.15,0.0,0.0,0.0,0.0,0.0,0.0,0.0,0.0,0.0,0.0,0.0,0.0,0.11196239292621613,0.0829111784696579,0.0007295254977179866,17.762744903564453,141,nan,-1.0,True,,False,0.010050058364868164,0.0,0.010050058364868164,100.0,100.0,1.0,0.0,0.0,0.0,0.0,0.0
536,27.47848892211914,-0.0,0.0,-0.0,27.47848892211914,0.0511036217212677,2.9760637283325195,0.582454264163971,-0.0,0.0,0.0,0.0,0.0,0.0,0.0,0.0,0.0,0.0,0.0,0.0,0.023000000044703484,0.023000000044703484,0.02,0.15,0.0,0.0,0.0,0.0,0.0,0.0,0.0,0.0,0.0,0.0,0.0,0.0,0.11207129061222076,0.0828777402639389,0.0020940151989634614,17.762744903564453,141,nan,-1.0,True,,False,0.010050058364868164,0.0,0.010050058364868164,100.0,100.0,1.0,0.0,0.0,0.0,0.0,0.0
537,33.76446533203125,-0.0,0.0,-0.0,33.76446533203125,0.0395975299179554,2.986660957336426,0.5825279355049133,-0.0,0.0,0.0,0.0,0.0,0.0,0.0,0.0,0.0,0.0,0.0,0.0,0.023000000044703484,0.023000000044703484,0.02,0.15,0.0,0.0,0.0,0.0,0.0,0.0,0.0,0.0,0.0,0.0,0.0,0.0,0.11219032108783722,0.0828399732708931,0.0020975299521523993,17.762744903564453,141,nan,-1.0,True,,False,0.010050058364868164,0.0,0.010050058364868164,100.0,100.0,1.0,0.0,0.0,0.0,0.0,0.0
538,42.003746032714844,-0.0,0.0,-0.0,42.003746032714844,0.029327431693673134,2.9981141090393066,0.5826325416564941,-0.0,0.0,0.0,0.0,0.0,0.0,0.0,0.0,0.0,0.0,0.0,0.0,0.023000000044703484,0.023000000044703484,0.02,0.15,0.0,0.0,0.0,0.0,0.0,0.0,0.0,0.0,0.0,0.0,0.0,0.0,0.11232093721628189,0.08279751241207123,0.0020851844542448816,17.762744903564453,141,nan,-1.0,True,,False,0.010050058364868164,0.0,0.010050058364868164,100.0,100.0,1.0,0.0,0.0,0.0,0.0,0.0
539,53.084144592285156,-0.0,0.0,-0.0,53.084144592285156,0.02046208828687668,3.0105090141296387,0.5827752351760864,-0.0,0.0,0.0,0.0,0.0,0.0,0.0,0.0,0.0,0.0,0.0,0.0,0.023000000044703484,0.023000000044703484,0.02,0.15,0.0,0.0,0.0,0.0,0.0,0.0,0.0,0.0,0.0,0.0,0.0,0.0,0.11246289312839508,0.08275106549263,0.0020887291098006244,17.762744903564453,141,nan,-1.0,True,,False,0.010050058364868164,0.0,0.010050058364868164,100.0,100.0,1.0,0.0,0.0,0.0,0.0,0.0
540,82.21622467041016,-0.0,0.0,-0.0,82.21622467041016,0.009220699779689312,3.0236682891845703,0.5829153656959534,-0.0,0.0,0.0,0.0,0.0,0.0,0.0,0.0,0.0,0.0,0.0,0.0,0.023000000044703484,0.023000000044703484,0.02,0.15,0.0,0.0,0.0,0.0,0.0,0.0,0.0,0.0,0.0,0.0,0.0,0.0,0.11261589080095291,0.08270135521888733,0.0016896377010198194,17.762744903564453,141,nan,-1.0,True,,False,0.010050058364868164,0.0,0.010050058364868164,100.0,100.0,1.0,0.0,0.0,0.0,0.0,0.0
541,104.78441619873047,-0.0,0.0,-0.0,104.78441619873047,0.00546298548579216,3.0372848510742188,0.5830192565917969,-0.0,0.0,0.0,0.0,0.0,0.0,0.0,0.0,0.0,0.0,0.0,0.0,0.023000000044703484,0.023000000044703484,0.02,0.15,0.0,0.0,0.0,0.0,0.0,0.0,0.0,0.0,0.0,0.0,0.0,0.0,0.1127767339348793,0.08266278356313705,0.002066380390260747,17.762744903564453,141,nan,-1.0,True,,False,0.010050058364868164,0.0,0.010050058364868164,100.0,100.0,1.0,0.0,0.0,0.0,0.0,0.0
542,183.1920928955078,-0.0,0.0,-0.0,183.1920928955078,0.0012497296556830406,3.052215099334717,0.5831629037857056,-0.0,0.0,0.0,0.0,0.0,0.0,0.0,0.0,0.0,0.0,0.0,0.0,0.023000000044703484,0.023000000044703484,0.02,0.15,0.0,0.0,0.0,0.0,0.0,0.0,0.0,0.0,0.0,0.0,0.0,0.0,0.112949900329113,0.08262456208467484,0.000888472733549861,17.762744903564453,141,nan,-1.0,True,,False,0.010050058364868164,0.0,0.010050058364868164,100.0,100.0,1.0,0.0,0.0,0.0,0.0,0.0
543,84.1031723022461,-0.0,0.0,-0.0,84.1031723022461,0.008811531588435173,3.068161964416504,0.5832998752593994,-0.0,0.0,0.0,0.0,0.0,0.0,0.0,0.0,0.0,0.0,0.0,0.0,0.023000000044703484,0.023000000044703484,0.02,0.15,0.0,0.0,0.0,0.0,0.0,0.0,0.0,0.0,0.0,0.0,0.0,0.0,0.11312520503997803,0.0825967788696289,0.00082688892916849,17.762744903564453,141,nan,-1.0,True,,False,0.010050058364868164,0.0,0.010050058364868164,100.0,100.0,1.0,0.0,0.0,0.0,0.0,0.0
544,101.86051177978516,-0.0,0.0,-0.0,101.86051177978516,0.005831408314406872,3.08554744720459,0.5834780335426331,-0.0,0.0,0.0,0.0,0.0,0.0,0.0,0.0,0.0,0.0,0.0,0.0,0.023000000044703484,0.023000000044703484,0.02,0.15,0.0,0.0,0.0,0.0,0.0,0.0,0.0,0.0,0.0,0.0,0.0,0.0,0.11330772936344147,0.08257729560136795,0.0008991503823381208,17.762744903564453,141,nan,-1.0,True,,False,0.010050058364868164,0.0,0.010050058364868164,100.0,100.0,1.0,0.0,0.0,0.0,0.0,0.0
545,131.16961669921875,-0.0,0.0,-0.0,131.16961669921875,0.003172833938151598,3.10414981842041,0.5837001204490662,-0.0,0.0,0.0,0.0,0.0,0.0,0.0,0.0,0.0,0.0,0.0,0.0,0.023000000044703484,0.023000000044703484,0.02,0.15,0.0,0.0,0.0,0.0,0.0,0.0,0.0,0.0,0.0,0.0,0.0,0.0,0.11349289864301682,0.08256177604198456,0.0008724292160877667,17.762744903564453,141,nan,-1.0,True,,False,0.010050058364868164,0.0,0.010050058364868164,100.0,100.0,1.0,0.0,0.0,0.0,0.0,0.0
546,74.8119125366211,-0.0,0.0,-0.0,74.8119125366211,0.011141302064061165,3.124290943145752,0.5839666128158569,-0.0,0.0,0.0,0.0,0.0,0.0,0.0,0.0,0.0,0.0,0.0,0.0,0.023000000044703484,0.023000000044703484,0.02,0.15,0.0,0.0,0.0,0.0,0.0,0.0,0.0,0.0,0.0,0.0,0.0,0.0,0.11368541419506073,0.0825578048825264,0.0008600720375397941,17.762744903564453,141,nan,-1.0,True,,False,0.010050058364868164,0.0,0.010050058364868164,100.0,100.0,1.0,0.0,0.0,0.0,0.0,0.0
547,74.3202133178711,-0.0,0.0,-0.0,74.3202133178711,0.011293353512883186,3.145066261291504,0.5842574238777161,-0.0,0.0,0.0,0.0,0.0,0.0,0.0,0.0,0.0,0.0,0.0,0.0,0.023000000044703484,0.023000000044703484,0.02,0.15,0.0,0.0,0.0,0.0,0.0,0.0,0.0,0.0,0.0,0.0,0.0,0.0,0.11388366669416428,0.08256682753562927,0.0006271229067351669,17.762744903564453,141,nan,-1.0,True,,False,0.010050058364868164,0.0,0.010050058364868164,100.0,100.0,1.0,0.0,0.0,0.0,0.0,0.0
548,74.0126724243164,-0.0,0.0,-0.0,74.0126724243164,0.011387595906853676,3.166109561920166,0.5845388770103455,-0.0,0.0,0.0,0.0,0.0,0.0,0.0,0.0,0.0,0.0,0.0,0.0,0.023000000044703484,0.023000000044703484,0.02,0.15,0.0,0.0,0.0,0.0,0.0,0.0,0.0,0.0,0.0,0.0,0.0,0.0,0.11408805847167969,0.08258054405450821,0.0013917301153014705,17.762744903564453,141,nan,-1.0,True,,False,0.010050058364868164,0.0,0.010050058364868164,100.0,100.0,1.0,0.0,0.0,0.0,0.0,0.0
549,237.8713836669922,-0.0,0.0,-0.0,237.8713836669922,0.0005383762763813138,3.189390182495117,0.5848953127861023,-0.0,0.0,0.0,0.0,0.0,0.0,0.0,0.0,0.0,0.0,0.0,0.0,0.023000000044703484,0.023000000044703484,0.02,0.15,0.0,0.0,0.0,0.0,0.0,0.0,0.0,0.0,0.0,0.0,0.0,0.0,0.11430047452449799,0.08259750157594681,0.0014095628480390587,17.762744903564453,141,nan,-1.0,True,,False,0.010050058364868164,0.0,0.010050058364868164,100.0,100.0,1.0,0.0,0.0,0.0,0.0,0.0
550,102.52915954589844,-0.0,0.0,-0.0,102.52915954589844,0.005768775939941406,3.2133803367614746,0.5852749347686768,-0.0,0.0,0.0,0.0,0.0,0.0,0.0,0.0,0.0,0.0,0.0,0.0,0.023000000044703484,0.023000000044703484,0.02,0.15,0.0,0.0,0.0,0.0,0.0,0.0,0.0,0.0,0.0,0.0,0.0,0.0,0.11451200395822525,0.08262203633785248,0.0008153525509442261,17.762744903564453,141,nan,-1.0,True,,False,0.010050058364868164,0.0,0.010050058364868164,100.0,100.0,1.0,0.0,0.0,0.0,0.0,0.0
551,48.04262924194336,-0.0,0.0,-0.0,48.04262924194336,0.024156484752893448,3.239156723022461,0.5856900215148926,-0.0,0.0,0.0,0.0,0.0,0.0,0.0,0.0,0.0,0.0,0.0,0.0,0.023000000044703484,0.023000000044703484,0.02,0.15,0.0,0.0,0.0,0.0,0.0,0.0,0.0,0.0,0.0,0.0,0.0,0.0,0.11473003029823303,0.08264872431755066,0.0014315448565866973,17.762744903564453,141,nan,-1.0,True,,False,0.010050058364868164,0.0,0.010050058364868164,100.0,100.0,1.0,0.0,0.0,0.0,0.0,0.0
552,104.54351806640625,-0.0,0.0,-0.0,104.54351806640625,0.00552779994904995,3.2656002044677734,0.5861587524414062,-0.0,0.0,0.0,0.0,0.0,0.0,0.0,0.0,0.0,0.0,0.0,0.0,0.023000000044703484,0.023000000044703484,0.02,0.15,0.0,0.0,0.0,0.0,0.0,0.0,0.0,0.0,0.0,0.0,0.0,0.0,0.11494223028421402,0.08259227126836777,0.0008389290219383838,17.762744903564453,141,nan,-1.0,True,,False,0.010050058364868164,0.0,0.010050058364868164,100.0,100.0,1.0,0.0,0.0,0.0,0.0,0.0
553,43.3487663269043,-0.0,0.0,-0.0,43.3487663269043,0.028283316642045975,3.29398775100708,0.5865582227706909,-0.0,0.0,0.0,0.0,0.0,0.0,0.0,0.0,0.0,0.0,0.0,0.0,0.023000000044703484,0.023000000044703484,0.02,0.15,0.0,0.0,0.0,0.0,0.0,0.0,0.0,0.0,0.0,0.0,0.0,0.0,0.11515174806118011,0.08244401216506958,0.00047902106825858937,17.762744903564453,141,nan,-1.0,True,,False,0.010050058364868164,0.0,0.010050058364868164,100.0,100.0,1.0,0.0,0.0,0.0,0.0,0.0
554,183.84886169433594,-0.0,0.0,-0.0,183.84886169433594,0.0012449147179722786,3.323185920715332,0.5870091319084167,-0.0,0.0,0.0,0.0,0.0,0.0,0.0,0.0,0.0,0.0,0.0,0.0,0.023000000044703484,0.023000000044703484,0.02,0.15,0.0,0.0,0.0,0.0,0.0,0.0,0.0,0.0,0.0,0.0,0.0,0.0,0.1153554692864418,0.08229639381170273,0.0005760023464063124,17.762744903564453,141,nan,-1.0,True,,False,0.010050058364868164,0.0,0.010050058364868164,100.0,100.0,1.0,0.0,0.0,0.0,0.0,0.0
555,69.90473175048828,-0.0,0.0,-0.0,69.90473175048828,0.012786857783794403,3.353668212890625,0.5874441862106323,-0.0,0.0,0.0,0.0,0.0,0.0,0.0,0.0,0.0,0.0,0.0,0.0,0.023000000044703484,0.023000000044703484,0.02,0.15,0.0,0.0,0.0,0.0,0.0,0.0,0.0,0.0,0.0,0.0,0.0,0.0,0.11555130034685135,0.0821608453989029,0.0009554999755891913,17.762744903564453,141,nan,-1.0,True,,False,0.010050058364868164,0.0,0.010050058364868164,100.0,100.0,1.0,0.0,0.0,0.0,0.0,0.0
556,189.748779296875,-0.0,0.0,-0.0,189.748779296875,0.0011336178286001086,3.38653564453125,0.5878778100013733,-0.0,0.0,0.0,0.0,0.0,0.0,0.0,0.0,0.0,0.0,0.0,0.0,0.023000000044703484,0.023000000044703484,0.02,0.15,0.0,0.0,0.0,0.0,0.0,0.0,0.0,0.0,0.0,0.0,0.0,0.0,0.11574044823646545,0.0820486843585968,0.0009729292933116085,17.762744903564453,141,nan,-1.0,True,,False,0.010050058364868164,0.0,0.010050058364868164,100.0,100.0,1.0,0.0,0.0,0.0,0.0,0.0
557,69.26598358154297,-0.0,0.0,-0.0,69.26598358154297,0.013019589707255363,3.415172576904297,0.5879585146903992,-0.0,0.0,0.0,0.0,0.0,0.0,0.0,0.0,0.0,0.0,0.0,0.0,0.023000000044703484,0.023000000044703484,0.02,0.15,0.0,0.0,0.0,0.0,0.0,0.0,0.0,0.0,0.0,0.0,0.0,0.0,0.11592861264944077,0.08195673674345016,0.0010049292218354822,17.762744903564453,141,nan,-1.0,True,,False,0.010050058364868164,0.0,0.010050058364868164,100.0,100.0,1.0,0.0,0.0,0.0,0.0,0.0
558,57.56916427612305,-0.0,0.0,-0.0,57.56916427612305,0.018106337636709213,3.4407310485839844,0.588041365146637,-0.0,0.0,0.0,0.0,0.0,0.0,0.0,0.0,0.0,0.0,0.0,0.0,0.023000000044703484,0.023000000044703484,0.02,0.14999999999999997,0.0,0.0,0.0,0.0,0.0,0.0,0.0,0.0,0.0,0.0,0.0,0.0,0.11612340807914734,0.08186104893684387,0.0006537154677062063,17.762744903564453,141,nan,-1.0,True,,False,0.010050058364868164,0.0,0.010050058364868164,100.0,100.0,1.0,0.0,0.0,0.0,0.0,0.0
559,70.82268524169922,-0.0,0.0,-0.0,70.82268524169922,0.01249665766954422,3.46812105178833,0.5881494283676147,-0.0,0.0,0.0,0.0,0.0,0.0,0.0,0.0,0.0,0.0,0.0,0.0,0.023000000044703484,0.023000000044703484,0.02,0.15,0.0,0.0,0.0,0.0,0.0,0.0,0.0,0.0,0.0,0.0,0.0,0.0,0.116312175989151,0.08177654445171356,0.0006777352427889127,17.762744903564453,141,nan,-1.0,True,,False,0.010050058364868164,0.0,0.010050058364868164,100.0,100.0,1.0,0.0,0.0,0.0,0.0,0.0
560,239.707763671875,-0.0,0.0,-0.0,239.707763671875,0.0005283509381115437,3.497483730316162,0.5882846117019653,-0.0,0.0,0.0,0.0,0.0,0.0,0.0,0.0,0.0,0.0,0.0,0.0,0.023000000044703484,0.023000000044703484,0.02,0.15,0.0,0.0,0.0,0.0,0.0,0.0,0.0,0.0,0.0,0.0,0.0,0.0,0.11649361252784729,0.08167826384305954,0.0006986590738051746,17.762744903564453,141,nan,-1.0,True,,False,0.010050058364868164,0.0,0.010050058364868164,100.0,100.0,1.0,0.0,0.0,0.0,0.0,0.0
561,82.566650390625,-0.0,0.0,-0.0,82.566650390625,0.009269271977245808,3.53049898147583,0.5883830785751343,-0.0,0.0,0.0,0.0,0.0,0.0,0.0,0.0,0.0,0.0,0.0,0.0,0.023000000044703484,0.023000000044703484,0.02,0.15,0.0,0.0,0.0,0.0,0.0,0.0,0.0,0.0,0.0,0.0,0.0,0.0,0.11667773872613907,0.08159083127975464,0.0005055968854321691,17.762744903564453,141,nan,-1.0,True,,False,0.010050058364868164,0.0,0.010050058364868164,100.0,100.0,1.0,0.0,0.0,0.0,0.0,0.0
562,103.15477752685547,-0.0,0.0,-0.0,103.15477752685547,0.0057363929226994514,3.53262996673584,0.5883278250694275,-0.0,0.0,0.0,0.0,0.0,0.0,0.0,0.0,0.0,0.0,0.0,0.0,0.023000000044703484,0.023000000044703484,0.02,0.15,0.0,0.0,0.0,0.0,0.0,0.0,0.0,0.0,0.0,0.0,0.0,0.0,0.1168479323387146,0.08151518553495407,0.0005134662669661338,17.762744903564453,141,nan,-1.0,True,,False,0.010050058364868164,0.0,0.010050058364868164,100.0,100.0,1.0,0.0,0.0,0.0,0.0,0.0
563,127.58988952636719,-0.0,0.0,-0.0,127.58988952636719,0.003445632755756378,3.5208730697631836,0.5882539749145508,-0.0,0.0,0.0,0.0,0.0,0.0,0.0,0.0,0.0,0.0,0.0,0.0,0.023000000044703484,0.023000000044703484,0.02,0.15,0.0,0.0,0.0,0.0,0.0,0.0,0.0,0.0,0.0,0.0,0.0,0.0,0.11701761931180954,0.0814347118139267,0.0007005138872955285,17.762744903564453,141,nan,-1.0,True,,False,0.010050058364868164,0.0,0.010050058364868164,100.0,100.0,1.0,0.0,0.0,0.0,0.0,0.0
564,366.98016357421875,-0.0,0.0,-0.0,366.98016357421875,0.00010236325033474714,3.509416103363037,0.5881938338279724,-0.0,0.0,0.0,0.0,0.0,0.0,0.0,0.0,0.0,0.0,0.0,0.0,0.023000000044703484,0.023000000044703484,0.02,0.15,0.0,0.0,0.0,0.0,0.0,0.0,0.0,0.0,0.0,0.0,0.0,0.0,0.11719433218240738,0.08136075735092163,0.001186337326089415,17.762744903564453,141,nan,-1.0,True,,False,0.010050058364868164,0.0,0.010050058364868164,100.0,100.0,1.0,0.0,0.0,0.0,0.0,0.0
565,282.3104553222656,-0.0,0.0,-0.0,282.3104553222656,0.0002926345623563975,3.453857421875,0.5878815054893494,-0.0,0.0,0.0,0.0,0.0,0.0,0.0,0.0,0.0,0.0,0.0,0.0,0.023000000044703484,0.023000000044703484,0.02,0.15,0.0,0.0,0.0,0.0,0.0,0.0,0.0,0.0,0.0,0.0,0.0,0.0,0.11737079173326492,0.08129552751779556,0.00038696890260325745,17.762744903564453,141,nan,-1.0,True,,False,0.010050058364868164,0.0,0.010050058364868164,100.0,100.0,1.0,0.0,0.0,0.0,0.0,0.0
566,92.6675796508789,-0.0,0.0,-0.0,92.6675796508789,0.007252448704093695,3.402405261993408,0.5875169038772583,-0.0,0.0,0.0,0.0,0.0,0.0,0.0,0.0,0.0,0.0,0.0,0.0,0.023000000044703484,0.023000000044703484,0.02,0.15,0.0,0.0,0.0,0.0,0.0,0.0,0.0,0.0,0.0,0.0,0.0,0.0,0.11754186451435089,0.0812460258603096,0.000552049491489015,17.762744903564453,141,nan,-1.0,True,,False,0.010050058364868164,0.0,0.010050058364868164,100.0,100.0,1.0,0.0,0.0,0.0,0.0,0.0
567,68.06465911865234,-0.0,0.0,-0.0,68.06465911865234,0.01342019997537136,3.355959892272949,0.587202787399292,-0.0,0.0,0.0,0.0,0.0,0.0,0.0,0.0,0.0,0.0,0.0,0.0,0.023000000044703484,0.023000000044703484,0.02,0.15,0.0,0.0,0.0,0.0,0.0,0.0,0.0,0.0,0.0,0.0,0.0,0.0,0.11771108210086823,0.0812150239944458,0.0005654565948134405,17.762744903564453,141,nan,-1.0,True,,False,0.010050058364868164,0.0,0.010050058364868164,100.0,100.0,1.0,0.0,0.0,0.0,0.0,0.0
568,46.76539611816406,-0.0,0.0,-0.0,46.76539611816406,0.025252193212509155,3.3131966590881348,0.5869323015213013,-0.0,0.0,0.0,0.0,0.0,0.0,0.0,0.0,0.0,0.0,0.0,0.0,0.023000000044703484,0.023000000044703484,0.02,0.15,0.0,0.0,0.0,0.0,0.0,0.0,0.0,0.0,0.0,0.0,0.0,0.0,0.11787361651659012,0.08119905740022659,0.0005842519440193428,17.762744903564453,141,nan,-1.0,True,,False,0.010050058364868164,0.0,0.010050058364868164,100.0,100.0,1.0,0.0,0.0,0.0,0.0,0.0
569,33.89540481567383,-0.0,0.0,-0.0,33.89540481567383,0.0398290678858757,3.27388334274292,0.5866826772689819,-0.0,0.0,0.0,0.0,0.0,0.0,0.0,0.0,0.0,0.0,0.0,0.0,0.023000000044703484,0.023000000044703484,0.02,0.15,0.0,0.0,0.0,0.0,0.0,0.0,0.0,0.0,0.0,0.0,0.0,0.0,0.11802789568901062,0.08120529353618622,0.0006107982048888516,17.762744903564453,141,nan,-1.0,True,,False,0.010050058364868164,0.0,0.010050058364868164,100.0,100.0,1.0,0.0,0.0,0.0,0.0,0.0
570,33.04851531982422,-0.0,0.0,-0.0,33.04851531982422,0.04113210737705231,3.237468719482422,0.5864583253860474,-0.0,0.0,0.0,0.0,0.0,0.0,0.0,0.0,0.0,0.0,0.0,0.0,0.023000000044703484,0.023000000044703484,0.02,0.15,0.0,0.0,0.0,0.0,0.0,0.0,0.0,0.0,0.0,0.0,0.0,0.0,0.11817817389965057,0.0812331810593605,0.0017491205976511992,17.762744903564453,141,nan,-1.0,True,,False,0.010050058364868164,0.0,0.010050058364868164,100.0,100.0,1.0,0.0,0.0,0.0,0.0,0.0
571,35.487274169921875,-0.0,0.0,-0.0,35.487274169921875,0.0374382846057415,3.2055282592773438,0.5862663984298706,-0.0,0.0,0.0,0.0,0.0,0.0,0.0,0.0,0.0,0.0,0.0,0.0,0.023000000044703484,0.023000000044703484,0.02,0.14999999999999997,0.0,0.0,0.0,0.0,0.0,0.0,0.0,0.0,0.0,0.0,0.0,0.0,0.11831758171319962,0.08127389848232269,0.0017680726141406922,17.762744903564453,141,nan,-1.0,True,,False,0.010050058364868164,0.0,0.010050058364868164,100.0,100.0,1.0,0.0,0.0,0.0,0.0,0.0
572,36.07407760620117,-0.0,0.0,-0.0,36.07407760620117,0.03661464899778366,3.177417755126953,0.5861045718193054,-0.0,0.0,0.0,0.0,0.0,0.0,0.0,0.0,0.0,0.0,0.0,0.0,0.023000000044703484,0.023000000044703484,0.02,0.15,0.0,0.0,0.0,0.0,0.0,0.0,0.0,0.0,0.0,0.0,0.0,0.0,0.11844544112682343,0.08133291453123093,0.0018004541316258837,17.762744903564453,141,nan,-1.0,True,,False,0.010050058364868164,0.0,0.010050058364868164,100.0,100.0,1.0,0.0,0.0,0.0,0.0,0.0
573,37.8177375793457,-0.0,0.0,-0.0,37.8177375793457,0.03433052450418472,3.152712821960449,0.5859589576721191,-0.0,0.0,0.0,0.0,0.0,0.0,0.0,0.0,0.0,0.0,0.0,0.0,0.023000000044703484,0.023000000044703484,0.02,0.15,0.0,0.0,0.0,0.0,0.0,0.0,0.0,0.0,0.0,0.0,0.0,0.0,0.11856239289045334,0.0814100056886673,0.0008638827798677085,17.762744903564453,141,nan,-1.0,True,,False,0.010050058364868164,0.0,0.010050058364868164,100.0,100.0,1.0,0.0,0.0,0.0,0.0,0.0
574,55.920475006103516,-0.0,0.0,-0.0,55.920475006103516,0.01891779899597168,3.1318559646606445,0.585843563079834,-0.0,0.0,0.0,0.0,0.0,0.0,0.0,0.0,0.0,0.0,0.0,0.0,0.023000000044703484,0.023000000044703484,0.02,0.14999999999999997,0.0,0.0,0.0,0.0,0.0,0.0,0.0,0.0,0.0,0.0,0.0,0.0,0.118677519261837,0.08150056004524231,0.0008730173422009102,17.762744903564453,141,nan,-1.0,True,,False,0.010050058364868164,0.0,0.010050058364868164,100.0,100.0,1.0,0.0,0.0,0.0,0.0,0.0
575,163.03688049316406,-0.0,0.0,-0.0,163.03688049316406,0.0017701538745313883,3.1136837005615234,0.5857452750205994,-0.0,0.0,0.0,0.0,0.0,0.0,0.0,0.0,0.0,0.0,0.0,0.0,0.023000000044703484,0.023000000044703484,0.02,0.15,0.0,0.0,0.0,0.0,0.0,0.0,0.0,0.0,0.0,0.0,0.0,0.0,0.11879115551710129,0.08160288631916046,0.0009174726442324754,17.762744903564453,141,nan,-1.0,True,,False,0.010050058364868164,0.0,0.010050058364868164,100.0,100.0,1.0,0.0,0.0,0.0,0.0,0.0
576,102.25265502929688,-0.0,0.0,-0.0,102.25265502929688,0.005810506176203489,3.097010612487793,0.5855961441993713,-0.0,0.0,0.0,0.0,0.0,0.0,0.0,0.0,0.0,0.0,0.0,0.0,0.023000000044703484,0.023000000044703484,0.02,0.15,0.0,0.0,0.0,0.0,0.0,0.0,0.0,0.0,0.0,0.0,0.0,0.0,0.11890017241239548,0.08170945942401886,0.0008728588441044849,17.762744903564453,141,nan,-1.0,True,,False,0.010050058364868164,0.0,0.010050058364868164,100.0,100.0,1.0,0.0,0.0,0.0,0.0,0.0
577,56.79500198364258,-0.0,0.0,-0.0,56.79500198364258,0.0184176042675972,3.080061435699463,0.5854498744010925,-0.0,0.0,0.0,0.0,0.0,0.0,0.0,0.0,0.0,0.0,0.0,0.0,0.023000000044703484,0.023000000044703484,0.02,0.15,0.0,0.0,0.0,0.0,0.0,0.0,0.0,0.0,0.0,0.0,0.0,0.0,0.1190023422241211,0.08182190358638763,0.0008767378226366418,17.762744903564453,141,nan,-1.0,True,,False,0.010050058364868164,0.0,0.010050058364868164,100.0,100.0,1.0,0.0,0.0,0.0,0.0,0.0
578,44.21127700805664,-0.0,0.0,-0.0,44.21127700805664,0.027412058785557747,3.0632433891296387,0.5853238701820374,-0.0,0.0,0.0,0.0,0.0,0.0,0.0,0.0,0.0,0.0,0.0,0.0,0.023000000044703484,0.023000000044703484,0.02,0.15,0.0,0.0,0.0,0.0,0.0,0.0,0.0,0.0,0.0,0.0,0.0,0.0,0.11911046504974365,0.08194255828857422,0.0017292052202719788,17.762744903564453,141,nan,-1.0,True,,False,0.010050058364868164,0.0,0.010050058364868164,100.0,100.0,1.0,0.0,0.0,0.0,0.0,0.0
579,45.30178451538086,-0.0,0.0,-0.0,45.30178451538086,0.02642148733139038,3.0487380027770996,0.5852167010307312,-0.0,0.0,0.0,0.0,0.0,0.0,0.0,0.0,0.0,0.0,0.0,0.0,0.023000000044703484,0.023000000044703484,0.02,0.15,0.0,0.0,0.0,0.0,0.0,0.0,0.0,0.0,0.0,0.0,0.0,0.0,0.11923123151063919,0.0820624902844429,0.0017142495289590443,17.762744903564453,141,nan,-1.0,True,,False,0.010050058364868164,0.0,0.010050058364868164,100.0,100.0,1.0,0.0,0.0,0.0,0.0,0.0
580,42.6375732421875,-0.0,0.0,-0.0,42.6375732421875,0.028918346390128136,3.0359349250793457,0.5851331949234009,-0.0,0.0,0.0,0.0,0.0,0.0,0.0,0.0,0.0,0.0,0.0,0.0,0.023000000044703484,0.023000000044703484,0.02,0.15,0.0,0.0,0.0,0.0,0.0,0.0,0.0,0.0,0.0,0.0,0.0,0.0,0.11935929954051971,0.08218079805374146,0.0014366851701197447,17.762744903564453,141,nan,-1.0,True,,False,0.010050058364868164,0.0,0.010050058364868164,100.0,100.0,1.0,0.0,0.0,0.0,0.0,0.0
581,65.71711730957031,-0.0,0.0,-0.0,65.71711730957031,0.014256196096539497,3.024405002593994,0.585068941116333,-0.0,0.0,0.0,0.0,0.0,0.0,0.0,0.0,0.0,0.0,0.0,0.0,0.023000000044703484,0.023000000044703484,0.02,0.15,0.0,0.0,0.0,0.0,0.0,0.0,0.0,0.0,0.0,0.0,0.0,0.0,0.11949243396520615,0.08230037987232208,0.0014443521131397574,17.762744903564453,141,nan,-1.0,True,,False,0.010050058364868164,0.0,0.010050058364868164,100.0,100.0,1.0,0.0,0.0,0.0,0.0,0.0
582,157.7852325439453,-0.0,0.0,-0.0,157.7852325439453,0.0019394222181290388,3.017183780670166,0.5850329995155334,-0.0,0.0,0.0,0.0,0.0,0.0,0.0,0.0,0.0,0.0,0.0,0.0,0.023000000044703484,0.023000000044703484,0.02,0.15,0.0,0.0,0.0,0.0,0.0,0.0,0.0,0.0,0.0,0.0,0.0,0.0,0.11963730305433273,0.08243551850318909,0.001463177686673589,17.762744903564453,141,nan,-1.0,True,,False,0.010050058364868164,0.0,0.010050058364868164,100.0,100.0,1.0,0.0,0.0,0.0,0.0,0.0
583,82.37359619140625,-0.0,0.0,-0.0,82.37359619140625,0.00924113392829895,3.0154857635498047,0.5850054621696472,-0.0,0.0,0.0,0.0,0.0,0.0,0.0,0.0,0.0,0.0,0.0,0.0,0.023000000044703484,0.023000000044703484,0.02,0.15,0.0,0.0,0.0,0.0,0.0,0.0,0.0,0.0,0.0,0.0,0.0,0.0,0.11978873610496521,0.0826016515493393,0.001492413297000894,17.762744903564453,141,nan,-1.0,True,,False,0.010050058364868164,0.0,0.010050058364868164,100.0,100.0,1.0,0.0,0.0,0.0,0.0,0.0
584,114.04988098144531,-0.0,0.0,-0.0,114.04988098144531,0.0045075798407197,3.014282703399658,0.5849893689155579,-0.0,0.0,0.0,0.0,0.0,0.0,0.0,0.0,0.0,0.0,0.0,0.0,0.023000000044703484,0.023000000044703484,0.02,0.15,0.0,0.0,0.0,0.0,0.0,0.0,0.0,0.0,0.0,0.0,0.0,0.0,0.119938425719738,0.08279985189437866,0.0016970193710221793,17.762744903564453,141,nan,-1.0,True,,False,0.010050058364868164,0.0,0.010050058364868164,100.0,100.0,1.0,0.0,0.0,0.0,0.0,0.0
585,102.76896667480469,-0.0,0.0,-0.0,102.76896667480469,0.005742109380662441,3.012950897216797,0.5849366784095764,-0.0,0.0,0.0,0.0,0.0,0.0,0.0,0.0,0.0,0.0,0.0,0.0,0.023000000044703484,0.023000000044703484,0.02,0.15,0.0,0.0,0.0,0.0,0.0,0.0,0.0,0.0,0.0,0.0,0.0,0.0,0.12009087949991226,0.08298985660076141,0.0004768846943079552,17.762744903564453,141,nan,-1.0,True,,False,0.010050058364868164,0.0,0.010050058364868164,100.0,100.0,1.0,0.0,0.0,0.0,0.0,0.0
586,112.80162048339844,-0.0,0.0,-0.0,112.80162048339844,0.0046241991221904755,3.0053205490112305,0.584850013256073,-0.0,0.0,0.0,0.0,0.0,0.0,0.0,0.0,0.0,0.0,0.0,0.0,0.023000000044703484,0.023000000044703484,0.02,0.15,0.0,0.0,0.0,0.0,0.0,0.0,0.0,0.0,0.0,0.0,0.0,0.0,0.12024427205324173,0.08319340646266937,0.0010924851094387122,17.762744903564453,141,nan,-1.0,True,,False,0.010050058364868164,0.0,0.010050058364868164,100.0,100.0,1.0,0.0,0.0,0.0,0.0,0.0
587,75.38785552978516,-0.0,0.0,-0.0,75.38785552978516,0.01100611686706543,2.9954538345336914,0.5846812129020691,-0.0,0.0,0.0,0.0,0.0,0.0,0.0,0.0,0.0,0.0,0.0,0.0,0.023000000044703484,0.023000000044703484,0.02,0.15,0.0,0.0,0.0,0.0,0.0,0.0,0.0,0.0,0.0,0.0,0.0,0.0,0.12039811164140701,0.08340252190828323,0.0014367149883582897,17.762744903564453,141,nan,-1.0,True,,False,0.010050058364868164,0.0,0.010050058364868164,100.0,100.0,1.0,0.0,0.0,0.0,0.0,0.0
588,89.5778579711914,-0.0,0.0,-0.0,89.5778579711914,0.0077491868287324905,2.987215995788574,0.5845342874526978,-0.0,0.0,0.0,0.0,0.0,0.0,0.0,0.0,0.0,0.0,0.0,0.0,0.023000000044703484,0.023000000044703484,0.02,0.15,0.0,0.0,0.0,0.0,0.0,0.0,0.0,0.0,0.0,0.0,0.0,0.0,0.12055440992116928,0.08359847217798233,0.0014519407691295783,17.762744903564453,141,nan,-1.0,True,,False,0.010050058364868164,0.0,0.010050058364868164,100.0,100.0,1.0,0.0,0.0,0.0,0.0,0.0
589,98.18174743652344,-0.0,0.0,-0.0,98.18174743652344,0.006350324489176273,2.980433464050293,0.5844182372093201,-0.0,0.0,0.0,0.0,0.0,0.0,0.0,0.0,0.0,0.0,0.0,0.0,0.023000000044703484,0.023000000044703484,0.02,0.15,0.0,0.0,0.0,0.0,0.0,0.0,0.0,0.0,0.0,0.0,0.0,0.0,0.1207132488489151,0.0838058739900589,0.0014651110600425454,17.762744903564453,141,nan,-1.0,True,,False,0.010050058364868164,0.0,0.010050058364868164,100.0,100.0,1.0,0.0,0.0,0.0,0.0,0.0
590,88.69556427001953,-0.0,0.0,-0.0,88.69556427001953,0.007913111709058285,2.9749679565429688,0.5843393206596375,-0.0,0.0,0.0,0.0,0.0,0.0,0.0,0.0,0.0,0.0,0.0,0.0,0.023000000044703484,0.023000000044703484,0.02,0.15,0.0,0.0,0.0,0.0,0.0,0.0,0.0,0.0,0.0,0.0,0.0,0.0,0.1208747923374176,0.08402375131845474,0.0014694388733005326,17.762744903564453,141,nan,-1.0,True,,False,0.010050058364868164,0.0,0.010050058364868164,100.0,100.0,1.0,0.0,0.0,0.0,0.0,0.0
591,104.88677978515625,-0.0,0.0,-0.0,104.88677978515625,0.0054738386534154415,2.9710893630981445,0.5842868089675903,-0.0,0.0,0.0,0.0,0.0,0.0,0.0,0.0,0.0,0.0,0.0,0.0,0.023000000044703484,0.023000000044703484,0.02,0.15,0.0,0.0,0.0,0.0,0.0,0.0,0.0,0.0,0.0,0.0,0.0,0.0,0.12103917449712753,0.08425363153219223,0.0007969321882228542,17.762744903564453,141,nan,-1.0,True,,False,0.010050058364868164,0.0,0.010050058364868164,100.0,100.0,1.0,0.0,0.0,0.0,0.0,0.0
592,78.00669860839844,-0.0,0.0,-0.0,78.00669860839844,0.010294362902641296,2.967461109161377,0.5842457413673401,-0.0,0.0,0.0,0.0,0.0,0.0,0.0,0.0,0.0,0.0,0.0,0.0,0.023000000044703484,0.023000000044703484,0.02,0.15,0.0,0.0,0.0,0.0,0.0,0.0,0.0,0.0,0.0,0.0,0.0,0.0,0.12120325118303299,0.08448483049869537,0.0007792554679326713,17.762744903564453,141,nan,-1.0,True,,False,0.010050058364868164,0.0,0.010050058364868164,100.0,100.0,1.0,0.0,0.0,0.0,0.0,0.0
593,99.70469665527344,-0.0,0.0,-0.0,99.70469665527344,0.006140789948403835,2.965257167816162,0.5842238664627075,-0.0,0.0,0.0,0.0,0.0,0.0,0.0,0.0,0.0,0.0,0.0,0.0,0.023000000044703484,0.023000000044703484,0.02,0.15,0.0,0.0,0.0,0.0,0.0,0.0,0.0,0.0,0.0,0.0,0.0,0.0,0.12136878073215485,0.0843580961227417,0.0010253650584672869,17.762744903564453,141,nan,-1.0,True,,False,0.010050058364868164,0.0,0.010050058364868164,100.0,100.0,1.0,0.0,0.0,0.0,0.0,0.0
594,109.41663360595703,-0.0,0.0,-0.0,109.41663360595703,0.004968500696122646,2.9641857147216797,0.584225058555603,-0.0,0.0,0.0,0.0,0.0,0.0,0.0,0.0,0.0,0.0,0.0,0.0,0.023000000044703484,0.023000000044703484,0.02,0.15,0.0,0.0,0.0,0.0,0.0,0.0,0.0,0.0,0.0,0.0,0.0,0.0,0.12152663618326187,0.08427255600690842,0.000999418697119836,17.762744903564453,141,nan,-1.0,True,,False,0.010050058364868164,0.0,0.010050058364868164,100.0,100.0,1.0,0.0,0.0,0.0,0.0,0.0
595,152.41090393066406,-0.0,0.0,-0.0,152.41090393066406,0.0021352111361920834,2.9635415077209473,0.5841588973999023,-0.0,0.0,0.0,0.0,0.0,0.0,0.0,0.0,0.0,0.0,0.0,0.0,0.023000000044703484,0.023000000044703484,0.02,0.14999999999999997,0.0,0.0,0.0,0.0,0.0,0.0,0.0,0.0,0.0,0.0,0.0,0.0,0.1216924637556076,0.08419949561357498,0.0006332619705062825,17.762744903564453,141,nan,-1.0,True,,False,0.010050058364868164,0.0,0.010050058364868164,100.0,100.0,1.0,0.0,0.0,0.0,0.0,0.0
596,86.78875732421875,-0.0,0.0,-0.0,86.78875732421875,0.008281074464321136,2.9638047218322754,0.5840042233467102,-0.0,0.0,0.0,0.0,0.0,0.0,0.0,0.0,0.0,0.0,0.0,0.0,0.023000000044703484,0.023000000044703484,0.02,0.14999999999999997,0.0,0.0,0.0,0.0,0.0,0.0,0.0,0.0,0.0,0.0,0.0,0.0,0.12186327576637268,0.08416710793972015,0.0006396106991815032,17.762744903564453,141,nan,-1.0,True,,False,0.010050058364868164,0.0,0.010050058364868164,100.0,100.0,1.0,0.0,0.0,0.0,0.0,0.0
597,52.49382019042969,-0.0,0.0,-0.0,52.49382019042969,0.02095034159719944,2.9667882919311523,0.583912193775177,-0.0,0.0,0.0,0.0,0.0,0.0,0.0,0.0,0.0,0.0,0.0,0.0,0.023000000044703484,0.023000000044703484,0.02,0.15,0.0,0.0,0.0,0.0,0.0,0.0,0.0,0.0,0.0,0.0,0.0,0.0,0.12203363329172134,0.08418922871351242,0.0006401560235644865,17.762744903564453,141,nan,-1.0,True,,False,0.010050058364868164,0.0,0.010050058364868164,100.0,100.0,1.0,0.0,0.0,0.0,0.0,0.0
598,65.37337493896484,-0.0,0.0,-0.0,65.37337493896484,0.01437053270637989,2.973775863647461,0.5838240385055542,-0.0,0.0,0.0,0.0,0.0,0.0,0.0,0.0,0.0,0.0,0.0,0.0,0.023000000044703484,0.023000000044703484,0.02,0.15,0.0,0.0,0.0,0.0,0.0,0.0,0.0,0.0,0.0,0.0,0.0,0.0,0.12219548225402832,0.08420321345329285,0.0010304756851837737,17.762744903564453,141,nan,-1.0,True,,False,0.010050058364868164,0.0,0.010050058364868164,100.0,100.0,1.0,0.0,0.0,0.0,0.0,0.0
599,49.09964370727539,-0.0,0.0,-0.0,49.09964370727539,0.023297403007745743,2.981227397918701,0.583701491355896,-0.0,0.0,0.0,0.0,0.0,0.0,0.0,0.0,0.0,0.0,0.0,0.0,0.023000000044703484,0.023000000044703484,0.02,0.14999999999999997,0.0,0.0,0.0,0.0,0.0,0.0,0.0,0.0,0.0,0.0,0.0,0.0,0.1223616823554039,0.08422356098890305,0.0005894163314223988,17.762744903564453,141,nan,-1.0,True,,False,0.010050058364868164,0.0,0.010050058364868164,100.0,100.0,1.0,0.0,0.0,0.0,0.0,0.0
600,129.03407287597656,-0.0,0.0,-0.0,129.03407287597656,0.0033133812248706818,2.9894537925720215,0.5836185812950134,-0.0,0.0,0.0,0.0,0.0,0.0,0.0,0.0,0.0,0.0,0.0,0.0,0.023000000044703484,0.023000000044703484,0.02,0.15,0.0,0.0,0.0,0.0,0.0,0.0,0.0,0.0,0.0,0.0,0.0,0.0,0.12252950668334961,0.08427219837903976,0.0005774106002718327,17.762744903564453,141,nan,-1.0,True,,False,0.010050058364868164,0.0,0.010050058364868164,100.0,100.0,1.0,0.0,0.0,0.0,0.0,0.0
601,53.45949172973633,-0.0,0.0,-0.0,53.45949172973633,0.02031867206096649,2.9987263679504395,0.583532452583313,-0.0,0.0,0.0,0.0,0.0,0.0,0.0,0.0,0.0,0.0,0.0,0.0,0.023000000044703484,0.023000000044703484,0.02,0.14999999999999997,0.0,0.0,0.0,0.0,0.0,0.0,0.0,0.0,0.0,0.0,0.0,0.0,0.12269971519708633,0.08434166759252548,0.0005652127929351991,17.762744903564453,141,nan,-1.0,True,,False,0.010050058364868164,0.0,0.010050058364868164,100.0,100.0,1.0,0.0,0.0,0.0,0.0,0.0
602,76.10305786132812,-0.0,0.0,-0.0,76.10305786132812,0.010784895159304142,3.0093421936035156,0.5834836363792419,-0.0,0.0,0.0,0.0,0.0,0.0,0.0,0.0,0.0,0.0,0.0,0.0,0.023000000044703484,0.023000000044703484,0.02,0.15,0.0,0.0,0.0,0.0,0.0,0.0,0.0,0.0,0.0,0.0,0.0,0.0,0.12286940217018127,0.08445677906274796,0.0017323911974926887,17.762744903564453,141,nan,-1.0,True,,False,0.010050058364868164,0.0,0.010050058364868164,100.0,100.0,1.0,0.0,0.0,0.0,0.0,0.0
603,187.39541625976562,-0.0,0.0,-0.0,187.39541625976562,0.0011678163427859545,3.019357204437256,0.5834792256355286,-0.0,0.0,0.0,0.0,0.0,0.0,0.0,0.0,0.0,0.0,0.0,0.0,0.023000000044703484,0.023000000044703484,0.02,0.14999999999999997,0.0,0.0,0.0,0.0,0.0,0.0,0.0,0.0,0.0,0.0,0.0,0.0,0.1230255514383316,0.08460397273302078,0.0017302150404248096,17.762744903564453,141,nan,-1.0,True,,False,0.010050058364868164,0.0,0.010050058364868164,100.0,100.0,1.0,0.0,0.0,0.0,0.0,0.0
604,104.55127716064453,-0.0,0.0,-0.0,104.55127716064453,0.005509499926120043,3.028092861175537,0.5834683775901794,-0.0,0.0,0.0,0.0,0.0,0.0,0.0,0.0,0.0,0.0,0.0,0.0,0.023000000044703484,0.023000000044703484,0.02,0.15,0.0,0.0,0.0,0.0,0.0,0.0,0.0,0.0,0.0,0.0,0.0,0.0,0.12317147850990295,0.08466049283742905,0.0017365736334795656,17.762744903564453,141,nan,-1.0,True,,False,0.010050058364868164,0.0,0.010050058364868164,100.0,100.0,1.0,0.0,0.0,0.0,0.0,0.0
605,69.03711700439453,-0.0,0.0,-0.0,69.03711700439453,0.013001447543501854,3.037403106689453,0.5834394097328186,-0.0,0.0,0.0,0.0,0.0,0.0,0.0,0.0,0.0,0.0,0.0,0.0,0.023000000044703484,0.023000000044703484,0.02,0.15,0.0,0.0,0.0,0.0,0.0,0.0,0.0,0.0,0.0,0.0,0.0,0.0,0.123325876891613,0.08466260135173798,0.0017367453037877567,17.762744903564453,141,nan,-1.0,True,,False,0.010050058364868164,0.0,0.010050058364868164,100.0,100.0,1.0,0.0,0.0,0.0,0.0,0.0
606,119.49415588378906,-0.0,0.0,-0.0,119.49415588378906,0.004015888087451458,3.0473976135253906,0.5834236145019531,-0.0,0.0,0.0,0.0,0.0,0.0,0.0,0.0,0.0,0.0,0.0,0.0,0.023000000044703484,0.023000000044703484,0.02,0.15,0.0,0.0,0.0,0.0,0.0,0.0,0.0,0.0,0.0,0.0,0.0,0.0,0.12349136173725128,0.08466190099716187,0.0007953003578222706,17.762744903564453,141,nan,-1.0,True,,False,0.010050058364868164,0.0,0.010050058364868164,100.0,100.0,1.0,0.0,0.0,0.0,0.0,0.0
607,210.1886444091797,-0.0,0.0,-0.0,210.1886444091797,0.0008139189449138939,3.058185577392578,0.5833893418312073,-0.0,0.0,0.0,0.0,0.0,0.0,0.0,0.0,0.0,0.0,0.0,0.0,0.023000000044703484,0.023000000044703484,0.02,0.15,0.0,0.0,0.0,0.0,0.0,0.0,0.0,0.0,0.0,0.0,0.0,0.0,0.12366067618131638,0.08466436713933945,0.0006523540610032796,17.762744903564453,141,nan,-1.0,True,,False,0.010050058364868164,0.0,0.010050058364868164,100.0,100.0,1.0,0.0,0.0,0.0,0.0,0.0
608,91.56719970703125,-0.0,0.0,-0.0,91.56719970703125,0.007394470274448395,3.0699257850646973,0.5833408832550049,-0.0,0.0,0.0,0.0,0.0,0.0,0.0,0.0,0.0,0.0,0.0,0.0,0.023000000044703484,0.023000000044703484,0.02,0.15,0.0,0.0,0.0,0.0,0.0,0.0,0.0,0.0,0.0,0.0,0.0,0.0,0.12382140755653381,0.08468794822692871,0.0009374612486681144,17.762744903564453,141,nan,-1.0,True,,False,0.010050058364868164,0.0,0.010050058364868164,100.0,100.0,1.0,0.0,0.0,0.0,0.0,0.0
609,110.44541931152344,-0.0,0.0,-0.0,110.44541931152344,0.0048500774428248405,3.082180976867676,0.5833127498626709,-0.0,0.0,0.0,0.0,0.0,0.0,0.0,0.0,0.0,0.0,0.0,0.0,0.023000000044703484,0.023000000044703484,0.02,0.15,0.0,0.0,0.0,0.0,0.0,0.0,0.0,0.0,0.0,0.0,0.0,0.0,0.12397768348455429,0.08471609652042389,0.000935843298520922,17.762744903564453,141,nan,-1.0,True,,False,0.010050058364868164,0.0,0.010050058364868164,100.0,100.0,1.0,0.0,0.0,0.0,0.0,0.0
610,107.41230773925781,-0.0,0.0,-0.0,107.41230773925781,0.00517593789845705,3.0946879386901855,0.5833037495613098,-0.0,0.0,0.0,0.0,0.0,0.0,0.0,0.0,0.0,0.0,0.0,0.0,0.023000000044703484,0.023000000044703484,0.02,0.15,0.0,0.0,0.0,0.0,0.0,0.0,0.0,0.0,0.0,0.0,0.0,0.0,0.12412896752357483,0.08475513011217117,0.0009303466849814868,17.762744903564453,141,nan,-1.0,True,,False,0.010050058364868164,0.0,0.010050058364868164,100.0,100.0,1.0,0.0,0.0,0.0,0.0,0.0
611,86.74636840820312,-0.0,0.0,-0.0,86.74636840820312,0.008288586512207985,3.107912540435791,0.583319902420044,-0.0,0.0,0.0,0.0,0.0,0.0,0.0,0.0,0.0,0.0,0.0,0.0,0.023000000044703484,0.023000000044703484,0.02,0.15,0.0,0.0,0.0,0.0,0.0,0.0,0.0,0.0,0.0,0.0,0.0,0.0,0.12427358329296112,0.08480996638536453,0.0009185448534481111,17.762744903564453,141,nan,-1.0,True,,False,0.010050058364868164,0.0,0.010050058364868164,100.0,100.0,1.0,0.0,0.0,0.0,0.0,0.0
612,75.77920532226562,-0.0,0.0,-0.0,75.77920532226562,0.010901238769292831,3.1213903427124023,0.5833537578582764,-0.0,0.0,0.0,0.0,0.0,0.0,0.0,0.0,0.0,0.0,0.0,0.0,0.023000000044703484,0.023000000044703484,0.02,0.14999999999999997,0.0,0.0,0.0,0.0,0.0,0.0,0.0,0.0,0.0,0.0,0.0,0.0,0.1244155690073967,0.08488056808710098,0.00098401631703382,17.762744903564453,141,nan,-1.0,True,,False,0.010050058364868164,0.0,0.010050058364868164,100.0,100.0,1.0,0.0,0.0,0.0,0.0,0.0
613,93.08930969238281,-0.0,0.0,-0.0,93.08930969238281,0.007144485600292683,3.135219097137451,0.5833646655082703,-0.0,0.0,0.0,0.0,0.0,0.0,0.0,0.0,0.0,0.0,0.0,0.0,0.023000000044703484,0.023000000044703484,0.02,0.14999999999999997,0.0,0.0,0.0,0.0,0.0,0.0,0.0,0.0,0.0,0.0,0.0,0.0,0.12456325441598892,0.08494830876588821,0.0013362496943045699,17.762744903564453,141,nan,-1.0,True,,False,0.010050058364868164,0.0,0.010050058364868164,100.0,100.0,1.0,0.0,0.0,0.0,0.0,0.0
614,138.31813049316406,-0.0,0.0,-0.0,138.31813049316406,0.002769641112536192,3.1498327255249023,0.5833230018615723,-0.0,0.0,0.0,0.0,0.0,0.0,0.0,0.0,0.0,0.0,0.0,0.0,0.023000000044703484,0.023000000044703484,0.02,0.15,0.0,0.0,0.0,0.0,0.0,0.0,0.0,0.0,0.0,0.0,0.0,0.0,0.12471485137939453,0.08489426225423813,0.0009100193592530559,17.762744903564453,141,nan,-1.0,True,,False,0.010050058364868164,0.0,0.010050058364868164,100.0,100.0,1.0,0.0,0.0,0.0,0.0,0.0
615,118.59627532958984,-0.0,0.0,-0.0,118.59627532958984,0.004088615998625755,3.1652274131774902,0.5832879543304443,-0.0,0.0,0.0,0.0,0.0,0.0,0.0,0.0,0.0,0.0,0.0,0.0,0.023000000044703484,0.023000000044703484,0.02,0.15,0.0,0.0,0.0,0.0,0.0,0.0,0.0,0.0,0.0,0.0,0.0,0.0,0.12487319856882095,0.08483772724866867,0.0009016395497383201,17.762744903564453,141,nan,-1.0,True,,False,0.010050058364868164,0.0,0.010050058364868164,100.0,100.0,1.0,0.0,0.0,0.0,0.0,0.0
616,72.14827728271484,-0.0,0.0,-0.0,72.14827728271484,0.011963330209255219,3.181731700897217,0.5832792520523071,-0.0,0.0,0.0,0.0,0.0,0.0,0.0,0.0,0.0,0.0,0.0,0.0,0.023000000044703484,0.023000000044703484,0.02,0.15,0.0,0.0,0.0,0.0,0.0,0.0,0.0,0.0,0.0,0.0,0.0,0.0,0.12502506375312805,0.08478818088769913,0.0008961097082647029,17.762744903564453,141,nan,-1.0,True,,False,0.010050058364868164,0.0,0.010050058364868164,100.0,100.0,1.0,0.0,0.0,0.0,0.0,0.0
617,92.23375701904297,-0.0,0.0,-0.0,92.23375701904297,0.0072762807831168175,3.198500633239746,0.5832974314689636,-0.0,0.0,0.0,0.0,0.0,0.0,0.0,0.0,0.0,0.0,0.0,0.0,0.023000000044703484,0.023000000044703484,0.02,0.15,0.0,0.0,0.0,0.0,0.0,0.0,0.0,0.0,0.0,0.0,0.0,0.0,0.12517012655735016,0.08474669605493546,0.0006008373034092074,17.762744903564453,141,nan,-1.0,True,,False,0.010050058364868164,0.0,0.010050058364868164,100.0,100.0,1.0,0.0,0.0,0.0,0.0,0.0
618,134.4873504638672,-0.0,0.0,-0.0,134.4873504638672,0.002981323515996337,3.2159671783447266,0.5833197236061096,-0.0,0.0,0.0,0.0,0.0,0.0,0.0,0.0,0.0,0.0,0.0,0.0,0.023000000044703484,0.023000000044703484,0.02,0.15,0.0,0.0,0.0,0.0,0.0,0.0,0.0,0.0,0.0,0.0,0.0,0.0,0.12530741095542908,0.08471011370420456,0.000597740640387201,17.762744903564453,141,nan,-1.0,True,,False,0.010050058364868164,0.0,0.010050058364868164,100.0,100.0,1.0,0.0,0.0,0.0,0.0,0.0
619,255.65245056152344,-0.0,0.0,-0.0,255.65245056152344,0.00041782172047533095,3.2345685958862305,0.5833476781845093,-0.0,0.0,0.0,0.0,0.0,0.0,0.0,0.0,0.0,0.0,0.0,0.0,0.023000000044703484,0.023000000044703484,0.02,0.15,0.0,0.0,0.0,0.0,0.0,0.0,0.0,0.0,0.0,0.0,0.0,0.0,0.12545260787010193,0.08465802669525146,0.0011419258385103603,17.762744903564453,141,nan,-1.0,True,,False,0.010050058364868164,0.0,0.010050058364868164,100.0,100.0,1.0,0.0,0.0,0.0,0.0,0.0
620,153.76287841796875,-0.0,0.0,-0.0,153.76287841796875,0.002080710604786873,3.2536964416503906,0.5833286643028259,-0.0,0.0,0.0,0.0,0.0,0.0,0.0,0.0,0.0,0.0,0.0,0.0,0.023000000044703484,0.023000000044703484,0.02,0.15,0.0,0.0,0.0,0.0,0.0,0.0,0.0,0.0,0.0,0.0,0.0,0.0,0.12560608983039856,0.08459393680095673,0.0013695565562557022,17.762744903564453,141,nan,-1.0,True,,False,0.010050058364868164,0.0,0.010050058364868164,100.0,100.0,1.0,0.0,0.0,0.0,0.0,0.0
621,88.84590148925781,-0.0,0.0,-0.0,88.84590148925781,0.00788119900971651,3.2735610008239746,0.5833176374435425,-0.0,0.0,0.0,0.0,0.0,0.0,0.0,0.0,0.0,0.0,0.0,0.0,0.023000000044703484,0.023000000044703484,0.02,0.15,0.0,0.0,0.0,0.0,0.0,0.0,0.0,0.0,0.0,0.0,0.0,0.0,0.12576135993003845,0.08453543484210968,0.0013782618507320876,17.762744903564453,141,nan,-1.0,True,,False,0.010050058364868164,0.0,0.010050058364868164,100.0,100.0,1.0,0.0,0.0,0.0,0.0,0.0
622,153.74700927734375,-0.0,0.0,-0.0,153.74700927734375,0.0020802118815481663,3.2949647903442383,0.5833142995834351,-0.0,0.0,0.0,0.0,0.0,0.0,0.0,0.0,0.0,0.0,0.0,0.0,0.023000000044703484,0.023000000044703484,0.02,0.15,0.0,0.0,0.0,0.0,0.0,0.0,0.0,0.0,0.0,0.0,0.0,0.0,0.12591983377933502,0.08447794616222382,0.0008695394867572759,17.762744903564453,141,nan,-1.0,True,,False,0.010050058364868164,0.0,0.010050058364868164,100.0,100.0,1.0,0.0,0.0,0.0,0.0,0.0
623,82.93699645996094,-0.0,0.0,-0.0,82.93699645996094,0.00908527709543705,3.317145347595215,0.5833001732826233,-0.0,0.0,0.0,0.0,0.0,0.0,0.0,0.0,0.0,0.0,0.0,0.0,0.023000000044703484,0.023000000044703484,0.02,0.15,0.0,0.0,0.0,0.0,0.0,0.0,0.0,0.0,0.0,0.0,0.0,0.0,0.12608224153518677,0.08441265672445297,0.0006128966147116444,17.762744903564453,141,nan,-1.0,True,,False,0.010050058364868164,0.0,0.010050058364868164,100.0,100.0,1.0,0.0,0.0,0.0,0.0,0.0
624,84.82774353027344,-0.0,0.0,-0.0,84.82774353027344,0.008670073002576828,3.341024398803711,0.58330899477005,-0.0,0.0,0.0,0.0,0.0,0.0,0.0,0.0,0.0,0.0,0.0,0.0,0.023000000044703484,0.023000000044703484,0.02,0.14999999999999997,0.0,0.0,0.0,0.0,0.0,0.0,0.0,0.0,0.0,0.0,0.0,0.0,0.12625612318515778,0.08433707058429718,0.0006218853641257738,17.762744903564453,141,nan,-1.0,True,,False,0.010050058364868164,0.0,0.010050058364868164,100.0,100.0,1.0,0.0,0.0,0.0,0.0,0.0
625,88.18421936035156,-0.0,0.0,-0.0,88.18421936035156,0.007996448315680027,3.3654651641845703,0.5833338499069214,-0.0,0.0,0.0,0.0,0.0,0.0,0.0,0.0,0.0,0.0,0.0,0.0,0.023000000044703484,0.023000000044703484,0.02,0.15,0.0,0.0,0.0,0.0,0.0,0.0,0.0,0.0,0.0,0.0,0.0,0.0,0.12644487619400024,0.08425433933734894,0.0006396633652911987,17.762744903564453,141,nan,-1.0,True,,False,0.010050058364868164,0.0,0.010050058364868164,100.0,100.0,1.0,0.0,0.0,0.0,0.0,0.0
626,89.60285949707031,-0.0,0.0,-0.0,89.60285949707031,0.0077344393357634544,3.390881061553955,0.5833747982978821,-0.0,0.0,0.0,0.0,0.0,0.0,0.0,0.0,0.0,0.0,0.0,0.0,0.023000000044703484,0.023000000044703484,0.02,0.15,0.0,0.0,0.0,0.0,0.0,0.0,0.0,0.0,0.0,0.0,0.0,0.0,0.12664379179477692,0.08416515588760376,0.0006642789580837416,17.762744903564453,141,nan,-1.0,True,,False,0.010050058364868164,0.0,0.010050058364868164,100.0,100.0,1.0,0.0,0.0,0.0,0.0,0.0
627,116.42229461669922,-0.0,0.0,-0.0,116.42229461669922,0.004279433749616146,3.4173059463500977,0.583442747592926,-0.0,0.0,0.0,0.0,0.0,0.0,0.0,0.0,0.0,0.0,0.0,0.0,0.023000000044703484,0.023000000044703484,0.02,0.14999999999999997,0.0,0.0,0.0,0.0,0.0,0.0,0.0,0.0,0.0,0.0,0.0,0.0,0.1268537938594818,0.08406488597393036,0.000879863218870014,17.762744903564453,141,nan,-1.0,True,,False,0.010050058364868164,0.0,0.010050058364868164,100.0,100.0,1.0,0.0,0.0,0.0,0.0,0.0
628,112.63629150390625,-0.0,0.0,-0.0,112.63629150390625,0.004631944000720978,3.4442481994628906,0.5834657549858093,-0.0,0.0,0.0,0.0,0.0,0.0,0.0,0.0,0.0,0.0,0.0,0.0,0.023000000044703484,0.023000000044703484,0.02,0.15,0.0,0.0,0.0,0.0,0.0,0.0,0.0,0.0,0.0,0.0,0.0,0.0,0.12705297768115997,0.08395988494157791,0.0008894967618289229,17.762744903564453,141,nan,-1.0,True,,False,0.010050058364868164,0.0,0.010050058364868164,100.0,100.0,1.0,0.0,0.0,0.0,0.0,0.0
629,435.5260009765625,-0.0,0.0,-0.0,435.5260009765625,4.705014725914225e-05,3.4725961685180664,0.5834800601005554,-0.0,0.0,0.0,0.0,0.0,0.0,0.0,0.0,0.0,0.0,0.0,0.0,0.023000000044703484,0.023000000044703484,0.02,0.14999999999999997,0.0,0.0,0.0,0.0,0.0,0.0,0.0,0.0,0.0,0.0,0.0,0.0,0.12725293636322021,0.08384089171886444,0.0021934182068434893,17.762744903564453,141,nan,-1.0,True,,False,0.010050058364868164,0.0,0.010050058364868164,100.0,100.0,1.0,0.0,0.0,0.0,0.0,0.0
630,129.9298858642578,-0.0,0.0,-0.0,129.9298858642578,0.003255436196923256,3.501959800720215,0.5834658741950989,-0.0,0.0,0.0,0.0,0.0,0.0,0.0,0.0,0.0,0.0,0.0,0.0,0.023000000044703484,0.023000000044703484,0.02,0.15,0.0,0.0,0.0,0.0,0.0,0.0,0.0,0.0,0.0,0.0,0.0,0.0,0.12745659053325653,0.08371389657258987,0.0007304297550945194,17.762744903564453,141,nan,-1.0,True,,False,0.010050058364868164,0.0,0.010050058364868164,100.0,100.0,1.0,0.0,0.0,0.0,0.0,0.0
631,180.83663940429688,-0.0,0.0,-0.0,180.83663940429688,0.0013005728833377361,3.5322771072387695,0.5834592580795288,-0.0,0.0,0.0,0.0,0.0,0.0,0.0,0.0,0.0,0.0,0.0,0.0,0.023000000044703484,0.023000000044703484,0.02,0.15,0.0,0.0,0.0,0.0,0.0,0.0,0.0,0.0,0.0,0.0,0.0,0.0,0.1276702880859375,0.08356388658285141,0.0007316895321309858,17.762744903564453,141,nan,-1.0,True,,False,0.010050058364868164,0.0,0.010050058364868164,100.0,100.0,1.0,0.0,0.0,0.0,0.0,0.0
632,356.1465759277344,-0.0,0.0,-0.0,356.1465759277344,0.0001148662413470447,3.5636682510375977,0.5834660530090332,-0.0,0.0,0.0,0.0,0.0,0.0,0.0,0.0,0.0,0.0,0.0,0.0,0.023000000044703484,0.023000000044703484,0.02,0.15,0.0,0.0,0.0,0.0,0.0,0.0,0.0,0.0,0.0,0.0,0.0,0.0,0.12789443135261536,0.08340002596378326,0.0007152254547690973,17.762744903564453,141,nan,-1.0,True,,False,0.010050058364868164,0.0,0.010050058364868164,100.0,100.0,1.0,0.0,0.0,0.0,0.0,0.0
633,275.30303955078125,-0.0,0.0,-0.0,275.30303955078125,0.00031843403121456504,3.5960845947265625,0.5834832787513733,-0.0,0.0,0.0,0.0,0.0,0.0,0.0,0.0,0.0,0.0,0.0,0.0,0.023000000044703484,0.023000000044703484,0.02,0.15,0.0,0.0,0.0,0.0,0.0,0.0,0.0,0.0,0.0,0.0,0.0,0.0,0.12812237441539764,0.08313624560832977,0.0006798801459808601,17.762744903564453,141,nan,-1.0,True,,False,0.010050058364868164,0.0,0.010050058364868164,100.0,100.0,1.0,0.0,0.0,0.0,0.0,0.0
634,178.02084350585938,-0.0,0.0,-0.0,178.02084350585938,0.0013630478642880917,3.6303234100341797,0.5835217237472534,-0.0,0.0,0.0,0.0,0.0,0.0,0.0,0.0,0.0,0.0,0.0,0.0,0.023000000044703484,0.023000000044703484,0.02,0.15,0.0,0.0,0.0,0.0,0.0,0.0,0.0,0.0,0.0,0.0,0.0,0.0,0.1283591091632843,0.08280722796916962,0.0006187934695844888,17.762744903564453,141,nan,-1.0,True,,False,0.010050058364868164,0.0,0.010050058364868164,100.0,100.0,1.0,0.0,0.0,0.0,0.0,0.0
635,135.828125,-0.0,0.0,-0.0,135.828125,0.0029019543435424566,3.665738582611084,0.5835679769515991,-0.0,0.0,0.0,0.0,0.0,0.0,0.0,0.0,0.0,0.0,0.0,0.0,0.023000000044703484,0.023000000044703484,0.02,0.15,0.0,0.0,0.0,0.0,0.0,0.0,0.0,0.0,0.0,0.0,0.0,0.0,0.1286068707704544,0.08248124271631241,0.0005399235255936219,17.762744903564453,141,nan,-1.0,True,,False,0.010050058364868164,0.0,0.010050058364868164,100.0,100.0,1.0,0.0,0.0,0.0,0.0,0.0
636,104.119873046875,-0.0,0.0,-0.0,104.119873046875,0.005559226963669062,3.703155517578125,0.5836312174797058,-0.0,0.0,0.0,0.0,0.0,0.0,0.0,0.0,0.0,0.0,0.0,0.0,0.023000000044703484,0.023000000044703484,0.02,0.15,0.0,0.0,0.0,0.0,0.0,0.0,0.0,0.0,0.0,0.0,0.0,0.0,0.12886805832386017,0.08214960247278214,0.00042123719867959153,17.762744903564453,141,nan,-1.0,True,,False,0.010050058364868164,0.0,0.010050058364868164,100.0,100.0,1.0,0.0,0.0,0.0,0.0,0.0
637,100.66815185546875,-0.0,0.0,-0.0,100.66815185546875,0.006006141658872366,3.7432079315185547,0.5837036371231079,-0.0,0.0,0.0,0.0,0.0,0.0,0.0,0.0,0.0,0.0,0.0,0.0,0.023000000044703484,0.023000000044703484,0.02,0.15,0.0,0.0,0.0,0.0,0.0,0.0,0.0,0.0,0.0,0.0,0.0,0.0,0.12914250791072845,0.08180715143680573,0.0005221203136898112,17.762744903564453,141,nan,-1.0,True,,False,0.010050058364868164,0.0,0.010050058364868164,100.0,100.0,1.0,0.0,0.0,0.0,0.0,0.0
638,74.08598327636719,-0.0,0.0,-0.0,74.08598327636719,0.011371639557182789,3.7526631355285645,0.5836235284805298,-0.0,0.0,0.0,0.0,0.0,0.0,0.0,0.0,0.0,0.0,0.0,0.0,0.023000000044703484,0.023000000044703484,0.02,0.15,0.0,0.0,0.0,0.0,0.0,0.0,0.0,0.0,0.0,0.0,0.0,0.0,0.1294255405664444,0.08148666471242905,0.0006124598303358653,17.762744903564453,141,nan,-1.0,True,,False,0.010050058364868164,0.0,0.010050058364868164,100.0,100.0,1.0,0.0,0.0,0.0,0.0,0.0
639,64.40602111816406,-0.0,0.0,-0.0,64.40602111816406,0.014749743975698948,3.7424778938293457,0.5834904909133911,-0.0,0.0,0.0,0.0,0.0,0.0,0.0,0.0,0.0,0.0,0.0,0.0,0.023000000044703484,0.023000000044703484,0.02,0.15,0.0,0.0,0.0,0.0,0.0,0.0,0.0,0.0,0.0,0.0,0.0,0.0,0.12970852851867676,0.08117225766181946,0.0007974526301950391,17.762744903564453,141,nan,-1.0,True,,False,0.010050058364868164,0.0,0.010050058364868164,100.0,100.0,1.0,0.0,0.0,0.0,0.0,0.0
640,58.09686279296875,-0.0,0.0,-0.0,58.09686279296875,0.017670888453722,3.7319588661193848,0.5833617448806763,-0.0,0.0,0.0,0.0,0.0,0.0,0.0,0.0,0.0,0.0,0.0,0.0,0.023000000044703484,0.023000000044703484,0.02,0.15,0.0,0.0,0.0,0.0,0.0,0.0,0.0,0.0,0.0,0.0,0.0,0.0,0.1300039291381836,0.08085368573665619,0.0008798494650363864,17.762744903564453,141,nan,-1.0,True,,False,0.010050058364868164,0.0,0.010050058364868164,100.0,100.0,1.0,0.0,0.0,0.0,0.0,0.0
641,187.5448455810547,-0.0,0.0,-0.0,187.5448455810547,0.0011642739409580827,3.721456527709961,0.5832425355911255,-0.0,0.0,0.0,0.0,0.0,0.0,0.0,0.0,0.0,0.0,0.0,0.0,0.023000000044703484,0.023000000044703484,0.02,0.15,0.0,0.0,0.0,0.0,0.0,0.0,0.0,0.0,0.0,0.0,0.0,0.0,0.13030576705932617,0.0804738774895668,0.000945413545196061,17.762744903564453,141,nan,-1.0,True,,False,0.010050058364868164,0.0,0.010050058364868164,100.0,100.0,1.0,0.0,0.0,0.0,0.0,0.0
642,53.637325286865234,-0.0,0.0,-0.0,53.637325286865234,0.02019716426730156,3.7107677459716797,0.5830885171890259,-0.0,0.0,0.0,0.0,0.0,0.0,0.0,0.0,0.0,0.0,0.0,0.0,0.023000000044703484,0.023000000044703484,0.02,0.15,0.0,0.0,0.0,0.0,0.0,0.0,0.0,0.0,0.0,0.0,0.0,0.0,0.13061097264289856,0.08010417222976685,0.0010074354418065923,17.762744903564453,141,nan,-1.0,True,,False,0.010050058364868164,0.0,0.010050058364868164,100.0,100.0,1.0,0.0,0.0,0.0,0.0,0.0
643,81.37637329101562,-0.0,0.0,-0.0,81.37637329101562,0.009435992687940598,3.699845314025879,0.5829429030418396,-0.0,0.0,0.0,0.0,0.0,0.0,0.0,0.0,0.0,0.0,0.0,0.0,0.023000000044703484,0.023000000044703484,0.02,0.15,0.0,0.0,0.0,0.0,0.0,0.0,0.0,0.0,0.0,0.0,0.0,0.0,0.13090956211090088,0.07973425090312958,0.0021151022583580925,17.762744903564453,141,nan,-1.0,True,,False,0.010050058364868164,0.0,0.010050058364868164,100.0,100.0,1.0,0.0,0.0,0.0,0.0,0.0
644,178.4439239501953,-0.0,0.0,-0.0,178.4439239501953,0.0013534773606806993,3.688755512237549,0.5828220844268799,-0.0,0.0,0.0,0.0,0.0,0.0,0.0,0.0,0.0,0.0,0.0,0.0,0.023000000044703484,0.023000000044703484,0.02,0.15,0.0,0.0,0.0,0.0,0.0,0.0,0.0,0.0,0.0,0.0,0.0,0.0,0.13119889795780182,0.07939864695072174,0.001878686095096782,17.762744903564453,141,nan,-1.0,True,,False,0.010050058364868164,0.0,0.010050058364868164,100.0,100.0,1.0,0.0,0.0,0.0,0.0,0.0
645,79.24336242675781,-0.0,0.0,-0.0,79.24336242675781,0.009951042011380196,3.6773672103881836,0.5826781988143921,-0.0,0.0,0.0,0.0,0.0,0.0,0.0,0.0,0.0,0.0,0.0,0.0,0.023000000044703484,0.023000000044703484,0.02,0.15,0.0,0.0,0.0,0.0,0.0,0.0,0.0,0.0,0.0,0.0,0.0,0.0,0.13147740066051483,0.07909402996301651,0.0018816244582922081,17.762744903564453,141,nan,-1.0,True,,False,0.010050058364868164,0.0,0.010050058364868164,100.0,100.0,1.0,0.0,0.0,0.0,0.0,0.0
646,122.06537628173828,-0.0,0.0,-0.0,122.06537628173828,0.0038015153259038925,3.665848731994629,0.5825314521789551,-0.0,0.0,0.0,0.0,0.0,0.0,0.0,0.0,0.0,0.0,0.0,0.0,0.023000000044703484,0.023000000044703484,0.02,0.15,0.0,0.0,0.0,0.0,0.0,0.0,0.0,0.0,0.0,0.0,0.0,0.0,0.131757453083992,0.07877764105796814,0.0011539932697814947,17.762744903564453,141,nan,-1.0,True,,False,0.010050058364868164,0.0,0.010050058364868164,100.0,100.0,1.0,0.0,0.0,0.0,0.0,0.0
647,54.51982498168945,-0.0,0.0,-0.0,54.51982498168945,0.019628727808594704,3.65383243560791,0.5823681950569153,-0.0,0.0,0.0,0.0,0.0,0.0,0.0,0.0,0.0,0.0,0.0,0.0,0.023000000044703484,0.023000000044703484,0.02,0.15,0.0,0.0,0.0,0.0,0.0,0.0,0.0,0.0,0.0,0.0,0.0,0.0,0.13203763961791992,0.07847744226455688,0.001137115186338633,17.762744903564453,141,nan,-1.0,True,,False,0.010050058364868164,0.0,0.010050058364868164,100.0,100.0,1.0,0.0,0.0,0.0,0.0,0.0
648,81.14915466308594,-0.0,0.0,-0.0,81.14915466308594,0.009474221616983414,3.641301155090332,0.5822128057479858,-0.0,0.0,0.0,0.0,0.0,0.0,0.0,0.0,0.0,0.0,0.0,0.0,0.023000000044703484,0.023000000044703484,0.02,0.15,0.0,0.0,0.0,0.0,0.0,0.0,0.0,0.0,0.0,0.0,0.0,0.0,0.13231806457042694,0.07819896936416626,0.000969786961832142,17.762744903564453,141,nan,-1.0,True,,False,0.010050058364868164,0.0,0.010050058364868164,100.0,100.0,1.0,0.0,0.0,0.0,0.0,0.0
649,130.74034118652344,-0.0,0.0,-0.0,130.74034118652344,0.0031934352591633797,3.628814697265625,0.5819085240364075,-0.0,0.0,0.0,0.0,0.0,0.0,0.0,0.0,0.0,0.0,0.0,0.0,0.023000000044703484,0.023000000044703484,0.02,0.15,0.0,0.0,0.0,0.0,0.0,0.0,0.0,0.0,0.0,0.0,0.0,0.0,0.13260093331336975,0.07792714983224869,0.0009640972875786247,17.762744903564453,141,nan,-1.0,True,,False,0.010050058364868164,0.0,0.010050058364868164,100.0,100.0,1.0,0.0,0.0,0.0,0.0,0.0
650,52.5419807434082,-0.0,0.0,-0.0,52.5419807434082,0.020798400044441223,3.6159849166870117,0.5815125107765198,-0.0,0.0,0.0,0.0,0.0,0.0,0.0,0.0,0.0,0.0,0.0,0.0,0.023000000044703484,0.023000000044703484,0.02,0.15,0.0,0.0,0.0,0.0,0.0,0.0,0.0,0.0,0.0,0.0,0.0,0.0,0.1328764259815216,0.07767970114946365,0.0009719550425870693,17.762744903564453,141,nan,-1.0,True,,False,0.010050058364868164,0.0,0.010050058364868164,100.0,100.0,1.0,0.0,0.0,0.0,0.0,0.0
651,55.04306411743164,-0.0,0.0,-0.0,55.04306411743164,0.019242696464061737,3.6029090881347656,0.5811381936073303,-0.0,0.0,0.0,0.0,0.0,0.0,0.0,0.0,0.0,0.0,0.0,0.0,0.023000000044703484,0.023000000044703484,0.02,0.15,0.0,0.0,0.0,0.0,0.0,0.0,0.0,0.0,0.0,0.0,0.0,0.0,0.1331450194120407,0.07744685560464859,0.0010573595673122327,17.762744903564453,141,nan,-1.0,True,,False,0.010050058364868164,0.0,0.010050058364868164,100.0,100.0,1.0,0.0,0.0,0.0,0.0,0.0
652,56.317020416259766,-0.0,0.0,-0.0,56.317020416259766,0.018501849845051765,3.589939594268799,0.5807768702507019,-0.0,0.0,0.0,0.0,0.0,0.0,0.0,0.0,0.0,0.0,0.0,0.0,0.023000000044703484,0.023000000044703484,0.02,0.15000000000000002,0.0,0.0,0.0,0.0,0.0,0.0,0.0,0.0,0.0,0.0,0.0,0.0,0.13342206180095673,0.07722257077693939,0.0010514586565477657,17.762744903564453,141,nan,-1.0,True,,False,0.010050058364868164,0.0,0.010050058364868164,100.0,100.0,1.0,0.0,0.0,0.0,0.0,0.0
653,53.04191207885742,-0.0,0.0,-0.0,53.04191207885742,0.020416298881173134,3.5769901275634766,0.5804387331008911,-0.0,0.0,0.0,0.0,0.0,0.0,0.0,0.0,0.0,0.0,0.0,0.0,0.023000000044703484,0.023000000044703484,0.02,0.15,0.0,0.0,0.0,0.0,0.0,0.0,0.0,0.0,0.0,0.0,0.0,0.0,0.13370084762573242,0.07699763029813766,0.001049392378263292,17.762744903564453,141,nan,-1.0,True,,False,0.010050058364868164,0.0,0.010050058364868164,100.0,100.0,1.0,0.0,0.0,0.0,0.0,0.0
654,46.157310485839844,-0.0,0.0,-0.0,46.157310485839844,0.025404982268810272,3.564210891723633,0.5801175236701965,-0.0,0.0,0.0,0.0,0.0,0.0,0.0,0.0,0.0,0.0,0.0,0.0,0.023000000044703484,0.023000000044703484,0.02,0.15000000000000002,0.0,0.0,0.0,0.0,0.0,0.0,0.0,0.0,0.0,0.0,0.0,0.0,0.13398084044456482,0.07675883919000626,0.0010606901337268937,17.762744903564453,141,nan,-1.0,True,,False,0.010050058364868164,0.0,0.010050058364868164,100.0,100.0,1.0,0.0,0.0,0.0,0.0,0.0
655,37.98025894165039,-0.0,0.0,-0.0,37.98025894165039,0.033701855689287186,3.5516161918640137,0.5798240303993225,-0.0,0.0,0.0,0.0,0.0,0.0,0.0,0.0,0.0,0.0,0.0,0.0,0.023000000044703484,0.023000000044703484,0.02,0.15,0.0,0.0,0.0,0.0,0.0,0.0,0.0,0.0,0.0,0.0,0.0,0.0,0.13426275551319122,0.07651384174823761,0.0010709198736549297,17.762744903564453,141,nan,-1.0,True,,False,0.010050058364868164,0.0,0.010050058364868164,100.0,100.0,1.0,0.0,0.0,0.0,0.0,0.0
656,41.468299865722656,-0.0,0.0,-0.0,41.468299865722656,0.029751043766736984,3.539097785949707,0.5795542597770691,-0.0,0.0,0.0,0.0,0.0,0.0,0.0,0.0,0.0,0.0,0.0,0.0,0.023000000044703484,0.023000000044703484,0.02,0.15,0.0,0.0,0.0,0.0,0.0,0.0,0.0,0.0,0.0,0.0,0.0,0.0,0.13454647362232208,0.07626884430646896,0.0021750443083874416,17.762744903564453,141,nan,-1.0,True,,False,0.010050058364868164,0.0,0.010050058364868164,100.0,100.0,1.0,0.0,0.0,0.0,0.0,0.0
657,51.54665756225586,-0.0,0.0,-0.0,51.54665756225586,0.021343763917684555,3.526607036590576,0.5793105363845825,-0.0,0.0,0.0,0.0,0.0,0.0,0.0,0.0,0.0,0.0,0.0,0.0,0.023000000044703484,0.023000000044703484,0.02,0.15,0.0,0.0,0.0,0.0,0.0,0.0,0.0,0.0,0.0,0.0,0.0,0.0,0.13483834266662598,0.07600972801446915,0.0014067453271309205,17.762744903564453,141,nan,-1.0,True,,False,0.010050058364868164,0.0,0.010050058364868164,100.0,100.0,1.0,0.0,0.0,0.0,0.0,0.0
658,264.8616027832031,-0.0,0.0,-0.0,264.8616027832031,0.0003640368231572211,3.514373779296875,0.5791040062904358,-0.0,0.0,0.0,0.0,0.0,0.0,0.0,0.0,0.0,0.0,0.0,0.0,0.023000000044703484,0.023000000044703484,0.02,0.15,0.0,0.0,0.0,0.0,0.0,0.0,0.0,0.0,0.0,0.0,0.0,0.0,0.1351258009672165,0.0757465735077858,0.0013833237117069075,17.762744903564453,141,nan,-1.0,True,,False,0.010050058364868164,0.0,0.010050058364868164,100.0,100.0,1.0,0.0,0.0,0.0,0.0,0.0
659,53.02959060668945,-0.0,0.0,-0.0,53.02959060668945,0.02037089504301548,3.501781940460205,0.5788736343383789,-0.0,0.0,0.0,0.0,0.0,0.0,0.0,0.0,0.0,0.0,0.0,0.0,0.023000000044703484,0.023000000044703484,0.02,0.15000000000000002,0.0,0.0,0.0,0.0,0.0,0.0,0.0,0.0,0.0,0.0,0.0,0.0,0.1354149430990219,0.07549829035997391,0.0013743463114224141,17.762744903564453,141,nan,-1.0,True,,False,0.010050058364868164,0.0,0.010050058364868164,100.0,100.0,1.0,0.0,0.0,0.0,0.0,0.0
660,61.50672149658203,-0.0,0.0,-0.0,61.50672149658203,0.01583479344844818,3.488555431365967,0.5786583423614502,-0.0,0.0,0.0,0.0,0.0,0.0,0.0,0.0,0.0,0.0,0.0,0.0,0.023000000044703484,0.023000000044703484,0.02,0.15,0.0,0.0,0.0,0.0,0.0,0.0,0.0,0.0,0.0,0.0,0.0,0.0,0.13570533692836761,0.07526741176843643,0.0021171657567720104,17.762744903564453,141,nan,-1.0,True,,False,0.010050058364868164,0.0,0.010050058364868164,100.0,100.0,1.0,0.0,0.0,0.0,0.0,0.0
661,75.82636260986328,-0.0,0.0,-0.0,75.82636260986328,0.010743044316768646,3.4753847122192383,0.5784656405448914,-0.0,0.0,0.0,0.0,0.0,0.0,0.0,0.0,0.0,0.0,0.0,0.0,0.023000000044703484,0.023000000044703484,0.02,0.15,0.0,0.0,0.0,0.0,0.0,0.0,0.0,0.0,0.0,0.0,0.0,0.0,0.13601425290107727,0.07502707839012146,0.002090600688006816,17.762744903564453,141,nan,-1.0,True,,False,0.010050058364868164,0.0,0.010050058364868164,100.0,100.0,1.0,0.0,0.0,0.0,0.0,0.0
662,102.00804901123047,-0.0,0.0,-0.0,102.00804901123047,0.005759058520197868,3.4624428749084473,0.5782975554466248,-0.0,0.0,0.0,0.0,0.0,0.0,0.0,0.0,0.0,0.0,0.0,0.0,0.023000000044703484,0.023000000044703484,0.02,0.15,0.0,0.0,0.0,0.0,0.0,0.0,0.0,0.0,0.0,0.0,0.0,0.0,0.1363319754600525,0.07477641105651855,0.002061902735476906,17.762744903564453,141,nan,-1.0,True,,False,0.010050058364868164,0.0,0.010050058364868164,100.0,100.0,1.0,0.0,0.0,0.0,0.0,0.0
663,203.03738403320312,-0.0,0.0,-0.0,203.03738403320312,0.0008994583622552454,3.449868679046631,0.5781629085540771,-0.0,0.0,0.0,0.0,0.0,0.0,0.0,0.0,0.0,0.0,0.0,0.0,0.023000000044703484,0.023000000044703484,0.02,0.15,0.0,0.0,0.0,0.0,0.0,0.0,0.0,0.0,0.0,0.0,0.0,0.0,0.13665525615215302,0.07451770454645157,0.002005010036555177,17.762744903564453,141,nan,-1.0,True,,False,0.010050058364868164,0.0,0.010050058364868164,100.0,100.0,1.0,0.0,0.0,0.0,0.0,0.0
664,139.7635955810547,-0.0,0.0,-0.0,139.7635955810547,0.0026661863084882498,3.4373812675476074,0.5780342221260071,-0.0,0.0,0.0,0.0,0.0,0.0,0.0,0.0,0.0,0.0,0.0,0.0,0.023000000044703484,0.023000000044703484,0.02,0.15000000000000002,0.0,0.0,0.0,0.0,0.0,0.0,0.0,0.0,0.0,0.0,0.0,0.0,0.13698634505271912,0.07424604892730713,0.0014597315193896065,17.762744903564453,141,nan,-1.0,True,,False,0.010050058364868164,0.0,0.010050058364868164,100.0,100.0,1.0,0.0,0.0,0.0,0.0,0.0
665,94.56476593017578,-0.0,0.0,-0.0,94.56476593017578,0.0068145133554935455,3.4254908561706543,0.577899158000946,-0.0,0.0,0.0,0.0,0.0,0.0,0.0,0.0,0.0,0.0,0.0,0.0,0.023000000044703484,0.023000000044703484,0.02,0.15,0.0,0.0,0.0,0.0,0.0,0.0,0.0,0.0,0.0,0.0,0.0,0.0,0.1373196244239807,0.07397420704364777,0.0018808238564815838,17.762744903564453,141,nan,-1.0,True,,False,0.010050058364868164,0.0,0.010050058364868164,100.0,100.0,1.0,0.0,0.0,0.0,0.0,0.0
666,74.49456024169922,-0.0,0.0,-0.0,74.49456024169922,0.011115340515971184,3.413519859313965,0.577789306640625,-0.0,0.0,0.0,0.0,0.0,0.0,0.0,0.0,0.0,0.0,0.0,0.0,0.023000000044703484,0.023000000044703484,0.02,0.15,0.0,0.0,0.0,0.0,0.0,0.0,0.0,0.0,0.0,0.0,0.0,0.0,0.13764241337776184,0.07371995598077774,0.0018421877348373528,17.762744903564453,141,nan,-1.0,True,,False,0.010050058364868164,0.0,0.010050058364868164,100.0,100.0,1.0,0.0,0.0,0.0,0.0,0.0
667,77.12568664550781,-0.0,0.0,-0.0,77.12568664550781,0.010391514748334885,3.4010844230651855,0.5777137875556946,-0.0,0.0,0.0,0.0,0.0,0.0,0.0,0.0,0.0,0.0,0.0,0.0,0.023000000044703484,0.023000000044703484,0.02,0.15,0.0,0.0,0.0,0.0,0.0,0.0,0.0,0.0,0.0,0.0,0.0,0.0,0.13795334100723267,0.07348835468292236,0.0015593430098306271,17.762744903564453,141,nan,-1.0,True,,False,0.010050058364868164,0.0,0.010050058364868164,100.0,100.0,1.0,0.0,0.0,0.0,0.0,0.0
668,54.07733154296875,-0.0,0.0,-0.0,54.07733154296875,0.019703255966305733,3.38956356048584,0.5775886178016663,-0.0,0.0,0.0,0.0,0.0,0.0,0.0,0.0,0.0,0.0,0.0,0.0,0.023000000044703484,0.023000000044703484,0.02,0.15000000000000002,0.0,0.0,0.0,0.0,0.0,0.0,0.0,0.0,0.0,0.0,0.0,0.0,0.13826553523540497,0.07324951142072678,0.0015586533736495767,17.762744903564453,141,nan,-1.0,True,,False,0.010050058364868164,0.0,0.010050058364868164,100.0,100.0,1.0,0.0,0.0,0.0,0.0,0.0
669,45.86223602294922,-0.0,0.0,-0.0,45.86223602294922,0.025562062859535217,3.376969814300537,0.5774590969085693,-0.0,0.0,0.0,0.0,0.0,0.0,0.0,0.0,0.0,0.0,0.0,0.0,0.023000000044703484,0.023000000044703484,0.02,0.15,0.0,0.0,0.0,0.0,0.0,0.0,0.0,0.0,0.0,0.0,0.0,0.0,0.13858386874198914,0.07303355634212494,0.0017942562794814876,17.762744903564453,141,nan,-1.0,True,,False,0.010050058364868164,0.0,0.010050058364868164,100.0,100.0,1.0,0.0,0.0,0.0,0.0,0.0
670,69.95301818847656,-0.0,0.0,-0.0,69.95301818847656,0.012518882751464844,3.3641295433044434,0.5773442983627319,-0.0,0.0,0.0,0.0,0.0,0.0,0.0,0.0,0.0,0.0,0.0,0.0,0.023000000044703484,0.023000000044703484,0.02,0.15,0.0,0.0,0.0,0.0,0.0,0.0,0.0,0.0,0.0,0.0,0.0,0.0,0.13889065384864807,0.0728398784995079,0.0015416100809488853,17.762744903564453,141,nan,-1.0,True,,False,0.010050058364868164,0.0,0.010050058364868164,100.0,100.0,1.0,0.0,0.0,0.0,0.0,0.0
671,150.69895935058594,-0.0,0.0,-0.0,150.69895935058594,0.002171482890844345,3.350714683532715,0.5772166848182678,-0.0,0.0,0.0,0.0,0.0,0.0,0.0,0.0,0.0,0.0,0.0,0.0,0.023000000044703484,0.023000000044703484,0.02,0.15,0.0,0.0,0.0,0.0,0.0,0.0,0.0,0.0,0.0,0.0,0.0,0.0,0.13919860124588013,0.07266127318143845,0.0010173442778977915,17.762744903564453,141,nan,-1.0,True,,False,0.010050058364868164,0.0,0.010050058364868164,100.0,100.0,1.0,0.0,0.0,0.0,0.0,0.0
672,59.28684616088867,-0.0,0.0,-0.0,59.28684616088867,0.01684591732919216,3.337174415588379,0.5770523548126221,-0.0,0.0,0.0,0.0,0.0,0.0,0.0,0.0,0.0,0.0,0.0,0.0,0.023000000044703484,0.023000000044703484,0.02,0.15,0.0,0.0,0.0,0.0,0.0,0.0,0.0,0.0,0.0,0.0,0.0,0.0,0.13950307667255402,0.0723554715514183,0.0010261377447022824,17.762744903564453,141,nan,-1.0,True,,False,0.010050058364868164,0.0,0.010050058364868164,100.0,100.0,1.0,0.0,0.0,0.0,0.0,0.0
673,36.56977081298828,-0.0,0.0,-0.0,36.56977081298828,0.03533881902694702,3.3234663009643555,0.5768921971321106,-0.0,0.0,0.0,0.0,0.0,0.0,0.0,0.0,0.0,0.0,0.0,0.0,0.023000000044703484,0.023000000044703484,0.02,0.15,0.0,0.0,0.0,0.0,0.0,0.0,0.0,0.0,0.0,0.0,0.0,0.0,0.1398058831691742,0.07198712974786758,0.0010342728978685045,17.762744903564453,141,nan,-1.0,True,,False,0.010050058364868164,0.0,0.010050058364868164,100.0,100.0,1.0,0.0,0.0,0.0,0.0,0.0
674,26.14759063720703,-0.0,0.0,-0.0,26.14759063720703,0.05374721437692642,3.309515953063965,0.5767403841018677,-0.0,0.0,0.0,0.0,0.0,0.0,0.0,0.0,0.0,0.0,0.0,0.0,0.023000000044703484,0.023000000044703484,0.02,0.15,0.0,0.0,0.0,0.0,0.0,0.0,0.0,0.0,0.0,0.0,0.0,0.0,0.14011070132255554,0.07160274684429169,0.0018474721828170004,17.762744903564453,141,nan,-1.0,True,,False,0.010050058364868164,0.0,0.010050058364868164,100.0,100.0,1.0,0.0,0.0,0.0,0.0,0.0
675,25.500829696655273,-0.0,0.0,-0.0,25.500829696655273,0.05529847741127014,3.2952399253845215,0.5766192674636841,-0.0,0.0,0.0,0.0,0.0,0.0,0.0,0.0,0.0,0.0,0.0,0.0,0.023000000044703484,0.023000000044703484,0.02,0.14999999999999997,0.0,0.0,0.0,0.0,0.0,0.0,0.0,0.0,0.0,0.0,0.0,0.0,0.14039859175682068,0.07123176753520966,0.0016963031994237099,17.762744903564453,141,nan,-1.0,True,,False,0.010050058364868164,0.0,0.010050058364868164,100.0,100.0,1.0,0.0,0.0,0.0,0.0,0.0
676,29.73434066772461,-0.0,0.0,-0.0,29.73434066772461,0.04612812027335167,3.2811808586120605,0.5765196084976196,-0.0,0.0,0.0,0.0,0.0,0.0,0.0,0.0,0.0,0.0,0.0,0.0,0.023000000044703484,0.023000000044703484,0.02,0.15,0.0,0.0,0.0,0.0,0.0,0.0,0.0,0.0,0.0,0.0,0.0,0.0,0.140680730342865,0.07084117829799652,0.0016726196604395227,17.762744903564453,141,nan,-1.0,True,,False,0.010050058364868164,0.0,0.010050058364868164,100.0,100.0,1.0,0.0,0.0,0.0,0.0,0.0
677,34.67792892456055,-0.0,0.0,-0.0,34.67792892456055,0.03792479634284973,3.2673845291137695,0.5764381885528564,-0.0,0.0,0.0,0.0,0.0,0.0,0.0,0.0,0.0,0.0,0.0,0.0,0.023000000044703484,0.023000000044703484,0.02,0.15,0.0,0.0,0.0,0.0,0.0,0.0,0.0,0.0,0.0,0.0,0.0,0.0,0.1409623622894287,0.0704370066523552,0.0016311944491462782,17.762744903564453,141,nan,-1.0,True,,False,0.010050058364868164,0.0,0.010050058364868164,100.0,100.0,1.0,0.0,0.0,0.0,0.0,0.0
678,40.321632385253906,-0.0,0.0,-0.0,40.321632385253906,0.030834175646305084,3.253887176513672,0.5763581991195679,-0.0,0.0,0.0,0.0,0.0,0.0,0.0,0.0,0.0,0.0,0.0,0.0,0.023000000044703484,0.023000000044703484,0.02,0.15,0.0,0.0,0.0,0.0,0.0,0.0,0.0,0.0,0.0,0.0,0.0,0.0,0.14124439656734467,0.07003390043973923,0.0015602167827637459,17.762744903564453,141,nan,-1.0,True,,False,0.010050058364868164,0.0,0.010050058364868164,100.0,100.0,1.0,0.0,0.0,0.0,0.0,0.0
679,46.63933563232422,-0.0,0.0,-0.0,46.63933563232422,0.024869155138731003,3.240682601928711,0.5762945413589478,-0.0,0.0,0.0,0.0,0.0,0.0,0.0,0.0,0.0,0.0,0.0,0.0,0.023000000044703484,0.023000000044703484,0.02,0.15,0.0,0.0,0.0,0.0,0.0,0.0,0.0,0.0,0.0,0.0,0.0,0.0,0.1415240317583084,0.0696280300617218,0.0014494774059130577,17.762744903564453,141,nan,-1.0,True,,False,0.010050058364868164,0.0,0.010050058364868164,100.0,100.0,1.0,0.0,0.0,0.0,0.0,0.0
680,53.285343170166016,-0.0,0.0,-0.0,53.285343170166016,0.02014172077178955,3.2277956008911133,0.5762361884117126,-0.0,0.0,0.0,0.0,0.0,0.0,0.0,0.0,0.0,0.0,0.0,0.0,0.023000000044703484,0.023000000044703484,0.02,0.15,0.0,0.0,0.0,0.0,0.0,0.0,0.0,0.0,0.0,0.0,0.0,0.0,0.14180175960063934,0.06921979039907455,0.0013492466569005046,17.762744903564453,141,nan,-1.0,True,,False,0.010050058364868164,0.0,0.010050058364868164,100.0,100.0,1.0,0.0,0.0,0.0,0.0,0.0
681,59.131736755371094,-0.0,0.0,-0.0,59.131736755371094,0.01691298931837082,3.215373992919922,0.5761831998825073,-0.0,0.0,0.0,0.0,0.0,0.0,0.0,0.0,0.0,0.0,0.0,0.0,0.023000000044703484,0.023000000044703484,0.02,0.15,0.0,0.0,0.0,0.0,0.0,0.0,0.0,0.0,0.0,0.0,0.0,0.0,0.14207866787910461,0.06880868971347809,0.0012228102359586046,17.762744903564453,141,nan,-1.0,True,,False,0.010050058364868164,0.0,0.010050058364868164,100.0,100.0,1.0,0.0,0.0,0.0,0.0,0.0
682,62.49929428100586,-0.0,0.0,-0.0,62.49929428100586,0.01535632275044918,3.2033424377441406,0.5761441588401794,-0.0,0.0,0.0,0.0,0.0,0.0,0.0,0.0,0.0,0.0,0.0,0.0,0.023000000044703484,0.023000000044703484,0.02,0.15,0.0,0.0,0.0,0.0,0.0,0.0,0.0,0.0,0.0,0.0,0.0,0.0,0.14235475659370422,0.06839380413293839,0.0010785131107695634,17.762744903564453,141,nan,-1.0,True,,False,0.010050058364868164,0.0,0.010050058364868164,100.0,100.0,1.0,0.0,0.0,0.0,0.0,0.0
683,61.517433166503906,-0.0,0.0,-0.0,61.517433166503906,0.01579648070037365,3.1917152404785156,0.5761053562164307,-0.0,0.0,0.0,0.0,0.0,0.0,0.0,0.0,0.0,0.0,0.0,0.0,0.023000000044703484,0.023000000044703484,0.02,0.15,0.0,0.0,0.0,0.0,0.0,0.0,0.0,0.0,0.0,0.0,0.0,0.0,0.14262908697128296,0.06797903031110764,0.0009195856082442333,17.762744903564453,141,nan,-1.0,True,,False,0.010050058364868164,0.0,0.010050058364868164,100.0,100.0,1.0,0.0,0.0,0.0,0.0,0.0
684,57.529537200927734,-0.0,0.0,-0.0,57.529537200927734,0.017744284123182297,3.180482864379883,0.5760642290115356,-0.0,0.0,0.0,0.0,0.0,0.0,0.0,0.0,0.0,0.0,0.0,0.0,0.023000000044703484,0.023000000044703484,0.02,0.15,0.0,0.0,0.0,0.0,0.0,0.0,0.0,0.0,0.0,0.0,0.0,0.0,0.14289988577365875,0.0675630196928978,0.0007505111593673064,17.762744903564453,141,nan,-1.0,True,,False,0.010050058364868164,0.0,0.010050058364868164,100.0,100.0,1.0,0.0,0.0,0.0,0.0,0.0
685,50.86109924316406,-0.0,0.0,-0.0,50.86109924316406,0.021753951907157898,3.169741630554199,0.5760111212730408,-0.0,0.0,0.0,0.0,0.0,0.0,0.0,0.0,0.0,0.0,0.0,0.0,0.023000000044703484,0.023000000044703484,0.02,0.15,0.0,0.0,0.0,0.0,0.0,0.0,0.0,0.0,0.0,0.0,0.0,0.0,0.14317835867404938,0.06714621931314468,0.0005670992341038072,17.762744903564453,141,nan,-1.0,True,,False,0.010050058364868164,0.0,0.010050058364868164,100.0,100.0,1.0,0.0,0.0,0.0,0.0,0.0
686,64.75323486328125,-0.0,0.0,-0.0,64.75323486328125,0.014432573691010475,3.1594018936157227,0.5759794116020203,-0.0,0.0,0.0,0.0,0.0,0.0,0.0,0.0,0.0,0.0,0.0,0.0,0.023000000044703484,0.023000000044703484,0.02,0.15,0.0,0.0,0.0,0.0,0.0,0.0,0.0,0.0,0.0,0.0,0.0,0.0,0.14345790445804596,0.06673038005828857,0.0016831492662277014,17.762744903564453,141,nan,-1.0,True,,False,0.010050058364868164,0.0,0.010050058364868164,100.0,100.0,1.0,0.0,0.0,0.0,0.0,0.0
687,107.63798522949219,-0.0,0.0,-0.0,107.63798522949219,0.005086267367005348,3.149416923522949,0.5759700536727905,-0.0,0.0,0.0,0.0,0.0,0.0,0.0,0.0,0.0,0.0,0.0,0.0,0.023000000044703484,0.023000000044703484,0.02,0.15,0.0,0.0,0.0,0.0,0.0,0.0,0.0,0.0,0.0,0.0,0.0,0.0,0.14375372231006622,0.06628946214914322,0.001754284121489036,17.762744903564453,141,nan,-1.0,True,,False,0.010050058364868164,0.0,0.010050058364868164,100.0,100.0,1.0,0.0,0.0,0.0,0.0,0.0
688,112.94397735595703,-0.0,0.0,-0.0,112.94397735595703,0.00454351119697094,3.1397523880004883,0.5759392976760864,-0.0,0.0,0.0,0.0,0.0,0.0,0.0,0.0,0.0,0.0,0.0,0.0,0.023000000044703484,0.023000000044703484,0.02,0.15,0.0,0.0,0.0,0.0,0.0,0.0,0.0,0.0,0.0,0.0,0.0,0.0,0.14406231045722961,0.06581978499889374,0.002237808870177105,17.762744903564453,141,nan,-1.0,True,,False,0.010050058364868164,0.0,0.010050058364868164,100.0,100.0,1.0,0.0,0.0,0.0,0.0,0.0
689,81.78870391845703,-0.0,0.0,-0.0,81.78870391845703,0.009240956977009773,3.1307148933410645,0.5758925676345825,-0.0,0.0,0.0,0.0,0.0,0.0,0.0,0.0,0.0,0.0,0.0,0.0,0.023000000044703484,0.023000000044703484,0.02,0.15000000000000002,0.0,0.0,0.0,0.0,0.0,0.0,0.0,0.0,0.0,0.0,0.0,0.0,0.14437991380691528,0.06532392650842667,0.0018170860062127758,17.762744903564453,141,nan,-1.0,True,,False,0.010050058364868164,0.0,0.010050058364868164,100.0,100.0,1.0,0.0,0.0,0.0,0.0,0.0
690,181.34059143066406,-0.0,0.0,-0.0,181.34059143066406,0.0012749293819069862,3.121774196624756,0.5758402347564697,-0.0,0.0,0.0,0.0,0.0,0.0,0.0,0.0,0.0,0.0,0.0,0.0,0.023000000044703484,0.023000000044703484,0.02,0.15,0.0,0.0,0.0,0.0,0.0,0.0,0.0,0.0,0.0,0.0,0.0,0.0,0.1447100192308426,0.06479623168706894,0.0018232912298117299,17.762744903564453,141,nan,-1.0,True,,False,0.010050058364868164,0.0,0.010050058364868164,100.0,100.0,1.0,0.0,0.0,0.0,0.0,0.0
691,83.1118392944336,-0.0,0.0,-0.0,83.1118392944336,0.008947375230491161,3.1127548217773438,0.5757871866226196,-0.0,0.0,0.0,0.0,0.0,0.0,0.0,0.0,0.0,0.0,0.0,0.0,0.023000000044703484,0.023000000044703484,0.02,0.15,0.0,0.0,0.0,0.0,0.0,0.0,0.0,0.0,0.0,0.0,0.0,0.0,0.14502373337745667,0.0642799586057663,0.0018393404420748993,17.762744903564453,141,nan,-1.0,True,,False,0.010050058364868164,0.0,0.010050058364868164,100.0,100.0,1.0,0.0,0.0,0.0,0.0,0.0
692,82.56146240234375,-0.0,0.0,-0.0,82.56146240234375,0.009074408560991287,3.1035304069519043,0.5757554769515991,-0.0,0.0,0.0,0.0,0.0,0.0,0.0,0.0,0.0,0.0,0.0,0.0,0.023000000044703484,0.023000000044703484,0.02,0.15,0.0,0.0,0.0,0.0,0.0,0.0,0.0,0.0,0.0,0.0,0.0,0.0,0.14531831443309784,0.06377259641885757,0.0019153569405716553,17.762744903564453,141,nan,-1.0,True,,False,0.010050058364868164,0.0,0.010050058364868164,100.0,100.0,1.0,0.0,0.0,0.0,0.0,0.0
693,155.2528533935547,-0.0,0.0,-0.0,155.2528533935547,0.002002575434744358,3.094473361968994,0.5757191181182861,-0.0,0.0,0.0,0.0,0.0,0.0,0.0,0.0,0.0,0.0,0.0,0.0,0.023000000044703484,0.023000000044703484,0.02,0.15000000000000002,0.0,0.0,0.0,0.0,0.0,0.0,0.0,0.0,0.0,0.0,0.0,0.0,0.14559383690357208,0.0632748231291771,0.0009015485529744183,17.762744903564453,141,nan,-1.0,True,,False,0.010050058364868164,0.0,0.010050058364868164,100.0,100.0,1.0,0.0,0.0,0.0,0.0,0.0
694,97.15727233886719,-0.0,0.0,-0.0,97.15727233886719,0.006424866616725922,3.0856361389160156,0.5756388902664185,-0.0,0.0,0.0,0.0,0.0,0.0,0.0,0.0,0.0,0.0,0.0,0.0,0.023000000044703484,0.023000000044703484,0.02,0.15,0.0,0.0,0.0,0.0,0.0,0.0,0.0,0.0,0.0,0.0,0.0,0.0,0.14585214853286743,0.06277358531951904,0.0009266556844522711,17.762744903564453,141,nan,-1.0,True,,False,0.010050058364868164,0.0,0.010050058364868164,100.0,100.0,1.0,0.0,0.0,0.0,0.0,0.0
695,130.80859375,-0.0,0.0,-0.0,130.80859375,0.0031621260568499565,3.0767064094543457,0.5755314230918884,-0.0,0.0,0.0,0.0,0.0,0.0,0.0,0.0,0.0,0.0,0.0,0.0,0.023000000044703484,0.023000000044703484,0.02,0.15,0.0,0.0,0.0,0.0,0.0,0.0,0.0,0.0,0.0,0.0,0.0,0.0,0.14609864354133606,0.06227261200547218,0.0008723037940399081,17.762744903564453,141,nan,-1.0,True,,False,0.010050058364868164,0.0,0.010050058364868164,100.0,100.0,1.0,0.0,0.0,0.0,0.0,0.0
696,219.33624267578125,-0.0,0.0,-0.0,219.33624267578125,0.0006983417551964521,3.0680971145629883,0.5754373073577881,-0.0,0.0,0.0,0.0,0.0,0.0,0.0,0.0,0.0,0.0,0.0,0.0,0.023000000044703484,0.023000000044703484,0.02,0.15,0.0,0.0,0.0,0.0,0.0,0.0,0.0,0.0,0.0,0.0,0.0,0.0,0.14633792638778687,0.06177964061498642,0.000782507468102267,17.762744903564453,141,nan,-1.0,True,,False,0.010050058364868164,0.0,0.010050058364868164,100.0,100.0,1.0,0.0,0.0,0.0,0.0,0.0
697,123.75118255615234,-0.0,0.0,-0.0,123.75118255615234,0.0036355480551719666,3.059563636779785,0.5753374695777893,-0.0,0.0,0.0,0.0,0.0,0.0,0.0,0.0,0.0,0.0,0.0,0.0,0.023000000044703484,0.023000000044703484,0.02,0.15,0.0,0.0,0.0,0.0,0.0,0.0,0.0,0.0,0.0,0.0,0.0,0.0,0.14656400680541992,0.06132207810878754,0.0006746406793354254,17.762744903564453,141,nan,-1.0,True,,False,0.010050058364868164,0.0,0.010050058364868164,100.0,100.0,1.0,0.0,0.0,0.0,0.0,0.0
698,97.06846618652344,-0.0,0.0,-0.0,97.06846618652344,0.006426745094358921,3.050281524658203,0.5752437114715576,-0.0,0.0,0.0,0.0,0.0,0.0,0.0,0.0,0.0,0.0,0.0,0.0,0.023000000044703484,0.023000000044703484,0.02,0.15,0.0,0.0,0.0,0.0,0.0,0.0,0.0,0.0,0.0,0.0,0.0,0.0,0.14678232371807098,0.060880664736032486,0.0019792058983512106,17.762744903564453,141,nan,-1.0,True,,False,0.010050058364868164,0.0,0.010050058364868164,100.0,100.0,1.0,0.0,0.0,0.0,0.0,0.0
699,95.93329620361328,-0.0,0.0,-0.0,95.93329620361328,0.00659400736913085,3.0397658348083496,0.5751515030860901,-0.0,0.0,0.0,0.0,0.0,0.0,0.0,0.0,0.0,0.0,0.0,0.0,0.023000000044703484,0.023000000044703484,0.02,0.15,0.0,0.0,0.0,0.0,0.0,0.0,0.0,0.0,0.0,0.0,0.0,0.0,0.1469842493534088,0.06046461686491966,0.0017223061522599892,17.762744903564453,141,nan,-1.0,True,,False,0.010050058364868164,0.0,0.010050058364868164,100.0,100.0,1.0,0.0,0.0,0.0,0.0,0.0
700,115.59546661376953,-0.0,0.0,-0.0,115.59546661376953,0.004293515346944332,3.028364658355713,0.5750507116317749,-0.0,0.0,0.0,0.0,0.0,0.0,0.0,0.0,0.0,0.0,0.0,0.0,0.023000000044703484,0.023000000044703484,0.02,0.15,0.0,0.0,0.0,0.0,0.0,0.0,0.0,0.0,0.0,0.0,0.0,0.0,0.14718355238437653,0.06006256490945816,0.0017151910892607702,17.762744903564453,141,nan,-1.0,True,,False,0.010050058364868164,0.0,0.010050058364868164,100.0,100.0,1.0,0.0,0.0,0.0,0.0,0.0
701,212.7243194580078,-0.0,0.0,-0.0,212.7243194580078,0.0007714508101344109,3.016645908355713,0.5749350190162659,-0.0,0.0,0.0,0.0,0.0,0.0,0.0,0.0,0.0,0.0,0.0,0.0,0.023000000044703484,0.023000000044703484,0.02,0.15,0.0,0.0,0.0,0.0,0.0,0.0,0.0,0.0,0.0,0.0,0.0,0.0,0.14737698435783386,0.05968327075242996,0.0017210235523634765,17.762744903564453,141,nan,-1.0,True,,False,0.010050058364868164,0.0,0.010050058364868164,100.0,100.0,1.0,0.0,0.0,0.0,0.0,0.0
702,172.42953491210938,-0.0,0.0,-0.0,172.42953491210938,0.0014783932128921151,3.0038013458251953,0.5748119354248047,-0.0,0.0,0.0,0.0,0.0,0.0,0.0,0.0,0.0,0.0,0.0,0.0,0.023000000044703484,0.023000000044703484,0.02,0.15,0.0,0.0,0.0,0.0,0.0,0.0,0.0,0.0,0.0,0.0,0.0,0.0,0.14756454527378082,0.059293508529663086,0.0017120433763011533,17.762744903564453,141,nan,-1.0,True,,False,0.010050058364868164,0.0,0.010050058364868164,100.0,100.0,1.0,0.0,0.0,0.0,0.0,0.0
703,104.24794006347656,-0.0,0.0,-0.0,104.24794006347656,0.005467528011649847,2.9909353256225586,0.574691891670227,-0.0,0.0,0.0,0.0,0.0,0.0,0.0,0.0,0.0,0.0,0.0,0.0,0.023000000044703484,0.023000000044703484,0.02,0.15000000000000002,0.0,0.0,0.0,0.0,0.0,0.0,0.0,0.0,0.0,0.0,0.0,0.0,0.14775168895721436,0.05897903814911842,0.001746168000408943,17.762744903564453,141,nan,-1.0,True,,False,0.010050058364868164,0.0,0.010050058364868164,100.0,100.0,1.0,0.0,0.0,0.0,0.0,0.0
704,81.05919647216797,-0.0,0.0,-0.0,81.05919647216797,0.00939098745584488,2.977994918823242,0.5745896100997925,-0.0,0.0,0.0,0.0,0.0,0.0,0.0,0.0,0.0,0.0,0.0,0.0,0.023000000044703484,0.023000000044703484,0.02,0.15,0.0,0.0,0.0,0.0,0.0,0.0,0.0,0.0,0.0,0.0,0.0,0.0,0.14793984591960907,0.058677107095718384,0.001743330172757851,17.762744903564453,141,nan,-1.0,True,,False,0.010050058364868164,0.0,0.010050058364868164,100.0,100.0,1.0,0.0,0.0,0.0,0.0,0.0
705,81.33386993408203,-0.0,0.0,-0.0,81.33386993408203,0.00932779349386692,2.965057373046875,0.5744637846946716,-0.0,0.0,0.0,0.0,0.0,0.0,0.0,0.0,0.0,0.0,0.0,0.0,0.023000000044703484,0.023000000044703484,0.02,0.15,0.0,0.0,0.0,0.0,0.0,0.0,0.0,0.0,0.0,0.0,0.0,0.0,0.14812512695789337,0.05842668190598488,0.002281040573507198,17.762744903564453,141,nan,-1.0,True,,False,0.010050058364868164,0.0,0.010050058364868164,100.0,100.0,1.0,0.0,0.0,0.0,0.0,0.0
706,100.57484436035156,-0.0,0.0,-0.0,100.57484436035156,0.005932286381721497,2.9520039558410645,0.5743356347084045,-0.0,0.0,0.0,0.0,0.0,0.0,0.0,0.0,0.0,0.0,0.0,0.0,0.023000000044703484,0.023000000044703484,0.02,0.15,0.0,0.0,0.0,0.0,0.0,0.0,0.0,0.0,0.0,0.0,0.0,0.0,0.14831024408340454,0.05817415565252304,0.002263189246150432,17.762744903564453,141,nan,-1.0,True,,False,0.010050058364868164,0.0,0.010050058364868164,100.0,100.0,1.0,0.0,0.0,0.0,0.0,0.0
707,126.63203430175781,-0.0,0.0,-0.0,126.63203430175781,0.0034287376329302788,2.9387893676757812,0.5742066502571106,-0.0,0.0,0.0,0.0,0.0,0.0,0.0,0.0,0.0,0.0,0.0,0.0,0.023000000044703484,0.023000000044703484,0.02,0.15,0.0,0.0,0.0,0.0,0.0,0.0,0.0,0.0,0.0,0.0,0.0,0.0,0.14849334955215454,0.05759131908416748,0.002229327366421785,17.762744903564453,141,nan,-1.0,True,,False,0.010050058364868164,0.0,0.010050058364868164,100.0,100.0,1.0,0.0,0.0,0.0,0.0,0.0
708,139.318359375,-0.0,0.0,-0.0,139.318359375,0.0026820835191756487,2.9259347915649414,0.5740846991539001,-0.0,0.0,0.0,0.0,0.0,0.0,0.0,0.0,0.0,0.0,0.0,0.0,0.023000000044703484,0.023000000044703484,0.02,0.14999999999999997,0.0,0.0,0.0,0.0,0.0,0.0,0.0,0.0,0.0,0.0,0.0,0.0,0.1486770361661911,0.05679405853152275,0.002190452937156806,17.762744903564453,141,nan,-1.0,True,,False,0.010050058364868164,0.0,0.010050058364868164,100.0,100.0,1.0,0.0,0.0,0.0,0.0,0.0
709,200.7694091796875,-0.0,0.0,-0.0,200.7694091796875,0.0009304615668952465,2.912961959838867,0.5739519596099854,-0.0,0.0,0.0,0.0,0.0,0.0,0.0,0.0,0.0,0.0,0.0,0.0,0.023000000044703484,0.023000000044703484,0.02,0.15,0.0,0.0,0.0,0.0,0.0,0.0,0.0,0.0,0.0,0.0,0.0,0.0,0.1488655060529709,0.055999282747507095,0.001691689535164187,17.762744903564453,141,nan,-1.0,True,,False,0.010050058364868164,0.0,0.010050058364868164,100.0,100.0,1.0,0.0,0.0,0.0,0.0,0.0
710,166.9822235107422,-0.0,0.0,-0.0,166.9822235107422,0.0016259924741461873,2.900132656097412,0.5738035440444946,-0.0,0.0,0.0,0.0,0.0,0.0,0.0,0.0,0.0,0.0,0.0,0.0,0.023000000044703484,0.023000000044703484,0.02,0.15,0.0,0.0,0.0,0.0,0.0,0.0,0.0,0.0,0.0,0.0,0.0,0.0,0.14905598759651184,0.055377960205078125,0.0016465252679154219,17.762744903564453,141,nan,-1.0,True,,False,0.010050058364868164,0.0,0.010050058364868164,100.0,100.0,1.0,0.0,0.0,0.0,0.0,0.0
711,120.62957763671875,-0.0,0.0,-0.0,120.62957763671875,0.00387148791924119,2.886650562286377,0.5736525058746338,-0.0,0.0,0.0,0.0,0.0,0.0,0.0,0.0,0.0,0.0,0.0,0.0,0.023000000044703484,0.023000000044703484,0.02,0.15,0.0,0.0,0.0,0.0,0.0,0.0,0.0,0.0,0.0,0.0,0.0,0.0,0.14924253523349762,0.05480780452489853,0.0019907125424651895,17.762744903564453,141,nan,-1.0,True,,False,0.010050058364868164,0.0,0.010050058364868164,100.0,100.0,1.0,0.0,0.0,0.0,0.0,0.0
712,135.61590576171875,-0.0,0.0,-0.0,135.61590576171875,0.0028750081546604633,2.8730850219726562,0.5735154747962952,-0.0,0.0,0.0,0.0,0.0,0.0,0.0,0.0,0.0,0.0,0.0,0.0,0.023000000044703484,0.023000000044703484,0.02,0.15,0.0,0.0,0.0,0.0,0.0,0.0,0.0,0.0,0.0,0.0,0.0,0.0,0.14943036437034607,0.05423165112733841,0.0023075570347828034,17.762744903564453,141,nan,-1.0,True,,False,0.010050058364868164,0.0,0.010050058364868164,100.0,100.0,1.0,0.0,0.0,0.0,0.0,0.0
713,162.15383911132812,-0.0,0.0,-0.0,162.15383911132812,0.0017654708353802562,2.8593087196350098,0.5734017491340637,-0.0,0.0,0.0,0.0,0.0,0.0,0.0,0.0,0.0,0.0,0.0,0.0,0.023000000044703484,0.023000000044703484,0.02,0.15,0.0,0.0,0.0,0.0,0.0,0.0,0.0,0.0,0.0,0.0,0.0,0.0,0.14960245788097382,0.053586505353450775,0.002322679460121435,17.762744903564453,141,nan,-1.0,True,,False,0.010050058364868164,0.0,0.010050058364868164,100.0,100.0,1.0,0.0,0.0,0.0,0.0,0.0
714,182.8594512939453,-0.0,0.0,-0.0,182.8594512939453,0.0012400385458022356,2.8449621200561523,0.5732822418212891,-0.0,0.0,0.0,0.0,0.0,0.0,0.0,0.0,0.0,0.0,0.0,0.0,0.023000000044703484,0.023000000044703484,0.02,0.15,0.0,0.0,0.0,0.0,0.0,0.0,0.0,0.0,0.0,0.0,0.0,0.0,0.1497594714164734,0.052960511296987534,0.002394612791704276,17.762744903564453,141,nan,-1.0,True,,False,0.010050058364868164,0.0,0.010050058364868164,100.0,100.0,1.0,0.0,0.0,0.0,0.0,0.0
715,203.21142578125,-0.0,0.0,-0.0,203.21142578125,0.00089300237596035,2.830209255218506,0.5731554627418518,-0.0,0.0,0.0,0.0,0.0,0.0,0.0,0.0,0.0,0.0,0.0,0.0,0.023000000044703484,0.023000000044703484,0.02,0.15,0.0,0.0,0.0,0.0,0.0,0.0,0.0,0.0,0.0,0.0,0.0,0.0,0.1499003916978836,0.052382245659828186,0.002448334174914635,17.762744903564453,141,nan,-1.0,True,,False,0.010050058364868164,0.0,0.010050058364868164,100.0,100.0,1.0,0.0,0.0,0.0,0.0,0.0
716,233.5626983642578,-0.0,0.0,-0.0,233.5626983642578,0.0005642677424475551,2.8152270317077637,0.5730311870574951,-0.0,0.0,0.0,0.0,0.0,0.0,0.0,0.0,0.0,0.0,0.0,0.0,0.023000000044703484,0.023000000044703484,0.02,0.15,0.0,0.0,0.0,0.0,0.0,0.0,0.0,0.0,0.0,0.0,0.0,0.0,0.1500261425971985,0.05185273289680481,0.002487836492491624,17.762744903564453,141,nan,-1.0,True,,False,0.010050058364868164,0.0,0.010050058364868164,100.0,100.0,1.0,0.0,0.0,0.0,0.0,0.0
717,200.42636108398438,-0.0,0.0,-0.0,200.42636108398438,0.0009322312544099987,2.7998647689819336,0.5727604031562805,-0.0,0.0,0.0,0.0,0.0,0.0,0.0,0.0,0.0,0.0,0.0,0.0,0.023000000044703484,0.023000000044703484,0.02,0.15,0.0,0.0,0.0,0.0,0.0,0.0,0.0,0.0,0.0,0.0,0.0,0.0,0.1501377671957016,0.05141812562942505,0.0025081185613089474,17.762744903564453,141,nan,-1.0,True,,False,0.010050058364868164,0.0,0.010050058364868164,100.0,100.0,1.0,0.0,0.0,0.0,0.0,0.0
718,199.46083068847656,-0.0,0.0,-0.0,199.46083068847656,0.0009463947499170899,2.7838330268859863,0.5725139379501343,-0.0,0.0,0.0,0.0,0.0,0.0,0.0,0.0,0.0,0.0,0.0,0.0,0.023000000044703484,0.023000000044703484,0.02,0.15,0.0,0.0,0.0,0.0,0.0,0.0,0.0,0.0,0.0,0.0,0.0,0.0,0.1502389907836914,0.051236387342214584,0.0016259547410300002,17.762744903564453,141,nan,-1.0,True,,False,0.010050058364868164,0.0,0.010050058364868164,100.0,100.0,1.0,0.0,0.0,0.0,0.0,0.0
719,151.50978088378906,-0.0,0.0,-0.0,151.50978088378906,0.0021294718608260155,2.767641544342041,0.5722898840904236,-0.0,0.0,0.0,0.0,0.0,0.0,0.0,0.0,0.0,0.0,0.0,0.0,0.023000000044703484,0.023000000044703484,0.02,0.15,0.0,0.0,0.0,0.0,0.0,0.0,0.0,0.0,0.0,0.0,0.0,0.0,0.15033727884292603,0.051598068326711655,0.0027169853392479126,17.762744903564453,141,nan,-1.0,True,,False,0.010050058364868164,0.0,0.010050058364868164,100.0,100.0,1.0,0.0,0.0,0.0,0.0,0.0
720,145.03253173828125,-0.0,0.0,-0.0,145.03253173828125,0.0023969553876668215,2.7506484985351562,0.5720375180244446,-0.0,0.0,0.0,0.0,0.0,0.0,0.0,0.0,0.0,0.0,0.0,0.0,0.023000000044703484,0.023000000044703484,0.02,0.15,0.0,0.0,0.0,0.0,0.0,0.0,0.0,0.0,0.0,0.0,0.0,0.0,0.1504550278186798,0.05266255512833595,0.002750797441422037,17.762744903564453,141,nan,-1.0,True,,False,0.010050058364868164,0.0,0.010050058364868164,100.0,100.0,1.0,0.0,0.0,0.0,0.0,0.0
721,132.8992462158203,-0.0,0.0,-0.0,132.8992462158203,0.0030148772057145834,2.7332334518432617,0.5717212557792664,-0.0,0.0,0.0,0.0,0.0,0.0,0.0,0.0,0.0,0.0,0.0,0.0,0.023000000044703484,0.023000000044703484,0.02,0.15,0.0,0.0,0.0,0.0,0.0,0.0,0.0,0.0,0.0,0.0,0.0,0.0,0.1505669802427292,0.05442091077566147,0.0008723735909370589,17.762744903564453,141,nan,-1.0,True,,False,0.010050058364868164,0.0,0.010050058364868164,100.0,100.0,1.0,0.0,0.0,0.0,0.0,0.0
722,128.99411010742188,-0.0,0.0,-0.0,128.99411010742188,0.0032516825012862682,2.731156826019287,0.5714902877807617,-0.0,0.0,0.0,0.0,0.0,0.0,0.0,0.0,0.0,0.0,0.0,0.0,0.023000000044703484,0.023000000044703484,0.02,0.15,0.0,0.0,0.0,0.0,0.0,0.0,0.0,0.0,0.0,0.0,0.0,0.0,0.15067768096923828,0.05672159790992737,0.0008720072796677414,17.762744903564453,141,nan,-1.0,True,,False,0.010050058364868164,0.0,0.010050058364868164,100.0,100.0,1.0,0.0,0.0,0.0,0.0,0.0
723,122.00588989257812,-0.0,0.0,-0.0,122.00588989257812,0.003737563034519553,2.754584312438965,0.5713633894920349,-0.0,0.0,0.0,0.0,0.0,0.0,0.0,0.0,0.0,0.0,0.0,0.0,0.023000000044703484,0.023000000044703484,0.02,0.15,0.0,0.0,0.0,0.0,0.0,0.0,0.0,0.0,0.0,0.0,0.0,0.0,0.15077508985996246,0.058659326285123825,0.0008376886289624963,17.762744903564453,141,nan,-1.0,True,,False,0.010050058364868164,0.0,0.010050058364868164,100.0,100.0,1.0,0.0,0.0,0.0,0.0,0.0
724,117.49909210205078,-0.0,0.0,-0.0,117.49909210205078,0.004097145516425371,2.779468059539795,0.5712454319000244,-0.0,0.0,0.0,0.0,0.0,0.0,0.0,0.0,0.0,0.0,0.0,0.0,0.023000000044703484,0.023000000044703484,0.02,0.15,0.0,0.0,0.0,0.0,0.0,0.0,0.0,0.0,0.0,0.0,0.0,0.0,0.15088410675525665,0.060913942754268646,0.000795569247657113,17.762744903564453,141,nan,-1.0,True,,False,0.010050058364868164,0.0,0.010050058364868164,100.0,100.0,1.0,0.0,0.0,0.0,0.0,0.0
725,138.98779296875,-0.0,0.0,-0.0,138.98779296875,0.002677719108760357,2.8052940368652344,0.5711688995361328,-0.0,0.0,0.0,0.0,0.0,0.0,0.0,0.0,0.0,0.0,0.0,0.0,0.023000000044703484,0.023000000044703484,0.02,0.15,0.0,0.0,0.0,0.0,0.0,0.0,0.0,0.0,0.0,0.0,0.0,0.0,0.15099234879016876,0.06320744007825851,0.0007718064466644137,17.762744903564453,141,nan,-1.0,True,,False,0.010050058364868164,0.0,0.010050058364868164,100.0,100.0,1.0,0.0,0.0,0.0,0.0,0.0
726,172.3003387451172,-0.0,0.0,-0.0,172.3003387451172,0.0014714922290295362,2.8327369689941406,0.5710862874984741,-0.0,0.0,0.0,0.0,0.0,0.0,0.0,0.0,0.0,0.0,0.0,0.0,0.023000000044703484,0.023000000044703484,0.02,0.15,0.0,0.0,0.0,0.0,0.0,0.0,0.0,0.0,0.0,0.0,0.0,0.0,0.15111032128334045,0.06587228924036026,0.0007080861882968748,17.762744903564453,141,nan,-1.0,True,,False,0.010050058364868164,0.0,0.010050058364868164,100.0,100.0,1.0,0.0,0.0,0.0,0.0,0.0
727,326.5720520019531,-0.0,0.0,-0.0,326.5720520019531,0.00016100773063953966,2.861751079559326,0.571068286895752,-0.0,0.0,0.0,0.0,0.0,0.0,0.0,0.0,0.0,0.0,0.0,0.0,0.023000000044703484,0.023000000044703484,0.02,0.15,0.0,0.0,0.0,0.0,0.0,0.0,0.0,0.0,0.0,0.0,0.0,0.0,0.15122032165527344,0.06741023063659668,0.0006490082414529752,17.762744903564453,141,nan,-1.0,True,,False,0.010050058364868164,0.0,0.010050058364868164,100.0,100.0,1.0,0.0,0.0,0.0,0.0,0.0
728,153.67990112304688,-0.0,0.0,-0.0,153.67990112304688,0.002040891209617257,2.8904242515563965,0.57108074426651,-0.0,0.0,0.0,0.0,0.0,0.0,0.0,0.0,0.0,0.0,0.0,0.0,0.023000000044703484,0.023000000044703484,0.02,0.15,0.0,0.0,0.0,0.0,0.0,0.0,0.0,0.0,0.0,0.0,0.0,0.0,0.15131650865077972,0.0688294768333435,0.0005969235048723931,17.762744903564453,141,nan,-1.0,True,,False,0.010050058364868164,0.0,0.010050058364868164,100.0,100.0,1.0,0.0,0.0,0.0,0.0,0.0
729,251.24819946289062,-0.0,0.0,-0.0,251.24819946289062,0.00043494830606505275,2.9193272590637207,0.5711219310760498,-0.0,0.0,0.0,0.0,0.0,0.0,0.0,0.0,0.0,0.0,0.0,0.0,0.023000000044703484,0.023000000044703484,0.02,0.15,0.0,0.0,0.0,0.0,0.0,0.0,0.0,0.0,0.0,0.0,0.0,0.0,0.15139900147914886,0.07009004801511765,0.0007420179204018496,17.762744903564453,141,nan,-1.0,True,,False,0.010050058364868164,0.0,0.010050058364868164,100.0,100.0,1.0,0.0,0.0,0.0,0.0,0.0
730,134.8769073486328,-0.0,0.0,-0.0,134.8769073486328,0.0028984539676457644,2.94832706451416,0.5711720585823059,-0.0,0.0,0.0,0.0,0.0,0.0,0.0,0.0,0.0,0.0,0.0,0.0,0.023000000044703484,0.023000000044703484,0.02,0.15,0.0,0.0,0.0,0.0,0.0,0.0,0.0,0.0,0.0,0.0,0.0,0.0,0.15148410201072693,0.07126439362764359,0.000792078680206032,17.762744903564453,141,nan,-1.0,True,,False,0.010050058364868164,0.0,0.010050058364868164,100.0,100.0,1.0,0.0,0.0,0.0,0.0,0.0
731,109.16178894042969,-0.0,0.0,-0.0,109.16178894042969,0.004887228831648827,2.9779462814331055,0.5712409615516663,-0.0,0.0,0.0,0.0,0.0,0.0,0.0,0.0,0.0,0.0,0.0,0.0,0.023000000044703484,0.023000000044703484,0.02,0.15,0.0,0.0,0.0,0.0,0.0,0.0,0.0,0.0,0.0,0.0,0.0,0.0,0.15157505869865417,0.07070474326610565,0.0008195089726541482,17.762744903564453,141,nan,-1.0,True,,False,0.010050058364868164,0.0,0.010050058364868164,100.0,100.0,1.0,0.0,0.0,0.0,0.0,0.0
732,109.07290649414062,-0.0,0.0,-0.0,109.07290649414062,0.004899202845990658,3.008695125579834,0.5713376998901367,-0.0,0.0,0.0,0.0,0.0,0.0,0.0,0.0,0.0,0.0,0.0,0.0,0.023000000044703484,0.023000000044703484,0.02,0.15,0.0,0.0,0.0,0.0,0.0,0.0,0.0,0.0,0.0,0.0,0.0,0.0,0.15167373418807983,0.07016569375991821,0.0006749662434231141,17.762744903564453,141,nan,-1.0,True,,False,0.010050058364868164,0.0,0.010050058364868164,100.0,100.0,1.0,0.0,0.0,0.0,0.0,0.0
733,246.0714874267578,-0.0,0.0,-0.0,246.0714874267578,0.0004687147738877684,3.0404415130615234,0.5714654922485352,-0.0,0.0,0.0,0.0,0.0,0.0,0.0,0.0,0.0,0.0,0.0,0.0,0.023000000044703484,0.023000000044703484,0.02,0.15,0.0,0.0,0.0,0.0,0.0,0.0,0.0,0.0,0.0,0.0,0.0,0.0,0.1517823338508606,0.0696263238787651,0.0006329629150059191,17.762744903564453,141,nan,-1.0,True,,False,0.010050058364868164,0.0,0.010050058364868164,100.0,100.0,1.0,0.0,0.0,0.0,0.0,0.0
734,160.08248901367188,-0.0,0.0,-0.0,160.08248901367188,0.0018249530112370849,3.073490619659424,0.5716239213943481,-0.0,0.0,0.0,0.0,0.0,0.0,0.0,0.0,0.0,0.0,0.0,0.0,0.023000000044703484,0.023000000044703484,0.02,0.15,0.0,0.0,0.0,0.0,0.0,0.0,0.0,0.0,0.0,0.0,0.0,0.0,0.15189912915229797,0.06910257786512375,0.000581864422201761,17.762744903564453,141,nan,-1.0,True,,False,0.010050058364868164,0.0,0.010050058364868164,100.0,100.0,1.0,0.0,0.0,0.0,0.0,0.0
735,219.96047973632812,-0.0,0.0,-0.0,219.96047973632812,0.0006895620026625693,3.106473922729492,0.5717946887016296,-0.0,0.0,0.0,0.0,0.0,0.0,0.0,0.0,0.0,0.0,0.0,0.0,0.023000000044703484,0.023000000044703484,0.02,0.15,0.0,0.0,0.0,0.0,0.0,0.0,0.0,0.0,0.0,0.0,0.0,0.0,0.15201333165168762,0.06861003488302231,0.000832191175504704,17.762744903564453,141,nan,-1.0,True,,False,0.010050058364868164,0.0,0.010050058364868164,100.0,100.0,1.0,0.0,0.0,0.0,0.0,0.0
736,136.99911499023438,-0.0,0.0,-0.0,136.99911499023438,0.0027883367147296667,3.1398773193359375,0.5718595385551453,-0.0,0.0,0.0,0.0,0.0,0.0,0.0,0.0,0.0,0.0,0.0,0.0,0.023000000044703484,0.023000000044703484,0.02,0.15,0.0,0.0,0.0,0.0,0.0,0.0,0.0,0.0,0.0,0.0,0.0,0.0,0.1521340161561966,0.06774583458900452,0.0008765432266955031,17.762744903564453,141,nan,-1.0,True,,False,0.010050058364868164,0.0,0.010050058364868164,100.0,100.0,1.0,0.0,0.0,0.0,0.0,0.0
737,106.88301086425781,-0.0,0.0,-0.0,106.88301086425781,0.005139545071870089,3.1724181175231934,0.5719483494758606,-0.0,0.0,0.0,0.0,0.0,0.0,0.0,0.0,0.0,0.0,0.0,0.0,0.023000000044703484,0.023000000044703484,0.02,0.15,0.0,0.0,0.0,0.0,0.0,0.0,0.0,0.0,0.0,0.0,0.0,0.0,0.15225206315517426,0.0665653795003891,0.0008884202661647578,17.762744903564453,141,nan,-1.0,True,,False,0.010050058364868164,0.0,0.010050058364868164,100.0,100.0,1.0,0.0,0.0,0.0,0.0,0.0
738,90.06366729736328,-0.0,0.0,-0.0,90.06366729736328,0.007515150588005781,3.2042179107666016,0.5720559358596802,-0.0,0.0,0.0,0.0,0.0,0.0,0.0,0.0,0.0,0.0,0.0,0.0,0.023000000044703484,0.023000000044703484,0.02,0.15,0.0,0.0,0.0,0.0,0.0,0.0,0.0,0.0,0.0,0.0,0.0,0.0,0.15236333012580872,0.06533578783273697,0.0008722892980586039,17.762744903564453,141,nan,-1.0,True,,False,0.010050058364868164,0.0,0.010050058364868164,100.0,100.0,1.0,0.0,0.0,0.0,0.0,0.0
739,80.29080963134766,-0.0,0.0,-0.0,80.29080963134766,0.009528948925435543,3.235106945037842,0.5721873044967651,-0.0,0.0,0.0,0.0,0.0,0.0,0.0,0.0,0.0,0.0,0.0,0.0,0.023000000044703484,0.023000000044703484,0.02,0.15000000000000002,0.0,0.0,0.0,0.0,0.0,0.0,0.0,0.0,0.0,0.0,0.0,0.0,0.1524697244167328,0.06427300721406937,0.0008499887821926677,17.762744903564453,141,nan,-1.0,True,,False,0.010050058364868164,0.0,0.010050058364868164,100.0,100.0,1.0,0.0,0.0,0.0,0.0,0.0
740,73.49237060546875,-0.0,0.0,-0.0,73.49237060546875,0.011340414173901081,3.2649025917053223,0.5723426938056946,-0.0,0.0,0.0,0.0,0.0,0.0,0.0,0.0,0.0,0.0,0.0,0.0,0.023000000044703484,0.023000000044703484,0.02,0.15,0.0,0.0,0.0,0.0,0.0,0.0,0.0,0.0,0.0,0.0,0.0,0.0,0.1525697261095047,0.06333790719509125,0.0006431811893889972,17.762744903564453,141,nan,-1.0,True,,False,0.010050058364868164,0.0,0.010050058364868164,100.0,100.0,1.0,0.0,0.0,0.0,0.0,0.0
741,71.11498260498047,-0.0,0.0,-0.0,71.11498260498047,0.012078182771801949,3.295222759246826,0.5725399851799011,-0.0,0.0,0.0,0.0,0.0,0.0,0.0,0.0,0.0,0.0,0.0,0.0,0.023000000044703484,0.023000000044703484,0.02,0.15,0.0,0.0,0.0,0.0,0.0,0.0,0.0,0.0,0.0,0.0,0.0,0.0,0.15266633033752441,0.06251287460327148,0.0006441813043238653,17.762744903564453,141,nan,-1.0,True,,False,0.010050058364868164,0.0,0.010050058364868164,100.0,100.0,1.0,0.0,0.0,0.0,0.0,0.0
742,64.66961669921875,-0.0,0.0,-0.0,64.66961669921875,0.014405272901058197,3.351961851119995,0.572763204574585,-0.0,0.0,0.0,0.0,0.0,0.0,0.0,0.0,0.0,0.0,0.0,0.0,0.023000000044703484,0.023000000044703484,0.02,0.15,0.0,0.0,0.0,0.0,0.0,0.0,0.0,0.0,0.0,0.0,0.0,0.0,0.15276114642620087,0.06189434230327606,0.0005701569580196519,17.762744903564453,141,nan,-1.0,True,,False,0.010050058364868164,0.0,0.010050058364868164,100.0,100.0,1.0,0.0,0.0,0.0,0.0,0.0
743,69.80403900146484,0.0,0.0,0.0,69.80403900146484,0.012529654428362846,3.400571823120117,0.5729597806930542,0.0,0.0,0.0,0.0,0.0,0.0,0.0,0.0,0.0,0.0,0.0,0.0,0.023000000044703484,0.023000000044703484,0.02,0.15,0.0,0.0,0.0,0.0,0.0,0.0,0.0,0.0,0.0,0.0,0.0,0.0,0.15285702049732208,0.061484187841415405,0.0005260371485746873,17.762744903564453,141,nan,-1.0,True,,False,0.010050058364868164,0.0,0.010050058364868164,100.0,100.0,1.0,0.0,0.0,0.0,0.0,0.0
744,75.15824890136719,0.0,0.0,0.0,75.15824890136719,0.010878552682697773,3.414719820022583,0.5730139017105103,0.0,0.0,0.0,0.0,0.0,0.0,0.0,0.0,0.0,0.0,0.0,0.0,0.023000000044703484,0.023000000044703484,0.02,0.15,0.0,0.0,0.0,0.0,0.0,0.0,0.0,0.0,0.0,0.0,0.0,0.0,0.15295381844043732,0.06120191887021065,0.0005537888678190939,17.762744903564453,141,nan,-1.0,True,,False,0.010050058364868164,0.0,0.010050058364868164,100.0,100.0,1.0,0.0,0.0,0.0,0.0,0.0
745,80.57624816894531,0.0,0.0,0.0,80.57624816894531,0.00948050245642662,3.42901611328125,0.5729746222496033,0.0,0.0,0.0,0.0,0.0,0.0,0.0,0.0,0.0,0.0,0.0,0.0,0.023000000044703484,0.023000000044703484,0.02,0.15,0.0,0.0,0.0,0.0,0.0,0.0,0.0,0.0,0.0,0.0,0.0,0.0,0.15304942429065704,0.06104199215769768,0.0005832365259266226,17.762744903564453,141,nan,-1.0,True,,False,0.010050058364868164,0.0,0.010050058364868164,100.0,100.0,1.0,0.0,0.0,0.0,0.0,0.0
746,340.3901672363281,0.0,0.0,0.0,340.3901672363281,0.00013642007252201438,3.4552927017211914,0.5728636384010315,0.0,0.0,0.0,0.0,0.0,0.0,0.0,0.0,0.0,0.0,0.0,0.0,0.023000000044703484,0.023000000044703484,0.02,0.15,0.0,0.0,0.0,0.0,0.0,0.0,0.0,0.0,0.0,0.0,0.0,0.0,0.1531427949666977,0.06097213551402092,0.0013200814282754436,17.762744903564453,141,nan,-1.0,True,,False,0.010050058364868164,0.0,0.010050058364868164,100.0,100.0,1.0,0.0,0.0,0.0,0.0,0.0
747,93.20777893066406,0.0,0.0,0.0,93.20777893066406,0.006991107482463121,3.488682270050049,0.5727577209472656,0.0,0.0,0.0,0.0,0.0,0.0,0.0,0.0,0.0,0.0,0.0,0.0,0.023000000044703484,0.023000000044703484,0.02,0.15,0.0,0.0,0.0,0.0,0.0,0.0,0.0,0.0,0.0,0.0,0.0,0.0,0.15323907136917114,0.06098239868879318,0.0007016426675363618,17.762744903564453,141,nan,-1.0,True,,False,0.010050058364868164,0.0,0.010050058364868164,100.0,100.0,1.0,0.0,0.0,0.0,0.0,0.0
748,98.02815246582031,0.0,0.0,0.0,98.02815246582031,0.006256655789911747,3.522675037384033,0.5726842284202576,0.0,0.0,0.0,0.0,0.0,0.0,0.0,0.0,0.0,0.0,0.0,0.0,0.023000000044703484,0.023000000044703484,0.02,0.15,0.0,0.0,0.0,0.0,0.0,0.0,0.0,0.0,0.0,0.0,0.0,0.0,0.15333598852157593,0.061068836599588394,0.0007754273092359654,17.762744903564453,141,nan,-1.0,True,,False,0.010050058364868164,0.0,0.010050058364868164,100.0,100.0,1.0,0.0,0.0,0.0,0.0,0.0
749,99.57664489746094,0.0,0.0,0.0,99.57664489746094,0.006041110493242741,3.5573720932006836,0.5726513266563416,0.0,0.0,0.0,0.0,0.0,0.0,0.0,0.0,0.0,0.0,0.0,0.0,0.023000000044703484,0.023000000044703484,0.02,0.15,0.0,0.0,0.0,0.0,0.0,0.0,0.0,0.0,0.0,0.0,0.0,0.0,0.1534327268600464,0.06121945008635521,0.0008702777276994311,17.762744903564453,141,nan,-1.0,True,,False,0.010050058364868164,0.0,0.010050058364868164,100.0,100.0,1.0,0.0,0.0,0.0,0.0,0.0
750,96.62939453125,0.0,0.0,0.0,96.62939453125,0.006457250565290451,3.5928730964660645,0.5726227760314941,0.0,0.0,0.0,0.0,0.0,0.0,0.0,0.0,0.0,0.0,0.0,0.0,0.023000000044703484,0.023000000044703484,0.02,0.15,0.0,0.0,0.0,0.0,0.0,0.0,0.0,0.0,0.0,0.0,0.0,0.0,0.15353019535541534,0.06141629070043564,0.0009793222452572081,17.762744903564453,141,nan,-1.0,True,,False,0.010050058364868164,0.0,0.010050058364868164,100.0,100.0,1.0,0.0,0.0,0.0,0.0,0.0
751,91.51032257080078,0.0,0.0,0.0,91.51032257080078,0.007268703076988459,3.6291236877441406,0.5726286172866821,0.0,0.0,0.0,0.0,0.0,0.0,0.0,0.0,0.0,0.0,0.0,0.0,0.023000000044703484,0.023000000044703484,0.02,0.15,0.0,0.0,0.0,0.0,0.0,0.0,0.0,0.0,0.0,0.0,0.0,0.0,0.15362870693206787,0.06165408715605736,0.0010972204568133748,17.762744903564453,141,nan,-1.0,True,,False,0.010050058364868164,0.0,0.010050058364868164,100.0,100.0,1.0,0.0,0.0,0.0,0.0,0.0
752,88.58320617675781,0.0,0.0,0.0,88.58320617675781,0.007790739648044109,3.666489601135254,0.5726580023765564,0.0,0.0,0.0,0.0,0.0,0.0,0.0,0.0,0.0,0.0,0.0,0.0,0.023000000044703484,0.023000000044703484,0.02,0.15,0.0,0.0,0.0,0.0,0.0,0.0,0.0,0.0,0.0,0.0,0.0,0.0,0.1537286341190338,0.06192755699157715,0.0012133610430282715,17.762744903564453,141,nan,-1.0,True,,False,0.010050058364868164,0.0,0.010050058364868164,100.0,100.0,1.0,0.0,0.0,0.0,0.0,0.0
753,84.71869659423828,0.0,0.0,0.0,84.71869659423828,0.008554814383387566,3.705244541168213,0.5727152824401855,0.0,0.0,0.0,0.0,0.0,0.0,0.0,0.0,0.0,0.0,0.0,0.0,0.023000000044703484,0.023000000044703484,0.02,0.15000000000000002,0.0,0.0,0.0,0.0,0.0,0.0,0.0,0.0,0.0,0.0,0.0,0.0,0.15383097529411316,0.06223239749670029,0.0013473785361384216,17.762744903564453,141,nan,-1.0,True,,False,0.010050058364868164,0.0,0.010050058364868164,100.0,100.0,1.0,0.0,0.0,0.0,0.0,0.0
754,78.69181060791016,0.0,0.0,0.0,78.69181060791016,0.009944319725036621,3.745020866394043,0.5728052854537964,0.0,0.0,0.0,0.0,0.0,0.0,0.0,0.0,0.0,0.0,0.0,0.0,0.023000000044703484,0.023000000044703484,0.02,0.15,0.0,0.0,0.0,0.0,0.0,0.0,0.0,0.0,0.0,0.0,0.0,0.0,0.15393498539924622,0.06256243586540222,0.0005506070324372558,17.762744903564453,141,nan,-1.0,True,,False,0.010050058364868164,0.0,0.010050058364868164,100.0,100.0,1.0,0.0,0.0,0.0,0.0,0.0
755,92.67750549316406,0.0,0.0,0.0,92.67750549316406,0.007089781574904919,3.7824697494506836,0.5728849172592163,0.0,0.0,0.0,0.0,0.0,0.0,0.0,0.0,0.0,0.0,0.0,0.0,0.023000000044703484,0.023000000044703484,0.02,0.15,0.0,0.0,0.0,0.0,0.0,0.0,0.0,0.0,0.0,0.0,0.0,0.0,0.15403947234153748,0.06212407723069191,0.0005691679675692285,17.762744903564453,141,nan,-1.0,True,,False,0.010050058364868164,0.0,0.010050058364868164,100.0,100.0,1.0,0.0,0.0,0.0,0.0,0.0
756,100.7706527709961,0.0,0.0,0.0,100.7706527709961,0.005892765708267689,3.812131881713867,0.5729067325592041,0.0,0.0,0.0,0.0,0.0,0.0,0.0,0.0,0.0,0.0,0.0,0.0,0.023000000044703484,0.023000000044703484,0.02,0.15,0.0,0.0,0.0,0.0,0.0,0.0,0.0,0.0,0.0,0.0,0.0,0.0,0.1541426032781601,0.06157379597425461,0.0005765136993431952,17.762744903564453,141,nan,-1.0,True,,False,0.010050058364868164,0.0,0.010050058364868164,100.0,100.0,1.0,0.0,0.0,0.0,0.0,0.0
757,106.04502868652344,0.0,0.0,0.0,106.04502868652344,0.005247114226222038,3.842930793762207,0.572959303855896,0.0,0.0,0.0,0.0,0.0,0.0,0.0,0.0,0.0,0.0,0.0,0.0,0.023000000044703484,0.023000000044703484,0.02,0.15,0.0,0.0,0.0,0.0,0.0,0.0,0.0,0.0,0.0,0.0,0.0,0.0,0.15424373745918274,0.061091769486665726,0.0005777179367214558,17.762744903564453,141,nan,-1.0,True,,False,0.010050058364868164,0.0,0.010050058364868164,100.0,100.0,1.0,0.0,0.0,0.0,0.0,0.0
758,120.10317993164062,0.0,0.0,0.0,120.10317993164062,0.0039040790870785713,3.874478816986084,0.5730375051498413,0.0,0.0,0.0,0.0,0.0,0.0,0.0,0.0,0.0,0.0,0.0,0.0,0.023000000044703484,0.023000000044703484,0.02,0.15,0.0,0.0,0.0,0.0,0.0,0.0,0.0,0.0,0.0,0.0,0.0,0.0,0.1543445885181427,0.060620661824941635,0.0008829834132484393,17.762744903564453,141,nan,-1.0,True,,False,0.010050058364868164,0.0,0.010050058364868164,100.0,100.0,1.0,0.0,0.0,0.0,0.0,0.0
759,81.31597137451172,0.0,0.0,0.0,81.31597137451172,0.009321087971329689,3.907104969024658,0.573099672794342,0.0,0.0,0.0,0.0,0.0,0.0,0.0,0.0,0.0,0.0,0.0,0.0,0.023000000044703484,0.023000000044703484,0.02,0.15,0.0,0.0,0.0,0.0,0.0,0.0,0.0,0.0,0.0,0.0,0.0,0.0,0.154445618391037,0.06017756834626198,0.000609054334290704,17.762744903564453,141,nan,-1.0,True,,False,0.010050058364868164,0.0,0.010050058364868164,100.0,100.0,1.0,0.0,0.0,0.0,0.0,0.0
760,94.34892272949219,0.0,0.0,0.0,94.34892272949219,0.006819472182542086,3.9409799575805664,0.5731659531593323,0.0,0.0,0.0,0.0,0.0,0.0,0.0,0.0,0.0,0.0,0.0,0.0,0.023000000044703484,0.023000000044703484,0.02,0.15000000000000002,0.0,0.0,0.0,0.0,0.0,0.0,0.0,0.0,0.0,0.0,0.0,0.0,0.15454380214214325,0.05977807193994522,0.0009388444359501591,17.762744903564453,141,nan,-1.0,True,,False,0.010050058364868164,0.0,0.010050058364868164,100.0,100.0,1.0,0.0,0.0,0.0,0.0,0.0
761,108.90715789794922,0.0,0.0,0.0,108.90715789794922,0.004933162126690149,3.974332332611084,0.573257565498352,0.0,0.0,0.0,0.0,0.0,0.0,0.0,0.0,0.0,0.0,0.0,0.0,0.023000000044703484,0.023000000044703484,0.02,0.15,0.0,0.0,0.0,0.0,0.0,0.0,0.0,0.0,0.0,0.0,0.0,0.0,0.15464523434638977,0.05937989801168442,0.0009485106934334908,17.762744903564453,141,nan,-1.0,True,,False,0.010050058364868164,0.0,0.010050058364868164,100.0,100.0,1.0,0.0,0.0,0.0,0.0,0.0
762,118.75028228759766,0.0,0.0,0.0,118.75028228759766,0.004015117883682251,4.009137153625488,0.5733955502510071,0.0,0.0,0.0,0.0,0.0,0.0,0.0,0.0,0.0,0.0,0.0,0.0,0.023000000044703484,0.023000000044703484,0.02,0.15,0.0,0.0,0.0,0.0,0.0,0.0,0.0,0.0,0.0,0.0,0.0,0.0,0.15476872026920319,0.058984093368053436,0.0009722559934743913,17.762744903564453,141,nan,-1.0,True,,False,0.010050058364868164,0.0,0.010050058364868164,100.0,100.0,1.0,0.0,0.0,0.0,0.0,0.0
763,110.96821594238281,0.0,0.0,0.0,110.96821594238281,0.004725390113890171,4.046326160430908,0.5734211206436157,0.0,0.0,0.0,0.0,0.0,0.0,0.0,0.0,0.0,0.0,0.0,0.0,0.023000000044703484,0.023000000044703484,0.02,0.15,0.0,0.0,0.0,0.0,0.0,0.0,0.0,0.0,0.0,0.0,0.0,0.0,0.15489408373832703,0.05861205607652664,0.0009703535870357882,17.762744903564453,141,nan,-1.0,True,,False,0.010050058364868164,0.0,0.010050058364868164,100.0,100.0,1.0,0.0,0.0,0.0,0.0,0.0
764,97.79528045654297,0.0,0.0,0.0,97.79528045654297,0.006304181180894375,4.085270404815674,0.5734063982963562,0.0,0.0,0.0,0.0,0.0,0.0,0.0,0.0,0.0,0.0,0.0,0.0,0.023000000044703484,0.023000000044703484,0.02,0.15,0.0,0.0,0.0,0.0,0.0,0.0,0.0,0.0,0.0,0.0,0.0,0.0,0.1550128012895584,0.05828777700662613,0.0009370130928800791,17.762744903564453,141,nan,-1.0,True,,False,0.010050058364868164,0.0,0.010050058364868164,100.0,100.0,1.0,0.0,0.0,0.0,0.0,0.0
765,82.14544677734375,0.0,0.0,0.0,82.14544677734375,0.009126666933298111,4.114922046661377,0.5733729004859924,0.0,0.0,0.0,0.0,0.0,0.0,0.0,0.0,0.0,0.0,0.0,0.0,0.023000000044703484,0.023000000044703484,0.02,0.15,0.0,0.0,0.0,0.0,0.0,0.0,0.0,0.0,0.0,0.0,0.0,0.0,0.1551269143819809,0.05795242264866829,0.0008782890899965423,17.762744903564453,141,nan,-1.0,True,,False,0.010050058364868164,0.0,0.010050058364868164,100.0,100.0,1.0,0.0,0.0,0.0,0.0,0.0
766,66.78406524658203,0.0,0.0,0.0,66.78406524658203,0.013621911406517029,4.13494873046875,0.5733360648155212,0.0,0.0,0.0,0.0,0.0,0.0,0.0,0.0,0.0,0.0,0.0,0.0,0.023000000044703484,0.023000000044703484,0.02,0.15,0.0,0.0,0.0,0.0,0.0,0.0,0.0,0.0,0.0,0.0,0.0,0.0,0.15523597598075867,0.0576285645365715,0.0007993571198312566,17.762744903564453,141,nan,-1.0,True,,False,0.010050058364868164,0.0,0.010050058364868164,100.0,100.0,1.0,0.0,0.0,0.0,0.0,0.0
767,77.94435119628906,0.0,0.0,0.0,77.94435119628906,0.010148461908102036,4.153316497802734,0.5732563734054565,0.0,0.0,0.0,0.0,0.0,0.0,0.0,0.0,0.0,0.0,0.0,0.0,0.023000000044703484,0.023000000044703484,0.02,0.15,0.0,0.0,0.0,0.0,0.0,0.0,0.0,0.0,0.0,0.0,0.0,0.0,0.15533842146396637,0.0573444701731205,0.0014146816502034198,17.762744903564453,141,nan,-1.0,True,,False,0.010050058364868164,0.0,0.010050058364868164,100.0,100.0,1.0,0.0,0.0,0.0,0.0,0.0
768,197.20309448242188,0.0,0.0,0.0,197.20309448242188,0.0009808482136577368,4.169240474700928,0.5730937123298645,0.0,0.0,0.0,0.0,0.0,0.0,0.0,0.0,0.0,0.0,0.0,0.0,0.023000000044703484,0.023000000044703484,0.02,0.15,0.0,0.0,0.0,0.0,0.0,0.0,0.0,0.0,0.0,0.0,0.0,0.0,0.15543487668037415,0.05706731602549553,0.0013809057454636786,17.762744903564453,141,nan,-1.0,True,,False,0.010050058364868164,0.0,0.010050058364868164,100.0,100.0,1.0,0.0,0.0,0.0,0.0,0.0
769,88.44532012939453,0.0,0.0,0.0,88.44532012939453,0.007823210209608078,4.182645320892334,0.5728777050971985,0.0,0.0,0.0,0.0,0.0,0.0,0.0,0.0,0.0,0.0,0.0,0.0,0.023000000044703484,0.023000000044703484,0.02,0.15,0.0,0.0,0.0,0.0,0.0,0.0,0.0,0.0,0.0,0.0,0.0,0.0,0.15551872551441193,0.05681084841489792,0.0013571032131949323,17.762744903564453,141,nan,-1.0,True,,False,0.010050058364868164,0.0,0.010050058364868164,100.0,100.0,1.0,0.0,0.0,0.0,0.0,0.0
770,63.79417419433594,0.0,0.0,0.0,63.79417419433594,0.014760556630790234,4.193735122680664,0.5726765394210815,0.0,0.0,0.0,0.0,0.0,0.0,0.0,0.0,0.0,0.0,0.0,0.0,0.023000000044703484,0.023000000044703484,0.02,0.15,0.0,0.0,0.0,0.0,0.0,0.0,0.0,0.0,0.0,0.0,0.0,0.0,0.15561480820178986,0.056558482348918915,0.001501329148595687,17.762744903564453,141,nan,-1.0,True,,False,0.010050058364868164,0.0,0.010050058364868164,100.0,100.0,1.0,0.0,0.0,0.0,0.0,0.0
771,64.75059509277344,0.0,0.0,0.0,64.75059509277344,0.014364023692905903,4.202581405639648,0.5725063681602478,0.0,0.0,0.0,0.0,0.0,0.0,0.0,0.0,0.0,0.0,0.0,0.0,0.023000000044703484,0.023000000044703484,0.02,0.15,0.0,0.0,0.0,0.0,0.0,0.0,0.0,0.0,0.0,0.0,0.0,0.0,0.1557348668575287,0.05630287155508995,0.0014736873972651665,17.762744903564453,141,nan,-1.0,True,,False,0.010050058364868164,0.0,0.010050058364868164,100.0,100.0,1.0,0.0,0.0,0.0,0.0,0.0
772,67.25016021728516,0.0,0.0,0.0,67.25016021728516,0.013408387079834938,4.209021091461182,0.5723494291305542,0.0,0.0,0.0,0.0,0.0,0.0,0.0,0.0,0.0,0.0,0.0,0.0,0.023000000044703484,0.023000000044703484,0.02,0.15000000000000002,0.0,0.0,0.0,0.0,0.0,0.0,0.0,0.0,0.0,0.0,0.0,0.0,0.1558549404144287,0.056064169853925705,0.0014318187472781574,17.762744903564453,141,nan,-1.0,True,,False,0.010050058364868164,0.0,0.010050058364868164,100.0,100.0,1.0,0.0,0.0,0.0,0.0,0.0
773,68.3039779663086,0.0,0.0,0.0,68.3039779663086,0.013032271526753902,4.213528156280518,0.572137176990509,0.0,0.0,0.0,0.0,0.0,0.0,0.0,0.0,0.0,0.0,0.0,0.0,0.023000000044703484,0.023000000044703484,0.02,0.15000000000000002,0.0,0.0,0.0,0.0,0.0,0.0,0.0,0.0,0.0,0.0,0.0,0.0,0.15597274899482727,0.055843666195869446,0.0013565714480137103,17.762744903564453,141,nan,-1.0,True,,False,0.010050058364868164,0.0,0.010050058364868164,100.0,100.0,1.0,0.0,0.0,0.0,0.0,0.0
774,186.78094482421875,0.0,0.0,0.0,186.78094482421875,0.0011576716788113117,4.214756011962891,0.5718622803688049,0.0,0.0,0.0,0.0,0.0,0.0,0.0,0.0,0.0,0.0,0.0,0.0,0.023000000044703484,0.023000000044703484,0.02,0.15,0.0,0.0,0.0,0.0,0.0,0.0,0.0,0.0,0.0,0.0,0.0,0.0,0.15609335899353027,0.055619072169065475,0.0014373644748957304,17.762744903564453,141,nan,-1.0,True,,False,0.010050058364868164,0.0,0.010050058364868164,100.0,100.0,1.0,0.0,0.0,0.0,0.0,0.0
775,81.6504135131836,0.0,0.0,0.0,81.6504135131836,0.009204365313053131,4.2154035568237305,0.5715636014938354,0.0,0.0,0.0,0.0,0.0,0.0,0.0,0.0,0.0,0.0,0.0,0.0,0.023000000044703484,0.023000000044703484,0.02,0.15000000000000002,0.0,0.0,0.0,0.0,0.0,0.0,0.0,0.0,0.0,0.0,0.0,0.0,0.15621644258499146,0.05539571866393089,0.0015360350043920334,17.762744903564453,141,nan,-1.0,True,,False,0.010050058364868164,0.0,0.010050058364868164,100.0,100.0,1.0,0.0,0.0,0.0,0.0,0.0
776,99.30694580078125,0.0,0.0,0.0,99.30694580078125,0.006063567008823156,4.21580696105957,0.5712801218032837,0.0,0.0,0.0,0.0,0.0,0.0,0.0,0.0,0.0,0.0,0.0,0.0,0.023000000044703484,0.023000000044703484,0.02,0.15,0.0,0.0,0.0,0.0,0.0,0.0,0.0,0.0,0.0,0.0,0.0,0.0,0.15633946657180786,0.055180102586746216,0.0015526059232797706,17.762744903564453,141,nan,-1.0,True,,False,0.010050058364868164,0.0,0.010050058364868164,100.0,100.0,1.0,0.0,0.0,0.0,0.0,0.0
777,123.26122283935547,0.0,0.0,0.0,123.26122283935547,0.003641486633569002,4.216433525085449,0.57100909948349,0.0,0.0,0.0,0.0,0.0,0.0,0.0,0.0,0.0,0.0,0.0,0.0,0.023000000044703484,0.023000000044703484,0.02,0.15,0.0,0.0,0.0,0.0,0.0,0.0,0.0,0.0,0.0,0.0,0.0,0.0,0.15646113455295563,0.05497990548610687,0.0016155478238033538,17.762744903564453,141,nan,-1.0,True,,False,0.010050058364868164,0.0,0.010050058364868164,100.0,100.0,1.0,0.0,0.0,0.0,0.0,0.0
778,186.83570861816406,0.0,0.0,0.0,186.83570861816406,0.0011535939993336797,4.2175798416137695,0.5707541704177856,0.0,0.0,0.0,0.0,0.0,0.0,0.0,0.0,0.0,0.0,0.0,0.0,0.023000000044703484,0.023000000044703484,0.02,0.15000000000000002,0.0,0.0,0.0,0.0,0.0,0.0,0.0,0.0,0.0,0.0,0.0,0.0,0.15658360719680786,0.05478985607624054,0.0016712383467165637,17.762744903564453,141,nan,-1.0,True,,False,0.010050058364868164,0.0,0.010050058364868164,100.0,100.0,1.0,0.0,0.0,0.0,0.0,0.0
779,252.6096649169922,0.0,0.0,0.0,252.6096649169922,0.0004260558926034719,4.219120979309082,0.5705048441886902,0.0,0.0,0.0,0.0,0.0,0.0,0.0,0.0,0.0,0.0,0.0,0.0,0.023000000044703484,0.023000000044703484,0.02,0.15,0.0,0.0,0.0,0.0,0.0,0.0,0.0,0.0,0.0,0.0,0.0,0.0,0.15670548379421234,0.05461115390062332,0.0017556292955305253,17.762744903564453,141,nan,-1.0,True,,False,0.010050058364868164,0.0,0.010050058364868164,100.0,100.0,1.0,0.0,0.0,0.0,0.0,0.0
780,148.49215698242188,0.0,0.0,0.0,148.49215698242188,0.0022389169316738844,4.219230651855469,0.570264458656311,0.0,0.0,0.0,0.0,0.0,0.0,0.0,0.0,0.0,0.0,0.0,0.0,0.023000000044703484,0.023000000044703484,0.02,0.15,0.0,0.0,0.0,0.0,0.0,0.0,0.0,0.0,0.0,0.0,0.0,0.0,0.15682968497276306,0.054427482187747955,0.001798155358301301,17.762744903564453,141,nan,-1.0,True,,False,0.010050058364868164,0.0,0.010050058364868164,100.0,100.0,1.0,0.0,0.0,0.0,0.0,0.0
781,114.10348510742188,0.0,0.0,0.0,114.10348510742188,0.004389836452901363,4.21790885925293,0.5700371265411377,0.0,0.0,0.0,0.0,0.0,0.0,0.0,0.0,0.0,0.0,0.0,0.0,0.023000000044703484,0.023000000044703484,0.02,0.15,0.0,0.0,0.0,0.0,0.0,0.0,0.0,0.0,0.0,0.0,0.0,0.0,0.156958669424057,0.05423879623413086,0.0018206820604973473,17.762744903564453,141,nan,-1.0,True,,False,0.010050058364868164,0.0,0.010050058364868164,100.0,100.0,1.0,0.0,0.0,0.0,0.0,0.0
782,118.69530487060547,0.0,0.0,0.0,118.69530487060547,0.0039903465658426285,4.2149763107299805,0.5698118209838867,0.0,0.0,0.0,0.0,0.0,0.0,0.0,0.0,0.0,0.0,0.0,0.0,0.023000000044703484,0.023000000044703484,0.02,0.15,0.0,0.0,0.0,0.0,0.0,0.0,0.0,0.0,0.0,0.0,0.0,0.0,0.15708325803279877,0.05404283106327057,0.0007092895657478948,17.762744903564453,141,nan,-1.0,True,,False,0.010050058364868164,0.0,0.010050058364868164,100.0,100.0,1.0,0.0,0.0,0.0,0.0,0.0
783,244.43995666503906,0.0,0.0,0.0,244.43995666503906,0.0004779795999638736,4.21164083480835,0.5695937275886536,0.0,0.0,0.0,0.0,0.0,0.0,0.0,0.0,0.0,0.0,0.0,0.0,0.023000000044703484,0.023000000044703484,0.02,0.15,0.0,0.0,0.0,0.0,0.0,0.0,0.0,0.0,0.0,0.0,0.0,0.0,0.15721702575683594,0.05384615436196327,0.0006602763901355502,17.762744903564453,141,nan,-1.0,True,,False,0.010050058364868164,0.0,0.010050058364868164,100.0,100.0,1.0,0.0,0.0,0.0,0.0,0.0
784,214.50128173828125,0.0,0.0,0.0,214.50128173828125,0.0007434839499182999,4.208208084106445,0.5693673491477966,0.0,0.0,0.0,0.0,0.0,0.0,0.0,0.0,0.0,0.0,0.0,0.0,0.023000000044703484,0.023000000044703484,0.019999999999999997,0.15000000000000002,0.0,0.0,0.0,0.0,0.0,0.0,0.0,0.0,0.0,0.0,0.0,0.0,0.15735426545143127,0.053649868816137314,0.0011187404843440163,17.762744903564453,141,nan,-1.0,True,,False,0.010050058364868164,0.0,0.010050058364868164,100.0,100.0,1.0,0.0,0.0,0.0,0.0,0.0
785,120.25274658203125,0.0,0.0,0.0,120.25274658203125,0.0038585406728088856,4.204056739807129,0.5691461563110352,0.0,0.0,0.0,0.0,0.0,0.0,0.0,0.0,0.0,0.0,0.0,0.0,0.023000000044703484,0.023000000044703484,0.02,0.15,0.0,0.0,0.0,0.0,0.0,0.0,0.0,0.0,0.0,0.0,0.0,0.0,0.15748728811740875,0.05345843359827995,0.001123711102991365,17.762744903564453,141,nan,-1.0,True,,False,0.010050058364868164,0.0,0.010050058364868164,100.0,100.0,1.0,0.0,0.0,0.0,0.0,0.0
786,96.42017364501953,0.0,0.0,0.0,96.42017364501953,0.006444941274821758,4.199744701385498,0.568932294845581,0.0,0.0,0.0,0.0,0.0,0.0,0.0,0.0,0.0,0.0,0.0,0.0,0.023000000044703484,0.023000000044703484,0.02,0.15,0.0,0.0,0.0,0.0,0.0,0.0,0.0,0.0,0.0,0.0,0.0,0.0,0.15761525928974152,0.053276386111974716,0.0011214788141842291,17.762744903564453,141,nan,-1.0,True,,False,0.010050058364868164,0.0,0.010050058364868164,100.0,100.0,1.0,0.0,0.0,0.0,0.0,0.0
787,90.5922622680664,0.0,0.0,0.0,90.5922622680664,0.0073715150356292725,4.194754600524902,0.5687172412872314,0.0,0.0,0.0,0.0,0.0,0.0,0.0,0.0,0.0,0.0,0.0,0.0,0.023000000044703484,0.023000000044703484,0.02,0.15,0.0,0.0,0.0,0.0,0.0,0.0,0.0,0.0,0.0,0.0,0.0,0.0,0.15773896872997284,0.05310717970132828,0.0006457020081143128,17.762744903564453,141,nan,-1.0,True,,False,0.010050058364868164,0.0,0.010050058364868164,100.0,100.0,1.0,0.0,0.0,0.0,0.0,0.0
788,86.10453796386719,0.0,0.0,0.0,86.10453796386719,0.008199223317205906,4.188848495483398,0.568516731262207,0.0,0.0,0.0,0.0,0.0,0.0,0.0,0.0,0.0,0.0,0.0,0.0,0.023000000044703484,0.023000000044703484,0.02,0.15,0.0,0.0,0.0,0.0,0.0,0.0,0.0,0.0,0.0,0.0,0.0,0.0,0.15785960853099823,0.05294081196188927,0.0006483240595116513,17.762744903564453,141,nan,-1.0,True,,False,0.010050058364868164,0.0,0.010050058364868164,100.0,100.0,1.0,0.0,0.0,0.0,0.0,0.0
789,83.30302429199219,0.0,0.0,0.0,83.30302429199219,0.008773550391197205,4.182642936706543,0.5683159828186035,0.0,0.0,0.0,0.0,0.0,0.0,0.0,0.0,0.0,0.0,0.0,0.0,0.023000000044703484,0.023000000044703484,0.020000000000000004,0.15,0.0,0.0,0.0,0.0,0.0,0.0,0.0,0.0,0.0,0.0,0.0,0.0,0.15797710418701172,0.05278182402253151,0.0006403651277651079,17.762744903564453,141,nan,-1.0,True,,False,0.010050058364868164,0.0,0.010050058364868164,100.0,100.0,1.0,0.0,0.0,0.0,0.0,0.0
790,77.86123657226562,0.0,0.0,0.0,77.86123657226562,0.010045645758509636,4.175085544586182,0.5681235194206238,0.0,0.0,0.0,0.0,0.0,0.0,0.0,0.0,0.0,0.0,0.0,0.0,0.023000000044703484,0.023000000044703484,0.02,0.15,0.0,0.0,0.0,0.0,0.0,0.0,0.0,0.0,0.0,0.0,0.0,0.0,0.15809133648872375,0.05263141915202141,0.0006237320785658085,17.762744903564453,141,nan,-1.0,True,,False,0.010050058364868164,0.0,0.010050058364868164,100.0,100.0,1.0,0.0,0.0,0.0,0.0,0.0
791,73.73052215576172,0.0,0.0,0.0,73.73052215576172,0.01116718165576458,4.16688871383667,0.5679311156272888,0.0,0.0,0.0,0.0,0.0,0.0,0.0,0.0,0.0,0.0,0.0,0.0,0.023000000044703484,0.023000000044703484,0.02,0.15,0.0,0.0,0.0,0.0,0.0,0.0,0.0,0.0,0.0,0.0,0.0,0.0,0.1582014113664627,0.05248625949025154,0.0014415345690395043,17.762744903564453,141,nan,-1.0,True,,False,0.010050058364868164,0.0,0.010050058364868164,100.0,100.0,1.0,0.0,0.0,0.0,0.0,0.0
792,74.6938247680664,0.0,0.0,0.0,74.6938247680664,0.010885347612202168,4.157370567321777,0.5677452683448792,0.0,0.0,0.0,0.0,0.0,0.0,0.0,0.0,0.0,0.0,0.0,0.0,0.023000000044703484,0.023000000044703484,0.02,0.15,0.0,0.0,0.0,0.0,0.0,0.0,0.0,0.0,0.0,0.0,0.0,0.0,0.15830573439598083,0.05235094577074051,0.0014370544249686645,17.762744903564453,141,nan,-1.0,True,,False,0.010050058364868164,0.0,0.010050058364868164,100.0,100.0,1.0,0.0,0.0,0.0,0.0,0.0
793,79.15739440917969,0.0,0.0,0.0,79.15739440917969,0.009707549586892128,4.147091865539551,0.5675608515739441,0.0,0.0,0.0,0.0,0.0,0.0,0.0,0.0,0.0,0.0,0.0,0.0,0.023000000044703484,0.023000000044703484,0.020000000000000004,0.14999999999999997,0.0,0.0,0.0,0.0,0.0,0.0,0.0,0.0,0.0,0.0,0.0,0.0,0.1584043800830841,0.05222555622458458,0.001443074210328632,17.762744903564453,141,nan,-1.0,True,,False,0.010050058364868164,0.0,0.010050058364868164,100.0,100.0,1.0,0.0,0.0,0.0,0.0,0.0
794,78.9081039428711,0.0,0.0,0.0,78.9081039428711,0.009765427559614182,4.135867118835449,0.567389190196991,0.0,0.0,0.0,0.0,0.0,0.0,0.0,0.0,0.0,0.0,0.0,0.0,0.023000000044703484,0.023000000044703484,0.02,0.15,0.0,0.0,0.0,0.0,0.0,0.0,0.0,0.0,0.0,0.0,0.0,0.0,0.15849728882312775,0.05211244523525238,0.0014449304139816377,17.762744903564453,141,nan,-1.0,True,,False,0.010050058364868164,0.0,0.010050058364868164,100.0,100.0,1.0,0.0,0.0,0.0,0.0,0.0
795,80.26801300048828,0.0,0.0,0.0,80.26801300048828,0.009435068815946579,4.123605728149414,0.5672165751457214,0.0,0.0,0.0,0.0,0.0,0.0,0.0,0.0,0.0,0.0,0.0,0.0,0.023000000044703484,0.023000000044703484,0.02,0.15,0.0,0.0,0.0,0.0,0.0,0.0,0.0,0.0,0.0,0.0,0.0,0.0,0.15858690440654755,0.052009403705596924,0.0014614075762438006,17.762744903564453,141,nan,-1.0,True,,False,0.010050058364868164,0.0,0.010050058364868164,100.0,100.0,1.0,0.0,0.0,0.0,0.0,0.0
796,96.4950942993164,0.0,0.0,0.0,96.4950942993164,0.00640508346259594,4.110273838043213,0.567050576210022,0.0,0.0,0.0,0.0,0.0,0.0,0.0,0.0,0.0,0.0,0.0,0.0,0.023000000044703484,0.023000000044703484,0.02,0.15,0.0,0.0,0.0,0.0,0.0,0.0,0.0,0.0,0.0,0.0,0.0,0.0,0.1586727797985077,0.05191189795732498,0.0009261948257517361,17.762744903564453,141,nan,-1.0,True,,False,0.010050058364868164,0.0,0.010050058364868164,100.0,100.0,1.0,0.0,0.0,0.0,0.0,0.0
797,119.01673126220703,0.0,0.0,0.0,119.01673126220703,0.003936304710805416,4.095914363861084,0.5668870806694031,0.0,0.0,0.0,0.0,0.0,0.0,0.0,0.0,0.0,0.0,0.0,0.0,0.023000000044703484,0.023000000044703484,0.020000000000000004,0.15,0.0,0.0,0.0,0.0,0.0,0.0,0.0,0.0,0.0,0.0,0.0,0.0,0.1587466150522232,0.051823411136865616,0.0009976592059501854,17.762744903564453,141,nan,-1.0,True,,False,0.010050058364868164,0.0,0.010050058364868164,100.0,100.0,1.0,0.0,0.0,0.0,0.0,0.0
798,157.9921112060547,0.0,0.0,0.0,157.9921112060547,0.0018716375343501568,4.080991744995117,0.5667349100112915,0.0,0.0,0.0,0.0,0.0,0.0,0.0,0.0,0.0,0.0,0.0,0.0,0.023000000044703484,0.023000000044703484,0.02,0.14999999999999997,0.0,0.0,0.0,0.0,0.0,0.0,0.0,0.0,0.0,0.0,0.0,0.0,0.15880714356899261,0.05174284055829048,0.0010971194228659442,17.762744903564453,141,nan,-1.0,True,,False,0.010050058364868164,0.0,0.010050058364868164,100.0,100.0,1.0,0.0,0.0,0.0,0.0,0.0
799,375.3096618652344,0.0,0.0,0.0,375.3096618652344,8.916656952351332e-05,4.0645856857299805,0.5665850043296814,0.0,0.0,0.0,0.0,0.0,0.0,0.0,0.0,0.0,0.0,0.0,0.0,0.023000000044703484,0.023000000044703484,0.02,0.15,0.0,0.0,0.0,0.0,0.0,0.0,0.0,0.0,0.0,0.0,0.0,0.0,0.15885615348815918,0.051672521978616714,0.0012268233936083561,17.762744903564453,141,nan,-1.0,True,,False,0.010050058364868164,0.0,0.010050058364868164,100.0,100.0,1.0,0.0,0.0,0.0,0.0,0.0
800,395.9084777832031,0.0,0.0,0.0,395.9084777832031,7.049956184346229e-05,4.046988487243652,0.5664385557174683,0.0,0.0,0.0,0.0,0.0,0.0,0.0,0.0,0.0,0.0,0.0,0.0,0.023000000044703484,0.023000000044703484,0.02,0.15,0.0,0.0,0.0,0.0,0.0,0.0,0.0,0.0,0.0,0.0,0.0,0.0,0.15889324247837067,0.05161481723189354,0.0013638606628774141,17.762744903564453,141,nan,-1.0,True,,False,0.010050058364868164,0.0,0.010050058364868164,100.0,100.0,1.0,0.0,0.0,0.0,0.0,0.0
801,214.73904418945312,0.0,0.0,0.0,214.73904418945312,0.0007358052534982562,4.0294952392578125,0.5662958025932312,0.0,0.0,0.0,0.0,0.0,0.0,0.0,0.0,0.0,0.0,0.0,0.0,0.023000000044703484,0.023000000044703484,0.019999999999999997,0.15,0.0,0.0,0.0,0.0,0.0,0.0,0.0,0.0,0.0,0.0,0.0,0.0,0.15892982482910156,0.05153970047831535,0.0014372476762218866,17.762744903564453,141,nan,-1.0,True,,False,0.010050058364868164,0.0,0.010050058364868164,100.0,100.0,1.0,0.0,0.0,0.0,0.0,0.0
802,149.06982421875,0.0,0.0,0.0,149.06982421875,0.002196731511503458,4.01197624206543,0.5661543011665344,0.0,0.0,0.0,0.0,0.0,0.0,0.0,0.0,0.0,0.0,0.0,0.0,0.023000000044703484,0.023000000044703484,0.02,0.15,0.0,0.0,0.0,0.0,0.0,0.0,0.0,0.0,0.0,0.0,0.0,0.0,0.15896761417388916,0.05144825577735901,0.0014814958376518916,17.762744903564453,141,nan,-1.0,True,,False,0.010050058364868164,0.0,0.010050058364868164,100.0,100.0,1.0,0.0,0.0,0.0,0.0,0.0
803,119.57451629638672,0.0,0.0,0.0,119.57451629638672,0.0038867490366101265,3.994281768798828,0.5660167336463928,0.0,0.0,0.0,0.0,0.0,0.0,0.0,0.0,0.0,0.0,0.0,0.0,0.023000000044703484,0.023000000044703484,0.02,0.15,0.0,0.0,0.0,0.0,0.0,0.0,0.0,0.0,0.0,0.0,0.0,0.0,0.15900751948356628,0.05134620517492294,0.0014997244952610345,17.762744903564453,141,nan,-1.0,True,,False,0.010050058364868164,0.0,0.010050058364868164,100.0,100.0,1.0,0.0,0.0,0.0,0.0,0.0
804,140.0670928955078,0.0,0.0,0.0,140.0670928955078,0.0025982651859521866,3.9764506816864014,0.5658783912658691,0.0,0.0,0.0,0.0,0.0,0.0,0.0,0.0,0.0,0.0,0.0,0.0,0.023000000044703484,0.023000000044703484,0.02,0.15,0.0,0.0,0.0,0.0,0.0,0.0,0.0,0.0,0.0,0.0,0.0,0.0,0.1590494066476822,0.051233477890491486,0.0007551714197688852,17.762744903564453,141,nan,-1.0,True,,False,0.010050058364868164,0.0,0.010050058364868164,100.0,100.0,1.0,0.0,0.0,0.0,0.0,0.0
805,145.50473022460938,0.0,0.0,0.0,145.50473022460938,0.0023444362450391054,3.9584195613861084,0.5657112002372742,0.0,0.0,0.0,0.0,0.0,0.0,0.0,0.0,0.0,0.0,0.0,0.0,0.023000000044703484,0.023000000044703484,0.019999999999999997,0.15,0.0,0.0,0.0,0.0,0.0,0.0,0.0,0.0,0.0,0.0,0.0,0.0,0.15909303724765778,0.05112283676862717,0.0013325352911124355,17.762744903564453,141,nan,-1.0,True,,False,0.010050058364868164,0.0,0.010050058364868164,100.0,100.0,1.0,0.0,0.0,0.0,0.0,0.0
806,77.89441680908203,0.0,0.0,0.0,77.89441680908203,0.009983168914914131,3.939929485321045,0.5655422210693359,0.0,0.0,0.0,0.0,0.0,0.0,0.0,0.0,0.0,0.0,0.0,0.0,0.023000000044703484,0.023000000044703484,0.02,0.15,0.0,0.0,0.0,0.0,0.0,0.0,0.0,0.0,0.0,0.0,0.0,0.0,0.15913072228431702,0.05101896449923515,0.0016400766321567062,17.762744903564453,141,nan,-1.0,True,,False,0.010050058364868164,0.0,0.010050058364868164,100.0,100.0,1.0,0.0,0.0,0.0,0.0,0.0
807,75.28443908691406,0.0,0.0,0.0,75.28443908691406,0.010663999244570732,3.920440912246704,0.5653766989707947,0.0,0.0,0.0,0.0,0.0,0.0,0.0,0.0,0.0,0.0,0.0,0.0,0.023000000044703484,0.023000000044703484,0.02,0.15,0.0,0.0,0.0,0.0,0.0,0.0,0.0,0.0,0.0,0.0,0.0,0.0,0.15916067361831665,0.05092658847570419,0.0016907820509004523,17.762744903564453,141,nan,-1.0,True,,False,0.010050058364868164,0.0,0.010050058364868164,100.0,100.0,1.0,0.0,0.0,0.0,0.0,0.0
808,74.15555572509766,0.0,0.0,0.0,74.15555572509766,0.010973678901791573,3.9002974033355713,0.5652229189872742,0.0,0.0,0.0,0.0,0.0,0.0,0.0,0.0,0.0,0.0,0.0,0.0,0.023000000044703484,0.023000000044703484,0.02,0.15,0.0,0.0,0.0,0.0,0.0,0.0,0.0,0.0,0.0,0.0,0.0,0.0,0.15918344259262085,0.05084928125143051,0.001761163641276653,17.762744903564453,141,nan,-1.0,True,,False,0.010050058364868164,0.0,0.010050058364868164,100.0,100.0,1.0,0.0,0.0,0.0,0.0,0.0
809,72.57215118408203,0.0,0.0,0.0,72.57215118408203,0.011431945487856865,3.87905216217041,0.5650818347930908,0.0,0.0,0.0,0.0,0.0,0.0,0.0,0.0,0.0,0.0,0.0,0.0,0.023000000044703484,0.023000000044703484,0.02,0.15,0.0,0.0,0.0,0.0,0.0,0.0,0.0,0.0,0.0,0.0,0.0,0.0,0.15920011699199677,0.05078359693288803,0.0018405140613140247,17.762744903564453,141,nan,-1.0,True,,False,0.010050058364868164,0.0,0.010050058364868164,100.0,100.0,1.0,0.0,0.0,0.0,0.0,0.0
810,70.66829681396484,0.0,0.0,0.0,70.66829681396484,0.012017904780805111,3.857232093811035,0.5649516582489014,0.0,0.0,0.0,0.0,0.0,0.0,0.0,0.0,0.0,0.0,0.0,0.0,0.023000000044703484,0.023000000044703484,0.02,0.15000000000000002,0.0,0.0,0.0,0.0,0.0,0.0,0.0,0.0,0.0,0.0,0.0,0.0,0.1592254638671875,0.05073075369000435,0.001968453341305576,17.762744903564453,141,nan,-1.0,True,,False,0.010050058364868164,0.0,0.010050058364868164,100.0,100.0,1.0,0.0,0.0,0.0,0.0,0.0
811,68.48551177978516,0.0,0.0,0.0,68.48551177978516,0.012739220634102821,3.834259271621704,0.5648380517959595,0.0,0.0,0.0,0.0,0.0,0.0,0.0,0.0,0.0,0.0,0.0,0.0,0.023000000044703484,0.023000000044703484,0.02,0.15,0.0,0.0,0.0,0.0,0.0,0.0,0.0,0.0,0.0,0.0,0.0,0.0,0.1592440903186798,0.05069078877568245,0.0014103681510277966,17.762744903564453,141,nan,-1.0,True,,False,0.010050058364868164,0.0,0.010050058364868164,100.0,100.0,1.0,0.0,0.0,0.0,0.0,0.0
812,67.89036560058594,0.0,0.0,0.0,67.89036560058594,0.012943008914589882,3.810788869857788,0.5647321343421936,0.0,0.0,0.0,0.0,0.0,0.0,0.0,0.0,0.0,0.0,0.0,0.0,0.023000000044703484,0.023000000044703484,0.02,0.15,0.0,0.0,0.0,0.0,0.0,0.0,0.0,0.0,0.0,0.0,0.0,0.0,0.1592608541250229,0.050660207867622375,0.0015142788929551898,17.762744903564453,141,nan,-1.0,True,,False,0.010050058364868164,0.0,0.010050058364868164,100.0,100.0,1.0,0.0,0.0,0.0,0.0,0.0
813,64.42540740966797,0.0,0.0,0.0,64.42540740966797,0.014236247166991234,3.7868151664733887,0.5646474957466125,0.0,0.0,0.0,0.0,0.0,0.0,0.0,0.0,0.0,0.0,0.0,0.0,0.023000000044703484,0.023000000044703484,0.02,0.15,0.0,0.0,0.0,0.0,0.0,0.0,0.0,0.0,0.0,0.0,0.0,0.0,0.15928800404071808,0.05064255744218826,0.0016744518870837055,17.762744903564453,141,nan,-1.0,True,,False,0.010050058364868164,0.0,0.010050058364868164,100.0,100.0,1.0,0.0,0.0,0.0,0.0,0.0
814,62.57673263549805,0.0,0.0,0.0,62.57673263549805,0.014993974938988686,3.7624950408935547,0.5645850896835327,0.0,0.0,0.0,0.0,0.0,0.0,0.0,0.0,0.0,0.0,0.0,0.0,0.023000000044703484,0.023000000044703484,0.02,0.15000000000000002,0.0,0.0,0.0,0.0,0.0,0.0,0.0,0.0,0.0,0.0,0.0,0.0,0.15931633114814758,0.05063196271657944,0.0018013241087828646,17.762744903564453,141,nan,-1.0,True,,False,0.010050058364868164,0.0,0.010050058364868164,100.0,100.0,1.0,0.0,0.0,0.0,0.0,0.0
815,62.01476287841797,0.0,0.0,0.0,62.01476287841797,0.015234200283885002,3.737459182739258,0.5645373463630676,0.0,0.0,0.0,0.0,0.0,0.0,0.0,0.0,0.0,0.0,0.0,0.0,0.023000000044703484,0.023000000044703484,0.02,0.15,0.0,0.0,0.0,0.0,0.0,0.0,0.0,0.0,0.0,0.0,0.0,0.0,0.15933910012245178,0.05063196271657944,0.001921160898746166,17.762744903564453,141,nan,-1.0,True,,False,0.010050058364868164,0.0,0.010050058364868164,100.0,100.0,1.0,0.0,0.0,0.0,0.0,0.0
816,59.20440673828125,0.0,0.0,0.0,59.20440673828125,0.016518404707312584,3.711629629135132,0.564512312412262,0.0,0.0,0.0,0.0,0.0,0.0,0.0,0.0,0.0,0.0,0.0,0.0,0.023000000044703484,0.023000000044703484,0.019999999999999997,0.15,0.0,0.0,0.0,0.0,0.0,0.0,0.0,0.0,0.0,0.0,0.0,0.0,0.15935386717319489,0.05063902586698532,0.0026537725534581114,17.762744903564453,141,nan,-1.0,True,,False,0.010050058364868164,0.0,0.010050058364868164,100.0,100.0,1.0,0.0,0.0,0.0,0.0,0.0
817,58.63800048828125,0.0,0.0,0.0,58.63800048828125,0.016796782612800598,3.6856889724731445,0.5645183324813843,0.0,0.0,0.0,0.0,0.0,0.0,0.0,0.0,0.0,0.0,0.0,0.0,0.023000000044703484,0.023000000044703484,0.02,0.15,0.0,0.0,0.0,0.0,0.0,0.0,0.0,0.0,0.0,0.0,0.0,0.0,0.15936055779457092,0.050657857209444046,0.0027925529307140096,17.762744903564453,141,nan,-1.0,True,,False,0.010050058364868164,0.0,0.010050058364868164,100.0,100.0,1.0,0.0,0.0,0.0,0.0,0.0
818,57.01492691040039,0.0,0.0,0.0,57.01492691040039,0.01762659288942814,3.6598334312438965,0.5645525455474854,0.0,0.0,0.0,0.0,0.0,0.0,0.0,0.0,0.0,0.0,0.0,0.0,0.023000000044703484,0.023000000044703484,0.02,0.15,0.0,0.0,0.0,0.0,0.0,0.0,0.0,0.0,0.0,0.0,0.0,0.0,0.15935857594013214,0.05068608745932579,0.0028285989837968373,17.762744903564453,141,nan,-1.0,True,,False,0.010050058364868164,0.0,0.010050058364868164,100.0,100.0,1.0,0.0,0.0,0.0,0.0,0.0
819,89.3586654663086,0.0,0.0,0.0,89.3586654663086,0.007519758306443691,3.6338095664978027,0.564626157283783,0.0,0.0,0.0,0.0,0.0,0.0,0.0,0.0,0.0,0.0,0.0,0.0,0.023000000044703484,0.023000000044703484,0.02,0.15,0.0,0.0,0.0,0.0,0.0,0.0,0.0,0.0,0.0,0.0,0.0,0.0,0.15934978425502777,0.05072370171546936,0.0011762959393308847,17.762744903564453,141,nan,-1.0,True,,False,0.010050058364868164,0.0,0.010050058364868164,100.0,100.0,1.0,0.0,0.0,0.0,0.0,0.0
820,91.60763549804688,0.0,0.0,0.0,91.60763549804688,0.00713400449603796,3.6071362495422363,0.5647186636924744,0.0,0.0,0.0,0.0,0.0,0.0,0.0,0.0,0.0,0.0,0.0,0.0,0.023000000044703484,0.023000000044703484,0.02,0.15,0.0,0.0,0.0,0.0,0.0,0.0,0.0,0.0,0.0,0.0,0.0,0.0,0.1593376249074936,0.050760116428136826,0.0012387313627186813,17.762744903564453,141,nan,-1.0,True,,False,0.010050058364868164,0.0,0.010050058364868164,100.0,100.0,1.0,0.0,0.0,0.0,0.0,0.0
821,51.82547378540039,0.0,0.0,0.0,51.82547378540039,0.02065950818359852,3.5807557106018066,0.564819872379303,0.0,0.0,0.0,0.0,0.0,0.0,0.0,0.0,0.0,0.0,0.0,0.0,0.023000000044703484,0.023000000044703484,0.02,0.15,0.0,0.0,0.0,0.0,0.0,0.0,0.0,0.0,0.0,0.0,0.0,0.0,0.15931691229343414,0.05079767853021622,0.002418973572730465,17.762744903564453,141,nan,-1.0,True,,False,0.010050058364868164,0.0,0.010050058364868164,100.0,100.0,1.0,0.0,0.0,0.0,0.0,0.0
822,51.321739196777344,0.0,0.0,0.0,51.321739196777344,0.02099996618926525,3.55460262298584,0.5649696588516235,0.0,0.0,0.0,0.0,0.0,0.0,0.0,0.0,0.0,0.0,0.0,0.0,0.023000000044703484,0.023000000044703484,0.02,0.15,0.0,0.0,0.0,0.0,0.0,0.0,0.0,0.0,0.0,0.0,0.0,0.0,0.15929286181926727,0.050841074436903,0.0024312997820743476,17.762744903564453,141,nan,-1.0,True,,False,0.010050058364868164,0.0,0.010050058364868164,100.0,100.0,1.0,0.0,0.0,0.0,0.0,0.0
823,76.83281707763672,0.0,0.0,0.0,76.83281707763672,0.010256145149469376,3.5288219451904297,0.5651248097419739,0.0,0.0,0.0,0.0,0.0,0.0,0.0,0.0,0.0,0.0,0.0,0.0,0.023000000044703484,0.023000000044703484,0.02,0.15,0.0,0.0,0.0,0.0,0.0,0.0,0.0,0.0,0.0,0.0,0.0,0.0,0.15926574170589447,0.05088911950588226,0.0007361245120591775,17.762744903564453,141,nan,-1.0,True,,False,0.010050058364868164,0.0,0.010050058364868164,100.0,100.0,1.0,0.0,0.0,0.0,0.0,0.0
824,90.36726379394531,0.0,0.0,0.0,90.36726379394531,0.007359393406659365,3.5020241737365723,0.5650347471237183,0.0,0.0,0.0,0.0,0.0,0.0,0.0,0.0,0.0,0.0,0.0,0.0,0.023000000044703484,0.023000000044703484,0.02,0.15000000000000002,0.0,0.0,0.0,0.0,0.0,0.0,0.0,0.0,0.0,0.0,0.0,0.0,0.1592361330986023,0.05093478038907051,0.0007407315124510205,17.762744903564453,141,nan,-1.0,True,,False,0.010050058364868164,0.0,0.010050058364868164,100.0,100.0,1.0,0.0,0.0,0.0,0.0,0.0
825,87.85674285888672,0.0,0.0,0.0,87.85674285888672,0.007802593521773815,3.476048707962036,0.5648190975189209,0.0,0.0,0.0,0.0,0.0,0.0,0.0,0.0,0.0,0.0,0.0,0.0,0.023000000044703484,0.023000000044703484,0.02,0.15,0.0,0.0,0.0,0.0,0.0,0.0,0.0,0.0,0.0,0.0,0.0,0.0,0.15919800102710724,0.05098273605108261,0.000739607026844169,17.762744903564453,141,nan,-1.0,True,,False,0.010050058364868164,0.0,0.010050058364868164,100.0,100.0,1.0,0.0,0.0,0.0,0.0,0.0
826,49.252716064453125,0.0,0.0,0.0,49.252716064453125,0.022411799058318138,3.4494307041168213,0.5646070241928101,0.0,0.0,0.0,0.0,0.0,0.0,0.0,0.0,0.0,0.0,0.0,0.0,0.023000000044703484,0.023000000044703484,0.02,0.15,0.0,0.0,0.0,0.0,0.0,0.0,0.0,0.0,0.0,0.0,0.0,0.0,0.15915897488594055,0.051028311252593994,0.0007189497750914597,17.762744903564453,141,nan,-1.0,True,,False,0.010050058364868164,0.0,0.010050058364868164,100.0,100.0,1.0,0.0,0.0,0.0,0.0,0.0
827,51.43543243408203,0.0,0.0,0.0,51.43543243408203,0.020905543118715286,3.429781198501587,0.5644254088401794,0.0,0.0,0.0,0.0,0.0,0.0,0.0,0.0,0.0,0.0,0.0,0.0,0.023000000044703484,0.023000000044703484,0.02,0.15,0.0,0.0,0.0,0.0,0.0,0.0,0.0,0.0,0.0,0.0,0.0,0.0,0.15912042558193207,0.05107501149177551,0.0007854051837057341,17.762744903564453,141,nan,-1.0,True,,False,0.010050058364868164,0.0,0.010050058364868164,100.0,100.0,1.0,0.0,0.0,0.0,0.0,0.0
828,61.44792938232422,0.0,0.0,0.0,61.44792938232422,0.015498179942369461,3.417025566101074,0.5642720460891724,0.0,0.0,0.0,0.0,0.0,0.0,0.0,0.0,0.0,0.0,0.0,0.0,0.023000000044703484,0.023000000044703484,0.02,0.15,0.0,0.0,0.0,0.0,0.0,0.0,0.0,0.0,0.0,0.0,0.0,0.0,0.1590941846370697,0.051124002784490585,0.0007541210907220375,17.762744903564453,141,nan,-1.0,True,,False,0.010050058364868164,0.0,0.010050058364868164,100.0,100.0,1.0,0.0,0.0,0.0,0.0,0.0
829,75.22686004638672,0.0,0.0,0.0,75.22686004638672,0.010664783418178558,3.404242515563965,0.5641090273857117,0.0,0.0,0.0,0.0,0.0,0.0,0.0,0.0,0.0,0.0,0.0,0.0,0.023000000044703484,0.023000000044703484,0.02,0.15,0.0,0.0,0.0,0.0,0.0,0.0,0.0,0.0,0.0,0.0,0.0,0.0,0.15908445417881012,0.05117294564843178,0.0008665891550663218,17.762744903564453,141,nan,-1.0,True,,False,0.010050058364868164,0.0,0.010050058364868164,100.0,100.0,1.0,0.0,0.0,0.0,0.0,0.0
830,94.4904556274414,0.0,0.0,0.0,94.4904556274414,0.00666295550763607,3.3909730911254883,0.5638852119445801,0.0,0.0,0.0,0.0,0.0,0.0,0.0,0.0,0.0,0.0,0.0,0.0,0.023000000044703484,0.023000000044703484,0.02,0.15,0.0,0.0,0.0,0.0,0.0,0.0,0.0,0.0,0.0,0.0,0.0,0.0,0.15908052027225494,0.051231153309345245,0.0006663048284281103,17.762744903564453,141,nan,-1.0,True,,False,0.010050058364868164,0.0,0.010050058364868164,100.0,100.0,1.0,0.0,0.0,0.0,0.0,0.0
831,125.6225814819336,0.0,0.0,0.0,125.6225814819336,0.0034213941544294357,3.377826452255249,0.563690721988678,0.0,0.0,0.0,0.0,0.0,0.0,0.0,0.0,0.0,0.0,0.0,0.0,0.023000000044703484,0.023000000044703484,0.02,0.15,0.0,0.0,0.0,0.0,0.0,0.0,0.0,0.0,0.0,0.0,0.0,0.0,0.1590753048658371,0.05129045248031616,0.0006040792295607389,17.762744903564453,141,nan,-1.0,True,,False,0.010050058364868164,0.0,0.010050058364868164,100.0,100.0,1.0,0.0,0.0,0.0,0.0,0.0
832,176.6509246826172,0.0,0.0,0.0,176.6509246826172,0.0013466078089550138,3.364325523376465,0.5635169148445129,0.0,0.0,0.0,0.0,0.0,0.0,0.0,0.0,0.0,0.0,0.0,0.0,0.023000000044703484,0.023000000044703484,0.02,0.15,0.0,0.0,0.0,0.0,0.0,0.0,0.0,0.0,0.0,0.0,0.0,0.0,0.15906856954097748,0.05135433003306389,0.0005361963030736661,17.762744903564453,141,nan,-1.0,True,,False,0.010050058364868164,0.0,0.010050058364868164,100.0,100.0,1.0,0.0,0.0,0.0,0.0,0.0
833,226.48162841796875,0.0,0.0,0.0,226.48162841796875,0.0006131454720161855,3.350717544555664,0.5633772015571594,0.0,0.0,0.0,0.0,0.0,0.0,0.0,0.0,0.0,0.0,0.0,0.0,0.023000000044703484,0.023000000044703484,0.020000000000000004,0.15000000000000002,0.0,0.0,0.0,0.0,0.0,0.0,0.0,0.0,0.0,0.0,0.0,0.0,0.1590595245361328,0.051421601325273514,0.0004788740729964047,17.762744903564453,141,nan,-1.0,True,,False,0.010050058364868164,0.0,0.010050058364868164,100.0,100.0,1.0,0.0,0.0,0.0,0.0,0.0
834,171.6204833984375,0.0,0.0,0.0,171.6204833984375,0.0014655212871730328,3.3367180824279785,0.5631265640258789,0.0,0.0,0.0,0.0,0.0,0.0,0.0,0.0,0.0,0.0,0.0,0.0,0.023000000044703484,0.023000000044703484,0.02,0.14999999999999997,0.0,0.0,0.0,0.0,0.0,0.0,0.0,0.0,0.0,0.0,0.0,0.0,0.15904681384563446,0.05149226263165474,0.0005526881777768722,17.762744903564453,141,nan,-1.0,True,,False,0.010050058364868164,0.0,0.010050058364868164,100.0,100.0,1.0,0.0,0.0,0.0,0.0,0.0
835,125.56800079345703,0.0,0.0,0.0,125.56800079345703,0.003418300300836563,3.3226914405822754,0.562753438949585,0.0,0.0,0.0,0.0,0.0,0.0,0.0,0.0,0.0,0.0,0.0,0.0,0.023000000044703484,0.023000000044703484,0.02,0.15,0.0,0.0,0.0,0.0,0.0,0.0,0.0,0.0,0.0,0.0,0.0,0.0,0.15903015434741974,0.05156860500574112,0.0007244961689139018,17.762744903564453,141,nan,-1.0,True,,False,0.010050058364868164,0.0,0.010050058364868164,100.0,100.0,1.0,0.0,0.0,0.0,0.0,0.0
836,93.74655151367188,0.0,0.0,0.0,93.74655151367188,0.006755896843969822,3.3091044425964355,0.5624151229858398,0.0,0.0,0.0,0.0,0.0,0.0,0.0,0.0,0.0,0.0,0.0,0.0,0.023000000044703484,0.023000000044703484,0.02,0.15,0.0,0.0,0.0,0.0,0.0,0.0,0.0,0.0,0.0,0.0,0.0,0.0,0.15900760889053345,0.051687516272068024,0.0008768898323978647,17.762744903564453,141,nan,-1.0,True,,False,0.010050058364868164,0.0,0.010050058364868164,100.0,100.0,1.0,0.0,0.0,0.0,0.0,0.0
837,72.58914184570312,0.0,0.0,0.0,72.58914184570312,0.011363182216882706,3.295048236846924,0.5621233582496643,0.0,0.0,0.0,0.0,0.0,0.0,0.0,0.0,0.0,0.0,0.0,0.0,0.023000000044703484,0.023000000044703484,0.020000000000000004,0.15,0.0,0.0,0.0,0.0,0.0,0.0,0.0,0.0,0.0,0.0,0.0,0.0,0.15899258852005005,0.051823411136865616,0.0010266936583320785,17.762744903564453,141,nan,-1.0,True,,False,0.010050058364868164,0.0,0.010050058364868164,100.0,100.0,1.0,0.0,0.0,0.0,0.0,0.0
838,57.95901870727539,0.0,0.0,0.0,57.95901870727539,0.017050379887223244,3.280812978744507,0.5618597269058228,0.0,0.0,0.0,0.0,0.0,0.0,0.0,0.0,0.0,0.0,0.0,0.0,0.023000000044703484,0.023000000044703484,0.02,0.15,0.0,0.0,0.0,0.0,0.0,0.0,0.0,0.0,0.0,0.0,0.0,0.0,0.1589779406785965,0.05197501182556152,0.0010883223153541621,17.762744903564453,141,nan,-1.0,True,,False,0.010050058364868164,0.0,0.010050058364868164,100.0,100.0,1.0,0.0,0.0,0.0,0.0,0.0
839,47.930782318115234,0.0,0.0,0.0,47.930782318115234,0.02321997843682766,3.2666544914245605,0.5616341829299927,0.0,0.0,0.0,0.0,0.0,0.0,0.0,0.0,0.0,0.0,0.0,0.0,0.023000000044703484,0.023000000044703484,0.02,0.15,0.0,0.0,0.0,0.0,0.0,0.0,0.0,0.0,0.0,0.0,0.0,0.0,0.1589515656232834,0.05214788764715195,0.001167564453680825,17.762744903564453,141,nan,-1.0,True,,False,0.010050058364868164,0.0,0.010050058364868164,100.0,100.0,1.0,0.0,0.0,0.0,0.0,0.0
840,47.21192932128906,0.0,0.0,0.0,47.21192932128906,0.02375788986682892,3.252244234085083,0.561446487903595,0.0,0.0,0.0,0.0,0.0,0.0,0.0,0.0,0.0,0.0,0.0,0.0,0.023000000044703484,0.023000000044703484,0.02,0.15,0.0,0.0,0.0,0.0,0.0,0.0,0.0,0.0,0.0,0.0,0.0,0.0,0.1589127480983734,0.05233955755829811,0.0008607456356912735,17.762744903564453,141,nan,-1.0,True,,False,0.010050058364868164,0.0,0.010050058364868164,100.0,100.0,1.0,0.0,0.0,0.0,0.0,0.0
841,46.59556198120117,0.0,0.0,0.0,46.59556198120117,0.024236666038632393,3.2366833686828613,0.5613211989402771,0.0,0.0,0.0,0.0,0.0,0.0,0.0,0.0,0.0,0.0,0.0,0.0,0.023000000044703484,0.023000000044703484,0.019999999999999997,0.15,0.0,0.0,0.0,0.0,0.0,0.0,0.0,0.0,0.0,0.0,0.0,0.0,0.15886200964450836,0.05254074186086655,0.0007714886710346036,17.762744903564453,141,nan,-1.0,True,,False,0.010050058364868164,0.0,0.010050058364868164,100.0,100.0,1.0,0.0,0.0,0.0,0.0,0.0
842,45.9043083190918,0.0,0.0,0.0,45.9043083190918,0.02479558438062668,3.2199654579162598,0.5612214803695679,0.0,0.0,0.0,0.0,0.0,0.0,0.0,0.0,0.0,0.0,0.0,0.0,0.023000000044703484,0.023000000044703484,0.02,0.15,0.0,0.0,0.0,0.0,0.0,0.0,0.0,0.0,0.0,0.0,0.0,0.0,0.15879876911640167,0.0527479350566864,0.0006562060202668363,17.762744903564453,141,nan,-1.0,True,,False,0.010050058364868164,0.0,0.010050058364868164,100.0,100.0,1.0,0.0,0.0,0.0,0.0,0.0
843,114.26840209960938,0.0,0.0,0.0,114.26840209960938,0.004294324200600386,3.2026593685150146,0.561151921749115,0.0,0.0,0.0,0.0,0.0,0.0,0.0,0.0,0.0,0.0,0.0,0.0,0.023000000044703484,0.023000000044703484,0.02,0.15,0.0,0.0,0.0,0.0,0.0,0.0,0.0,0.0,0.0,0.0,0.0,0.0,0.15872031450271606,0.05296557396650314,0.0006916182792338077,17.762744903564453,141,nan,-1.0,True,,False,0.010050058364868164,0.0,0.010050058364868164,100.0,100.0,1.0,0.0,0.0,0.0,0.0,0.0
844,45.98393630981445,0.0,0.0,0.0,45.98393630981445,0.02472626604139805,3.1851000785827637,0.5609534382820129,0.0,0.0,0.0,0.0,0.0,0.0,0.0,0.0,0.0,0.0,0.0,0.0,0.023000000044703484,0.023000000044703484,0.02,0.15,0.0,0.0,0.0,0.0,0.0,0.0,0.0,0.0,0.0,0.0,0.0,0.0,0.15864166617393494,0.05317447707056999,0.0006633781981690845,17.762744903564453,141,nan,-1.0,True,,False,0.010050058364868164,0.0,0.010050058364868164,100.0,100.0,1.0,0.0,0.0,0.0,0.0,0.0
845,43.5709342956543,0.0,0.0,0.0,43.5709342956543,0.026787927374243736,3.1671218872070312,0.5607479810714722,0.0,0.0,0.0,0.0,0.0,0.0,0.0,0.0,0.0,0.0,0.0,0.0,0.023000000044703484,0.023000000044703484,0.02,0.15,0.0,0.0,0.0,0.0,0.0,0.0,0.0,0.0,0.0,0.0,0.0,0.0,0.15855252742767334,0.05338926240801811,0.0006357379693326948,17.762744903564453,141,nan,-1.0,True,,False,0.010050058364868164,0.0,0.010050058364868164,100.0,100.0,1.0,0.0,0.0,0.0,0.0,0.0
846,42.80984115600586,0.0,0.0,0.0,42.80984115600586,0.027478234842419624,3.1483817100524902,0.5605543255805969,0.0,0.0,0.0,0.0,0.0,0.0,0.0,0.0,0.0,0.0,0.0,0.0,0.023000000044703484,0.023000000044703484,0.02,0.15,0.0,0.0,0.0,0.0,0.0,0.0,0.0,0.0,0.0,0.0,0.0,0.0,0.15844598412513733,0.05361875146627426,0.000729768135897757,17.762744903564453,141,nan,-1.0,True,,False,0.010050058364868164,0.0,0.010050058364868164,100.0,100.0,1.0,0.0,0.0,0.0,0.0,0.0
847,41.99633026123047,0.0,0.0,0.0,41.99633026123047,0.02824728563427925,3.129607677459717,0.5603774785995483,0.0,0.0,0.0,0.0,0.0,0.0,0.0,0.0,0.0,0.0,0.0,0.0,0.023000000044703484,0.023000000044703484,0.02,0.15,0.0,0.0,0.0,0.0,0.0,0.0,0.0,0.0,0.0,0.0,0.0,0.0,0.15832513570785522,0.05385943502187729,0.0008258539064627257,17.762744903564453,141,nan,-1.0,True,,False,0.010050058364868164,0.0,0.010050058364868164,100.0,100.0,1.0,0.0,0.0,0.0,0.0,0.0
848,41.396339416503906,0.0,0.0,0.0,41.396339416503906,0.028831280767917633,3.109933853149414,0.5602071285247803,0.0,0.0,0.0,0.0,0.0,0.0,0.0,0.0,0.0,0.0,0.0,0.0,0.023000000044703484,0.023000000044703484,0.02,0.15,0.0,0.0,0.0,0.0,0.0,0.0,0.0,0.0,0.0,0.0,0.0,0.0,0.158186674118042,0.054117776453495026,0.000913951773327426,17.762744903564453,141,nan,-1.0,True,,False,0.010050058364868164,0.0,0.010050058364868164,100.0,100.0,1.0,0.0,0.0,0.0,0.0,0.0
849,40.50640869140625,0.0,0.0,0.0,40.50640869140625,0.029735632240772247,3.089803695678711,0.5600534081459045,0.0,0.0,0.0,0.0,0.0,0.0,0.0,0.0,0.0,0.0,0.0,0.0,0.023000000044703484,0.023000000044703484,0.02,0.15,0.0,0.0,0.0,0.0,0.0,0.0,0.0,0.0,0.0,0.0,0.0,0.0,0.1580321043729782,0.05439133197069168,0.0010151998135370377,17.762744903564453,141,nan,-1.0,True,,False,0.010050058364868164,0.0,0.010050058364868164,100.0,100.0,1.0,0.0,0.0,0.0,0.0,0.0
850,39.5701904296875,0.0,0.0,0.0,39.5701904296875,0.030730389058589935,3.069235324859619,0.5599122047424316,0.0,0.0,0.0,0.0,0.0,0.0,0.0,0.0,0.0,0.0,0.0,0.0,0.023000000044703484,0.023000000044703484,0.02,0.15,0.0,0.0,0.0,0.0,0.0,0.0,0.0,0.0,0.0,0.0,0.0,0.0,0.15786422789096832,0.05467987060546875,0.001117384692406631,17.762744903564453,141,nan,-1.0,True,,False,0.010050058364868164,0.0,0.010050058364868164,100.0,100.0,1.0,0.0,0.0,0.0,0.0,0.0
851,39.92383575439453,0.0,0.0,0.0,39.92383575439453,0.03033868595957756,3.0480799674987793,0.5597939491271973,0.0,0.0,0.0,0.0,0.0,0.0,0.0,0.0,0.0,0.0,0.0,0.0,0.023000000044703484,0.023000000044703484,0.02,0.15,0.0,0.0,0.0,0.0,0.0,0.0,0.0,0.0,0.0,0.0,0.0,0.0,0.15768340229988098,0.05498315766453743,0.001081063077890576,17.762744903564453,141,nan,-1.0,True,,False,0.010050058364868164,0.0,0.010050058364868164,100.0,100.0,1.0,0.0,0.0,0.0,0.0,0.0
852,43.61371994018555,0.0,0.0,0.0,43.61371994018555,0.026684138923883438,3.0272159576416016,0.5597080588340759,0.0,0.0,0.0,0.0,0.0,0.0,0.0,0.0,0.0,0.0,0.0,0.0,0.023000000044703484,0.023000000044703484,0.02,0.15000000000000002,0.0,0.0,0.0,0.0,0.0,0.0,0.0,0.0,0.0,0.0,0.0,0.0,0.1575005203485489,0.05526968464255333,0.0010156063817703398,17.762744903564453,141,nan,-1.0,True,,False,0.010050058364868164,0.0,0.010050058364868164,100.0,100.0,1.0,0.0,0.0,0.0,0.0,0.0
853,44.702423095703125,0.0,0.0,0.0,44.702423095703125,0.025716088712215424,3.0063400268554688,0.5596494674682617,0.0,0.0,0.0,0.0,0.0,0.0,0.0,0.0,0.0,0.0,0.0,0.0,0.023000000044703484,0.023000000044703484,0.02,0.15000000000000002,0.0,0.0,0.0,0.0,0.0,0.0,0.0,0.0,0.0,0.0,0.0,0.0,0.15731409192085266,0.055541858077049255,0.0009378019340147148,17.762744903564453,141,nan,-1.0,True,,False,0.010050058364868164,0.0,0.010050058364868164,100.0,100.0,1.0,0.0,0.0,0.0,0.0,0.0
854,42.75237274169922,0.0,0.0,0.0,42.75237274169922,0.027468932792544365,2.9850234985351562,0.5596057772636414,0.0,0.0,0.0,0.0,0.0,0.0,0.0,0.0,0.0,0.0,0.0,0.0,0.023000000044703484,0.023000000044703484,0.02,0.15,0.0,0.0,0.0,0.0,0.0,0.0,0.0,0.0,0.0,0.0,0.0,0.0,0.15712469816207886,0.05580095574259758,0.0008392428535444196,17.762744903564453,141,nan,-1.0,True,,False,0.010050058364868164,0.0,0.010050058364868164,100.0,100.0,1.0,0.0,0.0,0.0,0.0,0.0
855,38.72822952270508,0.0,0.0,0.0,38.72822952270508,0.031635865569114685,2.9641504287719727,0.5595628619194031,0.0,0.0,0.0,0.0,0.0,0.0,0.0,0.0,0.0,0.0,0.0,0.0,0.023000000044703484,0.023000000044703484,0.02,0.15,0.0,0.0,0.0,0.0,0.0,0.0,0.0,0.0,0.0,0.0,0.0,0.0,0.1569327712059021,0.056053537875413895,0.0007250034009302908,17.762744903564453,141,nan,-1.0,True,,False,0.010050058364868164,0.0,0.010050058364868164,100.0,100.0,1.0,0.0,0.0,0.0,0.0,0.0
856,34.6680908203125,0.0,0.0,0.0,34.6680908203125,0.03676280006766319,2.943244695663452,0.5595232844352722,0.0,0.0,0.0,0.0,0.0,0.0,0.0,0.0,0.0,0.0,0.0,0.0,0.023000000044703484,0.023000000044703484,0.02,0.15,0.0,0.0,0.0,0.0,0.0,0.0,0.0,0.0,0.0,0.0,0.0,0.0,0.1567375212907791,0.05629651993513107,0.0015154715529206442,17.762744903564453,141,nan,-1.0,True,,False,0.010050058364868164,0.0,0.010050058364868164,100.0,100.0,1.0,0.0,0.0,0.0,0.0,0.0
857,33.760555267333984,0.0,0.0,0.0,33.760555267333984,0.038055069744586945,2.9221837520599365,0.5594949722290039,0.0,0.0,0.0,0.0,0.0,0.0,0.0,0.0,0.0,0.0,0.0,0.0,0.023000000044703484,0.023000000044703484,0.02,0.15,0.0,0.0,0.0,0.0,0.0,0.0,0.0,0.0,0.0,0.0,0.0,0.0,0.15652890503406525,0.05655532330274582,0.0015517047922912752,17.762744903564453,141,nan,-1.0,True,,False,0.010050058364868164,0.0,0.010050058364868164,100.0,100.0,1.0,0.0,0.0,0.0,0.0,0.0
858,33.10688018798828,0.0,0.0,0.0,33.10688018798828,0.03902433067560196,2.9005541801452637,0.5594838261604309,0.0,0.0,0.0,0.0,0.0,0.0,0.0,0.0,0.0,0.0,0.0,0.0,0.023000000044703484,0.023000000044703484,0.020000000000000004,0.15,0.0,0.0,0.0,0.0,0.0,0.0,0.0,0.0,0.0,0.0,0.0,0.0,0.15630674362182617,0.056828681379556656,0.0016506765318808903,17.762744903564453,141,nan,-1.0,True,,False,0.010050058364868164,0.0,0.010050058364868164,100.0,100.0,1.0,0.0,0.0,0.0,0.0,0.0
859,32.112545013427734,0.0,0.0,0.0,32.112545013427734,0.04057437181472778,2.878830909729004,0.5595236420631409,0.0,0.0,0.0,0.0,0.0,0.0,0.0,0.0,0.0,0.0,0.0,0.0,0.023000000044703484,0.023000000044703484,0.02,0.15,0.0,0.0,0.0,0.0,0.0,0.0,0.0,0.0,0.0,0.0,0.0,0.0,0.1560768187046051,0.05711951479315758,0.0016774630344116304,17.762744903564453,141,nan,-1.0,True,,False,0.010050058364868164,0.0,0.010050058364868164,100.0,100.0,1.0,0.0,0.0,0.0,0.0,0.0
860,31.367305755615234,0.0,0.0,0.0,31.367305755615234,0.04179547727108002,2.8573410511016846,0.5596009492874146,0.0,0.0,0.0,0.0,0.0,0.0,0.0,0.0,0.0,0.0,0.0,0.0,0.023000000044703484,0.023000000044703484,0.02,0.15,0.0,0.0,0.0,0.0,0.0,0.0,0.0,0.0,0.0,0.0,0.0,0.0,0.1558406800031662,0.05742133408784866,0.0016894673062779475,17.762744903564453,141,nan,-1.0,True,,False,0.010050058364868164,0.0,0.010050058364868164,100.0,100.0,1.0,0.0,0.0,0.0,0.0,0.0
861,30.288516998291016,0.0,0.0,0.0,30.288516998291016,0.04365955665707588,2.8359014987945557,0.559703528881073,0.0,0.0,0.0,0.0,0.0,0.0,0.0,0.0,0.0,0.0,0.0,0.0,0.023000000044703484,0.023000000044703484,0.02,0.15,0.0,0.0,0.0,0.0,0.0,0.0,0.0,0.0,0.0,0.0,0.0,0.0,0.1555948704481125,0.05774429067969322,0.0016917516163630353,17.762744903564453,141,nan,-1.0,True,,False,0.010050058364868164,0.0,0.010050058364868164,100.0,100.0,1.0,0.0,0.0,0.0,0.0,0.0
862,29.425390243530273,0.0,0.0,0.0,29.425390243530273,0.045239027589559555,2.8141794204711914,0.5598201155662537,0.0,0.0,0.0,0.0,0.0,0.0,0.0,0.0,0.0,0.0,0.0,0.0,0.023000000044703484,0.023000000044703484,0.020000000000000004,0.15,0.0,0.0,0.0,0.0,0.0,0.0,0.0,0.0,0.0,0.0,0.0,0.0,0.15534333884716034,0.058090079575777054,0.0016938233147811843,17.762744903564453,141,nan,-1.0,True,,False,0.010050058364868164,0.0,0.010050058364868164,100.0,100.0,1.0,0.0,0.0,0.0,0.0,0.0
863,28.456314086914062,0.0,0.0,0.0,28.456314086914062,0.04711061343550682,2.7922842502593994,0.5599466562271118,0.0,0.0,0.0,0.0,0.0,0.0,0.0,0.0,0.0,0.0,0.0,0.0,0.023000000044703484,0.023000000044703484,0.02,0.15,0.0,0.0,0.0,0.0,0.0,0.0,0.0,0.0,0.0,0.0,0.0,0.0,0.1550816297531128,0.05845523998141289,0.0016788462121439807,17.762744903564453,141,nan,-1.0,True,,False,0.010050058364868164,0.0,0.010050058364868164,100.0,100.0,1.0,0.0,0.0,0.0,0.0,0.0
864,27.398029327392578,0.0,0.0,0.0,27.398029327392578,0.0492832288146019,2.7702746391296387,0.5600841045379639,0.0,0.0,0.0,0.0,0.0,0.0,0.0,0.0,0.0,0.0,0.0,0.0,0.023000000044703484,0.023000000044703484,0.02,0.15,0.0,0.0,0.0,0.0,0.0,0.0,0.0,0.0,0.0,0.0,0.0,0.0,0.1548093557357788,0.05883941054344177,0.0016386279344260402,17.762744903564453,141,nan,-1.0,True,,False,0.010050058364868164,0.0,0.010050058364868164,100.0,100.0,1.0,0.0,0.0,0.0,0.0,0.0
865,26.26621437072754,0.0,0.0,0.0,26.26621437072754,0.051770709455013275,2.7482354640960693,0.5602460503578186,0.0,0.0,0.0,0.0,0.0,0.0,0.0,0.0,0.0,0.0,0.0,0.0,0.023000000044703484,0.023000000044703484,0.02,0.15,0.0,0.0,0.0,0.0,0.0,0.0,0.0,0.0,0.0,0.0,0.0,0.0,0.15452563762664795,0.05924825742840767,0.0015913547963464225,17.762744903564453,141,nan,-1.0,True,,False,0.010050058364868164,0.0,0.010050058364868164,100.0,100.0,1.0,0.0,0.0,0.0,0.0,0.0
866,25.19523811340332,0.0,0.0,0.0,25.19523811340332,0.05429674685001373,2.726335048675537,0.5604240894317627,0.0,0.0,0.0,0.0,0.0,0.0,0.0,0.0,0.0,0.0,0.0,0.0,0.023000000044703484,0.023000000044703484,0.019999999999999997,0.15,0.0,0.0,0.0,0.0,0.0,0.0,0.0,0.0,0.0,0.0,0.0,0.0,0.15423382818698883,0.059678275138139725,0.0015513239632127807,17.762744903564453,141,nan,-1.0,True,,False,0.010050058364868164,0.0,0.010050058364868164,100.0,100.0,1.0,0.0,0.0,0.0,0.0,0.0
867,25.712257385253906,0.0,0.0,0.0,25.712257385253906,0.053074464201927185,2.7041351795196533,0.5606135725975037,0.0,0.0,0.0,0.0,0.0,0.0,0.0,0.0,0.0,0.0,0.0,0.0,0.023000000044703484,0.023000000044703484,0.02,0.15,0.0,0.0,0.0,0.0,0.0,0.0,0.0,0.0,0.0,0.0,0.0,0.0,0.15393242239952087,0.0601319894194603,0.0005590258615484345,17.762744903564453,141,nan,-1.0,True,,False,0.010050058364868164,0.0,0.010050058364868164,100.0,100.0,1.0,0.0,0.0,0.0,0.0,0.0
868,27.630891799926758,0.0,0.0,0.0,27.630891799926758,0.0488397590816021,2.6821320056915283,0.5608216524124146,0.0,0.0,0.0,0.0,0.0,0.0,0.0,0.0,0.0,0.0,0.0,0.0,0.023000000044703484,0.023000000044703484,0.02,0.15,0.0,0.0,0.0,0.0,0.0,0.0,0.0,0.0,0.0,0.0,0.0,0.0,0.15362775325775146,0.06058919057250023,0.0005279608790260681,17.762744903564453,141,nan,-1.0,True,,False,0.010050058364868164,0.0,0.010050058364868164,100.0,100.0,1.0,0.0,0.0,0.0,0.0,0.0
869,29.39695930480957,0.0,0.0,0.0,29.39695930480957,0.04535975307226181,2.660198211669922,0.561048150062561,0.0,0.0,0.0,0.0,0.0,0.0,0.0,0.0,0.0,0.0,0.0,0.0,0.023000000044703484,0.023000000044703484,0.02,0.15,0.0,0.0,0.0,0.0,0.0,0.0,0.0,0.0,0.0,0.0,0.0,0.0,0.15332360565662384,0.061082012951374054,0.0004806444285350153,17.762744903564453,141,nan,-1.0,True,,False,0.010050058364868164,0.0,0.010050058364868164,100.0,100.0,1.0,0.0,0.0,0.0,0.0,0.0
870,29.897354125976562,0.0,0.0,0.0,29.897354125976562,0.04444944113492966,2.6550941467285156,0.5612940192222595,0.0,0.0,0.0,0.0,0.0,0.0,0.0,0.0,0.0,0.0,0.0,0.0,0.023000000044703484,0.023000000044703484,0.02,0.15,0.0,0.0,0.0,0.0,0.0,0.0,0.0,0.0,0.0,0.0,0.0,0.0,0.15301620960235596,0.06158057227730751,0.0004482278641262383,17.762744903564453,141,nan,-1.0,True,,False,0.010050058364868164,0.0,0.010050058364868164,100.0,100.0,1.0,0.0,0.0,0.0,0.0,0.0
871,28.921031951904297,0.0,0.0,0.0,28.921031951904297,0.04629924148321152,2.670635223388672,0.561556875705719,0.0,0.0,0.0,0.0,0.0,0.0,0.0,0.0,0.0,0.0,0.0,0.0,0.023000000044703484,0.023000000044703484,0.02,0.15,0.0,0.0,0.0,0.0,0.0,0.0,0.0,0.0,0.0,0.0,0.0,0.0,0.15270890295505524,0.06208280473947525,0.00047160911935861805,17.762744903564453,141,nan,-1.0,True,,False,0.010050058364868164,0.0,0.010050058364868164,100.0,100.0,1.0,0.0,0.0,0.0,0.0,0.0
872,27.006147384643555,0.0,0.0,0.0,27.006147384643555,0.05024079978466034,2.6879801750183105,0.5618442893028259,0.0,0.0,0.0,0.0,0.0,0.0,0.0,0.0,0.0,0.0,0.0,0.0,0.023000000044703484,0.023000000044703484,0.02,0.15,0.0,0.0,0.0,0.0,0.0,0.0,0.0,0.0,0.0,0.0,0.0,0.0,0.1524013876914978,0.06258481740951538,0.0005533463122446847,17.762744903564453,141,nan,-1.0,True,,False,0.010050058364868164,0.0,0.010050058364868164,100.0,100.0,1.0,0.0,0.0,0.0,0.0,0.0
873,24.805280685424805,0.0,0.0,0.0,24.805280685424805,0.05538889393210411,2.709890842437744,0.5621426701545715,0.0,0.0,0.0,0.0,0.0,0.0,0.0,0.0,0.0,0.0,0.0,0.0,0.023000000044703484,0.023000000044703484,0.02,0.15,0.0,0.0,0.0,0.0,0.0,0.0,0.0,0.0,0.0,0.0,0.0,0.0,0.15209969878196716,0.06307622045278549,0.0006402840981536428,17.762744903564453,141,nan,-1.0,True,,False,0.010050058364868164,0.0,0.010050058364868164,100.0,100.0,1.0,0.0,0.0,0.0,0.0,0.0
874,21.076875686645508,0.0,0.0,0.0,21.076875686645508,0.06601162999868393,2.735386371612549,0.5624474883079529,0.0,0.0,0.0,0.0,0.0,0.0,0.0,0.0,0.0,0.0,0.0,0.0,0.023000000044703484,0.023000000044703484,0.02,0.15000000000000002,0.0,0.0,0.0,0.0,0.0,0.0,0.0,0.0,0.0,0.0,0.0,0.0,0.15180575847625732,0.06355351209640503,0.0007157088352869323,17.762744903564453,141,nan,-1.0,True,,False,0.010050058364868164,0.0,0.010050058364868164,100.0,100.0,1.0,0.0,0.0,0.0,0.0,0.0
875,23.32600975036621,0.0,0.0,0.0,23.32600975036621,0.05932479724287987,2.764065742492676,0.5627771019935608,0.0,0.0,0.0,0.0,0.0,0.0,0.0,0.0,0.0,0.0,0.0,0.0,0.023000000044703484,0.023000000044703484,0.02,0.15,0.0,0.0,0.0,0.0,0.0,0.0,0.0,0.0,0.0,0.0,0.0,0.0,0.15151694416999817,0.06402352452278137,0.0021529496475523047,17.762744903564453,141,nan,-1.0,True,,False,0.010050058364868164,0.0,0.010050058364868164,100.0,100.0,1.0,0.0,0.0,0.0,0.0,0.0
876,25.88863182067871,0.0,0.0,0.0,25.88863182067871,0.052853722125291824,2.793865203857422,0.5631216168403625,0.0,0.0,0.0,0.0,0.0,0.0,0.0,0.0,0.0,0.0,0.0,0.0,0.023000000044703484,0.023000000044703484,0.02,0.15,0.0,0.0,0.0,0.0,0.0,0.0,0.0,0.0,0.0,0.0,0.0,0.0,0.15124507248401642,0.06445775181055069,0.002122772176790022,17.762744903564453,141,nan,-1.0,True,,False,0.010050058364868164,0.0,0.010050058364868164,100.0,100.0,1.0,0.0,0.0,0.0,0.0,0.0
877,28.04160499572754,0.0,0.0,0.0,28.04160499572754,0.048184167593717575,2.824662208557129,0.5634694695472717,0.0,0.0,0.0,0.0,0.0,0.0,0.0,0.0,0.0,0.0,0.0,0.0,0.023000000044703484,0.023000000044703484,0.02,0.15000000000000002,0.0,0.0,0.0,0.0,0.0,0.0,0.0,0.0,0.0,0.0,0.0,0.0,0.1509910523891449,0.06485139578580856,0.0021189206518101855,17.762744903564453,141,nan,-1.0,True,,False,0.010050058364868164,0.0,0.010050058364868164,100.0,100.0,1.0,0.0,0.0,0.0,0.0,0.0
878,29.40390396118164,0.0,0.0,0.0,29.40390396118164,0.04554067552089691,2.857011318206787,0.5638197064399719,0.0,0.0,0.0,0.0,0.0,0.0,0.0,0.0,0.0,0.0,0.0,0.0,0.023000000044703484,0.023000000044703484,0.02,0.15,0.0,0.0,0.0,0.0,0.0,0.0,0.0,0.0,0.0,0.0,0.0,0.0,0.15075477957725525,0.06520885974168777,0.0021385453978837177,17.762744903564453,141,nan,-1.0,True,,False,0.010050058364868164,0.0,0.010050058364868164,100.0,100.0,1.0,0.0,0.0,0.0,0.0,0.0
879,29.524320602416992,0.0,0.0,0.0,29.524320602416992,0.04534554481506348,2.890583038330078,0.564181387424469,0.0,0.0,0.0,0.0,0.0,0.0,0.0,0.0,0.0,0.0,0.0,0.0,0.023000000044703484,0.023000000044703484,0.02,0.15,0.0,0.0,0.0,0.0,0.0,0.0,0.0,0.0,0.0,0.0,0.0,0.0,0.15053729712963104,0.06553072482347488,0.002136721477654646,17.762744903564453,141,nan,-1.0,True,,False,0.010050058364868164,0.0,0.010050058364868164,100.0,100.0,1.0,0.0,0.0,0.0,0.0,0.0
880,28.2022647857666,0.0,0.0,0.0,28.2022647857666,0.04795834422111511,2.925283432006836,0.5645478963851929,0.0,0.0,0.0,0.0,0.0,0.0,0.0,0.0,0.0,0.0,0.0,0.0,0.023000000044703484,0.023000000044703484,0.02,0.15,0.0,0.0,0.0,0.0,0.0,0.0,0.0,0.0,0.0,0.0,0.0,0.0,0.15033666789531708,0.06581570953130722,0.0021185932587286516,17.762744903564453,141,nan,-1.0,True,,False,0.010050058364868164,0.0,0.010050058364868164,100.0,100.0,1.0,0.0,0.0,0.0,0.0,0.0
881,34.609371185302734,0.0,0.0,0.0,34.609371185302734,0.03712993115186691,2.9609060287475586,0.5648919343948364,0.0,0.0,0.0,0.0,0.0,0.0,0.0,0.0,0.0,0.0,0.0,0.0,0.023000000044703484,0.023000000044703484,0.02,0.15,0.0,0.0,0.0,0.0,0.0,0.0,0.0,0.0,0.0,0.0,0.0,0.0,0.1501503735780716,0.0660678967833519,0.00041031607952390914,17.762744903564453,141,nan,-1.0,True,,False,0.010050058364868164,0.0,0.010050058364868164,100.0,100.0,1.0,0.0,0.0,0.0,0.0,0.0
882,68.7598648071289,0.0,0.0,0.0,68.7598648071289,0.012622617185115814,2.997951030731201,0.565165638923645,0.0,0.0,0.0,0.0,0.0,0.0,0.0,0.0,0.0,0.0,0.0,0.0,0.023000000044703484,0.023000000044703484,0.02,0.15,0.0,0.0,0.0,0.0,0.0,0.0,0.0,0.0,0.0,0.0,0.0,0.0,0.1499723345041275,0.066313736140728,0.00035543910325941397,17.762744903564453,141,nan,-1.0,True,,False,0.010050058364868164,0.0,0.010050058364868164,100.0,100.0,1.0,0.0,0.0,0.0,0.0,0.0
883,196.12530517578125,0.0,0.0,0.0,196.12530517578125,0.0009799915133044124,3.0429458618164062,0.5653708577156067,0.0,0.0,0.0,0.0,0.0,0.0,0.0,0.0,0.0,0.0,0.0,0.0,0.023000000044703484,0.023000000044703484,0.020000000000000004,0.14999999999999997,0.0,0.0,0.0,0.0,0.0,0.0,0.0,0.0,0.0,0.0,0.0,0.0,0.14980462193489075,0.06655418872833252,0.00203400049076663,17.762744903564453,141,nan,-1.0,True,,False,0.010050058364868164,0.0,0.010050058364868164,100.0,100.0,1.0,0.0,0.0,0.0,0.0,0.0
884,106.21441650390625,0.0,0.0,0.0,106.21441650390625,0.00512730423361063,3.090456485748291,0.5654959082603455,0.0,0.0,0.0,0.0,0.0,0.0,0.0,0.0,0.0,0.0,0.0,0.0,0.023000000044703484,0.023000000044703484,0.02,0.15,0.0,0.0,0.0,0.0,0.0,0.0,0.0,0.0,0.0,0.0,0.0,0.0,0.14964523911476135,0.06675538420677185,0.0018373104803686147,17.762744903564453,141,nan,-1.0,True,,False,0.010050058364868164,0.0,0.010050058364868164,100.0,100.0,1.0,0.0,0.0,0.0,0.0,0.0
885,80.4374771118164,0.0,0.0,0.0,80.4374771118164,0.009330631233751774,3.136044979095459,0.5656135082244873,0.0,0.0,0.0,0.0,0.0,0.0,0.0,0.0,0.0,0.0,0.0,0.0,0.023000000044703484,0.023000000044703484,0.02,0.15,0.0,0.0,0.0,0.0,0.0,0.0,0.0,0.0,0.0,0.0,0.0,0.0,0.14949065446853638,0.0669194757938385,0.0018377938054072729,17.762744903564453,141,nan,-1.0,True,,False,0.010050058364868164,0.0,0.010050058364868164,100.0,100.0,1.0,0.0,0.0,0.0,0.0,0.0
886,73.23636627197266,0.0,0.0,0.0,73.23636627197266,0.011216653510928154,3.179483413696289,0.5657150745391846,0.0,0.0,0.0,0.0,0.0,0.0,0.0,0.0,0.0,0.0,0.0,0.0,0.023000000044703484,0.023000000044703484,0.02,0.15,0.0,0.0,0.0,0.0,0.0,0.0,0.0,0.0,0.0,0.0,0.0,0.0,0.14934363961219788,0.0670476108789444,0.0018254128244734602,17.762744903564453,141,nan,-1.0,True,,False,0.010050058364868164,0.0,0.010050058364868164,100.0,100.0,1.0,0.0,0.0,0.0,0.0,0.0
887,72.15877532958984,0.0,0.0,0.0,72.15877532958984,0.011539997532963753,3.2198448181152344,0.5657901167869568,0.0,0.0,0.0,0.0,0.0,0.0,0.0,0.0,0.0,0.0,0.0,0.0,0.023000000044703484,0.023000000044703484,0.020000000000000004,0.15,0.0,0.0,0.0,0.0,0.0,0.0,0.0,0.0,0.0,0.0,0.0,0.0,0.14920371770858765,0.06713911890983582,0.0018089974037138745,17.762744903564453,141,nan,-1.0,True,,False,0.010050058364868164,0.0,0.010050058364868164,100.0,100.0,1.0,0.0,0.0,0.0,0.0,0.0
888,76.71270751953125,0.0,0.0,0.0,76.71270751953125,0.010255023837089539,3.257221221923828,0.5658501982688904,0.0,0.0,0.0,0.0,0.0,0.0,0.0,0.0,0.0,0.0,0.0,0.0,0.023000000044703484,0.023000000044703484,0.02,0.15,0.0,0.0,0.0,0.0,0.0,0.0,0.0,0.0,0.0,0.0,0.0,0.0,0.14907154440879822,0.0671781674027443,0.001768709134466917,17.762744903564453,141,nan,-1.0,True,,False,0.010050058364868164,0.0,0.010050058364868164,100.0,100.0,1.0,0.0,0.0,0.0,0.0,0.0
889,83.84850311279297,0.0,0.0,0.0,83.84850311279297,0.008581016212701797,3.2921433448791504,0.5658879280090332,0.0,0.0,0.0,0.0,0.0,0.0,0.0,0.0,0.0,0.0,0.0,0.0,0.023000000044703484,0.023000000044703484,0.02,0.15000000000000002,0.0,0.0,0.0,0.0,0.0,0.0,0.0,0.0,0.0,0.0,0.0,0.0,0.14894630014896393,0.06716840714216232,0.0017245227309103939,17.762744903564453,141,nan,-1.0,True,,False,0.010050058364868164,0.0,0.010050058364868164,100.0,100.0,1.0,0.0,0.0,0.0,0.0,0.0
890,102.2844467163086,0.0,0.0,0.0,102.2844467163086,0.005592645145952702,3.3241872787475586,0.565918505191803,0.0,0.0,0.0,0.0,0.0,0.0,0.0,0.0,0.0,0.0,0.0,0.0,0.023000000044703484,0.023000000044703484,0.02,0.15,0.0,0.0,0.0,0.0,0.0,0.0,0.0,0.0,0.0,0.0,0.0,0.0,0.14883069694042206,0.06711958348751068,0.0016325527826666075,17.762744903564453,141,nan,-1.0,True,,False,0.010050058364868164,0.0,0.010050058364868164,100.0,100.0,1.0,0.0,0.0,0.0,0.0,0.0
891,181.9009246826172,0.0,0.0,0.0,181.9009246826172,0.0012364322319626808,3.3540749549865723,0.5659418702125549,0.0,0.0,0.0,0.0,0.0,0.0,0.0,0.0,0.0,0.0,0.0,0.0,0.023000000044703484,0.023000000044703484,0.019999999999999997,0.15,0.0,0.0,0.0,0.0,0.0,0.0,0.0,0.0,0.0,0.0,0.0,0.0,0.14872519671916962,0.06703250110149384,0.0015331818526647112,17.762744903564453,141,nan,-1.0,True,,False,0.010050058364868164,0.0,0.010050058364868164,100.0,100.0,1.0,0.0,0.0,0.0,0.0,0.0
892,75.13436126708984,0.0,0.0,0.0,75.13436126708984,0.0106813358142972,3.3819804191589355,0.5659169554710388,0.0,0.0,0.0,0.0,0.0,0.0,0.0,0.0,0.0,0.0,0.0,0.0,0.023000000044703484,0.023000000044703484,0.02,0.15,0.0,0.0,0.0,0.0,0.0,0.0,0.0,0.0,0.0,0.0,0.0,0.0,0.1486317217350006,0.06690967828035355,0.0009951585884664382,17.762744903564453,141,nan,-1.0,True,,False,0.010050058364868164,0.0,0.010050058364868164,100.0,100.0,1.0,0.0,0.0,0.0,0.0,0.0
893,38.33951950073242,0.0,0.0,0.0,38.33951950073242,0.03237905353307724,3.4105935096740723,0.565859854221344,0.0,0.0,0.0,0.0,0.0,0.0,0.0,0.0,0.0,0.0,0.0,0.0,0.023000000044703484,0.023000000044703484,0.02,0.15000000000000002,0.0,0.0,0.0,0.0,0.0,0.0,0.0,0.0,0.0,0.0,0.0,0.0,0.14853549003601074,0.06679198145866394,0.0010884699086091132,17.762744903564453,141,nan,-1.0,True,,False,0.010050058364868164,0.0,0.010050058364868164,100.0,100.0,1.0,0.0,0.0,0.0,0.0,0.0
894,23.20041275024414,0.0,0.0,0.0,23.20041275024414,0.06000111997127533,3.4404239654541016,0.5657918453216553,0.0,0.0,0.0,0.0,0.0,0.0,0.0,0.0,0.0,0.0,0.0,0.0,0.023000000044703484,0.023000000044703484,0.02,0.14999999999999997,0.0,0.0,0.0,0.0,0.0,0.0,0.0,0.0,0.0,0.0,0.0,0.0,0.1484360247850418,0.06668838858604431,0.0011883802526426734,17.762744903564453,141,nan,-1.0,True,,False,0.010050058364868164,0.0,0.010050058364868164,100.0,100.0,1.0,0.0,0.0,0.0,0.0,0.0
895,14.906842231750488,0.0,0.0,0.0,14.906842231750488,0.09456995874643326,3.4710354804992676,0.5656996369361877,0.0,0.0,0.0,0.0,0.0,0.0,0.0,0.0,0.0,0.0,0.0,0.0,0.023000000044703484,0.023000000044703484,0.02,0.15,0.0,0.0,0.0,0.0,0.0,0.0,0.0,0.0,0.0,0.0,0.0,0.0,0.14833161234855652,0.06659984588623047,0.00225995647133459,14.906842231750488,895,nan,-1.0,True,,False,0.010050058364868164,0.0,0.010050058364868164,100.0,100.0,1.0,0.0,0.0,0.0,0.0,0.0
896,15.062585830688477,0.0,0.0,0.0,15.062585830688477,0.09503570199012756,3.5024290084838867,0.5656334757804871,0.0,0.0,0.0,0.0,0.0,0.0,0.0,0.0,0.0,0.0,0.0,0.0,0.023000000044703484,0.023000000044703484,0.02,0.15,0.0,0.0,0.0,0.0,0.0,0.0,0.0,0.0,0.0,0.0,0.0,0.0,0.14821912348270416,0.06654254347085953,0.0018705072407101397,14.906842231750488,895,nan,-1.0,True,,False,0.010050058364868164,0.0,0.010050058364868164,100.0,100.0,1.0,0.0,0.0,0.0,0.0,0.0
897,19.260040283203125,0.0,0.0,0.0,19.260040283203125,0.07269354909658432,3.534175395965576,0.56559157371521,0.0,0.0,0.0,0.0,0.0,0.0,0.0,0.0,0.0,0.0,0.0,0.0,0.023000000044703484,0.023000000044703484,0.02,0.15,0.0,0.0,0.0,0.0,0.0,0.0,0.0,0.0,0.0,0.0,0.0,0.0,0.14809589087963104,0.06650849431753159,0.0015362909548457537,14.906842231750488,895,nan,-1.0,True,,False,0.010050058364868164,0.0,0.010050058364868164,100.0,100.0,1.0,0.0,0.0,0.0,0.0,0.0
898,24.751388549804688,0.0,0.0,0.0,24.751388549804688,0.05585373193025589,3.5644779205322266,0.5655536651611328,0.0,0.0,0.0,0.0,0.0,0.0,0.0,0.0,0.0,0.0,0.0,0.0,0.023000000044703484,0.023000000044703484,0.02,0.15,0.0,0.0,0.0,0.0,0.0,0.0,0.0,0.0,0.0,0.0,0.0,0.0,0.14797791838645935,0.066460981965065,0.0015486038782910327,14.906842231750488,895,nan,-1.0,True,,False,0.010050058364868164,0.0,0.010050058364868164,100.0,100.0,1.0,0.0,0.0,0.0,0.0,0.0
899,29.36344337463379,0.0,0.0,0.0,29.36344337463379,0.04576621577143669,3.5918421745300293,0.5655183792114258,0.0,0.0,0.0,0.0,0.0,0.0,0.0,0.0,0.0,0.0,0.0,0.0,0.023000000044703484,0.023000000044703484,0.02,0.15,0.0,0.0,0.0,0.0,0.0,0.0,0.0,0.0,0.0,0.0,0.0,0.0,0.14786748588085175,0.06640265882015228,0.0015545020014542388,14.906842231750488,895,nan,-1.0,True,,False,0.010050058364868164,0.0,0.010050058364868164,100.0,100.0,1.0,0.0,0.0,0.0,0.0,0.0
900,31.818178176879883,0.0,0.0,0.0,31.818178176879883,0.04142719507217407,3.61684513092041,0.5654832720756531,0.0,0.0,0.0,0.0,0.0,0.0,0.0,0.0,0.0,0.0,0.0,0.0,0.023000000044703484,0.023000000044703484,0.02,0.15,0.0,0.0,0.0,0.0,0.0,0.0,0.0,0.0,0.0,0.0,0.0,0.0,0.14776162803173065,0.06634429097175598,0.0015610478735652578,14.906842231750488,895,nan,-1.0,True,,False,0.010050058364868164,0.0,0.010050058364868164,100.0,100.0,1.0,0.0,0.0,0.0,0.0,0.0
901,30.213825225830078,0.0,0.0,0.0,30.213825225830078,0.04419093206524849,3.6396079063415527,0.5654468536376953,0.0,0.0,0.0,0.0,0.0,0.0,0.0,0.0,0.0,0.0,0.0,0.0,0.023000000044703484,0.023000000044703484,0.02,0.15000000000000002,0.0,0.0,0.0,0.0,0.0,0.0,0.0,0.0,0.0,0.0,0.0,0.0,0.14766556024551392,0.06627507507801056,0.0015461889647667704,14.906842231750488,895,nan,-1.0,True,,False,0.010050058364868164,0.0,0.010050058364868164,100.0,100.0,1.0,0.0,0.0,0.0,0.0,0.0
902,26.49123764038086,0.0,0.0,0.0,26.49123764038086,0.051698602735996246,3.659762382507324,0.5654089450836182,0.0,0.0,0.0,0.0,0.0,0.0,0.0,0.0,0.0,0.0,0.0,0.0,0.023000000044703484,0.023000000044703484,0.02,0.15,0.0,0.0,0.0,0.0,0.0,0.0,0.0,0.0,0.0,0.0,0.0,0.0,0.14759013056755066,0.06611035764217377,0.0015133473771129502,14.906842231750488,895,nan,-1.0,True,,False,0.010050058364868164,0.0,0.010050058364868164,100.0,100.0,1.0,0.0,0.0,0.0,0.0,0.0
903,24.19530487060547,0.0,0.0,0.0,24.19530487060547,0.05727469548583031,3.677276611328125,0.5653862953186035,0.0,0.0,0.0,0.0,0.0,0.0,0.0,0.0,0.0,0.0,0.0,0.0,0.023000000044703484,0.023000000044703484,0.02,0.15,0.0,0.0,0.0,0.0,0.0,0.0,0.0,0.0,0.0,0.0,0.0,0.0,0.14753004908561707,0.06579599529504776,0.0014615831346418418,14.906842231750488,895,nan,-1.0,True,,False,0.010050058364868164,0.0,0.010050058364868164,100.0,100.0,1.0,0.0,0.0,0.0,0.0,0.0
904,22.939233779907227,0.0,0.0,0.0,22.939233779907227,0.060706742107868195,3.692063331604004,0.56537926197052,0.0,0.0,0.0,0.0,0.0,0.0,0.0,0.0,0.0,0.0,0.0,0.0,0.023000000044703484,0.023000000044703484,0.02,0.14999999999999997,0.0,0.0,0.0,0.0,0.0,0.0,0.0,0.0,0.0,0.0,0.0,0.0,0.14748187363147736,0.06547923386096954,0.001382805604407622,14.906842231750488,895,nan,-1.0,True,,False,0.010050058364868164,0.0,0.010050058364868164,100.0,100.0,1.0,0.0,0.0,0.0,0.0,0.0
905,21.17963409423828,0.0,0.0,0.0,21.17963409423828,0.06604671478271484,3.7048206329345703,0.5653737187385559,0.0,0.0,0.0,0.0,0.0,0.0,0.0,0.0,0.0,0.0,0.0,0.0,0.023000000044703484,0.023000000044703484,0.02,0.15000000000000002,0.0,0.0,0.0,0.0,0.0,0.0,0.0,0.0,0.0,0.0,0.0,0.0,0.14744122326374054,0.06517016142606735,0.0012478689586714609,14.906842231750488,895,nan,-1.0,True,,False,0.010050058364868164,0.0,0.010050058364868164,100.0,100.0,1.0,0.0,0.0,0.0,0.0,0.0
906,20.611597061157227,0.0,0.0,0.0,20.611597061157227,0.06792619079351425,3.714749336242676,0.5653673410415649,0.0,0.0,0.0,0.0,0.0,0.0,0.0,0.0,0.0,0.0,0.0,0.0,0.023000000044703484,0.023000000044703484,0.02,0.15,0.0,0.0,0.0,0.0,0.0,0.0,0.0,0.0,0.0,0.0,0.0,0.0,0.14741897583007812,0.0648687407374382,0.0006744271390743961,14.906842231750488,895,nan,-1.0,True,,False,0.010050058364868164,0.0,0.010050058364868164,100.0,100.0,1.0,0.0,0.0,0.0,0.0,0.0
907,22.877002716064453,0.0,0.0,0.0,22.877002716064453,0.06090523302555084,3.725599765777588,0.5653601288795471,0.0,0.0,0.0,0.0,0.0,0.0,0.0,0.0,0.0,0.0,0.0,0.0,0.023000000044703484,0.023000000044703484,0.02,0.15000000000000002,0.0,0.0,0.0,0.0,0.0,0.0,0.0,0.0,0.0,0.0,0.0,0.0,0.1474139392375946,0.06462062895298004,0.0006597948326998448,14.906842231750488,895,nan,-1.0,True,,False,0.010050058364868164,0.0,0.010050058364868164,100.0,100.0,1.0,0.0,0.0,0.0,0.0,0.0
908,25.29136085510254,0.0,0.0,0.0,25.29136085510254,0.05453800782561302,3.7366480827331543,0.5653504133224487,0.0,0.0,0.0,0.0,0.0,0.0,0.0,0.0,0.0,0.0,0.0,0.0,0.023000000044703484,0.023000000044703484,0.02,0.15,0.0,0.0,0.0,0.0,0.0,0.0,0.0,0.0,0.0,0.0,0.0,0.0,0.14742308855056763,0.06442464888095856,0.0006541589173139073,14.906842231750488,895,nan,-1.0,True,,False,0.010050058364868164,0.0,0.010050058364868164,100.0,100.0,1.0,0.0,0.0,0.0,0.0,0.0
909,27.926727294921875,0.0,0.0,0.0,27.926727294921875,0.04863304644823074,3.7482519149780273,0.5653395652770996,0.0,0.0,0.0,0.0,0.0,0.0,0.0,0.0,0.0,0.0,0.0,0.0,0.023000000044703484,0.023000000044703484,0.02,0.15000000000000002,0.0,0.0,0.0,0.0,0.0,0.0,0.0,0.0,0.0,0.0,0.0,0.0,0.14743457734584808,0.06427926570177078,0.0006508971500807093,14.906842231750488,895,nan,-1.0,True,,False,0.010050058364868164,0.0,0.010050058364868164,100.0,100.0,1.0,0.0,0.0,0.0,0.0,0.0
910,30.499300003051758,0.0,0.0,0.0,30.499300003051758,0.043710798025131226,3.755281925201416,0.565318763256073,0.0,0.0,0.0,0.0,0.0,0.0,0.0,0.0,0.0,0.0,0.0,0.0,0.023000000044703484,0.023000000044703484,0.02,0.14999999999999997,0.0,0.0,0.0,0.0,0.0,0.0,0.0,0.0,0.0,0.0,0.0,0.0,0.14745566248893738,0.06418859958648682,0.0007014426496425585,14.906842231750488,895,nan,-1.0,True,,False,0.010050058364868164,0.0,0.010050058364868164,100.0,100.0,1.0,0.0,0.0,0.0,0.0,0.0
911,32.78328323364258,0.0,0.0,0.0,32.78328323364258,0.039910051971673965,3.7553577423095703,0.5652870535850525,0.0,0.0,0.0,0.0,0.0,0.0,0.0,0.0,0.0,0.0,0.0,0.0,0.023000000044703484,0.023000000044703484,0.02,0.15000000000000002,0.0,0.0,0.0,0.0,0.0,0.0,0.0,0.0,0.0,0.0,0.0,0.0,0.14749343693256378,0.06415273249149323,0.0007991240113369713,14.906842231750488,895,nan,-1.0,True,,False,0.010050058364868164,0.0,0.010050058364868164,100.0,100.0,1.0,0.0,0.0,0.0,0.0,0.0
912,34.87028121948242,0.0,0.0,0.0,34.87028121948242,0.03683008998632431,3.7575182914733887,0.5652626156806946,0.0,0.0,0.0,0.0,0.0,0.0,0.0,0.0,0.0,0.0,0.0,0.0,0.023000000044703484,0.023000000044703484,0.020000000000000004,0.15000000000000002,0.0,0.0,0.0,0.0,0.0,0.0,0.0,0.0,0.0,0.0,0.0,0.0,0.1475432962179184,0.06416666507720947,0.0009391163293912541,14.906842231750488,895,nan,-1.0,True,,False,0.010050058364868164,0.0,0.010050058364868164,100.0,100.0,1.0,0.0,0.0,0.0,0.0,0.0
913,36.99859619140625,0.0,0.0,0.0,36.99859619140625,0.03401773422956467,3.758777618408203,0.5652239322662354,0.0,0.0,0.0,0.0,0.0,0.0,0.0,0.0,0.0,0.0,0.0,0.0,0.023000000044703484,0.023000000044703484,0.02,0.15,0.0,0.0,0.0,0.0,0.0,0.0,0.0,0.0,0.0,0.0,0.0,0.0,0.14760448038578033,0.06422778964042664,0.0011293756156192103,14.906842231750488,895,nan,-1.0,True,,False,0.010050058364868164,0.0,0.010050058364868164,100.0,100.0,1.0,0.0,0.0,0.0,0.0,0.0
914,40.612586975097656,0.0,0.0,0.0,40.612586975097656,0.02987273782491684,3.758270263671875,0.5651792287826538,0.0,0.0,0.0,0.0,0.0,0.0,0.0,0.0,0.0,0.0,0.0,0.0,0.023000000044703484,0.023000000044703484,0.02,0.14999999999999997,0.0,0.0,0.0,0.0,0.0,0.0,0.0,0.0,0.0,0.0,0.0,0.0,0.14767050743103027,0.0643305554986,0.001686457582309231,14.906842231750488,895,nan,-1.0,True,,False,0.010050058364868164,0.0,0.010050058364868164,100.0,100.0,1.0,0.0,0.0,0.0,0.0,0.0
915,45.516117095947266,0.0,0.0,0.0,45.516117095947266,0.02526925504207611,3.757364273071289,0.5651482343673706,0.0,0.0,0.0,0.0,0.0,0.0,0.0,0.0,0.0,0.0,0.0,0.0,0.023000000044703484,0.023000000044703484,0.02,0.15,0.0,0.0,0.0,0.0,0.0,0.0,0.0,0.0,0.0,0.0,0.0,0.0,0.1477309912443161,0.0644565224647522,0.0016417388496847707,14.906842231750488,895,nan,-1.0,True,,False,0.010050058364868164,0.0,0.010050058364868164,100.0,100.0,1.0,0.0,0.0,0.0,0.0,0.0
916,50.378231048583984,0.0,0.0,0.0,50.378231048583984,0.021595250815153122,3.7564706802368164,0.565132737159729,0.0,0.0,0.0,0.0,0.0,0.0,0.0,0.0,0.0,0.0,0.0,0.0,0.023000000044703484,0.023000000044703484,0.019999999999999997,0.15,0.0,0.0,0.0,0.0,0.0,0.0,0.0,0.0,0.0,0.0,0.0,0.0,0.14778514206409454,0.06459947675466537,0.0015884608765190933,14.906842231750488,895,nan,-1.0,True,,False,0.010050058364868164,0.0,0.010050058364868164,100.0,100.0,1.0,0.0,0.0,0.0,0.0,0.0
917,53.133522033691406,0.0,0.0,0.0,53.133522033691406,0.01982775889337063,3.755323886871338,0.5651321411132812,0.0,0.0,0.0,0.0,0.0,0.0,0.0,0.0,0.0,0.0,0.0,0.0,0.023000000044703484,0.023000000044703484,0.02,0.15,0.0,0.0,0.0,0.0,0.0,0.0,0.0,0.0,0.0,0.0,0.0,0.0,0.14782758057117462,0.06475373357534409,0.0015403760526169208,14.906842231750488,895,nan,-1.0,True,,False,0.010050058364868164,0.0,0.010050058364868164,100.0,100.0,1.0,0.0,0.0,0.0,0.0,0.0
918,54.55024719238281,0.0,0.0,0.0,54.55024719238281,0.019001096487045288,3.7537899017333984,0.5651628971099854,0.0,0.0,0.0,0.0,0.0,0.0,0.0,0.0,0.0,0.0,0.0,0.0,0.023000000044703484,0.023000000044703484,0.02,0.15,0.0,0.0,0.0,0.0,0.0,0.0,0.0,0.0,0.0,0.0,0.0,0.0,0.14786559343338013,0.06491944938898087,0.0014745351081728586,14.906842231750488,895,nan,-1.0,True,,False,0.010050058364868164,0.0,0.010050058364868164,100.0,100.0,1.0,0.0,0.0,0.0,0.0,0.0
919,54.653724670410156,0.0,0.0,0.0,54.653724670410156,0.018963243812322617,3.753732204437256,0.5652185678482056,0.0,0.0,0.0,0.0,0.0,0.0,0.0,0.0,0.0,0.0,0.0,0.0,0.023000000044703484,0.023000000044703484,0.02,0.15,0.0,0.0,0.0,0.0,0.0,0.0,0.0,0.0,0.0,0.0,0.0,0.0,0.1478971540927887,0.0650935247540474,0.0014278465919232985,14.906842231750488,895,nan,-1.0,True,,False,0.010050058364868164,0.0,0.010050058364868164,100.0,100.0,1.0,0.0,0.0,0.0,0.0,0.0
920,122.0928955078125,0.0,0.0,0.0,122.0928955078125,0.003691242542117834,3.754373073577881,0.5653093457221985,0.0,0.0,0.0,0.0,0.0,0.0,0.0,0.0,0.0,0.0,0.0,0.0,0.023000000044703484,0.023000000044703484,0.02,0.14999999999999997,0.0,0.0,0.0,0.0,0.0,0.0,0.0,0.0,0.0,0.0,0.0,0.0,0.1479206681251526,0.06527990847826004,0.0005879765753888933,14.906842231750488,895,nan,-1.0,True,,False,0.010050058364868164,0.0,0.010050058364868164,100.0,100.0,1.0,0.0,0.0,0.0,0.0,0.0
921,71.19723510742188,0.0,0.0,0.0,71.19723510742188,0.01188886072486639,3.755366325378418,0.565312385559082,0.0,0.0,0.0,0.0,0.0,0.0,0.0,0.0,0.0,0.0,0.0,0.0,0.023000000044703484,0.023000000044703484,0.02,0.15,0.0,0.0,0.0,0.0,0.0,0.0,0.0,0.0,0.0,0.0,0.0,0.0,0.14794813096523285,0.065475232899189,0.0016904482122299669,14.906842231750488,895,nan,-1.0,True,,False,0.010050058364868164,0.0,0.010050058364868164,100.0,100.0,1.0,0.0,0.0,0.0,0.0,0.0
922,85.09938049316406,0.0,0.0,0.0,85.09938049316406,0.008351816795766354,3.7553324699401855,0.565327525138855,0.0,0.0,0.0,0.0,0.0,0.0,0.0,0.0,0.0,0.0,0.0,0.0,0.023000000044703484,0.023000000044703484,0.02,0.15,0.0,0.0,0.0,0.0,0.0,0.0,0.0,0.0,0.0,0.0,0.0,0.0,0.14795497059822083,0.06563390791416168,0.0009064193682206678,14.906842231750488,895,nan,-1.0,True,,False,0.010050058364868164,0.0,0.010050058364868164,100.0,100.0,1.0,0.0,0.0,0.0,0.0,0.0
923,122.18357849121094,0.0,0.0,0.0,122.18357849121094,0.003682776354253292,3.7557220458984375,0.5653752088546753,0.0,0.0,0.0,0.0,0.0,0.0,0.0,0.0,0.0,0.0,0.0,0.0,0.023000000044703484,0.023000000044703484,0.02,0.15,0.0,0.0,0.0,0.0,0.0,0.0,0.0,0.0,0.0,0.0,0.0,0.0,0.14795589447021484,0.06578832119703293,0.0009061988225766981,14.906842231750488,895,nan,-1.0,True,,False,0.010050058364868164,0.0,0.010050058364868164,100.0,100.0,1.0,0.0,0.0,0.0,0.0,0.0
924,281.156494140625,0.0,0.0,0.0,281.156494140625,0.00028578712954185903,3.753509044647217,0.5654345154762268,0.0,0.0,0.0,0.0,0.0,0.0,0.0,0.0,0.0,0.0,0.0,0.0,0.023000000044703484,0.023000000044703484,0.02,0.15000000000000002,0.0,0.0,0.0,0.0,0.0,0.0,0.0,0.0,0.0,0.0,0.0,0.0,0.14795181155204773,0.06590349972248077,0.0009066303496183536,14.906842231750488,895,nan,-1.0,True,,False,0.010050058364868164,0.0,0.010050058364868164,100.0,100.0,1.0,0.0,0.0,0.0,0.0,0.0
925,149.69915771484375,0.0,0.0,0.0,149.69915771484375,0.0021700821816921234,3.7492661476135254,0.5654895305633545,0.0,0.0,0.0,0.0,0.0,0.0,0.0,0.0,0.0,0.0,0.0,0.0,0.023000000044703484,0.023000000044703484,0.02,0.15,0.0,0.0,0.0,0.0,0.0,0.0,0.0,0.0,0.0,0.0,0.0,0.0,0.14795754849910736,0.06602097302675247,0.0008944023111325805,14.906842231750488,895,nan,-1.0,True,,False,0.010050058364868164,0.0,0.010050058364868164,100.0,100.0,1.0,0.0,0.0,0.0,0.0,0.0
926,103.4209213256836,0.0,0.0,0.0,103.4209213256836,0.005471828393638134,3.7430481910705566,0.5655613541603088,0.0,0.0,0.0,0.0,0.0,0.0,0.0,0.0,0.0,0.0,0.0,0.0,0.023000000044703484,0.023000000044703484,0.02,0.15,0.0,0.0,0.0,0.0,0.0,0.0,0.0,0.0,0.0,0.0,0.0,0.0,0.14796072244644165,0.06611660122871399,0.0008927883186515828,14.906842231750488,895,nan,-1.0,True,,False,0.010050058364868164,0.0,0.010050058364868164,100.0,100.0,1.0,0.0,0.0,0.0,0.0,0.0
927,77.43803405761719,0.0,0.0,0.0,77.43803405761719,0.010111818090081215,3.7351574897766113,0.5656437873840332,0.0,0.0,0.0,0.0,0.0,0.0,0.0,0.0,0.0,0.0,0.0,0.0,0.023000000044703484,0.023000000044703484,0.02,0.15,0.0,0.0,0.0,0.0,0.0,0.0,0.0,0.0,0.0,0.0,0.0,0.0,0.14796172082424164,0.06618867814540863,0.0009000483073577925,14.906842231750488,895,nan,-1.0,True,,False,0.010050058364868164,0.0,0.010050058364868164,100.0,100.0,1.0,0.0,0.0,0.0,0.0,0.0
928,86.65621185302734,0.0,0.0,0.0,86.65621185302734,0.008055798709392548,3.726818084716797,0.5657383799552917,0.0,0.0,0.0,0.0,0.0,0.0,0.0,0.0,0.0,0.0,0.0,0.0,0.023000000044703484,0.023000000044703484,0.02,0.15,0.0,0.0,0.0,0.0,0.0,0.0,0.0,0.0,0.0,0.0,0.0,0.0,0.14795896410942078,0.06623818725347519,0.0010044332334473438,14.906842231750488,895,nan,-1.0,True,,False,0.010050058364868164,0.0,0.010050058364868164,100.0,100.0,1.0,0.0,0.0,0.0,0.0,0.0
929,117.36084747314453,0.0,0.0,0.0,117.36084747314453,0.0040698605589568615,3.721553325653076,0.5658104419708252,0.0,0.0,0.0,0.0,0.0,0.0,0.0,0.0,0.0,0.0,0.0,0.0,0.023000000044703484,0.023000000044703484,0.02,0.15,0.0,0.0,0.0,0.0,0.0,0.0,0.0,0.0,0.0,0.0,0.0,0.0,0.14796903729438782,0.06625798344612122,0.000966264607541234,14.906842231750488,895,nan,-1.0,True,,False,0.010050058364868164,0.0,0.010050058364868164,100.0,100.0,1.0,0.0,0.0,0.0,0.0,0.0
930,117.29837036132812,0.0,0.0,0.0,117.29837036132812,0.00407679658383131,3.7165346145629883,0.5658689141273499,0.0,0.0,0.0,0.0,0.0,0.0,0.0,0.0,0.0,0.0,0.0,0.0,0.023000000044703484,0.023000000044703484,0.02,0.15,0.0,0.0,0.0,0.0,0.0,0.0,0.0,0.0,0.0,0.0,0.0,0.0,0.1479945182800293,0.0662480890750885,0.0009212599884449446,14.906842231750488,895,nan,-1.0,True,,False,0.010050058364868164,0.0,0.010050058364868164,100.0,100.0,1.0,0.0,0.0,0.0,0.0,0.0
931,96.14148712158203,0.0,0.0,0.0,96.14148712158203,0.006457909010350704,3.7096447944641113,0.5659166574478149,0.0,0.0,0.0,0.0,0.0,0.0,0.0,0.0,0.0,0.0,0.0,0.0,0.023000000044703484,0.023000000044703484,0.02,0.15,0.0,0.0,0.0,0.0,0.0,0.0,0.0,0.0,0.0,0.0,0.0,0.0,0.148036390542984,0.0662066861987114,0.001798235805836157,14.906842231750488,895,nan,-1.0,True,,False,0.010050058364868164,0.0,0.010050058364868164,100.0,100.0,1.0,0.0,0.0,0.0,0.0,0.0
932,77.61972045898438,0.0,0.0,0.0,77.61972045898438,0.010079719126224518,3.7042789459228516,0.5659176111221313,0.0,0.0,0.0,0.0,0.0,0.0,0.0,0.0,0.0,0.0,0.0,0.0,0.023000000044703484,0.023000000044703484,0.02,0.15000000000000002,0.0,0.0,0.0,0.0,0.0,0.0,0.0,0.0,0.0,0.0,0.0,0.0,0.148081436753273,0.06616886705160141,0.0009050750072674418,14.906842231750488,895,nan,-1.0,True,,False,0.010050058364868164,0.0,0.010050058364868164,100.0,100.0,1.0,0.0,0.0,0.0,0.0,0.0
933,157.84420776367188,0.0,0.0,0.0,157.84420776367188,0.0018751109018921852,3.699199676513672,0.5659084320068359,0.0,0.0,0.0,0.0,0.0,0.0,0.0,0.0,0.0,0.0,0.0,0.0,0.023000000044703484,0.023000000044703484,0.02,0.15,0.0,0.0,0.0,0.0,0.0,0.0,0.0,0.0,0.0,0.0,0.0,0.0,0.14814035594463348,0.06610036641359329,0.0011854001068059006,14.906842231750488,895,nan,-1.0,True,,False,0.010050058364868164,0.0,0.010050058364868164,100.0,100.0,1.0,0.0,0.0,0.0,0.0,0.0
934,59.507301330566406,0.0,0.0,0.0,59.507301330566406,0.016454171389341354,3.694427013397217,0.5658795237541199,0.0,0.0,0.0,0.0,0.0,0.0,0.0,0.0,0.0,0.0,0.0,0.0,0.023000000044703484,0.023000000044703484,0.02,0.15000000000000002,0.0,0.0,0.0,0.0,0.0,0.0,0.0,0.0,0.0,0.0,0.0,0.0,0.14820760488510132,0.06600832939147949,0.0011608428635554446,14.906842231750488,895,nan,-1.0,True,,False,0.010050058364868164,0.0,0.010050058364868164,100.0,100.0,1.0,0.0,0.0,0.0,0.0,0.0
935,48.00602340698242,0.0,0.0,0.0,48.00602340698242,0.02339763566851616,3.6897788047790527,0.565859854221344,0.0,0.0,0.0,0.0,0.0,0.0,0.0,0.0,0.0,0.0,0.0,0.0,0.023000000044703484,0.023000000044703484,0.02,0.15000000000000002,0.0,0.0,0.0,0.0,0.0,0.0,0.0,0.0,0.0,0.0,0.0,0.0,0.1482846587896347,0.06589535623788834,0.0012404745280036877,14.906842231750488,895,nan,-1.0,True,,False,0.010050058364868164,0.0,0.010050058364868164,100.0,100.0,1.0,0.0,0.0,0.0,0.0,0.0
936,86.02880859375,0.0,0.0,0.0,86.02880859375,0.008170081302523613,3.6843981742858887,0.5658682584762573,0.0,0.0,0.0,0.0,0.0,0.0,0.0,0.0,0.0,0.0,0.0,0.0,0.023000000044703484,0.023000000044703484,0.02,0.15,0.0,0.0,0.0,0.0,0.0,0.0,0.0,0.0,0.0,0.0,0.0,0.0,0.14835737645626068,0.06579125672578812,0.0009159817464023945,14.906842231750488,895,nan,-1.0,True,,False,0.010050058364868164,0.0,0.010050058364868164,100.0,100.0,1.0,0.0,0.0,0.0,0.0,0.0
937,79.59750366210938,0.0,0.0,0.0,79.59750366210938,0.009571189060807228,3.67781925201416,0.5658604502677917,0.0,0.0,0.0,0.0,0.0,0.0,0.0,0.0,0.0,0.0,0.0,0.0,0.023000000044703484,0.023000000044703484,0.020000000000000004,0.15000000000000002,0.0,0.0,0.0,0.0,0.0,0.0,0.0,0.0,0.0,0.0,0.0,0.0,0.14842720329761505,0.06568517535924911,0.0008931621928240929,14.906842231750488,895,nan,-1.0,True,,False,0.010050058364868164,0.0,0.010050058364868164,100.0,100.0,1.0,0.0,0.0,0.0,0.0,0.0
938,65.88577270507812,0.0,0.0,0.0,65.88577270507812,0.01372565794736147,3.6716294288635254,0.5658631920814514,0.0,0.0,0.0,0.0,0.0,0.0,0.0,0.0,0.0,0.0,0.0,0.0,0.023000000044703484,0.023000000044703484,0.02,0.14999999999999997,0.0,0.0,0.0,0.0,0.0,0.0,0.0,0.0,0.0,0.0,0.0,0.0,0.1485050916671753,0.06556982547044754,0.0015108269203665259,14.906842231750488,895,nan,-1.0,True,,False,0.010050058364868164,0.0,0.010050058364868164,100.0,100.0,1.0,0.0,0.0,0.0,0.0,0.0
939,91.92400360107422,0.0,0.0,0.0,91.92400360107422,0.007102631963789463,3.6653757095336914,0.5658955574035645,0.0,0.0,0.0,0.0,0.0,0.0,0.0,0.0,0.0,0.0,0.0,0.0,0.023000000044703484,0.023000000044703484,0.02,0.15,0.0,0.0,0.0,0.0,0.0,0.0,0.0,0.0,0.0,0.0,0.0,0.0,0.14858265221118927,0.06546429544687271,0.0015197285829344764,14.906842231750488,895,nan,-1.0,True,,False,0.010050058364868164,0.0,0.010050058364868164,100.0,100.0,1.0,0.0,0.0,0.0,0.0,0.0
940,187.45187377929688,0.0,0.0,0.0,187.45187377929688,0.001131578115746379,3.658806324005127,0.565911054611206,0.0,0.0,0.0,0.0,0.0,0.0,0.0,0.0,0.0,0.0,0.0,0.0,0.023000000044703484,0.023000000044703484,0.02,0.15,0.0,0.0,0.0,0.0,0.0,0.0,0.0,0.0,0.0,0.0,0.0,0.0,0.14865867793560028,0.06536315381526947,0.001532453723029903,14.906842231750488,895,nan,-1.0,True,,False,0.010050058364868164,0.0,0.010050058364868164,100.0,100.0,1.0,0.0,0.0,0.0,0.0,0.0
941,136.78135681152344,0.0,0.0,0.0,136.78135681152344,0.002765603130683303,3.652115821838379,0.5658382773399353,0.0,0.0,0.0,0.0,0.0,0.0,0.0,0.0,0.0,0.0,0.0,0.0,0.023000000044703484,0.023000000044703484,0.02,0.15,0.0,0.0,0.0,0.0,0.0,0.0,0.0,0.0,0.0,0.0,0.0,0.0,0.14873261749744415,0.06526733189821243,0.0009582946249793167,14.906842231750488,895,nan,-1.0,True,,False,0.010050058364868164,0.0,0.010050058364868164,100.0,100.0,1.0,0.0,0.0,0.0,0.0,0.0
942,96.66703796386719,0.0,0.0,0.0,96.66703796386719,0.0063670664094388485,3.645026206970215,0.5657340884208679,0.0,0.0,0.0,0.0,0.0,0.0,0.0,0.0,0.0,0.0,0.0,0.0,0.023000000044703484,0.023000000044703484,0.02,0.15,0.0,0.0,0.0,0.0,0.0,0.0,0.0,0.0,0.0,0.0,0.0,0.0,0.14881716668605804,0.06514576077461243,0.0014376326312230958,14.906842231750488,895,nan,-1.0,True,,False,0.010050058364868164,0.0,0.010050058364868164,100.0,100.0,1.0,0.0,0.0,0.0,0.0,0.0
943,65.2774658203125,0.0,0.0,0.0,65.2774658203125,0.01393958181142807,3.6376891136169434,0.565612256526947,0.0,0.0,0.0,0.0,0.0,0.0,0.0,0.0,0.0,0.0,0.0,0.0,0.023000000044703484,0.023000000044703484,0.02,0.15,0.0,0.0,0.0,0.0,0.0,0.0,0.0,0.0,0.0,0.0,0.0,0.0,0.1488875448703766,0.06504411995410919,0.0015390348444270785,14.906842231750488,895,nan,-1.0,True,,False,0.010050058364868164,0.0,0.010050058364868164,100.0,100.0,1.0,0.0,0.0,0.0,0.0,0.0
944,55.15641784667969,0.0,0.0,0.0,55.15641784667969,0.018661044538021088,3.6298093795776367,0.565510630607605,0.0,0.0,0.0,0.0,0.0,0.0,0.0,0.0,0.0,0.0,0.0,0.0,0.023000000044703484,0.023000000044703484,0.02,0.15,0.0,0.0,0.0,0.0,0.0,0.0,0.0,0.0,0.0,0.0,0.0,0.0,0.14895687997341156,0.06492580473423004,0.0015387090556941985,14.906842231750488,895,nan,-1.0,True,,False,0.010050058364868164,0.0,0.010050058364868164,100.0,100.0,1.0,0.0,0.0,0.0,0.0,0.0
945,47.56589889526367,0.0,0.0,0.0,47.56589889526367,0.023654097691178322,3.6215620040893555,0.5654404163360596,0.0,0.0,0.0,0.0,0.0,0.0,0.0,0.0,0.0,0.0,0.0,0.0,0.023000000044703484,0.023000000044703484,0.02,0.15,0.0,0.0,0.0,0.0,0.0,0.0,0.0,0.0,0.0,0.0,0.0,0.0,0.14902368187904358,0.0647851899266243,0.001539806364235119,14.906842231750488,895,nan,-1.0,True,,False,0.010050058364868164,0.0,0.010050058364868164,100.0,100.0,1.0,0.0,0.0,0.0,0.0,0.0
946,42.45061111450195,0.0,0.0,0.0,42.45061111450195,0.028060706332325935,3.612898349761963,0.5654070973396301,0.0,0.0,0.0,0.0,0.0,0.0,0.0,0.0,0.0,0.0,0.0,0.0,0.023000000044703484,0.023000000044703484,0.02,0.15,0.0,0.0,0.0,0.0,0.0,0.0,0.0,0.0,0.0,0.0,0.0,0.0,0.14909084141254425,0.06459999829530716,0.0015447884470631834,14.906842231750488,895,nan,-1.0,True,,False,0.010050058364868164,0.0,0.010050058364868164,100.0,100.0,1.0,0.0,0.0,0.0,0.0,0.0
947,38.848228454589844,0.0,0.0,0.0,38.848228454589844,0.031856417655944824,3.603720188140869,0.5654004812240601,0.0,0.0,0.0,0.0,0.0,0.0,0.0,0.0,0.0,0.0,0.0,0.0,0.023000000044703484,0.023000000044703484,0.02,0.15,0.0,0.0,0.0,0.0,0.0,0.0,0.0,0.0,0.0,0.0,0.0,0.0,0.14916379749774933,0.06437354534864426,0.0015551009964838158,14.906842231750488,895,nan,-1.0,True,,False,0.010050058364868164,0.0,0.010050058364868164,100.0,100.0,1.0,0.0,0.0,0.0,0.0,0.0
948,60.2967529296875,0.0,0.0,0.0,60.2967529296875,0.01602938398718834,3.594221591949463,0.5654332041740417,0.0,0.0,0.0,0.0,0.0,0.0,0.0,0.0,0.0,0.0,0.0,0.0,0.023000000044703484,0.023000000044703484,0.020000000000000004,0.15,0.0,0.0,0.0,0.0,0.0,0.0,0.0,0.0,0.0,0.0,0.0,0.0,0.14924439787864685,0.06415186822414398,0.0007539922171417857,14.906842231750488,895,nan,-1.0,True,,False,0.010050058364868164,0.0,0.010050058364868164,100.0,100.0,1.0,0.0,0.0,0.0,0.0,0.0
949,75.79113006591797,0.0,0.0,0.0,75.79113006591797,0.010517407208681107,3.584713935852051,0.5654591917991638,0.0,0.0,0.0,0.0,0.0,0.0,0.0,0.0,0.0,0.0,0.0,0.0,0.023000000044703484,0.023000000044703484,0.02,0.15,0.0,0.0,0.0,0.0,0.0,0.0,0.0,0.0,0.0,0.0,0.0,0.0,0.1493278443813324,0.06393595039844513,0.0007747752183604462,14.906842231750488,895,nan,-1.0,True,,False,0.010050058364868164,0.0,0.010050058364868164,100.0,100.0,1.0,0.0,0.0,0.0,0.0,0.0
950,38.41980743408203,0.0,0.0,0.0,38.41980743408203,0.03236992657184601,3.5746922492980957,0.5654707551002502,0.0,0.0,0.0,0.0,0.0,0.0,0.0,0.0,0.0,0.0,0.0,0.0,0.023000000044703484,0.023000000044703484,0.02,0.15,0.0,0.0,0.0,0.0,0.0,0.0,0.0,0.0,0.0,0.0,0.0,0.0,0.14941583573818207,0.06371181458234787,0.0007677750436414499,14.906842231750488,895,nan,-1.0,True,,False,0.010050058364868164,0.0,0.010050058364868164,100.0,100.0,1.0,0.0,0.0,0.0,0.0,0.0
951,34.461021423339844,0.0,0.0,0.0,34.461021423339844,0.03751342371106148,3.563969135284424,0.5655187964439392,0.0,0.0,0.0,0.0,0.0,0.0,0.0,0.0,0.0,0.0,0.0,0.0,0.023000000044703484,0.023000000044703484,0.02,0.15,0.0,0.0,0.0,0.0,0.0,0.0,0.0,0.0,0.0,0.0,0.0,0.0,0.14949777722358704,0.06348031759262085,0.0015657445651413582,14.906842231750488,895,nan,-1.0,True,,False,0.010050058364868164,0.0,0.010050058364868164,100.0,100.0,1.0,0.0,0.0,0.0,0.0,0.0
952,48.72955322265625,0.0,0.0,0.0,48.72955322265625,0.02279968373477459,3.5527453422546387,0.5655911564826965,0.0,0.0,0.0,0.0,0.0,0.0,0.0,0.0,0.0,0.0,0.0,0.0,0.023000000044703484,0.023000000044703484,0.02,0.15,0.0,0.0,0.0,0.0,0.0,0.0,0.0,0.0,0.0,0.0,0.0,0.0,0.14958761632442474,0.06322818249464035,0.0006398780733434251,14.906842231750488,895,nan,-1.0,True,,False,0.010050058364868164,0.0,0.010050058364868164,100.0,100.0,1.0,0.0,0.0,0.0,0.0,0.0
953,109.07544708251953,0.0,0.0,0.0,109.07544708251953,0.004833538085222244,3.5409421920776367,0.5656948089599609,0.0,0.0,0.0,0.0,0.0,0.0,0.0,0.0,0.0,0.0,0.0,0.0,0.023000000044703484,0.023000000044703484,0.02,0.15000000000000002,0.0,0.0,0.0,0.0,0.0,0.0,0.0,0.0,0.0,0.0,0.0,0.0,0.1496734470129013,0.06296934932470322,0.0005947885333625891,14.906842231750488,895,nan,-1.0,True,,False,0.010050058364868164,0.0,0.010050058364868164,100.0,100.0,1.0,0.0,0.0,0.0,0.0,0.0
954,64.23624420166016,0.0,0.0,0.0,64.23624420166016,0.014354637823998928,3.528414249420166,0.5657873749732971,0.0,0.0,0.0,0.0,0.0,0.0,0.0,0.0,0.0,0.0,0.0,0.0,0.023000000044703484,0.023000000044703484,0.02,0.15,0.0,0.0,0.0,0.0,0.0,0.0,0.0,0.0,0.0,0.0,0.0,0.0,0.14975397288799286,0.06272371113300323,0.0004065515004185727,14.906842231750488,895,nan,-1.0,True,,False,0.010050058364868164,0.0,0.010050058364868164,100.0,100.0,1.0,0.0,0.0,0.0,0.0,0.0
955,92.3490219116211,0.0,0.0,0.0,92.3490219116211,0.00702495314180851,3.515878677368164,0.5658928155899048,0.0,0.0,0.0,0.0,0.0,0.0,0.0,0.0,0.0,0.0,0.0,0.0,0.023000000044703484,0.023000000044703484,0.02,0.14999999999999997,0.0,0.0,0.0,0.0,0.0,0.0,0.0,0.0,0.0,0.0,0.0,0.0,0.14985643327236176,0.06247520074248314,0.00042939103968819836,14.906842231750488,895,nan,-1.0,True,,False,0.010050058364868164,0.0,0.010050058364868164,100.0,100.0,1.0,0.0,0.0,0.0,0.0,0.0
956,175.83404541015625,0.0,0.0,0.0,175.83404541015625,0.0013714676024392247,3.503175735473633,0.5660293698310852,0.0,0.0,0.0,0.0,0.0,0.0,0.0,0.0,0.0,0.0,0.0,0.0,0.023000000044703484,0.023000000044703484,0.02,0.15,0.0,0.0,0.0,0.0,0.0,0.0,0.0,0.0,0.0,0.0,0.0,0.0,0.14996320009231567,0.062223777174949646,0.0004932603328597907,14.906842231750488,895,nan,-1.0,True,,False,0.010050058364868164,0.0,0.010050058364868164,100.0,100.0,1.0,0.0,0.0,0.0,0.0,0.0
957,158.99331665039062,0.0,0.0,0.0,158.99331665039062,0.0018366934964433312,3.490419864654541,0.5661835670471191,0.0,0.0,0.0,0.0,0.0,0.0,0.0,0.0,0.0,0.0,0.0,0.0,0.023000000044703484,0.023000000044703484,0.02,0.14999999999999997,0.0,0.0,0.0,0.0,0.0,0.0,0.0,0.0,0.0,0.0,0.0,0.0,0.15007448196411133,0.06197325885295868,0.000580061076561833,14.906842231750488,895,nan,-1.0,True,,False,0.010050058364868164,0.0,0.010050058364868164,100.0,100.0,1.0,0.0,0.0,0.0,0.0,0.0
958,106.44229125976562,0.0,0.0,0.0,106.44229125976562,0.005129915662109852,3.4773201942443848,0.5663476586341858,0.0,0.0,0.0,0.0,0.0,0.0,0.0,0.0,0.0,0.0,0.0,0.0,0.023000000044703484,0.023000000044703484,0.02,0.15,0.0,0.0,0.0,0.0,0.0,0.0,0.0,0.0,0.0,0.0,0.0,0.0,0.15018221735954285,0.06172075867652893,0.0013600153170045814,14.906842231750488,895,nan,-1.0,True,,False,0.010050058364868164,0.0,0.010050058364868164,100.0,100.0,1.0,0.0,0.0,0.0,0.0,0.0
959,70.78722381591797,0.0,0.0,0.0,70.78722381591797,0.012042123824357986,3.4648566246032715,0.5665134787559509,0.0,0.0,0.0,0.0,0.0,0.0,0.0,0.0,0.0,0.0,0.0,0.0,0.023000000044703484,0.023000000044703484,0.02,0.15,0.0,0.0,0.0,0.0,0.0,0.0,0.0,0.0,0.0,0.0,0.0,0.0,0.15029194951057434,0.06148176267743111,0.0006619917940042797,14.906842231750488,895,nan,-1.0,True,,False,0.010050058364868164,0.0,0.010050058364868164,100.0,100.0,1.0,0.0,0.0,0.0,0.0,0.0
960,232.1942138671875,0.0,0.0,0.0,232.1942138671875,0.0005677799927070737,3.4524917602539062,0.566689133644104,0.0,0.0,0.0,0.0,0.0,0.0,0.0,0.0,0.0,0.0,0.0,0.0,0.023000000044703484,0.023000000044703484,0.02,0.15,0.0,0.0,0.0,0.0,0.0,0.0,0.0,0.0,0.0,0.0,0.0,0.0,0.15039651095867157,0.06125449016690254,0.0009509282899671234,14.906842231750488,895,nan,-1.0,True,,False,0.010050058364868164,0.0,0.010050058364868164,100.0,100.0,1.0,0.0,0.0,0.0,0.0,0.0
961,104.11930084228516,0.0,0.0,0.0,104.11930084228516,0.005402197130024433,3.440105438232422,0.5666683912277222,0.0,0.0,0.0,0.0,0.0,0.0,0.0,0.0,0.0,0.0,0.0,0.0,0.023000000044703484,0.023000000044703484,0.02,0.15,0.0,0.0,0.0,0.0,0.0,0.0,0.0,0.0,0.0,0.0,0.0,0.0,0.1504821479320526,0.06111518293619156,0.0012309362459745898,14.906842231750488,895,nan,-1.0,True,,False,0.010050058364868164,0.0,0.010050058364868164,100.0,100.0,1.0,0.0,0.0,0.0,0.0,0.0
962,113.025634765625,0.0,0.0,0.0,113.025634765625,0.004460514988750219,3.426997184753418,0.5666778683662415,0.0,0.0,0.0,0.0,0.0,0.0,0.0,0.0,0.0,0.0,0.0,0.0,0.023000000044703484,0.023000000044703484,0.02,0.15,0.0,0.0,0.0,0.0,0.0,0.0,0.0,0.0,0.0,0.0,0.0,0.0,0.15055200457572937,0.06101660057902336,0.0015753804741507338,14.906842231750488,895,nan,-1.0,True,,False,0.010050058364868164,0.0,0.010050058364868164,100.0,100.0,1.0,0.0,0.0,0.0,0.0,0.0
963,295.94189453125,0.0,0.0,0.0,295.94189453125,0.00023545543081127107,3.4136037826538086,0.5667075514793396,0.0,0.0,0.0,0.0,0.0,0.0,0.0,0.0,0.0,0.0,0.0,0.0,0.023000000044703484,0.023000000044703484,0.02,0.14999999999999997,0.0,0.0,0.0,0.0,0.0,0.0,0.0,0.0,0.0,0.0,0.0,0.0,0.15061764419078827,0.060934487730264664,0.001533674293114018,14.906842231750488,895,nan,-1.0,True,,False,0.010050058364868164,0.0,0.010050058364868164,100.0,100.0,1.0,0.0,0.0,0.0,0.0,0.0
964,130.2834014892578,0.0,0.0,0.0,130.2834014892578,0.0031396537087857723,3.399966239929199,0.5667464733123779,0.0,0.0,0.0,0.0,0.0,0.0,0.0,0.0,0.0,0.0,0.0,0.0,0.023000000044703484,0.023000000044703484,0.02,0.15,0.0,0.0,0.0,0.0,0.0,0.0,0.0,0.0,0.0,0.0,0.0,0.0,0.1506797820329666,0.06087283045053482,0.0015018298481663805,14.906842231750488,895,nan,-1.0,True,,False,0.010050058364868164,0.0,0.010050058364868164,100.0,100.0,1.0,0.0,0.0,0.0,0.0,0.0
965,94.63899993896484,0.0,0.0,0.0,94.63899993896484,0.006682892329990864,3.3854947090148926,0.5668208599090576,0.0,0.0,0.0,0.0,0.0,0.0,0.0,0.0,0.0,0.0,0.0,0.0,0.023000000044703484,0.023000000044703484,0.02,0.15,0.0,0.0,0.0,0.0,0.0,0.0,0.0,0.0,0.0,0.0,0.0,0.0,0.15073908865451813,0.06084148958325386,0.001072918496447528,14.906842231750488,895,nan,-1.0,True,,False,0.010050058364868164,0.0,0.010050058364868164,100.0,100.0,1.0,0.0,0.0,0.0,0.0,0.0
966,135.7873992919922,0.0,0.0,0.0,135.7873992919922,0.0028226706199347973,3.370217800140381,0.5669264793395996,0.0,0.0,0.0,0.0,0.0,0.0,0.0,0.0,0.0,0.0,0.0,0.0,0.023000000044703484,0.023000000044703484,0.02,0.15,0.0,0.0,0.0,0.0,0.0,0.0,0.0,0.0,0.0,0.0,0.0,0.0,0.15079006552696228,0.06082189455628395,0.0010635943654051516,14.906842231750488,895,nan,-1.0,True,,False,0.010050058364868164,0.0,0.010050058364868164,100.0,100.0,1.0,0.0,0.0,0.0,0.0,0.0
967,65.54121398925781,0.0,0.0,0.0,65.54121398925781,0.013890501111745834,3.3548531532287598,0.5670458078384399,0.0,0.0,0.0,0.0,0.0,0.0,0.0,0.0,0.0,0.0,0.0,0.0,0.023000000044703484,0.023000000044703484,0.02,0.15,0.0,0.0,0.0,0.0,0.0,0.0,0.0,0.0,0.0,0.0,0.0,0.0,0.1508435606956482,0.06081797182559967,0.0010680601913009014,14.906842231750488,895,nan,-1.0,True,,False,0.010050058364868164,0.0,0.010050058364868164,100.0,100.0,1.0,0.0,0.0,0.0,0.0,0.0
968,53.72887420654297,0.0,0.0,0.0,53.72887420654297,0.019591836258769035,3.3393211364746094,0.5672026872634888,0.0,0.0,0.0,0.0,0.0,0.0,0.0,0.0,0.0,0.0,0.0,0.0,0.023000000044703484,0.023000000044703484,0.02,0.15,0.0,0.0,0.0,0.0,0.0,0.0,0.0,0.0,0.0,0.0,0.0,0.0,0.15089978277683258,0.060829732567071915,0.001406644314101868,14.906842231750488,895,nan,-1.0,True,,False,0.010050058364868164,0.0,0.010050058364868164,100.0,100.0,1.0,0.0,0.0,0.0,0.0,0.0
969,197.2302703857422,0.0,0.0,0.0,197.2302703857422,0.0009691538289189339,3.3232479095458984,0.5674059391021729,0.0,0.0,0.0,0.0,0.0,0.0,0.0,0.0,0.0,0.0,0.0,0.0,0.023000000044703484,0.023000000044703484,0.02,0.15,0.0,0.0,0.0,0.0,0.0,0.0,0.0,0.0,0.0,0.0,0.0,0.0,0.1509539633989334,0.06086401641368866,0.000966260177847289,14.906842231750488,895,nan,-1.0,True,,False,0.010050058364868164,0.0,0.010050058364868164,100.0,100.0,1.0,0.0,0.0,0.0,0.0,0.0
970,56.306640625,0.0,0.0,0.0,56.306640625,0.01815509796142578,3.3073372840881348,0.5675764679908752,0.0,0.0,0.0,0.0,0.0,0.0,0.0,0.0,0.0,0.0,0.0,0.0,0.023000000044703484,0.023000000044703484,0.02,0.14999999999999997,0.0,0.0,0.0,0.0,0.0,0.0,0.0,0.0,0.0,0.0,0.0,0.0,0.1510070413351059,0.060902200639247894,0.002422060538719961,14.906842231750488,895,nan,-1.0,True,,False,0.010050058364868164,0.0,0.010050058364868164,100.0,100.0,1.0,0.0,0.0,0.0,0.0,0.0
971,96.59797668457031,0.0,0.0,0.0,96.59797668457031,0.0064075361005961895,3.291356086730957,0.5677078366279602,0.0,0.0,0.0,0.0,0.0,0.0,0.0,0.0,0.0,0.0,0.0,0.0,0.023000000044703484,0.023000000044703484,0.02,0.15,0.0,0.0,0.0,0.0,0.0,0.0,0.0,0.0,0.0,0.0,0.0,0.0,0.1510656177997589,0.060931552201509476,0.0008539486211702751,14.906842231750488,895,nan,-1.0,True,,False,0.010050058364868164,0.0,0.010050058364868164,100.0,100.0,1.0,0.0,0.0,0.0,0.0,0.0
972,131.23684692382812,0.0,0.0,0.0,131.23684692382812,0.0030903168953955173,3.2743916511535645,0.5677894353866577,0.0,0.0,0.0,0.0,0.0,0.0,0.0,0.0,0.0,0.0,0.0,0.0,0.023000000044703484,0.023000000044703484,0.02,0.15,0.0,0.0,0.0,0.0,0.0,0.0,0.0,0.0,0.0,0.0,0.0,0.0,0.15112027525901794,0.06095796078443527,0.0016581929485255387,14.906842231750488,895,nan,-1.0,True,,False,0.010050058364868164,0.0,0.010050058364868164,100.0,100.0,1.0,0.0,0.0,0.0,0.0,0.0
973,102.39325714111328,0.0,0.0,0.0,102.39325714111328,0.005619293078780174,3.2570724487304688,0.5678381323814392,0.0,0.0,0.0,0.0,0.0,0.0,0.0,0.0,0.0,0.0,0.0,0.0,0.023000000044703484,0.023000000044703484,0.02,0.14999999999999997,0.0,0.0,0.0,0.0,0.0,0.0,0.0,0.0,0.0,0.0,0.0,0.0,0.15117157995700836,0.060992173850536346,0.0016121430867315212,14.906842231750488,895,nan,-1.0,True,,False,0.010050058364868164,0.0,0.010050058364868164,100.0,100.0,1.0,0.0,0.0,0.0,0.0,0.0
974,58.1264533996582,0.0,0.0,0.0,58.1264533996582,0.017183590680360794,3.2386980056762695,0.5679099559783936,0.0,0.0,0.0,0.0,0.0,0.0,0.0,0.0,0.0,0.0,0.0,0.0,0.023000000044703484,0.023000000044703484,0.02,0.15,0.0,0.0,0.0,0.0,0.0,0.0,0.0,0.0,0.0,0.0,0.0,0.0,0.15122435986995697,0.06103515625,0.0015821415681784856,14.906842231750488,895,nan,-1.0,True,,False,0.010050058364868164,0.0,0.010050058364868164,100.0,100.0,1.0,0.0,0.0,0.0,0.0,0.0
975,46.77631759643555,0.0,0.0,0.0,46.77631759643555,0.024431630969047546,3.219714641571045,0.5680142641067505,0.0,0.0,0.0,0.0,0.0,0.0,0.0,0.0,0.0,0.0,0.0,0.0,0.023000000044703484,0.023000000044703484,0.02,0.15,0.0,0.0,0.0,0.0,0.0,0.0,0.0,0.0,0.0,0.0,0.0,0.0,0.15127620100975037,0.06108689308166504,0.0029027352086359315,14.906842231750488,895,nan,-1.0,True,,False,0.010050058364868164,0.0,0.010050058364868164,100.0,100.0,1.0,0.0,0.0,0.0,0.0,0.0
976,49.81365966796875,0.0,0.0,0.0,49.81365966796875,0.022151082754135132,3.2014880180358887,0.5681576728820801,0.0,0.0,0.0,0.0,0.0,0.0,0.0,0.0,0.0,0.0,0.0,0.0,0.023000000044703484,0.023000000044703484,0.02,0.15000000000000002,0.0,0.0,0.0,0.0,0.0,0.0,0.0,0.0,0.0,0.0,0.0,0.0,0.15133285522460938,0.0611366331577301,0.0028938169948560244,14.906842231750488,895,nan,-1.0,True,,False,0.010050058364868164,0.0,0.010050058364868164,100.0,100.0,1.0,0.0,0.0,0.0,0.0,0.0
977,52.58871078491211,0.0,0.0,0.0,52.58871078491211,0.02031596750020981,3.1837897300720215,0.5683364272117615,0.0,0.0,0.0,0.0,0.0,0.0,0.0,0.0,0.0,0.0,0.0,0.0,0.023000000044703484,0.023000000044703484,0.02,0.15,0.0,0.0,0.0,0.0,0.0,0.0,0.0,0.0,0.0,0.0,0.0,0.0,0.15139998495578766,0.06118243932723999,0.0029174757974033128,14.906842231750488,895,nan,-1.0,True,,False,0.010050058364868164,0.0,0.010050058364868164,100.0,100.0,1.0,0.0,0.0,0.0,0.0,0.0
978,100.04100799560547,0.0,0.0,0.0,100.04100799560547,0.0059273336082696915,3.1670055389404297,0.56855309009552,0.0,0.0,0.0,0.0,0.0,0.0,0.0,0.0,0.0,0.0,0.0,0.0,0.023000000044703484,0.023000000044703484,0.02,0.15000000000000002,0.0,0.0,0.0,0.0,0.0,0.0,0.0,0.0,0.0,0.0,0.0,0.0,0.15148800611495972,0.061224315315485,0.003102301515355066,14.906842231750488,895,nan,-1.0,True,,False,0.010050058364868164,0.0,0.010050058364868164,100.0,100.0,1.0,0.0,0.0,0.0,0.0,0.0
979,57.82515335083008,0.0,0.0,0.0,57.82515335083008,0.01735866442322731,3.1509828567504883,0.5686493515968323,0.0,0.0,0.0,0.0,0.0,0.0,0.0,0.0,0.0,0.0,0.0,0.0,0.023000000044703484,0.023000000044703484,0.02,0.14999999999999997,0.0,0.0,0.0,0.0,0.0,0.0,0.0,0.0,0.0,0.0,0.0,0.0,0.15159165859222412,0.06125740706920624,0.0028748416852977243,14.906842231750488,895,nan,-1.0,True,,False,0.010050058364868164,0.0,0.010050058364868164,100.0,100.0,1.0,0.0,0.0,0.0,0.0,0.0
980,59.60896301269531,0.0,0.0,0.0,59.60896301269531,0.016484078019857407,3.135952949523926,0.5687350034713745,0.0,0.0,0.0,0.0,0.0,0.0,0.0,0.0,0.0,0.0,0.0,0.0,0.023000000044703484,0.023000000044703484,0.02,0.15,0.0,0.0,0.0,0.0,0.0,0.0,0.0,0.0,0.0,0.0,0.0,0.0,0.15170884132385254,0.061281729489564896,0.002850047868605543,14.906842231750488,895,nan,-1.0,True,,False,0.010050058364868164,0.0,0.010050058364868164,100.0,100.0,1.0,0.0,0.0,0.0,0.0,0.0
981,95.64877319335938,0.0,0.0,0.0,95.64877319335938,0.00655242707580328,3.1206207275390625,0.5688010454177856,0.0,0.0,0.0,0.0,0.0,0.0,0.0,0.0,0.0,0.0,0.0,0.0,0.023000000044703484,0.023000000044703484,0.02,0.14999999999999997,0.0,0.0,0.0,0.0,0.0,0.0,0.0,0.0,0.0,0.0,0.0,0.0,0.15183940529823303,0.06129145249724388,0.0016210436210712942,14.906842231750488,895,nan,-1.0,True,,False,0.010050058364868164,0.0,0.010050058364868164,100.0,100.0,1.0,0.0,0.0,0.0,0.0,0.0
982,62.42631912231445,0.0,0.0,0.0,62.42631912231445,0.01521263737231493,3.1049304008483887,0.5688408613204956,0.0,0.0,0.0,0.0,0.0,0.0,0.0,0.0,0.0,0.0,0.0,0.0,0.023000000044703484,0.023000000044703484,0.02,0.14999999999999997,0.0,0.0,0.0,0.0,0.0,0.0,0.0,0.0,0.0,0.0,0.0,0.0,0.15196238458156586,0.061322566121816635,0.0028100989384256536,14.906842231750488,895,nan,-1.0,True,,False,0.010050058364868164,0.0,0.010050058364868164,100.0,100.0,1.0,0.0,0.0,0.0,0.0,0.0
983,79.06490325927734,0.0,0.0,0.0,79.06490325927734,0.009761055000126362,3.089867115020752,0.5689030289649963,0.0,0.0,0.0,0.0,0.0,0.0,0.0,0.0,0.0,0.0,0.0,0.0,0.023000000044703484,0.023000000044703484,0.02,0.15000000000000002,0.0,0.0,0.0,0.0,0.0,0.0,0.0,0.0,0.0,0.0,0.0,0.0,0.15209661424160004,0.06134491786360741,0.0018327818629586545,14.906842231750488,895,nan,-1.0,True,,False,0.010050058364868164,0.0,0.010050058364868164,100.0,100.0,1.0,0.0,0.0,0.0,0.0,0.0
984,131.10923767089844,0.0,0.0,0.0,131.10923767089844,0.003106027143076062,3.0755934715270996,0.5689982175827026,0.0,0.0,0.0,0.0,0.0,0.0,0.0,0.0,0.0,0.0,0.0,0.0,0.023000000044703484,0.023000000044703484,0.02,0.15,0.0,0.0,0.0,0.0,0.0,0.0,0.0,0.0,0.0,0.0,0.0,0.0,0.15223056077957153,0.061382800340652466,0.001803872708023846,14.906842231750488,895,nan,-1.0,True,,False,0.010050058364868164,0.0,0.010050058364868164,100.0,100.0,1.0,0.0,0.0,0.0,0.0,0.0
985,182.5294647216797,0.0,0.0,0.0,182.5294647216797,0.001237549469806254,3.0618767738342285,0.5691058039665222,0.0,0.0,0.0,0.0,0.0,0.0,0.0,0.0,0.0,0.0,0.0,0.0,0.023000000044703484,0.023000000044703484,0.02,0.15,0.0,0.0,0.0,0.0,0.0,0.0,0.0,0.0,0.0,0.0,0.0,0.0,0.15236657857894897,0.06145267188549042,0.0014474582794719026,14.906842231750488,895,nan,-1.0,True,,False,0.010050058364868164,0.0,0.010050058364868164,100.0,100.0,1.0,0.0,0.0,0.0,0.0,0.0
986,70.21145629882812,0.0,0.0,0.0,70.21145629882812,0.012300192378461361,3.047942638397217,0.5691169500350952,0.0,0.0,0.0,0.0,0.0,0.0,0.0,0.0,0.0,0.0,0.0,0.0,0.023000000044703484,0.023000000044703484,0.02,0.15,0.0,0.0,0.0,0.0,0.0,0.0,0.0,0.0,0.0,0.0,0.0,0.0,0.15250618755817413,0.0615302175283432,0.002239182168523257,14.906842231750488,895,nan,-1.0,True,,False,0.010050058364868164,0.0,0.010050058364868164,100.0,100.0,1.0,0.0,0.0,0.0,0.0,0.0
987,85.70874786376953,0.0,0.0,0.0,85.70874786376953,0.008287429809570312,3.0351104736328125,0.56915283203125,0.0,0.0,0.0,0.0,0.0,0.0,0.0,0.0,0.0,0.0,0.0,0.0,0.023000000044703484,0.023000000044703484,0.02,0.15,0.0,0.0,0.0,0.0,0.0,0.0,0.0,0.0,0.0,0.0,0.0,0.0,0.15265420079231262,0.06161443889141083,0.0025577652722859057,14.906842231750488,895,nan,-1.0,True,,False,0.010050058364868164,0.0,0.010050058364868164,100.0,100.0,1.0,0.0,0.0,0.0,0.0,0.0
988,148.2146453857422,0.0,0.0,0.0,148.2146453857422,0.0022440901957452297,3.020925521850586,0.5692146420478821,0.0,0.0,0.0,0.0,0.0,0.0,0.0,0.0,0.0,0.0,0.0,0.0,0.023000000044703484,0.023000000044703484,0.02,0.15,0.0,0.0,0.0,0.0,0.0,0.0,0.0,0.0,0.0,0.0,0.0,0.0,0.1528121829032898,0.0616985447704792,0.0010095974093928817,14.906842231750488,895,nan,-1.0,True,,False,0.010050058364868164,0.0,0.010050058364868164,100.0,100.0,1.0,0.0,0.0,0.0,0.0,0.0
989,86.95851135253906,0.0,0.0,0.0,86.95851135253906,0.008037416264414787,3.0029592514038086,0.5693095922470093,0.0,0.0,0.0,0.0,0.0,0.0,0.0,0.0,0.0,0.0,0.0,0.0,0.023000000044703484,0.023000000044703484,0.02,0.15,0.0,0.0,0.0,0.0,0.0,0.0,0.0,0.0,0.0,0.0,0.0,0.0,0.1529766470193863,0.0617651641368866,0.0009458003119107161,14.906842231750488,895,nan,-1.0,True,,False,0.010050058364868164,0.0,0.010050058364868164,100.0,100.0,1.0,0.0,0.0,0.0,0.0,0.0
990,79.3848648071289,0.0,0.0,0.0,79.3848648071289,0.00968254916369915,2.984215259552002,0.5694672465324402,0.0,0.0,0.0,0.0,0.0,0.0,0.0,0.0,0.0,0.0,0.0,0.0,0.023000000044703484,0.023000000044703484,0.02,0.15,0.0,0.0,0.0,0.0,0.0,0.0,0.0,0.0,0.0,0.0,0.0,0.0,0.1531495302915573,0.06182786077260971,0.002485203505557365,14.906842231750488,895,nan,-1.0,True,,False,0.010050058364868164,0.0,0.010050058364868164,100.0,100.0,1.0,0.0,0.0,0.0,0.0,0.0
991,85.37113189697266,0.0,0.0,0.0,85.37113189697266,0.008354034274816513,2.996242046356201,0.569522500038147,0.0,0.0,0.0,0.0,0.0,0.0,0.0,0.0,0.0,0.0,0.0,0.0,0.023000000044703484,0.023000000044703484,0.02,0.15,0.0,0.0,0.0,0.0,0.0,0.0,0.0,0.0,0.0,0.0,0.0,0.0,0.15333189070224762,0.06188952922821045,0.0024510885955351114,14.906842231750488,895,nan,-1.0,True,,False,0.010050058364868164,0.0,0.010050058364868164,100.0,100.0,1.0,0.0,0.0,0.0,0.0,0.0
992,92.76007080078125,0.0,0.0,0.0,92.76007080078125,0.007004035171121359,3.018010139465332,0.5693519711494446,0.0,0.0,0.0,0.0,0.0,0.0,0.0,0.0,0.0,0.0,0.0,0.0,0.023000000044703484,0.023000000044703484,0.02,0.15,0.0,0.0,0.0,0.0,0.0,0.0,0.0,0.0,0.0,0.0,0.0,0.0,0.15353251993656158,0.06195017322897911,0.002392753200183506,14.906842231750488,895,nan,-1.0,True,,False,0.010050058364868164,0.0,0.010050058364868164,100.0,100.0,1.0,0.0,0.0,0.0,0.0,0.0
993,101.92737579345703,0.0,0.0,0.0,101.92737579345703,0.005686364136636257,3.039216995239258,0.569223165512085,0.0,0.0,0.0,0.0,0.0,0.0,0.0,0.0,0.0,0.0,0.0,0.0,0.023000000044703484,0.023000000044703484,0.02,0.15,0.0,0.0,0.0,0.0,0.0,0.0,0.0,0.0,0.0,0.0,0.0,0.0,0.153746098279953,0.06200787425041199,0.0024016880543058505,14.906842231750488,895,nan,-1.0,True,,False,0.010050058364868164,0.0,0.010050058364868164,100.0,100.0,1.0,0.0,0.0,0.0,0.0,0.0
994,119.88622283935547,0.0,0.0,0.0,119.88622283935547,0.0038804183714091778,3.0595951080322266,0.569130539894104,0.0,0.0,0.0,0.0,0.0,0.0,0.0,0.0,0.0,0.0,0.0,0.0,0.023000000044703484,0.023000000044703484,0.02,0.15,0.0,0.0,0.0,0.0,0.0,0.0,0.0,0.0,0.0,0.0,0.0,0.0,0.15397189557552338,0.06206648051738739,0.002312127289314958,14.906842231750488,895,nan,-1.0,True,,False,0.010050058364868164,0.0,0.010050058364868164,100.0,100.0,1.0,0.0,0.0,0.0,0.0,0.0
995,152.25015258789062,0.0,0.0,0.0,152.25015258789062,0.0020834130700677633,3.079265594482422,0.5690601468086243,0.0,0.0,0.0,0.0,0.0,0.0,0.0,0.0,0.0,0.0,0.0,0.0,0.023000000044703484,0.023000000044703484,0.02,0.15,0.0,0.0,0.0,0.0,0.0,0.0,0.0,0.0,0.0,0.0,0.0,0.0,0.15421025454998016,0.062125034630298615,0.0022041930010345823,14.906842231750488,895,nan,-1.0,True,,False,0.010050058364868164,0.0,0.010050058364868164,100.0,100.0,1.0,0.0,0.0,0.0,0.0,0.0
996,325.0961608886719,0.0,0.0,0.0,325.0961608886719,0.00016330521611962467,3.09828519821167,0.5690121650695801,0.0,0.0,0.0,0.0,0.0,0.0,0.0,0.0,0.0,0.0,0.0,0.0,0.023000000044703484,0.023000000044703484,0.02,0.15,0.0,0.0,0.0,0.0,0.0,0.0,0.0,0.0,0.0,0.0,0.0,0.0,0.15446063876152039,0.062186408787965775,0.002122982310538646,14.906842231750488,895,nan,-1.0,True,,False,0.010050058364868164,0.0,0.010050058364868164,100.0,100.0,1.0,0.0,0.0,0.0,0.0,0.0
997,134.11618041992188,0.0,0.0,0.0,134.11618041992188,0.002929024863988161,3.1170501708984375,0.568975567817688,0.0,0.0,0.0,0.0,0.0,0.0,0.0,0.0,0.0,0.0,0.0,0.0,0.023000000044703484,0.023000000044703484,0.02,0.15,0.0,0.0,0.0,0.0,0.0,0.0,0.0,0.0,0.0,0.0,0.0,0.0,0.15470640361309052,0.06226782500743866,0.0020811552253690024,14.906842231750488,895,nan,-1.0,True,,False,0.010050058364868164,0.0,0.010050058364868164,100.0,100.0,1.0,0.0,0.0,0.0,0.0,0.0
998,94.58863067626953,0.0,0.0,0.0,94.58863067626953,0.006725936196744442,3.1356515884399414,0.5689362287521362,0.0,0.0,0.0,0.0,0.0,0.0,0.0,0.0,0.0,0.0,0.0,0.0,0.023000000044703484,0.023000000044703484,0.02,0.15000000000000002,0.0,0.0,0.0,0.0,0.0,0.0,0.0,0.0,0.0,0.0,0.0,0.0,0.15494802594184875,0.062319494783878326,0.0020284677748350077,14.906842231750488,895,nan,-1.0,True,,False,0.010050058364868164,0.0,0.010050058364868164,100.0,100.0,1.0,0.0,0.0,0.0,0.0,0.0
999,212.80538940429688,0.0,0.0,0.0,212.80538940429688,0.0007630565669387579,3.154391288757324,0.5689171552658081,0.0,0.0,0.0,0.0,0.0,0.0,0.0,0.0,0.0,0.0,0.0,0.0,0.023000000044703484,0.023000000044703484,0.02,0.15,0.0,0.0,0.0,0.0,0.0,0.0,0.0,0.0,0.0,0.0,0.0,0.0,0.15519994497299194,0.06236347556114197,0.0008471362111777125,14.906842231750488,895,nan,-1.0,True,,False,0.010050058364868164,0.0,0.010050058364868164,100.0,100.0,1.0,0.0,0.0,0.0,0.0,0.0
1000,106.31233215332031,0.0,0.0,0.0,106.31233215332031,0.005177168175578117,3.172433853149414,0.5688434839248657,0.0,0.0,0.0,0.0,0.0,0.0,0.0,0.0,0.0,0.0,0.0,0.0,0.023000000044703484,0.023000000044703484,0.02,0.15,0.0,0.0,0.0,0.0,0.0,0.0,0.0,0.0,0.0,0.0,0.0,0.0,0.1554553210735321,0.062437981367111206,0.0015260495679285668,14.906842231750488,895,nan,-1.0,True,,False,0.010050058364868164,0.0,0.010050058364868164,100.0,100.0,1.0,0.0,0.0,0.0,0.0,0.0
1001,139.4737091064453,0.0,0.0,0.0,139.4737091064453,0.002643048297613859,3.1905627250671387,0.5687428116798401,0.0,0.0,0.0,0.0,0.0,0.0,0.0,0.0,0.0,0.0,0.0,0.0,0.023000000044703484,0.023000000044703484,0.02,0.15,0.0,0.0,0.0,0.0,0.0,0.0,0.0,0.0,0.0,0.0,0.0,0.0,0.15570436418056488,0.06266286969184875,0.002246510678105551,14.906842231750488,895,nan,-1.0,True,,False,0.010050058364868164,0.0,0.010050058364868164,100.0,100.0,1.0,0.0,0.0,0.0,0.0,0.0
1002,104.20169067382812,0.0,0.0,0.0,104.20169067382812,0.005414610728621483,3.207711696624756,0.5686318278312683,0.0,0.0,0.0,0.0,0.0,0.0,0.0,0.0,0.0,0.0,0.0,0.0,0.023000000044703484,0.023000000044703484,0.02,0.15,0.0,0.0,0.0,0.0,0.0,0.0,0.0,0.0,0.0,0.0,0.0,0.0,0.1559552699327469,0.06294947117567062,0.0010103085919581645,14.906842231750488,895,nan,-1.0,True,,False,0.010050058364868164,0.0,0.010050058364868164,100.0,100.0,1.0,0.0,0.0,0.0,0.0,0.0
1003,184.35491943359375,0.0,0.0,0.0,184.35491943359375,0.0011958356481045485,3.2238035202026367,0.5684298276901245,0.0,0.0,0.0,0.0,0.0,0.0,0.0,0.0,0.0,0.0,0.0,0.0,0.023000000044703484,0.023000000044703484,0.02,0.15,0.0,0.0,0.0,0.0,0.0,0.0,0.0,0.0,0.0,0.0,0.0,0.0,0.15621450543403625,0.06325174123048782,0.0009265971252716554,14.906842231750488,895,nan,-1.0,True,,False,0.010050058364868164,0.0,0.010050058364868164,100.0,100.0,1.0,0.0,0.0,0.0,0.0,0.0
1004,129.13150024414062,0.0,0.0,0.0,129.13150024414062,0.0032189665362238884,3.2388525009155273,0.5681952238082886,0.0,0.0,0.0,0.0,0.0,0.0,0.0,0.0,0.0,0.0,0.0,0.0,0.023000000044703484,0.023000000044703484,0.02,0.15,0.0,0.0,0.0,0.0,0.0,0.0,0.0,0.0,0.0,0.0,0.0,0.0,0.15647254884243011,0.06357414275407791,0.0009526151816316997,14.906842231750488,895,nan,-1.0,True,,False,0.010050058364868164,0.0,0.010050058364868164,100.0,100.0,1.0,0.0,0.0,0.0,0.0,0.0
1005,123.19853973388672,0.0,0.0,0.0,123.19853973388672,0.0036211973056197166,3.273859977722168,0.5679972171783447,0.0,0.0,0.0,0.0,0.0,0.0,0.0,0.0,0.0,0.0,0.0,0.0,0.023000000044703484,0.023000000044703484,0.02,0.15,0.0,0.0,0.0,0.0,0.0,0.0,0.0,0.0,0.0,0.0,0.0,0.0,0.15672795474529266,0.06390984356403351,0.0003963390413446177,14.906842231750488,895,nan,-1.0,True,,False,0.010050058364868164,0.0,0.010050058364868164,100.0,100.0,1.0,0.0,0.0,0.0,0.0,0.0
1006,78.68647766113281,0.0,0.0,0.0,78.68647766113281,0.009817130863666534,3.3113975524902344,0.567836582660675,0.0,0.0,0.0,0.0,0.0,0.0,0.0,0.0,0.0,0.0,0.0,0.0,0.023000000044703484,0.023000000044703484,0.02,0.15,0.0,0.0,0.0,0.0,0.0,0.0,0.0,0.0,0.0,0.0,0.0,0.0,0.15697556734085083,0.06426697969436646,0.0003994278740719892,14.906842231750488,895,nan,-1.0,True,,False,0.010050058364868164,0.0,0.010050058364868164,100.0,100.0,1.0,0.0,0.0,0.0,0.0,0.0
1007,58.533843994140625,0.0,0.0,0.0,58.533843994140625,0.016945302486419678,3.3486695289611816,0.56769859790802,0.0,0.0,0.0,0.0,0.0,0.0,0.0,0.0,0.0,0.0,0.0,0.0,0.023000000044703484,0.023000000044703484,0.02,0.15,0.0,0.0,0.0,0.0,0.0,0.0,0.0,0.0,0.0,0.0,0.0,0.0,0.157232865691185,0.06457969546318054,0.0009729245502967387,14.906842231750488,895,nan,-1.0,True,,False,0.010050058364868164,0.0,0.010050058364868164,100.0,100.0,1.0,0.0,0.0,0.0,0.0,0.0
1008,50.175601959228516,0.0,0.0,0.0,50.175601959228516,0.021841008216142654,3.3819339275360107,0.5675622820854187,0.0,0.0,0.0,0.0,0.0,0.0,0.0,0.0,0.0,0.0,0.0,0.0,0.023000000044703484,0.023000000044703484,0.02,0.15,0.0,0.0,0.0,0.0,0.0,0.0,0.0,0.0,0.0,0.0,0.0,0.0,0.15749342739582062,0.06483393162488937,0.0009438783304176468,14.906842231750488,895,nan,-1.0,True,,False,0.010050058364868164,0.0,0.010050058364868164,100.0,100.0,1.0,0.0,0.0,0.0,0.0,0.0
1009,42.77351760864258,0.0,0.0,0.0,42.77351760864258,0.027857542037963867,3.4118845462799072,0.5674439668655396,0.0,0.0,0.0,0.0,0.0,0.0,0.0,0.0,0.0,0.0,0.0,0.0,0.023000000044703484,0.023000000044703484,0.02,0.15,0.0,0.0,0.0,0.0,0.0,0.0,0.0,0.0,0.0,0.0,0.0,0.0,0.15774889290332794,0.06503403931856155,0.0008983613111013256,14.906842231750488,895,nan,-1.0,True,,False,0.010050058364868164,0.0,0.010050058364868164,100.0,100.0,1.0,0.0,0.0,0.0,0.0,0.0
1010,36.350608825683594,0.0,0.0,0.0,36.350608825683594,0.0350298210978508,3.442197322845459,0.5673339366912842,0.0,0.0,0.0,0.0,0.0,0.0,0.0,0.0,0.0,0.0,0.0,0.0,0.023000000044703484,0.023000000044703484,0.02,0.15,0.0,0.0,0.0,0.0,0.0,0.0,0.0,0.0,0.0,0.0,0.0,0.0,0.15798942744731903,0.06521068513393402,0.0008281985474241083,14.906842231750488,895,nan,-1.0,True,,False,0.010050058364868164,0.0,0.010050058364868164,100.0,100.0,1.0,0.0,0.0,0.0,0.0,0.0
1011,40.0058708190918,0.0,0.0,0.0,40.0058708190918,0.03067385032773018,3.4725379943847656,0.56727135181427,0.0,0.0,0.0,0.0,0.0,0.0,0.0,0.0,0.0,0.0,0.0,0.0,0.023000000044703484,0.023000000044703484,0.02,0.15,0.0,0.0,0.0,0.0,0.0,0.0,0.0,0.0,0.0,0.0,0.0,0.0,0.1582099050283432,0.06536953896284103,0.0010557938630881836,14.906842231750488,895,nan,-1.0,True,,False,0.010050058364868164,0.0,0.010050058364868164,100.0,100.0,1.0,0.0,0.0,0.0,0.0,0.0
1012,270.5830383300781,0.0,0.0,0.0,270.5830383300781,0.00032979436218738556,3.5019044876098633,0.5672351121902466,0.0,0.0,0.0,0.0,0.0,0.0,0.0,0.0,0.0,0.0,0.0,0.0,0.023000000044703484,0.023000000044703484,0.02,0.15,0.0,0.0,0.0,0.0,0.0,0.0,0.0,0.0,0.0,0.0,0.0,0.0,0.15841969847679138,0.06560344994068146,0.0010789881519031042,14.906842231750488,895,nan,-1.0,True,,False,0.010050058364868164,0.0,0.010050058364868164,100.0,100.0,1.0,0.0,0.0,0.0,0.0,0.0
1013,40.91312026977539,0.0,0.0,0.0,40.91312026977539,0.029699642211198807,3.5319862365722656,0.5671288371086121,0.0,0.0,0.0,0.0,0.0,0.0,0.0,0.0,0.0,0.0,0.0,0.0,0.023000000044703484,0.023000000044703484,0.02,0.15,0.0,0.0,0.0,0.0,0.0,0.0,0.0,0.0,0.0,0.0,0.0,0.0,0.15864335000514984,0.06585102528333664,0.001092119157419802,14.906842231750488,895,nan,-1.0,True,,False,0.010050058364868164,0.0,0.010050058364868164,100.0,100.0,1.0,0.0,0.0,0.0,0.0,0.0
1014,40.2612190246582,0.0,0.0,0.0,40.2612190246582,0.030387667939066887,3.5622034072875977,0.5670386552810669,0.0,0.0,0.0,0.0,0.0,0.0,0.0,0.0,0.0,0.0,0.0,0.0,0.023000000044703484,0.023000000044703484,0.02,0.15,0.0,0.0,0.0,0.0,0.0,0.0,0.0,0.0,0.0,0.0,0.0,0.0,0.1588788479566574,0.06612110882997513,0.0012079309472028399,14.906842231750488,895,nan,-1.0,True,,False,0.010050058364868164,0.0,0.010050058364868164,100.0,100.0,1.0,0.0,0.0,0.0,0.0,0.0
1015,265.7710876464844,0.0,0.0,0.0,265.7710876464844,0.0003521142352838069,3.5862767696380615,0.5669751167297363,0.0,0.0,0.0,0.0,0.0,0.0,0.0,0.0,0.0,0.0,0.0,0.0,0.023000000044703484,0.023000000044703484,0.02,0.15,0.0,0.0,0.0,0.0,0.0,0.0,0.0,0.0,0.0,0.0,0.0,0.0,0.15912209451198578,0.06641073524951935,0.0012463565690268297,14.906842231750488,895,nan,-1.0,True,,False,0.010050058364868164,0.0,0.010050058364868164,100.0,100.0,1.0,0.0,0.0,0.0,0.0,0.0
1016,59.465450286865234,0.0,0.0,0.0,59.465450286865234,0.01646893098950386,3.5813214778900146,0.5667932629585266,0.0,0.0,0.0,0.0,0.0,0.0,0.0,0.0,0.0,0.0,0.0,0.0,0.023000000044703484,0.023000000044703484,0.02,0.15,0.0,0.0,0.0,0.0,0.0,0.0,0.0,0.0,0.0,0.0,0.0,0.0,0.1593685746192932,0.0655311793088913,0.0012418777519087598,14.906842231750488,895,nan,-1.0,True,,False,0.010050058364868164,0.0,0.010050058364868164,100.0,100.0,1.0,0.0,0.0,0.0,0.0,0.0
1017,47.10502624511719,0.0,0.0,0.0,47.10502624511719,0.024062151089310646,3.5761609077453613,0.5665856003761292,0.0,0.0,0.0,0.0,0.0,0.0,0.0,0.0,0.0,0.0,0.0,0.0,0.023000000044703484,0.023000000044703484,0.02,0.15,0.0,0.0,0.0,0.0,0.0,0.0,0.0,0.0,0.0,0.0,0.0,0.0,0.15961994230747223,0.06417369842529297,0.0017398699383193161,14.906842231750488,895,nan,-1.0,True,,False,0.010050058364868164,0.0,0.010050058364868164,100.0,100.0,1.0,0.0,0.0,0.0,0.0,0.0
1018,92.94165802001953,0.0,0.0,0.0,92.94165802001953,0.0069285426288843155,3.568727493286133,0.5664277076721191,0.0,0.0,0.0,0.0,0.0,0.0,0.0,0.0,0.0,0.0,0.0,0.0,0.023000000044703484,0.023000000044703484,0.02,0.15,0.0,0.0,0.0,0.0,0.0,0.0,0.0,0.0,0.0,0.0,0.0,0.0,0.15988528728485107,0.0626424103975296,0.0017381357033627864,14.906842231750488,895,nan,-1.0,True,,False,0.010050058364868164,0.0,0.010050058364868164,100.0,100.0,1.0,0.0,0.0,0.0,0.0,0.0
1019,90.27190399169922,0.0,0.0,0.0,90.27190399169922,0.007371610030531883,3.5596978664398193,0.5662815570831299,0.0,0.0,0.0,0.0,0.0,0.0,0.0,0.0,0.0,0.0,0.0,0.0,0.023000000044703484,0.023000000044703484,0.02,0.15,0.0,0.0,0.0,0.0,0.0,0.0,0.0,0.0,0.0,0.0,0.0,0.0,0.16016718745231628,0.06110786646604538,0.0017501990591881622,14.906842231750488,895,nan,-1.0,True,,False,0.010050058364868164,0.0,0.010050058364868164,100.0,100.0,1.0,0.0,0.0,0.0,0.0,0.0
1020,47.05754089355469,0.0,0.0,0.0,47.05754089355469,0.024059073999524117,3.552031993865967,0.5661686062812805,0.0,0.0,0.0,0.0,0.0,0.0,0.0,0.0,0.0,0.0,0.0,0.0,0.023000000044703484,0.023000000044703484,0.02,0.15,0.0,0.0,0.0,0.0,0.0,0.0,0.0,0.0,0.0,0.0,0.0,0.0,0.1604483425617218,0.05952827259898186,0.00174852930194902,14.906842231750488,895,nan,-1.0,True,,False,0.010050058364868164,0.0,0.010050058364868164,100.0,100.0,1.0,0.0,0.0,0.0,0.0,0.0
1021,30.66805648803711,0.0,0.0,0.0,30.66805648803711,0.043530240654945374,3.545992374420166,0.5661129951477051,0.0,0.0,0.0,0.0,0.0,0.0,0.0,0.0,0.0,0.0,0.0,0.0,0.023000000044703484,0.023000000044703484,0.02,0.15,0.0,0.0,0.0,0.0,0.0,0.0,0.0,0.0,0.0,0.0,0.0,0.0,0.16070428490638733,0.05859934538602829,0.0017526216784062854,14.906842231750488,895,nan,-1.0,True,,False,0.010050058364868164,0.0,0.010050058364868164,100.0,100.0,1.0,0.0,0.0,0.0,0.0,0.0
1022,77.93693542480469,0.0,0.0,0.0,77.93693542480469,0.009960717521607876,3.5504188537597656,0.5661266446113586,0.0,0.0,0.0,0.0,0.0,0.0,0.0,0.0,0.0,0.0,0.0,0.0,0.023000000044703484,0.023000000044703484,0.02,0.15,0.0,0.0,0.0,0.0,0.0,0.0,0.0,0.0,0.0,0.0,0.0,0.0,0.16092050075531006,0.05858001485466957,0.0013585817582679738,14.906842231750488,895,nan,-1.0,True,,False,0.010050058364868164,0.0,0.010050058364868164,100.0,100.0,1.0,0.0,0.0,0.0,0.0,0.0
1023,25.388919830322266,0.0,0.0,0.0,25.388919830322266,0.054390937089920044,3.569483757019043,0.5656293034553528,0.0,0.0,0.0,0.0,0.0,0.0,0.0,0.0,0.0,0.0,0.0,0.0,0.023000000044703484,0.023000000044703484,0.02,0.15,0.0,0.0,0.0,0.0,0.0,0.0,0.0,0.0,0.0,0.0,0.0,0.0,0.16112007200717926,0.05849142745137215,0.001241156465766835,14.906842231750488,895,nan,-1.0,True,,False,0.010050058364868164,0.0,0.010050058364868164,100.0,100.0,1.0,0.0,0.0,0.0,0.0,0.0
1024,25.533246994018555,0.0,0.0,0.0,25.533246994018555,0.053966812789440155,3.5892624855041504,0.5651029944419861,0.0,0.0,0.0,0.0,0.0,0.0,0.0,0.0,0.0,0.0,0.0,0.0,0.023000000044703484,0.023000000044703484,0.02,0.15,0.0,0.0,0.0,0.0,0.0,0.0,0.0,0.0,0.0,0.0,0.0,0.0,0.16131117939949036,0.05840780586004257,0.0012363263494989951,14.906842231750488,895,nan,-1.0,True,,False,0.010050058364868164,0.0,0.010050058364868164,100.0,100.0,1.0,0.0,0.0,0.0,0.0,0.0
1025,25.431177139282227,0.0,0.0,0.0,25.431177139282227,0.054152894765138626,3.609708786010742,0.5646132230758667,0.0,0.0,0.0,0.0,0.0,0.0,0.0,0.0,0.0,0.0,0.0,0.0,0.023000000044703484,0.023000000044703484,0.02,0.15,0.0,0.0,0.0,0.0,0.0,0.0,0.0,0.0,0.0,0.0,0.0,0.0,0.16149932146072388,0.058329686522483826,0.0012301818967443978,14.906842231750488,895,nan,-1.0,True,,False,0.010050058364868164,0.0,0.010050058364868164,100.0,100.0,1.0,0.0,0.0,0.0,0.0,0.0
1026,25.534019470214844,0.0,0.0,0.0,25.534019470214844,0.05385373532772064,3.630810260772705,0.5641484260559082,0.0,0.0,0.0,0.0,0.0,0.0,0.0,0.0,0.0,0.0,0.0,0.0,0.023000000044703484,0.023000000044703484,0.02,0.15,0.0,0.0,0.0,0.0,0.0,0.0,0.0,0.0,0.0,0.0,0.0,0.0,0.16168104112148285,0.05825760215520859,0.0012330452534570213,14.906842231750488,895,nan,-1.0,True,,False,0.010050058364868164,0.0,0.010050058364868164,100.0,100.0,1.0,0.0,0.0,0.0,0.0,0.0
1027,25.237607955932617,0.0,0.0,0.0,25.237607955932617,0.05452197045087814,3.6524620056152344,0.5636943578720093,0.0,0.0,0.0,0.0,0.0,0.0,0.0,0.0,0.0,0.0,0.0,0.0,0.023000000044703484,0.023000000044703484,0.02,0.15,0.0,0.0,0.0,0.0,0.0,0.0,0.0,0.0,0.0,0.0,0.0,0.0,0.16185201704502106,0.058197204023599625,0.0012367379877105122,14.906842231750488,895,nan,-1.0,True,,False,0.010050058364868164,0.0,0.010050058364868164,100.0,100.0,1.0,0.0,0.0,0.0,0.0,0.0
1028,24.46579360961914,0.0,0.0,0.0,24.46579360961914,0.05641873553395271,3.674516201019287,0.5633678436279297,0.0,0.0,0.0,0.0,0.0,0.0,0.0,0.0,0.0,0.0,0.0,0.0,0.023000000044703484,0.023000000044703484,0.02,0.15,0.0,0.0,0.0,0.0,0.0,0.0,0.0,0.0,0.0,0.0,0.0,0.0,0.1620081067085266,0.05814802274107933,0.0012529477783118637,14.906842231750488,895,nan,-1.0,True,,False,0.010050058364868164,0.0,0.010050058364868164,100.0,100.0,1.0,0.0,0.0,0.0,0.0,0.0
1029,23.605022430419922,0.0,0.0,0.0,23.605022430419922,0.058672599494457245,3.697467803955078,0.563144326210022,0.0,0.0,0.0,0.0,0.0,0.0,0.0,0.0,0.0,0.0,0.0,0.0,0.023000000044703484,0.023000000044703484,0.02,0.15,0.0,0.0,0.0,0.0,0.0,0.0,0.0,0.0,0.0,0.0,0.0,0.0,0.16214969754219055,0.05811213701963425,0.0012552272210086812,14.906842231750488,895,nan,-1.0,True,,False,0.010050058364868164,0.0,0.010050058364868164,100.0,100.0,1.0,0.0,0.0,0.0,0.0,0.0
1030,22.514925003051758,0.0,0.0,0.0,22.514925003051758,0.0617450475692749,3.7209439277648926,0.5629644989967346,0.0,0.0,0.0,0.0,0.0,0.0,0.0,0.0,0.0,0.0,0.0,0.0,0.023000000044703484,0.023000000044703484,0.02,0.15,0.0,0.0,0.0,0.0,0.0,0.0,0.0,0.0,0.0,0.0,0.0,0.0,0.16227859258651733,0.05808289721608162,0.0012539108229248086,14.906842231750488,895,nan,-1.0,True,,False,0.010050058364868164,0.0,0.010050058364868164,100.0,100.0,1.0,0.0,0.0,0.0,0.0,0.0
1031,47.948585510253906,0.0,0.0,0.0,47.948585510253906,0.02321850135922432,3.7450599670410156,0.5628206729888916,0.0,0.0,0.0,0.0,0.0,0.0,0.0,0.0,0.0,0.0,0.0,0.0,0.023000000044703484,0.023000000044703484,0.02,0.15,0.0,0.0,0.0,0.0,0.0,0.0,0.0,0.0,0.0,0.0,0.0,0.0,0.16239520907402039,0.05807160586118698,0.002066069762349798,14.906842231750488,895,nan,-1.0,True,,False,0.010050058364868164,0.0,0.010050058364868164,100.0,100.0,1.0,0.0,0.0,0.0,0.0,0.0
1032,71.71571350097656,0.0,0.0,0.0,71.71571350097656,0.011624420061707497,3.768477439880371,0.5626773834228516,0.0,0.0,0.0,0.0,0.0,0.0,0.0,0.0,0.0,0.0,0.0,0.0,0.023000000044703484,0.023000000044703484,0.02,0.15,0.0,0.0,0.0,0.0,0.0,0.0,0.0,0.0,0.0,0.0,0.0,0.0,0.16250774264335632,0.05805877596139908,0.0020668194506470172,14.906842231750488,895,nan,-1.0,True,,False,0.010050058364868164,0.0,0.010050058364868164,100.0,100.0,1.0,0.0,0.0,0.0,0.0,0.0
1033,34.458351135253906,0.0,0.0,0.0,34.458351135253906,0.037244103848934174,3.7928194999694824,0.562483549118042,0.0,0.0,0.0,0.0,0.0,0.0,0.0,0.0,0.0,0.0,0.0,0.0,0.023000000044703484,0.023000000044703484,0.02,0.15,0.0,0.0,0.0,0.0,0.0,0.0,0.0,0.0,0.0,0.0,0.0,0.0,0.16261401772499084,0.058057237416505814,0.0012065339296896127,14.906842231750488,895,nan,-1.0,True,,False,0.010050058364868164,0.0,0.010050058364868164,100.0,100.0,1.0,0.0,0.0,0.0,0.0,0.0
1034,56.38978576660156,0.0,0.0,0.0,56.38978576660156,0.017851661890745163,3.8164710998535156,0.5623209476470947,0.0,0.0,0.0,0.0,0.0,0.0,0.0,0.0,0.0,0.0,0.0,0.0,0.023000000044703484,0.023000000044703484,0.02,0.15,0.0,0.0,0.0,0.0,0.0,0.0,0.0,0.0,0.0,0.0,0.0,0.0,0.16271796822547913,0.058054156601428986,0.0012177135981801257,14.906842231750488,895,nan,-1.0,True,,False,0.010050058364868164,0.0,0.010050058364868164,100.0,100.0,1.0,0.0,0.0,0.0,0.0,0.0
1035,275.5711364746094,0.0,0.0,0.0,275.5711364746094,0.0003053477266803384,3.8392696380615234,0.5622357130050659,0.0,0.0,0.0,0.0,0.0,0.0,0.0,0.0,0.0,0.0,0.0,0.0,0.023000000044703484,0.023000000044703484,0.02,0.15,0.0,0.0,0.0,0.0,0.0,0.0,0.0,0.0,0.0,0.0,0.0,0.0,0.1628216952085495,0.05804748088121414,0.001247824176971335,14.906842231750488,895,nan,-1.0,True,,False,0.010050058364868164,0.0,0.010050058364868164,100.0,100.0,1.0,0.0,0.0,0.0,0.0,0.0
1036,80.63465881347656,0.0,0.0,0.0,80.63465881347656,0.009237062186002731,3.861321449279785,0.5621710419654846,0.0,0.0,0.0,0.0,0.0,0.0,0.0,0.0,0.0,0.0,0.0,0.0,0.023000000044703484,0.023000000044703484,0.02,0.15,0.0,0.0,0.0,0.0,0.0,0.0,0.0,0.0,0.0,0.0,0.0,0.0,0.16292469203472137,0.05803515762090683,0.0012870927839685464,14.906842231750488,895,nan,-1.0,True,,False,0.010050058364868164,0.0,0.010050058364868164,100.0,100.0,1.0,0.0,0.0,0.0,0.0,0.0
1037,54.07621383666992,0.0,0.0,0.0,54.07621383666992,0.01913251169025898,3.8840293884277344,0.5621083378791809,0.0,0.0,0.0,0.0,0.0,0.0,0.0,0.0,0.0,0.0,0.0,0.0,0.023000000044703484,0.023000000044703484,0.02,0.15,0.0,0.0,0.0,0.0,0.0,0.0,0.0,0.0,0.0,0.0,0.0,0.0,0.16302210092544556,0.05803413316607475,0.0013042875939390797,14.906842231750488,895,nan,-1.0,True,,False,0.010050058364868164,0.0,0.010050058364868164,100.0,100.0,1.0,0.0,0.0,0.0,0.0,0.0
1038,40.892845153808594,0.0,0.0,0.0,40.892845153808594,0.029404165223240852,3.9073076248168945,0.5620457530021667,0.0,0.0,0.0,0.0,0.0,0.0,0.0,0.0,0.0,0.0,0.0,0.0,0.023000000044703484,0.023000000044703484,0.02,0.15,0.0,0.0,0.0,0.0,0.0,0.0,0.0,0.0,0.0,0.0,0.0,0.0,0.16311630606651306,0.058049023151397705,0.0013246727717159956,14.906842231750488,895,nan,-1.0,True,,False,0.010050058364868164,0.0,0.010050058364868164,100.0,100.0,1.0,0.0,0.0,0.0,0.0,0.0
1039,32.56416320800781,0.0,0.0,0.0,32.56416320800781,0.040041618049144745,3.9313549995422363,0.5619933605194092,0.0,0.0,0.0,0.0,0.0,0.0,0.0,0.0,0.0,0.0,0.0,0.0,0.023000000044703484,0.023000000044703484,0.02,0.15,0.0,0.0,0.0,0.0,0.0,0.0,0.0,0.0,0.0,0.0,0.0,0.0,0.1632063239812851,0.0580793060362339,0.0010906863135460299,14.906842231750488,895,nan,-1.0,True,,False,0.010050058364868164,0.0,0.010050058364868164,100.0,100.0,1.0,0.0,0.0,0.0,0.0,0.0
1040,42.61509323120117,0.0,0.0,0.0,42.61509323120117,0.02769443951547146,3.955498695373535,0.5619590878486633,0.0,0.0,0.0,0.0,0.0,0.0,0.0,0.0,0.0,0.0,0.0,0.0,0.023000000044703484,0.023000000044703484,0.02,0.15,0.0,0.0,0.0,0.0,0.0,0.0,0.0,0.0,0.0,0.0,0.0,0.0,0.163288876414299,0.05812341719865799,0.001002571128992713,14.906842231750488,895,nan,-1.0,True,,False,0.010050058364868164,0.0,0.010050058364868164,100.0,100.0,1.0,0.0,0.0,0.0,0.0,0.0
1041,60.21240234375,0.0,0.0,0.0,60.21240234375,0.01594565249979496,3.980030059814453,0.5619382858276367,0.0,0.0,0.0,0.0,0.0,0.0,0.0,0.0,0.0,0.0,0.0,0.0,0.023000000044703484,0.023000000044703484,0.02,0.15,0.0,0.0,0.0,0.0,0.0,0.0,0.0,0.0,0.0,0.0,0.0,0.0,0.16336314380168915,0.05818388983607292,0.0008912147036426177,14.906842231750488,895,nan,-1.0,True,,False,0.010050058364868164,0.0,0.010050058364868164,100.0,100.0,1.0,0.0,0.0,0.0,0.0,0.0
1042,95.86041259765625,0.0,0.0,0.0,95.86041259765625,0.006421616300940514,4.00465726852417,0.5619459748268127,0.0,0.0,0.0,0.0,0.0,0.0,0.0,0.0,0.0,0.0,0.0,0.0,0.023000000044703484,0.023000000044703484,0.02,0.15,0.0,0.0,0.0,0.0,0.0,0.0,0.0,0.0,0.0,0.0,0.0,0.0,0.16342799365520477,0.05826220661401749,0.0007683583785365045,14.906842231750488,895,nan,-1.0,True,,False,0.010050058364868164,0.0,0.010050058364868164,100.0,100.0,1.0,0.0,0.0,0.0,0.0,0.0
1043,193.1595916748047,0.0,0.0,0.0,193.1595916748047,0.0010220941621810198,4.029749870300293,0.5619717240333557,0.0,0.0,0.0,0.0,0.0,0.0,0.0,0.0,0.0,0.0,0.0,0.0,0.023000000044703484,0.023000000044703484,0.02,0.15,0.0,0.0,0.0,0.0,0.0,0.0,0.0,0.0,0.0,0.0,0.0,0.0,0.16348277032375336,0.05836135521531105,0.0007561443057966244,14.906842231750488,895,nan,-1.0,True,,False,0.010050058364868164,0.0,0.010050058364868164,100.0,100.0,1.0,0.0,0.0,0.0,0.0,0.0
1044,78.45246124267578,0.0,0.0,0.0,78.45246124267578,0.009753573685884476,4.054441928863525,0.5619840025901794,0.0,0.0,0.0,0.0,0.0,0.0,0.0,0.0,0.0,0.0,0.0,0.0,0.023000000044703484,0.023000000044703484,0.02,0.15,0.0,0.0,0.0,0.0,0.0,0.0,0.0,0.0,0.0,0.0,0.0,0.0,0.16354167461395264,0.05846135690808296,0.0007810841566424642,14.906842231750488,895,nan,-1.0,True,,False,0.010050058364868164,0.0,0.010050058364868164,100.0,100.0,1.0,0.0,0.0,0.0,0.0,0.0
1045,53.133056640625,0.0,0.0,0.0,53.133056640625,0.019688628613948822,4.079122543334961,0.5620070695877075,0.0,0.0,0.0,0.0,0.0,0.0,0.0,0.0,0.0,0.0,0.0,0.0,0.023000000044703484,0.023000000044703484,0.02,0.15,0.0,0.0,0.0,0.0,0.0,0.0,0.0,0.0,0.0,0.0,0.0,0.0,0.16360583901405334,0.058560170233249664,0.0007945250563352602,14.906842231750488,895,nan,-1.0,True,,False,0.010050058364868164,0.0,0.010050058364868164,100.0,100.0,1.0,0.0,0.0,0.0,0.0,0.0
1046,39.795196533203125,0.0,0.0,0.0,39.795196533203125,0.030565295368433,4.103492736816406,0.5620385408401489,0.0,0.0,0.0,0.0,0.0,0.0,0.0,0.0,0.0,0.0,0.0,0.0,0.023000000044703484,0.023000000044703484,0.02,0.15,0.0,0.0,0.0,0.0,0.0,0.0,0.0,0.0,0.0,0.0,0.0,0.0,0.16367584466934204,0.05865272134542465,0.0007976087995302805,14.906842231750488,895,nan,-1.0,True,,False,0.010050058364868164,0.0,0.010050058364868164,100.0,100.0,1.0,0.0,0.0,0.0,0.0,0.0
1047,31.15297508239746,0.0,0.0,0.0,31.15297508239746,0.04236167296767235,4.1273908615112305,0.5620760321617126,0.0,0.0,0.0,0.0,0.0,0.0,0.0,0.0,0.0,0.0,0.0,0.0,0.023000000044703484,0.023000000044703484,0.02,0.15,0.0,0.0,0.0,0.0,0.0,0.0,0.0,0.0,0.0,0.0,0.0,0.0,0.16375279426574707,0.05873802304267883,0.0007919887339085108,14.906842231750488,895,nan,-1.0,True,,False,0.010050058364868164,0.0,0.010050058364868164,100.0,100.0,1.0,0.0,0.0,0.0,0.0,0.0
1048,39.092620849609375,0.0,0.0,0.0,39.092620849609375,0.031360432505607605,4.15102481842041,0.5621203184127808,0.0,0.0,0.0,0.0,0.0,0.0,0.0,0.0,0.0,0.0,0.0,0.0,0.023000000044703484,0.023000000044703484,0.02,0.15,0.0,0.0,0.0,0.0,0.0,0.0,0.0,0.0,0.0,0.0,0.0,0.0,0.16383609175682068,0.05881255865097046,0.0009557441535434918,14.906842231750488,895,nan,-1.0,True,,False,0.010050058364868164,0.0,0.010050058364868164,100.0,100.0,1.0,0.0,0.0,0.0,0.0,0.0
1049,75.0134048461914,0.0,0.0,0.0,75.0134048461914,0.010655920952558517,4.174945831298828,0.5620919466018677,0.0,0.0,0.0,0.0,0.0,0.0,0.0,0.0,0.0,0.0,0.0,0.0,0.023000000044703484,0.023000000044703484,0.02,0.15,0.0,0.0,0.0,0.0,0.0,0.0,0.0,0.0,0.0,0.0,0.0,0.0,0.16392840445041656,0.05888194218277931,0.0015938937253849872,14.906842231750488,895,nan,-1.0,True,,False,0.010050058364868164,0.0,0.010050058364868164,100.0,100.0,1.0,0.0,0.0,0.0,0.0,0.0
1050,25.93045997619629,0.0,0.0,0.0,25.93045997619629,0.05276280641555786,4.1998796463012695,0.56191486120224,0.0,0.0,0.0,0.0,0.0,0.0,0.0,0.0,0.0,0.0,0.0,0.0,0.023000000044703484,0.023000000044703484,0.02,0.15,0.0,0.0,0.0,0.0,0.0,0.0,0.0,0.0,0.0,0.0,0.0,0.0,0.16402003169059753,0.05896034091711044,0.001756866844061733,14.906842231750488,895,nan,-1.0,True,,False,0.010050058364868164,0.0,0.010050058364868164,100.0,100.0,1.0,0.0,0.0,0.0,0.0,0.0
1051,25.57879638671875,0.0,0.0,0.0,25.57879638671875,0.05355367809534073,4.225643157958984,0.5617467761039734,0.0,0.0,0.0,0.0,0.0,0.0,0.0,0.0,0.0,0.0,0.0,0.0,0.023000000044703484,0.023000000044703484,0.02,0.15,0.0,0.0,0.0,0.0,0.0,0.0,0.0,0.0,0.0,0.0,0.0,0.0,0.1641053408384323,0.05905731022357941,0.001460495801666184,14.906842231750488,895,nan,-1.0,True,,False,0.010050058364868164,0.0,0.010050058364868164,100.0,100.0,1.0,0.0,0.0,0.0,0.0,0.0
1052,25.25467300415039,0.0,0.0,0.0,25.25467300415039,0.05430779606103897,4.251498699188232,0.5615960359573364,0.0,0.0,0.0,0.0,0.0,0.0,0.0,0.0,0.0,0.0,0.0,0.0,0.023000000044703484,0.023000000044703484,0.02,0.15,0.0,0.0,0.0,0.0,0.0,0.0,0.0,0.0,0.0,0.0,0.0,0.0,0.16417904198169708,0.059197429567575455,0.0014762641053494008,14.906842231750488,895,nan,-1.0,True,,False,0.010050058364868164,0.0,0.010050058364868164,100.0,100.0,1.0,0.0,0.0,0.0,0.0,0.0
1053,24.782482147216797,0.0,0.0,0.0,24.782482147216797,0.05545219033956528,4.27748441696167,0.5614595413208008,0.0,0.0,0.0,0.0,0.0,0.0,0.0,0.0,0.0,0.0,0.0,0.0,0.023000000044703484,0.023000000044703484,0.02,0.15,0.0,0.0,0.0,0.0,0.0,0.0,0.0,0.0,0.0,0.0,0.0,0.0,0.16424302756786346,0.059333205223083496,0.0014914673570274317,14.906842231750488,895,nan,-1.0,True,,False,0.010050058364868164,0.0,0.010050058364868164,100.0,100.0,1.0,0.0,0.0,0.0,0.0,0.0
1054,24.213834762573242,0.0,0.0,0.0,24.213834762573242,0.05688559636473656,4.303685188293457,0.5613373517990112,0.0,0.0,0.0,0.0,0.0,0.0,0.0,0.0,0.0,0.0,0.0,0.0,0.023000000044703484,0.023000000044703484,0.02,0.15,0.0,0.0,0.0,0.0,0.0,0.0,0.0,0.0,0.0,0.0,0.0,0.0,0.1642949879169464,0.05945062264800072,0.0015581997058689012,14.906842231750488,895,nan,-1.0,True,,False,0.010050058364868164,0.0,0.010050058364868164,100.0,100.0,1.0,0.0,0.0,0.0,0.0,0.0
1055,23.797536849975586,0.0,0.0,0.0,23.797536849975586,0.057968929409980774,4.329829692840576,0.5612311363220215,0.0,0.0,0.0,0.0,0.0,0.0,0.0,0.0,0.0,0.0,0.0,0.0,0.023000000044703484,0.023000000044703484,0.02,0.15,0.0,0.0,0.0,0.0,0.0,0.0,0.0,0.0,0.0,0.0,0.0,0.0,0.1643335372209549,0.059571314603090286,0.0016564582247156068,14.906842231750488,895,nan,-1.0,True,,False,0.010050058364868164,0.0,0.010050058364868164,100.0,100.0,1.0,0.0,0.0,0.0,0.0,0.0
1056,23.361892700195312,0.0,0.0,0.0,23.361892700195312,0.05913941562175751,4.356296539306641,0.5611401200294495,0.0,0.0,0.0,0.0,0.0,0.0,0.0,0.0,0.0,0.0,0.0,0.0,0.023000000044703484,0.023000000044703484,0.02,0.15,0.0,0.0,0.0,0.0,0.0,0.0,0.0,0.0,0.0,0.0,0.0,0.0,0.1643582135438919,0.05970623716711998,0.0017554681630826963,14.906842231750488,895,nan,-1.0,True,,False,0.010050058364868164,0.0,0.010050058364868164,100.0,100.0,1.0,0.0,0.0,0.0,0.0,0.0
1057,22.999656677246094,0.0,0.0,0.0,22.999656677246094,0.060140468180179596,4.382731914520264,0.5610604882240295,0.0,0.0,0.0,0.0,0.0,0.0,0.0,0.0,0.0,0.0,0.0,0.0,0.023000000044703484,0.023000000044703484,0.02,0.15,0.0,0.0,0.0,0.0,0.0,0.0,0.0,0.0,0.0,0.0,0.0,0.0,0.16436389088630676,0.059855297207832336,0.0018594161001601606,14.906842231750488,895,nan,-1.0,True,,False,0.010050058364868164,0.0,0.010050058364868164,100.0,100.0,1.0,0.0,0.0,0.0,0.0,0.0
1058,22.560285568237305,0.0,0.0,0.0,22.560285568237305,0.06139586493372917,4.40936803817749,0.5610070824623108,0.0,0.0,0.0,0.0,0.0,0.0,0.0,0.0,0.0,0.0,0.0,0.0,0.023000000044703484,0.023000000044703484,0.02,0.15,0.0,0.0,0.0,0.0,0.0,0.0,0.0,0.0,0.0,0.0,0.0,0.0,0.1643562614917755,0.060019876807928085,0.0019579045251703064,14.906842231750488,895,nan,-1.0,True,,False,0.010050058364868164,0.0,0.010050058364868164,100.0,100.0,1.0,0.0,0.0,0.0,0.0,0.0
1059,22.2275390625,0.0,0.0,0.0,22.2275390625,0.062376782298088074,4.436668872833252,0.56097012758255,0.0,0.0,0.0,0.0,0.0,0.0,0.0,0.0,0.0,0.0,0.0,0.0,0.023000000044703484,0.023000000044703484,0.02,0.15,0.0,0.0,0.0,0.0,0.0,0.0,0.0,0.0,0.0,0.0,0.0,0.0,0.1643354743719101,0.060203809291124344,0.0020649445018534607,14.906842231750488,895,nan,-1.0,True,,False,0.010050058364868164,0.0,0.010050058364868164,100.0,100.0,1.0,0.0,0.0,0.0,0.0,0.0
1060,21.94932746887207,0.0,0.0,0.0,21.94932746887207,0.06322214007377625,4.464303016662598,0.5609469413757324,0.0,0.0,0.0,0.0,0.0,0.0,0.0,0.0,0.0,0.0,0.0,0.0,0.023000000044703484,0.023000000044703484,0.02,0.15,0.0,0.0,0.0,0.0,0.0,0.0,0.0,0.0,0.0,0.0,0.0,0.0,0.16429942846298218,0.06040692329406738,0.002179706964170691,14.906842231750488,895,nan,-1.0,True,,False,0.010050058364868164,0.0,0.010050058364868164,100.0,100.0,1.0,0.0,0.0,0.0,0.0,0.0
1061,27.40707778930664,0.0,0.0,0.0,27.40707778930664,0.049376197159290314,4.4968438148498535,0.5608591437339783,0.0,0.0,0.0,0.0,0.0,0.0,0.0,0.0,0.0,0.0,0.0,0.0,0.023000000044703484,0.023000000044703484,0.02,0.15,0.0,0.0,0.0,0.0,0.0,0.0,0.0,0.0,0.0,0.0,0.0,0.0,0.164237841963768,0.060632459819316864,0.0010248339926874905,14.906842231750488,895,nan,-1.0,True,,False,0.010050058364868164,0.0,0.010050058364868164,100.0,100.0,1.0,0.0,0.0,0.0,0.0,0.0
1062,52.4532585144043,0.0,0.0,0.0,52.4532585144043,0.02006659284234047,4.530074596405029,0.5607803463935852,0.0,0.0,0.0,0.0,0.0,0.0,0.0,0.0,0.0,0.0,0.0,0.0,0.023000000044703484,0.023000000044703484,0.02,0.15,0.0,0.0,0.0,0.0,0.0,0.0,0.0,0.0,0.0,0.0,0.0,0.0,0.16417667269706726,0.06085960939526558,0.0009887481901387218,14.906842231750488,895,nan,-1.0,True,,False,0.010050058364868164,0.0,0.010050058364868164,100.0,100.0,1.0,0.0,0.0,0.0,0.0,0.0
1063,102.5152816772461,0.0,0.0,0.0,102.5152816772461,0.00551837682723999,4.563230991363525,0.5606921315193176,0.0,0.0,0.0,0.0,0.0,0.0,0.0,0.0,0.0,0.0,0.0,0.0,0.023000000044703484,0.023000000044703484,0.02,0.15,0.0,0.0,0.0,0.0,0.0,0.0,0.0,0.0,0.0,0.0,0.0,0.0,0.16412493586540222,0.06109030544757843,0.0010053803353002877,14.906842231750488,895,nan,-1.0,True,,False,0.010050058364868164,0.0,0.010050058364868164,100.0,100.0,1.0,0.0,0.0,0.0,0.0,0.0
1064,45.30604553222656,0.0,0.0,0.0,45.30604553222656,0.025229258462786674,4.595812797546387,0.5605703592300415,0.0,0.0,0.0,0.0,0.0,0.0,0.0,0.0,0.0,0.0,0.0,0.0,0.023000000044703484,0.023000000044703484,0.02,0.15,0.0,0.0,0.0,0.0,0.0,0.0,0.0,0.0,0.0,0.0,0.0,0.0,0.1640710085630417,0.06132791191339493,0.0010379707882748335,14.906842231750488,895,nan,-1.0,True,,False,0.010050058364868164,0.0,0.010050058364868164,100.0,100.0,1.0,0.0,0.0,0.0,0.0,0.0
1065,29.10080337524414,0.0,0.0,0.0,29.10080337524414,0.04594476521015167,4.627814292907715,0.5604671835899353,0.0,0.0,0.0,0.0,0.0,0.0,0.0,0.0,0.0,0.0,0.0,0.0,0.023000000044703484,0.023000000044703484,0.02,0.15,0.0,0.0,0.0,0.0,0.0,0.0,0.0,0.0,0.0,0.0,0.0,0.0,0.16401225328445435,0.061567019671201706,0.001091712794277555,14.906842231750488,895,nan,-1.0,True,,False,0.010050058364868164,0.0,0.010050058364868164,100.0,100.0,1.0,0.0,0.0,0.0,0.0,0.0
1066,30.90866470336914,0.0,0.0,0.0,30.90866470336914,0.042651209980249405,4.659006118774414,0.5603871941566467,0.0,0.0,0.0,0.0,0.0,0.0,0.0,0.0,0.0,0.0,0.0,0.0,0.023000000044703484,0.023000000044703484,0.02,0.15,0.0,0.0,0.0,0.0,0.0,0.0,0.0,0.0,0.0,0.0,0.0,0.0,0.16395007073879242,0.06177867576479912,0.0015799528723619005,14.906842231750488,895,nan,-1.0,True,,False,0.010050058364868164,0.0,0.010050058364868164,100.0,100.0,1.0,0.0,0.0,0.0,0.0,0.0
1067,35.964393615722656,0.0,0.0,0.0,35.964393615722656,0.03504147753119469,4.690247535705566,0.5603197813034058,0.0,0.0,0.0,0.0,0.0,0.0,0.0,0.0,0.0,0.0,0.0,0.0,0.023000000044703484,0.023000000044703484,0.02,0.15,0.0,0.0,0.0,0.0,0.0,0.0,0.0,0.0,0.0,0.0,0.0,0.0,0.16389602422714233,0.0617651641368866,0.0015754171597563982,14.906842231750488,895,nan,-1.0,True,,False,0.010050058364868164,0.0,0.010050058364868164,100.0,100.0,1.0,0.0,0.0,0.0,0.0,0.0
1068,41.89791488647461,0.0,0.0,0.0,41.89791488647461,0.028303788974881172,4.721488952636719,0.5602657198905945,0.0,0.0,0.0,0.0,0.0,0.0,0.0,0.0,0.0,0.0,0.0,0.0,0.023000000044703484,0.023000000044703484,0.02,0.15,0.0,0.0,0.0,0.0,0.0,0.0,0.0,0.0,0.0,0.0,0.0,0.0,0.16385066509246826,0.06174875795841217,0.0015648707512809779,14.906842231750488,895,nan,-1.0,True,,False,0.010050058364868164,0.0,0.010050058364868164,100.0,100.0,1.0,0.0,0.0,0.0,0.0,0.0
1069,48.75685501098633,0.0,0.0,0.0,48.75685501098633,0.022520236670970917,4.7530717849731445,0.5602220892906189,0.0,0.0,0.0,0.0,0.0,0.0,0.0,0.0,0.0,0.0,0.0,0.0,0.023000000044703484,0.023000000044703484,0.02,0.15,0.0,0.0,0.0,0.0,0.0,0.0,0.0,0.0,0.0,0.0,0.0,0.0,0.16381488740444183,0.061730414628982544,0.0015555309901174041,14.906842231750488,895,nan,-1.0,True,,False,0.010050058364868164,0.0,0.010050058364868164,100.0,100.0,1.0,0.0,0.0,0.0,0.0,0.0
1070,56.33391571044922,0.0,0.0,0.0,56.33391571044922,0.017814770340919495,4.784421920776367,0.5601879358291626,0.0,0.0,0.0,0.0,0.0,0.0,0.0,0.0,0.0,0.0,0.0,0.0,0.023000000044703484,0.023000000044703484,0.02,0.15,0.0,0.0,0.0,0.0,0.0,0.0,0.0,0.0,0.0,0.0,0.0,0.0,0.16379016637802124,0.06171013414859772,0.0015489596921725024,14.906842231750488,895,nan,-1.0,True,,False,0.010050058364868164,0.0,0.010050058364868164,100.0,100.0,1.0,0.0,0.0,0.0,0.0,0.0
1071,63.9559440612793,0.0,0.0,0.0,63.9559440612793,0.014293337240815163,4.816010475158691,0.5601667761802673,0.0,0.0,0.0,0.0,0.0,0.0,0.0,0.0,0.0,0.0,0.0,0.0,0.023000000044703484,0.023000000044703484,0.02,0.15,0.0,0.0,0.0,0.0,0.0,0.0,0.0,0.0,0.0,0.0,0.0,0.0,0.16377761960029602,0.06168598309159279,0.0015424426601384766,14.906842231750488,895,nan,-1.0,True,,False,0.010050058364868164,0.0,0.010050058364868164,100.0,100.0,1.0,0.0,0.0,0.0,0.0,0.0
1072,70.46913146972656,0.0,0.0,0.0,70.46913146972656,0.011963676661252975,4.847283363342285,0.5601516366004944,0.0,0.0,0.0,0.0,0.0,0.0,0.0,0.0,0.0,0.0,0.0,0.0,0.023000000044703484,0.023000000044703484,0.02,0.15,0.0,0.0,0.0,0.0,0.0,0.0,0.0,0.0,0.0,0.0,0.0,0.0,0.16377735137939453,0.06165698915719986,0.0015393271123684826,14.906842231750488,895,nan,-1.0,True,,False,0.010050058364868164,0.0,0.010050058364868164,100.0,100.0,1.0,0.0,0.0,0.0,0.0,0.0
1073,73.9425048828125,0.0,0.0,0.0,73.9425048828125,0.01091831550002098,4.878650188446045,0.5601503849029541,0.0,0.0,0.0,0.0,0.0,0.0,0.0,0.0,0.0,0.0,0.0,0.0,0.023000000044703484,0.023000000044703484,0.02,0.15,0.0,0.0,0.0,0.0,0.0,0.0,0.0,0.0,0.0,0.0,0.0,0.0,0.16378872096538544,0.06162217631936073,0.001524076767736915,14.906842231750488,895,nan,-1.0,True,,False,0.010050058364868164,0.0,0.010050058364868164,100.0,100.0,1.0,0.0,0.0,0.0,0.0,0.0
1074,73.28702545166016,0.0,0.0,0.0,73.28702545166016,0.011108418926596642,4.909746170043945,0.5601509213447571,0.0,0.0,0.0,0.0,0.0,0.0,0.0,0.0,0.0,0.0,0.0,0.0,0.023000000044703484,0.023000000044703484,0.02,0.15,0.0,0.0,0.0,0.0,0.0,0.0,0.0,0.0,0.0,0.0,0.0,0.0,0.1638123095035553,0.06158444285392761,0.0015449122261088633,14.906842231750488,895,nan,-1.0,True,,False,0.010050058364868164,0.0,0.010050058364868164,100.0,100.0,1.0,0.0,0.0,0.0,0.0,0.0
1075,68.92501831054688,0.0,0.0,0.0,68.92501831054688,0.012476169504225254,4.940699577331543,0.5601603984832764,0.0,0.0,0.0,0.0,0.0,0.0,0.0,0.0,0.0,0.0,0.0,0.0,0.023000000044703484,0.023000000044703484,0.02,0.15,0.0,0.0,0.0,0.0,0.0,0.0,0.0,0.0,0.0,0.0,0.0,0.0,0.16384875774383545,0.0615418404340744,0.0015313841167881037,14.906842231750488,895,nan,-1.0,True,,False,0.010050058364868164,0.0,0.010050058364868164,100.0,100.0,1.0,0.0,0.0,0.0,0.0,0.0
1076,74.73931884765625,0.0,0.0,0.0,74.73931884765625,0.010702376253902912,4.971322059631348,0.5601825714111328,0.0,0.0,0.0,0.0,0.0,0.0,0.0,0.0,0.0,0.0,0.0,0.0,0.023000000044703484,0.023000000044703484,0.02,0.15,0.0,0.0,0.0,0.0,0.0,0.0,0.0,0.0,0.0,0.0,0.0,0.0,0.1639096438884735,0.0614953339099884,0.0018270375840074848,14.906842231750488,895,nan,-1.0,True,,False,0.010050058364868164,0.0,0.010050058364868164,100.0,100.0,1.0,0.0,0.0,0.0,0.0,0.0
1077,274.04974365234375,-0.0,0.0,-0.0,274.04974365234375,0.00031070836121216416,5.001954078674316,0.5602045655250549,-0.0,0.0,0.0,0.0,0.0,0.0,0.0,0.0,0.0,0.0,0.0,0.0,0.023000000044703484,0.023000000044703484,0.02,0.15,0.0,0.0,0.0,0.0,0.0,0.0,0.0,0.0,0.0,0.0,0.0,0.0,0.16397257149219513,0.06144491210579872,0.0018061715968542558,14.906842231750488,895,nan,-1.0,True,,False,0.010050058364868164,0.0,0.010050058364868164,100.0,100.0,1.0,0.0,0.0,0.0,0.0,0.0
1078,68.84105682373047,-0.0,0.0,-0.0,68.84105682373047,0.012507887557148933,5.0334954261779785,0.5601986050605774,-0.0,0.0,0.0,0.0,0.0,0.0,0.0,0.0,0.0,0.0,0.0,0.0,0.023000000044703484,0.023000000044703484,0.02,0.15,0.0,0.0,0.0,0.0,0.0,0.0,0.0,0.0,0.0,0.0,0.0,0.0,0.16403193771839142,0.06139056757092476,0.0017811294123930566,14.906842231750488,895,nan,-1.0,True,,False,0.010050058364868164,0.0,0.010050058364868164,100.0,100.0,1.0,0.0,0.0,0.0,0.0,0.0
1079,47.459800720214844,-0.0,0.0,-0.0,47.459800720214844,0.02350519970059395,5.064489364624023,0.5602030754089355,-0.0,0.0,0.0,0.0,0.0,0.0,0.0,0.0,0.0,0.0,0.0,0.0,0.023000000044703484,0.023000000044703484,0.02,0.15,0.0,0.0,0.0,0.0,0.0,0.0,0.0,0.0,0.0,0.0,0.0,0.0,0.16409757733345032,0.061338115483522415,0.0016563436961405387,14.906842231750488,895,nan,-1.0,True,,False,0.010050058364868164,0.0,0.010050058364868164,100.0,100.0,1.0,0.0,0.0,0.0,0.0,0.0
1080,42.81249237060547,-0.0,0.0,-0.0,42.81249237060547,0.027445998042821884,5.095249176025391,0.5602088570594788,-0.0,0.0,0.0,0.0,0.0,0.0,0.0,0.0,0.0,0.0,0.0,0.0,0.023000000044703484,0.023000000044703484,0.02,0.15,0.0,0.0,0.0,0.0,0.0,0.0,0.0,0.0,0.0,0.0,0.0,0.0,0.1641736626625061,0.061281729489564896,0.001685611809080001,14.906842231750488,895,nan,-1.0,True,,False,0.010050058364868164,0.0,0.010050058364868164,100.0,100.0,1.0,0.0,0.0,0.0,0.0,0.0
1081,38.481178283691406,-0.0,0.0,-0.0,38.481178283691406,0.031965069472789764,5.123384475708008,0.5602314472198486,-0.0,0.0,0.0,0.0,0.0,0.0,0.0,0.0,0.0,0.0,0.0,0.0,0.023000000044703484,0.023000000044703484,0.02,0.15,0.0,0.0,0.0,0.0,0.0,0.0,0.0,0.0,0.0,0.0,0.0,0.0,0.16426444053649902,0.06121945008635521,0.001706186677893129,14.906842231750488,895,nan,-1.0,True,,False,0.010050058364868164,0.0,0.010050058364868164,100.0,100.0,1.0,0.0,0.0,0.0,0.0,0.0
1082,34.42697525024414,-0.0,0.0,-0.0,34.42697525024414,0.037168923765420914,5.150553226470947,0.5602616667747498,-0.0,0.0,0.0,0.0,0.0,0.0,0.0,0.0,0.0,0.0,0.0,0.0,0.023000000044703484,0.023000000044703484,0.02,0.15,0.0,0.0,0.0,0.0,0.0,0.0,0.0,0.0,0.0,0.0,0.0,0.0,0.16436699032783508,0.06115417927503586,0.001729492092408691,14.906842231750488,895,nan,-1.0,True,,False,0.010050058364868164,0.0,0.010050058364868164,100.0,100.0,1.0,0.0,0.0,0.0,0.0,0.0
1083,37.134765625,-0.0,0.0,-0.0,37.134765625,0.033579640090465546,5.177087783813477,0.5602855086326599,-0.0,0.0,0.0,0.0,0.0,0.0,0.0,0.0,0.0,0.0,0.0,0.0,0.023000000044703484,0.023000000044703484,0.02,0.15,0.0,0.0,0.0,0.0,0.0,0.0,0.0,0.0,0.0,0.0,0.0,0.0,0.1644810289144516,0.06108396500349045,0.001224584910687554,14.906842231750488,895,nan,-1.0,True,,False,0.010050058364868164,0.0,0.010050058364868164,100.0,100.0,1.0,0.0,0.0,0.0,0.0,0.0
1084,43.855873107910156,-0.0,0.0,-0.0,43.855873107910156,0.02649077959358692,5.201979637145996,0.5602658987045288,-0.0,0.0,0.0,0.0,0.0,0.0,0.0,0.0,0.0,0.0,0.0,0.0,0.023000000044703484,0.023000000044703484,0.02,0.15,0.0,0.0,0.0,0.0,0.0,0.0,0.0,0.0,0.0,0.0,0.0,0.0,0.16459089517593384,0.06102636829018593,0.0012555200523820531,14.906842231750488,895,nan,-1.0,True,,False,0.010050058364868164,0.0,0.010050058364868164,100.0,100.0,1.0,0.0,0.0,0.0,0.0,0.0
1085,53.447914123535156,-0.0,0.0,-0.0,53.447914123535156,0.019456230103969574,5.225942611694336,0.5602354407310486,-0.0,0.0,0.0,0.0,0.0,0.0,0.0,0.0,0.0,0.0,0.0,0.0,0.023000000044703484,0.023000000044703484,0.02,0.15,0.0,0.0,0.0,0.0,0.0,0.0,0.0,0.0,0.0,0.0,0.0,0.0,0.16469363868236542,0.06098239868879318,0.0013098565168547793,14.906842231750488,895,nan,-1.0,True,,False,0.010050058364868164,0.0,0.010050058364868164,100.0,100.0,1.0,0.0,0.0,0.0,0.0,0.0
1086,68.86556243896484,-0.0,0.0,-0.0,68.86556243896484,0.012499399483203888,5.249141693115234,0.560214638710022,-0.0,0.0,0.0,0.0,0.0,0.0,0.0,0.0,0.0,0.0,0.0,0.0,0.023000000044703484,0.023000000044703484,0.02,0.15,0.0,0.0,0.0,0.0,0.0,0.0,0.0,0.0,0.0,0.0,0.0,0.0,0.16479076445102692,0.06094915792346001,0.0013429574860310822,14.906842231750488,895,nan,-1.0,True,,False,0.010050058364868164,0.0,0.010050058364868164,100.0,100.0,1.0,0.0,0.0,0.0,0.0,0.0
1087,100.09053039550781,-0.0,0.0,-0.0,100.09053039550781,0.005823524668812752,5.270768642425537,0.5602061152458191,-0.0,0.0,0.0,0.0,0.0,0.0,0.0,0.0,0.0,0.0,0.0,0.0,0.023000000044703484,0.023000000044703484,0.02,0.15,0.0,0.0,0.0,0.0,0.0,0.0,0.0,0.0,0.0,0.0,0.0,0.0,0.16488395631313324,0.0609247051179409,0.0013888550274714362,14.906842231750488,895,nan,-1.0,True,,False,0.010050058364868164,0.0,0.010050058364868164,100.0,100.0,1.0,0.0,0.0,0.0,0.0,0.0
1088,158.13038635253906,-0.0,0.0,-0.0,158.13038635253906,0.0018436628160998225,5.289982318878174,0.5601937174797058,-0.0,0.0,0.0,0.0,0.0,0.0,0.0,0.0,0.0,0.0,0.0,0.0,0.023000000044703484,0.023000000044703484,0.02,0.15,0.0,0.0,0.0,0.0,0.0,0.0,0.0,0.0,0.0,0.0,0.0,0.0,0.1649710088968277,0.06090807169675827,0.0014614884953516594,14.906842231750488,895,nan,-1.0,True,,False,0.010050058364868164,0.0,0.010050058364868164,100.0,100.0,1.0,0.0,0.0,0.0,0.0,0.0
1089,159.4322052001953,-0.0,0.0,-0.0,159.4322052001953,0.0018012948567047715,5.308372497558594,0.5601657629013062,-0.0,0.0,0.0,0.0,0.0,0.0,0.0,0.0,0.0,0.0,0.0,0.0,0.023000000044703484,0.023000000044703484,0.02,0.15,0.0,0.0,0.0,0.0,0.0,0.0,0.0,0.0,0.0,0.0,0.0,0.0,0.16505908966064453,0.06087356433272362,0.0007625470329912787,14.906842231750488,895,nan,-1.0,True,,False,0.010050058364868164,0.0,0.010050058364868164,100.0,100.0,1.0,0.0,0.0,0.0,0.0,0.0
1090,60.55063247680664,-0.0,0.0,-0.0,60.55063247680664,0.015758780762553215,5.325697898864746,0.5601097941398621,-0.0,0.0,0.0,0.0,0.0,0.0,0.0,0.0,0.0,0.0,0.0,0.0,0.023000000044703484,0.023000000044703484,0.02,0.15,0.0,0.0,0.0,0.0,0.0,0.0,0.0,0.0,0.0,0.0,0.0,0.0,0.16514089703559875,0.0607709139585495,0.0007314439112633409,14.906842231750488,895,nan,-1.0,True,,False,0.010050058364868164,0.0,0.010050058364868164,100.0,100.0,1.0,0.0,0.0,0.0,0.0,0.0
1091,39.12755584716797,-0.0,0.0,-0.0,39.12755584716797,0.031230401247739792,5.342582702636719,0.5600595474243164,-0.0,0.0,0.0,0.0,0.0,0.0,0.0,0.0,0.0,0.0,0.0,0.0,0.023000000044703484,0.023000000044703484,0.02,0.15,0.0,0.0,0.0,0.0,0.0,0.0,0.0,0.0,0.0,0.0,0.0,0.0,0.165216326713562,0.060666367411613464,0.0007114496588656039,14.906842231750488,895,nan,-1.0,True,,False,0.010050058364868164,0.0,0.010050058364868164,100.0,100.0,1.0,0.0,0.0,0.0,0.0,0.0
1092,29.6453800201416,-0.0,0.0,-0.0,29.6453800201416,0.0449254997074604,5.35894775390625,0.5600278377532959,-0.0,0.0,0.0,0.0,0.0,0.0,0.0,0.0,0.0,0.0,0.0,0.0,0.023000000044703484,0.023000000044703484,0.02,0.15,0.0,0.0,0.0,0.0,0.0,0.0,0.0,0.0,0.0,0.0,0.0,0.0,0.1652843952178955,0.0605618841946125,0.001521452373253851,14.906842231750488,895,nan,-1.0,True,,False,0.010050058364868164,0.0,0.010050058364868164,100.0,100.0,1.0,0.0,0.0,0.0,0.0,0.0
1093,24.290695190429688,-0.0,0.0,-0.0,24.290695190429688,0.0566505566239357,5.375522136688232,0.5600070953369141,-0.0,0.0,0.0,0.0,0.0,0.0,0.0,0.0,0.0,0.0,0.0,0.0,0.023000000044703484,0.023000000044703484,0.02,0.15,0.0,0.0,0.0,0.0,0.0,0.0,0.0,0.0,0.0,0.0,0.0,0.0,0.1653580367565155,0.06045599281787872,0.0015224508547362348,14.906842231750488,895,nan,-1.0,True,,False,0.010050058364868164,0.0,0.010050058364868164,100.0,100.0,1.0,0.0,0.0,0.0,0.0,0.0
1094,23.71892738342285,-0.0,0.0,-0.0,23.71892738342285,0.06337405741214752,5.392314910888672,0.5600021481513977,-0.0,0.0,0.0,0.0,0.0,0.0,0.0,0.0,0.0,0.0,0.0,0.0,0.023000000044703484,0.023000000044703484,0.02,0.15,0.0,0.0,0.0,0.0,0.0,0.0,0.0,0.0,0.0,0.0,0.0,0.0,0.16543178260326385,0.06035386398434639,0.0013556771277762891,14.906842231750488,895,nan,-1.0,True,,False,0.010050058364868164,0.0,0.010050058364868164,100.0,100.0,1.0,0.0,0.0,0.0,0.0,0.0
1095,28.15494155883789,-0.0,0.0,-0.0,28.15494155883789,0.047815751284360886,5.409310340881348,0.560021698474884,-0.0,0.0,0.0,0.0,0.0,0.0,0.0,0.0,0.0,0.0,0.0,0.0,0.023000000044703484,0.023000000044703484,0.02,0.15,0.0,0.0,0.0,0.0,0.0,0.0,0.0,0.0,0.0,0.0,0.0,0.0,0.1654994785785675,0.06025601178407669,0.0018936171973109595,14.906842231750488,895,nan,-1.0,True,,False,0.010050058364868164,0.0,0.010050058364868164,100.0,100.0,1.0,0.0,0.0,0.0,0.0,0.0
1096,42.62208557128906,-0.0,0.0,-0.0,42.62208557128906,0.027628913521766663,5.426609992980957,0.5600591897964478,-0.0,0.0,0.0,0.0,0.0,0.0,0.0,0.0,0.0,0.0,0.0,0.0,0.023000000044703484,0.023000000044703484,0.02,0.15,0.0,0.0,0.0,0.0,0.0,0.0,0.0,0.0,0.0,0.0,0.0,0.0,0.165565624833107,0.060155030339956284,0.0018538481108407723,14.906842231750488,895,nan,-1.0,True,,False,0.010050058364868164,0.0,0.010050058364868164,100.0,100.0,1.0,0.0,0.0,0.0,0.0,0.0
1097,94.82210540771484,-0.0,0.0,-0.0,94.82210540771484,0.006562376394867897,5.4436774253845215,0.5601196885108948,-0.0,0.0,0.0,0.0,0.0,0.0,0.0,0.0,0.0,0.0,0.0,0.0,0.023000000044703484,0.023000000044703484,0.02,0.15,0.0,0.0,0.0,0.0,0.0,0.0,0.0,0.0,0.0,0.0,0.0,0.0,0.16563200950622559,0.0600486695766449,0.0017467633933847537,14.906842231750488,895,nan,-1.0,True,,False,0.010050058364868164,0.0,0.010050058364868164,100.0,100.0,1.0,0.0,0.0,0.0,0.0,0.0
1098,66.8091049194336,-0.0,0.0,-0.0,66.8091049194336,0.013217289000749588,5.40816068649292,0.5600338578224182,-0.0,0.0,0.0,0.0,0.0,0.0,0.0,0.0,0.0,0.0,0.0,0.0,0.023000000044703484,0.023000000044703484,0.02,0.15,0.0,0.0,0.0,0.0,0.0,0.0,0.0,0.0,0.0,0.0,0.0,0.0,0.16570311784744263,0.05993540585041046,0.0005024992833568831,14.906842231750488,895,nan,-1.0,True,,False,0.010050058364868164,0.0,0.010050058364868164,100.0,100.0,1.0,0.0,0.0,0.0,0.0,0.0
1099,224.52870178222656,-0.0,0.0,-0.0,224.52870178222656,0.0006272534956224263,5.350378036499023,0.5598931312561035,-0.0,0.0,0.0,0.0,0.0,0.0,0.0,0.0,0.0,0.0,0.0,0.0,0.023000000044703484,0.023000000044703484,0.02,0.15,0.0,0.0,0.0,0.0,0.0,0.0,0.0,0.0,0.0,0.0,0.0,0.0,0.16577760875225067,0.05981868878006935,0.00044922496999788564,14.906842231750488,895,nan,-1.0,True,,False,0.010050058364868164,0.0,0.010050058364868164,100.0,100.0,1.0,0.0,0.0,0.0,0.0,0.0
1100,72.32759857177734,-0.0,0.0,-0.0,72.32759857177734,0.011387927457690239,5.302376747131348,0.5597032904624939,-0.0,0.0,0.0,0.0,0.0,0.0,0.0,0.0,0.0,0.0,0.0,0.0,0.023000000044703484,0.023000000044703484,0.02,0.15,0.0,0.0,0.0,0.0,0.0,0.0,0.0,0.0,0.0,0.0,0.0,0.0,0.165862575173378,0.05969700217247009,0.0003616751632762316,14.906842231750488,895,nan,-1.0,True,,False,0.010050058364868164,0.0,0.010050058364868164,100.0,100.0,1.0,0.0,0.0,0.0,0.0,0.0
1101,46.74592971801758,-0.0,0.0,-0.0,46.74592971801758,0.024026978760957718,5.254213333129883,0.5595174431800842,-0.0,0.0,0.0,0.0,0.0,0.0,0.0,0.0,0.0,0.0,0.0,0.0,0.023000000044703484,0.023000000044703484,0.02,0.15,0.0,0.0,0.0,0.0,0.0,0.0,0.0,0.0,0.0,0.0,0.0,0.0,0.16594287753105164,0.05961207300424576,0.0003326123951410409,14.906842231750488,895,nan,-1.0,True,,False,0.010050058364868164,0.0,0.010050058364868164,100.0,100.0,1.0,0.0,0.0,0.0,0.0,0.0
1102,34.7252082824707,-0.0,0.0,-0.0,34.7252082824707,0.036688171327114105,5.205526351928711,0.5593454241752625,-0.0,0.0,0.0,0.0,0.0,0.0,0.0,0.0,0.0,0.0,0.0,0.0,0.023000000044703484,0.023000000044703484,0.02,0.15,0.0,0.0,0.0,0.0,0.0,0.0,0.0,0.0,0.0,0.0,0.0,0.0,0.16601425409317017,0.059529274702072144,0.00034607257884999854,14.906842231750488,895,nan,-1.0,True,,False,0.010050058364868164,0.0,0.010050058364868164,100.0,100.0,1.0,0.0,0.0,0.0,0.0,0.0
1103,26.972604751586914,-0.0,0.0,-0.0,26.972604751586914,0.050219736993312836,5.155725479125977,0.5591879487037659,-0.0,0.0,0.0,0.0,0.0,0.0,0.0,0.0,0.0,0.0,0.0,0.0,0.023000000044703484,0.023000000044703484,0.02,0.15,0.0,0.0,0.0,0.0,0.0,0.0,0.0,0.0,0.0,0.0,0.0,0.0,0.1660776436328888,0.05944911763072014,0.00040162035293178633,14.906842231750488,895,nan,-1.0,True,,False,0.010050058364868164,0.0,0.010050058364868164,100.0,100.0,1.0,0.0,0.0,0.0,0.0,0.0
1104,29.294954299926758,-0.0,0.0,-0.0,29.294954299926758,0.04550831764936447,5.104622840881348,0.5590264797210693,-0.0,0.0,0.0,0.0,0.0,0.0,0.0,0.0,0.0,0.0,0.0,0.0,0.023000000044703484,0.023000000044703484,0.02,0.15,0.0,0.0,0.0,0.0,0.0,0.0,0.0,0.0,0.0,0.0,0.0,0.0,0.16613197326660156,0.059369105845689774,0.0012611159495463653,14.906842231750488,895,nan,-1.0,True,,False,0.010050058364868164,0.0,0.010050058364868164,100.0,100.0,1.0,0.0,0.0,0.0,0.0,0.0
1105,38.909217834472656,-0.0,0.0,-0.0,38.909217834472656,0.03141787648200989,5.0527448654174805,0.5588704943656921,-0.0,0.0,0.0,0.0,0.0,0.0,0.0,0.0,0.0,0.0,0.0,0.0,0.023000000044703484,0.023000000044703484,0.02,0.15,0.0,0.0,0.0,0.0,0.0,0.0,0.0,0.0,0.0,0.0,0.0,0.0,0.16618980467319489,0.059273652732372284,0.0012096449245291296,14.906842231750488,895,nan,-1.0,True,,False,0.010050058364868164,0.0,0.010050058364868164,100.0,100.0,1.0,0.0,0.0,0.0,0.0,0.0
1106,60.418373107910156,-0.0,0.0,-0.0,60.418373107910156,0.015786219388246536,5.000295162200928,0.5587132573127747,-0.0,0.0,0.0,0.0,0.0,0.0,0.0,0.0,0.0,0.0,0.0,0.0,0.023000000044703484,0.023000000044703484,0.02,0.15,0.0,0.0,0.0,0.0,0.0,0.0,0.0,0.0,0.0,0.0,0.0,0.0,0.1662510335445404,0.05916394293308258,0.0013422996585177316,14.906842231750488,895,nan,-1.0,True,,False,0.010050058364868164,0.0,0.010050058364868164,100.0,100.0,1.0,0.0,0.0,0.0,0.0,0.0
1107,334.5613708496094,-0.0,0.0,-0.0,334.5613708496094,0.00014259753515943885,4.948795795440674,0.5585570335388184,-0.0,0.0,0.0,0.0,0.0,0.0,0.0,0.0,0.0,0.0,0.0,0.0,0.023000000044703484,0.023000000044703484,0.02,0.15,0.0,0.0,0.0,0.0,0.0,0.0,0.0,0.0,0.0,0.0,0.0,0.0,0.16631324589252472,0.059052009135484695,0.0013257041368888167,14.906842231750488,895,nan,-1.0,True,,False,0.010050058364868164,0.0,0.010050058364868164,100.0,100.0,1.0,0.0,0.0,0.0,0.0,0.0
1108,75.07618713378906,-0.0,0.0,-0.0,75.07618713378906,0.010584020987153053,4.898209095001221,0.5583419799804688,-0.0,0.0,0.0,0.0,0.0,0.0,0.0,0.0,0.0,0.0,0.0,0.0,0.023000000044703484,0.023000000044703484,0.02,0.15,0.0,0.0,0.0,0.0,0.0,0.0,0.0,0.0,0.0,0.0,0.0,0.0,0.16637645661830902,0.05894441530108452,0.0012911339094898722,14.906842231750488,895,nan,-1.0,True,,False,0.010050058364868164,0.0,0.010050058364868164,100.0,100.0,1.0,0.0,0.0,0.0,0.0,0.0
1109,50.92115020751953,-0.0,0.0,-0.0,50.92115020751953,0.020982615649700165,4.846729278564453,0.5581275224685669,-0.0,0.0,0.0,0.0,0.0,0.0,0.0,0.0,0.0,0.0,0.0,0.0,0.023000000044703484,0.023000000044703484,0.02,0.15,0.0,0.0,0.0,0.0,0.0,0.0,0.0,0.0,0.0,0.0,0.0,0.0,0.1664362996816635,0.05886928737163544,0.0012464099663702655,14.906842231750488,895,nan,-1.0,True,,False,0.010050058364868164,0.0,0.010050058364868164,100.0,100.0,1.0,0.0,0.0,0.0,0.0,0.0
1110,38.98438262939453,-0.0,0.0,-0.0,38.98438262939453,0.03129500150680542,4.794318199157715,0.5579177737236023,-0.0,0.0,0.0,0.0,0.0,0.0,0.0,0.0,0.0,0.0,0.0,0.0,0.023000000044703484,0.023000000044703484,0.02,0.15,0.0,0.0,0.0,0.0,0.0,0.0,0.0,0.0,0.0,0.0,0.0,0.0,0.16649287939071655,0.05880647897720337,0.0012513561405285145,14.906842231750488,895,nan,-1.0,True,,False,0.010050058364868164,0.0,0.010050058364868164,100.0,100.0,1.0,0.0,0.0,0.0,0.0,0.0
1111,34.91230392456055,-0.0,0.0,-0.0,34.91230392456055,0.036365896463394165,4.740627288818359,0.5577202439308167,-0.0,0.0,0.0,0.0,0.0,0.0,0.0,0.0,0.0,0.0,0.0,0.0,0.023000000044703484,0.023000000044703484,0.02,0.15,0.0,0.0,0.0,0.0,0.0,0.0,0.0,0.0,0.0,0.0,0.0,0.0,0.16654621064662933,0.0587507039308548,0.0022449135076385573,14.906842231750488,895,nan,-1.0,True,,False,0.010050058364868164,0.0,0.010050058364868164,100.0,100.0,1.0,0.0,0.0,0.0,0.0,0.0
1112,46.86336898803711,-0.0,0.0,-0.0,46.86336898803711,0.023876596242189407,4.687169551849365,0.5575312972068787,-0.0,0.0,0.0,0.0,0.0,0.0,0.0,0.0,0.0,0.0,0.0,0.0,0.023000000044703484,0.023000000044703484,0.02,0.15,0.0,0.0,0.0,0.0,0.0,0.0,0.0,0.0,0.0,0.0,0.0,0.0,0.16659365594387054,0.05870401859283447,0.0010289486012879934,14.906842231750488,895,nan,-1.0,True,,False,0.010050058364868164,0.0,0.010050058364868164,100.0,100.0,1.0,0.0,0.0,0.0,0.0,0.0
1113,73.70311737060547,-0.0,0.0,-0.0,73.70311737060547,0.010948440060019493,4.632590293884277,0.5573511123657227,-0.0,0.0,0.0,0.0,0.0,0.0,0.0,0.0,0.0,0.0,0.0,0.0,0.023000000044703484,0.023000000044703484,0.02,0.15,0.0,0.0,0.0,0.0,0.0,0.0,0.0,0.0,0.0,0.0,0.0,0.0,0.16663983464241028,0.058660849928855896,0.0010176921737183875,14.906842231750488,895,nan,-1.0,True,,False,0.010050058364868164,0.0,0.010050058364868164,100.0,100.0,1.0,0.0,0.0,0.0,0.0,0.0
1114,322.0537109375,-0.0,0.0,-0.0,322.0537109375,0.00016599547234363854,4.577375888824463,0.5571804642677307,-0.0,0.0,0.0,0.0,0.0,0.0,0.0,0.0,0.0,0.0,0.0,0.0,0.023000000044703484,0.023000000044703484,0.02,0.15,0.0,0.0,0.0,0.0,0.0,0.0,0.0,0.0,0.0,0.0,0.0,0.0,0.16668568551540375,0.05862044543027878,0.0009828012284742726,14.906842231750488,895,nan,-1.0,True,,False,0.010050058364868164,0.0,0.010050058364868164,100.0,100.0,1.0,0.0,0.0,0.0,0.0,0.0
1115,100.87802124023438,-0.0,0.0,-0.0,100.87802124023438,0.005693875253200531,4.52304220199585,0.55697101354599,-0.0,0.0,0.0,0.0,0.0,0.0,0.0,0.0,0.0,0.0,0.0,0.0,0.023000000044703484,0.023000000044703484,0.02,0.15,0.0,0.0,0.0,0.0,0.0,0.0,0.0,0.0,0.0,0.0,0.0,0.0,0.16673007607460022,0.05857747048139572,0.0023704460595581622,14.906842231750488,895,nan,-1.0,True,,False,0.010050058364868164,0.0,0.010050058364868164,100.0,100.0,1.0,0.0,0.0,0.0,0.0,0.0
1116,61.63678741455078,-0.0,0.0,-0.0,61.63678741455078,0.015194226056337357,4.46875524520874,0.5567570328712463,-0.0,0.0,0.0,0.0,0.0,0.0,0.0,0.0,0.0,0.0,0.0,0.0,0.023000000044703484,0.023000000044703484,0.02,0.15,0.0,0.0,0.0,0.0,0.0,0.0,0.0,0.0,0.0,0.0,0.0,0.0,0.1667790561914444,0.05852402746677399,0.0023808097603250644,14.906842231750488,895,nan,-1.0,True,,False,0.010050058364868164,0.0,0.010050058364868164,100.0,100.0,1.0,0.0,0.0,0.0,0.0,0.0
1117,49.278255462646484,-0.0,0.0,-0.0,49.278255462646484,0.022040657699108124,4.414611339569092,0.5565578937530518,-0.0,0.0,0.0,0.0,0.0,0.0,0.0,0.0,0.0,0.0,0.0,0.0,0.023000000044703484,0.023000000044703484,0.02,0.15,0.0,0.0,0.0,0.0,0.0,0.0,0.0,0.0,0.0,0.0,0.0,0.0,0.166828453540802,0.05846492573618889,0.0023721258594378014,14.906842231750488,895,nan,-1.0,True,,False,0.010050058364868164,0.0,0.010050058364868164,100.0,100.0,1.0,0.0,0.0,0.0,0.0,0.0
1118,42.76598358154297,-0.0,0.0,-0.0,42.76598358154297,0.02732647955417633,4.361221790313721,0.5563626289367676,-0.0,0.0,0.0,0.0,0.0,0.0,0.0,0.0,0.0,0.0,0.0,0.0,0.023000000044703484,0.023000000044703484,0.02,0.15,0.0,0.0,0.0,0.0,0.0,0.0,0.0,0.0,0.0,0.0,0.0,0.0,0.16688036918640137,0.058395303785800934,0.002349714319279883,14.906842231750488,895,nan,-1.0,True,,False,0.010050058364868164,0.0,0.010050058364868164,100.0,100.0,1.0,0.0,0.0,0.0,0.0,0.0
1119,37.72414779663086,-0.0,0.0,-0.0,37.72414779663086,0.03265342116355896,4.308061599731445,0.5561795830726624,-0.0,0.0,0.0,0.0,0.0,0.0,0.0,0.0,0.0,0.0,0.0,0.0,0.023000000044703484,0.023000000044703484,0.02,0.15,0.0,0.0,0.0,0.0,0.0,0.0,0.0,0.0,0.0,0.0,0.0,0.0,0.1669367253780365,0.058316655457019806,0.002321106237559434,14.906842231750488,895,nan,-1.0,True,,False,0.010050058364868164,0.0,0.010050058364868164,100.0,100.0,1.0,0.0,0.0,0.0,0.0,0.0
1120,43.51541519165039,-0.0,0.0,-0.0,43.51541519165039,0.026616714894771576,4.25545597076416,0.5560005307197571,-0.0,0.0,0.0,0.0,0.0,0.0,0.0,0.0,0.0,0.0,0.0,0.0,0.023000000044703484,0.023000000044703484,0.02,0.15,0.0,0.0,0.0,0.0,0.0,0.0,0.0,0.0,0.0,0.0,0.0,0.0,0.1669972985982895,0.05822766572237015,0.0007261048467626097,14.906842231750488,895,nan,-1.0,True,,False,0.010050058364868164,0.0,0.010050058364868164,100.0,100.0,1.0,0.0,0.0,0.0,0.0,0.0
1121,52.183021545410156,-0.0,0.0,-0.0,52.183021545410156,0.0200849249958992,4.203845024108887,0.5558334589004517,-0.0,0.0,0.0,0.0,0.0,0.0,0.0,0.0,0.0,0.0,0.0,0.0,0.023000000044703484,0.023000000044703484,0.02,0.15,0.0,0.0,0.0,0.0,0.0,0.0,0.0,0.0,0.0,0.0,0.0,0.0,0.1670590490102768,0.05813572183251381,0.0007325354167733167,14.906842231750488,895,nan,-1.0,True,,False,0.010050058364868164,0.0,0.010050058364868164,100.0,100.0,1.0,0.0,0.0,0.0,0.0,0.0
1122,64.5711441040039,-0.0,0.0,-0.0,64.5711441040039,0.013955622911453247,4.153387546539307,0.555677056312561,-0.0,0.0,0.0,0.0,0.0,0.0,0.0,0.0,0.0,0.0,0.0,0.0,0.023000000044703484,0.023000000044703484,0.02,0.15,0.0,0.0,0.0,0.0,0.0,0.0,0.0,0.0,0.0,0.0,0.0,0.0,0.1671210378408432,0.058040551841259,0.0007577170981676318,14.906842231750488,895,nan,-1.0,True,,False,0.010050058364868164,0.0,0.010050058364868164,100.0,100.0,1.0,0.0,0.0,0.0,0.0,0.0
1123,84.12301635742188,-0.0,0.0,-0.0,84.12301635742188,0.008387964218854904,4.103860378265381,0.5555307865142822,-0.0,0.0,0.0,0.0,0.0,0.0,0.0,0.0,0.0,0.0,0.0,0.0,0.023000000044703484,0.023000000044703484,0.02,0.15,0.0,0.0,0.0,0.0,0.0,0.0,0.0,0.0,0.0,0.0,0.0,0.0,0.16718372702598572,0.057942651212215424,0.0008010456067495397,14.906842231750488,895,nan,-1.0,True,,False,0.010050058364868164,0.0,0.010050058364868164,100.0,100.0,1.0,0.0,0.0,0.0,0.0,0.0
1124,139.82249450683594,-0.0,0.0,-0.0,139.82249450683594,0.0025580842047929764,4.055437088012695,0.5553972721099854,-0.0,0.0,0.0,0.0,0.0,0.0,0.0,0.0,0.0,0.0,0.0,0.0,0.023000000044703484,0.023000000044703484,0.02,0.15,0.0,0.0,0.0,0.0,0.0,0.0,0.0,0.0,0.0,0.0,0.0,0.0,0.16724634170532227,0.057843297719955444,0.0008345480755451717,14.906842231750488,895,nan,-1.0,True,,False,0.010050058364868164,0.0,0.010050058364868164,100.0,100.0,1.0,0.0,0.0,0.0,0.0,0.0
1125,286.37811279296875,-0.0,0.0,-0.0,286.37811279296875,0.000261432898696512,4.012467384338379,0.5552796125411987,-0.0,0.0,0.0,0.0,0.0,0.0,0.0,0.0,0.0,0.0,0.0,0.0,0.023000000044703484,0.023000000044703484,0.02,0.15,0.0,0.0,0.0,0.0,0.0,0.0,0.0,0.0,0.0,0.0,0.0,0.0,0.16730710864067078,0.05774557963013649,0.00163993236310489,14.906842231750488,895,nan,-1.0,True,,False,0.010050058364868164,0.0,0.010050058364868164,100.0,100.0,1.0,0.0,0.0,0.0,0.0,0.0
1126,85.92268371582031,-0.0,0.0,-0.0,85.92268371582031,0.008021911606192589,3.9786510467529297,0.5551504492759705,-0.0,0.0,0.0,0.0,0.0,0.0,0.0,0.0,0.0,0.0,0.0,0.0,0.023000000044703484,0.023000000044703484,0.02,0.15,0.0,0.0,0.0,0.0,0.0,0.0,0.0,0.0,0.0,0.0,0.0,0.0,0.16736583411693573,0.057651057839393616,0.0009362828245684796,14.906842231750488,895,nan,-1.0,True,,False,0.010050058364868164,0.0,0.010050058364868164,100.0,100.0,1.0,0.0,0.0,0.0,0.0,0.0
1127,64.49047088623047,-0.0,0.0,-0.0,64.49047088623047,0.01396283321082592,3.9465417861938477,0.555037796497345,-0.0,0.0,0.0,0.0,0.0,0.0,0.0,0.0,0.0,0.0,0.0,0.0,0.023000000044703484,0.023000000044703484,0.02,0.15,0.0,0.0,0.0,0.0,0.0,0.0,0.0,0.0,0.0,0.0,0.0,0.0,0.16742484271526337,0.05755922570824623,0.0009467453041906992,14.906842231750488,895,nan,-1.0,True,,False,0.010050058364868164,0.0,0.010050058364868164,100.0,100.0,1.0,0.0,0.0,0.0,0.0,0.0
1128,51.83592987060547,-0.0,0.0,-0.0,51.83592987060547,0.020252175629138947,3.9161734580993652,0.5549355745315552,-0.0,0.0,0.0,0.0,0.0,0.0,0.0,0.0,0.0,0.0,0.0,0.0,0.023000000044703484,0.023000000044703484,0.02,0.15,0.0,0.0,0.0,0.0,0.0,0.0,0.0,0.0,0.0,0.0,0.0,0.0,0.16748622059822083,0.057468026876449585,0.0009507248910267663,14.906842231750488,895,nan,-1.0,True,,False,0.010050058364868164,0.0,0.010050058364868164,100.0,100.0,1.0,0.0,0.0,0.0,0.0,0.0
1129,42.87446594238281,-0.0,0.0,-0.0,42.87446594238281,0.02711593545973301,3.8902807235717773,0.554841160774231,-0.0,0.0,0.0,0.0,0.0,0.0,0.0,0.0,0.0,0.0,0.0,0.0,0.023000000044703484,0.023000000044703484,0.02,0.15,0.0,0.0,0.0,0.0,0.0,0.0,0.0,0.0,0.0,0.0,0.0,0.0,0.1675548106431961,0.05737798288464546,0.0009496503876107454,14.906842231750488,895,nan,-1.0,True,,False,0.010050058364868164,0.0,0.010050058364868164,100.0,100.0,1.0,0.0,0.0,0.0,0.0,0.0
1130,36.07342529296875,-0.0,0.0,-0.0,36.07342529296875,0.034563615918159485,3.865910530090332,0.5547586679458618,-0.0,0.0,0.0,0.0,0.0,0.0,0.0,0.0,0.0,0.0,0.0,0.0,0.023000000044703484,0.023000000044703484,0.02,0.15,0.0,0.0,0.0,0.0,0.0,0.0,0.0,0.0,0.0,0.0,0.0,0.0,0.16763164103031158,0.057289354503154755,0.0009470739601056266,14.906842231750488,895,nan,-1.0,True,,False,0.010050058364868164,0.0,0.010050058364868164,100.0,100.0,1.0,0.0,0.0,0.0,0.0,0.0
1131,30.655820846557617,-0.0,0.0,-0.0,30.655820846557617,0.042655717581510544,3.8422136306762695,0.5546814203262329,-0.0,0.0,0.0,0.0,0.0,0.0,0.0,0.0,0.0,0.0,0.0,0.0,0.023000000044703484,0.023000000044703484,0.02,0.15,0.0,0.0,0.0,0.0,0.0,0.0,0.0,0.0,0.0,0.0,0.0,0.0,0.167710542678833,0.057200852781534195,0.0009349765623483108,14.906842231750488,895,nan,-1.0,True,,False,0.010050058364868164,0.0,0.010050058364868164,100.0,100.0,1.0,0.0,0.0,0.0,0.0,0.0
1132,26.981435775756836,-0.0,0.0,-0.0,26.981435775756836,0.04973413050174713,3.8191347122192383,0.5546227097511292,-0.0,0.0,0.0,0.0,0.0,0.0,0.0,0.0,0.0,0.0,0.0,0.0,0.023000000044703484,0.023000000044703484,0.02,0.15,0.0,0.0,0.0,0.0,0.0,0.0,0.0,0.0,0.0,0.0,0.0,0.0,0.1677909791469574,0.05711377412080765,0.0012164063564341632,14.906842231750488,895,nan,-1.0,True,,False,0.010050058364868164,0.0,0.010050058364868164,100.0,100.0,1.0,0.0,0.0,0.0,0.0,0.0
1133,27.882448196411133,-0.0,0.0,-0.0,27.882448196411133,0.04783756658434868,3.796982765197754,0.5545847415924072,-0.0,0.0,0.0,0.0,0.0,0.0,0.0,0.0,0.0,0.0,0.0,0.0,0.023000000044703484,0.023000000044703484,0.02,0.15,0.0,0.0,0.0,0.0,0.0,0.0,0.0,0.0,0.0,0.0,0.0,0.0,0.16787326335906982,0.057026829570531845,0.001195823174839461,14.906842231750488,895,nan,-1.0,True,,False,0.010050058364868164,0.0,0.010050058364868164,100.0,100.0,1.0,0.0,0.0,0.0,0.0,0.0
1134,28.584026336669922,-0.0,0.0,-0.0,28.584026336669922,0.046431660652160645,3.7756481170654297,0.5545562505722046,-0.0,0.0,0.0,0.0,0.0,0.0,0.0,0.0,0.0,0.0,0.0,0.0,0.023000000044703484,0.023000000044703484,0.02,0.15,0.0,0.0,0.0,0.0,0.0,0.0,0.0,0.0,0.0,0.0,0.0,0.0,0.16795669496059418,0.056940533220767975,0.0011635442701845022,14.906842231750488,895,nan,-1.0,True,,False,0.010050058364868164,0.0,0.010050058364868164,100.0,100.0,1.0,0.0,0.0,0.0,0.0,0.0
1135,29.456607818603516,-0.0,0.0,-0.0,29.456607818603516,0.044768791645765305,3.7555084228515625,0.5545499324798584,-0.0,0.0,0.0,0.0,0.0,0.0,0.0,0.0,0.0,0.0,0.0,0.0,0.023000000044703484,0.023000000044703484,0.02,0.15,0.0,0.0,0.0,0.0,0.0,0.0,0.0,0.0,0.0,0.0,0.0,0.0,0.16804194450378418,0.05685646831989288,0.0011254634459874069,14.906842231750488,895,nan,-1.0,True,,False,0.010050058364868164,0.0,0.010050058364868164,100.0,100.0,1.0,0.0,0.0,0.0,0.0,0.0
1136,30.388507843017578,-0.0,0.0,-0.0,30.388507843017578,0.04308637976646423,3.7361903190612793,0.5545487403869629,-0.0,0.0,0.0,0.0,0.0,0.0,0.0,0.0,0.0,0.0,0.0,0.0,0.023000000044703484,0.023000000044703484,0.02,0.15,0.0,0.0,0.0,0.0,0.0,0.0,0.0,0.0,0.0,0.0,0.0,0.0,0.16812899708747864,0.05677489936351776,0.0010911297617894888,14.906842231750488,895,nan,-1.0,True,,False,0.010050058364868164,0.0,0.010050058364868164,100.0,100.0,1.0,0.0,0.0,0.0,0.0,0.0
1137,31.383642196655273,-0.0,0.0,-0.0,31.383642196655273,0.041388753801584244,3.7186450958251953,0.5545644760131836,-0.0,0.0,0.0,0.0,0.0,0.0,0.0,0.0,0.0,0.0,0.0,0.0,0.023000000044703484,0.023000000044703484,0.02,0.15,0.0,0.0,0.0,0.0,0.0,0.0,0.0,0.0,0.0,0.0,0.0,0.0,0.1682179570198059,0.05669926106929779,0.0010361941872361058,14.906842231750488,895,nan,-1.0,True,,False,0.010050058364868164,0.0,0.010050058364868164,100.0,100.0,1.0,0.0,0.0,0.0,0.0,0.0
1138,32.43571472167969,-0.0,0.0,-0.0,32.43571472167969,0.039696887135505676,3.702116012573242,0.5546046495437622,-0.0,0.0,0.0,0.0,0.0,0.0,0.0,0.0,0.0,0.0,0.0,0.0,0.023000000044703484,0.023000000044703484,0.02,0.15,0.0,0.0,0.0,0.0,0.0,0.0,0.0,0.0,0.0,0.0,0.0,0.0,0.168326273560524,0.05662747099995613,0.000991334375612496,14.906842231750488,895,nan,-1.0,True,,False,0.010050058364868164,0.0,0.010050058364868164,100.0,100.0,1.0,0.0,0.0,0.0,0.0,0.0
1139,33.43824768066406,-0.0,0.0,-0.0,33.43824768066406,0.038175880908966064,3.687317371368408,0.5546677112579346,-0.0,0.0,0.0,0.0,0.0,0.0,0.0,0.0,0.0,0.0,0.0,0.0,0.023000000044703484,0.023000000044703484,0.02,0.15,0.0,0.0,0.0,0.0,0.0,0.0,0.0,0.0,0.0,0.0,0.0,0.0,0.1684420108795166,0.0565619096159935,0.0009685541040198586,14.906842231750488,895,nan,-1.0,True,,False,0.010050058364868164,0.0,0.010050058364868164,100.0,100.0,1.0,0.0,0.0,0.0,0.0,0.0
1140,34.58154296875,-0.0,0.0,-0.0,34.58154296875,0.03654085844755173,3.674152374267578,0.5547623038291931,-0.0,0.0,0.0,0.0,0.0,0.0,0.0,0.0,0.0,0.0,0.0,0.0,0.023000000044703484,0.023000000044703484,0.02,0.15,0.0,0.0,0.0,0.0,0.0,0.0,0.0,0.0,0.0,0.0,0.0,0.0,0.1685604304075241,0.0565052404999733,0.0009655024564381165,14.906842231750488,895,nan,-1.0,True,,False,0.010050058364868164,0.0,0.010050058364868164,100.0,100.0,1.0,0.0,0.0,0.0,0.0,0.0
1141,35.67818832397461,-0.0,0.0,-0.0,35.67818832397461,0.035065457224845886,3.662414073944092,0.5548849105834961,-0.0,0.0,0.0,0.0,0.0,0.0,0.0,0.0,0.0,0.0,0.0,0.0,0.023000000044703484,0.023000000044703484,0.02,0.15,0.0,0.0,0.0,0.0,0.0,0.0,0.0,0.0,0.0,0.0,0.0,0.0,0.16868197917938232,0.05645458400249481,0.0009362659129692474,14.906842231750488,895,nan,-1.0,True,,False,0.010050058364868164,0.0,0.010050058364868164,100.0,100.0,1.0,0.0,0.0,0.0,0.0,0.0
1142,36.67970275878906,-0.0,0.0,-0.0,36.67970275878906,0.03379351645708084,3.651667594909668,0.5550447702407837,-0.0,0.0,0.0,0.0,0.0,0.0,0.0,0.0,0.0,0.0,0.0,0.0,0.023000000044703484,0.023000000044703484,0.02,0.15,0.0,0.0,0.0,0.0,0.0,0.0,0.0,0.0,0.0,0.0,0.0,0.0,0.16880878806114197,0.056414976716041565,0.0009235242569047841,14.906842231750488,895,nan,-1.0,True,,False,0.010050058364868164,0.0,0.010050058364868164,100.0,100.0,1.0,0.0,0.0,0.0,0.0,0.0
1143,37.81829071044922,-0.0,0.0,-0.0,37.81829071044922,0.03242350369691849,3.6425905227661133,0.5552116632461548,-0.0,0.0,0.0,0.0,0.0,0.0,0.0,0.0,0.0,0.0,0.0,0.0,0.023000000044703484,0.023000000044703484,0.02,0.15,0.0,0.0,0.0,0.0,0.0,0.0,0.0,0.0,0.0,0.0,0.0,0.0,0.16893668472766876,0.056386444717645645,0.0009115168077187263,14.906842231750488,895,nan,-1.0,True,,False,0.010050058364868164,0.0,0.010050058364868164,100.0,100.0,1.0,0.0,0.0,0.0,0.0,0.0
1144,38.8372688293457,-0.0,0.0,-0.0,38.8372688293457,0.0312667153775692,3.6353912353515625,0.5554143190383911,-0.0,0.0,0.0,0.0,0.0,0.0,0.0,0.0,0.0,0.0,0.0,0.0,0.023000000044703484,0.023000000044703484,0.02,0.15,0.0,0.0,0.0,0.0,0.0,0.0,0.0,0.0,0.0,0.0,0.0,0.0,0.16906341910362244,0.05636714771389961,0.0008949796479100769,14.906842231750488,895,nan,-1.0,True,,False,0.010050058364868164,0.0,0.010050058364868164,100.0,100.0,1.0,0.0,0.0,0.0,0.0,0.0
1145,39.83467483520508,-0.0,0.0,-0.0,39.83467483520508,0.030194243416190147,3.6300878524780273,0.555645227432251,-0.0,0.0,0.0,0.0,0.0,0.0,0.0,0.0,0.0,0.0,0.0,0.0,0.023000000044703484,0.023000000044703484,0.02,0.15,0.0,0.0,0.0,0.0,0.0,0.0,0.0,0.0,0.0,0.0,0.0,0.0,0.16918906569480896,0.056355249136686325,0.0008778651904322032,14.906842231750488,895,nan,-1.0,True,,False,0.010050058364868164,0.0,0.010050058364868164,100.0,100.0,1.0,0.0,0.0,0.0,0.0,0.0
1146,63.85855484008789,-0.0,0.0,-0.0,63.85855484008789,0.014231531880795956,3.6272735595703125,0.5559177994728088,-0.0,0.0,0.0,0.0,0.0,0.0,0.0,0.0,0.0,0.0,0.0,0.0,0.023000000044703484,0.023000000044703484,0.02,0.15,0.0,0.0,0.0,0.0,0.0,0.0,0.0,0.0,0.0,0.0,0.0,0.0,0.16931335628032684,0.05635154992341995,0.002767484188098024,14.906842231750488,895,nan,-1.0,True,,False,0.010050058364868164,0.0,0.010050058364868164,100.0,100.0,1.0,0.0,0.0,0.0,0.0,0.0
1147,112.39147186279297,-0.0,0.0,-0.0,112.39147186279297,0.004424795508384705,3.625596046447754,0.5561944842338562,-0.0,0.0,0.0,0.0,0.0,0.0,0.0,0.0,0.0,0.0,0.0,0.0,0.023000000044703484,0.023000000044703484,0.02,0.15,0.0,0.0,0.0,0.0,0.0,0.0,0.0,0.0,0.0,0.0,0.0,0.0,0.16943591833114624,0.05635710060596466,0.002746149397580666,14.906842231750488,895,nan,-1.0,True,,False,0.010050058364868164,0.0,0.010050058364868164,100.0,100.0,1.0,0.0,0.0,0.0,0.0,0.0
1148,54.17655563354492,-0.0,0.0,-0.0,54.17655563354492,0.018902849406003952,3.6260504722595215,0.5564733147621155,-0.0,0.0,0.0,0.0,0.0,0.0,0.0,0.0,0.0,0.0,0.0,0.0,0.023000000044703484,0.023000000044703484,0.02,0.15,0.0,0.0,0.0,0.0,0.0,0.0,0.0,0.0,0.0,0.0,0.0,0.0,0.16955630481243134,0.05635683611035347,0.0027059809008278535,14.906842231750488,895,nan,-1.0,True,,False,0.010050058364868164,0.0,0.010050058364868164,100.0,100.0,1.0,0.0,0.0,0.0,0.0,0.0
1149,43.266292572021484,-0.0,0.0,-0.0,43.266292572021484,0.026865046471357346,3.6290111541748047,0.5567671656608582,-0.0,0.0,0.0,0.0,0.0,0.0,0.0,0.0,0.0,0.0,0.0,0.0,0.023000000044703484,0.023000000044703484,0.02,0.15,0.0,0.0,0.0,0.0,0.0,0.0,0.0,0.0,0.0,0.0,0.0,0.0,0.16967448592185974,0.056349433958530426,0.000840791959035414,14.906842231750488,895,nan,-1.0,True,,False,0.010050058364868164,0.0,0.010050058364868164,100.0,100.0,1.0,0.0,0.0,0.0,0.0,0.0
1150,44.245155334472656,-0.0,0.0,-0.0,44.245155334472656,0.026003830134868622,3.6341586112976074,0.5571008324623108,-0.0,0.0,0.0,0.0,0.0,0.0,0.0,0.0,0.0,0.0,0.0,0.0,0.023000000044703484,0.023000000044703484,0.02,0.15,0.0,0.0,0.0,0.0,0.0,0.0,0.0,0.0,0.0,0.0,0.0,0.0,0.16978828608989716,0.056349433958530426,0.0008242430121754296,14.906842231750488,895,nan,-1.0,True,,False,0.010050058364868164,0.0,0.010050058364868164,100.0,100.0,1.0,0.0,0.0,0.0,0.0,0.0
1151,44.91691589355469,-0.0,0.0,-0.0,44.91691589355469,0.025443408638238907,3.64078426361084,0.5574581623077393,-0.0,0.0,0.0,0.0,0.0,0.0,0.0,0.0,0.0,0.0,0.0,0.0,0.023000000044703484,0.023000000044703484,0.02,0.15,0.0,0.0,0.0,0.0,0.0,0.0,0.0,0.0,0.0,0.0,0.0,0.0,0.16989819705486298,0.056355513632297516,0.0008113689505080401,14.906842231750488,895,nan,-1.0,True,,False,0.010050058364868164,0.0,0.010050058364868164,100.0,100.0,1.0,0.0,0.0,0.0,0.0,0.0
1152,45.78752136230469,-0.0,0.0,-0.0,45.78752136230469,0.024739451706409454,3.647144317626953,0.5578373670578003,-0.0,0.0,0.0,0.0,0.0,0.0,0.0,0.0,0.0,0.0,0.0,0.0,0.023000000044703484,0.023000000044703484,0.02,0.15,0.0,0.0,0.0,0.0,0.0,0.0,0.0,0.0,0.0,0.0,0.0,0.0,0.17000405490398407,0.05636397749185562,0.0008000554867066967,14.906842231750488,895,nan,-1.0,True,,False,0.010050058364868164,0.0,0.010050058364868164,100.0,100.0,1.0,0.0,0.0,0.0,0.0,0.0
1153,53.65636444091797,-0.0,0.0,-0.0,53.65636444091797,0.019279077649116516,3.655777931213379,0.5582538843154907,-0.0,0.0,0.0,0.0,0.0,0.0,0.0,0.0,0.0,0.0,0.0,0.0,0.023000000044703484,0.023000000044703484,0.02,0.15,0.0,0.0,0.0,0.0,0.0,0.0,0.0,0.0,0.0,0.0,0.0,0.0,0.17010539770126343,0.056365031749010086,0.001421134918473399,14.906842231750488,895,nan,-1.0,True,,False,0.010050058364868164,0.0,0.010050058364868164,100.0,100.0,1.0,0.0,0.0,0.0,0.0,0.0
1154,62.56715393066406,-0.0,0.0,-0.0,62.56715393066406,0.01485015545040369,3.6681342124938965,0.5587000250816345,-0.0,0.0,0.0,0.0,0.0,0.0,0.0,0.0,0.0,0.0,0.0,0.0,0.023000000044703484,0.023000000044703484,0.02,0.15,0.0,0.0,0.0,0.0,0.0,0.0,0.0,0.0,0.0,0.0,0.0,0.0,0.17021052539348602,0.056349169462919235,0.0013875184663447726,14.906842231750488,895,nan,-1.0,True,,False,0.010050058364868164,0.0,0.010050058364868164,100.0,100.0,1.0,0.0,0.0,0.0,0.0,0.0
1155,135.8993377685547,-0.0,0.0,-0.0,135.8993377685547,0.0027765100821852684,3.6705713272094727,0.5591044425964355,-0.0,0.0,0.0,0.0,0.0,0.0,0.0,0.0,0.0,0.0,0.0,0.0,0.023000000044703484,0.023000000044703484,0.02,0.15,0.0,0.0,0.0,0.0,0.0,0.0,0.0,0.0,0.0,0.0,0.0,0.0,0.17032279074192047,0.056322984397411346,0.0016099884642244433,14.906842231750488,895,nan,-1.0,True,,False,0.010050058364868164,0.0,0.010050058364868164,100.0,100.0,1.0,0.0,0.0,0.0,0.0,0.0
1156,63.9279670715332,-0.0,0.0,-0.0,63.9279670715332,0.01431281492114067,3.6719093322753906,0.5592567920684814,-0.0,0.0,0.0,0.0,0.0,0.0,0.0,0.0,0.0,0.0,0.0,0.0,0.023000000044703484,0.023000000044703484,0.02,0.15,0.0,0.0,0.0,0.0,0.0,0.0,0.0,0.0,0.0,0.0,0.0,0.0,0.17043040692806244,0.05628857761621475,0.0014574338715647173,14.906842231750488,895,nan,-1.0,True,,False,0.010050058364868164,0.0,0.010050058364868164,100.0,100.0,1.0,0.0,0.0,0.0,0.0,0.0
1157,58.197265625,-0.0,0.0,-0.0,58.197265625,0.016876835376024246,3.6743249893188477,0.5594265460968018,-0.0,0.0,0.0,0.0,0.0,0.0,0.0,0.0,0.0,0.0,0.0,0.0,0.023000000044703484,0.023000000044703484,0.02,0.15,0.0,0.0,0.0,0.0,0.0,0.0,0.0,0.0,0.0,0.0,0.0,0.0,0.17054279148578644,0.056245677173137665,0.001265300461454899,14.906842231750488,895,nan,-1.0,True,,False,0.010050058364868164,0.0,0.010050058364868164,100.0,100.0,1.0,0.0,0.0,0.0,0.0,0.0
1158,77.2283935546875,-0.0,0.0,-0.0,77.2283935546875,0.010040679946541786,3.678199291229248,0.5596065521240234,-0.0,0.0,0.0,0.0,0.0,0.0,0.0,0.0,0.0,0.0,0.0,0.0,0.023000000044703484,0.023000000044703484,0.02,0.15,0.0,0.0,0.0,0.0,0.0,0.0,0.0,0.0,0.0,0.0,0.0,0.0,0.17066501080989838,0.056208837777376175,0.001252633511512613,14.906842231750488,895,nan,-1.0,True,,False,0.010050058364868164,0.0,0.010050058364868164,100.0,100.0,1.0,0.0,0.0,0.0,0.0,0.0
1159,107.42040252685547,-0.0,0.0,-0.0,107.42040252685547,0.004958229139447212,3.6837339401245117,0.559801459312439,-0.0,0.0,0.0,0.0,0.0,0.0,0.0,0.0,0.0,0.0,0.0,0.0,0.023000000044703484,0.023000000044703484,0.02,0.15,0.0,0.0,0.0,0.0,0.0,0.0,0.0,0.0,0.0,0.0,0.0,0.0,0.17079608142375946,0.056166671216487885,0.0012322214015512145,14.906842231750488,895,nan,-1.0,True,,False,0.010050058364868164,0.0,0.010050058364868164,100.0,100.0,1.0,0.0,0.0,0.0,0.0,0.0
1160,183.9592742919922,-0.0,0.0,-0.0,183.9592742919922,0.0011854770127683878,3.6908931732177734,0.5600168108940125,-0.0,0.0,0.0,0.0,0.0,0.0,0.0,0.0,0.0,0.0,0.0,0.0,0.023000000044703484,0.023000000044703484,0.02,0.15,0.0,0.0,0.0,0.0,0.0,0.0,0.0,0.0,0.0,0.0,0.0,0.0,0.17093661427497864,0.056122347712516785,0.0012178977535768354,14.906842231750488,895,nan,-1.0,True,,False,0.010050058364868164,0.0,0.010050058364868164,100.0,100.0,1.0,0.0,0.0,0.0,0.0,0.0
1161,182.15676879882812,-0.0,0.0,-0.0,182.15676879882812,0.0012216632021591067,3.700084686279297,0.5601984858512878,-0.0,0.0,0.0,0.0,0.0,0.0,0.0,0.0,0.0,0.0,0.0,0.0,0.023000000044703484,0.023000000044703484,0.02,0.15,0.0,0.0,0.0,0.0,0.0,0.0,0.0,0.0,0.0,0.0,0.0,0.0,0.1710861176252365,0.05607666075229645,0.0011874870151586947,14.906842231750488,895,nan,-1.0,True,,False,0.010050058364868164,0.0,0.010050058364868164,100.0,100.0,1.0,0.0,0.0,0.0,0.0,0.0
1162,113.66246795654297,-0.0,0.0,-0.0,113.66246795654297,0.004345462657511234,3.7114105224609375,0.5603736639022827,-0.0,0.0,0.0,0.0,0.0,0.0,0.0,0.0,0.0,0.0,0.0,0.0,0.023000000044703484,0.023000000044703484,0.02,0.15,0.0,0.0,0.0,0.0,0.0,0.0,0.0,0.0,0.0,0.0,0.0,0.0,0.17123229801654816,0.0560370534658432,0.0011641475250598887,14.906842231750488,895,nan,-1.0,True,,False,0.010050058364868164,0.0,0.010050058364868164,100.0,100.0,1.0,0.0,0.0,0.0,0.0,0.0
1163,88.75782012939453,-0.0,0.0,-0.0,88.75782012939453,0.0075730616226792336,3.7256507873535156,0.5605769157409668,-0.0,0.0,0.0,0.0,0.0,0.0,0.0,0.0,0.0,0.0,0.0,0.0,0.023000000044703484,0.023000000044703484,0.02,0.15,0.0,0.0,0.0,0.0,0.0,0.0,0.0,0.0,0.0,0.0,0.0,0.0,0.17137324810028076,0.05600300803780556,0.0011643888606158725,14.906842231750488,895,nan,-1.0,True,,False,0.010050058364868164,0.0,0.010050058364868164,100.0,100.0,1.0,0.0,0.0,0.0,0.0,0.0
1164,74.37513732910156,-0.0,0.0,-0.0,74.37513732910156,0.010825522243976593,3.742863655090332,0.5608066320419312,-0.0,0.0,0.0,0.0,0.0,0.0,0.0,0.0,0.0,0.0,0.0,0.0,0.023000000044703484,0.023000000044703484,0.02,0.15,0.0,0.0,0.0,0.0,0.0,0.0,0.0,0.0,0.0,0.0,0.0,0.0,0.1715053915977478,0.055974796414375305,0.0011654738250399532,14.906842231750488,895,nan,-1.0,True,,False,0.010050058364868164,0.0,0.010050058364868164,100.0,100.0,1.0,0.0,0.0,0.0,0.0,0.0
1165,63.82011032104492,-0.0,0.0,-0.0,63.82011032104492,0.014397202990949154,3.763278007507324,0.5610843300819397,-0.0,0.0,0.0,0.0,0.0,0.0,0.0,0.0,0.0,0.0,0.0,0.0,0.023000000044703484,0.023000000044703484,0.02,0.15,0.0,0.0,0.0,0.0,0.0,0.0,0.0,0.0,0.0,0.0,0.0,0.0,0.1716250628232956,0.05595482513308525,0.001174738139980036,14.906842231750488,895,nan,-1.0,True,,False,0.010050058364868164,0.0,0.010050058364868164,100.0,100.0,1.0,0.0,0.0,0.0,0.0,0.0
1166,62.60774612426758,-0.0,0.0,-0.0,62.60774612426758,0.01490435004234314,3.786975860595703,0.5614126324653625,-0.0,0.0,0.0,0.0,0.0,0.0,0.0,0.0,0.0,0.0,0.0,0.0,0.023000000044703484,0.023000000044703484,0.02,0.15,0.0,0.0,0.0,0.0,0.0,0.0,0.0,0.0,0.0,0.0,0.0,0.0,0.17172789573669434,0.05593991279602051,0.0008306645172524441,14.906842231750488,895,nan,-1.0,True,,False,0.010050058364868164,0.0,0.010050058364868164,100.0,100.0,1.0,0.0,0.0,0.0,0.0,0.0
1167,63.58906936645508,-0.0,0.0,-0.0,63.58906936645508,0.014504923485219479,3.81284761428833,0.5617662668228149,-0.0,0.0,0.0,0.0,0.0,0.0,0.0,0.0,0.0,0.0,0.0,0.0,0.023000000044703484,0.023000000044703484,0.02,0.15,0.0,0.0,0.0,0.0,0.0,0.0,0.0,0.0,0.0,0.0,0.0,0.0,0.17182393372058868,0.05592446029186249,0.0008061399266807712,14.906842231750488,895,nan,-1.0,True,,False,0.010050058364868164,0.0,0.010050058364868164,100.0,100.0,1.0,0.0,0.0,0.0,0.0,0.0
1168,64.78302001953125,-0.0,0.0,-0.0,64.78302001953125,0.01403762400150299,3.840942859649658,0.5621545314788818,-0.0,0.0,0.0,0.0,0.0,0.0,0.0,0.0,0.0,0.0,0.0,0.0,0.023000000044703484,0.023000000044703484,0.02,0.15,0.0,0.0,0.0,0.0,0.0,0.0,0.0,0.0,0.0,0.0,0.0,0.0,0.1719127595424652,0.05590686947107315,0.0007886864696047269,14.906842231750488,895,nan,-1.0,True,,False,0.010050058364868164,0.0,0.010050058364868164,100.0,100.0,1.0,0.0,0.0,0.0,0.0,0.0
1169,65.32137298583984,-0.0,0.0,-0.0,65.32137298583984,0.013839281164109707,3.871868133544922,0.5625684261322021,-0.0,0.0,0.0,0.0,0.0,0.0,0.0,0.0,0.0,0.0,0.0,0.0,0.023000000044703484,0.023000000044703484,0.02,0.15,0.0,0.0,0.0,0.0,0.0,0.0,0.0,0.0,0.0,0.0,0.0,0.0,0.17199485003948212,0.055890075862407684,0.000785390363944316,14.906842231750488,895,nan,-1.0,True,,False,0.010050058364868164,0.0,0.010050058364868164,100.0,100.0,1.0,0.0,0.0,0.0,0.0,0.0
1170,66.39772033691406,-0.0,0.0,-0.0,66.39772033691406,0.013445246033370495,3.905712127685547,0.5630204081535339,-0.0,0.0,0.0,0.0,0.0,0.0,0.0,0.0,0.0,0.0,0.0,0.0,0.023000000044703484,0.023000000044703484,0.02,0.15,0.0,0.0,0.0,0.0,0.0,0.0,0.0,0.0,0.0,0.0,0.0,0.0,0.172072172164917,0.05587274208664894,0.0007778188455631607,14.906842231750488,895,nan,-1.0,True,,False,0.010050058364868164,0.0,0.010050058364868164,100.0,100.0,1.0,0.0,0.0,0.0,0.0,0.0
1171,67.10016632080078,-0.0,0.0,-0.0,67.10016632080078,0.013200351037085056,3.9426355361938477,0.5634735822677612,-0.0,0.0,0.0,0.0,0.0,0.0,0.0,0.0,0.0,0.0,0.0,0.0,0.023000000044703484,0.023000000044703484,0.02,0.15,0.0,0.0,0.0,0.0,0.0,0.0,0.0,0.0,0.0,0.0,0.0,0.0,0.17214427888393402,0.0558554045855999,0.0007795536907906353,14.906842231750488,895,nan,-1.0,True,,False,0.010050058364868164,0.0,0.010050058364868164,100.0,100.0,1.0,0.0,0.0,0.0,0.0,0.0
1172,67.76309204101562,-0.0,0.0,-0.0,67.76309204101562,0.012976414524018764,3.982961654663086,0.5639493465423584,-0.0,0.0,0.0,0.0,0.0,0.0,0.0,0.0,0.0,0.0,0.0,0.0,0.023000000044703484,0.023000000044703484,0.02,0.15,0.0,0.0,0.0,0.0,0.0,0.0,0.0,0.0,0.0,0.0,0.0,0.0,0.17221158742904663,0.05583646148443222,0.0007945848356030183,14.906842231750488,895,nan,-1.0,True,,False,0.010050058364868164,0.0,0.010050058364868164,100.0,100.0,1.0,0.0,0.0,0.0,0.0,0.0
1173,68.0728988647461,-0.0,0.0,-0.0,68.0728988647461,0.012881852686405182,4.02750301361084,0.56446373462677,-0.0,0.0,0.0,0.0,0.0,0.0,0.0,0.0,0.0,0.0,0.0,0.0,0.023000000044703484,0.023000000044703484,0.02,0.15,0.0,0.0,0.0,0.0,0.0,0.0,0.0,0.0,0.0,0.0,0.0,0.0,0.17227432131767273,0.05581564083695412,0.0008136753649523598,14.906842231750488,895,nan,-1.0,True,,False,0.010050058364868164,0.0,0.010050058364868164,100.0,100.0,1.0,0.0,0.0,0.0,0.0,0.0
1174,69.04695129394531,-0.0,0.0,-0.0,69.04695129394531,0.012563904747366905,4.076113224029541,0.5650207996368408,-0.0,0.0,0.0,0.0,0.0,0.0,0.0,0.0,0.0,0.0,0.0,0.0,0.023000000044703484,0.023000000044703484,0.02,0.15,0.0,0.0,0.0,0.0,0.0,0.0,0.0,0.0,0.0,0.0,0.0,0.0,0.17233264446258545,0.05579294264316559,0.0008450698005617596,14.906842231750488,895,nan,-1.0,True,,False,0.010050058364868164,0.0,0.010050058364868164,100.0,100.0,1.0,0.0,0.0,0.0,0.0,0.0
1175,91.28770446777344,-0.0,0.0,-0.0,91.28770446777344,0.007200212683528662,4.101257801055908,0.5654354691505432,-0.0,0.0,0.0,0.0,0.0,0.0,0.0,0.0,0.0,0.0,0.0,0.0,0.023000000044703484,0.023000000044703484,0.02,0.15,0.0,0.0,0.0,0.0,0.0,0.0,0.0,0.0,0.0,0.0,0.0,0.0,0.17238418757915497,0.055767565965652466,0.0012385961517793476,14.906842231750488,895,nan,-1.0,True,,False,0.010050058364868164,0.0,0.010050058364868164,100.0,100.0,1.0,0.0,0.0,0.0,0.0,0.0
1176,121.97249603271484,-0.0,0.0,-0.0,121.97249603271484,0.0036969748325645924,4.070974349975586,0.565501868724823,-0.0,0.0,0.0,0.0,0.0,0.0,0.0,0.0,0.0,0.0,0.0,0.0,0.023000000044703484,0.023000000044703484,0.02,0.15,0.0,0.0,0.0,0.0,0.0,0.0,0.0,0.0,0.0,0.0,0.0,0.0,0.17241886258125305,0.05574110522866249,0.0012054826970597787,14.906842231750488,895,nan,-1.0,True,,False,0.010050058364868164,0.0,0.010050058364868164,100.0,100.0,1.0,0.0,0.0,0.0,0.0,0.0
1177,245.14190673828125,-0.0,0.0,-0.0,245.14190673828125,0.00046897842548787594,4.01497745513916,0.5654394626617432,-0.0,0.0,0.0,0.0,0.0,0.0,0.0,0.0,0.0,0.0,0.0,0.0,0.023000000044703484,0.023000000044703484,0.02,0.15,0.0,0.0,0.0,0.0,0.0,0.0,0.0,0.0,0.0,0.0,0.0,0.0,0.1724650114774704,0.05571623891592026,0.0011956505463786016,14.906842231750488,895,nan,-1.0,True,,False,0.010050058364868164,0.0,0.010050058364868164,100.0,100.0,1.0,0.0,0.0,0.0,0.0,0.0
1178,98.42184448242188,-0.0,0.0,-0.0,98.42184448242188,0.00610862672328949,3.9475531578063965,0.5653266906738281,-0.0,0.0,0.0,0.0,0.0,0.0,0.0,0.0,0.0,0.0,0.0,0.0,0.023000000044703484,0.023000000044703484,0.02,0.15,0.0,0.0,0.0,0.0,0.0,0.0,0.0,0.0,0.0,0.0,0.0,0.0,0.17250029742717743,0.055699385702610016,0.0011985475427991332,14.906842231750488,895,nan,-1.0,True,,False,0.010050058364868164,0.0,0.010050058364868164,100.0,100.0,1.0,0.0,0.0,0.0,0.0,0.0
1179,71.65904235839844,-0.0,0.0,-0.0,71.65904235839844,0.011721775867044926,3.874035120010376,0.5651942491531372,-0.0,0.0,0.0,0.0,0.0,0.0,0.0,0.0,0.0,0.0,0.0,0.0,0.023000000044703484,0.023000000044703484,0.02,0.15,0.0,0.0,0.0,0.0,0.0,0.0,0.0,0.0,0.0,0.0,0.0,0.0,0.1725447028875351,0.05567637458443642,0.0010044995142379776,14.906842231750488,895,nan,-1.0,True,,False,0.010050058364868164,0.0,0.010050058364868164,100.0,100.0,1.0,0.0,0.0,0.0,0.0,0.0
1180,71.83018493652344,-0.0,0.0,-0.0,71.83018493652344,0.011667191982269287,3.797745704650879,0.5650690197944641,-0.0,0.0,0.0,0.0,0.0,0.0,0.0,0.0,0.0,0.0,0.0,0.0,0.023000000044703484,0.023000000044703484,0.02,0.15,0.0,0.0,0.0,0.0,0.0,0.0,0.0,0.0,0.0,0.0,0.0,0.0,0.17258313298225403,0.05565228313207626,0.0010495511737644847,14.906842231750488,895,nan,-1.0,True,,False,0.010050058364868164,0.0,0.010050058364868164,100.0,100.0,1.0,0.0,0.0,0.0,0.0,0.0
1181,120.26272583007812,-0.0,0.0,-0.0,120.26272583007812,0.003821625839918852,3.720259428024292,0.5649493932723999,-0.0,0.0,0.0,0.0,0.0,0.0,0.0,0.0,0.0,0.0,0.0,0.0,0.023000000044703484,0.023000000044703484,0.02,0.15,0.0,0.0,0.0,0.0,0.0,0.0,0.0,0.0,0.0,0.0,0.0,0.0,0.1726149469614029,0.0556311272084713,0.0013567925543611636,14.906842231750488,895,nan,-1.0,True,,False,0.010050058364868164,0.0,0.010050058364868164,100.0,100.0,1.0,0.0,0.0,0.0,0.0,0.0
1182,72.62779998779297,-0.0,0.0,-0.0,72.62779998779297,0.011409088969230652,3.640714645385742,0.564761757850647,-0.0,0.0,0.0,0.0,0.0,0.0,0.0,0.0,0.0,0.0,0.0,0.0,0.023000000044703484,0.023000000044703484,0.02,0.15,0.0,0.0,0.0,0.0,0.0,0.0,0.0,0.0,0.0,0.0,0.0,0.0,0.17265047132968903,0.05560754984617233,0.001145252924743545,14.906842231750488,895,nan,-1.0,True,,False,0.010050058364868164,0.0,0.010050058364868164,100.0,100.0,1.0,0.0,0.0,0.0,0.0,0.0
1183,72.85198211669922,-0.0,0.0,-0.0,72.85198211669922,0.011333920061588287,3.560415744781494,0.5645922422409058,-0.0,0.0,0.0,0.0,0.0,0.0,0.0,0.0,0.0,0.0,0.0,0.0,0.023000000044703484,0.023000000044703484,0.02,0.15,0.0,0.0,0.0,0.0,0.0,0.0,0.0,0.0,0.0,0.0,0.0,0.0,0.17267826199531555,0.0555882528424263,0.0011750032213058148,14.906842231750488,895,nan,-1.0,True,,False,0.010050058364868164,0.0,0.010050058364868164,100.0,100.0,1.0,0.0,0.0,0.0,0.0,0.0
1184,73.18548583984375,-0.0,0.0,-0.0,73.18548583984375,0.011229769326746464,3.479574203491211,0.564443051815033,-0.0,0.0,0.0,0.0,0.0,0.0,0.0,0.0,0.0,0.0,0.0,0.0,0.023000000044703484,0.023000000044703484,0.02,0.15,0.0,0.0,0.0,0.0,0.0,0.0,0.0,0.0,0.0,0.0,0.0,0.0,0.17269717156887054,0.055574312806129456,0.0012218356650919304,14.906842231750488,895,nan,-1.0,True,,False,0.010050058364868164,0.0,0.010050058364868164,100.0,100.0,1.0,0.0,0.0,0.0,0.0,0.0
1185,72.41441345214844,-0.0,0.0,-0.0,72.41441345214844,0.011455206200480461,3.397277593612671,0.5643076300621033,-0.0,0.0,0.0,0.0,0.0,0.0,0.0,0.0,0.0,0.0,0.0,0.0,0.023000000044703484,0.023000000044703484,0.02,0.15,0.0,0.0,0.0,0.0,0.0,0.0,0.0,0.0,0.0,0.0,0.0,0.0,0.17270980775356293,0.05556626617908478,0.0012664702903748548,14.906842231750488,895,nan,-1.0,True,,False,0.010050058364868164,0.0,0.010050058364868164,100.0,100.0,1.0,0.0,0.0,0.0,0.0,0.0
1186,71.6921157836914,-0.0,0.0,-0.0,71.6921157836914,0.01167314127087593,3.323741912841797,0.564212441444397,-0.0,0.0,0.0,0.0,0.0,0.0,0.0,0.0,0.0,0.0,0.0,0.0,0.023000000044703484,0.023000000044703484,0.02,0.15,0.0,0.0,0.0,0.0,0.0,0.0,0.0,0.0,0.0,0.0,0.0,0.0,0.1727181375026703,0.055567339062690735,0.001291573128582968,14.906842231750488,895,nan,-1.0,True,,False,0.010050058364868164,0.0,0.010050058364868164,100.0,100.0,1.0,0.0,0.0,0.0,0.0,0.0
1187,70.93522644042969,-0.0,0.0,-0.0,70.93522644042969,0.011909149587154388,3.3447113037109375,0.5641555190086365,-0.0,0.0,0.0,0.0,0.0,0.0,0.0,0.0,0.0,0.0,0.0,0.0,0.023000000044703484,0.023000000044703484,0.02,0.15,0.0,0.0,0.0,0.0,0.0,0.0,0.0,0.0,0.0,0.0,0.0,0.0,0.1727156788110733,0.05557725951075554,0.0013155373640074686,14.906842231750488,895,nan,-1.0,True,,False,0.010050058364868164,0.0,0.010050058364868164,100.0,100.0,1.0,0.0,0.0,0.0,0.0,0.0
1188,69.50871276855469,-0.0,0.0,-0.0,69.50871276855469,0.012373656034469604,3.36515474319458,0.5641339421272278,-0.0,0.0,0.0,0.0,0.0,0.0,0.0,0.0,0.0,0.0,0.0,0.0,0.023000000044703484,0.023000000044703484,0.02,0.15,0.0,0.0,0.0,0.0,0.0,0.0,0.0,0.0,0.0,0.0,0.0,0.0,0.17270095646381378,0.05559602379798889,0.0013500170434781467,14.906842231750488,895,nan,-1.0,True,,False,0.010050058364868164,0.0,0.010050058364868164,100.0,100.0,1.0,0.0,0.0,0.0,0.0,0.0
1189,67.84880065917969,-0.0,0.0,-0.0,67.84880065917969,0.01294743176549673,3.381788730621338,0.5641291737556458,-0.0,0.0,0.0,0.0,0.0,0.0,0.0,0.0,0.0,0.0,0.0,0.0,0.023000000044703484,0.023000000044703484,0.02,0.15,0.0,0.0,0.0,0.0,0.0,0.0,0.0,0.0,0.0,0.0,0.0,0.0,0.17267365753650665,0.05562201887369156,0.001349948548067914,14.906842231750488,895,nan,-1.0,True,,False,0.010050058364868164,0.0,0.010050058364868164,100.0,100.0,1.0,0.0,0.0,0.0,0.0,0.0
1190,133.39686584472656,-0.0,0.0,-0.0,133.39686584472656,0.0029387185350060463,3.3948159217834473,0.5641501545906067,-0.0,0.0,0.0,0.0,0.0,0.0,0.0,0.0,0.0,0.0,0.0,0.0,0.023000000044703484,0.023000000044703484,0.02,0.15,0.0,0.0,0.0,0.0,0.0,0.0,0.0,0.0,0.0,0.0,0.0,0.0,0.17263354361057281,0.05562201887369156,0.0011077801668761822,14.906842231750488,895,nan,-1.0,True,,False,0.010050058364868164,0.0,0.010050058364868164,100.0,100.0,1.0,0.0,0.0,0.0,0.0,0.0
1191,65.52184295654297,-0.0,0.0,-0.0,65.52184295654297,0.013813750818371773,3.40976619720459,0.5641776323318481,-0.0,0.0,0.0,0.0,0.0,0.0,0.0,0.0,0.0,0.0,0.0,0.0,0.023000000044703484,0.023000000044703484,0.02,0.15,0.0,0.0,0.0,0.0,0.0,0.0,0.0,0.0,0.0,0.0,0.0,0.0,0.17260488867759705,0.05562335625290871,0.001326377144550861,14.906842231750488,895,nan,-1.0,True,,False,0.010050058364868164,0.0,0.010050058364868164,100.0,100.0,1.0,0.0,0.0,0.0,0.0,0.0
1192,70.79206848144531,-0.0,0.0,-0.0,70.79206848144531,0.011974552646279335,3.5164365768432617,0.5642097592353821,-0.0,0.0,0.0,0.0,0.0,0.0,0.0,0.0,0.0,0.0,0.0,0.0,0.023000000044703484,0.023000000044703484,0.02,0.15,0.0,0.0,0.0,0.0,0.0,0.0,0.0,0.0,0.0,0.0,0.0,0.0,0.1725708693265915,0.0556386262178421,0.0014885414827858767,14.906842231750488,895,nan,-1.0,True,,False,0.010050058364868164,0.0,0.010050058364868164,100.0,100.0,1.0,0.0,0.0,0.0,0.0,0.0
1193,96.96220397949219,-0.0,0.0,-0.0,96.96220397949219,0.0063011376187205315,3.6238279342651367,0.5641909837722778,-0.0,0.0,0.0,0.0,0.0,0.0,0.0,0.0,0.0,0.0,0.0,0.0,0.023000000044703484,0.023000000044703484,0.02,0.15,0.0,0.0,0.0,0.0,0.0,0.0,0.0,0.0,0.0,0.0,0.0,0.0,0.1725327968597412,0.05569029226899147,0.0013008390201321163,14.906842231750488,895,nan,-1.0,True,,False,0.010050058364868164,0.0,0.010050058364868164,100.0,100.0,1.0,0.0,0.0,0.0,0.0,0.0
1194,59.73371505737305,-0.0,0.0,-0.0,59.73371505737305,0.016269877552986145,3.727902412414551,0.5641061663627625,-0.0,0.0,0.0,0.0,0.0,0.0,0.0,0.0,0.0,0.0,0.0,0.0,0.023000000044703484,0.023000000044703484,0.02,0.15,0.0,0.0,0.0,0.0,0.0,0.0,0.0,0.0,0.0,0.0,0.0,0.0,0.17249822616577148,0.05574912577867508,0.0013281351330078905,14.906842231750488,895,nan,-1.0,True,,False,0.010050058364868164,0.0,0.010050058364868164,100.0,100.0,1.0,0.0,0.0,0.0,0.0,0.0
1195,294.3924255371094,-0.0,0.0,-0.0,294.3924255371094,0.00023902357497718185,3.8281702995300293,0.5640875697135925,-0.0,0.0,0.0,0.0,0.0,0.0,0.0,0.0,0.0,0.0,0.0,0.0,0.023000000044703484,0.023000000044703484,0.02,0.15,0.0,0.0,0.0,0.0,0.0,0.0,0.0,0.0,0.0,0.0,0.0,0.0,0.1724475473165512,0.05582605302333832,0.0012300311179842538,14.906842231750488,895,nan,-1.0,True,,False,0.010050058364868164,0.0,0.010050058364868164,100.0,100.0,1.0,0.0,0.0,0.0,0.0,0.0
1196,55.16340637207031,-0.0,0.0,-0.0,55.16340637207031,0.018613850697875023,3.9268107414245605,0.56401127576828,-0.0,0.0,0.0,0.0,0.0,0.0,0.0,0.0,0.0,0.0,0.0,0.0,0.023000000044703484,0.023000000044703484,0.02,0.15,0.0,0.0,0.0,0.0,0.0,0.0,0.0,0.0,0.0,0.0,0.0,0.0,0.17240096628665924,0.0559161975979805,0.0013273164936435933,14.906842231750488,895,nan,-1.0,True,,False,0.010050058364868164,0.0,0.010050058364868164,100.0,100.0,1.0,0.0,0.0,0.0,0.0,0.0
1197,52.403263092041016,-0.0,0.0,-0.0,52.403263092041016,0.02024446800351143,4.022116661071777,0.5640116930007935,-0.0,0.0,0.0,0.0,0.0,0.0,0.0,0.0,0.0,0.0,0.0,0.0,0.023000000044703484,0.023000000044703484,0.02,0.15,0.0,0.0,0.0,0.0,0.0,0.0,0.0,0.0,0.0,0.0,0.0,0.0,0.17234301567077637,0.056041307747364044,0.001328218372691481,14.906842231750488,895,nan,-1.0,True,,False,0.010050058364868164,0.0,0.010050058364868164,100.0,100.0,1.0,0.0,0.0,0.0,0.0,0.0
1198,49.72028350830078,-0.0,0.0,-0.0,49.72028350830078,0.02202143520116806,4.115910530090332,0.5640742182731628,-0.0,0.0,0.0,0.0,0.0,0.0,0.0,0.0,0.0,0.0,0.0,0.0,0.023000000044703484,0.023000000044703484,0.02,0.15,0.0,0.0,0.0,0.0,0.0,0.0,0.0,0.0,0.0,0.0,0.0,0.0,0.17227649688720703,0.056183118373155594,0.0013245448228644818,14.906842231750488,895,nan,-1.0,True,,False,0.010050058364868164,0.0,0.010050058364868164,100.0,100.0,1.0,0.0,0.0,0.0,0.0,0.0
1199,47.11622619628906,-0.0,0.0,-0.0,47.11622619628906,0.023951467126607895,4.210062026977539,0.5641764402389526,-0.0,0.0,0.0,0.0,0.0,0.0,0.0,0.0,0.0,0.0,0.0,0.0,0.023000000044703484,0.023000000044703484,0.02,0.15,0.0,0.0,0.0,0.0,0.0,0.0,0.0,0.0,0.0,0.0,0.0,0.0,0.17219631373882294,0.05633991211652756,0.00133544490836357,14.906842231750488,895,nan,-1.0,True,,False,0.010050058364868164,0.0,0.010050058364868164,100.0,100.0,1.0,0.0,0.0,0.0,0.0,0.0
1200,45.81646728515625,-0.0,0.0,-0.0,45.81646728515625,0.02499808929860592,4.3001484870910645,0.5642467141151428,-0.0,0.0,0.0,0.0,0.0,0.0,0.0,0.0,0.0,0.0,0.0,0.0,0.023000000044703484,0.023000000044703484,0.02,0.15,0.0,0.0,0.0,0.0,0.0,0.0,0.0,0.0,0.0,0.0,0.0,0.0,0.1720961034297943,0.056541092693805695,0.0012004404156868986,14.906842231750488,895,nan,-1.0,True,,False,0.010050058364868164,0.0,0.010050058364868164,100.0,100.0,1.0,0.0,0.0,0.0,0.0,0.0
1201,47.96649932861328,-0.0,0.0,-0.0,47.96649932861328,0.023300429806113243,4.382687568664551,0.5643373131752014,-0.0,0.0,0.0,0.0,0.0,0.0,0.0,0.0,0.0,0.0,0.0,0.0,0.023000000044703484,0.023000000044703484,0.02,0.15,0.0,0.0,0.0,0.0,0.0,0.0,0.0,0.0,0.0,0.0,0.0,0.0,0.171981543302536,0.056764665991067886,0.0013449841742385615,14.906842231750488,895,nan,-1.0,True,,False,0.010050058364868164,0.0,0.010050058364868164,100.0,100.0,1.0,0.0,0.0,0.0,0.0,0.0
1202,53.96684646606445,-0.0,0.0,-0.0,53.96684646606445,0.01930115930736065,4.462770462036133,0.5644521713256836,-0.0,0.0,0.0,0.0,0.0,0.0,0.0,0.0,0.0,0.0,0.0,0.0,0.023000000044703484,0.023000000044703484,0.02,0.15,0.0,0.0,0.0,0.0,0.0,0.0,0.0,0.0,0.0,0.0,0.0,0.0,0.17186051607131958,0.05701480805873871,0.0013808372277708258,14.906842231750488,895,nan,-1.0,True,,False,0.010050058364868164,0.0,0.010050058364868164,100.0,100.0,1.0,0.0,0.0,0.0,0.0,0.0
1203,64.01980590820312,-0.0,0.0,-0.0,64.01980590820312,0.014396145939826965,4.533689498901367,0.5646182894706726,-0.0,0.0,0.0,0.0,0.0,0.0,0.0,0.0,0.0,0.0,0.0,0.0,0.023000000044703484,0.023000000044703484,0.02,0.15,0.0,0.0,0.0,0.0,0.0,0.0,0.0,0.0,0.0,0.0,0.0,0.0,0.17173290252685547,0.057265158742666245,0.0014008768689564022,14.906842231750488,895,nan,-1.0,True,,False,0.010050058364868164,0.0,0.010050058364868164,100.0,100.0,1.0,0.0,0.0,0.0,0.0,0.0
1204,78.44876861572266,-0.0,0.0,-0.0,78.44876861572266,0.009817026555538177,4.59686279296875,0.5648326873779297,-0.0,0.0,0.0,0.0,0.0,0.0,0.0,0.0,0.0,0.0,0.0,0.0,0.023000000044703484,0.023000000044703484,0.02,0.15,0.0,0.0,0.0,0.0,0.0,0.0,0.0,0.0,0.0,0.0,0.0,0.0,0.1715986281633377,0.057501208037137985,0.0014211010284270742,14.906842231750488,895,nan,-1.0,True,,False,0.010050058364868164,0.0,0.010050058364868164,100.0,100.0,1.0,0.0,0.0,0.0,0.0,0.0
1205,159.1483917236328,-0.0,0.0,-0.0,159.1483917236328,0.0018278968054801226,4.656704902648926,0.5650959610939026,-0.0,0.0,0.0,0.0,0.0,0.0,0.0,0.0,0.0,0.0,0.0,0.0,0.023000000044703484,0.023000000044703484,0.02,0.15,0.0,0.0,0.0,0.0,0.0,0.0,0.0,0.0,0.0,0.0,0.0,0.0,0.17145682871341705,0.05772854760289192,0.0011258869894845702,14.906842231750488,895,nan,-1.0,True,,False,0.010050058364868164,0.0,0.010050058364868164,100.0,100.0,1.0,0.0,0.0,0.0,0.0,0.0
1206,190.31396484375,-0.0,0.0,-0.0,190.31396484375,0.0010775059927254915,4.710988998413086,0.5652812719345093,-0.0,0.0,0.0,0.0,0.0,0.0,0.0,0.0,0.0,0.0,0.0,0.0,0.023000000044703484,0.023000000044703484,0.02,0.15,0.0,0.0,0.0,0.0,0.0,0.0,0.0,0.0,0.0,0.0,0.0,0.0,0.17132006585597992,0.057985324412584305,0.0014300834372988902,14.906842231750488,895,nan,-1.0,True,,False,0.010050058364868164,0.0,0.010050058364868164,100.0,100.0,1.0,0.0,0.0,0.0,0.0,0.0
1207,120.39411926269531,-0.0,0.0,-0.0,120.39411926269531,0.0038132795598357916,4.762768268585205,0.5655047297477722,-0.0,0.0,0.0,0.0,0.0,0.0,0.0,0.0,0.0,0.0,0.0,0.0,0.023000000044703484,0.023000000044703484,0.02,0.15,0.0,0.0,0.0,0.0,0.0,0.0,0.0,0.0,0.0,0.0,0.0,0.0,0.17117996513843536,0.058248136192560196,0.0014579312805835798,14.906842231750488,895,nan,-1.0,True,,False,0.010050058364868164,0.0,0.010050058364868164,100.0,100.0,1.0,0.0,0.0,0.0,0.0,0.0
1208,84.5182113647461,-0.0,0.0,-0.0,84.5182113647461,0.008458679541945457,4.811916828155518,0.5656492710113525,-0.0,0.0,0.0,0.0,0.0,0.0,0.0,0.0,0.0,0.0,0.0,0.0,0.023000000044703484,0.023000000044703484,0.02,0.15,0.0,0.0,0.0,0.0,0.0,0.0,0.0,0.0,0.0,0.0,0.0,0.0,0.17104437947273254,0.05853649973869324,0.0014678794882456714,14.906842231750488,895,nan,-1.0,True,,False,0.010050058364868164,0.0,0.010050058364868164,100.0,100.0,1.0,0.0,0.0,0.0,0.0,0.0
1209,71.58650970458984,-0.0,0.0,-0.0,71.58650970458984,0.011740745976567268,4.859031677246094,0.5657033920288086,-0.0,0.0,0.0,0.0,0.0,0.0,0.0,0.0,0.0,0.0,0.0,0.0,0.023000000044703484,0.023000000044703484,0.02,0.15,0.0,0.0,0.0,0.0,0.0,0.0,0.0,0.0,0.0,0.0,0.0,0.0,0.17091380059719086,0.058872323483228683,0.0014648205860794405,14.906842231750488,895,nan,-1.0,True,,False,0.010050058364868164,0.0,0.010050058364868164,100.0,100.0,1.0,0.0,0.0,0.0,0.0,0.0
1210,61.021602630615234,-0.0,0.0,-0.0,61.021602630615234,0.015708673745393753,4.904082298278809,0.5658527612686157,-0.0,0.0,0.0,0.0,0.0,0.0,0.0,0.0,0.0,0.0,0.0,0.0,0.023000000044703484,0.023000000044703484,0.02,0.15,0.0,0.0,0.0,0.0,0.0,0.0,0.0,0.0,0.0,0.0,0.0,0.0,0.17078599333763123,0.05924096331000328,0.0014595687166547577,14.906842231750488,895,nan,-1.0,True,,False,0.010050058364868164,0.0,0.010050058364868164,100.0,100.0,1.0,0.0,0.0,0.0,0.0,0.0
1211,55.08781051635742,-0.0,0.0,-0.0,55.08781051635742,0.018717167899012566,4.946876049041748,0.5661038756370544,-0.0,0.0,0.0,0.0,0.0,0.0,0.0,0.0,0.0,0.0,0.0,0.0,0.023000000044703484,0.023000000044703484,0.02,0.15,0.0,0.0,0.0,0.0,0.0,0.0,0.0,0.0,0.0,0.0,0.0,0.0,0.17066402733325958,0.05963931232690811,0.0014537405463670439,14.906842231750488,895,nan,-1.0,True,,False,0.010050058364868164,0.0,0.010050058364868164,100.0,100.0,1.0,0.0,0.0,0.0,0.0,0.0
1212,87.52770233154297,-0.0,0.0,-0.0,87.52770233154297,0.0078801941126585,4.988332748413086,0.5665209889411926,-0.0,0.0,0.0,0.0,0.0,0.0,0.0,0.0,0.0,0.0,0.0,0.0,0.023000000044703484,0.023000000044703484,0.02,0.15,0.0,0.0,0.0,0.0,0.0,0.0,0.0,0.0,0.0,0.0,0.0,0.0,0.17053233087062836,0.06017063558101654,0.001036430111980735,14.906842231750488,895,nan,-1.0,True,,False,0.010050058364868164,0.0,0.010050058364868164,100.0,100.0,1.0,0.0,0.0,0.0,0.0,0.0
1213,49.72746658325195,-0.0,0.0,-0.0,49.72746658325195,0.02214253693819046,5.0302934646606445,0.5669353008270264,-0.0,0.0,0.0,0.0,0.0,0.0,0.0,0.0,0.0,0.0,0.0,0.0,0.023000000044703484,0.023000000044703484,0.02,0.15,0.0,0.0,0.0,0.0,0.0,0.0,0.0,0.0,0.0,0.0,0.0,0.0,0.1704113781452179,0.060876257717609406,0.0010324659638172307,14.906842231750488,895,nan,-1.0,True,,False,0.010050058364868164,0.0,0.010050058364868164,100.0,100.0,1.0,0.0,0.0,0.0,0.0,0.0
1214,43.35997009277344,-0.0,0.0,-0.0,43.35997009277344,0.027319729328155518,5.071012020111084,0.5674009323120117,-0.0,0.0,0.0,0.0,0.0,0.0,0.0,0.0,0.0,0.0,0.0,0.0,0.023000000044703484,0.023000000044703484,0.02,0.15,0.0,0.0,0.0,0.0,0.0,0.0,0.0,0.0,0.0,0.0,0.0,0.0,0.17028549313545227,0.061607424169778824,0.0014802064706600504,14.906842231750488,895,nan,-1.0,True,,False,0.010050058364868164,0.0,0.010050058364868164,100.0,100.0,1.0,0.0,0.0,0.0,0.0,0.0
1215,48.834468841552734,-0.0,0.0,-0.0,48.834468841552734,0.022828612476587296,5.110235691070557,0.5679363012313843,-0.0,0.0,0.0,0.0,0.0,0.0,0.0,0.0,0.0,0.0,0.0,0.0,0.023000000044703484,0.023000000044703484,0.02,0.15,0.0,0.0,0.0,0.0,0.0,0.0,0.0,0.0,0.0,0.0,0.0,0.0,0.17016491293907166,0.06197710707783699,0.0003939116099900275,14.906842231750488,895,nan,-1.0,True,,False,0.010050058364868164,0.0,0.010050058364868164,100.0,100.0,1.0,0.0,0.0,0.0,0.0,0.0
1216,42.13447189331055,-0.0,0.0,-0.0,42.13447189331055,0.028561417013406754,5.14805793762207,0.5684892535209656,-0.0,0.0,0.0,0.0,0.0,0.0,0.0,0.0,0.0,0.0,0.0,0.0,0.023000000044703484,0.023000000044703484,0.02,0.15,0.0,0.0,0.0,0.0,0.0,0.0,0.0,0.0,0.0,0.0,0.0,0.0,0.1700442135334015,0.06218353286385536,0.0004435698974702973,14.906842231750488,895,nan,-1.0,True,,False,0.010050058364868164,0.0,0.010050058364868164,100.0,100.0,1.0,0.0,0.0,0.0,0.0,0.0
1217,43.39677810668945,-0.0,0.0,-0.0,43.39677810668945,0.027370382100343704,5.184303283691406,0.5690715312957764,-0.0,0.0,0.0,0.0,0.0,0.0,0.0,0.0,0.0,0.0,0.0,0.0,0.023000000044703484,0.023000000044703484,0.02,0.15,0.0,0.0,0.0,0.0,0.0,0.0,0.0,0.0,0.0,0.0,0.0,0.0,0.16992373764514923,0.06211400032043457,0.0006628066707889957,14.906842231750488,895,nan,-1.0,True,,False,0.010050058364868164,0.0,0.010050058364868164,100.0,100.0,1.0,0.0,0.0,0.0,0.0,0.0
1218,53.431278228759766,-0.0,0.0,-0.0,53.431278228759766,0.019824016839265823,5.218921184539795,0.5697429776191711,-0.0,0.0,0.0,0.0,0.0,0.0,0.0,0.0,0.0,0.0,0.0,0.0,0.023000000044703484,0.023000000044703484,0.02,0.15,0.0,0.0,0.0,0.0,0.0,0.0,0.0,0.0,0.0,0.0,0.0,0.0,0.1697963923215866,0.06204919517040253,0.0006740940457348188,14.906842231750488,895,nan,-1.0,True,,False,0.010050058364868164,0.0,0.010050058364868164,100.0,100.0,1.0,0.0,0.0,0.0,0.0,0.0
1219,88.43488311767578,-0.0,0.0,-0.0,88.43488311767578,0.00777079351246357,5.251826286315918,0.5705045461654663,-0.0,0.0,0.0,0.0,0.0,0.0,0.0,0.0,0.0,0.0,0.0,0.0,0.023000000044703484,0.023000000044703484,0.02,0.15,0.0,0.0,0.0,0.0,0.0,0.0,0.0,0.0,0.0,0.0,0.0,0.0,0.16966569423675537,0.06198864430189133,0.0008190733378796722,14.906842231750488,895,nan,-1.0,True,,False,0.010050058364868164,0.0,0.010050058364868164,100.0,100.0,1.0,0.0,0.0,0.0,0.0,0.0
1220,84.35457611083984,-0.0,0.0,-0.0,84.35457611083984,0.008579256013035774,5.282975673675537,0.5712271332740784,-0.0,0.0,0.0,0.0,0.0,0.0,0.0,0.0,0.0,0.0,0.0,0.0,0.023000000044703484,0.023000000044703484,0.02,0.15,0.0,0.0,0.0,0.0,0.0,0.0,0.0,0.0,0.0,0.0,0.0,0.0,0.16954094171524048,0.06193670257925987,0.0006871582945677801,14.906842231750488,895,nan,-1.0,True,,False,0.010050058364868164,0.0,0.010050058364868164,100.0,100.0,1.0,0.0,0.0,0.0,0.0,0.0
1221,109.02471160888672,-0.0,0.0,-0.0,109.02471160888672,0.004891655407845974,5.312491416931152,0.5718548893928528,-0.0,0.0,0.0,0.0,0.0,0.0,0.0,0.0,0.0,0.0,0.0,0.0,0.023000000044703484,0.023000000044703484,0.02,0.15,0.0,0.0,0.0,0.0,0.0,0.0,0.0,0.0,0.0,0.0,0.0,0.0,0.16940924525260925,0.061883267015218735,0.0006824234205851099,14.906842231750488,895,nan,-1.0,True,,False,0.010050058364868164,0.0,0.010050058364868164,100.0,100.0,1.0,0.0,0.0,0.0,0.0,0.0
1222,137.23121643066406,-0.0,0.0,-0.0,137.23121643066406,0.002773014362901449,5.3407063484191895,0.5725845694541931,-0.0,0.0,0.0,0.0,0.0,0.0,0.0,0.0,0.0,0.0,0.0,0.0,0.023000000044703484,0.023000000044703484,0.02,0.15,0.0,0.0,0.0,0.0,0.0,0.0,0.0,0.0,0.0,0.0,0.0,0.0,0.16926124691963196,0.0618230402469635,0.00067394034613244,14.906842231750488,895,nan,-1.0,True,,False,0.010050058364868164,0.0,0.010050058364868164,100.0,100.0,1.0,0.0,0.0,0.0,0.0,0.0
1223,134.41357421875,-0.0,0.0,-0.0,134.41357421875,0.00292733171954751,5.367979049682617,0.5731080174446106,-0.0,0.0,0.0,0.0,0.0,0.0,0.0,0.0,0.0,0.0,0.0,0.0,0.023000000044703484,0.023000000044703484,0.02,0.15,0.0,0.0,0.0,0.0,0.0,0.0,0.0,0.0,0.0,0.0,0.0,0.0,0.16909989714622498,0.061751652508974075,0.0006797174360144709,14.906842231750488,895,nan,-1.0,True,,False,0.010050058364868164,0.0,0.010050058364868164,100.0,100.0,1.0,0.0,0.0,0.0,0.0,0.0
1224,85.62648010253906,-0.0,0.0,-0.0,85.62648010253906,0.008350848220288754,5.386895656585693,0.5734142661094666,-0.0,0.0,0.0,0.0,0.0,0.0,0.0,0.0,0.0,0.0,0.0,0.0,0.023000000044703484,0.023000000044703484,0.02,0.15,0.0,0.0,0.0,0.0,0.0,0.0,0.0,0.0,0.0,0.0,0.0,0.0,0.1689511239528656,0.06167535483837128,0.0008332812603839557,14.906842231750488,895,nan,-1.0,True,,False,0.010050058364868164,0.0,0.010050058364868164,100.0,100.0,1.0,0.0,0.0,0.0,0.0,0.0
1225,71.01750946044922,-0.0,0.0,-0.0,71.01750946044922,0.01209714449942112,5.402701377868652,0.5736596584320068,-0.0,0.0,0.0,0.0,0.0,0.0,0.0,0.0,0.0,0.0,0.0,0.0,0.023000000044703484,0.023000000044703484,0.02,0.15,0.0,0.0,0.0,0.0,0.0,0.0,0.0,0.0,0.0,0.0,0.0,0.0,0.16881045699119568,0.061594605445861816,0.0012785919343514252,14.906842231750488,895,nan,-1.0,True,,False,0.010050058364868164,0.0,0.010050058364868164,100.0,100.0,1.0,0.0,0.0,0.0,0.0,0.0
1226,78.26023864746094,-0.0,0.0,-0.0,78.26023864746094,0.010036413557827473,5.4173736572265625,0.5739263296127319,-0.0,0.0,0.0,0.0,0.0,0.0,0.0,0.0,0.0,0.0,0.0,0.0,0.023000000044703484,0.023000000044703484,0.02,0.15,0.0,0.0,0.0,0.0,0.0,0.0,0.0,0.0,0.0,0.0,0.0,0.0,0.16867293417453766,0.0614992119371891,0.001247923070422985,14.906842231750488,895,nan,-1.0,True,,False,0.010050058364868164,0.0,0.010050058364868164,100.0,100.0,1.0,0.0,0.0,0.0,0.0,0.0
1227,88.73872375488281,-0.0,0.0,-0.0,88.73872375488281,0.007757219485938549,5.431431770324707,0.573914647102356,-0.0,0.0,0.0,0.0,0.0,0.0,0.0,0.0,0.0,0.0,0.0,0.0,0.023000000044703484,0.023000000044703484,0.02,0.15,0.0,0.0,0.0,0.0,0.0,0.0,0.0,0.0,0.0,0.0,0.0,0.0,0.1685401052236557,0.06139202415943146,0.0012234749731305783,14.906842231750488,895,nan,-1.0,True,,False,0.010050058364868164,0.0,0.010050058364868164,100.0,100.0,1.0,0.0,0.0,0.0,0.0,0.0
1228,102.33248138427734,-0.0,0.0,-0.0,102.33248138427734,0.0056813242845237255,5.44451904296875,0.5738389492034912,-0.0,0.0,0.0,0.0,0.0,0.0,0.0,0.0,0.0,0.0,0.0,0.0,0.023000000044703484,0.023000000044703484,0.02,0.15,0.0,0.0,0.0,0.0,0.0,0.0,0.0,0.0,0.0,0.0,0.0,0.0,0.16840919852256775,0.06129145249724388,0.0012051595172124507,14.906842231750488,895,nan,-1.0,True,,False,0.010050058364868164,0.0,0.010050058364868164,100.0,100.0,1.0,0.0,0.0,0.0,0.0,0.0
1229,158.44760131835938,-0.0,0.0,-0.0,158.44760131835938,0.0018789699533954263,5.457577705383301,0.5737244486808777,-0.0,0.0,0.0,0.0,0.0,0.0,0.0,0.0,0.0,0.0,0.0,0.0,0.023000000044703484,0.023000000044703484,0.02,0.15,0.0,0.0,0.0,0.0,0.0,0.0,0.0,0.0,0.0,0.0,0.0,0.0,0.16828356683254242,0.06119120493531227,0.0011951693829814758,14.906842231750488,895,nan,-1.0,True,,False,0.010050058364868164,0.0,0.010050058364868164,100.0,100.0,1.0,0.0,0.0,0.0,0.0,0.0
1230,150.83241271972656,-0.0,0.0,-0.0,150.83241271972656,0.0021562576293945312,5.468263626098633,0.5735576748847961,-0.0,0.0,0.0,0.0,0.0,0.0,0.0,0.0,0.0,0.0,0.0,0.0,0.023000000044703484,0.023000000044703484,0.02,0.15,0.0,0.0,0.0,0.0,0.0,0.0,0.0,0.0,0.0,0.0,0.0,0.0,0.16816653311252594,0.061095673590898514,0.00119708184593037,14.906842231750488,895,nan,-1.0,True,,False,0.010050058364868164,0.0,0.010050058364868164,100.0,100.0,1.0,0.0,0.0,0.0,0.0,0.0
1231,133.6941375732422,-0.0,0.0,-0.0,133.6941375732422,0.002970470115542412,5.427417278289795,0.5732309222221375,-0.0,0.0,0.0,0.0,0.0,0.0,0.0,0.0,0.0,0.0,0.0,0.0,0.023000000044703484,0.023000000044703484,0.02,0.15,0.0,0.0,0.0,0.0,0.0,0.0,0.0,0.0,0.0,0.0,0.0,0.0,0.16805894672870636,0.061018552631139755,0.0013772350021099555,14.906842231750488,895,nan,-1.0,True,,False,0.010050058364868164,0.0,0.010050058364868164,100.0,100.0,1.0,0.0,0.0,0.0,0.0,0.0
1232,80.60234069824219,-0.0,0.0,-0.0,80.60234069824219,0.00944147352129221,5.388341903686523,0.5728970766067505,-0.0,0.0,0.0,0.0,0.0,0.0,0.0,0.0,0.0,0.0,0.0,0.0,0.023000000044703484,0.023000000044703484,0.02,0.15,0.0,0.0,0.0,0.0,0.0,0.0,0.0,0.0,0.0,0.0,0.0,0.0,0.16795657575130463,0.06094084680080414,0.00087878378417372,14.906842231750488,895,nan,-1.0,True,,False,0.010050058364868164,0.0,0.010050058364868164,100.0,100.0,1.0,0.0,0.0,0.0,0.0,0.0
1233,58.96270751953125,-0.0,0.0,-0.0,58.96270751953125,0.016872894018888474,5.348320484161377,0.5725225210189819,-0.0,0.0,0.0,0.0,0.0,0.0,0.0,0.0,0.0,0.0,0.0,0.0,0.023000000044703484,0.023000000044703484,0.02,0.15,0.0,0.0,0.0,0.0,0.0,0.0,0.0,0.0,0.0,0.0,0.0,0.0,0.16785413026809692,0.060880664736032486,0.001130967507378955,14.906842231750488,895,nan,-1.0,True,,False,0.010050058364868164,0.0,0.010050058364868164,100.0,100.0,1.0,0.0,0.0,0.0,0.0,0.0
1234,52.810302734375,-0.0,0.0,-0.0,52.810302734375,0.020267393440008163,5.308481693267822,0.5722181797027588,-0.0,0.0,0.0,0.0,0.0,0.0,0.0,0.0,0.0,0.0,0.0,0.0,0.023000000044703484,0.023000000044703484,0.02,0.15,0.0,0.0,0.0,0.0,0.0,0.0,0.0,0.0,0.0,0.0,0.0,0.0,0.1677977740764618,0.06082385405898094,0.0011198941565453424,14.906842231750488,895,nan,-1.0,True,,False,0.010050058364868164,0.0,0.010050058364868164,100.0,100.0,1.0,0.0,0.0,0.0,0.0,0.0
1235,50.02814865112305,-0.0,0.0,-0.0,50.02814865112305,0.022095810621976852,5.269997596740723,0.5720196962356567,-0.0,0.0,0.0,0.0,0.0,0.0,0.0,0.0,0.0,0.0,0.0,0.0,0.023000000044703484,0.023000000044703484,0.02,0.15,0.0,0.0,0.0,0.0,0.0,0.0,0.0,0.0,0.0,0.0,0.0,0.0,0.16775287687778473,0.0607714019715786,0.001111813080342472,14.906842231750488,895,nan,-1.0,True,,False,0.010050058364868164,0.0,0.010050058364868164,100.0,100.0,1.0,0.0,0.0,0.0,0.0,0.0
1236,48.52742004394531,-0.0,0.0,-0.0,48.52742004394531,0.023176491260528564,5.232100963592529,0.571929931640625,-0.0,0.0,0.0,0.0,0.0,0.0,0.0,0.0,0.0,0.0,0.0,0.0,0.023000000044703484,0.023000000044703484,0.02,0.15,0.0,0.0,0.0,0.0,0.0,0.0,0.0,0.0,0.0,0.0,0.0,0.0,0.1677103191614151,0.06072332337498665,0.0011102923947419185,14.906842231750488,895,nan,-1.0,True,,False,0.010050058364868164,0.0,0.010050058364868164,100.0,100.0,1.0,0.0,0.0,0.0,0.0,0.0
1237,49.04632568359375,-0.0,0.0,-0.0,49.04632568359375,0.02280012145638466,5.195087432861328,0.5719276070594788,-0.0,0.0,0.0,0.0,0.0,0.0,0.0,0.0,0.0,0.0,0.0,0.0,0.023000000044703484,0.023000000044703484,0.02,0.15,0.0,0.0,0.0,0.0,0.0,0.0,0.0,0.0,0.0,0.0,0.0,0.0,0.1676633358001709,0.06067913770675659,0.0010902652040840621,14.906842231750488,895,nan,-1.0,True,,False,0.010050058364868164,0.0,0.010050058364868164,100.0,100.0,1.0,0.0,0.0,0.0,0.0,0.0
1238,94.62117004394531,-0.0,0.0,-0.0,94.62117004394531,0.006733274087309837,5.159313678741455,0.5720275640487671,-0.0,0.0,0.0,0.0,0.0,0.0,0.0,0.0,0.0,0.0,0.0,0.0,0.023000000044703484,0.023000000044703484,0.02,0.15,0.0,0.0,0.0,0.0,0.0,0.0,0.0,0.0,0.0,0.0,0.0,0.0,0.16761644184589386,0.060651134699583054,0.0011364395022610552,14.906842231750488,895,nan,-1.0,True,,False,0.010050058364868164,0.0,0.010050058364868164,100.0,100.0,1.0,0.0,0.0,0.0,0.0,0.0
1239,51.34526062011719,-0.0,0.0,-0.0,51.34526062011719,0.021218691021203995,5.126125812530518,0.5720781683921814,-0.0,0.0,0.0,0.0,0.0,0.0,0.0,0.0,0.0,0.0,0.0,0.0,0.023000000044703484,0.023000000044703484,0.02,0.15,0.0,0.0,0.0,0.0,0.0,0.0,0.0,0.0,0.0,0.0,0.0,0.0,0.16753457486629486,0.0606432743370533,0.0011252025524299825,14.906842231750488,895,nan,-1.0,True,,False,0.010050058364868164,0.0,0.010050058364868164,100.0,100.0,1.0,0.0,0.0,0.0,0.0,0.0
1240,50.42673873901367,-0.0,0.0,-0.0,50.42673873901367,0.021846555173397064,5.094827651977539,0.5721952319145203,-0.0,0.0,0.0,0.0,0.0,0.0,0.0,0.0,0.0,0.0,0.0,0.0,0.023000000044703484,0.023000000044703484,0.02,0.15,0.0,0.0,0.0,0.0,0.0,0.0,0.0,0.0,0.0,0.0,0.0,0.0,0.16743116080760956,0.060660962015390396,0.0009990889611799503,14.906842231750488,895,nan,-1.0,True,,False,0.010050058364868164,0.0,0.010050058364868164,100.0,100.0,1.0,0.0,0.0,0.0,0.0,0.0
1241,50.356109619140625,-0.0,0.0,-0.0,50.356109619140625,0.021889768540859222,5.066203594207764,0.5721718072891235,-0.0,0.0,0.0,0.0,0.0,0.0,0.0,0.0,0.0,0.0,0.0,0.0,0.023000000044703484,0.023000000044703484,0.02,0.15,0.0,0.0,0.0,0.0,0.0,0.0,0.0,0.0,0.0,0.0,0.0,0.0,0.16734367609024048,0.06070417910814285,0.0009333522539236583,14.906842231750488,895,nan,-1.0,True,,False,0.010050058364868164,0.0,0.010050058364868164,100.0,100.0,1.0,0.0,0.0,0.0,0.0,0.0
1242,70.86019134521484,-0.0,0.0,-0.0,70.86019134521484,0.0121163260191679,5.039851665496826,0.5722010135650635,-0.0,0.0,0.0,0.0,0.0,0.0,0.0,0.0,0.0,0.0,0.0,0.0,0.023000000044703484,0.023000000044703484,0.02,0.15,0.0,0.0,0.0,0.0,0.0,0.0,0.0,0.0,0.0,0.0,0.0,0.0,0.16724418103694916,0.060740988701581955,0.0012637199242817587,14.906842231750488,895,nan,-1.0,True,,False,0.010050058364868164,0.0,0.010050058364868164,100.0,100.0,1.0,0.0,0.0,0.0,0.0,0.0
1243,48.631778717041016,-0.0,0.0,-0.0,48.631778717041016,0.023138150572776794,5.0156450271606445,0.572346031665802,-0.0,0.0,0.0,0.0,0.0,0.0,0.0,0.0,0.0,0.0,0.0,0.0,0.023000000044703484,0.023000000044703484,0.02,0.15,0.0,0.0,0.0,0.0,0.0,0.0,0.0,0.0,0.0,0.0,0.0,0.0,0.1671343892812729,0.06087968498468399,0.0006688321807359898,14.906842231750488,895,nan,-1.0,True,,False,0.010050058364868164,0.0,0.010050058364868164,100.0,100.0,1.0,0.0,0.0,0.0,0.0,0.0
1244,51.36219024658203,-0.0,0.0,-0.0,51.36219024658203,0.021230503916740417,4.99467658996582,0.5726988315582275,-0.0,0.0,0.0,0.0,0.0,0.0,0.0,0.0,0.0,0.0,0.0,0.0,0.023000000044703484,0.023000000044703484,0.02,0.15,0.0,0.0,0.0,0.0,0.0,0.0,0.0,0.0,0.0,0.0,0.0,0.0,0.16696994006633759,0.06112298369407654,0.0004727455236661626,14.906842231750488,895,nan,-1.0,True,,False,0.010050058364868164,0.0,0.010050058364868164,100.0,100.0,1.0,0.0,0.0,0.0,0.0,0.0
1245,84.9926528930664,-0.0,0.0,-0.0,84.9926528930664,0.008471131324768066,4.974528789520264,0.5730477571487427,-0.0,0.0,0.0,0.0,0.0,0.0,0.0,0.0,0.0,0.0,0.0,0.0,0.023000000044703484,0.023000000044703484,0.02,0.15,0.0,0.0,0.0,0.0,0.0,0.0,0.0,0.0,0.0,0.0,0.0,0.0,0.16680601239204407,0.06139687821269035,0.00044232460777493543,14.906842231750488,895,nan,-1.0,True,,False,0.010050058364868164,0.0,0.010050058364868164,100.0,100.0,1.0,0.0,0.0,0.0,0.0,0.0
1246,60.629127502441406,-0.0,0.0,-0.0,60.629127502441406,0.01609831675887108,4.956008434295654,0.5733080506324768,-0.0,0.0,0.0,0.0,0.0,0.0,0.0,0.0,0.0,0.0,0.0,0.0,0.023000000044703484,0.023000000044703484,0.02,0.15,0.0,0.0,0.0,0.0,0.0,0.0,0.0,0.0,0.0,0.0,0.0,0.0,0.16666743159294128,0.06164780259132385,0.0005597712743110606,14.906842231750488,895,nan,-1.0,True,,False,0.010050058364868164,0.0,0.010050058364868164,100.0,100.0,1.0,0.0,0.0,0.0,0.0,0.0
1247,62.69414138793945,-0.0,0.0,-0.0,62.69414138793945,0.015188958495855331,4.939897537231445,0.5736244916915894,-0.0,0.0,0.0,0.0,0.0,0.0,0.0,0.0,0.0,0.0,0.0,0.0,0.023000000044703484,0.023000000044703484,0.02,0.15,0.0,0.0,0.0,0.0,0.0,0.0,0.0,0.0,0.0,0.0,0.0,0.0,0.16653956472873688,0.06190108507871628,0.0006765642519894755,14.906842231750488,895,nan,-1.0,True,,False,0.010050058364868164,0.0,0.010050058364868164,100.0,100.0,1.0,0.0,0.0,0.0,0.0,0.0
1248,99.0220947265625,-0.0,0.0,-0.0,99.0220947265625,0.006117069628089666,4.926481246948242,0.5740051865577698,-0.0,0.0,0.0,0.0,0.0,0.0,0.0,0.0,0.0,0.0,0.0,0.0,0.023000000044703484,0.023000000044703484,0.02,0.15,0.0,0.0,0.0,0.0,0.0,0.0,0.0,0.0,0.0,0.0,0.0,0.0,0.16642318665981293,0.06216483935713768,0.0011415382668928942,14.906842231750488,895,nan,-1.0,True,,False,0.010050058364868164,0.0,0.010050058364868164,100.0,100.0,1.0,0.0,0.0,0.0,0.0,0.0
1249,162.35391235351562,-0.0,0.0,-0.0,162.35391235351562,0.0017548681935295463,4.916131973266602,0.574383020401001,-0.0,0.0,0.0,0.0,0.0,0.0,0.0,0.0,0.0,0.0,0.0,0.0,0.023000000044703484,0.023000000044703484,0.02,0.15,0.0,0.0,0.0,0.0,0.0,0.0,0.0,0.0,0.0,0.0,0.0,0.0,0.1663065254688263,0.062416497617959976,0.0008133478922900395,14.906842231750488,895,nan,-1.0,True,,False,0.010050058364868164,0.0,0.010050058364868164,100.0,100.0,1.0,0.0,0.0,0.0,0.0,0.0
1250,56.62178421020508,-0.0,0.0,-0.0,56.62178421020508,0.0181562602519989,4.9064507484436035,0.5747079253196716,-0.0,0.0,0.0,0.0,0.0,0.0,0.0,0.0,0.0,0.0,0.0,0.0,0.023000000044703484,0.023000000044703484,0.02,0.15,0.0,0.0,0.0,0.0,0.0,0.0,0.0,0.0,0.0,0.0,0.0,0.0,0.16617001593112946,0.06268521398305893,0.0008307990096909634,14.906842231750488,895,nan,-1.0,True,,False,0.010050058364868164,0.0,0.010050058364868164,100.0,100.0,1.0,0.0,0.0,0.0,0.0,0.0
1251,90.96106719970703,-0.0,0.0,-0.0,90.96106719970703,0.007373125292360783,4.896095275878906,0.5749909281730652,-0.0,0.0,0.0,0.0,0.0,0.0,0.0,0.0,0.0,0.0,0.0,0.0,0.023000000044703484,0.023000000044703484,0.02,0.15,0.0,0.0,0.0,0.0,0.0,0.0,0.0,0.0,0.0,0.0,0.0,0.0,0.16603419184684753,0.06291679292917252,0.0008468327005175524,14.906842231750488,895,nan,-1.0,True,,False,0.010050058364868164,0.0,0.010050058364868164,100.0,100.0,1.0,0.0,0.0,0.0,0.0,0.0
1252,54.65201950073242,-0.0,0.0,-0.0,54.65201950073242,0.0192874725908041,4.885882377624512,0.575201690196991,-0.0,0.0,0.0,0.0,0.0,0.0,0.0,0.0,0.0,0.0,0.0,0.0,0.023000000044703484,0.023000000044703484,0.02,0.15,0.0,0.0,0.0,0.0,0.0,0.0,0.0,0.0,0.0,0.0,0.0,0.0,0.16590221226215363,0.06317206472158432,0.0008604580089013325,14.906842231750488,895,nan,-1.0,True,,False,0.010050058364868164,0.0,0.010050058364868164,100.0,100.0,1.0,0.0,0.0,0.0,0.0,0.0
1253,97.85546875,-0.0,0.0,-0.0,97.85546875,0.006300958339124918,4.8788862228393555,0.5754938721656799,-0.0,0.0,0.0,0.0,0.0,0.0,0.0,0.0,0.0,0.0,0.0,0.0,0.023000000044703484,0.023000000044703484,0.02,0.15,0.0,0.0,0.0,0.0,0.0,0.0,0.0,0.0,0.0,0.0,0.0,0.0,0.1657657027244568,0.06340985745191574,0.000993538850252662,14.906842231750488,895,nan,-1.0,True,,False,0.010050058364868164,0.0,0.010050058364868164,100.0,100.0,1.0,0.0,0.0,0.0,0.0,0.0
1254,91.61652374267578,-0.0,0.0,-0.0,91.61652374267578,0.0072762370109558105,4.876428604125977,0.575742781162262,-0.0,0.0,0.0,0.0,0.0,0.0,0.0,0.0,0.0,0.0,0.0,0.0,0.023000000044703484,0.023000000044703484,0.02,0.15,0.0,0.0,0.0,0.0,0.0,0.0,0.0,0.0,0.0,0.0,0.0,0.0,0.16562290489673615,0.06371789425611496,0.0009123183967858495,14.906842231750488,895,nan,-1.0,True,,False,0.010050058364868164,0.0,0.010050058364868164,100.0,100.0,1.0,0.0,0.0,0.0,0.0,0.0
1255,74.52288055419922,-0.0,0.0,-0.0,74.52288055419922,0.01107455138117075,4.874902248382568,0.5759168863296509,-0.0,0.0,0.0,0.0,0.0,0.0,0.0,0.0,0.0,0.0,0.0,0.0,0.023000000044703484,0.023000000044703484,0.02,0.15,0.0,0.0,0.0,0.0,0.0,0.0,0.0,0.0,0.0,0.0,0.0,0.0,0.16547660529613495,0.06400629878044128,0.0012109858162148157,14.906842231750488,895,nan,-1.0,True,,False,0.010050058364868164,0.0,0.010050058364868164,100.0,100.0,1.0,0.0,0.0,0.0,0.0,0.0
1256,57.465755462646484,-0.0,0.0,-0.0,57.465755462646484,0.017742598429322243,4.876932144165039,0.5761532783508301,-0.0,0.0,0.0,0.0,0.0,0.0,0.0,0.0,0.0,0.0,0.0,0.0,0.023000000044703484,0.023000000044703484,0.02,0.15,0.0,0.0,0.0,0.0,0.0,0.0,0.0,0.0,0.0,0.0,0.0,0.0,0.1653323769569397,0.06425584852695465,0.0011885298913512088,14.906842231750488,895,nan,-1.0,True,,False,0.010050058364868164,0.0,0.010050058364868164,100.0,100.0,1.0,0.0,0.0,0.0,0.0,0.0
1257,44.26393127441406,-0.0,0.0,-0.0,44.26393127441406,0.026892786845564842,4.880619525909424,0.5765160322189331,-0.0,0.0,0.0,0.0,0.0,0.0,0.0,0.0,0.0,0.0,0.0,0.0,0.023000000044703484,0.023000000044703484,0.02,0.15,0.0,0.0,0.0,0.0,0.0,0.0,0.0,0.0,0.0,0.0,0.0,0.0,0.16519634425640106,0.06451089680194855,0.0009004261110021616,14.906842231750488,895,nan,-1.0,True,,False,0.010050058364868164,0.0,0.010050058364868164,100.0,100.0,1.0,0.0,0.0,0.0,0.0,0.0
1258,45.689048767089844,-0.0,0.0,-0.0,45.689048767089844,0.025656351819634438,4.888763904571533,0.577020525932312,-0.0,0.0,0.0,0.0,0.0,0.0,0.0,0.0,0.0,0.0,0.0,0.0,0.023000000044703484,0.023000000044703484,0.02,0.15,0.0,0.0,0.0,0.0,0.0,0.0,0.0,0.0,0.0,0.0,0.0,0.0,0.16506876051425934,0.06475573778152466,0.0009245313262908894,14.906842231750488,895,nan,-1.0,True,,False,0.010050058364868164,0.0,0.010050058364868164,100.0,100.0,1.0,0.0,0.0,0.0,0.0,0.0
1259,47.43312072753906,-0.0,0.0,-0.0,47.43312072753906,0.024257607758045197,4.901294231414795,0.5777159929275513,-0.0,0.0,0.0,0.0,0.0,0.0,0.0,0.0,0.0,0.0,0.0,0.0,0.023000000044703484,0.023000000044703484,0.02,0.15,0.0,0.0,0.0,0.0,0.0,0.0,0.0,0.0,0.0,0.0,0.0,0.0,0.1649552881717682,0.06498774141073227,0.000953620404288813,14.906842231750488,895,nan,-1.0,True,,False,0.010050058364868164,0.0,0.010050058364868164,100.0,100.0,1.0,0.0,0.0,0.0,0.0,0.0
1260,53.24216842651367,-0.0,0.0,-0.0,53.24216842651367,0.02023053541779518,4.918280601501465,0.5785650014877319,-0.0,0.0,0.0,0.0,0.0,0.0,0.0,0.0,0.0,0.0,0.0,0.0,0.023000000044703484,0.023000000044703484,0.02,0.15,0.0,0.0,0.0,0.0,0.0,0.0,0.0,0.0,0.0,0.0,0.0,0.0,0.16485175490379333,0.06521571427583694,0.0011406550065657939,14.906842231750488,895,nan,-1.0,True,,False,0.010050058364868164,0.0,0.010050058364868164,100.0,100.0,1.0,0.0,0.0,0.0,0.0,0.0
1261,52.452091217041016,-0.0,0.0,-0.0,52.452091217041016,0.02077678218483925,4.9388933181762695,0.5795400738716125,-0.0,0.0,0.0,0.0,0.0,0.0,0.0,0.0,0.0,0.0,0.0,0.0,0.023000000044703484,0.023000000044703484,0.02,0.15,0.0,0.0,0.0,0.0,0.0,0.0,0.0,0.0,0.0,0.0,0.0,0.0,0.16474902629852295,0.065414197742939,0.0010695302794374584,14.906842231750488,895,nan,-1.0,True,,False,0.010050058364868164,0.0,0.010050058364868164,100.0,100.0,1.0,0.0,0.0,0.0,0.0,0.0
1262,49.960758209228516,-0.0,0.0,-0.0,49.960758209228516,0.022463448345661163,4.838436603546143,0.5799999237060547,-0.0,0.0,0.0,0.0,0.0,0.0,0.0,0.0,0.0,0.0,0.0,0.0,0.023000000044703484,0.023000000044703484,0.02,0.15,0.0,0.0,0.0,0.0,0.0,0.0,0.0,0.0,0.0,0.0,0.0,0.0,0.16465535759925842,0.06562071293592453,0.0009508850184829498,14.906842231750488,895,nan,-1.0,True,,False,0.010050058364868164,0.0,0.010050058364868164,100.0,100.0,1.0,0.0,0.0,0.0,0.0,0.0
1263,52.55153274536133,-0.0,0.0,-0.0,52.55153274536133,0.020725645124912262,4.689105033874512,0.5803471207618713,-0.0,0.0,0.0,0.0,0.0,0.0,0.0,0.0,0.0,0.0,0.0,0.0,0.023000000044703484,0.023000000044703484,0.02,0.15,0.0,0.0,0.0,0.0,0.0,0.0,0.0,0.0,0.0,0.0,0.0,0.0,0.16456913948059082,0.06580031663179398,0.0008913858132473251,14.906842231750488,895,nan,-1.0,True,,False,0.010050058364868164,0.0,0.010050058364868164,100.0,100.0,1.0,0.0,0.0,0.0,0.0,0.0
1264,73.35212707519531,-0.0,0.0,-0.0,73.35212707519531,0.01151368673890829,4.5474853515625,0.5809406042098999,-0.0,0.0,0.0,0.0,0.0,0.0,0.0,0.0,0.0,0.0,0.0,0.0,0.023000000044703484,0.023000000044703484,0.02,0.15,0.0,0.0,0.0,0.0,0.0,0.0,0.0,0.0,0.0,0.0,0.0,0.0,0.1644938439130783,0.06594599038362503,0.0008854562979649927,14.906842231750488,895,nan,-1.0,True,,False,0.010050058364868164,0.0,0.010050058364868164,100.0,100.0,1.0,0.0,0.0,0.0,0.0,0.0
1265,223.07626342773438,-0.0,0.0,-0.0,223.07626342773438,0.0006650711875408888,4.416672229766846,0.5810777544975281,-0.0,0.0,0.0,0.0,0.0,0.0,0.0,0.0,0.0,0.0,0.0,0.0,0.023000000044703484,0.023000000044703484,0.02,0.15,0.0,0.0,0.0,0.0,0.0,0.0,0.0,0.0,0.0,0.0,0.0,0.0,0.16444425284862518,0.06608548760414124,0.0008917545299027552,14.906842231750488,895,nan,-1.0,True,,False,0.010050058364868164,0.0,0.010050058364868164,100.0,100.0,1.0,0.0,0.0,0.0,0.0,0.0
1266,78.74374389648438,-0.0,0.0,-0.0,78.74374389648438,0.010026512667536736,4.292852401733398,0.5809919238090515,-0.0,0.0,0.0,0.0,0.0,0.0,0.0,0.0,0.0,0.0,0.0,0.0,0.023000000044703484,0.023000000044703484,0.02,0.15,0.0,0.0,0.0,0.0,0.0,0.0,0.0,0.0,0.0,0.0,0.0,0.0,0.1643805056810379,0.06619453430175781,0.000894989574135252,14.906842231750488,895,nan,-1.0,True,,False,0.010050058364868164,0.0,0.010050058364868164,100.0,100.0,1.0,0.0,0.0,0.0,0.0,0.0
1267,107.32928466796875,-0.0,0.0,-0.0,107.32928466796875,0.005148242227733135,4.1778340339660645,0.5802721381187439,-0.0,0.0,0.0,0.0,0.0,0.0,0.0,0.0,0.0,0.0,0.0,0.0,0.023000000044703484,0.023000000044703484,0.02,0.15,0.0,0.0,0.0,0.0,0.0,0.0,0.0,0.0,0.0,0.0,0.0,0.0,0.1643235683441162,0.06629395484924316,0.0009451064993299951,14.906842231750488,895,nan,-1.0,True,,False,0.010050058364868164,0.0,0.010050058364868164,100.0,100.0,1.0,0.0,0.0,0.0,0.0,0.0
1268,172.50633239746094,-0.0,0.0,-0.0,172.50633239746094,0.0014842143282294273,4.067680358886719,0.5792149901390076,-0.0,0.0,0.0,0.0,0.0,0.0,0.0,0.0,0.0,0.0,0.0,0.0,0.023000000044703484,0.023000000044703484,0.02,0.15,0.0,0.0,0.0,0.0,0.0,0.0,0.0,0.0,0.0,0.0,0.0,0.0,0.16426941752433777,0.06635507196187973,0.0009974447293643607,14.906842231750488,895,nan,-1.0,True,,False,0.010050058364868164,0.0,0.010050058364868164,100.0,100.0,1.0,0.0,0.0,0.0,0.0,0.0
1269,86.48247528076172,-0.0,0.0,-0.0,86.48247528076172,0.008243564516305923,3.966390609741211,0.5781603455543518,-0.0,0.0,0.0,0.0,0.0,0.0,0.0,0.0,0.0,0.0,0.0,0.0,0.023000000044703484,0.023000000044703484,0.02,0.15,0.0,0.0,0.0,0.0,0.0,0.0,0.0,0.0,0.0,0.0,0.0,0.0,0.16420583426952362,0.06637931615114212,0.0010483028859198384,14.906842231750488,895,nan,-1.0,True,,False,0.010050058364868164,0.0,0.010050058364868164,100.0,100.0,1.0,0.0,0.0,0.0,0.0,0.0
1270,62.5915412902832,-0.0,0.0,-0.0,62.5915412902832,0.015305932611227036,3.8756494522094727,0.5764138102531433,-0.0,0.0,0.0,0.0,0.0,0.0,0.0,0.0,0.0,0.0,0.0,0.0,0.023000000044703484,0.023000000044703484,0.02,0.15,0.0,0.0,0.0,0.0,0.0,0.0,0.0,0.0,0.0,0.0,0.0,0.0,0.16413737833499908,0.06638380885124207,0.0006756781322110328,14.906842231750488,895,nan,-1.0,True,,False,0.010050058364868164,0.0,0.010050058364868164,100.0,100.0,1.0,0.0,0.0,0.0,0.0,0.0
1271,106.84542846679688,-0.0,0.0,-0.0,106.84542846679688,0.005155649036169052,3.8179469108581543,0.5752049088478088,-0.0,0.0,0.0,0.0,0.0,0.0,0.0,0.0,0.0,0.0,0.0,0.0,0.023000000044703484,0.023000000044703484,0.02,0.15,0.0,0.0,0.0,0.0,0.0,0.0,0.0,0.0,0.0,0.0,0.0,0.0,0.1640816479921341,0.06639188528060913,0.0006731038915859244,14.906842231750488,895,nan,-1.0,True,,False,0.010050058364868164,0.0,0.010050058364868164,100.0,100.0,1.0,0.0,0.0,0.0,0.0,0.0
1272,326.08990478515625,-0.0,0.0,-0.0,326.08990478515625,0.00016276408859994262,3.8123247623443604,0.5744386315345764,-0.0,0.0,0.0,0.0,0.0,0.0,0.0,0.0,0.0,0.0,0.0,0.0,0.023000000044703484,0.023000000044703484,0.02,0.15,0.0,0.0,0.0,0.0,0.0,0.0,0.0,0.0,0.0,0.0,0.0,0.0,0.16403886675834656,0.06640265882015228,0.00119770879018688,14.906842231750488,895,nan,-1.0,True,,False,0.010050058364868164,0.0,0.010050058364868164,100.0,100.0,1.0,0.0,0.0,0.0,0.0,0.0
1273,67.55462646484375,-0.0,0.0,-0.0,67.55462646484375,0.013285603374242783,3.813246250152588,0.573879063129425,-0.0,0.0,0.0,0.0,0.0,0.0,0.0,0.0,0.0,0.0,0.0,0.0,0.023000000044703484,0.023000000044703484,0.02,0.15,0.0,0.0,0.0,0.0,0.0,0.0,0.0,0.0,0.0,0.0,0.0,0.0,0.16400888562202454,0.06641612201929092,0.0006968183756725921,14.906842231750488,895,nan,-1.0,True,,False,0.010050058364868164,0.0,0.010050058364868164,100.0,100.0,1.0,0.0,0.0,0.0,0.0,0.0
1274,73.03347778320312,-0.0,0.0,-0.0,73.03347778320312,0.011463571339845657,3.813210964202881,0.573520302772522,-0.0,0.0,0.0,0.0,0.0,0.0,0.0,0.0,0.0,0.0,0.0,0.0,0.023000000044703484,0.023000000044703484,0.02,0.15,0.0,0.0,0.0,0.0,0.0,0.0,0.0,0.0,0.0,0.0,0.0,0.0,0.16397158801555634,0.06640714406967163,0.001200429361233546,14.906842231750488,895,nan,-1.0,True,,False,0.010050058364868164,0.0,0.010050058364868164,100.0,100.0,1.0,0.0,0.0,0.0,0.0,0.0
1275,36.76337432861328,-0.0,0.0,-0.0,36.76337432861328,0.034875743091106415,3.827096462249756,0.5733957290649414,-0.0,0.0,0.0,0.0,0.0,0.0,0.0,0.0,0.0,0.0,0.0,0.0,0.023000000044703484,0.023000000044703484,0.02,0.15,0.0,0.0,0.0,0.0,0.0,0.0,0.0,0.0,0.0,0.0,0.0,0.0,0.16394126415252686,0.06640535593032837,0.0007095249670783232,14.906842231750488,895,nan,-1.0,True,,False,0.010050058364868164,0.0,0.010050058364868164,100.0,100.0,1.0,0.0,0.0,0.0,0.0,0.0
1276,38.69534683227539,-0.0,0.0,-0.0,38.69534683227539,0.0324956439435482,3.851125955581665,0.5734444260597229,-0.0,0.0,0.0,0.0,0.0,0.0,0.0,0.0,0.0,0.0,0.0,0.0,0.023000000044703484,0.023000000044703484,0.02,0.15,0.0,0.0,0.0,0.0,0.0,0.0,0.0,0.0,0.0,0.0,0.0,0.0,0.1639026552438736,0.06638335436582565,0.0007586594292661175,14.906842231750488,895,nan,-1.0,True,,False,0.010050058364868164,0.0,0.010050058364868164,100.0,100.0,1.0,0.0,0.0,0.0,0.0,0.0
1277,51.86577606201172,-0.0,0.0,-0.0,51.86577606201172,0.020936232060194016,3.8702101707458496,0.5735538005828857,-0.0,0.0,0.0,0.0,0.0,0.0,0.0,0.0,0.0,0.0,0.0,0.0,0.023000000044703484,0.023000000044703484,0.02,0.15,0.0,0.0,0.0,0.0,0.0,0.0,0.0,0.0,0.0,0.0,0.0,0.0,0.16386939585208893,0.06636584550142288,0.0007573017553568206,14.906842231750488,895,nan,-1.0,True,,False,0.010050058364868164,0.0,0.010050058364868164,100.0,100.0,1.0,0.0,0.0,0.0,0.0,0.0
1278,83.96835327148438,-0.0,0.0,-0.0,83.96835327148438,0.0086974510923028,3.8850183486938477,0.5736920237541199,-0.0,0.0,0.0,0.0,0.0,0.0,0.0,0.0,0.0,0.0,0.0,0.0,0.023000000044703484,0.023000000044703484,0.02,0.15,0.0,0.0,0.0,0.0,0.0,0.0,0.0,0.0,0.0,0.0,0.0,0.0,0.16385327279567719,0.06635551899671555,0.0007321383643557056,14.906842231750488,895,nan,-1.0,True,,False,0.010050058364868164,0.0,0.010050058364868164,100.0,100.0,1.0,0.0,0.0,0.0,0.0,0.0
1279,107.89511108398438,-0.0,0.0,-0.0,107.89511108398438,0.005028924439102411,3.8813488483428955,0.5737660527229309,-0.0,0.0,0.0,0.0,0.0,0.0,0.0,0.0,0.0,0.0,0.0,0.0,0.023000000044703484,0.023000000044703484,0.02,0.15,0.0,0.0,0.0,0.0,0.0,0.0,0.0,0.0,0.0,0.0,0.0,0.0,0.16384026408195496,0.06635820865631104,0.000713029786311381,14.906842231750488,895,nan,-1.0,True,,False,0.010050058364868164,0.0,0.010050058364868164,100.0,100.0,1.0,0.0,0.0,0.0,0.0,0.0
1280,117.53629302978516,-0.0,0.0,-0.0,117.53629302978516,0.004103740677237511,3.861582040786743,0.5738384127616882,-0.0,0.0,0.0,0.0,0.0,0.0,0.0,0.0,0.0,0.0,0.0,0.0,0.023000000044703484,0.023000000044703484,0.02,0.15,0.0,0.0,0.0,0.0,0.0,0.0,0.0,0.0,0.0,0.0,0.0,0.0,0.16382503509521484,0.06635686755180359,0.0006073726499380427,14.906842231750488,895,nan,-1.0,True,,False,0.010050058364868164,0.0,0.010050058364868164,100.0,100.0,1.0,0.0,0.0,0.0,0.0,0.0
1281,44.267330169677734,-0.0,0.0,-0.0,44.267330169677734,0.0267937034368515,3.8056721687316895,0.5737802982330322,-0.0,0.0,0.0,0.0,0.0,0.0,0.0,0.0,0.0,0.0,0.0,0.0,0.023000000044703484,0.023000000044703484,0.02,0.15,0.0,0.0,0.0,0.0,0.0,0.0,0.0,0.0,0.0,0.0,0.0,0.0,0.16380631923675537,0.06634518504142761,0.0006158608957775868,14.906842231750488,895,nan,-1.0,True,,False,0.010050058364868164,0.0,0.010050058364868164,100.0,100.0,1.0,0.0,0.0,0.0,0.0,0.0
1282,49.01215744018555,-0.0,0.0,-0.0,49.01215744018555,0.02292449027299881,3.7063987255096436,0.5735902190208435,-0.0,0.0,0.0,0.0,0.0,0.0,0.0,0.0,0.0,0.0,0.0,0.0,0.023000000044703484,0.023000000044703484,0.02,0.15,0.0,0.0,0.0,0.0,0.0,0.0,0.0,0.0,0.0,0.0,0.0,0.0,0.16379036009311676,0.06633754819631577,0.00105055021458611,14.906842231750488,895,nan,-1.0,True,,False,0.010050058364868164,0.0,0.010050058364868164,100.0,100.0,1.0,0.0,0.0,0.0,0.0,0.0
1283,105.78356170654297,-0.0,0.0,-0.0,105.78356170654297,0.0052624912932515144,3.5918760299682617,0.5733972787857056,-0.0,0.0,0.0,0.0,0.0,0.0,0.0,0.0,0.0,0.0,0.0,0.0,0.023000000044703484,0.023000000044703484,0.02,0.15,0.0,0.0,0.0,0.0,0.0,0.0,0.0,0.0,0.0,0.0,0.0,0.0,0.16376864910125732,0.06631418317556381,0.001047918769017997,14.906842231750488,895,nan,-1.0,True,,False,0.010050058364868164,0.0,0.010050058364868164,100.0,100.0,1.0,0.0,0.0,0.0,0.0,0.0
1284,142.6436767578125,-0.0,0.0,-0.0,142.6436767578125,0.00250516296364367,3.464043617248535,0.5731406807899475,-0.0,0.0,0.0,0.0,0.0,0.0,0.0,0.0,0.0,0.0,0.0,0.0,0.023000000044703484,0.023000000044703484,0.02,0.15,0.0,0.0,0.0,0.0,0.0,0.0,0.0,0.0,0.0,0.0,0.0,0.0,0.16375583410263062,0.06631238758563995,0.000701365079748939,14.906842231750488,895,nan,-1.0,True,,False,0.010050058364868164,0.0,0.010050058364868164,100.0,100.0,1.0,0.0,0.0,0.0,0.0,0.0
1285,63.55142593383789,-0.0,0.0,-0.0,63.55142593383789,0.01483650878071785,3.3358230590820312,0.5726817846298218,-0.0,0.0,0.0,0.0,0.0,0.0,0.0,0.0,0.0,0.0,0.0,0.0,0.023000000044703484,0.023000000044703484,0.02,0.15,0.0,0.0,0.0,0.0,0.0,0.0,0.0,0.0,0.0,0.0,0.0,0.0,0.163752481341362,0.06631013751029968,0.0005882497448510549,14.906842231750488,895,nan,-1.0,True,,False,0.010050058364868164,0.0,0.010050058364868164,100.0,100.0,1.0,0.0,0.0,0.0,0.0,0.0
1286,111.89550018310547,-0.0,0.0,-0.0,111.89550018310547,0.004611133597791195,3.208829402923584,0.5721333026885986,-0.0,0.0,0.0,0.0,0.0,0.0,0.0,0.0,0.0,0.0,0.0,0.0,0.023000000044703484,0.023000000044703484,0.02,0.15,0.0,0.0,0.0,0.0,0.0,0.0,0.0,0.0,0.0,0.0,0.0,0.0,0.16373372077941895,0.06630969047546387,0.0006220667592060636,14.906842231750488,895,nan,-1.0,True,,False,0.010050058364868164,0.0,0.010050058364868164,100.0,100.0,1.0,0.0,0.0,0.0,0.0,0.0
1287,193.16444396972656,-0.0,0.0,-0.0,193.16444396972656,0.0010430286638438702,3.0877597332000732,0.571635365486145,-0.0,0.0,0.0,0.0,0.0,0.0,0.0,0.0,0.0,0.0,0.0,0.0,0.023000000044703484,0.023000000044703484,0.02,0.15,0.0,0.0,0.0,0.0,0.0,0.0,0.0,0.0,0.0,0.0,0.0,0.0,0.16370746493339539,0.06631283462047577,0.000888195692368754,14.906842231750488,895,nan,-1.0,True,,False,0.010050058364868164,0.0,0.010050058364868164,100.0,100.0,1.0,0.0,0.0,0.0,0.0,0.0
1288,104.67637634277344,-0.0,0.0,-0.0,104.67637634277344,0.005377219989895821,2.9942283630371094,0.5711976885795593,-0.0,0.0,0.0,0.0,0.0,0.0,0.0,0.0,0.0,0.0,0.0,0.0,0.023000000044703484,0.023000000044703484,0.02,0.15,0.0,0.0,0.0,0.0,0.0,0.0,0.0,0.0,0.0,0.0,0.0,0.0,0.16368266940116882,0.0663200244307518,0.0008303350728056103,14.906842231750488,895,nan,-1.0,True,,False,0.010050058364868164,0.0,0.010050058364868164,100.0,100.0,1.0,0.0,0.0,0.0,0.0,0.0
1289,70.80269622802734,-0.0,0.0,-0.0,70.80269622802734,0.012113694101572037,2.9138717651367188,0.5708296895027161,-0.0,0.0,0.0,0.0,0.0,0.0,0.0,0.0,0.0,0.0,0.0,0.0,0.023000000044703484,0.023000000044703484,0.02,0.15,0.0,0.0,0.0,0.0,0.0,0.0,0.0,0.0,0.0,0.0,0.0,0.0,0.16364915668964386,0.06632497161626816,0.0008158744421962183,14.906842231750488,895,nan,-1.0,True,,False,0.010050058364868164,0.0,0.010050058364868164,100.0,100.0,1.0,0.0,0.0,0.0,0.0,0.0
1290,67.02399444580078,-0.0,0.0,-0.0,67.02399444580078,0.01340757217258215,2.8862743377685547,0.5705289840698242,-0.0,0.0,0.0,0.0,0.0,0.0,0.0,0.0,0.0,0.0,0.0,0.0,0.023000000044703484,0.023000000044703484,0.02,0.15,0.0,0.0,0.0,0.0,0.0,0.0,0.0,0.0,0.0,0.0,0.0,0.0,0.16360995173454285,0.0663294643163681,0.0008434636138190399,14.906842231750488,895,nan,-1.0,True,,False,0.010050058364868164,0.0,0.010050058364868164,100.0,100.0,1.0,0.0,0.0,0.0,0.0,0.0
1291,137.37818908691406,-0.0,0.0,-0.0,137.37818908691406,0.0027558188885450363,2.8679251670837402,0.5703688859939575,-0.0,0.0,0.0,0.0,0.0,0.0,0.0,0.0,0.0,0.0,0.0,0.0,0.023000000044703484,0.023000000044703484,0.02,0.15,0.0,0.0,0.0,0.0,0.0,0.0,0.0,0.0,0.0,0.0,0.0,0.0,0.16356605291366577,0.06632766872644424,0.0012632998668777873,14.906842231750488,895,nan,-1.0,True,,False,0.010050058364868164,0.0,0.010050058364868164,100.0,100.0,1.0,0.0,0.0,0.0,0.0,0.0
1292,130.81570434570312,-0.0,0.0,-0.0,130.81570434570312,0.0031241870019584894,2.8554248809814453,0.57021164894104,-0.0,0.0,0.0,0.0,0.0,0.0,0.0,0.0,0.0,0.0,0.0,0.0,0.023000000044703484,0.023000000044703484,0.02,0.15,0.0,0.0,0.0,0.0,0.0,0.0,0.0,0.0,0.0,0.0,0.0,0.0,0.1635306179523468,0.06632362306118011,0.0012079246594112192,14.906842231750488,895,nan,-1.0,True,,False,0.010050058364868164,0.0,0.010050058364868164,100.0,100.0,1.0,0.0,0.0,0.0,0.0,0.0
1293,65.78050994873047,-0.0,0.0,-0.0,65.78050994873047,0.013853456825017929,2.847351551055908,0.5701199769973755,-0.0,0.0,0.0,0.0,0.0,0.0,0.0,0.0,0.0,0.0,0.0,0.0,0.023000000044703484,0.023000000044703484,0.02,0.15,0.0,0.0,0.0,0.0,0.0,0.0,0.0,0.0,0.0,0.0,0.0,0.0,0.1634826809167862,0.06630699336528778,0.0012449878208826703,14.906842231750488,895,nan,-1.0,True,,False,0.010050058364868164,0.0,0.010050058364868164,100.0,100.0,1.0,0.0,0.0,0.0,0.0,0.0
1294,172.12843322753906,-0.0,0.0,-0.0,172.12843322753906,0.0014703382039442658,2.848555088043213,0.570082426071167,-0.0,0.0,0.0,0.0,0.0,0.0,0.0,0.0,0.0,0.0,0.0,0.0,0.023000000044703484,0.023000000044703484,0.02,0.15,0.0,0.0,0.0,0.0,0.0,0.0,0.0,0.0,0.0,0.0,0.0,0.0,0.16344653069972992,0.06629260629415512,0.0006400466149898421,14.906842231750488,895,nan,-1.0,True,,False,0.010050058364868164,0.0,0.010050058364868164,100.0,100.0,1.0,0.0,0.0,0.0,0.0,0.0
1295,64.14080047607422,-0.0,0.0,-0.0,64.14080047607422,0.014500277116894722,2.888840675354004,0.5701205730438232,-0.0,0.0,0.0,0.0,0.0,0.0,0.0,0.0,0.0,0.0,0.0,0.0,0.023000000044703484,0.023000000044703484,0.02,0.15,0.0,0.0,0.0,0.0,0.0,0.0,0.0,0.0,0.0,0.0,0.0,0.0,0.163406103849411,0.06626833230257034,0.0015107843892110395,14.906842231750488,895,nan,-1.0,True,,False,0.010050058364868164,0.0,0.010050058364868164,100.0,100.0,1.0,0.0,0.0,0.0,0.0,0.0
1296,96.37273406982422,-0.0,0.0,-0.0,96.37273406982422,0.006449089851230383,2.9294214248657227,0.5701074004173279,-0.0,0.0,0.0,0.0,0.0,0.0,0.0,0.0,0.0,0.0,0.0,0.0,0.023000000044703484,0.023000000044703484,0.02,0.15,0.0,0.0,0.0,0.0,0.0,0.0,0.0,0.0,0.0,0.0,0.0,0.0,0.16337062418460846,0.06624583899974823,0.0012634299341698352,14.906842231750488,895,nan,-1.0,True,,False,0.010050058364868164,0.0,0.010050058364868164,100.0,100.0,1.0,0.0,0.0,0.0,0.0,0.0
1297,19.735692977905273,-0.0,0.0,-0.0,19.735692977905273,0.07180935144424438,2.9737133979797363,0.5699687600135803,-0.0,0.0,0.0,0.0,0.0,0.0,0.0,0.0,0.0,0.0,0.0,0.0,0.023000000044703484,0.023000000044703484,0.02,0.15,0.0,0.0,0.0,0.0,0.0,0.0,0.0,0.0,0.0,0.0,0.0,0.0,0.16332335770130157,0.06621433794498444,0.000495710894028889,14.906842231750488,895,nan,-1.0,True,,False,0.010050058364868164,0.0,0.010050058364868164,100.0,100.0,1.0,0.0,0.0,0.0,0.0,0.0
1298,33.38992691040039,-0.0,0.0,-0.0,33.38992691040039,0.03938426077365875,3.021367073059082,0.5700731873512268,-0.0,0.0,0.0,0.0,0.0,0.0,0.0,0.0,0.0,0.0,0.0,0.0,0.023000000044703484,0.023000000044703484,0.02,0.15,0.0,0.0,0.0,0.0,0.0,0.0,0.0,0.0,0.0,0.0,0.0,0.0,0.1632837951183319,0.06617877632379532,0.0004447539895409136,14.906842231750488,895,nan,-1.0,True,,False,0.010050058364868164,0.0,0.010050058364868164,100.0,100.0,1.0,0.0,0.0,0.0,0.0,0.0
1299,87.3987045288086,-0.0,0.0,-0.0,87.3987045288086,0.007957285270094872,3.0717458724975586,0.5702823996543884,-0.0,0.0,0.0,0.0,0.0,0.0,0.0,0.0,0.0,0.0,0.0,0.0,0.023000000044703484,0.023000000044703484,0.02,0.15,0.0,0.0,0.0,0.0,0.0,0.0,0.0,0.0,0.0,0.0,0.0,0.0,0.16324298083782196,0.06613913178443909,0.0005687295547431859,14.906842231750488,895,nan,-1.0,True,,False,0.010050058364868164,0.0,0.010050058364868164,100.0,100.0,1.0,0.0,0.0,0.0,0.0,0.0
1300,56.87520980834961,-0.0,0.0,-0.0,56.87520980834961,0.017877958714962006,3.123443603515625,0.5705109238624573,-0.0,0.0,0.0,0.0,0.0,0.0,0.0,0.0,0.0,0.0,0.0,0.0,0.023000000044703484,0.023000000044703484,0.02,0.15,0.0,0.0,0.0,0.0,0.0,0.0,0.0,0.0,0.0,0.0,0.0,0.0,0.16319644451141357,0.06608819216489792,0.000394527887692675,14.906842231750488,895,nan,-1.0,True,,False,0.010050058364868164,0.0,0.010050058364868164,100.0,100.0,1.0,0.0,0.0,0.0,0.0,0.0
1301,36.57880783081055,-0.0,0.0,-0.0,36.57880783081055,0.034950628876686096,3.170381546020508,0.5708733797073364,-0.0,0.0,0.0,0.0,0.0,0.0,0.0,0.0,0.0,0.0,0.0,0.0,0.023000000044703484,0.023000000044703484,0.02,0.15,0.0,0.0,0.0,0.0,0.0,0.0,0.0,0.0,0.0,0.0,0.0,0.0,0.16315311193466187,0.06603676825761795,0.001149141768564732,14.906842231750488,895,nan,-1.0,True,,False,0.010050058364868164,0.0,0.010050058364868164,100.0,100.0,1.0,0.0,0.0,0.0,0.0,0.0
1302,130.08189392089844,-0.0,0.0,-0.0,130.08189392089844,0.0031723761931061745,3.1970067024230957,0.5712347030639648,-0.0,0.0,0.0,0.0,0.0,0.0,0.0,0.0,0.0,0.0,0.0,0.0,0.023000000044703484,0.023000000044703484,0.02,0.15,0.0,0.0,0.0,0.0,0.0,0.0,0.0,0.0,0.0,0.0,0.0,0.0,0.16311627626419067,0.06598348915576935,0.0011594669610985875,14.906842231750488,895,nan,-1.0,True,,False,0.010050058364868164,0.0,0.010050058364868164,100.0,100.0,1.0,0.0,0.0,0.0,0.0,0.0
1303,51.48143005371094,-0.0,0.0,-0.0,51.48143005371094,0.021121665835380554,3.215160369873047,0.5716372132301331,-0.0,0.0,0.0,0.0,0.0,0.0,0.0,0.0,0.0,0.0,0.0,0.0,0.023000000044703484,0.023000000044703484,0.02,0.15,0.0,0.0,0.0,0.0,0.0,0.0,0.0,0.0,0.0,0.0,0.0,0.0,0.16309867799282074,0.06592339277267456,0.0006764239915355574,14.906842231750488,895,nan,-1.0,True,,False,0.010050058364868164,0.0,0.010050058364868164,100.0,100.0,1.0,0.0,0.0,0.0,0.0,0.0
1304,115.80668640136719,-0.0,0.0,-0.0,115.80668640136719,0.0042379628866910934,3.2293272018432617,0.5719361901283264,-0.0,0.0,0.0,0.0,0.0,0.0,0.0,0.0,0.0,0.0,0.0,0.0,0.023000000044703484,0.023000000044703484,0.02,0.15,0.0,0.0,0.0,0.0,0.0,0.0,0.0,0.0,0.0,0.0,0.0,0.0,0.16308246552944183,0.06585781276226044,0.0006993737379161757,14.906842231750488,895,nan,-1.0,True,,False,0.010050058364868164,0.0,0.010050058364868164,100.0,100.0,1.0,0.0,0.0,0.0,0.0,0.0
1305,42.50023651123047,-0.0,0.0,-0.0,42.50023651123047,0.028356008231639862,3.240170478820801,0.5722349286079407,-0.0,0.0,0.0,0.0,0.0,0.0,0.0,0.0,0.0,0.0,0.0,0.0,0.023000000044703484,0.023000000044703484,0.02,0.15,0.0,0.0,0.0,0.0,0.0,0.0,0.0,0.0,0.0,0.0,0.0,0.0,0.16307243704795837,0.06579714268445969,0.0007221860655590717,14.906842231750488,895,nan,-1.0,True,,False,0.010050058364868164,0.0,0.010050058364868164,100.0,100.0,1.0,0.0,0.0,0.0,0.0,0.0
1306,76.0509262084961,-0.0,0.0,-0.0,76.0509262084961,0.010586108081042767,3.2453088760375977,0.5727605223655701,-0.0,0.0,0.0,0.0,0.0,0.0,0.0,0.0,0.0,0.0,0.0,0.0,0.023000000044703484,0.023000000044703484,0.02,0.15,0.0,0.0,0.0,0.0,0.0,0.0,0.0,0.0,0.0,0.0,0.0,0.0,0.16306576132774353,0.0657382383942604,0.0009854594209173229,14.906842231750488,895,nan,-1.0,True,,False,0.010050058364868164,0.0,0.010050058364868164,100.0,100.0,1.0,0.0,0.0,0.0,0.0,0.0
1307,38.805885314941406,-0.0,0.0,-0.0,38.805885314941406,0.03236817941069603,3.2462215423583984,0.5733294486999512,-0.0,0.0,0.0,0.0,0.0,0.0,0.0,0.0,0.0,0.0,0.0,0.0,0.023000000044703484,0.023000000044703484,0.02,0.15,0.0,0.0,0.0,0.0,0.0,0.0,0.0,0.0,0.0,0.0,0.0,0.0,0.1630617082118988,0.06568063795566559,0.0008218813113671786,14.906842231750488,895,nan,-1.0,True,,False,0.010050058364868164,0.0,0.010050058364868164,100.0,100.0,1.0,0.0,0.0,0.0,0.0,0.0
1308,48.41118240356445,-0.0,0.0,-0.0,48.41118240356445,0.023373350501060486,3.2444372177124023,0.5740237832069397,-0.0,0.0,0.0,0.0,0.0,0.0,0.0,0.0,0.0,0.0,0.0,0.0,0.023000000044703484,0.023000000044703484,0.02,0.15,0.0,0.0,0.0,0.0,0.0,0.0,0.0,0.0,0.0,0.0,0.0,0.0,0.16305877268314362,0.06562207639217377,0.0013479346903295664,14.906842231750488,895,nan,-1.0,True,,False,0.010050058364868164,0.0,0.010050058364868164,100.0,100.0,1.0,0.0,0.0,0.0,0.0,0.0
1309,247.1195068359375,-0.0,0.0,-0.0,247.1195068359375,0.00046335667138919234,3.2392311096191406,0.5747450590133667,-0.0,0.0,0.0,0.0,0.0,0.0,0.0,0.0,0.0,0.0,0.0,0.0,0.023000000044703484,0.023000000044703484,0.02,0.15,0.0,0.0,0.0,0.0,0.0,0.0,0.0,0.0,0.0,0.0,0.0,0.0,0.16303642094135284,0.06554891914129257,0.0013305781121744076,14.906842231750488,895,nan,-1.0,True,,False,0.010050058364868164,0.0,0.010050058364868164,100.0,100.0,1.0,0.0,0.0,0.0,0.0,0.0
1310,83.56909942626953,-0.0,0.0,-0.0,83.56909942626953,0.008813545107841492,3.2309155464172363,0.5752206444740295,-0.0,0.0,0.0,0.0,0.0,0.0,0.0,0.0,0.0,0.0,0.0,0.0,0.023000000044703484,0.023000000044703484,0.02,0.15,0.0,0.0,0.0,0.0,0.0,0.0,0.0,0.0,0.0,0.0,0.0,0.0,0.16299568116664886,0.06546702980995178,0.0013127328643349756,14.906842231750488,895,nan,-1.0,True,,False,0.010050058364868164,0.0,0.010050058364868164,100.0,100.0,1.0,0.0,0.0,0.0,0.0,0.0
1311,96.53121185302734,-0.0,0.0,-0.0,96.53121185302734,0.006499083712697029,3.220378875732422,0.5756243467330933,-0.0,0.0,0.0,0.0,0.0,0.0,0.0,0.0,0.0,0.0,0.0,0.0,0.023000000044703484,0.023000000044703484,0.02,0.15,0.0,0.0,0.0,0.0,0.0,0.0,0.0,0.0,0.0,0.0,0.0,0.0,0.16295523941516876,0.06540554016828537,0.0006281299715737987,14.906842231750488,895,nan,-1.0,True,,False,0.010050058364868164,0.0,0.010050058364868164,100.0,100.0,1.0,0.0,0.0,0.0,0.0,0.0
1312,54.57359313964844,-0.0,0.0,-0.0,54.57359313964844,0.019389621913433075,3.2169580459594727,0.5759047269821167,-0.0,0.0,0.0,0.0,0.0,0.0,0.0,0.0,0.0,0.0,0.0,0.0,0.023000000044703484,0.023000000044703484,0.02,0.15,0.0,0.0,0.0,0.0,0.0,0.0,0.0,0.0,0.0,0.0,0.0,0.0,0.1629241406917572,0.06543515622615814,0.0012951764820172684,14.906842231750488,895,nan,-1.0,True,,False,0.010050058364868164,0.0,0.010050058364868164,100.0,100.0,1.0,0.0,0.0,0.0,0.0,0.0
1313,143.3602752685547,-0.0,0.0,-0.0,143.3602752685547,0.0024882061406970024,3.2259583473205566,0.5761005878448486,-0.0,0.0,0.0,0.0,0.0,0.0,0.0,0.0,0.0,0.0,0.0,0.0,0.023000000044703484,0.023000000044703484,0.02,0.15,0.0,0.0,0.0,0.0,0.0,0.0,0.0,0.0,0.0,0.0,0.0,0.0,0.1628953069448471,0.06546201556921005,0.0005956591085123364,14.906842231750488,895,nan,-1.0,True,,False,0.010050058364868164,0.0,0.010050058364868164,100.0,100.0,1.0,0.0,0.0,0.0,0.0,0.0
1314,102.85343933105469,-0.0,0.0,-0.0,102.85343933105469,0.00564549770206213,3.2353906631469727,0.5760210156440735,-0.0,0.0,0.0,0.0,0.0,0.0,0.0,0.0,0.0,0.0,0.0,0.0,0.023000000044703484,0.023000000044703484,0.02,0.15,0.0,0.0,0.0,0.0,0.0,0.0,0.0,0.0,0.0,0.0,0.0,0.0,0.16286700963974,0.06547249108552933,0.001110509463615017,14.906842231750488,895,nan,-1.0,True,,False,0.010050058364868164,0.0,0.010050058364868164,100.0,100.0,1.0,0.0,0.0,0.0,0.0,0.0
1315,58.460018157958984,-0.0,0.0,-0.0,58.460018157958984,0.01726345717906952,3.2455296516418457,0.5758912563323975,-0.0,0.0,0.0,0.0,0.0,0.0,0.0,0.0,0.0,0.0,0.0,0.0,0.023000000044703484,0.023000000044703484,0.02,0.15,0.0,0.0,0.0,0.0,0.0,0.0,0.0,0.0,0.0,0.0,0.0,0.0,0.16283461451530457,0.06551025807857513,0.0011086877402703976,14.906842231750488,895,nan,-1.0,True,,False,0.010050058364868164,0.0,0.010050058364868164,100.0,100.0,1.0,0.0,0.0,0.0,0.0,0.0
1316,56.38571548461914,-0.0,0.0,-0.0,56.38571548461914,0.018362589180469513,3.2570438385009766,0.5758281350135803,-0.0,0.0,0.0,0.0,0.0,0.0,0.0,0.0,0.0,0.0,0.0,0.0,0.023000000044703484,0.023000000044703484,0.02,0.15,0.0,0.0,0.0,0.0,0.0,0.0,0.0,0.0,0.0,0.0,0.0,0.0,0.1627892106771469,0.06558482348918915,0.0013425816732706153,14.906842231750488,895,nan,-1.0,True,,False,0.010050058364868164,0.0,0.010050058364868164,100.0,100.0,1.0,0.0,0.0,0.0,0.0,0.0
1317,97.99319458007812,-0.0,0.0,-0.0,97.99319458007812,0.006297945976257324,3.2698068618774414,0.5758273601531982,-0.0,0.0,0.0,0.0,0.0,0.0,0.0,0.0,0.0,0.0,0.0,0.0,0.023000000044703484,0.023000000044703484,0.02,0.15,0.0,0.0,0.0,0.0,0.0,0.0,0.0,0.0,0.0,0.0,0.0,0.0,0.16275371611118317,0.0656593069434166,0.0005231185900811397,14.906842231750488,895,nan,-1.0,True,,False,0.010050058364868164,0.0,0.010050058364868164,100.0,100.0,1.0,0.0,0.0,0.0,0.0,0.0
1318,98.49559783935547,-0.0,0.0,-0.0,98.49559783935547,0.00622984953224659,3.2838711738586426,0.5758152604103088,-0.0,0.0,0.0,0.0,0.0,0.0,0.0,0.0,0.0,0.0,0.0,0.0,0.023000000044703484,0.023000000044703484,0.02,0.15,0.0,0.0,0.0,0.0,0.0,0.0,0.0,0.0,0.0,0.0,0.0,0.0,0.16271361708641052,0.06573007255792618,0.0008490915015499922,14.906842231750488,895,nan,-1.0,True,,False,0.010050058364868164,0.0,0.010050058364868164,100.0,100.0,1.0,0.0,0.0,0.0,0.0,0.0
1319,200.55799865722656,-0.0,0.0,-0.0,200.55799865722656,0.0009341390104964375,3.2978928089141846,0.5758250951766968,-0.0,0.0,0.0,0.0,0.0,0.0,0.0,0.0,0.0,0.0,0.0,0.0,0.023000000044703484,0.023000000044703484,0.02,0.15,0.0,0.0,0.0,0.0,0.0,0.0,0.0,0.0,0.0,0.0,0.0,0.0,0.16267098486423492,0.06578627228736877,0.0005911164857934637,14.906842231750488,895,nan,-1.0,True,,False,0.010050058364868164,0.0,0.010050058364868164,100.0,100.0,1.0,0.0,0.0,0.0,0.0,0.0
1320,84.9110107421875,-0.0,0.0,-0.0,84.9110107421875,0.008573751896619797,3.3121628761291504,0.5758401155471802,-0.0,0.0,0.0,0.0,0.0,0.0,0.0,0.0,0.0,0.0,0.0,0.0,0.023000000044703484,0.023000000044703484,0.02,0.15,0.0,0.0,0.0,0.0,0.0,0.0,0.0,0.0,0.0,0.0,0.0,0.0,0.16262510418891907,0.06584513932466507,0.0005800898820780276,14.906842231750488,895,nan,-1.0,True,,False,0.010050058364868164,0.0,0.010050058364868164,100.0,100.0,1.0,0.0,0.0,0.0,0.0,0.0
1321,126.33208465576172,-0.0,0.0,-0.0,126.33208465576172,0.0034549999982118607,3.3263771533966064,0.5757648944854736,-0.0,0.0,0.0,0.0,0.0,0.0,0.0,0.0,0.0,0.0,0.0,0.0,0.023000000044703484,0.023000000044703484,0.02,0.15,0.0,0.0,0.0,0.0,0.0,0.0,0.0,0.0,0.0,0.0,0.0,0.0,0.16259002685546875,0.06589309871196747,0.0007765428472339408,14.906842231750488,895,nan,-1.0,True,,False,0.010050058364868164,0.0,0.010050058364868164,100.0,100.0,1.0,0.0,0.0,0.0,0.0,0.0
1322,347.49566650390625,-0.0,0.0,-0.0,347.49566650390625,0.00012592962593771517,3.3413853645324707,0.5761962532997131,-0.0,0.0,0.0,0.0,0.0,0.0,0.0,0.0,0.0,0.0,0.0,0.0,0.023000000044703484,0.023000000044703484,0.02,0.15,0.0,0.0,0.0,0.0,0.0,0.0,0.0,0.0,0.0,0.0,0.0,0.0,0.16255885362625122,0.06595593690872192,0.0007591657331431634,14.906842231750488,895,nan,-1.0,True,,False,0.010050058364868164,0.0,0.010050058364868164,100.0,100.0,1.0,0.0,0.0,0.0,0.0,0.0
1323,126.97770690917969,-0.0,0.0,-0.0,126.97770690917969,0.003421459347009659,3.355433464050293,0.5769004225730896,-0.0,0.0,0.0,0.0,0.0,0.0,0.0,0.0,0.0,0.0,0.0,0.0,0.023000000044703484,0.023000000044703484,0.02,0.15,0.0,0.0,0.0,0.0,0.0,0.0,0.0,0.0,0.0,0.0,0.0,0.0,0.16254976391792297,0.06599884480237961,0.0007498224606479198,14.906842231750488,895,nan,-1.0,True,,False,0.010050058364868164,0.0,0.010050058364868164,100.0,100.0,1.0,0.0,0.0,0.0,0.0,0.0
1324,96.7787857055664,-0.0,0.0,-0.0,96.7787857055664,0.006501154974102974,3.369199752807617,0.5776001214981079,-0.0,0.0,0.0,0.0,0.0,0.0,0.0,0.0,0.0,0.0,0.0,0.0,0.023000000044703484,0.023000000044703484,0.02,0.15,0.0,0.0,0.0,0.0,0.0,0.0,0.0,0.0,0.0,0.0,0.0,0.0,0.16254833340644836,0.06602729111909866,0.0008651916473354504,14.906842231750488,895,nan,-1.0,True,,False,0.010050058364868164,0.0,0.010050058364868164,100.0,100.0,1.0,0.0,0.0,0.0,0.0,0.0
1325,101.53738403320312,-0.0,0.0,-0.0,101.53738403320312,0.005834122654050589,3.382502794265747,0.5782106518745422,-0.0,0.0,0.0,0.0,0.0,0.0,0.0,0.0,0.0,0.0,0.0,0.0,0.023000000044703484,0.023000000044703484,0.02,0.15,0.0,0.0,0.0,0.0,0.0,0.0,0.0,0.0,0.0,0.0,0.0,0.0,0.16254745423793793,0.06606383621692657,0.0008684995607382007,14.906842231750488,895,nan,-1.0,True,,False,0.010050058364868164,0.0,0.010050058364868164,100.0,100.0,1.0,0.0,0.0,0.0,0.0,0.0
1326,87.5262222290039,-0.0,0.0,-0.0,87.5262222290039,0.008066676557064056,3.5007410049438477,0.5792102813720703,-0.0,0.0,0.0,0.0,0.0,0.0,0.0,0.0,0.0,0.0,0.0,0.0,0.023000000044703484,0.023000000044703484,0.02,0.15,0.0,0.0,0.0,0.0,0.0,0.0,0.0,0.0,0.0,0.0,0.0,0.0,0.1625484824180603,0.06611163914203644,0.0008752490593906259,14.906842231750488,895,nan,-1.0,True,,False,0.010050058364868164,0.0,0.010050058364868164,100.0,100.0,1.0,0.0,0.0,0.0,0.0,0.0
1327,71.31748962402344,-0.0,0.0,-0.0,71.31748962402344,0.012125310488045216,3.682831287384033,0.5792802572250366,-0.0,0.0,0.0,0.0,0.0,0.0,0.0,0.0,0.0,0.0,0.0,0.0,0.023000000044703484,0.023000000044703484,0.02,0.15,0.0,0.0,0.0,0.0,0.0,0.0,0.0,0.0,0.0,0.0,0.0,0.0,0.1625482738018036,0.06617201864719391,0.0008719704635495873,14.906842231750488,895,nan,-1.0,True,,False,0.010050058364868164,0.0,0.010050058364868164,100.0,100.0,1.0,0.0,0.0,0.0,0.0,0.0
1328,57.15921401977539,-0.0,0.0,-0.0,57.15921401977539,0.01800406351685524,3.7448744773864746,0.5789300203323364,-0.0,0.0,0.0,0.0,0.0,0.0,0.0,0.0,0.0,0.0,0.0,0.0,0.023000000044703484,0.023000000044703484,0.02,0.15,0.0,0.0,0.0,0.0,0.0,0.0,0.0,0.0,0.0,0.0,0.0,0.0,0.1625557243824005,0.06624268740415573,0.000857708408148028,14.906842231750488,895,nan,-1.0,True,,False,0.010050058364868164,0.0,0.010050058364868164,100.0,100.0,1.0,0.0,0.0,0.0,0.0,0.0
1329,46.075565338134766,-0.0,0.0,-0.0,46.075565338134766,0.025438468903303146,3.811229705810547,0.5786429643630981,-0.0,0.0,0.0,0.0,0.0,0.0,0.0,0.0,0.0,0.0,0.0,0.0,0.023000000044703484,0.023000000044703484,0.02,0.15,0.0,0.0,0.0,0.0,0.0,0.0,0.0,0.0,0.0,0.0,0.0,0.0,0.16257014870643616,0.06632676720619202,0.0008057545664996724,14.906842231750488,895,nan,-1.0,True,,False,0.010050058364868164,0.0,0.010050058364868164,100.0,100.0,1.0,0.0,0.0,0.0,0.0,0.0
1330,38.14496612548828,-0.0,0.0,-0.0,38.14496612548828,0.033467553555965424,3.8821792602539062,0.5784174799919128,-0.0,0.0,0.0,0.0,0.0,0.0,0.0,0.0,0.0,0.0,0.0,0.0,0.023000000044703484,0.023000000044703484,0.02,0.15,0.0,0.0,0.0,0.0,0.0,0.0,0.0,0.0,0.0,0.0,0.0,0.0,0.16257108747959137,0.06645156443119049,0.0006976825943638687,14.906842231750488,895,nan,-1.0,True,,False,0.010050058364868164,0.0,0.010050058364868164,100.0,100.0,1.0,0.0,0.0,0.0,0.0,0.0
1331,31.907512664794922,-0.0,0.0,-0.0,31.907512664794922,0.042401157319545746,3.893434524536133,0.5781079530715942,-0.0,0.0,0.0,0.0,0.0,0.0,0.0,0.0,0.0,0.0,0.0,0.0,0.023000000044703484,0.023000000044703484,0.02,0.15,0.0,0.0,0.0,0.0,0.0,0.0,0.0,0.0,0.0,0.0,0.0,0.0,0.16255956888198853,0.06662669032812119,0.0006806786796005326,14.906842231750488,895,nan,-1.0,True,,False,0.010050058364868164,0.0,0.010050058364868164,100.0,100.0,1.0,0.0,0.0,0.0,0.0,0.0
1332,35.21173858642578,-0.0,0.0,-0.0,35.21173858642578,0.03724411129951477,3.7950778007507324,0.5775234699249268,-0.0,0.0,0.0,0.0,0.0,0.0,0.0,0.0,0.0,0.0,0.0,0.0,0.023000000044703484,0.023000000044703484,0.02,0.15,0.0,0.0,0.0,0.0,0.0,0.0,0.0,0.0,0.0,0.0,0.0,0.0,0.1625329703092575,0.06688962876796722,0.0008503478954935417,14.906842231750488,895,nan,-1.0,True,,False,0.010050058364868164,0.0,0.010050058364868164,100.0,100.0,1.0,0.0,0.0,0.0,0.0,0.0
1333,52.402584075927734,-0.0,0.0,-0.0,52.402584075927734,0.020724056288599968,3.711801290512085,0.5771200060844421,-0.0,0.0,0.0,0.0,0.0,0.0,0.0,0.0,0.0,0.0,0.0,0.0,0.023000000044703484,0.023000000044703484,0.02,0.15,0.0,0.0,0.0,0.0,0.0,0.0,0.0,0.0,0.0,0.0,0.0,0.0,0.16250339150428772,0.06729163974523544,0.0008427960171957238,14.906842231750488,895,nan,-1.0,True,,False,0.010050058364868164,0.0,0.010050058364868164,100.0,100.0,1.0,0.0,0.0,0.0,0.0,0.0
1334,119.39968872070312,-0.0,0.0,-0.0,119.39968872070312,0.003971296828240156,3.643338918685913,0.5768752694129944,-0.0,0.0,0.0,0.0,0.0,0.0,0.0,0.0,0.0,0.0,0.0,0.0,0.023000000044703484,0.023000000044703484,0.02,0.15,0.0,0.0,0.0,0.0,0.0,0.0,0.0,0.0,0.0,0.0,0.0,0.0,0.16247089207172394,0.06789962947368622,0.0008702031527718646,14.906842231750488,895,nan,-1.0,True,,False,0.010050058364868164,0.0,0.010050058364868164,100.0,100.0,1.0,0.0,0.0,0.0,0.0,0.0
1335,65.5923080444336,-0.0,0.0,-0.0,65.5923080444336,0.014104260131716728,3.589221477508545,0.5767633318901062,-0.0,0.0,0.0,0.0,0.0,0.0,0.0,0.0,0.0,0.0,0.0,0.0,0.023000000044703484,0.023000000044703484,0.02,0.15,0.0,0.0,0.0,0.0,0.0,0.0,0.0,0.0,0.0,0.0,0.0,0.0,0.16244812309741974,0.06907281279563904,0.0008882783845365338,14.906842231750488,895,nan,-1.0,True,,False,0.010050058364868164,0.0,0.010050058364868164,100.0,100.0,1.0,0.0,0.0,0.0,0.0,0.0
1336,117.59207916259766,-0.0,0.0,-0.0,117.59207916259766,0.004126227460801601,3.551894187927246,0.5767480134963989,-0.0,0.0,0.0,0.0,0.0,0.0,0.0,0.0,0.0,0.0,0.0,0.0,0.023000000044703484,0.023000000044703484,0.02,0.15,0.0,0.0,0.0,0.0,0.0,0.0,0.0,0.0,0.0,0.0,0.0,0.0,0.16241709887981415,0.07067607343196869,0.001247102833531244,14.906842231750488,895,nan,-1.0,True,,False,0.010050058364868164,0.0,0.010050058364868164,100.0,100.0,1.0,0.0,0.0,0.0,0.0,0.0
1337,55.591243743896484,-0.0,0.0,-0.0,55.591243743896484,0.018817147240042686,3.529392957687378,0.5768017768859863,-0.0,0.0,0.0,0.0,0.0,0.0,0.0,0.0,0.0,0.0,0.0,0.0,0.023000000044703484,0.023000000044703484,0.02,0.15,0.0,0.0,0.0,0.0,0.0,0.0,0.0,0.0,0.0,0.0,0.0,0.0,0.16238008439540863,0.0720016211271286,0.001111728937303269,14.906842231750488,895,nan,-1.0,True,,False,0.010050058364868164,0.0,0.010050058364868164,100.0,100.0,1.0,0.0,0.0,0.0,0.0,0.0
1338,51.511043548583984,-0.0,0.0,-0.0,51.511043548583984,0.02133454941213131,3.526123523712158,0.5768968462944031,-0.0,0.0,0.0,0.0,0.0,0.0,0.0,0.0,0.0,0.0,0.0,0.0,0.023000000044703484,0.023000000044703484,0.02,0.15,0.0,0.0,0.0,0.0,0.0,0.0,0.0,0.0,0.0,0.0,0.0,0.0,0.16232545673847198,0.07179727405309677,0.0013314890406945779,14.906842231750488,895,nan,-1.0,True,,False,0.010050058364868164,0.0,0.010050058364868164,100.0,100.0,1.0,0.0,0.0,0.0,0.0,0.0
1339,135.6723175048828,-0.0,0.0,-0.0,135.6723175048828,0.0028778589330613613,3.542147159576416,0.5769171118736267,-0.0,0.0,0.0,0.0,0.0,0.0,0.0,0.0,0.0,0.0,0.0,0.0,0.023000000044703484,0.023000000044703484,0.02,0.15,0.0,0.0,0.0,0.0,0.0,0.0,0.0,0.0,0.0,0.0,0.0,0.0,0.16225412487983704,0.07163520157337189,0.0008794175219009048,14.906842231750488,895,nan,-1.0,True,,False,0.010050058364868164,0.0,0.010050058364868164,100.0,100.0,1.0,0.0,0.0,0.0,0.0,0.0
1340,60.84136962890625,-0.0,0.0,-0.0,60.84136962890625,0.016121406108140945,3.5758614540100098,0.5769142508506775,-0.0,0.0,0.0,0.0,0.0,0.0,0.0,0.0,0.0,0.0,0.0,0.0,0.023000000044703484,0.023000000044703484,0.02,0.15,0.0,0.0,0.0,0.0,0.0,0.0,0.0,0.0,0.0,0.0,0.0,0.0,0.16215842962265015,0.07155486196279526,0.000749619709495164,14.906842231750488,895,nan,-1.0,True,,False,0.010050058364868164,0.0,0.010050058364868164,100.0,100.0,1.0,0.0,0.0,0.0,0.0,0.0
1341,85.9365234375,-0.0,0.0,-0.0,85.9365234375,0.008337181992828846,3.5885908603668213,0.5768819451332092,-0.0,0.0,0.0,0.0,0.0,0.0,0.0,0.0,0.0,0.0,0.0,0.0,0.023000000044703484,0.023000000044703484,0.02,0.15,0.0,0.0,0.0,0.0,0.0,0.0,0.0,0.0,0.0,0.0,0.0,0.0,0.16206559538841248,0.07148485630750656,0.0007553943660241202,14.906842231750488,895,nan,-1.0,True,,False,0.010050058364868164,0.0,0.010050058364868164,100.0,100.0,1.0,0.0,0.0,0.0,0.0,0.0
1342,170.13375854492188,-0.0,0.0,-0.0,170.13375854492188,0.0015394095098599792,3.595071315765381,0.5768932104110718,-0.0,0.0,0.0,0.0,0.0,0.0,0.0,0.0,0.0,0.0,0.0,0.0,0.023000000044703484,0.023000000044703484,0.02,0.15,0.0,0.0,0.0,0.0,0.0,0.0,0.0,0.0,0.0,0.0,0.0,0.0,0.1619757115840912,0.07141144573688507,0.0007444899947586237,14.906842231750488,895,nan,-1.0,True,,False,0.010050058364868164,0.0,0.010050058364868164,100.0,100.0,1.0,0.0,0.0,0.0,0.0,0.0
1343,120.77206420898438,-0.0,0.0,-0.0,120.77206420898438,0.003859946969896555,3.589557409286499,0.5769270062446594,-0.0,0.0,0.0,0.0,0.0,0.0,0.0,0.0,0.0,0.0,0.0,0.0,0.023000000044703484,0.023000000044703484,0.02,0.15,0.0,0.0,0.0,0.0,0.0,0.0,0.0,0.0,0.0,0.0,0.0,0.0,0.16190142929553986,0.07129533588886261,0.0007278962052623683,14.906842231750488,895,nan,-1.0,True,,False,0.010050058364868164,0.0,0.010050058364868164,100.0,100.0,1.0,0.0,0.0,0.0,0.0,0.0
1344,79.37936401367188,-0.0,0.0,-0.0,79.37936401367188,0.009799350053071976,3.563617706298828,0.5769411325454712,-0.0,0.0,0.0,0.0,0.0,0.0,0.0,0.0,0.0,0.0,0.0,0.0,0.023000000044703484,0.023000000044703484,0.02,0.15,0.0,0.0,0.0,0.0,0.0,0.0,0.0,0.0,0.0,0.0,0.0,0.0,0.1618611067533493,0.07117107510566711,0.0007296619232874946,14.906842231750488,895,nan,-1.0,True,,False,0.010050058364868164,0.0,0.010050058364868164,100.0,100.0,1.0,0.0,0.0,0.0,0.0,0.0
1345,59.3563117980957,-0.0,0.0,-0.0,59.3563117980957,0.016830135136842728,3.538140058517456,0.5770427584648132,-0.0,0.0,0.0,0.0,0.0,0.0,0.0,0.0,0.0,0.0,0.0,0.0,0.023000000044703484,0.023000000044703484,0.02,0.15,0.0,0.0,0.0,0.0,0.0,0.0,0.0,0.0,0.0,0.0,0.0,0.0,0.16186127066612244,0.07110236585140228,0.0007570965412924124,14.906842231750488,895,nan,-1.0,True,,False,0.010050058364868164,0.0,0.010050058364868164,100.0,100.0,1.0,0.0,0.0,0.0,0.0,0.0
1346,48.298927307128906,-0.0,0.0,-0.0,48.298927307128906,0.023642048239707947,3.5137059688568115,0.5772165656089783,-0.0,0.0,0.0,0.0,0.0,0.0,0.0,0.0,0.0,0.0,0.0,0.0,0.023000000044703484,0.023000000044703484,0.02,0.15,0.0,0.0,0.0,0.0,0.0,0.0,0.0,0.0,0.0,0.0,0.0,0.0,0.16185639798641205,0.0712016373872757,0.0007669633491786954,14.906842231750488,895,nan,-1.0,True,,False,0.010050058364868164,0.0,0.010050058364868164,100.0,100.0,1.0,0.0,0.0,0.0,0.0,0.0
1347,74.00017547607422,-0.0,0.0,-0.0,74.00017547607422,0.011283907108008862,3.491075277328491,0.5774553418159485,-0.0,0.0,0.0,0.0,0.0,0.0,0.0,0.0,0.0,0.0,0.0,0.0,0.023000000044703484,0.023000000044703484,0.02,0.15,0.0,0.0,0.0,0.0,0.0,0.0,0.0,0.0,0.0,0.0,0.0,0.0,0.1618395894765854,0.07110907137393951,0.0007507522791456722,14.906842231750488,895,nan,-1.0,True,,False,0.010050058364868164,0.0,0.010050058364868164,100.0,100.0,1.0,0.0,0.0,0.0,0.0,0.0
1348,139.3973846435547,-0.0,0.0,-0.0,139.3973846435547,0.0026935713831335306,3.470524311065674,0.577709436416626,-0.0,0.0,0.0,0.0,0.0,0.0,0.0,0.0,0.0,0.0,0.0,0.0,0.023000000044703484,0.023000000044703484,0.02,0.15,0.0,0.0,0.0,0.0,0.0,0.0,0.0,0.0,0.0,0.0,0.0,0.0,0.16181965172290802,0.07108895480632782,0.0007467564396392845,14.906842231750488,895,nan,-1.0,True,,False,0.010050058364868164,0.0,0.010050058364868164,100.0,100.0,1.0,0.0,0.0,0.0,0.0,0.0
1349,95.97046661376953,-0.0,0.0,-0.0,95.97046661376953,0.006622484885156155,3.4508910179138184,0.5777411460876465,-0.0,0.0,0.0,0.0,0.0,0.0,0.0,0.0,0.0,0.0,0.0,0.0,0.023000000044703484,0.023000000044703484,0.02,0.15,0.0,0.0,0.0,0.0,0.0,0.0,0.0,0.0,0.0,0.0,0.0,0.0,0.16180419921875,0.07111912965774536,0.0008294244551052543,14.906842231750488,895,nan,-1.0,True,,False,0.010050058364868164,0.0,0.010050058364868164,100.0,100.0,1.0,0.0,0.0,0.0,0.0,0.0
1350,135.3130340576172,-0.0,0.0,-0.0,135.3130340576172,0.002906705718487501,3.432661533355713,0.5776520371437073,-0.0,0.0,0.0,0.0,0.0,0.0,0.0,0.0,0.0,0.0,0.0,0.0,0.023000000044703484,0.023000000044703484,0.02,0.15,0.0,0.0,0.0,0.0,0.0,0.0,0.0,0.0,0.0,0.0,0.0,0.0,0.16180528700351715,0.07117484509944916,0.0013177024029573658,14.906842231750488,895,nan,-1.0,True,,False,0.010050058364868164,0.0,0.010050058364868164,100.0,100.0,1.0,0.0,0.0,0.0,0.0,0.0
1351,86.81463623046875,-0.0,0.0,-0.0,86.81463623046875,0.008185015991330147,3.416454792022705,0.5774767994880676,-0.0,0.0,0.0,0.0,0.0,0.0,0.0,0.0,0.0,0.0,0.0,0.0,0.023000000044703484,0.023000000044703484,0.02,0.15,0.0,0.0,0.0,0.0,0.0,0.0,0.0,0.0,0.0,0.0,0.0,0.0,0.16180019080638885,0.0713408812880516,0.0014191515074344352,14.906842231750488,895,nan,-1.0,True,,False,0.010050058364868164,0.0,0.010050058364868164,100.0,100.0,1.0,0.0,0.0,0.0,0.0,0.0
1352,80.6474380493164,-0.0,0.0,-0.0,80.6474380493164,0.009510533884167671,3.403599262237549,0.5773266553878784,-0.0,0.0,0.0,0.0,0.0,0.0,0.0,0.0,0.0,0.0,0.0,0.0,0.023000000044703484,0.023000000044703484,0.02,0.15,0.0,0.0,0.0,0.0,0.0,0.0,0.0,0.0,0.0,0.0,0.0,0.0,0.161786288022995,0.07170755416154861,0.00147040691535949,14.906842231750488,895,nan,-1.0,True,,False,0.010050058364868164,0.0,0.010050058364868164,100.0,100.0,1.0,0.0,0.0,0.0,0.0,0.0
1353,85.76692962646484,-0.0,0.0,-0.0,85.76692962646484,0.008383705280721188,3.391496181488037,0.5772072076797485,-0.0,0.0,0.0,0.0,0.0,0.0,0.0,0.0,0.0,0.0,0.0,0.0,0.023000000044703484,0.023000000044703484,0.02,0.15,0.0,0.0,0.0,0.0,0.0,0.0,0.0,0.0,0.0,0.0,0.0,0.0,0.16177994012832642,0.07208311557769775,0.0007048148545436561,14.906842231750488,895,nan,-1.0,True,,False,0.010050058364868164,0.0,0.010050058364868164,100.0,100.0,1.0,0.0,0.0,0.0,0.0,0.0
1354,41.756229400634766,-0.0,0.0,-0.0,41.756229400634766,0.029383987188339233,3.3826193809509277,0.5770716667175293,-0.0,0.0,0.0,0.0,0.0,0.0,0.0,0.0,0.0,0.0,0.0,0.0,0.023000000044703484,0.023000000044703484,0.02,0.15,0.0,0.0,0.0,0.0,0.0,0.0,0.0,0.0,0.0,0.0,0.0,0.0,0.16177985072135925,0.072496198117733,0.0013980283624732692,14.906842231750488,895,nan,-1.0,True,,False,0.010050058364868164,0.0,0.010050058364868164,100.0,100.0,1.0,0.0,0.0,0.0,0.0,0.0
1355,49.037418365478516,-0.0,0.0,-0.0,49.037418365478516,0.02303166687488556,3.376943588256836,0.5769715309143066,-0.0,0.0,0.0,0.0,0.0,0.0,0.0,0.0,0.0,0.0,0.0,0.0,0.023000000044703484,0.023000000044703484,0.02,0.15,0.0,0.0,0.0,0.0,0.0,0.0,0.0,0.0,0.0,0.0,0.0,0.0,0.16177943348884583,0.07302253693342209,0.0014064126232824492,14.906842231750488,895,nan,-1.0,True,,False,0.010050058364868164,0.0,0.010050058364868164,100.0,100.0,1.0,0.0,0.0,0.0,0.0,0.0
1356,58.24047088623047,-0.0,0.0,-0.0,58.24047088623047,0.01736747846007347,3.3747503757476807,0.5769450068473816,-0.0,0.0,0.0,0.0,0.0,0.0,0.0,0.0,0.0,0.0,0.0,0.0,0.023000000044703484,0.023000000044703484,0.02,0.15,0.0,0.0,0.0,0.0,0.0,0.0,0.0,0.0,0.0,0.0,0.0,0.0,0.1617870330810547,0.07361720502376556,0.0014222856166270503,14.906842231750488,895,nan,-1.0,True,,False,0.010050058364868164,0.0,0.010050058364868164,100.0,100.0,1.0,0.0,0.0,0.0,0.0,0.0
1357,69.62151336669922,-0.0,0.0,-0.0,69.62151336669922,0.0126216821372509,3.3761463165283203,0.5770002007484436,-0.0,0.0,0.0,0.0,0.0,0.0,0.0,0.0,0.0,0.0,0.0,0.0,0.023000000044703484,0.023000000044703484,0.02,0.15,0.0,0.0,0.0,0.0,0.0,0.0,0.0,0.0,0.0,0.0,0.0,0.0,0.161789208650589,0.07429179549217224,0.0014264537894632667,14.906842231750488,895,nan,-1.0,True,,False,0.010050058364868164,0.0,0.010050058364868164,100.0,100.0,1.0,0.0,0.0,0.0,0.0,0.0
1358,85.1611557006836,-0.0,0.0,-0.0,85.1611557006836,0.008496997877955437,3.3813185691833496,0.5771446824073792,-0.0,0.0,0.0,0.0,0.0,0.0,0.0,0.0,0.0,0.0,0.0,0.0,0.023000000044703484,0.023000000044703484,0.02,0.15,0.0,0.0,0.0,0.0,0.0,0.0,0.0,0.0,0.0,0.0,0.0,0.0,0.16179603338241577,0.0750342309474945,0.0014463814000009734,14.906842231750488,895,nan,-1.0,True,,False,0.010050058364868164,0.0,0.010050058364868164,100.0,100.0,1.0,0.0,0.0,0.0,0.0,0.0
1359,106.16563415527344,-0.0,0.0,-0.0,106.16563415527344,0.005255149211734533,3.3906021118164062,0.5773800015449524,-0.0,0.0,0.0,0.0,0.0,0.0,0.0,0.0,0.0,0.0,0.0,0.0,0.023000000044703484,0.023000000044703484,0.02,0.15,0.0,0.0,0.0,0.0,0.0,0.0,0.0,0.0,0.0,0.0,0.0,0.0,0.161813884973526,0.07587511837482452,0.0014680080425932829,14.906842231750488,895,nan,-1.0,True,,False,0.010050058364868164,0.0,0.010050058364868164,100.0,100.0,1.0,0.0,0.0,0.0,0.0,0.0
1360,121.20533752441406,-0.0,0.0,-0.0,121.20533752441406,0.003833819180727005,3.386000394821167,0.5776124596595764,-0.0,0.0,0.0,0.0,0.0,0.0,0.0,0.0,0.0,0.0,0.0,0.0,0.023000000044703484,0.023000000044703484,0.02,0.15,0.0,0.0,0.0,0.0,0.0,0.0,0.0,0.0,0.0,0.0,0.0,0.0,0.1618320494890213,0.07678251713514328,0.0014926902931620134,14.906842231750488,895,nan,-1.0,True,,False,0.010050058364868164,0.0,0.010050058364868164,100.0,100.0,1.0,0.0,0.0,0.0,0.0,0.0
1361,134.82589721679688,-0.0,0.0,-0.0,134.82589721679688,0.0029312705155462027,3.3748066425323486,0.5778719186782837,-0.0,0.0,0.0,0.0,0.0,0.0,0.0,0.0,0.0,0.0,0.0,0.0,0.023000000044703484,0.023000000044703484,0.02,0.15,0.0,0.0,0.0,0.0,0.0,0.0,0.0,0.0,0.0,0.0,0.0,0.0,0.16183577477931976,0.07782918214797974,0.001505302527675667,14.906842231750488,895,nan,-1.0,True,,False,0.010050058364868164,0.0,0.010050058364868164,100.0,100.0,1.0,0.0,0.0,0.0,0.0,0.0
1362,174.48245239257812,-0.0,0.0,-0.0,174.48245239257812,0.0014336667954921722,3.366917848587036,0.5781556963920593,-0.0,0.0,0.0,0.0,0.0,0.0,0.0,0.0,0.0,0.0,0.0,0.0,0.023000000044703484,0.023000000044703484,0.02,0.15,0.0,0.0,0.0,0.0,0.0,0.0,0.0,0.0,0.0,0.0,0.0,0.0,0.16182900965213776,0.07877764105796814,0.001479552344108015,14.906842231750488,895,nan,-1.0,True,,False,0.010050058364868164,0.0,0.010050058364868164,100.0,100.0,1.0,0.0,0.0,0.0,0.0,0.0
1363,96.62995910644531,-0.0,0.0,-0.0,96.62995910644531,0.006516365334391594,3.36214542388916,0.5785448551177979,-0.0,0.0,0.0,0.0,0.0,0.0,0.0,0.0,0.0,0.0,0.0,0.0,0.023000000044703484,0.023000000044703484,0.02,0.15,0.0,0.0,0.0,0.0,0.0,0.0,0.0,0.0,0.0,0.0,0.0,0.0,0.16181334853172302,0.07835430651903152,0.0016272667119210382,14.906842231750488,895,nan,-1.0,True,,False,0.010050058364868164,0.0,0.010050058364868164,100.0,100.0,1.0,0.0,0.0,0.0,0.0,0.0
1364,64.29147338867188,-0.0,0.0,-0.0,64.29147338867188,0.014681365340948105,3.360980987548828,0.5788488388061523,-0.0,0.0,0.0,0.0,0.0,0.0,0.0,0.0,0.0,0.0,0.0,0.0,0.023000000044703484,0.023000000044703484,0.02,0.15,0.0,0.0,0.0,0.0,0.0,0.0,0.0,0.0,0.0,0.0,0.0,0.0,0.16178223490715027,0.07787741720676422,0.001711475022148079,14.906842231750488,895,nan,-1.0,True,,False,0.010050058364868164,0.0,0.010050058364868164,100.0,100.0,1.0,0.0,0.0,0.0,0.0,0.0
1365,68.73915100097656,-0.0,0.0,-0.0,68.73915100097656,0.013008909299969673,3.3644440174102783,0.5792368054389954,-0.0,0.0,0.0,0.0,0.0,0.0,0.0,0.0,0.0,0.0,0.0,0.0,0.023000000044703484,0.023000000044703484,0.02,0.15,0.0,0.0,0.0,0.0,0.0,0.0,0.0,0.0,0.0,0.0,0.0,0.0,0.16174708306789398,0.07739604264497757,0.0011604351111600408,14.906842231750488,895,nan,-1.0,True,,False,0.010050058364868164,0.0,0.010050058364868164,100.0,100.0,1.0,0.0,0.0,0.0,0.0,0.0
1366,139.90084838867188,-0.0,0.0,-0.0,139.90084838867188,0.002676369622349739,3.38199520111084,0.5797438621520996,-0.0,0.0,0.0,0.0,0.0,0.0,0.0,0.0,0.0,0.0,0.0,0.0,0.023000000044703484,0.023000000044703484,0.02,0.15,0.0,0.0,0.0,0.0,0.0,0.0,0.0,0.0,0.0,0.0,0.0,0.0,0.16172899305820465,0.07693180441856384,0.00103415913599747,14.906842231750488,895,nan,-1.0,True,,False,0.010050058364868164,0.0,0.010050058364868164,100.0,100.0,1.0,0.0,0.0,0.0,0.0,0.0
1367,117.06303405761719,-0.0,0.0,-0.0,117.06303405761719,0.004199657589197159,3.3998777866363525,0.5801668763160706,-0.0,0.0,0.0,0.0,0.0,0.0,0.0,0.0,0.0,0.0,0.0,0.0,0.023000000044703484,0.023000000044703484,0.02,0.15,0.0,0.0,0.0,0.0,0.0,0.0,0.0,0.0,0.0,0.0,0.0,0.0,0.16173140704631805,0.07648657262325287,0.001211520077276873,14.906842231750488,895,nan,-1.0,True,,False,0.010050058364868164,0.0,0.010050058364868164,100.0,100.0,1.0,0.0,0.0,0.0,0.0,0.0
1368,330.00750732421875,-0.0,0.0,-0.0,330.00750732421875,0.00015683460514992476,3.416909694671631,0.5805068016052246,-0.0,0.0,0.0,0.0,0.0,0.0,0.0,0.0,0.0,0.0,0.0,0.0,0.023000000044703484,0.023000000044703484,0.02,0.15,0.0,0.0,0.0,0.0,0.0,0.0,0.0,0.0,0.0,0.0,0.0,0.0,0.1617327332496643,0.07609280198812485,0.0012400080586303375,14.906842231750488,895,nan,-1.0,True,,False,0.010050058364868164,0.0,0.010050058364868164,100.0,100.0,1.0,0.0,0.0,0.0,0.0,0.0
1369,145.43577575683594,-0.0,0.0,-0.0,145.43577575683594,0.0024131895042955875,3.4333486557006836,0.5808085203170776,-0.0,0.0,0.0,0.0,0.0,0.0,0.0,0.0,0.0,0.0,0.0,0.0,0.023000000044703484,0.023000000044703484,0.02,0.15,0.0,0.0,0.0,0.0,0.0,0.0,0.0,0.0,0.0,0.0,0.0,0.0,0.1617431342601776,0.07576388120651245,0.0012732587142636476,14.906842231750488,895,nan,-1.0,True,,False,0.010050058364868164,0.0,0.010050058364868164,100.0,100.0,1.0,0.0,0.0,0.0,0.0,0.0
1370,104.5457992553711,-0.0,0.0,-0.0,104.5457992553711,0.005490235053002834,3.4141664505004883,0.5809853076934814,-0.0,0.0,0.0,0.0,0.0,0.0,0.0,0.0,0.0,0.0,0.0,0.0,0.023000000044703484,0.023000000044703484,0.02,0.15,0.0,0.0,0.0,0.0,0.0,0.0,0.0,0.0,0.0,0.0,0.0,0.0,0.1617826223373413,0.07543115317821503,0.001299876184475579,14.906842231750488,895,nan,-1.0,True,,False,0.010050058364868164,0.0,0.010050058364868164,100.0,100.0,1.0,0.0,0.0,0.0,0.0,0.0
1371,99.53721618652344,-0.0,0.0,-0.0,99.53721618652344,0.006135694682598114,3.37355637550354,0.5810920000076294,-0.0,0.0,0.0,0.0,0.0,0.0,0.0,0.0,0.0,0.0,0.0,0.0,0.023000000044703484,0.023000000044703484,0.02,0.15,0.0,0.0,0.0,0.0,0.0,0.0,0.0,0.0,0.0,0.0,0.0,0.0,0.16183242201805115,0.07509298622608185,0.001138928600539657,14.906842231750488,895,nan,-1.0,True,,False,0.010050058364868164,0.0,0.010050058364868164,100.0,100.0,1.0,0.0,0.0,0.0,0.0,0.0
1372,70.4786605834961,-0.0,0.0,-0.0,70.4786605834961,0.012460075318813324,3.333817958831787,0.5811548233032227,-0.0,0.0,0.0,0.0,0.0,0.0,0.0,0.0,0.0,0.0,0.0,0.0,0.023000000044703484,0.023000000044703484,0.02,0.15,0.0,0.0,0.0,0.0,0.0,0.0,0.0,0.0,0.0,0.0,0.0,0.0,0.16187725961208344,0.07476206123828888,0.0013349381770240143,14.906842231750488,895,nan,-1.0,True,,False,0.010050058364868164,0.0,0.010050058364868164,100.0,100.0,1.0,0.0,0.0,0.0,0.0,0.0
1373,66.56813049316406,-0.0,0.0,-0.0,66.56813049316406,0.013861587271094322,3.3027751445770264,0.5812786817550659,-0.0,0.0,0.0,0.0,0.0,0.0,0.0,0.0,0.0,0.0,0.0,0.0,0.023000000044703484,0.023000000044703484,0.02,0.15,0.0,0.0,0.0,0.0,0.0,0.0,0.0,0.0,0.0,0.0,0.0,0.0,0.16192123293876648,0.0744144469499588,0.0017718187314130773,14.906842231750488,895,nan,-1.0,True,,False,0.010050058364868164,0.0,0.010050058364868164,100.0,100.0,1.0,0.0,0.0,0.0,0.0,0.0
1374,163.1602325439453,-0.0,0.0,-0.0,163.1602325439453,0.0017566680908203125,3.277644157409668,0.5814550518989563,-0.0,0.0,0.0,0.0,0.0,0.0,0.0,0.0,0.0,0.0,0.0,0.0,0.023000000044703484,0.023000000044703484,0.02,0.15,0.0,0.0,0.0,0.0,0.0,0.0,0.0,0.0,0.0,0.0,0.0,0.0,0.1619785875082016,0.07407163828611374,0.0017917992527145543,14.906842231750488,895,nan,-1.0,True,,False,0.010050058364868164,0.0,0.010050058364868164,100.0,100.0,1.0,0.0,0.0,0.0,0.0,0.0
1375,89.77132415771484,-0.0,0.0,-0.0,89.77132415771484,0.007699404843151569,3.2540416717529297,0.5814594626426697,-0.0,0.0,0.0,0.0,0.0,0.0,0.0,0.0,0.0,0.0,0.0,0.0,0.023000000044703484,0.023000000044703484,0.02,0.15,0.0,0.0,0.0,0.0,0.0,0.0,0.0,0.0,0.0,0.0,0.0,0.0,0.16204333305358887,0.07373612374067307,0.0012802330656995764,14.906842231750488,895,nan,-1.0,True,,False,0.010050058364868164,0.0,0.010050058364868164,100.0,100.0,1.0,0.0,0.0,0.0,0.0,0.0
1376,101.49767303466797,-0.0,0.0,-0.0,101.49767303466797,0.005883105099201202,3.2317583560943604,0.5813782215118408,-0.0,0.0,0.0,0.0,0.0,0.0,0.0,0.0,0.0,0.0,0.0,0.0,0.023000000044703484,0.023000000044703484,0.02,0.15,0.0,0.0,0.0,0.0,0.0,0.0,0.0,0.0,0.0,0.0,0.0,0.0,0.1620975285768509,0.07343399524688721,0.0011702817337209126,14.906842231750488,895,nan,-1.0,True,,False,0.010050058364868164,0.0,0.010050058364868164,100.0,100.0,1.0,0.0,0.0,0.0,0.0,0.0
1377,80.76726531982422,-0.0,0.0,-0.0,80.76726531982422,0.009566497057676315,3.211945056915283,0.5812020897865295,-0.0,0.0,0.0,0.0,0.0,0.0,0.0,0.0,0.0,0.0,0.0,0.0,0.023000000044703484,0.023000000044703484,0.02,0.15,0.0,0.0,0.0,0.0,0.0,0.0,0.0,0.0,0.0,0.0,0.0,0.0,0.1621592938899994,0.0731208324432373,0.0012102772479920532,14.906842231750488,895,nan,-1.0,True,,False,0.010050058364868164,0.0,0.010050058364868164,100.0,100.0,1.0,0.0,0.0,0.0,0.0,0.0
1378,93.53954315185547,-0.0,0.0,-0.0,93.53954315185547,0.007030941080302,3.1946237087249756,0.5809568166732788,-0.0,0.0,0.0,0.0,0.0,0.0,0.0,0.0,0.0,0.0,0.0,0.0,0.023000000044703484,0.023000000044703484,0.02,0.15,0.0,0.0,0.0,0.0,0.0,0.0,0.0,0.0,0.0,0.0,0.0,0.0,0.1622280478477478,0.07280059158802032,0.0012185530379156262,14.906842231750488,895,nan,-1.0,True,,False,0.010050058364868164,0.0,0.010050058364868164,100.0,100.0,1.0,0.0,0.0,0.0,0.0,0.0
1379,143.55931091308594,-0.0,0.0,-0.0,143.55931091308594,0.0024969514925032854,3.179351568222046,0.5807051658630371,-0.0,0.0,0.0,0.0,0.0,0.0,0.0,0.0,0.0,0.0,0.0,0.0,0.023000000044703484,0.023000000044703484,0.02,0.15,0.0,0.0,0.0,0.0,0.0,0.0,0.0,0.0,0.0,0.0,0.0,0.0,0.16230380535125732,0.07247070968151093,0.0019553325969354773,14.906842231750488,895,nan,-1.0,True,,False,0.010050058364868164,0.0,0.010050058364868164,100.0,100.0,1.0,0.0,0.0,0.0,0.0,0.0
1380,105.46881103515625,-0.0,0.0,-0.0,105.46881103515625,0.0053675491362810135,3.166396379470825,0.5804515480995178,-0.0,0.0,0.0,0.0,0.0,0.0,0.0,0.0,0.0,0.0,0.0,0.0,0.023000000044703484,0.023000000044703484,0.02,0.15,0.0,0.0,0.0,0.0,0.0,0.0,0.0,0.0,0.0,0.0,0.0,0.0,0.16239923238754272,0.07212361693382263,0.0012816534563171444,14.906842231750488,895,nan,-1.0,True,,False,0.010050058364868164,0.0,0.010050058364868164,100.0,100.0,1.0,0.0,0.0,0.0,0.0,0.0
1381,110.28785705566406,-0.0,0.0,-0.0,110.28785705566406,0.004834339953958988,3.1543009281158447,0.5802197456359863,-0.0,0.0,0.0,0.0,0.0,0.0,0.0,0.0,0.0,0.0,0.0,0.0,0.023000000044703484,0.023000000044703484,0.02,0.15,0.0,0.0,0.0,0.0,0.0,0.0,0.0,0.0,0.0,0.0,0.0,0.0,0.1625041663646698,0.07177651673555374,0.00133293435737869,14.906842231750488,895,nan,-1.0,True,,False,0.010050058364868164,0.0,0.010050058364868164,100.0,100.0,1.0,0.0,0.0,0.0,0.0,0.0
1382,104.00570678710938,-0.0,0.0,-0.0,104.00570678710938,0.005535543896257877,3.1418375968933105,0.5800089836120605,-0.0,0.0,0.0,0.0,0.0,0.0,0.0,0.0,0.0,0.0,0.0,0.0,0.023000000044703484,0.023000000044703484,0.02,0.15,0.0,0.0,0.0,0.0,0.0,0.0,0.0,0.0,0.0,0.0,0.0,0.0,0.16260869801044464,0.07142521440982819,0.0013874573764951492,14.906842231750488,895,nan,-1.0,True,,False,0.010050058364868164,0.0,0.010050058364868164,100.0,100.0,1.0,0.0,0.0,0.0,0.0,0.0
1383,107.12154388427734,-0.0,0.0,-0.0,107.12154388427734,0.005171732045710087,3.127232074737549,0.5798467397689819,-0.0,0.0,0.0,0.0,0.0,0.0,0.0,0.0,0.0,0.0,0.0,0.0,0.023000000044703484,0.023000000044703484,0.02,0.15,0.0,0.0,0.0,0.0,0.0,0.0,0.0,0.0,0.0,0.0,0.0,0.0,0.16270291805267334,0.07107721269130707,0.0013620140325656394,14.906842231750488,895,nan,-1.0,True,,False,0.010050058364868164,0.0,0.010050058364868164,100.0,100.0,1.0,0.0,0.0,0.0,0.0,0.0
1384,356.082275390625,-0.0,0.0,-0.0,356.082275390625,0.00011431582242948934,3.1094021797180176,0.5797123908996582,-0.0,0.0,0.0,0.0,0.0,0.0,0.0,0.0,0.0,0.0,0.0,0.0,0.023000000044703484,0.023000000044703484,0.02,0.15,0.0,0.0,0.0,0.0,0.0,0.0,0.0,0.0,0.0,0.0,0.0,0.0,0.1628130078315735,0.07073761522769928,0.0005860930950802867,14.906842231750488,895,nan,-1.0,True,,False,0.010050058364868164,0.0,0.010050058364868164,100.0,100.0,1.0,0.0,0.0,0.0,0.0,0.0
1385,147.66928100585938,-0.0,0.0,-0.0,147.66928100585938,0.002308311639353633,3.089416980743408,0.5795462727546692,-0.0,0.0,0.0,0.0,0.0,0.0,0.0,0.0,0.0,0.0,0.0,0.0,0.023000000044703484,0.023000000044703484,0.02,0.15,0.0,0.0,0.0,0.0,0.0,0.0,0.0,0.0,0.0,0.0,0.0,0.0,0.16292396187782288,0.07040653377771378,0.001222642559241649,14.906842231750488,895,nan,-1.0,True,,False,0.010050058364868164,0.0,0.010050058364868164,100.0,100.0,1.0,0.0,0.0,0.0,0.0,0.0
1386,182.156494140625,-0.0,0.0,-0.0,182.156494140625,0.0012655177852138877,3.066188335418701,0.5794036984443665,-0.0,0.0,0.0,0.0,0.0,0.0,0.0,0.0,0.0,0.0,0.0,0.0,0.023000000044703484,0.023000000044703484,0.02,0.15,0.0,0.0,0.0,0.0,0.0,0.0,0.0,0.0,0.0,0.0,0.0,0.0,0.16303449869155884,0.07011810690164566,0.0011952913182540215,14.906842231750488,895,nan,-1.0,True,,False,0.010050058364868164,0.0,0.010050058364868164,100.0,100.0,1.0,0.0,0.0,0.0,0.0,0.0
1387,234.9250030517578,-0.0,0.0,-0.0,234.9250030517578,0.000557631894480437,3.0401575565338135,0.5792565941810608,-0.0,0.0,0.0,0.0,0.0,0.0,0.0,0.0,0.0,0.0,0.0,0.0,0.023000000044703484,0.023000000044703484,0.02,0.15,0.0,0.0,0.0,0.0,0.0,0.0,0.0,0.0,0.0,0.0,0.0,0.0,0.1631784439086914,0.06988821178674698,0.0012226013695908478,14.906842231750488,895,nan,-1.0,True,,False,0.010050058364868164,0.0,0.010050058364868164,100.0,100.0,1.0,0.0,0.0,0.0,0.0,0.0
1388,199.22250366210938,-0.0,0.0,-0.0,199.22250366210938,0.0009590678964741528,3.012460708618164,0.5791094303131104,-0.0,0.0,0.0,0.0,0.0,0.0,0.0,0.0,0.0,0.0,0.0,0.0,0.023000000044703484,0.023000000044703484,0.02,0.15,0.0,0.0,0.0,0.0,0.0,0.0,0.0,0.0,0.0,0.0,0.0,0.0,0.1633620262145996,0.06966953724622726,0.0012617217373644962,14.906842231750488,895,nan,-1.0,True,,False,0.010050058364868164,0.0,0.010050058364868164,100.0,100.0,1.0,0.0,0.0,0.0,0.0,0.0
1389,133.94082641601562,-0.0,0.0,-0.0,133.94082641601562,0.0029910369776189327,3.028407573699951,0.5790528059005737,-0.0,0.0,0.0,0.0,0.0,0.0,0.0,0.0,0.0,0.0,0.0,0.0,0.023000000044703484,0.023000000044703484,0.02,0.15,0.0,0.0,0.0,0.0,0.0,0.0,0.0,0.0,0.0,0.0,0.0,0.0,0.16355644166469574,0.06949307769536972,0.001304729165894969,14.906842231750488,895,nan,-1.0,True,,False,0.010050058364868164,0.0,0.010050058364868164,100.0,100.0,1.0,0.0,0.0,0.0,0.0,0.0
1390,155.70204162597656,-0.0,0.0,-0.0,155.70204162597656,0.0019944210071116686,3.063765048980713,0.5790321230888367,-0.0,0.0,0.0,0.0,0.0,0.0,0.0,0.0,0.0,0.0,0.0,0.0,0.023000000044703484,0.023000000044703484,0.02,0.15,0.0,0.0,0.0,0.0,0.0,0.0,0.0,0.0,0.0,0.0,0.0,0.0,0.16376766562461853,0.06933679431676865,0.0008647351514809998,14.906842231750488,895,nan,-1.0,True,,False,0.010050058364868164,0.0,0.010050058364868164,100.0,100.0,1.0,0.0,0.0,0.0,0.0,0.0
1391,86.62083435058594,-0.0,0.0,-0.0,86.62083435058594,0.008251523599028587,3.097757339477539,0.5790451169013977,-0.0,0.0,0.0,0.0,0.0,0.0,0.0,0.0,0.0,0.0,0.0,0.0,0.023000000044703484,0.023000000044703484,0.02,0.15,0.0,0.0,0.0,0.0,0.0,0.0,0.0,0.0,0.0,0.0,0.0,0.0,0.16398602724075317,0.06924217194318771,0.0008842557231218962,14.906842231750488,895,nan,-1.0,True,,False,0.010050058364868164,0.0,0.010050058364868164,100.0,100.0,1.0,0.0,0.0,0.0,0.0,0.0
1392,67.0743408203125,-0.0,0.0,-0.0,67.0743408203125,0.013627207837998867,3.1328742504119873,0.5791181325912476,-0.0,0.0,0.0,0.0,0.0,0.0,0.0,0.0,0.0,0.0,0.0,0.0,0.023000000044703484,0.023000000044703484,0.02,0.15,0.0,0.0,0.0,0.0,0.0,0.0,0.0,0.0,0.0,0.0,0.0,0.0,0.16420909762382507,0.06927143037319183,0.001375726472133465,14.906842231750488,895,nan,-1.0,True,,False,0.010050058364868164,0.0,0.010050058364868164,100.0,100.0,1.0,0.0,0.0,0.0,0.0,0.0
1393,114.75173950195312,-0.0,0.0,-0.0,114.75173950195312,0.004406114108860493,3.1698474884033203,0.5791664123535156,-0.0,0.0,0.0,0.0,0.0,0.0,0.0,0.0,0.0,0.0,0.0,0.0,0.023000000044703484,0.023000000044703484,0.02,0.15,0.0,0.0,0.0,0.0,0.0,0.0,0.0,0.0,0.0,0.0,0.0,0.0,0.1644575446844101,0.0693453922867775,0.0011260072392360598,14.906842231750488,895,nan,-1.0,True,,False,0.010050058364868164,0.0,0.010050058364868164,100.0,100.0,1.0,0.0,0.0,0.0,0.0,0.0
1394,178.11639404296875,-0.0,0.0,-0.0,178.11639404296875,0.0013521922519430518,3.207334518432617,0.5788900852203369,-0.0,0.0,0.0,0.0,0.0,0.0,0.0,0.0,0.0,0.0,0.0,0.0,0.023000000044703484,0.023000000044703484,0.02,0.15,0.0,0.0,0.0,0.0,0.0,0.0,0.0,0.0,0.0,0.0,0.0,0.0,0.164748877286911,0.06946991384029388,0.0007176420251653326,14.906842231750488,895,nan,-1.0,True,,False,0.010050058364868164,0.0,0.010050058364868164,100.0,100.0,1.0,0.0,0.0,0.0,0.0,0.0
1395,69.82494354248047,-0.0,0.0,-0.0,69.82494354248047,0.012612983584403992,3.2468860149383545,0.5785557627677917,-0.0,0.0,0.0,0.0,0.0,0.0,0.0,0.0,0.0,0.0,0.0,0.0,0.023000000044703484,0.023000000044703484,0.02,0.15,0.0,0.0,0.0,0.0,0.0,0.0,0.0,0.0,0.0,0.0,0.0,0.0,0.1650465875864029,0.06962589174509048,0.001132854524485083,14.906842231750488,895,nan,-1.0,True,,False,0.010050058364868164,0.0,0.010050058364868164,100.0,100.0,1.0,0.0,0.0,0.0,0.0,0.0
1396,88.8099594116211,-0.0,0.0,-0.0,88.8099594116211,0.007807040121406317,3.2853899002075195,0.5783261656761169,-0.0,0.0,0.0,0.0,0.0,0.0,0.0,0.0,0.0,0.0,0.0,0.0,0.023000000044703484,0.023000000044703484,0.02,0.15,0.0,0.0,0.0,0.0,0.0,0.0,0.0,0.0,0.0,0.0,0.0,0.0,0.16534969210624695,0.06979946047067642,0.0011329696274060552,14.906842231750488,895,nan,-1.0,True,,False,0.010050058364868164,0.0,0.010050058364868164,100.0,100.0,1.0,0.0,0.0,0.0,0.0,0.0
1397,117.13557434082031,-0.0,0.0,-0.0,117.13557434082031,0.004171954467892647,3.322053909301758,0.5781958699226379,-0.0,0.0,0.0,0.0,0.0,0.0,0.0,0.0,0.0,0.0,0.0,0.0,0.023000000044703484,0.023000000044703484,0.02,0.15,0.0,0.0,0.0,0.0,0.0,0.0,0.0,0.0,0.0,0.0,0.0,0.0,0.16565337777137756,0.07001516968011856,0.0011251235159761563,14.906842231750488,895,nan,-1.0,True,,False,0.010050058364868164,0.0,0.010050058364868164,100.0,100.0,1.0,0.0,0.0,0.0,0.0,0.0
1398,188.63836669921875,-0.0,0.0,-0.0,188.63836669921875,0.0011332035064697266,3.3297159671783447,0.5780665278434753,-0.0,0.0,0.0,0.0,0.0,0.0,0.0,0.0,0.0,0.0,0.0,0.0,0.023000000044703484,0.023000000044703484,0.02,0.15,0.0,0.0,0.0,0.0,0.0,0.0,0.0,0.0,0.0,0.0,0.0,0.0,0.16595621407032013,0.0702819749712944,0.0009743892956066702,14.906842231750488,895,nan,-1.0,True,,False,0.010050058364868164,0.0,0.010050058364868164,100.0,100.0,1.0,0.0,0.0,0.0,0.0,0.0
1399,72.1441650390625,-0.0,0.0,-0.0,72.1441650390625,0.011830568313598633,3.303795337677002,0.5778443217277527,-0.0,0.0,0.0,0.0,0.0,0.0,0.0,0.0,0.0,0.0,0.0,0.0,0.023000000044703484,0.023000000044703484,0.02,0.15,0.0,0.0,0.0,0.0,0.0,0.0,0.0,0.0,0.0,0.0,0.0,0.0,0.16626332700252533,0.07056888937950134,0.0009796009157980734,14.906842231750488,895,nan,-1.0,True,,False,0.010050058364868164,0.0,0.010050058364868164,100.0,100.0,1.0,0.0,0.0,0.0,0.0,0.0
1400,46.2491569519043,-0.0,0.0,-0.0,46.2491569519043,0.02526562660932541,3.2697267532348633,0.5776769518852234,-0.0,0.0,0.0,0.0,0.0,0.0,0.0,0.0,0.0,0.0,0.0,0.0,0.023000000044703484,0.023000000044703484,0.02,0.15,0.0,0.0,0.0,0.0,0.0,0.0,0.0,0.0,0.0,0.0,0.0,0.0,0.1665724217891693,0.07085716724395752,0.0007918246146800811,14.906842231750488,895,nan,-1.0,True,,False,0.010050058364868164,0.0,0.010050058364868164,100.0,100.0,1.0,0.0,0.0,0.0,0.0,0.0
1401,50.396812438964844,-0.0,0.0,-0.0,50.396812438964844,0.022096429020166397,3.2268240451812744,0.5775801539421082,-0.0,0.0,0.0,0.0,0.0,0.0,0.0,0.0,0.0,0.0,0.0,0.0,0.023000000044703484,0.023000000044703484,0.02,0.15,0.0,0.0,0.0,0.0,0.0,0.0,0.0,0.0,0.0,0.0,0.0,0.0,0.1668948382139206,0.07114678621292114,0.0008098754947241105,14.906842231750488,895,nan,-1.0,True,,False,0.010050058364868164,0.0,0.010050058364868164,100.0,100.0,1.0,0.0,0.0,0.0,0.0,0.0
1402,51.681495666503906,-0.0,0.0,-0.0,51.681495666503906,0.02123577892780304,3.175114631652832,0.577568769454956,-0.0,0.0,0.0,0.0,0.0,0.0,0.0,0.0,0.0,0.0,0.0,0.0,0.023000000044703484,0.023000000044703484,0.02,0.15,0.0,0.0,0.0,0.0,0.0,0.0,0.0,0.0,0.0,0.0,0.0,0.0,0.16724258661270142,0.07145858556032181,0.0008239392147970648,14.906842231750488,895,nan,-1.0,True,,False,0.010050058364868164,0.0,0.010050058364868164,100.0,100.0,1.0,0.0,0.0,0.0,0.0,0.0
1403,103.302001953125,-0.0,0.0,-0.0,103.302001953125,0.005606877617537975,3.117426633834839,0.5776168704032898,-0.0,0.0,0.0,0.0,0.0,0.0,0.0,0.0,0.0,0.0,0.0,0.0,0.023000000044703484,0.023000000044703484,0.02,0.15,0.0,0.0,0.0,0.0,0.0,0.0,0.0,0.0,0.0,0.0,0.0,0.0,0.16761313378810883,0.07177900522947311,0.0011886475258506835,14.906842231750488,895,nan,-1.0,True,,False,0.010050058364868164,0.0,0.010050058364868164,100.0,100.0,1.0,0.0,0.0,0.0,0.0,0.0
1404,59.63198471069336,-0.0,0.0,-0.0,59.63198471069336,0.016748782247304916,3.0560379028320312,0.5773859024047852,-0.0,0.0,0.0,0.0,0.0,0.0,0.0,0.0,0.0,0.0,0.0,0.0,0.023000000044703484,0.023000000044703484,0.02,0.15,0.0,0.0,0.0,0.0,0.0,0.0,0.0,0.0,0.0,0.0,0.0,0.0,0.16800834238529205,0.07213766872882843,0.0006068061097721511,14.906842231750488,895,nan,-1.0,True,,False,0.010050058364868164,0.0,0.010050058364868164,100.0,100.0,1.0,0.0,0.0,0.0,0.0,0.0
1405,53.00651550292969,-0.0,0.0,-0.0,53.00651550292969,0.020376723259687424,2.995917320251465,0.5770050883293152,-0.0,0.0,0.0,0.0,0.0,0.0,0.0,0.0,0.0,0.0,0.0,0.0,0.023000000044703484,0.023000000044703484,0.02,0.15,0.0,0.0,0.0,0.0,0.0,0.0,0.0,0.0,0.0,0.0,0.0,0.0,0.16841241717338562,0.07253482937812805,0.001610097527191101,14.906842231750488,895,nan,-1.0,True,,False,0.010050058364868164,0.0,0.010050058364868164,100.0,100.0,1.0,0.0,0.0,0.0,0.0,0.0
1406,54.427024841308594,-0.0,0.0,-0.0,54.427024841308594,0.019496098160743713,2.9302523136138916,0.5766720175743103,-0.0,0.0,0.0,0.0,0.0,0.0,0.0,0.0,0.0,0.0,0.0,0.0,0.023000000044703484,0.023000000044703484,0.02,0.15,0.0,0.0,0.0,0.0,0.0,0.0,0.0,0.0,0.0,0.0,0.0,0.0,0.1688217669725418,0.07299437373876572,0.0016088643292277993,14.906842231750488,895,nan,-1.0,True,,False,0.010050058364868164,0.0,0.010050058364868164,100.0,100.0,1.0,0.0,0.0,0.0,0.0,0.0
1407,111.09722137451172,-0.0,0.0,-0.0,111.09722137451172,0.004730616696178913,2.85963773727417,0.5764906406402588,-0.0,0.0,0.0,0.0,0.0,0.0,0.0,0.0,0.0,0.0,0.0,0.0,0.023000000044703484,0.023000000044703484,0.02,0.15,0.0,0.0,0.0,0.0,0.0,0.0,0.0,0.0,0.0,0.0,0.0,0.0,0.1692264974117279,0.07347375154495239,0.0013054940125130088,14.906842231750488,895,nan,-1.0,True,,False,0.010050058364868164,0.0,0.010050058364868164,100.0,100.0,1.0,0.0,0.0,0.0,0.0,0.0
1408,64.62071990966797,-0.0,0.0,-0.0,64.62071990966797,0.014488030225038528,2.8430495262145996,0.5762143731117249,-0.0,0.0,0.0,0.0,0.0,0.0,0.0,0.0,0.0,0.0,0.0,0.0,0.023000000044703484,0.023000000044703484,0.02,0.15,0.0,0.0,0.0,0.0,0.0,0.0,0.0,0.0,0.0,0.0,0.0,0.0,0.16960261762142181,0.07424283772706985,0.0008462421542390075,14.906842231750488,895,nan,-1.0,True,,False,0.010050058364868164,0.0,0.010050058364868164,100.0,100.0,1.0,0.0,0.0,0.0,0.0,0.0
1409,201.92251586914062,-0.0,0.0,-0.0,201.92251586914062,0.0009127550292760134,2.848118543624878,0.5759597420692444,-0.0,0.0,0.0,0.0,0.0,0.0,0.0,0.0,0.0,0.0,0.0,0.0,0.023000000044703484,0.023000000044703484,0.02,0.15,0.0,0.0,0.0,0.0,0.0,0.0,0.0,0.0,0.0,0.0,0.0,0.0,0.16995440423488617,0.07518817484378815,0.0008429978415733785,14.906842231750488,895,nan,-1.0,True,,False,0.010050058364868164,0.0,0.010050058364868164,100.0,100.0,1.0,0.0,0.0,0.0,0.0,0.0
1410,49.48699188232422,-0.0,0.0,-0.0,49.48699188232422,0.022686244919896126,2.852741003036499,0.5757413506507874,-0.0,0.0,0.0,0.0,0.0,0.0,0.0,0.0,0.0,0.0,0.0,0.0,0.023000000044703484,0.023000000044703484,0.02,0.15,0.0,0.0,0.0,0.0,0.0,0.0,0.0,0.0,0.0,0.0,0.0,0.0,0.17027875781059265,0.07574421167373657,0.0012158497761447506,14.906842231750488,895,nan,-1.0,True,,False,0.010050058364868164,0.0,0.010050058364868164,100.0,100.0,1.0,0.0,0.0,0.0,0.0,0.0
1411,126.19756317138672,-0.0,0.0,-0.0,126.19756317138672,0.0034555774182081223,2.857935905456543,0.5756226181983948,-0.0,0.0,0.0,0.0,0.0,0.0,0.0,0.0,0.0,0.0,0.0,0.0,0.023000000044703484,0.023000000044703484,0.02,0.15,0.0,0.0,0.0,0.0,0.0,0.0,0.0,0.0,0.0,0.0,0.0,0.0,0.1705857664346695,0.0762094259262085,0.0012101586439712264,14.906842231750488,895,nan,-1.0,True,,False,0.010050058364868164,0.0,0.010050058364868164,100.0,100.0,1.0,0.0,0.0,0.0,0.0,0.0
1412,101.32649230957031,-0.0,0.0,-0.0,101.32649230957031,0.0058276052586734295,2.8633108139038086,0.5755555033683777,-0.0,0.0,0.0,0.0,0.0,0.0,0.0,0.0,0.0,0.0,0.0,0.0,0.023000000044703484,0.023000000044703484,0.02,0.15,0.0,0.0,0.0,0.0,0.0,0.0,0.0,0.0,0.0,0.0,0.0,0.0,0.17090028524398804,0.07644838094711304,0.0010445239713590126,14.906842231750488,895,nan,-1.0,True,,False,0.010050058364868164,0.0,0.010050058364868164,100.0,100.0,1.0,0.0,0.0,0.0,0.0,0.0
1413,46.82986068725586,-0.0,0.0,-0.0,46.82986068725586,0.02471085451543331,2.8685245513916016,0.5755249261856079,-0.0,0.0,0.0,0.0,0.0,0.0,0.0,0.0,0.0,0.0,0.0,0.0,0.023000000044703484,0.023000000044703484,0.02,0.15,0.0,0.0,0.0,0.0,0.0,0.0,0.0,0.0,0.0,0.0,0.0,0.0,0.17122486233711243,0.0751286968588829,0.0014186546850396553,14.906842231750488,895,nan,-1.0,True,,False,0.010050058364868164,0.0,0.010050058364868164,100.0,100.0,1.0,0.0,0.0,0.0,0.0,0.0
1414,148.1325225830078,-0.0,0.0,-0.0,148.1325225830078,0.0022732741199433804,2.8740603923797607,0.5755731463432312,-0.0,0.0,0.0,0.0,0.0,0.0,0.0,0.0,0.0,0.0,0.0,0.0,0.023000000044703484,0.023000000044703484,0.02,0.15,0.0,0.0,0.0,0.0,0.0,0.0,0.0,0.0,0.0,0.0,0.0,0.0,0.17156608402729034,0.07370459288358688,0.0006940673983990564,14.906842231750488,895,nan,-1.0,True,,False,0.010050058364868164,0.0,0.010050058364868164,100.0,100.0,1.0,0.0,0.0,0.0,0.0,0.0
1415,96.99420928955078,-0.0,0.0,-0.0,96.99420928955078,0.0064310478046536446,2.8795509338378906,0.5755071640014648,-0.0,0.0,0.0,0.0,0.0,0.0,0.0,0.0,0.0,0.0,0.0,0.0,0.023000000044703484,0.023000000044703484,0.02,0.15,0.0,0.0,0.0,0.0,0.0,0.0,0.0,0.0,0.0,0.0,0.0,0.0,0.17190833389759064,0.07223757356405258,0.0015110105839539756,14.906842231750488,895,nan,-1.0,True,,False,0.010050058364868164,0.0,0.010050058364868164,100.0,100.0,1.0,0.0,0.0,0.0,0.0,0.0
1416,191.38194274902344,-0.0,0.0,-0.0,191.38194274902344,0.0010786507045850158,2.884831428527832,0.5753342509269714,-0.0,0.0,0.0,0.0,0.0,0.0,0.0,0.0,0.0,0.0,0.0,0.0,0.023000000044703484,0.023000000044703484,0.02,0.15,0.0,0.0,0.0,0.0,0.0,0.0,0.0,0.0,0.0,0.0,0.0,0.0,0.17226335406303406,0.0707460418343544,0.001575494417011214,14.906842231750488,895,nan,-1.0,True,,False,0.010050058364868164,0.0,0.010050058364868164,100.0,100.0,1.0,0.0,0.0,0.0,0.0,0.0
1417,94.58013153076172,-0.0,0.0,-0.0,94.58013153076172,0.006789369508624077,2.889164924621582,0.5752696394920349,-0.0,0.0,0.0,0.0,0.0,0.0,0.0,0.0,0.0,0.0,0.0,0.0,0.023000000044703484,0.023000000044703484,0.02,0.15,0.0,0.0,0.0,0.0,0.0,0.0,0.0,0.0,0.0,0.0,0.0,0.0,0.17259113490581512,0.06924131512641907,0.001628735677968507,14.906842231750488,895,nan,-1.0,True,,False,0.010050058364868164,0.0,0.010050058364868164,100.0,100.0,1.0,0.0,0.0,0.0,0.0,0.0
1418,120.1233901977539,-0.0,0.0,-0.0,120.1233901977539,0.003910910803824663,2.8933355808258057,0.5751715898513794,-0.0,0.0,0.0,0.0,0.0,0.0,0.0,0.0,0.0,0.0,0.0,0.0,0.023000000044703484,0.023000000044703484,0.02,0.15,0.0,0.0,0.0,0.0,0.0,0.0,0.0,0.0,0.0,0.0,0.0,0.0,0.1728854477405548,0.06820137053728104,0.0011005818819285196,14.906842231750488,895,nan,-1.0,True,,False,0.010050058364868164,0.0,0.010050058364868164,100.0,100.0,1.0,0.0,0.0,0.0,0.0,0.0
1419,183.2945098876953,-0.0,0.0,-0.0,183.2945098876953,0.0012306765420362353,2.896714687347412,0.5748660564422607,-0.0,0.0,0.0,0.0,0.0,0.0,0.0,0.0,0.0,0.0,0.0,0.0,0.023000000044703484,0.023000000044703484,0.02,0.15,0.0,0.0,0.0,0.0,0.0,0.0,0.0,0.0,0.0,0.0,0.0,0.0,0.17316552996635437,0.0673651173710823,0.0016063082509845117,14.906842231750488,895,nan,-1.0,True,,False,0.010050058364868164,0.0,0.010050058364868164,100.0,100.0,1.0,0.0,0.0,0.0,0.0,0.0
1420,44.2237663269043,-0.0,0.0,-0.0,44.2237663269043,0.026877088472247124,2.896406650543213,0.5743656754493713,-0.0,0.0,0.0,0.0,0.0,0.0,0.0,0.0,0.0,0.0,0.0,0.0,0.023000000044703484,0.023000000044703484,0.02,0.15,0.0,0.0,0.0,0.0,0.0,0.0,0.0,0.0,0.0,0.0,0.0,0.0,0.17343878746032715,0.06663384288549423,0.0017226951799784729,14.906842231750488,895,nan,-1.0,True,,False,0.010050058364868164,0.0,0.010050058364868164,100.0,100.0,1.0,0.0,0.0,0.0,0.0,0.0
1421,41.17635726928711,-0.0,0.0,-0.0,41.17635726928711,0.02981300838291645,2.896167516708374,0.5739731788635254,-0.0,0.0,0.0,0.0,0.0,0.0,0.0,0.0,0.0,0.0,0.0,0.0,0.023000000044703484,0.023000000044703484,0.02,0.15,0.0,0.0,0.0,0.0,0.0,0.0,0.0,0.0,0.0,0.0,0.0,0.0,0.17369918525218964,0.06594870239496231,0.0006554158117069164,14.906842231750488,895,nan,-1.0,True,,False,0.010050058364868164,0.0,0.010050058364868164,100.0,100.0,1.0,0.0,0.0,0.0,0.0,0.0
1422,42.884429931640625,-0.0,0.0,-0.0,42.884429931640625,0.028090257197618484,2.896327018737793,0.573699414730072,-0.0,0.0,0.0,0.0,0.0,0.0,0.0,0.0,0.0,0.0,0.0,0.0,0.023000000044703484,0.023000000044703484,0.02,0.15,0.0,0.0,0.0,0.0,0.0,0.0,0.0,0.0,0.0,0.0,0.0,0.0,0.17395810782909393,0.06526459008455276,0.000630110857400723,14.906842231750488,895,nan,-1.0,True,,False,0.010050058364868164,0.0,0.010050058364868164,100.0,100.0,1.0,0.0,0.0,0.0,0.0,0.0
1423,50.72990798950195,-0.0,0.0,-0.0,50.72990798950195,0.021714704111218452,2.8970444202423096,0.5735478401184082,-0.0,0.0,0.0,0.0,0.0,0.0,0.0,0.0,0.0,0.0,0.0,0.0,0.023000000044703484,0.023000000044703484,0.02,0.15,0.0,0.0,0.0,0.0,0.0,0.0,0.0,0.0,0.0,0.0,0.0,0.0,0.17421503365039825,0.06460368633270264,0.0008925299916882068,14.906842231750488,895,nan,-1.0,True,,False,0.010050058364868164,0.0,0.010050058364868164,100.0,100.0,1.0,0.0,0.0,0.0,0.0,0.0
1424,80.83465576171875,-0.0,0.0,-0.0,80.83465576171875,0.009402738884091377,2.89733624458313,0.573516309261322,-0.0,0.0,0.0,0.0,0.0,0.0,0.0,0.0,0.0,0.0,0.0,0.0,0.023000000044703484,0.023000000044703484,0.02,0.15,0.0,0.0,0.0,0.0,0.0,0.0,0.0,0.0,0.0,0.0,0.0,0.0,0.17446820437908173,0.06394433975219727,0.000884414889924301,14.906842231750488,895,nan,-1.0,True,,False,0.010050058364868164,0.0,0.010050058364868164,100.0,100.0,1.0,0.0,0.0,0.0,0.0,0.0
1425,278.61651611328125,-0.0,0.0,-0.0,278.61651611328125,0.0002996788825839758,2.8970470428466797,0.5735850930213928,-0.0,0.0,0.0,0.0,0.0,0.0,0.0,0.0,0.0,0.0,0.0,0.0,0.023000000044703484,0.023000000044703484,0.02,0.15,0.0,0.0,0.0,0.0,0.0,0.0,0.0,0.0,0.0,0.0,0.0,0.0,0.17472419142723083,0.06327812373638153,0.0015258418493431236,14.906842231750488,895,nan,-1.0,True,,False,0.010050058364868164,0.0,0.010050058364868164,100.0,100.0,1.0,0.0,0.0,0.0,0.0,0.0
1426,64.96559143066406,-0.0,0.0,-0.0,64.96559143066406,0.014285597018897533,2.8971588611602783,0.5736864805221558,-0.0,0.0,0.0,0.0,0.0,0.0,0.0,0.0,0.0,0.0,0.0,0.0,0.023000000044703484,0.023000000044703484,0.02,0.15,0.0,0.0,0.0,0.0,0.0,0.0,0.0,0.0,0.0,0.0,0.0,0.0,0.17497657239437103,0.06261814385652542,0.0015501829225286201,14.906842231750488,895,nan,-1.0,True,,False,0.010050058364868164,0.0,0.010050058364868164,100.0,100.0,1.0,0.0,0.0,0.0,0.0,0.0
1427,81.3857421875,-0.0,0.0,-0.0,81.3857421875,0.009288308210670948,2.8977527618408203,0.5739085078239441,-0.0,0.0,0.0,0.0,0.0,0.0,0.0,0.0,0.0,0.0,0.0,0.0,0.023000000044703484,0.023000000044703484,0.02,0.15,0.0,0.0,0.0,0.0,0.0,0.0,0.0,0.0,0.0,0.0,0.0,0.0,0.17522208392620087,0.061978068202733994,0.0008126990205710172,14.906842231750488,895,nan,-1.0,True,,False,0.010050058364868164,0.0,0.010050058364868164,100.0,100.0,1.0,0.0,0.0,0.0,0.0,0.0
1428,141.56396484375,-0.0,0.0,-0.0,141.56396484375,0.0025651887990534306,2.8990249633789062,0.5742502808570862,-0.0,0.0,0.0,0.0,0.0,0.0,0.0,0.0,0.0,0.0,0.0,0.0,0.023000000044703484,0.023000000044703484,0.02,0.15,0.0,0.0,0.0,0.0,0.0,0.0,0.0,0.0,0.0,0.0,0.0,0.0,0.17547105252742767,0.0613488033413887,0.000788064137850597,14.906842231750488,895,nan,-1.0,True,,False,0.010050058364868164,0.0,0.010050058364868164,100.0,100.0,1.0,0.0,0.0,0.0,0.0,0.0
1429,112.377197265625,-0.0,0.0,-0.0,112.377197265625,0.004588430747389793,2.9007952213287354,0.5745165348052979,-0.0,0.0,0.0,0.0,0.0,0.0,0.0,0.0,0.0,0.0,0.0,0.0,0.023000000044703484,0.023000000044703484,0.02,0.15,0.0,0.0,0.0,0.0,0.0,0.0,0.0,0.0,0.0,0.0,0.0,0.0,0.17572446167469025,0.06071792542934418,0.0007290407438631519,14.906842231750488,895,nan,-1.0,True,,False,0.010050058364868164,0.0,0.010050058364868164,100.0,100.0,1.0,0.0,0.0,0.0,0.0,0.0
1430,240.2509765625,-0.0,0.0,-0.0,240.2509765625,0.0005124866729602218,2.902778148651123,0.5747358202934265,-0.0,0.0,0.0,0.0,0.0,0.0,0.0,0.0,0.0,0.0,0.0,0.0,0.023000000044703484,0.023000000044703484,0.02,0.15,0.0,0.0,0.0,0.0,0.0,0.0,0.0,0.0,0.0,0.0,0.0,0.0,0.17598146200180054,0.060098279267549515,0.0014057134540053084,14.906842231750488,895,nan,-1.0,True,,False,0.010050058364868164,0.0,0.010050058364868164,100.0,100.0,1.0,0.0,0.0,0.0,0.0,0.0
1431,145.10162353515625,-0.0,0.0,-0.0,145.10162353515625,0.002404239494353533,2.9134135246276855,0.5747239589691162,-0.0,0.0,0.0,0.0,0.0,0.0,0.0,0.0,0.0,0.0,0.0,0.0,0.023000000044703484,0.023000000044703484,0.02,0.15,0.0,0.0,0.0,0.0,0.0,0.0,0.0,0.0,0.0,0.0,0.0,0.0,0.17624133825302124,0.05945613607764244,0.0019247602426730737,14.906842231750488,895,nan,-1.0,True,,False,0.010050058364868164,0.0,0.010050058364868164,100.0,100.0,1.0,0.0,0.0,0.0,0.0,0.0
1432,177.93069458007812,-0.0,0.0,-0.0,177.93069458007812,0.001346814213320613,2.952364921569824,0.5747501850128174,-0.0,0.0,0.0,0.0,0.0,0.0,0.0,0.0,0.0,0.0,0.0,0.0,0.023000000044703484,0.023000000044703484,0.02,0.15,0.0,0.0,0.0,0.0,0.0,0.0,0.0,0.0,0.0,0.0,0.0,0.0,0.17648820579051971,0.0588657408952713,0.0019280195881492546,14.906842231750488,895,nan,-1.0,True,,False,0.010050058364868164,0.0,0.010050058364868164,100.0,100.0,1.0,0.0,0.0,0.0,0.0,0.0
1433,123.03600311279297,-0.0,0.0,-0.0,123.03600311279297,0.0036870967596769333,2.989375591278076,0.5748497843742371,-0.0,0.0,0.0,0.0,0.0,0.0,0.0,0.0,0.0,0.0,0.0,0.0,0.023000000044703484,0.023000000044703484,0.02,0.15,0.0,0.0,0.0,0.0,0.0,0.0,0.0,0.0,0.0,0.0,0.0,0.0,0.17674213647842407,0.058207958936691284,0.0016366099816877977,14.906842231750488,895,nan,-1.0,True,,False,0.010050058364868164,0.0,0.010050058364868164,100.0,100.0,1.0,0.0,0.0,0.0,0.0,0.0
1434,214.88270568847656,-0.0,0.0,-0.0,214.88270568847656,0.0007464415393769741,3.026139259338379,0.5749340057373047,-0.0,0.0,0.0,0.0,0.0,0.0,0.0,0.0,0.0,0.0,0.0,0.0,0.023000000044703484,0.023000000044703484,0.02,0.15,0.0,0.0,0.0,0.0,0.0,0.0,0.0,0.0,0.0,0.0,0.0,0.0,0.17698952555656433,0.05755508318543434,0.0016402314254264638,14.906842231750488,895,nan,-1.0,True,,False,0.010050058364868164,0.0,0.010050058364868164,100.0,100.0,1.0,0.0,0.0,0.0,0.0,0.0
1435,282.80889892578125,-0.0,0.0,-0.0,282.80889892578125,0.0002843203255906701,3.0623059272766113,0.5750741362571716,-0.0,0.0,0.0,0.0,0.0,0.0,0.0,0.0,0.0,0.0,0.0,0.0,0.023000000044703484,0.023000000044703484,0.02,0.15,0.0,0.0,0.0,0.0,0.0,0.0,0.0,0.0,0.0,0.0,0.0,0.0,0.1772354394197464,0.056905195116996765,0.0016403059114509233,14.906842231750488,895,nan,-1.0,True,,False,0.010050058364868164,0.0,0.010050058364868164,100.0,100.0,1.0,0.0,0.0,0.0,0.0,0.0
1436,231.30584716796875,-0.0,0.0,-0.0,231.30584716796875,0.0005844059051014483,3.096754550933838,0.5752382874488831,-0.0,0.0,0.0,0.0,0.0,0.0,0.0,0.0,0.0,0.0,0.0,0.0,0.023000000044703484,0.023000000044703484,0.02,0.15,0.0,0.0,0.0,0.0,0.0,0.0,0.0,0.0,0.0,0.0,0.0,0.0,0.17748117446899414,0.056278519332408905,0.001642268954356041,14.906842231750488,895,nan,-1.0,True,,False,0.010050058364868164,0.0,0.010050058364868164,100.0,100.0,1.0,0.0,0.0,0.0,0.0,0.0
1437,205.3195343017578,-0.0,0.0,-0.0,205.3195343017578,0.0008665384957566857,3.129772663116455,0.5753874182701111,-0.0,0.0,0.0,0.0,0.0,0.0,0.0,0.0,0.0,0.0,0.0,0.0,0.023000000044703484,0.023000000044703484,0.02,0.15,0.0,0.0,0.0,0.0,0.0,0.0,0.0,0.0,0.0,0.0,0.0,0.0,0.1777314692735672,0.05568975582718849,0.0016411168853665004,14.906842231750488,895,nan,-1.0,True,,False,0.010050058364868164,0.0,0.010050058364868164,100.0,100.0,1.0,0.0,0.0,0.0,0.0,0.0
1438,141.6359405517578,-0.0,0.0,-0.0,141.6359405517578,0.002567828632891178,3.1612749099731445,0.5753607749938965,-0.0,0.0,0.0,0.0,0.0,0.0,0.0,0.0,0.0,0.0,0.0,0.0,0.023000000044703484,0.023000000044703484,0.02,0.15,0.0,0.0,0.0,0.0,0.0,0.0,0.0,0.0,0.0,0.0,0.0,0.0,0.17798274755477905,0.05518874153494835,0.001650976555993111,14.906842231750488,895,nan,-1.0,True,,False,0.010050058364868164,0.0,0.010050058364868164,100.0,100.0,1.0,0.0,0.0,0.0,0.0,0.0
1439,130.57496643066406,-0.0,0.0,-0.0,130.57496643066406,0.003177098697051406,3.19126033782959,0.575365424156189,-0.0,0.0,0.0,0.0,0.0,0.0,0.0,0.0,0.0,0.0,0.0,0.0,0.023000000044703484,0.023000000044703484,0.02,0.15,0.0,0.0,0.0,0.0,0.0,0.0,0.0,0.0,0.0,0.0,0.0,0.0,0.1782228946685791,0.05482139438390732,0.001655414690503676,14.906842231750488,895,nan,-1.0,True,,False,0.010050058364868164,0.0,0.010050058364868164,100.0,100.0,1.0,0.0,0.0,0.0,0.0,0.0
1440,136.5157470703125,-0.0,0.0,-0.0,136.5157470703125,0.0028332779183983803,3.2198266983032227,0.5754766464233398,-0.0,0.0,0.0,0.0,0.0,0.0,0.0,0.0,0.0,0.0,0.0,0.0,0.023000000044703484,0.023000000044703484,0.02,0.15,0.0,0.0,0.0,0.0,0.0,0.0,0.0,0.0,0.0,0.0,0.0,0.0,0.17847280204296112,0.05448111519217491,0.001688721085429279,14.906842231750488,895,nan,-1.0,True,,False,0.010050058364868164,0.0,0.010050058364868164,100.0,100.0,1.0,0.0,0.0,0.0,0.0,0.0
1441,146.26548767089844,-0.0,0.0,-0.0,146.26548767089844,0.002360482234507799,3.2451796531677246,0.5756409168243408,-0.0,0.0,0.0,0.0,0.0,0.0,0.0,0.0,0.0,0.0,0.0,0.0,0.023000000044703484,0.023000000044703484,0.02,0.15,0.0,0.0,0.0,0.0,0.0,0.0,0.0,0.0,0.0,0.0,0.0,0.0,0.17872609198093414,0.054122183471918106,0.0016071228978944418,14.906842231750488,895,nan,-1.0,True,,False,0.010050058364868164,0.0,0.010050058364868164,100.0,100.0,1.0,0.0,0.0,0.0,0.0,0.0
1442,381.9302978515625,-0.0,0.0,-0.0,381.9302978515625,8.428451110376045e-05,3.2688660621643066,0.575865626335144,-0.0,0.0,0.0,0.0,0.0,0.0,0.0,0.0,0.0,0.0,0.0,0.0,0.023000000044703484,0.023000000044703484,0.02,0.15,0.0,0.0,0.0,0.0,0.0,0.0,0.0,0.0,0.0,0.0,0.0,0.0,0.17897441983222961,0.053763069212436676,0.0013088387765947118,14.906842231750488,895,nan,-1.0,True,,False,0.010050058364868164,0.0,0.010050058364868164,100.0,100.0,1.0,0.0,0.0,0.0,0.0,0.0
1443,172.1400909423828,-0.0,0.0,-0.0,172.1400909423828,0.0014910819008946419,3.290652275085449,0.5758740901947021,-0.0,0.0,0.0,0.0,0.0,0.0,0.0,0.0,0.0,0.0,0.0,0.0,0.023000000044703484,0.023000000044703484,0.02,0.15,0.0,0.0,0.0,0.0,0.0,0.0,0.0,0.0,0.0,0.0,0.0,0.0,0.17921413481235504,0.053387030959129333,0.0022872796771480353,14.906842231750488,895,nan,-1.0,True,,False,0.010050058364868164,0.0,0.010050058364868164,100.0,100.0,1.0,0.0,0.0,0.0,0.0,0.0
1444,79.24069213867188,-0.0,0.0,-0.0,79.24069213867188,0.00984787568449974,3.31201171875,0.5757630467414856,-0.0,0.0,0.0,0.0,0.0,0.0,0.0,0.0,0.0,0.0,0.0,0.0,0.023000000044703484,0.023000000044703484,0.02,0.15,0.0,0.0,0.0,0.0,0.0,0.0,0.0,0.0,0.0,0.0,0.0,0.0,0.17945429682731628,0.0530116930603981,0.002309974678155413,14.906842231750488,895,nan,-1.0,True,,False,0.010050058364868164,0.0,0.010050058364868164,100.0,100.0,1.0,0.0,0.0,0.0,0.0,0.0
1445,72.31523132324219,-0.0,0.0,-0.0,72.31523132324219,0.01175704412162304,3.3334169387817383,0.5757123827934265,-0.0,0.0,0.0,0.0,0.0,0.0,0.0,0.0,0.0,0.0,0.0,0.0,0.023000000044703484,0.023000000044703484,0.02,0.15,0.0,0.0,0.0,0.0,0.0,0.0,0.0,0.0,0.0,0.0,0.0,0.0,0.17970672249794006,0.05263141915202141,0.0007218925470624526,14.906842231750488,895,nan,-1.0,True,,False,0.010050058364868164,0.0,0.010050058364868164,100.0,100.0,1.0,0.0,0.0,0.0,0.0,0.0
1446,83.98953247070312,-0.0,0.0,-0.0,83.98953247070312,0.008738987147808075,3.3543448448181152,0.5757238268852234,-0.0,0.0,0.0,0.0,0.0,0.0,0.0,0.0,0.0,0.0,0.0,0.0,0.023000000044703484,0.023000000044703484,0.02,0.15,0.0,0.0,0.0,0.0,0.0,0.0,0.0,0.0,0.0,0.0,0.0,0.0,0.17996232211589813,0.052266623824834824,0.0011759495478145254,14.906842231750488,895,nan,-1.0,True,,False,0.010050058364868164,0.0,0.010050058364868164,100.0,100.0,1.0,0.0,0.0,0.0,0.0,0.0
1447,119.68472290039062,-0.0,0.0,-0.0,119.68472290039062,0.003945445641875267,3.3734445571899414,0.5757796168327332,-0.0,0.0,0.0,0.0,0.0,0.0,0.0,0.0,0.0,0.0,0.0,0.0,0.023000000044703484,0.023000000044703484,0.02,0.15,0.0,0.0,0.0,0.0,0.0,0.0,0.0,0.0,0.0,0.0,0.0,0.0,0.18022611737251282,0.05191878601908684,0.0014080162841310084,14.906842231750488,895,nan,-1.0,True,,False,0.010050058364868164,0.0,0.010050058364868164,100.0,100.0,1.0,0.0,0.0,0.0,0.0,0.0
1448,157.96319580078125,-0.0,0.0,-0.0,157.96319580078125,0.0019047957612201571,3.3902320861816406,0.5759190917015076,-0.0,0.0,0.0,0.0,0.0,0.0,0.0,0.0,0.0,0.0,0.0,0.0,0.023000000044703484,0.023000000044703484,0.02,0.15,0.0,0.0,0.0,0.0,0.0,0.0,0.0,0.0,0.0,0.0,0.0,0.0,0.18048153817653656,0.0515778474509716,0.0011157675121467037,14.906842231750488,895,nan,-1.0,True,,False,0.010050058364868164,0.0,0.010050058364868164,100.0,100.0,1.0,0.0,0.0,0.0,0.0,0.0
1449,83.48331451416016,-0.0,0.0,-0.0,83.48331451416016,0.00886613130569458,3.4071006774902344,0.5760773420333862,-0.0,0.0,0.0,0.0,0.0,0.0,0.0,0.0,0.0,0.0,0.0,0.0,0.023000000044703484,0.023000000044703484,0.02,0.15,0.0,0.0,0.0,0.0,0.0,0.0,0.0,0.0,0.0,0.0,0.0,0.0,0.18072441220283508,0.05122766271233559,0.0011172279489528592,14.906842231750488,895,nan,-1.0,True,,False,0.010050058364868164,0.0,0.010050058364868164,100.0,100.0,1.0,0.0,0.0,0.0,0.0,0.0
1450,84.53352355957031,-0.0,0.0,-0.0,84.53352355957031,0.008646996691823006,3.424671173095703,0.576241672039032,-0.0,0.0,0.0,0.0,0.0,0.0,0.0,0.0,0.0,0.0,0.0,0.0,0.023000000044703484,0.023000000044703484,0.02,0.15,0.0,0.0,0.0,0.0,0.0,0.0,0.0,0.0,0.0,0.0,0.0,0.0,0.18096229434013367,0.050865691155195236,0.0008710081751814869,14.906842231750488,895,nan,-1.0,True,,False,0.010050058364868164,0.0,0.010050058364868164,100.0,100.0,1.0,0.0,0.0,0.0,0.0,0.0
1451,213.6060333251953,-0.0,0.0,-0.0,213.6060333251953,0.000764068216085434,3.440279960632324,0.5763906836509705,-0.0,0.0,0.0,0.0,0.0,0.0,0.0,0.0,0.0,0.0,0.0,0.0,0.023000000044703484,0.023000000044703484,0.02,0.15,0.0,0.0,0.0,0.0,0.0,0.0,0.0,0.0,0.0,0.0,0.0,0.0,0.18122565746307373,0.05048459768295288,0.0019372841820768372,14.906842231750488,895,nan,-1.0,True,,False,0.010050058364868164,0.0,0.010050058364868164,100.0,100.0,1.0,0.0,0.0,0.0,0.0,0.0
1452,77.28978729248047,-0.0,0.0,-0.0,77.28978729248047,0.010354879312217236,3.453411102294922,0.576283872127533,-0.0,0.0,0.0,0.0,0.0,0.0,0.0,0.0,0.0,0.0,0.0,0.0,0.023000000044703484,0.023000000044703484,0.02,0.15,0.0,0.0,0.0,0.0,0.0,0.0,0.0,0.0,0.0,0.0,0.0,0.0,0.18149688839912415,0.050088707357645035,0.0009118082889472134,14.906842231750488,895,nan,-1.0,True,,False,0.010050058364868164,0.0,0.010050058364868164,100.0,100.0,1.0,0.0,0.0,0.0,0.0,0.0
1453,47.927207946777344,-0.0,3.822596409008838e-05,-0.0,47.92713165283203,0.024099236354231834,3.4645819664001465,0.5807250142097473,-0.0,0.0,0.0,0.0,0.0,0.0,0.0,0.0,0.0,0.0,0.0,0.0,0.023000000044703484,0.023000000044703484,0.02,0.15,0.0,0.0,0.0,0.0,0.0,0.0,0.0,0.0,0.0,0.0,0.0,0.0,0.18177272379398346,0.049690864980220795,0.0019552860931071336,14.906842231750488,895,nan,-1.0,True,,False,0.010050058364868164,0.0,0.010050058364868164,100.0,100.0,1.0,0.0,0.0,0.0,0.0,0.0
1454,62.94855880737305,-0.0,0.00021359993843361735,-0.0,62.9481315612793,0.015300370752811432,3.472764015197754,0.5805960297584534,-0.0,0.0,0.0,0.0,0.0,0.0,0.0,0.0,0.0,0.0,0.0,0.0,0.023000000044703484,0.023000000044703484,0.02,0.15,0.0,0.0,0.0,0.0,0.0,0.0,0.0,0.0,0.0,0.0,0.0,0.0,0.1820666491985321,0.04926924780011177,0.0011879807816512766,14.906842231750488,895,nan,-1.0,True,,False,0.010050058364868164,0.0,0.010050058364868164,100.0,100.0,1.0,0.0,0.0,0.0,0.0,0.0
1455,66.9759521484375,-0.0,0.0005266727530397475,-0.0,66.97489929199219,0.013675292022526264,3.4799141883850098,0.580499529838562,-0.0,0.0,0.0,0.0,0.0,0.0,0.0,0.0,0.0,0.0,0.0,0.0,0.023000000044703484,0.023000000044703484,0.02,0.15,0.0,0.0,0.0,0.0,0.0,0.0,0.0,0.0,0.0,0.0,0.0,0.0,0.1823595017194748,0.04885253310203552,0.0011920421088689181,14.906842231750488,895,nan,-1.0,True,,False,0.010050058364868164,0.0,0.010050058364868164,100.0,100.0,1.0,0.0,0.0,0.0,0.0,0.0
1456,231.63031005859375,-0.0,0.001037948182784021,-0.0,231.62823486328125,0.0005858595250174403,3.4860124588012695,0.5804118514060974,-0.0,0.0,0.0,0.0,0.0,0.0,0.0,0.0,0.0,0.0,0.0,0.0,0.023000000044703484,0.023000000044703484,0.02,0.15,0.0,0.0,0.0,0.0,0.0,0.0,0.0,0.0,0.0,0.0,0.0,0.0,0.1826385110616684,0.048389140516519547,0.0007181518599281844,14.906842231750488,895,nan,-1.0,True,,False,0.010050058364868164,0.0,0.010050058364868164,100.0,100.0,1.0,0.0,0.0,0.0,0.0,0.0
1457,69.6632080078125,-0.0,0.001724318484775722,-0.0,69.65975952148438,0.01270363386720419,3.4910268783569336,0.5802527070045471,-0.0,0.0,0.0,0.0,0.0,0.0,0.0,0.0,0.0,0.0,0.0,0.0,0.023000000044703484,0.023000000044703484,0.02,0.15,0.0,0.0,0.0,0.0,0.0,0.0,0.0,0.0,0.0,0.0,0.0,0.0,0.18291598558425903,0.04792375490069389,0.001347232632269879,14.906842231750488,895,nan,-1.0,True,,False,0.010050058364868164,0.0,0.010050058364868164,100.0,100.0,1.0,0.0,0.0,0.0,0.0,0.0
1458,80.90947723388672,-0.0,0.002544875955209136,-0.0,80.90438842773438,0.009505240246653557,3.4928250312805176,0.5802037715911865,-0.0,0.0,0.0,0.0,0.0,0.0,0.0,0.0,0.0,0.0,0.0,0.0,0.023000000044703484,0.023000000044703484,0.02,0.15,0.0,0.0,0.0,0.0,0.0,0.0,0.0,0.0,0.0,0.0,0.0,0.0,0.18318702280521393,0.047477662563323975,0.0013347367655569542,14.906842231750488,895,nan,-1.0,True,,False,0.010050058364868164,0.0,0.010050058364868164,100.0,100.0,1.0,0.0,0.0,0.0,0.0,0.0
1459,87.5490951538086,-0.0,0.0034063358325511217,-0.0,87.54228210449219,0.008080312050879002,3.496189594268799,0.5801345705986023,-0.0,0.0,0.0,0.0,0.0,0.0,0.0,0.0,0.0,0.0,0.0,0.0,0.023000000044703484,0.023000000044703484,0.02,0.15,0.0,0.0,0.0,0.0,0.0,0.0,0.0,0.0,0.0,0.0,0.0,0.0,0.18345144391059875,0.04708180949091911,0.001163037031346903,14.906842231750488,895,nan,-1.0,True,,False,0.010050058364868164,0.0,0.010050058364868164,100.0,100.0,1.0,0.0,0.0,0.0,0.0,0.0
1460,41.01424026489258,-0.0,0.004456454422324896,-0.0,41.00532913208008,0.030368123203516006,3.4915714263916016,0.5800078511238098,-0.0,0.0,0.0,0.0,0.0,0.0,0.0,0.0,0.0,0.0,0.0,0.0,0.023000000044703484,0.023000000044703484,0.02,0.15,0.0,0.0,0.0,0.0,0.0,0.0,0.0,0.0,0.0,0.0,0.0,0.0,0.1837131828069687,0.046662166714668274,0.001620222409883354,14.906842231750488,895,nan,-1.0,True,,False,0.010050058364868164,0.0,0.010050058364868164,100.0,100.0,1.0,0.0,0.0,0.0,0.0,0.0
1461,189.32029724121094,-0.0,0.0055623892694711685,-0.0,189.30917358398438,0.0011261454783380032,3.488431930541992,0.5799544453620911,-0.0,0.0,0.0,0.0,0.0,0.0,0.0,0.0,0.0,0.0,0.0,0.0,0.023000000044703484,0.023000000044703484,0.02,0.15,0.0,0.0,0.0,0.0,0.0,0.0,0.0,0.0,0.0,0.0,0.0,0.0,0.1839897483587265,0.04627092927694321,0.0016149891246186598,14.906842231750488,895,nan,-1.0,True,,False,0.010050058364868164,0.0,0.010050058364868164,100.0,100.0,1.0,0.0,0.0,0.0,0.0,0.0
1462,41.97947311401367,-0.0,0.006673856172710657,-0.0,41.96612548828125,0.029340820387005806,3.4871578216552734,0.5797073841094971,-0.0,0.0,0.0,0.0,0.0,0.0,0.0,0.0,0.0,0.0,0.0,0.0,0.023000000044703484,0.023000000044703484,0.02,0.15,0.0,0.0,0.0,0.0,0.0,0.0,0.0,0.0,0.0,0.0,0.0,0.0,0.18426574766635895,0.04591531679034233,0.001636278985415629,14.906842231750488,895,nan,-1.0,True,,False,0.010050058364868164,0.0,0.010050058364868164,100.0,100.0,1.0,0.0,0.0,0.0,0.0,0.0
1463,36.30809783935547,-0.0,0.007910316810011864,-0.0,36.29227828979492,0.03593561053276062,3.4835147857666016,0.5794511437416077,-0.0,0.0,0.0,0.0,0.0,0.0,0.0,0.0,0.0,0.0,0.0,0.0,0.023000000044703484,0.023000000044703484,0.02,0.15,0.0,0.0,0.0,0.0,0.0,0.0,0.0,0.0,0.0,0.0,0.0,0.0,0.1845298707485199,0.04555300250649452,0.0010151859296456678,14.906842231750488,895,nan,-1.0,True,,False,0.010050058364868164,0.0,0.010050058364868164,100.0,100.0,1.0,0.0,0.0,0.0,0.0,0.0
1464,84.21898651123047,-0.0,0.009176856838166714,-0.0,84.20063018798828,0.008740972727537155,3.4780759811401367,0.579279363155365,-0.0,0.0,0.0,0.0,0.0,0.0,0.0,0.0,0.0,0.0,0.0,0.0,0.023000000044703484,0.023000000044703484,0.02,0.15,0.0,0.0,0.0,0.0,0.0,0.0,0.0,0.0,0.0,0.0,0.0,0.0,0.18479882180690765,0.045210205018520355,0.0012029118006466888,14.906842231750488,895,nan,-1.0,True,,False,0.010050058364868164,0.0,0.010050058364868164,100.0,100.0,1.0,0.0,0.0,0.0,0.0,0.0
1465,90.1731185913086,-0.0,0.010477360337972641,-0.0,90.15216064453125,0.007571086287498474,3.4702720642089844,0.5789952278137207,-0.0,0.0,0.0,0.0,0.0,0.0,0.0,0.0,0.0,0.0,0.0,0.0,0.023000000044703484,0.023000000044703484,0.02,0.15,0.0,0.0,0.0,0.0,0.0,0.0,0.0,0.0,0.0,0.0,0.0,0.0,0.18507353961467743,0.04488205164670944,0.0010689078972063726,14.906842231750488,895,nan,-1.0,True,,False,0.010050058364868164,0.0,0.010050058364868164,100.0,100.0,1.0,0.0,0.0,0.0,0.0,0.0
1466,86.26564025878906,-0.0,0.0120796337723732,-0.0,86.2414779663086,0.008307971991598606,3.460716724395752,0.5787526369094849,-0.0,0.0,0.0,0.0,0.0,0.0,0.0,0.0,0.0,0.0,0.0,0.0,0.023000000044703484,0.023000000044703484,0.02,0.15,0.0,0.0,0.0,0.0,0.0,0.0,0.0,0.0,0.0,0.0,0.0,0.0,0.1853490024805069,0.04450463131070137,0.001101491628560325,14.906842231750488,895,nan,-1.0,True,,False,0.010050058364868164,0.0,0.010050058364868164,100.0,100.0,1.0,0.0,0.0,0.0,0.0,0.0
1467,40.96518325805664,-0.0,0.013564619235694408,-0.0,40.938053131103516,0.030339961871504784,3.4523067474365234,0.5785704851150513,-0.0,0.0,0.0,0.0,0.0,0.0,0.0,0.0,0.0,0.0,0.0,0.0,0.023000000044703484,0.023000000044703484,0.02,0.15,0.0,0.0,0.0,0.0,0.0,0.0,0.0,0.0,0.0,0.0,0.0,0.0,0.18562884628772736,0.04417663812637329,0.0006671983273918158,14.906842231750488,895,nan,-1.0,True,,False,0.010050058364868164,0.0,0.010050058364868164,100.0,100.0,1.0,0.0,0.0,0.0,0.0,0.0
1468,47.043209075927734,-0.0,0.015114321373403072,-0.0,47.01298141479492,0.02469456195831299,3.4438743591308594,0.5784102082252502,-0.0,0.0,0.0,0.0,0.0,0.0,0.0,0.0,0.0,0.0,0.0,0.0,0.023000000044703484,0.023000000044703484,0.02,0.15,0.0,0.0,0.0,0.0,0.0,0.0,0.0,0.0,0.0,0.0,0.0,0.0,0.18591152131557465,0.04385298490524292,0.001216360332819022,14.906842231750488,895,nan,-1.0,True,,False,0.010050058364868164,0.0,0.010050058364868164,100.0,100.0,1.0,0.0,0.0,0.0,0.0,0.0
1469,61.21195983886719,-0.0,0.01674610562622547,-0.0,61.178466796875,0.01601787842810154,3.434600353240967,0.5783039927482605,-0.0,0.0,0.0,0.0,0.0,0.0,0.0,0.0,0.0,0.0,0.0,0.0,0.023000000044703484,0.023000000044703484,0.02,0.15,0.0,0.0,0.0,0.0,0.0,0.0,0.0,0.0,0.0,0.0,0.0,0.0,0.18621321022510529,0.04352966323494911,0.0007235395969473757,14.906842231750488,895,nan,-1.0,True,,False,0.010050058364868164,0.0,0.010050058364868164,100.0,100.0,1.0,0.0,0.0,0.0,0.0,0.0
1470,127.38021087646484,-0.0,0.018572313711047173,-0.0,127.34306335449219,0.0033988296054303646,3.424403667449951,0.5782788395881653,-0.0,0.0,0.0,0.0,0.0,0.0,0.0,0.0,0.0,0.0,0.0,0.0,0.023000000044703484,0.023000000044703484,0.02,0.15,0.0,0.0,0.0,0.0,0.0,0.0,0.0,0.0,0.0,0.0,0.0,0.0,0.18648402392864227,0.04318598657846451,0.0007610092052345863,14.906842231750488,895,nan,-1.0,True,,False,0.010050058364868164,0.0,0.010050058364868164,100.0,100.0,1.0,0.0,0.0,0.0,0.0,0.0
1471,170.27304077148438,-0.0,0.019149230793118477,-0.0,170.2347412109375,0.0015426574973389506,3.4147539138793945,0.5782302021980286,-0.0,0.0,0.0,0.0,0.0,0.0,0.0,0.0,0.0,0.0,0.0,0.0,0.023000000044703484,0.023000000044703484,0.02,0.15,0.0,0.0,0.0,0.0,0.0,0.0,0.0,0.0,0.0,0.0,0.0,0.0,0.1867346465587616,0.04308096319437027,0.0012275730950932484,14.906842231750488,895,nan,-1.0,True,,False,0.010050058364868164,0.0,0.010050058364868164,100.0,100.0,1.0,0.0,0.0,0.0,0.0,0.0
1472,39.507266998291016,-0.0,0.019202880561351776,-0.0,39.4688606262207,0.031983256340026855,3.40560245513916,0.5782016515731812,-0.0,0.0,0.0,0.0,0.0,0.0,0.0,0.0,0.0,0.0,0.0,0.0,0.023000000044703484,0.023000000044703484,0.02,0.15,0.0,0.0,0.0,0.0,0.0,0.0,0.0,0.0,0.0,0.0,0.0,0.0,0.1869746744632721,0.04307127743959427,0.001225066918777884,14.906842231750488,895,nan,-1.0,True,,False,0.010050058364868164,0.0,0.010050058364868164,100.0,100.0,1.0,0.0,0.0,0.0,0.0,0.0
1473,49.69207000732422,-0.0,0.019619692116975784,-0.0,49.65283203125,0.022709384560585022,3.395735740661621,0.5782372355461121,-0.0,0.0,0.0,0.0,0.0,0.0,0.0,0.0,0.0,0.0,0.0,0.0,0.023000000044703484,0.023000000044703484,0.02,0.15,0.0,0.0,0.0,0.0,0.0,0.0,0.0,0.0,0.0,0.0,0.0,0.0,0.18721839785575867,0.04299648478627205,0.001620602855382458,14.906842231750488,895,nan,-1.0,True,,False,0.010050058364868164,0.0,0.010050058364868164,100.0,100.0,1.0,0.0,0.0,0.0,0.0,0.0
1474,94.63294982910156,-0.0,0.021445557475090027,-0.0,94.59005737304688,0.006843795999884605,3.386845588684082,0.578384518623352,-0.0,0.0,0.0,0.0,0.0,0.0,0.0,0.0,0.0,0.0,0.0,0.0,0.023000000044703484,0.023000000044703484,0.02,0.15,0.0,0.0,0.0,0.0,0.0,0.0,0.0,0.0,0.0,0.0,0.0,0.0,0.18746747076511383,0.042677849531173706,0.0013121717447575065,14.906842231750488,895,nan,-1.0,True,,False,0.010050058364868164,0.0,0.010050058364868164,100.0,100.0,1.0,0.0,0.0,0.0,0.0,0.0
1475,105.93897247314453,-0.0,0.027621209621429443,-0.0,105.88372802734375,0.005328130908310413,3.3760690689086914,0.5784974098205566,-0.0,0.0,0.0,0.0,0.0,0.0,0.0,0.0,0.0,0.0,0.0,0.0,0.023000000044703484,0.023000000044703484,0.02,0.15,0.0,0.0,0.0,0.0,0.0,0.0,0.0,0.0,0.0,0.0,0.0,0.0,0.18770618736743927,0.04169018566608429,0.0005868653374818678,14.906842231750488,895,nan,-1.0,True,,False,0.010050058364868164,0.0,0.010050058364868164,100.0,100.0,1.0,0.0,0.0,0.0,0.0,0.0
1476,119.4327621459961,-0.0,0.039463117718696594,-0.0,119.35383605957031,0.004005054011940956,3.365239143371582,0.5783573389053345,-0.0,0.0,0.0,0.0,0.0,0.0,0.0,0.0,0.0,0.0,0.0,0.0,0.023000000044703484,0.023000000044703484,0.02,0.15,0.0,0.0,0.0,0.0,0.0,0.0,0.0,0.0,0.0,0.0,0.0,0.0,0.18793927133083344,0.040067337453365326,0.0010738966775534209,14.906842231750488,895,nan,-1.0,True,,False,0.010050058364868164,0.0,0.010050058364868164,100.0,100.0,1.0,0.0,0.0,0.0,0.0,0.0
1477,60.503475189208984,-0.0,0.04281066730618477,-0.0,60.41785430908203,0.01640382781624794,3.353245735168457,0.5780002474784851,-0.0,0.0,0.0,0.0,0.0,0.0,0.0,0.0,0.0,0.0,0.0,0.0,0.023000000044703484,0.023000000044703484,0.02,0.15,0.0,0.0,0.0,0.0,0.0,0.0,0.0,0.0,0.0,0.0,0.0,0.0,0.18817703425884247,0.03965463116765022,0.001042850958128838,14.906842231750488,895,nan,-1.0,True,,False,0.010050058364868164,0.0,0.010050058364868164,100.0,100.0,1.0,0.0,0.0,0.0,0.0,0.0
1478,77.34907531738281,-0.0,0.043147388845682144,-0.0,77.26277923583984,0.010377885773777962,3.340364456176758,0.5776861906051636,-0.0,0.0,0.0,0.0,0.0,0.0,0.0,0.0,0.0,0.0,0.0,0.0,0.023000000044703484,0.023000000044703484,0.02,0.15,0.0,0.0,0.0,0.0,0.0,0.0,0.0,0.0,0.0,0.0,0.0,0.0,0.18841052055358887,0.03961402550339699,0.0008106962591227784,14.906842231750488,895,nan,-1.0,True,,False,0.010050058364868164,0.0,0.010050058364868164,100.0,100.0,1.0,0.0,0.0,0.0,0.0,0.0
1479,38.477134704589844,-0.0,0.04183498024940491,-0.0,38.393463134765625,0.033191852271556854,3.321963310241699,0.5773680210113525,-0.0,0.0,0.0,0.0,0.0,0.0,0.0,0.0,0.0,0.0,0.0,0.0,0.023000000044703484,0.023000000044703484,0.02,0.15,0.0,0.0,0.0,0.0,0.0,0.0,0.0,0.0,0.0,0.0,0.0,0.0,0.18863509595394135,0.03977319970726967,0.0007724106308160117,14.906842231750488,895,nan,-1.0,True,,False,0.010050058364868164,0.0,0.010050058364868164,100.0,100.0,1.0,0.0,0.0,0.0,0.0,0.0
1480,50.642822265625,-0.0,0.03895687684416771,-0.0,50.56490707397461,0.021990740671753883,3.302476406097412,0.5771163105964661,-0.0,0.0,0.0,0.0,0.0,0.0,0.0,0.0,0.0,0.0,0.0,0.0,0.023000000044703484,0.023000000044703484,0.02,0.15,0.0,0.0,0.0,0.0,0.0,0.0,0.0,0.0,0.0,0.0,0.0,0.0,0.1888481080532074,0.04013125225901604,0.0009181763562082779,14.906842231750488,895,nan,-1.0,True,,False,0.010050058364868164,0.0,0.010050058364868164,100.0,100.0,1.0,0.0,0.0,0.0,0.0,0.0
1481,101.75177764892578,-0.0,0.035614535212516785,-0.0,101.68054962158203,0.005799231119453907,3.2820615768432617,0.576923668384552,-0.0,0.0,0.0,0.0,0.0,0.0,0.0,0.0,0.0,0.0,0.0,0.0,0.023000000044703484,0.023000000044703484,0.02,0.15,0.0,0.0,0.0,0.0,0.0,0.0,0.0,0.0,0.0,0.0,0.0,0.0,0.18905512988567352,0.04056409373879433,0.0009119069891312392,14.906842231750488,895,nan,-1.0,True,,False,0.010050058364868164,0.0,0.010050058364868164,100.0,100.0,1.0,0.0,0.0,0.0,0.0,0.0
1482,60.86509323120117,-0.0,0.02967064082622528,-0.0,60.80575180053711,0.016150198876857758,3.260849952697754,0.5767438411712646,-0.0,0.0,0.0,0.0,0.0,0.0,0.0,0.0,0.0,0.0,0.0,0.0,0.023000000044703484,0.023000000044703484,0.02,0.15,0.0,0.0,0.0,0.0,0.0,0.0,0.0,0.0,0.0,0.0,0.0,0.0,0.18924285471439362,0.041387416422367096,0.001003051490897633,14.906842231750488,895,nan,-1.0,True,,False,0.010050058364868164,0.0,0.010050058364868164,100.0,100.0,1.0,0.0,0.0,0.0,0.0,0.0
1483,71.13278198242188,-0.0,0.019619692116975784,-0.0,71.09354400634766,0.012152859009802341,3.2401585578918457,0.5765877366065979,-0.0,0.0,0.0,0.0,0.0,0.0,0.0,0.0,0.0,0.0,0.0,0.0,0.023000000044703484,0.023000000044703484,0.02,0.15,0.0,0.0,0.0,0.0,0.0,0.0,0.0,0.0,0.0,0.0,0.0,0.0,0.18941643834114075,0.04299648478627205,0.0005796717473458557,14.906842231750488,895,nan,-1.0,True,,False,0.010050058364868164,0.0,0.010050058364868164,100.0,100.0,1.0,0.0,0.0,0.0,0.0,0.0
1484,102.0975570678711,-0.0,0.010619261302053928,-0.0,102.0763168334961,0.005748552270233631,3.2198591232299805,0.5764722228050232,-0.0,0.0,0.0,0.0,0.0,0.0,0.0,0.0,0.0,0.0,0.0,0.0,0.023000000044703484,0.023000000044703484,0.02,0.15,0.0,0.0,0.0,0.0,0.0,0.0,0.0,0.0,0.0,0.0,0.0,0.0,0.18959039449691772,0.0448475107550621,0.0004975018996447034,14.906842231750488,895,nan,-1.0,True,,False,0.010050058364868164,0.0,0.010050058364868164,100.0,100.0,1.0,0.0,0.0,0.0,0.0,0.0
1485,87.31718444824219,-0.0,0.0037365946918725967,-0.0,87.30970764160156,0.008075788617134094,3.198972702026367,0.5763574838638306,-0.0,0.0,0.0,0.0,0.0,0.0,0.0,0.0,0.0,0.0,0.0,0.0,0.023000000044703484,0.023000000044703484,0.02,0.15,0.0,0.0,0.0,0.0,0.0,0.0,0.0,0.0,0.0,0.0,0.0,0.0,0.18975695967674255,0.04694361612200737,0.0010478744425199693,14.906842231750488,895,nan,-1.0,True,,False,0.010050058364868164,0.0,0.010050058364868164,100.0,100.0,1.0,0.0,0.0,0.0,0.0,0.0
1486,55.90448760986328,-0.0,0.0003348778700456023,-0.0,55.90381622314453,0.018648691475391388,3.1789073944091797,0.5762512683868408,-0.0,0.0,0.0,0.0,0.0,0.0,0.0,0.0,0.0,0.0,0.0,0.0,0.023000000044703484,0.023000000044703484,0.02,0.15,0.0,0.0,0.0,0.0,0.0,0.0,0.0,0.0,0.0,0.0,0.0,0.0,0.18992039561271667,0.049085017293691635,0.0013206555636315898,14.906842231750488,895,nan,-1.0,True,,False,0.010050058364868164,0.0,0.010050058364868164,100.0,100.0,1.0,0.0,0.0,0.0,0.0,0.0
1487,80.48853302001953,-0.0,0.0,-0.0,80.48853302001953,0.009460698813199997,3.1583428382873535,0.5714417099952698,-0.0,0.0,0.0,0.0,0.0,0.0,0.0,0.0,0.0,0.0,0.0,0.0,0.023000000044703484,0.023000000044703484,0.02,0.15,0.0,0.0,0.0,0.0,0.0,0.0,0.0,0.0,0.0,0.0,0.0,0.0,0.1900857836008072,0.052829232066869736,0.0011107754307886353,14.906842231750488,895,nan,-1.0,True,,False,0.010050058364868164,0.0,0.010050058364868164,100.0,100.0,1.0,0.0,0.0,0.0,0.0,0.0
1488,65.56260681152344,-0.0,0.0,-0.0,65.56260681152344,0.014003029093146324,3.1366944313049316,0.571394681930542,-0.0,0.0,0.0,0.0,0.0,0.0,0.0,0.0,0.0,0.0,0.0,0.0,0.023000000044703484,0.023000000044703484,0.02,0.15,0.0,0.0,0.0,0.0,0.0,0.0,0.0,0.0,0.0,0.0,0.0,0.0,0.19024600088596344,0.05714768171310425,0.0013877244268769573,14.906842231750488,895,nan,-1.0,True,,False,0.010050058364868164,0.0,0.010050058364868164,100.0,100.0,1.0,0.0,0.0,0.0,0.0,0.0
1489,107.22998809814453,-0.0,0.0,-0.0,107.22998809814453,0.005097084678709507,3.113945960998535,0.5715334415435791,-0.0,0.0,0.0,0.0,0.0,0.0,0.0,0.0,0.0,0.0,0.0,0.0,0.023000000044703484,0.023000000044703484,0.02,0.15,0.0,0.0,0.0,0.0,0.0,0.0,0.0,0.0,0.0,0.0,0.0,0.0,0.19039927423000336,0.05615128204226494,0.0009502986813458847,14.906842231750488,895,nan,-1.0,True,,False,0.010050058364868164,0.0,0.010050058364868164,100.0,100.0,1.0,0.0,0.0,0.0,0.0,0.0
1490,60.329246520996094,-0.0,0.0,-0.0,60.329246520996094,0.01620468497276306,3.0920419692993164,0.5712797045707703,-0.0,0.0,0.0,0.0,0.0,0.0,0.0,0.0,0.0,0.0,0.0,0.0,0.023000000044703484,0.023000000044703484,0.02,0.15,0.0,0.0,0.0,0.0,0.0,0.0,0.0,0.0,0.0,0.0,0.0,0.0,0.19059546291828156,0.05527615547180176,0.0010350160682719434,14.906842231750488,895,nan,-1.0,True,,False,0.010050058364868164,0.0,0.010050058364868164,100.0,100.0,1.0,0.0,0.0,0.0,0.0,0.0
1491,31.207380294799805,-0.0,0.0,-0.0,31.207380294799805,0.04305904358625412,3.069416046142578,0.5709919333457947,-0.0,0.0,0.0,0.0,0.0,0.0,0.0,0.0,0.0,0.0,0.0,0.0,0.023000000044703484,0.023000000044703484,0.02,0.15,0.0,0.0,0.0,0.0,0.0,0.0,0.0,0.0,0.0,0.0,0.0,0.0,0.19079531729221344,0.05442529171705246,0.001054161212323379,14.906842231750488,895,nan,-1.0,True,,False,0.010050058364868164,0.0,0.010050058364868164,100.0,100.0,1.0,0.0,0.0,0.0,0.0,0.0
1492,21.362123489379883,-0.0,0.0,-0.0,21.362123489379883,0.06637825816869736,3.0464649200439453,0.570733368396759,-0.0,0.0,0.0,0.0,0.0,0.0,0.0,0.0,0.0,0.0,0.0,0.0,0.023000000044703484,0.023000000044703484,0.02,0.15,0.0,0.0,0.0,0.0,0.0,0.0,0.0,0.0,0.0,0.0,0.0,0.0,0.19099251925945282,0.053565364331007004,0.0012903256306344701,14.906842231750488,895,nan,-1.0,True,,False,0.010050058364868164,0.0,0.010050058364868164,100.0,100.0,1.0,0.0,0.0,0.0,0.0,0.0
1493,20.88984489440918,-0.0,0.0,-0.0,20.88984489440918,0.0678693950176239,3.022615909576416,0.5704939961433411,-0.0,0.0,0.0,0.0,0.0,0.0,0.0,0.0,0.0,0.0,0.0,0.0,0.023000000044703484,0.023000000044703484,0.02,0.15,0.0,0.0,0.0,0.0,0.0,0.0,0.0,0.0,0.0,0.0,0.0,0.0,0.19119010865688324,0.05277279019355774,0.0012931234780353407,14.906842231750488,895,nan,-1.0,True,,False,0.010050058364868164,0.0,0.010050058364868164,100.0,100.0,1.0,0.0,0.0,0.0,0.0,0.0
1494,22.539562225341797,-0.0,0.0,-0.0,22.539562225341797,0.06263218820095062,2.9978442192077637,0.5703017115592957,-0.0,0.0,0.0,0.0,0.0,0.0,0.0,0.0,0.0,0.0,0.0,0.0,0.023000000044703484,0.023000000044703484,0.02,0.15,0.0,0.0,0.0,0.0,0.0,0.0,0.0,0.0,0.0,0.0,0.0,0.0,0.19139353930950165,0.052047207951545715,0.000991610948858579,14.906842231750488,895,nan,-1.0,True,,False,0.010050058364868164,0.0,0.010050058364868164,100.0,100.0,1.0,0.0,0.0,0.0,0.0,0.0
1495,28.987022399902344,-0.0,0.0,-0.0,28.987022399902344,0.047027505934238434,2.973989486694336,0.5701495409011841,-0.0,0.0,0.0,0.0,0.0,0.0,0.0,0.0,0.0,0.0,0.0,0.0,0.023000000044703484,0.023000000044703484,0.02,0.15,0.0,0.0,0.0,0.0,0.0,0.0,0.0,0.0,0.0,0.0,0.0,0.0,0.1915985494852066,0.05135084688663483,0.0009905365677695954,14.906842231750488,895,nan,-1.0,True,,False,0.010050058364868164,0.0,0.010050058364868164,100.0,100.0,1.0,0.0,0.0,0.0,0.0,0.0
1496,44.49418258666992,-0.0,0.0,-0.0,44.49418258666992,0.026391416788101196,2.956663131713867,0.570008397102356,-0.0,0.0,0.0,0.0,0.0,0.0,0.0,0.0,0.0,0.0,0.0,0.0,0.023000000044703484,0.023000000044703484,0.02,0.15,0.0,0.0,0.0,0.0,0.0,0.0,0.0,0.0,0.0,0.0,0.0,0.0,0.1918128877878189,0.05069667100906372,0.0009904119044676918,14.906842231750488,895,nan,-1.0,True,,False,0.010050058364868164,0.0,0.010050058364868164,100.0,100.0,1.0,0.0,0.0,0.0,0.0,0.0
1497,167.02708435058594,-0.0,0.0,-0.0,167.02708435058594,0.0016043070936575532,2.941765785217285,0.5699518322944641,-0.0,0.0,0.0,0.0,0.0,0.0,0.0,0.0,0.0,0.0,0.0,0.0,0.023000000044703484,0.023000000044703484,0.02,0.15,0.0,0.0,0.0,0.0,0.0,0.0,0.0,0.0,0.0,0.0,0.0,0.0,0.19202259182929993,0.05009465664625168,0.0009867613459846325,14.906842231750488,895,nan,-1.0,True,,False,0.010050058364868164,0.0,0.010050058364868164,100.0,100.0,1.0,0.0,0.0,0.0,0.0,0.0
1498,44.42138671875,-0.0,0.0001283677265746519,-0.0,44.4211311340332,0.02681628055870533,2.927919387817383,0.5777997970581055,-0.0,0.0,0.0,0.0,0.0,0.0,0.0,0.0,0.0,0.0,0.0,0.0,0.023000000044703484,0.023000000044703484,0.02,0.15,0.0,0.0,0.0,0.0,0.0,0.0,0.0,0.0,0.0,0.0,0.0,0.0,0.1922360211610794,0.04943350329995155,0.0010132230729595904,14.906842231750488,895,nan,-1.0,True,,False,0.010050058364868164,0.0,0.010050058364868164,100.0,100.0,1.0,0.0,0.0,0.0,0.0,0.0
1499,73.06986999511719,-0.0,0.010148600675165653,-0.0,73.04957580566406,0.011534521356225014,2.914976119995117,0.577639639377594,-0.0,0.0,0.0,0.0,0.0,0.0,0.0,0.0,0.0,0.0,0.0,0.0,0.023000000044703484,0.023000000044703484,0.02,0.15,0.0,0.0,0.0,0.0,0.0,0.0,0.0,0.0,0.0,0.0,0.0,0.0,0.19244132936000824,0.044962987303733826,0.0012706889087894524,14.906842231750488,895,nan,-1.0,True,,False,0.010050058364868164,0.0,0.010050058364868164,100.0,100.0,1.0,0.0,0.0,0.0,0.0,0.0
1500,54.45041275024414,-0.0,0.04552546143531799,-0.0,54.3593635559082,0.01952305994927883,2.903562545776367,0.5775159001350403,-0.0,0.0,0.0,0.0,0.0,0.0,0.0,0.0,0.0,0.0,0.0,0.0,0.023000000044703484,0.023000000044703484,0.02,0.15,0.0,0.0,0.0,0.0,0.0,0.0,0.0,0.0,0.0,0.0,0.0,0.0,0.19266720116138458,0.03933165222406387,0.0011904763116490358,14.906842231750488,895,nan,-1.0,True,,False,0.010050058364868164,0.0,0.010050058364868164,100.0,100.0,1.0,0.0,0.0,0.0,0.0,0.0
1501,86.14371490478516,-0.0,0.11925893276929855,-0.0,85.90519714355469,0.008354482240974903,2.89089298248291,0.5775068998336792,-0.0,0.0,0.0,0.0,0.0,0.0,0.0,0.0,0.0,0.0,0.0,0.0,0.023000000044703484,0.023000000044703484,0.02,0.15,0.0,0.0,0.0,0.0,0.0,0.0,0.0,0.0,0.0,0.0,0.0,0.0,0.19286960363388062,0.03273305669426918,0.0012322762054282066,14.906842231750488,895,nan,-1.0,True,,False,0.010050058364868164,0.0,0.010050058364868164,100.0,100.0,1.0,0.0,0.0,0.0,0.0,0.0
1502,72.89582061767578,-0.0,0.27783191204071045,-0.0,72.34015655517578,0.011783982627093792,2.876542091369629,0.57792729139328,-0.0,0.0,0.0,0.0,0.0,0.0,0.0,0.0,0.0,0.0,0.0,0.0,0.023000000044703484,0.023000000044703484,0.02,0.15,0.0,0.0,0.0,0.0,0.0,0.0,0.0,0.0,0.0,0.0,0.0,0.0,0.19304366409778595,0.02364511787891388,0.001700766608792037,14.906842231750488,895,nan,-1.0,True,,False,0.010050058364868164,0.0,0.010050058364868164,100.0,100.0,1.0,0.0,0.0,0.0,0.0,0.0
1503,47.75243377685547,-0.0,0.1858968734741211,-0.0,47.38064193725586,0.02439134195446968,2.8612985610961914,0.5779321789741516,-0.0,0.0,0.0,0.0,0.0,0.0,0.0,0.0,0.0,0.0,0.0,0.0,0.023000000044703484,0.023000000044703484,0.02,0.15,0.0,0.0,0.0,0.0,0.0,0.0,0.0,0.0,0.0,0.0,0.0,0.0,0.1932353526353836,0.02844212017953396,0.0008194985725822335,14.906842231750488,895,nan,-1.0,True,,False,0.010050058364868164,0.0,0.010050058364868164,100.0,100.0,1.0,0.0,0.0,0.0,0.0,0.0
1504,59.51442337036133,-0.0,0.024079173803329468,-0.0,59.46626663208008,0.0169104915112257,2.8458428382873535,0.5810961127281189,-0.0,0.0,0.0,0.0,0.0,0.0,0.0,0.0,0.0,0.0,0.0,0.0,0.023000000044703484,0.023000000044703484,0.02,0.15,0.0,0.0,0.0,0.0,0.0,0.0,0.0,0.0,0.0,0.0,0.0,0.0,0.1934587061405182,0.04224126785993576,0.0014495850364255602,14.906842231750488,895,nan,-1.0,True,,False,0.010050058364868164,0.0,0.010050058364868164,100.0,100.0,1.0,0.0,0.0,0.0,0.0,0.0
1505,342.3524169921875,-0.0,0.0036717059556394815,-0.0,342.3450622558594,0.0001329193328274414,2.8291187286376953,0.5722737312316895,-0.0,0.0,0.0,0.0,0.0,0.0,0.0,0.0,0.0,0.0,0.0,0.0,0.023000000044703484,0.023000000044703484,0.02,0.15,0.0,0.0,0.0,0.0,0.0,0.0,0.0,0.0,0.0,0.0,0.0,0.0,0.19350504875183105,0.046970270574092865,0.001425000373274088,14.906842231750488,895,nan,-1.0,True,,False,0.010050058364868164,0.0,0.010050058364868164,100.0,100.0,1.0,0.0,0.0,0.0,0.0,0.0
1506,61.01755142211914,-0.0,0.002385459141805768,-0.0,61.012779235839844,0.016011331230401993,2.812331199645996,0.5754042267799377,-0.0,0.0,0.0,0.0,0.0,0.0,0.0,0.0,0.0,0.0,0.0,0.0,0.023000000044703484,0.023000000044703484,0.02,0.15,0.0,0.0,0.0,0.0,0.0,0.0,0.0,0.0,0.0,0.0,0.0,0.0,0.1935560703277588,0.04755794256925583,0.0014275026719587913,14.906842231750488,895,nan,-1.0,True,,False,0.010050058364868164,0.0,0.010050058364868164,100.0,100.0,1.0,0.0,0.0,0.0,0.0,0.0
1507,87.3991470336914,-0.0,0.0016852995613589883,-0.0,87.3957748413086,0.008039296604692936,2.803859233856201,0.5749690532684326,-0.0,0.0,0.0,0.0,0.0,0.0,0.0,0.0,0.0,0.0,0.0,0.0,0.023000000044703484,0.023000000044703484,0.02,0.15,0.0,0.0,0.0,0.0,0.0,0.0,0.0,0.0,0.0,0.0,0.0,0.0,0.19368213415145874,0.04794738069176674,0.001040932936120953,14.906842231750488,895,nan,-1.0,True,,False,0.010050058364868164,0.0,0.010050058364868164,100.0,100.0,1.0,0.0,0.0,0.0,0.0,0.0
1508,134.07687377929688,-0.0,0.0012566926889121532,-0.0,134.07435607910156,0.0029562311246991158,2.820310592651367,0.5744754076004028,-0.0,0.0,0.0,0.0,0.0,0.0,0.0,0.0,0.0,0.0,0.0,0.0,0.023000000044703484,0.023000000044703484,0.02,0.15,0.0,0.0,0.0,0.0,0.0,0.0,0.0,0.0,0.0,0.0,0.0,0.0,0.19380532205104828,0.04822750762104988,0.0011225590048979939,14.906842231750488,895,nan,-1.0,True,,False,0.010050058364868164,0.0,0.010050058364868164,100.0,100.0,1.0,0.0,0.0,0.0,0.0,0.0
1509,43.43574142456055,-0.0,0.000886930909473449,-0.0,43.43396759033203,0.027575531974434853,2.8372926712036133,0.5739471316337585,-0.0,0.0,0.0,0.0,0.0,0.0,0.0,0.0,0.0,0.0,0.0,0.0,0.023000000044703484,0.023000000044703484,0.02,0.15,0.0,0.0,0.0,0.0,0.0,0.0,0.0,0.0,0.0,0.0,0.0,0.0,0.1939256489276886,0.04851093143224716,0.0011344052031745377,14.906842231750488,895,nan,-1.0,True,,False,0.010050058364868164,0.0,0.010050058364868164,100.0,100.0,1.0,0.0,0.0,0.0,0.0,0.0
1510,48.78986740112305,-0.0,0.0005199744482524693,-0.0,48.78882598876953,0.023077096790075302,2.8549323081970215,0.5735001564025879,-0.0,0.0,0.0,0.0,0.0,0.0,0.0,0.0,0.0,0.0,0.0,0.0,0.023000000044703484,0.023000000044703484,0.02,0.15,0.0,0.0,0.0,0.0,0.0,0.0,0.0,0.0,0.0,0.0,0.0,0.0,0.1940336525440216,0.048859853297472,0.0009216165681209532,14.906842231750488,895,nan,-1.0,True,,False,0.010050058364868164,0.0,0.010050058364868164,100.0,100.0,1.0,0.0,0.0,0.0,0.0,0.0
1511,59.57789993286133,-0.0,0.0010268690530210733,-0.0,59.57584762573242,0.0166015625,2.8731775283813477,0.5731079578399658,-0.0,0.0,0.0,0.0,0.0,0.0,0.0,0.0,0.0,0.0,0.0,0.0,0.023000000044703484,0.023000000044703484,0.02,0.15,0.0,0.0,0.0,0.0,0.0,0.0,0.0,0.0,0.0,0.0,0.0,0.0,0.19413261115550995,0.04839776083827019,0.001252367392226006,14.906842231750488,895,nan,-1.0,True,,False,0.010050058364868164,0.0,0.010050058364868164,100.0,100.0,1.0,0.0,0.0,0.0,0.0,0.0
1512,41.91141128540039,-0.0,0.0017533673672005534,-0.0,41.90790557861328,0.02897028811275959,2.8921241760253906,0.5726723074913025,-0.0,0.0,0.0,0.0,0.0,0.0,0.0,0.0,0.0,0.0,0.0,0.0,0.023000000044703484,0.023000000044703484,0.02,0.15,0.0,0.0,0.0,0.0,0.0,0.0,0.0,0.0,0.0,0.0,0.0,0.0,0.19423522055149078,0.047906339168548584,0.001051877622558095,14.906842231750488,895,nan,-1.0,True,,False,0.010050058364868164,0.0,0.010050058364868164,100.0,100.0,1.0,0.0,0.0,0.0,0.0,0.0
1513,149.17385864257812,-0.0,0.002714965958148241,-0.0,149.16842651367188,0.0022024407517164946,2.911226749420166,0.5690816640853882,-0.0,0.0,0.0,0.0,0.0,0.0,0.0,0.0,0.0,0.0,0.0,0.0,0.023000000044703484,0.023000000044703484,0.02,0.15,0.0,0.0,0.0,0.0,0.0,0.0,0.0,0.0,0.0,0.0,0.0,0.0,0.1943783313035965,0.047394733875989914,0.0011901033410595119,14.906842231750488,895,nan,-1.0,True,,False,0.010050058364868164,0.0,0.010050058364868164,100.0,100.0,1.0,0.0,0.0,0.0,0.0,0.0
1514,36.374141693115234,-0.0,0.004231062717735767,-0.0,36.36568069458008,0.03510212153196335,2.930388927459717,0.5685324668884277,-0.0,0.0,0.0,0.0,0.0,0.0,0.0,0.0,0.0,0.0,0.0,0.0,0.023000000044703484,0.023000000044703484,0.02,0.15,0.0,0.0,0.0,0.0,0.0,0.0,0.0,0.0,0.0,0.0,0.0,0.0,0.1945444792509079,0.04674766957759857,0.0014057194989618438,14.906842231750488,895,nan,-1.0,True,,False,0.010050058364868164,0.0,0.010050058364868164,100.0,100.0,1.0,0.0,0.0,0.0,0.0,0.0
1515,50.507137298583984,-0.0,0.006376372184604406,-0.0,50.494384765625,0.02164662629365921,2.949455738067627,0.5680992007255554,-0.0,0.0,0.0,0.0,0.0,0.0,0.0,0.0,0.0,0.0,0.0,0.0,0.023000000044703484,0.023000000044703484,0.02,0.15,0.0,0.0,0.0,0.0,0.0,0.0,0.0,0.0,0.0,0.0,0.0,0.0,0.19472214579582214,0.046007391065359116,0.0014134565990389092,14.906842231750488,895,nan,-1.0,True,,False,0.010050058364868164,0.0,0.010050058364868164,100.0,100.0,1.0,0.0,0.0,0.0,0.0,0.0
1516,134.8043212890625,-0.0,0.009186966344714165,-0.0,134.78594970703125,0.002880137413740158,2.9688782691955566,0.567707359790802,-0.0,0.0,0.0,0.0,0.0,0.0,0.0,0.0,0.0,0.0,0.0,0.0,0.023000000044703484,0.023000000044703484,0.02,0.15,0.0,0.0,0.0,0.0,0.0,0.0,0.0,0.0,0.0,0.0,0.0,0.0,0.1949051171541214,0.045207567512989044,0.00132884178947279,14.906842231750488,895,nan,-1.0,True,,False,0.010050058364868164,0.0,0.010050058364868164,100.0,100.0,1.0,0.0,0.0,0.0,0.0,0.0
1517,246.45053100585938,-0.0,0.012622116133570671,-0.0,246.42529296875,0.00046133564319461584,2.9879331588745117,0.5671570897102356,-0.0,0.0,0.0,0.0,0.0,0.0,0.0,0.0,0.0,0.0,0.0,0.0,0.023000000044703484,0.023000000044703484,0.02,0.15,0.0,0.0,0.0,0.0,0.0,0.0,0.0,0.0,0.0,0.0,0.0,0.0,0.19509631395339966,0.04438259080052376,0.0014388271572443045,14.906842231750488,895,nan,-1.0,True,,False,0.010050058364868164,0.0,0.010050058364868164,100.0,100.0,1.0,0.0,0.0,0.0,0.0,0.0
1518,71.57062530517578,-0.0,0.016108224168419838,-0.0,71.53840637207031,0.011762330308556557,3.0048389434814453,0.5666952729225159,-0.0,0.0,0.0,0.0,0.0,0.0,0.0,0.0,0.0,0.0,0.0,0.0,0.023000000044703484,0.023000000044703484,0.02,0.15,0.0,0.0,0.0,0.0,0.0,0.0,0.0,0.0,0.0,0.0,0.0,0.0,0.19529175758361816,0.04365409165620804,0.0014482730855434056,14.906842231750488,895,nan,-1.0,True,,False,0.010050058364868164,0.0,0.010050058364868164,100.0,100.0,1.0,0.0,0.0,0.0,0.0,0.0
1519,50.39918899536133,-0.0,0.0188822690397501,-0.0,50.36142349243164,0.021629875525832176,3.0197315216064453,0.5663937330245972,-0.0,0.0,0.0,0.0,0.0,0.0,0.0,0.0,0.0,0.0,0.0,0.0,0.023000000044703484,0.023000000044703484,0.02,0.15,0.0,0.0,0.0,0.0,0.0,0.0,0.0,0.0,0.0,0.0,0.0,0.0,0.19552315771579742,0.04312936216592789,0.001445680238703062,14.906842231750488,895,nan,-1.0,True,,False,0.010050058364868164,0.0,0.010050058364868164,100.0,100.0,1.0,0.0,0.0,0.0,0.0,0.0
1520,40.641109466552734,-0.0,0.02035771682858467,-0.0,40.60039520263672,0.029940340667963028,3.033778667449951,0.566333532333374,-0.0,0.0,0.0,0.0,0.0,0.0,0.0,0.0,0.0,0.0,0.0,0.0,0.023000000044703484,0.023000000044703484,0.02,0.15,0.0,0.0,0.0,0.0,0.0,0.0,0.0,0.0,0.0,0.0,0.0,0.0,0.1957736760377884,0.04286597669124603,0.00143355535237788,14.906842231750488,895,nan,-1.0,True,,False,0.010050058364868164,0.0,0.010050058364868164,100.0,100.0,1.0,0.0,0.0,0.0,0.0,0.0
1521,35.81657028198242,-0.0,0.018950721248984337,-0.0,35.77866744995117,0.035687923431396484,3.047630786895752,0.566421627998352,-0.0,0.0,0.0,0.0,0.0,0.0,0.0,0.0,0.0,0.0,0.0,0.0,0.023000000044703484,0.023000000044703484,0.02,0.15,0.0,0.0,0.0,0.0,0.0,0.0,0.0,0.0,0.0,0.0,0.0,0.0,0.19604624807834625,0.043116919696331024,0.0008764414674260479,14.906842231750488,895,nan,-1.0,True,,False,0.010050058364868164,0.0,0.010050058364868164,100.0,100.0,1.0,0.0,0.0,0.0,0.0,0.0
1522,33.18938064575195,-0.0,0.016156788915395737,-0.0,33.157066345214844,0.0394580215215683,3.061746597290039,0.5666126012802124,-0.0,0.0,0.0,0.0,0.0,0.0,0.0,0.0,0.0,0.0,0.0,0.0,0.023000000044703484,0.023000000044703484,0.02,0.15,0.0,0.0,0.0,0.0,0.0,0.0,0.0,0.0,0.0,0.0,0.0,0.0,0.19626620411872864,0.043644532561302185,0.001053982344274118,14.906842231750488,895,nan,-1.0,True,,False,0.010050058364868164,0.0,0.010050058364868164,100.0,100.0,1.0,0.0,0.0,0.0,0.0,0.0
1523,50.212833404541016,-0.0,0.012981036677956581,-0.0,50.18687057495117,0.021951228380203247,3.075801372528076,0.5712057948112488,-0.0,0.0,0.0,0.0,0.0,0.0,0.0,0.0,0.0,0.0,0.0,0.0,0.023000000044703484,0.023000000044703484,0.02,0.15,0.0,0.0,0.0,0.0,0.0,0.0,0.0,0.0,0.0,0.0,0.0,0.0,0.19645129144191742,0.0443032830953598,0.001137371897129924,14.906842231750488,895,nan,-1.0,True,,False,0.010050058364868164,0.0,0.010050058364868164,100.0,100.0,1.0,0.0,0.0,0.0,0.0,0.0
1524,133.96177673339844,-0.0,0.04286044090986252,-0.0,133.8760528564453,0.002946358174085617,3.090280532836914,0.5714048147201538,-0.0,0.0,0.0,0.0,0.0,0.0,0.0,0.0,0.0,0.0,0.0,0.0,0.023000000044703484,0.023000000044703484,0.02,0.15,0.0,0.0,0.0,0.0,0.0,0.0,0.0,0.0,0.0,0.0,0.0,0.0,0.19661113619804382,0.039648618549108505,0.0012505975844305794,14.906842231750488,895,nan,-1.0,True,,False,0.010050058364868164,0.0,0.010050058364868164,100.0,100.0,1.0,0.0,0.0,0.0,0.0,0.0
1525,171.8340606689453,-0.0,0.14131298661231995,-0.0,171.5514373779297,0.001488648122176528,3.1055850982666016,0.5716420412063599,-0.0,0.0,0.0,0.0,0.0,0.0,0.0,0.0,0.0,0.0,0.0,0.0,0.023000000044703484,0.023000000044703484,0.02,0.15,0.0,0.0,0.0,0.0,0.0,0.0,0.0,0.0,0.0,0.0,0.0,0.0,0.19678163528442383,0.031204190105199814,0.0005316521892382298,14.906842231750488,895,nan,-1.0,True,,False,0.010050058364868164,0.0,0.010050058364868164,100.0,100.0,1.0,0.0,0.0,0.0,0.0,0.0
1526,56.311187744140625,-0.0,0.23685476183891296,-0.0,55.83747863769531,0.01847609132528305,3.121246337890625,0.5718191266059875,-0.0,0.0,0.0,0.0,0.0,0.0,0.0,0.0,0.0,0.0,0.0,0.0,0.023000000044703484,0.023000000044703484,0.02,0.15,0.0,0.0,0.0,0.0,0.0,0.0,0.0,0.0,0.0,0.0,0.0,0.0,0.1969253271818161,0.025666136294603348,0.0005442811457214702,14.906842231750488,895,nan,-1.0,True,,False,0.010050058364868164,0.0,0.010050058364868164,100.0,100.0,1.0,0.0,0.0,0.0,0.0,0.0
1527,62.98111343383789,-0.0,0.23730728030204773,-0.0,62.506500244140625,0.01514146476984024,3.1371512413024902,0.5682229995727539,-0.0,0.0,0.0,0.0,0.0,0.0,0.0,0.0,0.0,0.0,0.0,0.0,0.023000000044703484,0.023000000044703484,0.02,0.15,0.0,0.0,0.0,0.0,0.0,0.0,0.0,0.0,0.0,0.0,0.0,0.0,0.1971224993467331,0.02564290165901184,0.0011611211812123656,14.906842231750488,895,nan,-1.0,True,,False,0.010050058364868164,0.0,0.010050058364868164,100.0,100.0,1.0,0.0,0.0,0.0,0.0,0.0
1528,73.24174499511719,-0.0,0.18220674991607666,-0.0,72.87733459472656,0.011417169123888016,3.153275966644287,0.5684362649917603,-0.0,0.0,0.0,0.0,0.0,0.0,0.0,0.0,0.0,0.0,0.0,0.0,0.023000000044703484,0.023000000044703484,0.02,0.15,0.0,0.0,0.0,0.0,0.0,0.0,0.0,0.0,0.0,0.0,0.0,0.0,0.19737498462200165,0.028657158836722374,0.001167233648857291,14.906842231750488,895,nan,-1.0,True,,False,0.010050058364868164,0.0,0.010050058364868164,100.0,100.0,1.0,0.0,0.0,0.0,0.0,0.0
1529,89.86621856689453,-0.0,0.1459984928369522,-0.0,89.57421875,0.007543082349002361,3.1700401306152344,0.5685994029045105,-0.0,0.0,0.0,0.0,0.0,0.0,0.0,0.0,0.0,0.0,0.0,0.0,0.023000000044703484,0.023000000044703484,0.02,0.15,0.0,0.0,0.0,0.0,0.0,0.0,0.0,0.0,0.0,0.0,0.0,0.0,0.19764548540115356,0.03089512512087822,0.0012852174727413512,14.906842231750488,895,nan,-1.0,True,,False,0.010050058364868164,0.0,0.010050058364868164,100.0,100.0,1.0,0.0,0.0,0.0,0.0,0.0
1530,90.45309448242188,-0.0,0.11292640119791031,-0.0,90.22724151611328,0.00742303766310215,3.1876587867736816,0.5684224367141724,-0.0,0.0,0.0,0.0,0.0,0.0,0.0,0.0,0.0,0.0,0.0,0.0,0.023000000044703484,0.023000000044703484,0.02,0.15,0.0,0.0,0.0,0.0,0.0,0.0,0.0,0.0,0.0,0.0,0.0,0.0,0.1979602426290512,0.033197738230228424,0.0011683833024562773,14.906842231750488,895,nan,-1.0,True,,False,0.010050058364868164,0.0,0.010050058364868164,100.0,100.0,1.0,0.0,0.0,0.0,0.0,0.0
1531,31.30828857421875,-0.0,0.0633058175444603,-0.0,31.181676864624023,0.042927227914333344,3.2057833671569824,0.56852787733078,-0.0,0.0,0.0,0.0,0.0,0.0,0.0,0.0,0.0,0.0,0.0,0.0,0.023000000044703484,0.023000000044703484,0.02,0.15,0.0,0.0,0.0,0.0,0.0,0.0,0.0,0.0,0.0,0.0,0.0,0.0,0.19822877645492554,0.037419676780700684,0.0012405556335579604,14.906842231750488,895,nan,-1.0,True,,False,0.010050058364868164,0.0,0.010050058364868164,100.0,100.0,1.0,0.0,0.0,0.0,0.0,0.0
1532,36.96476745605469,-0.0,0.14330600202083588,-0.0,36.67815399169922,0.03522074967622757,3.224438190460205,0.5764950513839722,-0.0,0.0,0.0,0.0,0.0,0.0,0.0,0.0,0.0,0.0,0.0,0.0,0.023000000044703484,0.023000000044703484,0.02,0.15,0.0,0.0,0.0,0.0,0.0,0.0,0.0,0.0,0.0,0.0,0.0,0.0,0.19855423271656036,0.031072109937667847,0.0012944164882355835,14.906842231750488,895,nan,-1.0,True,,False,0.010050058364868164,0.0,0.010050058364868164,100.0,100.0,1.0,0.0,0.0,0.0,0.0,0.0
1533,34.97792053222656,-0.0,0.22784751653671265,-0.0,34.52222442626953,0.03783608600497246,3.2432446479797363,0.5718273520469666,-0.0,0.0,0.0,0.0,0.0,0.0,0.0,0.0,0.0,0.0,0.0,0.0,0.023000000044703484,0.023000000044703484,0.02,0.15,0.0,0.0,0.0,0.0,0.0,0.0,0.0,0.0,0.0,0.0,0.0,0.0,0.19886432588100433,0.026133311912417412,0.0011438222618380678,14.906842231750488,895,nan,-1.0,True,,False,0.010050058364868164,0.0,0.010050058364868164,100.0,100.0,1.0,0.0,0.0,0.0,0.0,0.0
1534,76.15403747558594,-0.0,0.29660430550575256,-0.0,75.56082916259766,0.010769760236144066,3.2622780799865723,0.5738290548324585,-0.0,0.0,0.0,0.0,0.0,0.0,0.0,0.0,0.0,0.0,0.0,0.0,0.023000000044703484,0.023000000044703484,0.02,0.15,0.0,0.0,0.0,0.0,0.0,0.0,0.0,0.0,0.0,0.0,0.0,0.0,0.1988992840051651,0.022769303992390633,0.0012708487420241,14.906842231750488,895,nan,-1.0,True,,False,0.010050058364868164,0.0,0.010050058364868164,100.0,100.0,1.0,0.0,0.0,0.0,0.0,0.0
1535,94.0660629272461,-0.0,0.08703237771987915,-0.0,93.89199829101562,0.006914231926202774,3.2814927101135254,0.5770015120506287,-0.0,0.0,0.0,0.0,0.0,0.0,0.0,0.0,0.0,0.0,0.0,0.0,0.023000000044703484,0.023000000044703484,0.02,0.15,0.0,0.0,0.0,0.0,0.0,0.0,0.0,0.0,0.0,0.0,0.0,0.0,0.19912108778953552,0.03524937480688095,0.0013908992980304902,14.906842231750488,895,nan,-1.0,True,,False,0.010050058364868164,0.0,0.010050058364868164,100.0,100.0,1.0,0.0,0.0,0.0,0.0,0.0
1536,66.85563659667969,-0.0,0.07885776460170746,-0.0,66.69792175292969,0.013716168701648712,3.3009119033813477,0.5775298476219177,-0.0,0.0,0.0,0.0,0.0,0.0,0.0,0.0,0.0,0.0,0.0,0.0,0.023000000044703484,0.023000000044703484,0.02,0.15,0.0,0.0,0.0,0.0,0.0,0.0,0.0,0.0,0.0,0.0,0.0,0.0,0.19925107061862946,0.035959187895059586,0.0012790888740710216,14.906842231750488,895,nan,-1.0,True,,False,0.010050058364868164,0.0,0.010050058364868164,100.0,100.0,1.0,0.0,0.0,0.0,0.0,0.0
1537,78.778076171875,-0.0,0.15910394489765167,-0.0,78.45986938476562,0.01001194678246975,3.320500373840332,0.5738040208816528,-0.0,0.0,0.0,0.0,0.0,0.0,0.0,0.0,0.0,0.0,0.0,0.0,0.023000000044703484,0.023000000044703484,0.02,0.15,0.0,0.0,0.0,0.0,0.0,0.0,0.0,0.0,0.0,0.0,0.0,0.0,0.1994139403104782,0.03005608171224594,0.0013420093221157003,14.906842231750488,895,nan,-1.0,True,,False,0.010050058364868164,0.0,0.010050058364868164,100.0,100.0,1.0,0.0,0.0,0.0,0.0,0.0
1538,183.20098876953125,-0.0,0.09529995173215866,-0.0,183.01039123535156,0.001246000058017671,3.340404510498047,0.5781328678131104,-0.0,0.0,0.0,0.0,0.0,0.0,0.0,0.0,0.0,0.0,0.0,0.0,0.023000000044703484,0.023000000044703484,0.02,0.15,0.0,0.0,0.0,0.0,0.0,0.0,0.0,0.0,0.0,0.0,0.0,0.0,0.1994929015636444,0.034564655274152756,0.0007927926590127754,14.906842231750488,895,nan,-1.0,True,,False,0.010050058364868164,0.0,0.010050058364868164,100.0,100.0,1.0,0.0,0.0,0.0,0.0,0.0
1539,56.46687316894531,-0.0,0.041871778666973114,-0.0,56.38312911987305,0.018459327518939972,3.3602371215820312,0.5785507559776306,-0.0,0.0,0.0,0.0,0.0,0.0,0.0,0.0,0.0,0.0,0.0,0.0,0.023000000044703484,0.023000000044703484,0.02,0.15,0.0,0.0,0.0,0.0,0.0,0.0,0.0,0.0,0.0,0.0,0.0,0.0,0.19960308074951172,0.039768703281879425,0.00045205571882434015,14.906842231750488,895,nan,-1.0,True,,False,0.010050058364868164,0.0,0.010050058364868164,100.0,100.0,1.0,0.0,0.0,0.0,0.0,0.0
1540,45.8693962097168,-0.0,0.09716558456420898,-0.0,45.67506408691406,0.025623083114624023,3.381509304046631,0.5735770463943481,-0.0,0.0,0.0,0.0,0.0,0.0,0.0,0.0,0.0,0.0,0.0,0.0,0.023000000044703484,0.023000000044703484,0.02,0.15,0.0,0.0,0.0,0.0,0.0,0.0,0.0,0.0,0.0,0.0,0.0,0.0,0.19974452257156372,0.03441430255770683,0.0011325857894917135,14.906842231750488,895,nan,-1.0,True,,False,0.010050058364868164,0.0,0.010050058364868164,100.0,100.0,1.0,0.0,0.0,0.0,0.0,0.0
1541,76.80220794677734,-0.0,0.08067823201417923,-0.0,76.64085388183594,0.010568659752607346,3.4026718139648438,0.5785454511642456,-0.0,0.0,0.0,0.0,0.0,0.0,0.0,0.0,0.0,0.0,0.0,0.0,0.023000000044703484,0.023000000044703484,0.02,0.15,0.0,0.0,0.0,0.0,0.0,0.0,0.0,0.0,0.0,0.0,0.0,0.0,0.19979450106620789,0.03579804301261902,0.0011629264877228707,14.906842231750488,895,nan,-1.0,True,,False,0.010050058364868164,0.0,0.010050058364868164,100.0,100.0,1.0,0.0,0.0,0.0,0.0,0.0
1542,112.34208679199219,-0.0,0.10648046433925629,-0.0,112.1291275024414,0.004642166197299957,3.4242095947265625,0.5788416266441345,-0.0,0.0,0.0,0.0,0.0,0.0,0.0,0.0,0.0,0.0,0.0,0.0,0.023000000044703484,0.023000000044703484,0.02,0.15,0.0,0.0,0.0,0.0,0.0,0.0,0.0,0.0,0.0,0.0,0.0,0.0,0.1998804807662964,0.03368432819843292,0.001101234572388421,14.906842231750488,895,nan,-1.0,True,,False,0.010050058364868164,0.0,0.010050058364868164,100.0,100.0,1.0,0.0,0.0,0.0,0.0,0.0
1543,86.90983581542969,-0.0,0.17057356238365173,-0.0,86.56868743896484,0.00825650617480278,3.445894241333008,0.5788811445236206,-0.0,0.0,0.0,0.0,0.0,0.0,0.0,0.0,0.0,0.0,0.0,0.0,0.023000000044703484,0.023000000044703484,0.02,0.15,0.0,0.0,0.0,0.0,0.0,0.0,0.0,0.0,0.0,0.0,0.0,0.0,0.19995920360088348,0.02934972383081913,0.0010685439458484325,14.906842231750488,895,nan,-1.0,True,,False,0.010050058364868164,0.0,0.010050058364868164,100.0,100.0,1.0,0.0,0.0,0.0,0.0,0.0
1544,82.92132568359375,-0.0,0.2109224796295166,-0.0,82.49948120117188,0.009122200310230255,3.467747211456299,0.5788578391075134,-0.0,0.0,0.0,0.0,0.0,0.0,0.0,0.0,0.0,0.0,0.0,0.0,0.023000000044703484,0.023000000044703484,0.02,0.15,0.0,0.0,0.0,0.0,0.0,0.0,0.0,0.0,0.0,0.0,0.0,0.0,0.200042262673378,0.02703685127198696,0.0008151858248766075,14.906842231750488,895,nan,-1.0,True,,False,0.010050058364868164,0.0,0.010050058364868164,100.0,100.0,1.0,0.0,0.0,0.0,0.0,0.0
1545,80.7449722290039,-0.0,0.18965251743793488,-0.0,80.36566925048828,0.009619755670428276,3.489163398742676,0.5786678194999695,-0.0,0.0,0.0,0.0,0.0,0.0,0.0,0.0,0.0,0.0,0.0,0.0,0.023000000044703484,0.023000000044703484,0.02,0.15,0.0,0.0,0.0,0.0,0.0,0.0,0.0,0.0,0.0,0.0,0.0,0.0,0.20015645027160645,0.02822544425725937,0.0006357197289617034,14.906842231750488,895,nan,-1.0,True,,False,0.010050058364868164,0.0,0.010050058364868164,100.0,100.0,1.0,0.0,0.0,0.0,0.0,0.0
1546,134.06570434570312,-0.0,0.1560903936624527,-0.0,133.75352478027344,0.0029999883845448494,3.5112290382385254,0.5783503651618958,-0.0,0.0,0.0,0.0,0.0,0.0,0.0,0.0,0.0,0.0,0.0,0.0,0.023000000044703484,0.023000000044703484,0.02,0.15,0.0,0.0,0.0,0.0,0.0,0.0,0.0,0.0,0.0,0.0,0.0,0.0,0.20027129352092743,0.030245861038565636,0.0011598611379213253,14.906842231750488,895,nan,-1.0,True,,False,0.010050058364868164,0.0,0.010050058364868164,100.0,100.0,1.0,0.0,0.0,0.0,0.0,0.0
1547,310.2362976074219,-0.0,0.14145664870738983,-0.0,309.953369140625,0.00020079099340364337,3.5334324836730957,0.5780950784683228,-0.0,0.0,0.0,0.0,0.0,0.0,0.0,0.0,0.0,0.0,0.0,0.0,0.023000000044703484,0.023000000044703484,0.02,0.15,0.0,0.0,0.0,0.0,0.0,0.0,0.0,0.0,0.0,0.0,0.0,0.0,0.2003883272409439,0.031194638460874557,0.0011701405617259297,14.906842231750488,895,nan,-1.0,True,,False,0.010050058364868164,0.0,0.010050058364868164,100.0,100.0,1.0,0.0,0.0,0.0,0.0,0.0
1548,85.41584777832031,-0.0,0.11900757998228073,-0.0,85.1778335571289,0.008587871678173542,3.5545191764831543,0.5818437933921814,-0.0,0.0,0.0,0.0,0.0,0.0,0.0,0.0,0.0,0.0,0.0,0.0,0.023000000044703484,0.023000000044703484,0.02,0.15,0.0,0.0,0.0,0.0,0.0,0.0,0.0,0.0,0.0,0.0,0.0,0.0,0.20047026872634888,0.032751262187957764,0.0009257425081159454,14.906842231750488,895,nan,-1.0,True,,False,0.010050058364868164,0.0,0.010050058364868164,100.0,100.0,1.0,0.0,0.0,0.0,0.0,0.0
1549,117.82593536376953,-0.0,0.07898816466331482,-0.0,117.66796112060547,0.004156982526183128,3.566929340362549,0.5817148089408875,-0.0,0.0,0.0,0.0,0.0,0.0,0.0,0.0,0.0,0.0,0.0,0.0,0.023000000044703484,0.023000000044703484,0.02,0.15,0.0,0.0,0.0,0.0,0.0,0.0,0.0,0.0,0.0,0.0,0.0,0.0,0.20050643384456635,0.03594758361577988,0.0006978429864830105,14.906842231750488,895,nan,-1.0,True,,False,0.010050058364868164,0.0,0.010050058364868164,100.0,100.0,1.0,0.0,0.0,0.0,0.0,0.0
1550,66.56948852539062,-0.0,0.10482709109783173,-0.0,66.35983276367188,0.013937612995505333,3.582340717315674,0.5817279815673828,-0.0,0.0,0.0,0.0,0.0,0.0,0.0,0.0,0.0,0.0,0.0,0.0,0.023000000044703484,0.023000000044703484,0.02,0.15,0.0,0.0,0.0,0.0,0.0,0.0,0.0,0.0,0.0,0.0,0.0,0.0,0.20049075782299042,0.03381149470806122,0.0012163341798441252,14.906842231750488,895,nan,-1.0,True,,False,0.010050058364868164,0.0,0.010050058364868164,100.0,100.0,1.0,0.0,0.0,0.0,0.0,0.0
1551,39.22548294067383,-0.0,0.12282045185565948,-0.0,38.97984313964844,0.03270883113145828,3.5981903076171875,0.5817791819572449,-0.0,0.0,0.0,0.0,0.0,0.0,0.0,0.0,0.0,0.0,0.0,0.0,0.023000000044703484,0.023000000044703484,0.02,0.15,0.0,0.0,0.0,0.0,0.0,0.0,0.0,0.0,0.0,0.0,0.0,0.0,0.20049704611301422,0.03247712552547455,0.0011588614224820049,14.906842231750488,895,nan,-1.0,True,,False,0.010050058364868164,0.0,0.010050058364868164,100.0,100.0,1.0,0.0,0.0,0.0,0.0,0.0
1552,36.22605895996094,-0.0,0.13646918535232544,-0.0,35.953121185302734,0.03654611110687256,3.6135263442993164,0.5818487405776978,-0.0,0.0,0.0,0.0,0.0,0.0,0.0,0.0,0.0,0.0,0.0,0.0,0.023000000044703484,0.023000000044703484,0.02,0.15,0.0,0.0,0.0,0.0,0.0,0.0,0.0,0.0,0.0,0.0,0.0,0.0,0.20052464306354523,0.03152913227677345,0.00119557181642449,14.906842231750488,895,nan,-1.0,True,,False,0.010050058364868164,0.0,0.010050058364868164,100.0,100.0,1.0,0.0,0.0,0.0,0.0,0.0
1553,47.10940933227539,-0.0,0.13832277059555054,-0.0,46.832763671875,0.024983931332826614,3.6285548210144043,0.5819067358970642,-0.0,0.0,0.0,0.0,0.0,0.0,0.0,0.0,0.0,0.0,0.0,0.0,0.023000000044703484,0.023000000044703484,0.02,0.15,0.0,0.0,0.0,0.0,0.0,0.0,0.0,0.0,0.0,0.0,0.0,0.0,0.2005605697631836,0.03140411525964737,0.0011986731631168368,14.906842231750488,895,nan,-1.0,True,,False,0.010050058364868164,0.0,0.010050058364868164,100.0,100.0,1.0,0.0,0.0,0.0,0.0,0.0
1554,82.42361450195312,-0.0,0.13496729731559753,-0.0,82.15367889404297,0.009238369762897491,3.6418027877807617,0.5820081233978271,-0.0,0.0,0.0,0.0,0.0,0.0,0.0,0.0,0.0,0.0,0.0,0.0,0.023000000044703484,0.023000000044703484,0.02,0.15,0.0,0.0,0.0,0.0,0.0,0.0,0.0,0.0,0.0,0.0,0.0,0.0,0.2006014734506607,0.03163105249404907,0.0011995143408967124,14.906842231750488,895,nan,-1.0,True,,False,0.010050058364868164,0.0,0.010050058364868164,100.0,100.0,1.0,0.0,0.0,0.0,0.0,0.0
1555,138.01901245117188,-0.0,0.1267266422510147,-0.0,137.76556396484375,0.002792626852169633,3.6544852256774902,0.5820987224578857,-0.0,0.0,0.0,0.0,0.0,0.0,0.0,0.0,0.0,0.0,0.0,0.0,0.023000000044703484,0.023000000044703484,0.02,0.15,0.0,0.0,0.0,0.0,0.0,0.0,0.0,0.0,0.0,0.0,0.0,0.0,0.20062842965126038,0.032200656831264496,0.001173184533172389,14.906842231750488,895,nan,-1.0,True,,False,0.010050058364868164,0.0,0.010050058364868164,100.0,100.0,1.0,0.0,0.0,0.0,0.0,0.0
1556,57.51311111450195,-0.0,0.11528574675321579,-0.0,57.28253936767578,0.018071463331580162,3.667088031768799,0.5821402072906494,-0.0,0.0,0.0,0.0,0.0,0.0,0.0,0.0,0.0,0.0,0.0,0.0,0.023000000044703484,0.023000000044703484,0.02,0.15,0.0,0.0,0.0,0.0,0.0,0.0,0.0,0.0,0.0,0.0,0.0,0.0,0.20064492523670197,0.03302312269806862,0.0008876356762357318,14.906842231750488,895,nan,-1.0,True,,False,0.010050058364868164,0.0,0.010050058364868164,100.0,100.0,1.0,0.0,0.0,0.0,0.0,0.0
1557,141.600830078125,-0.0,0.09918907284736633,-0.0,141.40245056152344,0.0026054619811475277,3.6801252365112305,0.5822213292121887,-0.0,0.0,0.0,0.0,0.0,0.0,0.0,0.0,0.0,0.0,0.0,0.0,0.023000000044703484,0.023000000044703484,0.02,0.15,0.0,0.0,0.0,0.0,0.0,0.0,0.0,0.0,0.0,0.0,0.0,0.0,0.20065616071224213,0.03425285220146179,0.001086107928358615,14.906842231750488,895,nan,-1.0,True,,False,0.010050058364868164,0.0,0.010050058364868164,100.0,100.0,1.0,0.0,0.0,0.0,0.0,0.0
1558,71.68640899658203,-0.0,0.08378379046916962,-0.0,71.51884460449219,0.012130962684750557,3.692709445953369,0.582287073135376,-0.0,0.0,0.0,0.0,0.0,0.0,0.0,0.0,0.0,0.0,0.0,0.0,0.023000000044703484,0.023000000044703484,0.02,0.15,0.0,0.0,0.0,0.0,0.0,0.0,0.0,0.0,0.0,0.0,0.0,0.0,0.200655996799469,0.03552728518843651,0.0011007785765286826,14.906842231750488,895,nan,-1.0,True,,False,0.010050058364868164,0.0,0.010050058364868164,100.0,100.0,1.0,0.0,0.0,0.0,0.0,0.0
1559,64.275634765625,-0.0,0.06807030737400055,-0.0,64.13949584960938,0.014831813052296638,3.706239700317383,0.5824103951454163,-0.0,0.0,0.0,0.0,0.0,0.0,0.0,0.0,0.0,0.0,0.0,0.0,0.023000000044703484,0.023000000044703484,0.02,0.15,0.0,0.0,0.0,0.0,0.0,0.0,0.0,0.0,0.0,0.0,0.0,0.0,0.20066696405410767,0.0369548574090004,0.0012813298089895397,14.906842231750488,895,nan,-1.0,True,,False,0.010050058364868164,0.0,0.010050058364868164,100.0,100.0,1.0,0.0,0.0,0.0,0.0,0.0
1560,52.59298324584961,-0.0,0.06579049676656723,-0.0,52.461402893066406,0.020904425531625748,3.7180233001708984,0.5825166702270508,-0.0,0.0,0.0,0.0,0.0,0.0,0.0,0.0,0.0,0.0,0.0,0.0,0.023000000044703484,0.023000000044703484,0.02,0.15,0.0,0.0,0.0,0.0,0.0,0.0,0.0,0.0,0.0,0.0,0.0,0.0,0.20067910850048065,0.037175171077251434,0.0009237653919171862,14.906842231750488,895,nan,-1.0,True,,False,0.010050058364868164,0.0,0.010050058364868164,100.0,100.0,1.0,0.0,0.0,0.0,0.0,0.0
1561,54.573463439941406,-0.0,0.08914551883935928,-0.0,54.395172119140625,0.019692514091730118,3.716435432434082,0.5824952721595764,-0.0,0.0,0.0,0.0,0.0,0.0,0.0,0.0,0.0,0.0,0.0,0.0,0.023000000044703484,0.023000000044703484,0.02,0.15,0.0,0.0,0.0,0.0,0.0,0.0,0.0,0.0,0.0,0.0,0.0,0.0,0.2007046639919281,0.03507137671113014,0.001156371712568216,14.906842231750488,895,nan,-1.0,True,,False,0.010050058364868164,0.0,0.010050058364868164,100.0,100.0,1.0,0.0,0.0,0.0,0.0,0.0
1562,52.25904083251953,-0.0,0.08128517121076584,-0.0,52.09646987915039,0.020966989919543266,3.710996150970459,0.5781449675559998,-0.0,0.0,0.0,0.0,0.0,0.0,0.0,0.0,0.0,0.0,0.0,0.0,0.023000000044703484,0.023000000044703484,0.02,0.15,0.0,0.0,0.0,0.0,0.0,0.0,0.0,0.0,0.0,0.0,0.0,0.0,0.20087005198001862,0.03574472293257713,0.0010190410332597821,14.906842231750488,895,nan,-1.0,True,,False,0.010050058364868164,0.0,0.010050058364868164,100.0,100.0,1.0,0.0,0.0,0.0,0.0,0.0
1563,178.1488494873047,-0.0,0.16403935849666595,-0.0,177.82077026367188,0.0013455167645588517,3.7051186561584473,0.5739744901657104,-0.0,0.0,0.0,0.0,0.0,0.0,0.0,0.0,0.0,0.0,0.0,0.0,0.023000000044703484,0.023000000044703484,0.02,0.15,0.0,0.0,0.0,0.0,0.0,0.0,0.0,0.0,0.0,0.0,0.0,0.0,0.20122551918029785,0.02974911406636238,0.001163392732223656,14.906842231750488,895,nan,-1.0,True,,False,0.010050058364868164,0.0,0.010050058364868164,100.0,100.0,1.0,0.0,0.0,0.0,0.0,0.0
1564,126.8953628540039,-0.0,0.14229223132133484,-0.0,126.61077880859375,0.0034782332368195057,3.6999740600585938,0.5834301114082336,-0.0,0.0,0.0,0.0,0.0,0.0,0.0,0.0,0.0,0.0,0.0,0.0,0.023000000044703484,0.023000000044703484,0.02,0.15,0.0,0.0,0.0,0.0,0.0,0.0,0.0,0.0,0.0,0.0,0.0,0.0,0.20131652057170868,0.031139178201556206,0.0010138938919226348,14.906842231750488,895,nan,-1.0,True,,False,0.010050058364868164,0.0,0.010050058364868164,100.0,100.0,1.0,0.0,0.0,0.0,0.0,0.0
1565,52.99938201904297,-0.0,0.11691230535507202,-0.0,52.76555633544922,0.02058405429124832,3.692451000213623,0.5787423253059387,-0.0,0.0,0.0,0.0,0.0,0.0,0.0,0.0,0.0,0.0,0.0,0.0,0.023000000044703484,0.023000000044703484,0.02,0.15,0.0,0.0,0.0,0.0,0.0,0.0,0.0,0.0,0.0,0.0,0.0,0.0,0.20133548974990845,0.03290377929806709,0.0010180841049987066,14.906842231750488,895,nan,-1.0,True,,False,0.010050058364868164,0.0,0.010050058364868164,100.0,100.0,1.0,0.0,0.0,0.0,0.0,0.0
1566,35.51810836791992,-0.0,0.10852742195129395,-0.0,35.30105209350586,0.03671221435070038,3.6817703247070312,0.5708006024360657,-0.0,0.0,0.0,0.0,0.0,0.0,0.0,0.0,0.0,0.0,0.0,0.0,0.023000000044703484,0.023000000044703484,0.02,0.15,0.0,0.0,0.0,0.0,0.0,0.0,0.0,0.0,0.0,0.0,0.0,0.0,0.20148174464702606,0.033528249710798264,0.0010565128648067912,14.906842231750488,895,nan,-1.0,True,,False,0.010050058364868164,0.0,0.010050058364868164,100.0,100.0,1.0,0.0,0.0,0.0,0.0,0.0
1567,59.46769332885742,-0.0,0.14981254935264587,-0.0,59.168067932128906,0.017042450606822968,3.67221736907959,0.5802077054977417,-0.0,0.0,0.0,0.0,0.0,0.0,0.0,0.0,0.0,0.0,0.0,0.0,0.023000000044703484,0.023000000044703484,0.02,0.15,0.0,0.0,0.0,0.0,0.0,0.0,0.0,0.0,0.0,0.0,0.0,0.0,0.20162269473075867,0.030647186562418938,0.0009152087288839539,14.906842231750488,895,nan,-1.0,True,,False,0.010050058364868164,0.0,0.010050058364868164,100.0,100.0,1.0,0.0,0.0,0.0,0.0,0.0
1568,183.63467407226562,-0.0,0.13389071822166443,-0.0,183.3668975830078,0.0012422747677192092,3.661252021789551,0.5804346799850464,-0.0,0.0,0.0,0.0,0.0,0.0,0.0,0.0,0.0,0.0,0.0,0.0,0.023000000044703484,0.023000000044703484,0.02,0.15,0.0,0.0,0.0,0.0,0.0,0.0,0.0,0.0,0.0,0.0,0.0,0.0,0.20168055593967438,0.031704459339380264,0.000993611696003427,14.906842231750488,895,nan,-1.0,True,,False,0.010050058364868164,0.0,0.010050058364868164,100.0,100.0,1.0,0.0,0.0,0.0,0.0,0.0
1569,55.04722213745117,-0.0,0.06575759500265121,-0.0,54.915706634521484,0.019419189542531967,3.6496505737304688,0.583463191986084,-0.0,0.0,0.0,0.0,0.0,0.0,0.0,0.0,0.0,0.0,0.0,0.0,0.023000000044703484,0.023000000044703484,0.02,0.15,0.0,0.0,0.0,0.0,0.0,0.0,0.0,0.0,0.0,0.0,0.0,0.0,0.20225273072719574,0.03717837855219841,0.0012359909569568117,14.906842231750488,895,nan,-1.0,True,,False,0.010050058364868164,0.0,0.010050058364868164,100.0,100.0,1.0,0.0,0.0,0.0,0.0,0.0
1570,97.79025268554688,-0.0,0.06636793911457062,-0.0,97.65751647949219,0.006417274475097656,3.6383323669433594,0.5836815237998962,-0.0,0.0,0.0,0.0,0.0,0.0,0.0,0.0,0.0,0.0,0.0,0.0,0.023000000044703484,0.023000000044703484,0.02,0.15,0.0,0.0,0.0,0.0,0.0,0.0,0.0,0.0,0.0,0.0,0.0,0.0,0.20224684476852417,0.03711901232600212,0.0010819969727435819,14.906842231750488,895,nan,-1.0,True,,False,0.010050058364868164,0.0,0.010050058364868164,100.0,100.0,1.0,0.0,0.0,0.0,0.0,0.0
1571,75.16072082519531,-0.0,0.035029616206884384,-0.0,75.09066009521484,0.011079590767621994,3.6265625953674316,0.5832289457321167,-0.0,0.0,0.0,0.0,0.0,0.0,0.0,0.0,0.0,0.0,0.0,0.0,0.023000000044703484,0.023000000044703484,0.02,0.15,0.0,0.0,0.0,0.0,0.0,0.0,0.0,0.0,0.0,0.0,0.0,0.0,0.2020045667886734,0.040641900151968,0.0012345358532002138,14.906842231750488,895,nan,-1.0,True,,False,0.010050058364868164,0.0,0.010050058364868164,100.0,100.0,1.0,0.0,0.0,0.0,0.0,0.0
1572,93.4341049194336,-0.0,0.0328863188624382,-0.0,93.36833190917969,0.0070858001708984375,3.613204002380371,0.5830984115600586,-0.0,0.0,0.0,0.0,0.0,0.0,0.0,0.0,0.0,0.0,0.0,0.0,0.023000000044703484,0.023000000044703484,0.02,0.15,0.0,0.0,0.0,0.0,0.0,0.0,0.0,0.0,0.0,0.0,0.0,0.0,0.2020367980003357,0.040932707488536835,0.0012107525551527942,14.906842231750488,895,nan,-1.0,True,,False,0.010050058364868164,0.0,0.010050058364868164,100.0,100.0,1.0,0.0,0.0,0.0,0.0,0.0
1573,60.3195686340332,-0.0,0.035647809505462646,-0.0,60.24827194213867,0.016606293618679047,3.583132743835449,0.5828847885131836,-0.0,0.0,0.0,0.0,0.0,0.0,0.0,0.0,0.0,0.0,0.0,0.0,0.023000000044703484,0.023000000044703484,0.02,0.15,0.0,0.0,0.0,0.0,0.0,0.0,0.0,0.0,0.0,0.0,0.0,0.0,0.20209185779094696,0.040559686720371246,0.0013099315983708948,14.906842231750488,895,nan,-1.0,True,,False,0.010050058364868164,0.0,0.010050058364868164,100.0,100.0,1.0,0.0,0.0,0.0,0.0,0.0
1574,297.7584228515625,-0.0,0.032854631543159485,-0.0,297.6927185058594,0.00023857562337070704,3.5484862327575684,0.5870782136917114,-0.0,0.0,0.0,0.0,0.0,0.0,0.0,0.0,0.0,0.0,0.0,0.0,0.023000000044703484,0.023000000044703484,0.02,0.15,0.0,0.0,0.0,0.0,0.0,0.0,0.0,0.0,0.0,0.0,0.0,0.0,0.202228844165802,0.04093707725405693,0.0010890170619859418,14.906842231750488,895,nan,-1.0,True,,False,0.010050058364868164,0.0,0.010050058364868164,100.0,100.0,1.0,0.0,0.0,0.0,0.0,0.0
1575,93.3627700805664,-0.0,0.21039658784866333,-0.0,92.94197845458984,0.007097288034856319,3.512096405029297,0.5782044529914856,-0.0,0.0,0.0,0.0,0.0,0.0,0.0,0.0,0.0,0.0,0.0,0.0,0.023000000044703484,0.023000000044703484,0.02,0.15,0.0,0.0,0.0,0.0,0.0,0.0,0.0,0.0,0.0,0.0,0.0,0.0,0.20250990986824036,0.027065496891736984,0.0011710664523434389,14.906842231750488,895,nan,-1.0,True,,False,0.010050058364868164,0.0,0.010050058364868164,100.0,100.0,1.0,0.0,0.0,0.0,0.0,0.0
1576,64.10260009765625,-0.0,0.7859419584274292,-0.0,62.53071594238281,0.015605886466801167,3.475059986114502,0.5839741826057434,-0.0,0.0,0.0,0.0,0.0,0.0,0.0,0.0,0.0,0.0,0.0,0.0,0.023000000044703484,0.023000000044703484,0.02,0.15,0.0,0.0,0.0,0.0,0.0,0.0,0.0,0.0,0.0,0.0,0.0,0.0,0.202559232711792,0.00567331537604332,0.0011435730164066626,14.906842231750488,895,nan,-1.0,True,,False,0.010050058364868164,0.0,0.010050058364868164,100.0,100.0,1.0,0.0,0.0,0.0,0.0,0.0
1577,73.28541564941406,-0.0,0.7176526188850403,-0.0,71.85011291503906,0.011946091428399086,3.4374732971191406,0.5777924656867981,-0.0,0.0,0.0,0.0,0.0,0.0,0.0,0.0,0.0,0.0,0.0,0.0,0.023000000044703484,0.023000000044703484,0.02,0.15,0.0,0.0,0.0,0.0,0.0,0.0,0.0,0.0,0.0,0.0,0.0,0.0,0.20292747020721436,0.007642810698598623,0.0011256010395754856,14.906842231750488,895,nan,-1.0,True,,False,0.010050058364868164,0.0,0.010050058364868164,100.0,100.0,1.0,0.0,0.0,0.0,0.0,0.0
1578,62.421966552734375,-0.0,0.5432464480400085,-0.0,61.335472106933594,0.016058096662163734,3.400750160217285,0.5818507671356201,-0.0,0.0,0.0,0.0,0.0,0.0,0.0,0.0,0.0,0.0,0.0,0.0,0.023000000044703484,0.023000000044703484,0.02,0.15,0.0,0.0,0.0,0.0,0.0,0.0,0.0,0.0,0.0,0.0,0.0,0.0,0.20349128544330597,0.013147374615073204,0.0010278495183229097,14.906842231750488,895,nan,-1.0,True,,False,0.010050058364868164,0.0,0.010050058364868164,100.0,100.0,1.0,0.0,0.0,0.0,0.0,0.0
1579,67.35675048828125,-0.0,1.0,-0.0,65.35675048828125,0.014265786856412888,3.3641138076782227,0.5785952210426331,-0.0,0.0,0.0,0.0,0.0,0.0,0.0,0.0,0.0,0.0,0.0,0.0,0.023000000044703484,0.023000000044703484,0.02,0.15,0.0,0.0,0.0,0.0,0.0,0.0,0.0,0.0,0.0,0.0,0.0,0.0,0.20360499620437622,0.0,0.0013101262231884903,14.906842231750488,895,nan,-1.0,True,,False,0.010050058364868164,0.0,0.010050058364868164,100.0,100.0,1.0,0.0,0.0,0.0,0.0,0.0
1580,113.65520477294922,-0.0,0.8448827266693115,-0.0,111.96543884277344,0.004679974168539047,3.3286962509155273,0.5805189609527588,-0.0,0.0,0.0,0.0,0.0,0.0,0.0,0.0,0.0,0.0,0.0,0.0,0.023000000044703484,0.023000000044703484,0.02,0.15,0.0,0.0,0.0,0.0,0.0,0.0,0.0,0.0,0.0,0.0,0.0,0.0,0.203794926404953,0.0040412466041743755,0.0013949771239367692,14.906842231750488,895,nan,-1.0,True,,False,0.010050058364868164,0.0,0.010050058364868164,100.0,100.0,1.0,0.0,0.0,0.0,0.0,0.0
1581,94.18354034423828,-0.0,0.3299793601036072,-0.0,93.5235824584961,0.007072017528116703,3.295161724090576,0.5846478939056396,-0.0,0.0,0.0,0.0,0.0,0.0,0.0,0.0,0.0,0.0,0.0,0.0,0.023000000044703484,0.023000000044703484,0.02,0.15,0.0,0.0,0.0,0.0,0.0,0.0,0.0,0.0,0.0,0.0,0.0,0.0,0.20390166342258453,0.021278085187077522,0.0010484204653948836,14.906842231750488,895,nan,-1.0,True,,False,0.010050058364868164,0.0,0.010050058364868164,100.0,100.0,1.0,0.0,0.0,0.0,0.0,0.0
1582,126.80724334716797,-0.0,0.3585333824157715,-0.0,126.09017944335938,0.0035025638062506914,3.2620935440063477,0.5808053612709045,-0.0,0.0,0.0,0.0,0.0,0.0,0.0,0.0,0.0,0.0,0.0,0.0,0.023000000044703484,0.023000000044703484,0.02,0.15,0.0,0.0,0.0,0.0,0.0,0.0,0.0,0.0,0.0,0.0,0.0,0.0,0.2037302404642105,0.020061170682311058,0.0010303764968284668,14.906842231750488,895,nan,-1.0,True,,False,0.010050058364868164,0.0,0.010050058364868164,100.0,100.0,1.0,0.0,0.0,0.0,0.0,0.0
1583,273.1401062011719,-0.0,0.6030474901199341,-0.0,271.93402099609375,0.0003312826156616211,3.2296175956726074,0.5795222520828247,-0.0,0.0,0.0,0.0,0.0,0.0,0.0,0.0,0.0,0.0,0.0,0.0,0.023000000044703484,0.023000000044703484,0.02,0.15,0.0,0.0,0.0,0.0,0.0,0.0,0.0,0.0,0.0,0.0,0.0,0.0,0.20409095287322998,0.011171935126185417,0.0010868712054161733,14.906842231750488,895,nan,-1.0,True,,False,0.010050058364868164,0.0,0.010050058364868164,100.0,100.0,1.0,0.0,0.0,0.0,0.0,0.0
1584,154.72891235351562,-0.0,0.5134359002113342,-0.0,153.70204162597656,0.002063190098851919,3.1987905502319336,0.5765169262886047,-0.0,0.0,0.0,0.0,0.0,0.0,0.0,0.0,0.0,0.0,0.0,0.0,0.023000000044703484,0.023000000044703484,0.02,0.15,0.0,0.0,0.0,0.0,0.0,0.0,0.0,0.0,0.0,0.0,0.0,0.0,0.20416399836540222,0.014172778464853764,0.0014691417172798538,14.906842231750488,895,nan,-1.0,True,,False,0.010050058364868164,0.0,0.010050058364868164,100.0,100.0,1.0,0.0,0.0,0.0,0.0,0.0
1585,75.30366516113281,-0.0,0.811169445514679,-0.0,73.68132781982422,0.0114083681255579,3.1687049865722656,0.579231858253479,-0.0,0.0,0.0,0.0,0.0,0.0,0.0,0.0,0.0,0.0,0.0,0.0,0.023000000044703484,0.023000000044703484,0.02,0.15,0.0,0.0,0.0,0.0,0.0,0.0,0.0,0.0,0.0,0.0,0.0,0.0,0.20416690409183502,0.004967526998370886,0.001649883876552849,14.906842231750488,895,nan,-1.0,True,,False,0.010050058364868164,0.0,0.010050058364868164,100.0,100.0,1.0,0.0,0.0,0.0,0.0,0.0
1586,80.68733215332031,-0.0,0.6595948934555054,-0.0,79.3681411743164,0.009860550053417683,3.138981342315674,0.5796334743499756,-0.0,0.0,0.0,0.0,0.0,0.0,0.0,0.0,0.0,0.0,0.0,0.0,0.023000000044703484,0.023000000044703484,0.02,0.15,0.0,0.0,0.0,0.0,0.0,0.0,0.0,0.0,0.0,0.0,0.0,0.0,0.20428583025932312,0.009392277337610722,0.0015074805437507166,14.906842231750488,895,nan,-1.0,True,,False,0.010050058364868164,0.0,0.010050058364868164,100.0,100.0,1.0,0.0,0.0,0.0,0.0,0.0
1587,151.3482666015625,-0.0,0.3655930459499359,-0.0,150.61708068847656,0.0021794347558170557,3.109640121459961,0.5764140486717224,-0.0,0.0,0.0,0.0,0.0,0.0,0.0,0.0,0.0,0.0,0.0,0.0,0.023000000044703484,0.023000000044703484,0.02,0.15,0.0,0.0,0.0,0.0,0.0,0.0,0.0,0.0,0.0,0.0,0.0,0.0,0.20462478697299957,0.01976785436272621,0.0015725868977369828,14.906842231750488,895,nan,-1.0,True,,False,0.010050058364868164,0.0,0.010050058364868164,100.0,100.0,1.0,0.0,0.0,0.0,0.0,0.0
1588,127.40229034423828,-0.0,0.2523898184299469,-0.0,126.89751434326172,0.0034670813474804163,3.080601692199707,0.5840297937393188,-0.0,0.0,0.0,0.0,0.0,0.0,0.0,0.0,0.0,0.0,0.0,0.0,0.023000000044703484,0.023000000044703484,0.02,0.15,0.0,0.0,0.0,0.0,0.0,0.0,0.0,0.0,0.0,0.0,0.0,0.0,0.20494353771209717,0.024880792945623398,0.000866647761540662,14.906842231750488,895,nan,-1.0,True,,False,0.010050058364868164,0.0,0.010050058364868164,100.0,100.0,1.0,0.0,0.0,0.0,0.0,0.0
1589,77.59439086914062,-0.0,0.13438676297664642,-0.0,77.32561492919922,0.010486516170203686,3.0522313117980957,0.5844749808311462,-0.0,0.0,0.0,0.0,0.0,0.0,0.0,0.0,0.0,0.0,0.0,0.0,0.023000000044703484,0.023000000044703484,0.02,0.15,0.0,0.0,0.0,0.0,0.0,0.0,0.0,0.0,0.0,0.0,0.0,0.0,0.20497268438339233,0.031670600175857544,0.0009714651293961651,14.906842231750488,895,nan,-1.0,True,,False,0.010050058364868164,0.0,0.010050058364868164,100.0,100.0,1.0,0.0,0.0,0.0,0.0,0.0
1590,62.531166076660156,-0.0,0.04662014916539192,-0.0,62.43792724609375,0.015754293650388718,3.025999069213867,0.5891575217247009,-0.0,0.0,0.0,0.0,0.0,0.0,0.0,0.0,0.0,0.0,0.0,0.0,0.023000000044703484,0.023000000044703484,0.02,0.15,0.0,0.0,0.0,0.0,0.0,0.0,0.0,0.0,0.0,0.0,0.0,0.0,0.20478004217147827,0.039204150438308716,0.0014326980301575531,14.906842231750488,895,nan,-1.0,True,,False,0.010050058364868164,0.0,0.010050058364868164,100.0,100.0,1.0,0.0,0.0,0.0,0.0,0.0
1591,52.85586929321289,-0.0,0.23362141847610474,-0.0,52.38862609863281,0.021054845303297043,2.999937057495117,0.5837103724479675,-0.0,0.0,0.0,0.0,0.0,0.0,0.0,0.0,0.0,0.0,0.0,0.0,0.023000000044703484,0.023000000044703484,0.02,0.15,0.0,0.0,0.0,0.0,0.0,0.0,0.0,0.0,0.0,0.0,0.0,0.0,0.20476676523685455,0.025832800194621086,0.0013609530008125148,14.906842231750488,895,nan,-1.0,True,,False,0.010050058364868164,0.0,0.010050058364868164,100.0,100.0,1.0,0.0,0.0,0.0,0.0,0.0
1592,45.998817443847656,-0.0,0.16407181322574615,-0.0,45.67067337036133,0.026076406240463257,2.97381591796875,0.5839254856109619,-0.0,0.0,0.0,0.0,0.0,0.0,0.0,0.0,0.0,0.0,0.0,0.0,0.023000000044703484,0.023000000044703484,0.02,0.15,0.0,0.0,0.0,0.0,0.0,0.0,0.0,0.0,0.0,0.0,0.0,0.0,0.20501036942005157,0.02974710986018181,0.0011645681861409685,14.906842231750488,895,nan,-1.0,True,,False,0.010050058364868164,0.0,0.010050058364868164,100.0,100.0,1.0,0.0,0.0,0.0,0.0,0.0
1593,84.60144805908203,-0.0,0.14197483658790588,-0.0,84.31749725341797,0.008704106323421001,2.946803092956543,0.5780368447303772,-0.0,0.0,0.0,0.0,0.0,0.0,0.0,0.0,0.0,0.0,0.0,0.0,0.023000000044703484,0.023000000044703484,0.02,0.15,0.0,0.0,0.0,0.0,0.0,0.0,0.0,0.0,0.0,0.0,0.0,0.0,0.20521950721740723,0.031160226091742516,0.0012623598786376533,14.906842231750488,895,nan,-1.0,True,,False,0.010050058364868164,0.0,0.010050058364868164,100.0,100.0,1.0,0.0,0.0,0.0,0.0,0.0
1594,53.77678298950195,-0.0,0.5968220829963684,-0.0,52.58313751220703,0.020993979647755623,2.918929100036621,0.5872694849967957,-0.0,0.0,0.0,0.0,0.0,0.0,0.0,0.0,0.0,0.0,0.0,0.0,0.023000000044703484,0.023000000044703484,0.02,0.15,0.0,0.0,0.0,0.0,0.0,0.0,0.0,0.0,0.0,0.0,0.0,0.0,0.20472846925258636,0.011372866109013557,0.0014786675601499155,14.906842231750488,895,nan,-1.0,True,,False,0.010050058364868164,0.0,0.010050058364868164,100.0,100.0,1.0,0.0,0.0,0.0,0.0,0.0
1595,43.15729522705078,-0.0,0.049293871968984604,-0.0,43.05870819091797,0.027768846601247787,2.890702724456787,0.5692551136016846,-0.0,0.0,0.0,0.0,0.0,0.0,0.0,0.0,0.0,0.0,0.0,0.0,0.023000000044703484,0.023000000044703484,0.02,0.15,0.0,0.0,0.0,0.0,0.0,0.0,0.0,0.0,0.0,0.0,0.0,0.0,0.20522530376911163,0.03889888897538185,0.0014040870539702155,14.906842231750488,895,nan,-1.0,True,,False,0.010050058364868164,0.0,0.010050058364868164,100.0,100.0,1.0,0.0,0.0,0.0,0.0,0.0
1596,47.79843521118164,-0.0,0.0533859021961689,-0.0,47.6916618347168,0.02391243353486061,2.860574722290039,0.5727203488349915,-0.0,0.0,0.0,0.0,0.0,0.0,0.0,0.0,0.0,0.0,0.0,0.0,0.023000000044703484,0.023000000044703484,0.02,0.15,0.0,0.0,0.0,0.0,0.0,0.0,0.0,0.0,0.0,0.0,0.0,0.0,0.20508639514446259,0.038447305560112,0.001127183217477068,14.906842231750488,895,nan,-1.0,True,,False,0.010050058364868164,0.0,0.010050058364868164,100.0,100.0,1.0,0.0,0.0,0.0,0.0,0.0
1597,104.77283477783203,-0.0,0.2739805281162262,-0.0,104.2248764038086,0.0054558212868869305,2.8276185989379883,0.5728863477706909,-0.0,0.0,0.0,0.0,0.0,0.0,0.0,0.0,0.0,0.0,0.0,0.0,0.023000000044703484,0.023000000044703484,0.02,0.15,0.0,0.0,0.0,0.0,0.0,0.0,0.0,0.0,0.0,0.0,0.0,0.0,0.2048358917236328,0.023828424513339996,0.0012520805260010093,14.906842231750488,895,nan,-1.0,True,,False,0.010050058364868164,0.0,0.010050058364868164,100.0,100.0,1.0,0.0,0.0,0.0,0.0,0.0
1598,79.25700378417969,-0.0,0.12844893336296082,-0.0,79.00010681152344,0.009925393387675285,2.8283753395080566,0.5770912766456604,-0.0,0.0,0.0,0.0,0.0,0.0,0.0,0.0,0.0,0.0,0.0,0.0,0.023000000044703484,0.023000000044703484,0.02,0.15,0.0,0.0,0.0,0.0,0.0,0.0,0.0,0.0,0.0,0.0,0.0,0.0,0.20470838248729706,0.032080113887786865,0.0008069260202319128,14.906842231750488,895,nan,-1.0,True,,False,0.010050058364868164,0.0,0.010050058364868164,100.0,100.0,1.0,0.0,0.0,0.0,0.0,0.0
1599,114.949462890625,-0.0,0.19437573850154877,-0.0,114.56071472167969,0.00436448585242033,2.8379628658294678,0.5724154114723206,-0.0,0.0,0.0,0.0,0.0,0.0,0.0,0.0,0.0,0.0,0.0,0.0,0.023000000044703484,0.023000000044703484,0.02,0.15,0.0,0.0,0.0,0.0,0.0,0.0,0.0,0.0,0.0,0.0,0.0,0.0,0.20468761026859283,0.02795596793293953,0.00159991073837773,14.906842231750488,895,nan,-1.0,True,,False,0.010050058364868164,0.0,0.010050058364868164,100.0,100.0,1.0,0.0,0.0,0.0,0.0,0.0
1600,100.38815307617188,-0.0,0.29947078227996826,-0.0,99.78921508789062,0.00599898025393486,2.847783327102661,0.571850061416626,-0.0,0.0,0.0,0.0,0.0,0.0,0.0,0.0,0.0,0.0,0.0,0.0,0.023000000044703484,0.023000000044703484,0.02,0.15,0.0,0.0,0.0,0.0,0.0,0.0,0.0,0.0,0.0,0.0,0.0,0.0,0.20471708476543427,0.02263803780078888,0.001129340710122051,14.906842231750488,895,nan,-1.0,True,,False,0.010050058364868164,0.0,0.010050058364868164,100.0,100.0,1.0,0.0,0.0,0.0,0.0,0.0
1601,77.14579010009766,-0.0,0.34675225615501404,-0.0,76.45228576660156,0.010468238033354282,2.857691526412964,0.5714901089668274,-0.0,0.0,0.0,0.0,0.0,0.0,0.0,0.0,0.0,0.0,0.0,0.0,0.023000000044703484,0.023000000044703484,0.02,0.15,0.0,0.0,0.0,0.0,0.0,0.0,0.0,0.0,0.0,0.0,0.0,0.0,0.20470482110977173,0.020557163283228874,0.0011865494902849605,14.906842231750488,895,nan,-1.0,True,,False,0.010050058364868164,0.0,0.010050058364868164,100.0,100.0,1.0,0.0,0.0,0.0,0.0,0.0
1602,84.29933166503906,-0.0,0.34579774737358093,-0.0,83.60773468017578,0.008748792111873627,2.867650032043457,0.5712814331054688,-0.0,0.0,0.0,0.0,0.0,0.0,0.0,0.0,0.0,0.0,0.0,0.0,0.023000000044703484,0.023000000044703484,0.02,0.15,0.0,0.0,0.0,0.0,0.0,0.0,0.0,0.0,0.0,0.0,0.0,0.0,0.20466311275959015,0.02059771493077278,0.001159097956815458,14.906842231750488,895,nan,-1.0,True,,False,0.010050058364868164,0.0,0.010050058364868164,100.0,100.0,1.0,0.0,0.0,0.0,0.0,0.0
1603,138.7167510986328,-0.0,0.2855437695980072,-0.0,138.14566040039062,0.0027173818089067936,2.877967596054077,0.5711579322814941,-0.0,0.0,0.0,0.0,0.0,0.0,0.0,0.0,0.0,0.0,0.0,0.0,0.023000000044703484,0.023000000044703484,0.02,0.15,0.0,0.0,0.0,0.0,0.0,0.0,0.0,0.0,0.0,0.0,0.0,0.0,0.2045866698026657,0.023281851783394814,0.001253741333130165,14.906842231750488,895,nan,-1.0,True,,False,0.010050058364868164,0.0,0.010050058364868164,100.0,100.0,1.0,0.0,0.0,0.0,0.0,0.0
1604,122.26788330078125,-0.0,0.11017652601003647,-0.0,122.04753112792969,0.0037407688796520233,2.8883252143859863,0.5715773105621338,-0.0,0.0,0.0,0.0,0.0,0.0,0.0,0.0,0.0,0.0,0.0,0.0,0.023000000044703484,0.023000000044703484,0.02,0.15,0.0,0.0,0.0,0.0,0.0,0.0,0.0,0.0,0.0,0.0,0.0,0.0,0.20457255840301514,0.03340357542037964,0.0013787984296413924,14.906842231750488,895,nan,-1.0,True,,False,0.010050058364868164,0.0,0.010050058364868164,100.0,100.0,1.0,0.0,0.0,0.0,0.0,0.0
1605,95.631591796875,-0.0,0.07541096955537796,-0.0,95.48076629638672,0.0066563719883561134,2.8988728523254395,0.5757427215576172,-0.0,0.0,0.0,0.0,0.0,0.0,0.0,0.0,0.0,0.0,0.0,0.0,0.023000000044703484,0.023000000044703484,0.02,0.15,0.0,0.0,0.0,0.0,0.0,0.0,0.0,0.0,0.0,0.0,0.0,0.0,0.20473086833953857,0.03626947104930878,0.00039866621409601066,14.906842231750488,895,nan,-1.0,True,,False,0.010050058364868164,0.0,0.010050058364868164,100.0,100.0,1.0,0.0,0.0,0.0,0.0,0.0
1606,57.01924133300781,-0.0,0.16485252976417542,-0.0,56.689537048339844,0.018175125122070312,2.9096264839172363,0.5756183862686157,-0.0,0.0,0.0,0.0,0.0,0.0,0.0,0.0,0.0,0.0,0.0,0.0,0.023000000044703484,0.023000000044703484,0.02,0.15,0.0,0.0,0.0,0.0,0.0,0.0,0.0,0.0,0.0,0.0,0.0,0.0,0.2050103098154068,0.02969898283481598,0.0012428597842699673,14.906842231750488,895,nan,-1.0,True,,False,0.010050058364868164,0.0,0.010050058364868164,100.0,100.0,1.0,0.0,0.0,0.0,0.0,0.0
1607,166.7582550048828,-0.0,0.11319209635257721,-0.0,166.53187561035156,0.001646675867959857,2.9205129146575928,0.5793147087097168,-0.0,0.0,0.0,0.0,0.0,0.0,0.0,0.0,0.0,0.0,0.0,0.0,0.023000000044703484,0.023000000044703484,0.02,0.15,0.0,0.0,0.0,0.0,0.0,0.0,0.0,0.0,0.0,0.0,0.0,0.0,0.2050483673810959,0.03317798301577568,0.0012826656397919578,14.906842231750488,895,nan,-1.0,True,,False,0.010050058364868164,0.0,0.010050058364868164,100.0,100.0,1.0,0.0,0.0,0.0,0.0,0.0
1608,101.46173095703125,-0.0,0.36808323860168457,-0.0,100.7255630493164,0.005996212363243103,2.9315450191497803,0.5839462876319885,-0.0,0.0,0.0,0.0,0.0,0.0,0.0,0.0,0.0,0.0,0.0,0.0,0.023000000044703484,0.023000000044703484,0.02,0.15,0.0,0.0,0.0,0.0,0.0,0.0,0.0,0.0,0.0,0.0,0.0,0.0,0.20521685481071472,0.0196650680154562,0.0013580304278093536,14.906842231750488,895,nan,-1.0,True,,False,0.010050058364868164,0.0,0.010050058364868164,100.0,100.0,1.0,0.0,0.0,0.0,0.0,0.0
1609,123.93034362792969,-0.0,0.6176929473876953,-0.0,122.69495391845703,0.003764566034078598,2.94281005859375,0.584194540977478,-0.0,0.0,0.0,0.0,0.0,0.0,0.0,0.0,0.0,0.0,0.0,0.0,0.023000000044703484,0.023000000044703484,0.02,0.15,0.0,0.0,0.0,0.0,0.0,0.0,0.0,0.0,0.0,0.0,0.0,0.0,0.205454483628273,0.010703276842832565,0.0012743973882152204,14.906842231750488,895,nan,-1.0,True,,False,0.010050058364868164,0.0,0.010050058364868164,100.0,100.0,1.0,0.0,0.0,0.0,0.0,0.0
1610,70.28301239013672,-0.0,0.5423123240470886,-0.0,69.1983871459961,0.013041749596595764,2.954165458679199,0.5881863832473755,-0.0,0.0,0.0,0.0,0.0,0.0,0.0,0.0,0.0,0.0,0.0,0.0,0.023000000044703484,0.023000000044703484,0.02,0.15,0.0,0.0,0.0,0.0,0.0,0.0,0.0,0.0,0.0,0.0,0.0,0.0,0.20564872026443481,0.013179072178900242,0.0012981675187120345,14.906842231750488,895,nan,-1.0,True,,False,0.010050058364868164,0.0,0.010050058364868164,100.0,100.0,1.0,0.0,0.0,0.0,0.0,0.0
1611,94.57151794433594,-0.0,0.509247362613678,-0.0,93.55302429199219,0.0071225836873054504,2.9656450748443604,0.5890503525733948,-0.0,0.0,0.0,0.0,0.0,0.0,0.0,0.0,0.0,0.0,0.0,0.0,0.023000000044703484,0.023000000044703484,0.02,0.15,0.0,0.0,0.0,0.0,0.0,0.0,0.0,0.0,0.0,0.0,0.0,0.0,0.20617787539958954,0.014319216832518578,0.0012566876798700832,14.906842231750488,895,nan,-1.0,True,,False,0.010050058364868164,0.0,0.010050058364868164,100.0,100.0,1.0,0.0,0.0,0.0,0.0,0.0
1612,46.28862762451172,-0.0,0.4806307852268219,-0.0,45.32736587524414,0.026118047535419464,2.9772276878356934,0.5768770575523376,-0.0,0.0,0.0,0.0,0.0,0.0,0.0,0.0,0.0,0.0,0.0,0.0,0.023000000044703484,0.023000000044703484,0.02,0.15,0.0,0.0,0.0,0.0,0.0,0.0,0.0,0.0,0.0,0.0,0.0,0.0,0.20637907087802887,0.015336229465901852,0.001208356364145402,14.906842231750488,895,nan,-1.0,True,,False,0.010050058364868164,0.0,0.010050058364868164,100.0,100.0,1.0,0.0,0.0,0.0,0.0,0.0
1613,80.86854553222656,-0.0,0.3505333960056305,-0.0,80.16748046875,0.009565670974552631,2.9888904094696045,0.5719586610794067,-0.0,0.0,0.0,0.0,0.0,0.0,0.0,0.0,0.0,0.0,0.0,0.0,0.023000000044703484,0.023000000044703484,0.02,0.15,0.0,0.0,0.0,0.0,0.0,0.0,0.0,0.0,0.0,0.0,0.0,0.0,0.20646047592163086,0.020397068932652473,0.001000743695158235,14.906842231750488,895,nan,-1.0,True,,False,0.010050058364868164,0.0,0.010050058364868164,100.0,100.0,1.0,0.0,0.0,0.0,0.0,0.0
1614,88.69256591796875,-0.0,0.4064722955226898,-0.0,87.87962341308594,0.007950333878397942,3.0009799003601074,0.5748594403266907,-0.0,0.0,0.0,0.0,0.0,0.0,0.0,0.0,0.0,0.0,0.0,0.0,0.023000000044703484,0.023000000044703484,0.02,0.15,0.0,0.0,0.0,0.0,0.0,0.0,0.0,0.0,0.0,0.0,0.0,0.0,0.20684772729873657,0.01812240667641163,0.0005528810622763558,14.906842231750488,895,nan,-1.0,True,,False,0.010050058364868164,0.0,0.010050058364868164,100.0,100.0,1.0,0.0,0.0,0.0,0.0,0.0
1615,111.62673950195312,-0.0,0.35443535447120667,-0.0,110.9178695678711,0.004724737256765366,3.0132689476013184,0.574697732925415,-0.0,0.0,0.0,0.0,0.0,0.0,0.0,0.0,0.0,0.0,0.0,0.0,0.023000000044703484,0.023000000044703484,0.02,0.15,0.0,0.0,0.0,0.0,0.0,0.0,0.0,0.0,0.0,0.0,0.0,0.0,0.20699180662631989,0.02023276314139366,0.0009547898748678563,14.906842231750488,895,nan,-1.0,True,,False,0.010050058364868164,0.0,0.010050058364868164,100.0,100.0,1.0,0.0,0.0,0.0,0.0,0.0
1616,129.58377075195312,-0.0,0.30441439151763916,-0.0,128.97494506835938,0.0032664283644407988,3.0255353450775146,0.5747454762458801,-0.0,0.0,0.0,0.0,0.0,0.0,0.0,0.0,0.0,0.0,0.0,0.0,0.023000000044703484,0.023000000044703484,0.02,0.15,0.0,0.0,0.0,0.0,0.0,0.0,0.0,0.0,0.0,0.0,0.0,0.0,0.20705167949199677,0.022413119673728943,0.0012336057243373943,14.906842231750488,895,nan,-1.0,True,,False,0.010050058364868164,0.0,0.010050058364868164,100.0,100.0,1.0,0.0,0.0,0.0,0.0,0.0
1617,74.82574462890625,-0.0,0.2540319859981537,-0.0,74.31768035888672,0.011136477813124657,3.037975311279297,0.5749630928039551,-0.0,0.0,0.0,0.0,0.0,0.0,0.0,0.0,0.0,0.0,0.0,0.0,0.023000000044703484,0.023000000044703484,0.02,0.15,0.0,0.0,0.0,0.0,0.0,0.0,0.0,0.0,0.0,0.0,0.0,0.0,0.20708434283733368,0.024799207225441933,0.0006980931450470962,14.906842231750488,895,nan,-1.0,True,,False,0.010050058364868164,0.0,0.010050058364868164,100.0,100.0,1.0,0.0,0.0,0.0,0.0,0.0
1618,52.1345329284668,-0.0,0.21550385653972626,-0.0,51.70352554321289,0.02132941037416458,3.0507121086120605,0.5800227522850037,-0.0,0.0,0.0,0.0,0.0,0.0,0.0,0.0,0.0,0.0,0.0,0.0,0.023000000044703484,0.023000000044703484,0.02,0.15,0.0,0.0,0.0,0.0,0.0,0.0,0.0,0.0,0.0,0.0,0.0,0.0,0.2071136236190796,0.026788802817463875,0.0012270708305095468,14.906842231750488,895,nan,-1.0,True,,False,0.010050058364868164,0.0,0.010050058364868164,100.0,100.0,1.0,0.0,0.0,0.0,0.0,0.0
1619,73.84522247314453,-0.0,0.1921314001083374,-0.0,73.4609603881836,0.011492028832435608,3.0634984970092773,0.5800579786300659,-0.0,0.0,0.0,0.0,0.0,0.0,0.0,0.0,0.0,0.0,0.0,0.0,0.023000000044703484,0.023000000044703484,0.02,0.15,0.0,0.0,0.0,0.0,0.0,0.0,0.0,0.0,0.0,0.0,0.0,0.0,0.2071172595024109,0.028083601966500282,0.0011806732950390142,14.906842231750488,895,nan,-1.0,True,,False,0.010050058364868164,0.0,0.010050058364868164,100.0,100.0,1.0,0.0,0.0,0.0,0.0,0.0
1620,75.93640899658203,-0.0,0.17649737000465393,-0.0,75.58341217041016,0.01088316272944212,3.0762722492218018,0.5800293684005737,-0.0,0.0,0.0,0.0,0.0,0.0,0.0,0.0,0.0,0.0,0.0,0.0,0.023000000044703484,0.023000000044703484,0.02,0.15,0.0,0.0,0.0,0.0,0.0,0.0,0.0,0.0,0.0,0.0,0.0,0.0,0.20711013674736023,0.028994204476475716,0.0011781740131482366,14.906842231750488,895,nan,-1.0,True,,False,0.010050058364868164,0.0,0.010050058364868164,100.0,100.0,1.0,0.0,0.0,0.0,0.0,0.0
1621,221.87989807128906,-0.0,0.16485252976417542,-0.0,221.55018615722656,0.00068057602038607,3.0893137454986572,0.5800000429153442,-0.0,0.0,0.0,0.0,0.0,0.0,0.0,0.0,0.0,0.0,0.0,0.0,0.023000000044703484,0.023000000044703484,0.02,0.15,0.0,0.0,0.0,0.0,0.0,0.0,0.0,0.0,0.0,0.0,0.0,0.0,0.20710331201553345,0.02969898283481598,0.0011475506025817594,14.906842231750488,895,nan,-1.0,True,,False,0.010050058364868164,0.0,0.010050058364868164,100.0,100.0,1.0,0.0,0.0,0.0,0.0,0.0
1622,89.27729034423828,-0.0,0.1558414250612259,-0.0,88.96560668945312,0.007830965332686901,3.102414608001709,0.5799605250358582,-0.0,0.0,0.0,0.0,0.0,0.0,0.0,0.0,0.0,0.0,0.0,0.0,0.023000000044703484,0.023000000044703484,0.02,0.15,0.0,0.0,0.0,0.0,0.0,0.0,0.0,0.0,0.0,0.0,0.0,0.0,0.20709426701068878,0.030261622741818428,0.0011496589014541314,14.906842231750488,895,nan,-1.0,True,,False,0.010050058364868164,0.0,0.010050058364868164,100.0,100.0,1.0,0.0,0.0,0.0,0.0,0.0
1623,76.706787109375,-0.0,0.1470927894115448,-0.0,76.41260528564453,0.010679960250854492,3.120722532272339,0.5799254179000854,-0.0,0.0,0.0,0.0,0.0,0.0,0.0,0.0,0.0,0.0,0.0,0.0,0.023000000044703484,0.023000000044703484,0.02,0.15,0.0,0.0,0.0,0.0,0.0,0.0,0.0,0.0,0.0,0.0,0.0,0.0,0.2070792317390442,0.030823661014437675,0.001359630421802649,14.906842231750488,895,nan,-1.0,True,,False,0.010050058364868164,0.0,0.010050058364868164,100.0,100.0,1.0,0.0,0.0,0.0,0.0,0.0
1624,97.64189910888672,-0.0,0.1430157572031021,-0.0,97.35586547851562,0.006471795029938221,3.1393604278564453,0.5829309821128845,-0.0,0.0,0.0,0.0,0.0,0.0,0.0,0.0,0.0,0.0,0.0,0.0,0.023000000044703484,0.023000000044703484,0.02,0.15,0.0,0.0,0.0,0.0,0.0,0.0,0.0,0.0,0.0,0.0,0.0,0.0,0.2070627510547638,0.03109128773212433,0.0013088384714592394,14.906842231750488,895,nan,-1.0,True,,False,0.010050058364868164,0.0,0.010050058364868164,100.0,100.0,1.0,0.0,0.0,0.0,0.0,0.0
1625,113.99343872070312,-0.0,0.1439753621816635,-0.0,113.70549011230469,0.004572070669382811,3.1583950519561768,0.587733268737793,-0.0,0.0,0.0,0.0,0.0,0.0,0.0,0.0,0.0,0.0,0.0,0.0,0.023000000044703484,0.023000000044703484,0.02,0.15,0.0,0.0,0.0,0.0,0.0,0.0,0.0,0.0,0.0,0.0,0.0,0.0,0.207049161195755,0.031027957797050476,0.001056557792935564,14.906842231750488,895,nan,-1.0,True,,False,0.010050058364868164,0.0,0.010050058364868164,100.0,100.0,1.0,0.0,0.0,0.0,0.0,0.0
1626,159.026611328125,-0.0,0.15196293592453003,-0.0,158.72268676757812,0.0019203200936317444,3.1777992248535156,0.5874820351600647,-0.0,0.0,0.0,0.0,0.0,0.0,0.0,0.0,0.0,0.0,0.0,0.0,0.023000000044703484,0.023000000044703484,0.02,0.15,0.0,0.0,0.0,0.0,0.0,0.0,0.0,0.0,0.0,0.0,0.0,0.0,0.20703980326652527,0.03050878830254078,0.001082862869679957,14.906842231750488,895,nan,-1.0,True,,False,0.010050058364868164,0.0,0.010050058364868164,100.0,100.0,1.0,0.0,0.0,0.0,0.0,0.0
1627,85.99635314941406,-0.0,0.16524405777454376,-0.0,85.66586303710938,0.008576189167797565,3.1968936920166016,0.5871800184249878,-0.0,0.0,0.0,0.0,0.0,0.0,0.0,0.0,0.0,0.0,0.0,0.0,0.023000000044703484,0.023000000044703484,0.02,0.15,0.0,0.0,0.0,0.0,0.0,0.0,0.0,0.0,0.0,0.0,0.0,0.0,0.20705024898052216,0.029674889519810677,0.0010470341271684447,14.906842231750488,895,nan,-1.0,True,,False,0.010050058364868164,0.0,0.010050058364868164,100.0,100.0,1.0,0.0,0.0,0.0,0.0,0.0
1628,191.68214416503906,-0.0,0.18277570605278015,-0.0,191.31658935546875,0.0011019902303814888,3.215665578842163,0.5864603519439697,-0.0,0.0,0.0,0.0,0.0,0.0,0.0,0.0,0.0,0.0,0.0,0.0,0.023000000044703484,0.023000000044703484,0.02,0.15,0.0,0.0,0.0,0.0,0.0,0.0,0.0,0.0,0.0,0.0,0.0,0.0,0.20711635053157806,0.02862386219203472,0.0011189571141585475,14.906842231750488,895,nan,-1.0,True,,False,0.010050058364868164,0.0,0.010050058364868164,100.0,100.0,1.0,0.0,0.0,0.0,0.0,0.0
1629,58.0125732421875,-0.0,0.2122221142053604,-0.0,57.58812713623047,0.018068186938762665,3.2340967655181885,0.5862640738487244,-0.0,0.0,0.0,0.0,0.0,0.0,0.0,0.0,0.0,0.0,0.0,0.0,0.023000000044703484,0.023000000044703484,0.02,0.15,0.0,0.0,0.0,0.0,0.0,0.0,0.0,0.0,0.0,0.0,0.0,0.0,0.2072870135307312,0.026966214179992676,0.001133472078890918,14.906842231750488,895,nan,-1.0,True,,False,0.010050058364868164,0.0,0.010050058364868164,100.0,100.0,1.0,0.0,0.0,0.0,0.0,0.0
1630,65.25840759277344,-0.0,0.3272252380847931,-0.0,64.60395812988281,0.014728004112839699,3.2520947456359863,0.5853392481803894,-0.0,0.0,0.0,0.0,0.0,0.0,0.0,0.0,0.0,0.0,0.0,0.0,0.023000000044703484,0.023000000044703484,0.02,0.15,0.0,0.0,0.0,0.0,0.0,0.0,0.0,0.0,0.0,0.0,0.0,0.0,0.2075924426317215,0.02139819785952568,0.0010297653261659434,14.906842231750488,895,nan,-1.0,True,,False,0.010050058364868164,0.0,0.010050058364868164,100.0,100.0,1.0,0.0,0.0,0.0,0.0,0.0
1631,116.36665344238281,-0.0,0.2400401085615158,-0.0,115.8865737915039,0.004292876459658146,3.2703304290771484,0.5777238011360168,-0.0,0.0,0.0,0.0,0.0,0.0,0.0,0.0,0.0,0.0,0.0,0.0,0.023000000044703484,0.023000000044703484,0.02,0.15,0.0,0.0,0.0,0.0,0.0,0.0,0.0,0.0,0.0,0.0,0.0,0.0,0.20770934224128723,0.02550305612385273,0.0011294021178400726,14.906842231750488,895,nan,-1.0,True,,False,0.010050058364868164,0.0,0.010050058364868164,100.0,100.0,1.0,0.0,0.0,0.0,0.0,0.0
1632,63.235076904296875,-0.0,0.4963473081588745,-0.0,62.24238204956055,0.015667084604501724,3.2881486415863037,0.5818056464195251,-0.0,0.0,0.0,0.0,0.0,0.0,0.0,0.0,0.0,0.0,0.0,0.0,0.023000000044703484,0.023000000044703484,0.02,0.15,0.0,0.0,0.0,0.0,0.0,0.0,0.0,0.0,0.0,0.0,0.0,0.0,0.20796287059783936,0.014774038456380367,0.0010989394725129387,14.906842231750488,895,nan,-1.0,True,,False,0.010050058364868164,0.0,0.010050058364868164,100.0,100.0,1.0,0.0,0.0,0.0,0.0,0.0
1633,156.43150329589844,-0.0,0.6699097156524658,-0.0,155.09169006347656,0.002000965178012848,3.3021087646484375,0.5729915499687195,-0.0,0.0,0.0,0.0,0.0,0.0,0.0,0.0,0.0,0.0,0.0,0.0,0.023000000044703484,0.023000000044703484,0.02,0.15,0.0,0.0,0.0,0.0,0.0,0.0,0.0,0.0,0.0,0.0,0.0,0.0,0.20806778967380524,0.009075991809368134,0.0008792337496288383,14.906842231750488,895,nan,-1.0,True,,False,0.010050058364868164,0.0,0.010050058364868164,100.0,100.0,1.0,0.0,0.0,0.0,0.0,0.0
1634,95.58689880371094,-0.0,1.0,-0.0,93.58689880371094,0.006894689053297043,3.297407865524292,0.5693655610084534,-0.0,0.0,0.0,0.0,0.0,0.0,0.0,0.0,0.0,0.0,0.0,0.0,0.023000000044703484,0.023000000044703484,0.02,0.15,0.0,0.0,0.0,0.0,0.0,0.0,0.0,0.0,0.0,0.0,0.0,0.0,0.20821574330329895,0.0,0.0008011618317596003,14.906842231750488,895,nan,-1.0,True,,False,0.010050058364868164,0.0,0.010050058364868164,100.0,100.0,1.0,0.0,0.0,0.0,0.0,0.0
1635,214.01968383789062,-0.0,1.0,-0.0,212.01968383789062,0.0007770460215397179,3.2939603328704834,0.5729432702064514,-0.0,0.0,0.0,0.0,0.0,0.0,0.0,0.0,0.0,0.0,0.0,0.0,0.023000000044703484,0.023000000044703484,0.02,0.15,0.0,0.0,0.0,0.0,0.0,0.0,0.0,0.0,0.0,0.0,0.0,0.0,0.20829589664936066,0.0,0.0011035685233764525,14.906842231750488,895,nan,-1.0,True,,False,0.010050058364868164,0.0,0.010050058364868164,100.0,100.0,1.0,0.0,0.0,0.0,0.0,0.0
1636,115.39907836914062,-0.0,1.0,-0.0,113.39907836914062,0.004448100924491882,3.2897467613220215,0.5688599944114685,-0.0,0.0,0.0,0.0,0.0,0.0,0.0,0.0,0.0,0.0,0.0,0.0,0.023000000044703484,0.023000000044703484,0.02,0.15,0.0,0.0,0.0,0.0,0.0,0.0,0.0,0.0,0.0,0.0,0.0,0.0,0.20840659737586975,0.0,0.0005448678466564161,14.906842231750488,895,nan,-1.0,True,,False,0.010050058364868164,0.0,0.010050058364868164,100.0,100.0,1.0,0.0,0.0,0.0,0.0,0.0
1637,73.25879669189453,-0.0,1.0,-0.0,71.25879669189453,0.011850880458950996,3.2842495441436768,0.5645945072174072,-0.0,0.0,0.0,0.0,0.0,0.0,0.0,0.0,0.0,0.0,0.0,0.0,0.023000000044703484,0.023000000044703484,0.02,0.15,0.0,0.0,0.0,0.0,0.0,0.0,0.0,0.0,0.0,0.0,0.0,0.0,0.2085292786359787,0.0,0.0010845596707440563,14.906842231750488,895,nan,-1.0,True,,False,0.010050058364868164,0.0,0.010050058364868164,100.0,100.0,1.0,0.0,0.0,0.0,0.0,0.0
1638,80.83467864990234,-0.0,1.0,-0.0,78.83467864990234,0.009740287438035011,3.28950572013855,0.5643715262413025,-0.0,0.0,0.0,0.0,0.0,0.0,0.0,0.0,0.0,0.0,0.0,0.0,0.023000000044703484,0.023000000044703484,0.02,0.15,0.0,0.0,0.0,0.0,0.0,0.0,0.0,0.0,0.0,0.0,0.0,0.0,0.20859216153621674,0.0,0.0007367709808931977,14.906842231750488,895,nan,-1.0,True,,False,0.010050058364868164,0.0,0.010050058364868164,100.0,100.0,1.0,0.0,0.0,0.0,0.0,0.0
1639,103.99507904052734,-0.0,1.0,-0.0,101.99507904052734,0.005663285963237286,3.3004345893859863,0.5670533776283264,-0.0,0.0,0.0,0.0,0.0,0.0,0.0,0.0,0.0,0.0,0.0,0.0,0.023000000044703484,0.023000000044703484,0.02,0.15,0.0,0.0,0.0,0.0,0.0,0.0,0.0,0.0,0.0,0.0,0.0,0.0,0.2087121158838272,0.0,0.00117265119934018,14.906842231750488,895,nan,-1.0,True,,False,0.010050058364868164,0.0,0.010050058364868164,100.0,100.0,1.0,0.0,0.0,0.0,0.0,0.0
1640,42.448219299316406,-0.0,1.0,-0.0,40.448219299316406,0.03046775609254837,3.3112430572509766,0.5707291960716248,-0.0,0.0,0.0,0.0,0.0,0.0,0.0,0.0,0.0,0.0,0.0,0.0,0.023000000044703484,0.023000000044703484,0.02,0.15,0.0,0.0,0.0,0.0,0.0,0.0,0.0,0.0,0.0,0.0,0.0,0.0,0.2088358998298645,0.0,0.0011688474646689428,14.906842231750488,895,nan,-1.0,True,,False,0.010050058364868164,0.0,0.010050058364868164,100.0,100.0,1.0,0.0,0.0,0.0,0.0,0.0
1641,109.08309173583984,-0.0,1.0,-0.0,107.08309173583984,0.005090863443911076,3.3220391273498535,0.5702670812606812,-0.0,0.0,0.0,0.0,0.0,0.0,0.0,0.0,0.0,0.0,0.0,0.0,0.023000000044703484,0.023000000044703484,0.02,0.15,0.0,0.0,0.0,0.0,0.0,0.0,0.0,0.0,0.0,0.0,0.0,0.0,0.20889827609062195,0.0,0.0010778756711715687,14.906842231750488,895,nan,-1.0,True,,False,0.010050058364868164,0.0,0.010050058364868164,100.0,100.0,1.0,0.0,0.0,0.0,0.0,0.0
1642,72.40884399414062,-0.0,1.0,-0.0,70.40884399414062,0.012238804250955582,3.3329434394836426,0.5705248713493347,-0.0,0.0,0.0,0.0,0.0,0.0,0.0,0.0,0.0,0.0,0.0,0.0,0.023000000044703484,0.023000000044703484,0.02,0.15,0.0,0.0,0.0,0.0,0.0,0.0,0.0,0.0,0.0,0.0,0.0,0.0,0.2089296281337738,0.0,0.0011245816322116298,14.906842231750488,895,nan,-1.0,True,,False,0.010050058364868164,0.0,0.010050058364868164,100.0,100.0,1.0,0.0,0.0,0.0,0.0,0.0
1643,69.14898681640625,-0.0,1.0,-0.0,67.14898681640625,0.013288959860801697,3.343672037124634,0.5671865344047546,-0.0,0.0,0.0,0.0,0.0,0.0,0.0,0.0,0.0,0.0,0.0,0.0,0.023000000044703484,0.023000000044703484,0.02,0.15,0.0,0.0,0.0,0.0,0.0,0.0,0.0,0.0,0.0,0.0,0.0,0.0,0.20890074968338013,0.0,0.0011952360589475575,14.906842231750488,895,nan,-1.0,True,,False,0.010050058364868164,0.0,0.010050058364868164,100.0,100.0,1.0,0.0,0.0,0.0,0.0,0.0
1644,69.9261245727539,-0.0,0.8942109942436218,-0.0,68.13770294189453,0.012933885678648949,3.3543033599853516,0.5674616694450378,-0.0,0.0,0.0,0.0,0.0,0.0,0.0,0.0,0.0,0.0,0.0,0.0,0.023000000044703484,0.023000000044703484,0.02,0.15,0.0,0.0,0.0,0.0,0.0,0.0,0.0,0.0,0.0,0.0,0.0,0.0,0.20874899625778198,0.0027186349034309387,0.0011846091615552723,14.906842231750488,895,nan,-1.0,True,,False,0.010050058364868164,0.0,0.010050058364868164,100.0,100.0,1.0,0.0,0.0,0.0,0.0,0.0
1645,146.3677520751953,-0.0,0.8329364657402039,-0.0,144.70187377929688,0.002398543991148472,3.3649301528930664,0.5702265501022339,-0.0,0.0,0.0,0.0,0.0,0.0,0.0,0.0,0.0,0.0,0.0,0.0,0.023000000044703484,0.023000000044703484,0.02,0.15,0.0,0.0,0.0,0.0,0.0,0.0,0.0,0.0,0.0,0.0,0.0,0.0,0.2086365818977356,0.004367320332676172,0.000527816244357382,14.906842231750488,895,nan,-1.0,True,,False,0.010050058364868164,0.0,0.010050058364868164,100.0,100.0,1.0,0.0,0.0,0.0,0.0,0.0
1646,174.52597045898438,-0.0,0.6797841191291809,-0.0,173.16639709472656,0.0014459877274930477,3.375455379486084,0.5701151490211487,-0.0,0.0,0.0,0.0,0.0,0.0,0.0,0.0,0.0,0.0,0.0,0.0,0.023000000044703484,0.023000000044703484,0.02,0.15,0.0,0.0,0.0,0.0,0.0,0.0,0.0,0.0,0.0,0.0,0.0,0.0,0.20857743918895721,0.00877548847347498,0.0011719809099304257,14.906842231750488,895,nan,-1.0,True,,False,0.010050058364868164,0.0,0.010050058364868164,100.0,100.0,1.0,0.0,0.0,0.0,0.0,0.0
1647,66.22434997558594,-0.0,0.6660700440406799,-0.0,64.8922119140625,0.014137432910501957,3.386106491088867,0.5665351748466492,-0.0,0.0,0.0,0.0,0.0,0.0,0.0,0.0,0.0,0.0,0.0,0.0,0.023000000044703484,0.023000000044703484,0.02,0.15,0.0,0.0,0.0,0.0,0.0,0.0,0.0,0.0,0.0,0.0,0.0,0.0,0.20856980979442596,0.00919344276189804,0.0011445094603459438,14.906842231750488,895,nan,-1.0,True,,False,0.010050058364868164,0.0,0.010050058364868164,100.0,100.0,1.0,0.0,0.0,0.0,0.0,0.0
1648,60.94871520996094,-0.0,0.4050499498844147,-0.0,60.138614654541016,0.016126073896884918,3.3969027996063232,0.5641720294952393,-0.0,0.0,0.0,0.0,0.0,0.0,0.0,0.0,0.0,0.0,0.0,0.0,0.023000000044703484,0.023000000044703484,0.02,0.15,0.0,0.0,0.0,0.0,0.0,0.0,0.0,0.0,0.0,0.0,0.0,0.0,0.20860664546489716,0.01817823201417923,0.0011856124194764561,14.906842231750488,895,nan,-1.0,True,,False,0.010050058364868164,0.0,0.010050058364868164,100.0,100.0,1.0,0.0,0.0,0.0,0.0,0.0
1649,57.161251068115234,-0.0,0.07012774050235748,-0.0,57.02099609375,0.017770463600754738,3.407716751098633,0.5690388679504395,-0.0,0.0,0.0,0.0,0.0,0.0,0.0,0.0,0.0,0.0,0.0,0.0,0.023000000044703484,0.023000000044703484,0.02,0.15,0.0,0.0,0.0,0.0,0.0,0.0,0.0,0.0,0.0,0.0,0.0,0.0,0.20868487656116486,0.03675917908549309,0.001148646827232369,14.906842231750488,895,nan,-1.0,True,,False,0.010050058364868164,0.0,0.010050058364868164,100.0,100.0,1.0,0.0,0.0,0.0,0.0,0.0
1650,44.97452926635742,-0.0,0.309329628944397,-0.0,44.35586929321289,0.02646755240857601,3.418597936630249,0.5680584907531738,-0.0,0.0,0.0,0.0,0.0,0.0,0.0,0.0,0.0,0.0,0.0,0.0,0.023000000044703484,0.023000000044703484,0.02,0.15,0.0,0.0,0.0,0.0,0.0,0.0,0.0,0.0,0.0,0.0,0.0,0.0,0.20914794504642487,0.02219129540026188,0.0011013274638571602,14.906842231750488,895,nan,-1.0,True,,False,0.010050058364868164,0.0,0.010050058364868164,100.0,100.0,1.0,0.0,0.0,0.0,0.0,0.0
1651,185.07943725585938,-0.0,0.668623149394989,-0.0,183.7421875,0.001221098005771637,3.41746187210083,0.573863685131073,-0.0,0.0,0.0,0.0,0.0,0.0,0.0,0.0,0.0,0.0,0.0,0.0,0.023000000044703484,0.023000000044703484,0.02,0.15,0.0,0.0,0.0,0.0,0.0,0.0,0.0,0.0,0.0,0.0,0.0,0.0,0.20949223637580872,0.009115309454500675,0.0012320209036715823,14.906842231750488,895,nan,-1.0,True,,False,0.010050058364868164,0.0,0.010050058364868164,100.0,100.0,1.0,0.0,0.0,0.0,0.0,0.0
1652,101.5621566772461,-0.0,0.5789561867713928,-0.0,100.40424346923828,0.005964617244899273,3.402211904525757,0.5748156309127808,-0.0,0.0,0.0,0.0,0.0,0.0,0.0,0.0,0.0,0.0,0.0,0.0,0.023000000044703484,0.023000000044703484,0.02,0.15,0.0,0.0,0.0,0.0,0.0,0.0,0.0,0.0,0.0,0.0,0.0,0.0,0.2093648910522461,0.011955414898693562,0.0011745560345843842,14.906842231750488,895,nan,-1.0,True,,False,0.010050058364868164,0.0,0.010050058364868164,100.0,100.0,1.0,0.0,0.0,0.0,0.0,0.0
1653,114.57958984375,-0.0,0.2567112147808075,-0.0,114.06616973876953,0.004358768463134766,3.377819776535034,0.5659594535827637,-0.0,0.0,0.0,0.0,0.0,0.0,0.0,0.0,0.0,0.0,0.0,0.0,0.023000000044703484,0.023000000044703484,0.02,0.15,0.0,0.0,0.0,0.0,0.0,0.0,0.0,0.0,0.0,0.0,0.0,0.0,0.20974323153495789,0.024666661396622658,0.001181780087563311,14.906842231750488,895,nan,-1.0,True,,False,0.010050058364868164,0.0,0.010050058364868164,100.0,100.0,1.0,0.0,0.0,0.0,0.0,0.0
1654,32.30765151977539,-0.0,0.4356284737586975,-0.0,31.43639373779297,0.043129779398441315,3.3505187034606934,0.5766640305519104,-0.0,0.0,0.0,0.0,0.0,0.0,0.0,0.0,0.0,0.0,0.0,0.0,0.023000000044703484,0.023000000044703484,0.02,0.15,0.0,0.0,0.0,0.0,0.0,0.0,0.0,0.0,0.0,0.0,0.0,0.0,0.2090243250131607,0.01699892058968544,0.0010017556082857482,14.906842231750488,895,nan,-1.0,True,,False,0.010050058364868164,0.0,0.010050058364868164,100.0,100.0,1.0,0.0,0.0,0.0,0.0,0.0
1655,95.31353759765625,-0.0,0.5335226058959961,-0.0,94.24649047851562,0.00676200445741415,3.320197343826294,0.568172037601471,-0.0,0.0,0.0,0.0,0.0,0.0,0.0,0.0,0.0,0.0,0.0,0.0,0.023000000044703484,0.023000000044703484,0.02,0.15,0.0,0.0,0.0,0.0,0.0,0.0,0.0,0.0,0.0,0.0,0.0,0.0,0.20927362143993378,0.013478685170412064,0.0011947310972573177,14.906842231750488,895,nan,-1.0,True,,False,0.010050058364868164,0.0,0.010050058364868164,100.0,100.0,1.0,0.0,0.0,0.0,0.0,0.0
1656,97.49382781982422,-0.0,1.0,-0.0,95.49382781982422,0.006512971129268408,3.286287784576416,0.5630532503128052,-0.0,0.0,0.0,0.0,0.0,0.0,0.0,0.0,0.0,0.0,0.0,0.0,0.023000000044703484,0.023000000044703484,0.02,0.15,0.0,0.0,0.0,0.0,0.0,0.0,0.0,0.0,0.0,0.0,0.0,0.0,0.20975364744663239,0.0,0.0017647831184604001,14.906842231750488,895,nan,-1.0,True,,False,0.010050058364868164,0.0,0.010050058364868164,100.0,100.0,1.0,0.0,0.0,0.0,0.0,0.0
1657,109.1252212524414,-0.0,1.0,-0.0,107.1252212524414,0.005039390176534653,3.281229019165039,0.5654279589653015,-0.0,0.0,0.0,0.0,0.0,0.0,0.0,0.0,0.0,0.0,0.0,0.0,0.023000000044703484,0.023000000044703484,0.02,0.15,0.0,0.0,0.0,0.0,0.0,0.0,0.0,0.0,0.0,0.0,0.0,0.0,0.20989146828651428,0.0,0.0010460371795488754,14.906842231750488,895,nan,-1.0,True,,False,0.010050058364868164,0.0,0.010050058364868164,100.0,100.0,1.0,0.0,0.0,0.0,0.0,0.0
1658,67.90245819091797,-0.0,0.33715009689331055,-0.0,67.22815704345703,0.013315492309629917,3.284886360168457,0.5697827339172363,-0.0,0.0,0.0,0.0,0.0,0.0,0.0,0.0,0.0,0.0,0.0,0.0,0.023000000044703484,0.023000000044703484,0.02,0.15,0.0,0.0,0.0,0.0,0.0,0.0,0.0,0.0,0.0,0.0,0.0,0.0,0.21022158861160278,0.02096768654882908,0.00112716297667248,14.906842231750488,895,nan,-1.0,True,,False,0.010050058364868164,0.0,0.010050058364868164,100.0,100.0,1.0,0.0,0.0,0.0,0.0,0.0
1659,57.3669548034668,-0.0,0.4985155761241913,-0.0,56.36992263793945,0.018279556185007095,3.2872719764709473,0.5738300085067749,-0.0,0.0,0.0,0.0,0.0,0.0,0.0,0.0,0.0,0.0,0.0,0.0,0.023000000044703484,0.023000000044703484,0.02,0.15,0.0,0.0,0.0,0.0,0.0,0.0,0.0,0.0,0.0,0.0,0.0,0.0,0.21029071509838104,0.014697184786200523,0.0010958235666294058,14.906842231750488,895,nan,-1.0,True,,False,0.010050058364868164,0.0,0.010050058364868164,100.0,100.0,1.0,0.0,0.0,0.0,0.0,0.0
1660,66.68113708496094,-0.0,0.24285009503364563,-0.0,66.1954345703125,0.013812258839607239,3.288475275039673,0.5743659734725952,-0.0,0.0,0.0,0.0,0.0,0.0,0.0,0.0,0.0,0.0,0.0,0.0,0.023000000044703484,0.023000000044703484,0.02,0.15,0.0,0.0,0.0,0.0,0.0,0.0,0.0,0.0,0.0,0.0,0.0,0.0,0.2103666216135025,0.025360088795423508,0.00117884073733876,14.906842231750488,895,nan,-1.0,True,,False,0.010050058364868164,0.0,0.010050058364868164,100.0,100.0,1.0,0.0,0.0,0.0,0.0,0.0
1661,37.81129837036133,-0.0,0.18363212049007416,-0.0,37.444034576416016,0.03408602625131607,3.2882986068725586,0.5736782550811768,-0.0,0.0,0.0,0.0,0.0,0.0,0.0,0.0,0.0,0.0,0.0,0.0,0.023000000044703484,0.023000000044703484,0.02,0.15,0.0,0.0,0.0,0.0,0.0,0.0,0.0,0.0,0.0,0.0,0.0,0.0,0.21042945981025696,0.028573840856552124,0.0011654303559680557,14.906842231750488,895,nan,-1.0,True,,False,0.010050058364868164,0.0,0.010050058364868164,100.0,100.0,1.0,0.0,0.0,0.0,0.0,0.0
1662,181.18917846679688,-0.0,0.3439658582210541,-0.0,180.50125122070312,0.0012747562723234296,3.2891788482666016,0.5687735676765442,-0.0,0.0,0.0,0.0,0.0,0.0,0.0,0.0,0.0,0.0,0.0,0.0,0.023000000044703484,0.023000000044703484,0.02,0.15,0.0,0.0,0.0,0.0,0.0,0.0,0.0,0.0,0.0,0.0,0.0,0.0,0.21058447659015656,0.020675698295235634,0.0011700580303113384,14.906842231750488,895,nan,-1.0,True,,False,0.010050058364868164,0.0,0.010050058364868164,100.0,100.0,1.0,0.0,0.0,0.0,0.0,0.0
1663,66.91030883789062,-0.0,0.7797174453735352,-0.0,65.35087585449219,0.013884107582271099,3.2912232875823975,0.564319372177124,-0.0,0.0,0.0,0.0,0.0,0.0,0.0,0.0,0.0,0.0,0.0,0.0,0.023000000044703484,0.023000000044703484,0.02,0.15,0.0,0.0,0.0,0.0,0.0,0.0,0.0,0.0,0.0,0.0,0.0,0.0,0.21003730595111847,0.005849193781614304,0.0010170367754653853,14.906842231750488,895,nan,-1.0,True,,False,0.010050058364868164,0.0,0.010050058364868164,100.0,100.0,1.0,0.0,0.0,0.0,0.0,0.0
1664,81.8640365600586,-0.0,0.3349141478538513,-0.0,81.19420623779297,0.009205913171172142,3.2919023036956787,0.56593257188797,-0.0,0.0,0.0,0.0,0.0,0.0,0.0,0.0,0.0,0.0,0.0,0.0,0.023000000044703484,0.023000000044703484,0.02,0.15,0.0,0.0,0.0,0.0,0.0,0.0,0.0,0.0,0.0,0.0,0.0,0.0,0.21055270731449127,0.021064115688204765,0.001179411927637375,14.906842231750488,895,nan,-1.0,True,,False,0.010050058364868164,0.0,0.010050058364868164,100.0,100.0,1.0,0.0,0.0,0.0,0.0,0.0
1665,119.65536499023438,-0.0,0.13252043724060059,-0.0,119.39032745361328,0.003905178979039192,3.293781042098999,0.5652608275413513,-0.0,0.0,0.0,0.0,0.0,0.0,0.0,0.0,0.0,0.0,0.0,0.0,0.023000000044703484,0.023000000044703484,0.02,0.15,0.0,0.0,0.0,0.0,0.0,0.0,0.0,0.0,0.0,0.0,0.0,0.0,0.21093206107616425,0.03179832175374031,0.0010707923206609848,14.906842231750488,895,nan,-1.0,True,,False,0.010050058364868164,0.0,0.010050058364868164,100.0,100.0,1.0,0.0,0.0,0.0,0.0,0.0
1666,93.75707244873047,-0.0,0.5797158479690552,-0.0,92.59764099121094,0.0069869514554739,3.2944486141204834,0.5647318363189697,-0.0,0.0,0.0,0.0,0.0,0.0,0.0,0.0,0.0,0.0,0.0,0.0,0.023000000044703484,0.023000000044703484,0.02,0.15,0.0,0.0,0.0,0.0,0.0,0.0,0.0,0.0,0.0,0.0,0.0,0.0,0.21074141561985016,0.011930461041629314,0.000602656734372431,14.906842231750488,895,nan,-1.0,True,,False,0.010050058364868164,0.0,0.010050058364868164,100.0,100.0,1.0,0.0,0.0,0.0,0.0,0.0
1667,80.45403289794922,-0.0,0.3353074789047241,-0.0,79.78341674804688,0.009611871093511581,3.2960824966430664,0.571180522441864,-0.0,0.0,0.0,0.0,0.0,0.0,0.0,0.0,0.0,0.0,0.0,0.0,0.023000000044703484,0.023000000044703484,0.02,0.15,0.0,0.0,0.0,0.0,0.0,0.0,0.0,0.0,0.0,0.0,0.0,0.0,0.21091504395008087,0.021047130227088928,0.0008956649908213876,14.906842231750488,895,nan,-1.0,True,,False,0.010050058364868164,0.0,0.010050058364868164,100.0,100.0,1.0,0.0,0.0,0.0,0.0,0.0
1668,136.2549591064453,-0.0,0.4348888099193573,-0.0,135.3851776123047,0.002844462636858225,3.297377109527588,0.566830039024353,-0.0,0.0,0.0,0.0,0.0,0.0,0.0,0.0,0.0,0.0,0.0,0.0,0.023000000044703484,0.023000000044703484,0.02,0.15,0.0,0.0,0.0,0.0,0.0,0.0,0.0,0.0,0.0,0.0,0.0,0.0,0.2112894207239151,0.017026949673891068,0.0009946412515091652,14.906842231750488,895,nan,-1.0,True,,False,0.010050058364868164,0.0,0.010050058364868164,100.0,100.0,1.0,0.0,0.0,0.0,0.0,0.0
1669,58.095458984375,-0.0,0.24686691164970398,-0.0,57.60172653198242,0.017484363168478012,3.2974491119384766,0.5685319900512695,-0.0,0.0,0.0,0.0,0.0,0.0,0.0,0.0,0.0,0.0,0.0,0.0,0.023000000044703484,0.023000000044703484,0.02,0.15,0.0,0.0,0.0,0.0,0.0,0.0,0.0,0.0,0.0,0.0,0.0,0.0,0.21159379184246063,0.025157148018479347,0.0006667629559160559,14.906842231750488,895,nan,-1.0,True,,False,0.010050058364868164,0.0,0.010050058364868164,100.0,100.0,1.0,0.0,0.0,0.0,0.0,0.0
1670,85.96907806396484,-0.0,0.7050676941871643,-0.0,84.55894470214844,0.008489616215229034,3.2973408699035645,0.5675050020217896,-0.0,0.0,0.0,0.0,0.0,0.0,0.0,0.0,0.0,0.0,0.0,0.0,0.023000000044703484,0.023000000044703484,0.02,0.15,0.0,0.0,0.0,0.0,0.0,0.0,0.0,0.0,0.0,0.0,0.0,0.0,0.21231453120708466,0.008015846833586693,0.001136083761593909,14.906842231750488,895,nan,-1.0,True,,False,0.010050058364868164,0.0,0.010050058364868164,100.0,100.0,1.0,0.0,0.0,0.0,0.0,0.0
1671,186.72755432128906,-0.0,0.17003749310970306,-0.0,186.38748168945312,0.001163482666015625,3.2985482215881348,0.5717251300811768,-0.0,0.0,0.0,0.0,0.0,0.0,0.0,0.0,0.0,0.0,0.0,0.0,0.023000000044703484,0.023000000044703484,0.02,0.15,0.0,0.0,0.0,0.0,0.0,0.0,0.0,0.0,0.0,0.0,0.0,0.0,0.21243916451931,0.02938219904899597,0.0005967160982436326,14.906842231750488,895,nan,-1.0,True,,False,0.010050058364868164,0.0,0.010050058364868164,100.0,100.0,1.0,0.0,0.0,0.0,0.0,0.0
1672,152.86402893066406,-0.0,0.7301624417304993,-0.0,151.40370178222656,0.0021143986377865076,3.2970895767211914,0.5675774216651917,-0.0,0.0,0.0,0.0,0.0,0.0,0.0,0.0,0.0,0.0,0.0,0.0,0.023000000044703484,0.023000000044703484,0.02,0.15,0.0,0.0,0.0,0.0,0.0,0.0,0.0,0.0,0.0,0.0,0.0,0.0,0.21242046356201172,0.00727522699162364,0.0011593617900871322,14.906842231750488,895,nan,-1.0,True,,False,0.010050058364868164,0.0,0.010050058364868164,100.0,100.0,1.0,0.0,0.0,0.0,0.0,0.0
1673,125.50575256347656,-0.0,0.37200814485549927,-0.0,124.76173400878906,0.0035437315236777067,3.2893264293670654,0.573025643825531,-0.0,0.0,0.0,0.0,0.0,0.0,0.0,0.0,0.0,0.0,0.0,0.0,0.023000000044703484,0.023000000044703484,0.02,0.15,0.0,0.0,0.0,0.0,0.0,0.0,0.0,0.0,0.0,0.0,0.0,0.0,0.21225868165493011,0.019503764808177948,0.001494879163828955,14.906842231750488,895,nan,-1.0,True,,False,0.010050058364868164,0.0,0.010050058364868164,100.0,100.0,1.0,0.0,0.0,0.0,0.0,0.0
1674,96.53105163574219,-0.0,0.5276397466659546,-0.0,95.47576904296875,0.006700871512293816,3.2817935943603516,0.5784417986869812,-0.0,0.0,0.0,0.0,0.0,0.0,0.0,0.0,0.0,0.0,0.0,0.0,0.023000000044703484,0.023000000044703484,0.02,0.15,0.0,0.0,0.0,0.0,0.0,0.0,0.0,0.0,0.0,0.0,0.0,0.0,0.21309874951839447,0.013680591247975826,0.000805124836460891,14.906842231750488,895,nan,-1.0,True,,False,0.010050058364868164,0.0,0.010050058364868164,100.0,100.0,1.0,0.0,0.0,0.0,0.0,0.0
1675,89.30907440185547,-0.0,0.5815477967262268,-0.0,88.14598083496094,0.0077288211323320866,3.2748003005981445,0.5633839964866638,-0.0,0.0,0.0,0.0,0.0,0.0,0.0,0.0,0.0,0.0,0.0,0.0,0.023000000044703484,0.023000000044703484,0.02,0.15,0.0,0.0,0.0,0.0,0.0,0.0,0.0,0.0,0.0,0.0,0.0,0.0,0.21265925467014313,0.01187035720795393,0.0011539582037585205,14.906842231750488,895,nan,-1.0,True,,False,0.010050058364868164,0.0,0.010050058364868164,100.0,100.0,1.0,0.0,0.0,0.0,0.0,0.0
1676,52.84257125854492,-0.0,0.21641463041305542,-0.0,52.40974044799805,0.020382868126034737,3.267387866973877,0.5668715834617615,-0.0,0.0,0.0,0.0,0.0,0.0,0.0,0.0,0.0,0.0,0.0,0.0,0.023000000044703484,0.023000000044703484,0.02,0.15,0.0,0.0,0.0,0.0,0.0,0.0,0.0,0.0,0.0,0.0,0.0,0.0,0.21361181139945984,0.026739807799458504,0.0008212195361920749,14.906842231750488,895,nan,-1.0,True,,False,0.010050058364868164,0.0,0.010050058364868164,100.0,100.0,1.0,0.0,0.0,0.0,0.0,0.0
1677,59.4598503112793,-0.0,0.8802881836891174,-0.0,57.69927215576172,0.017433401197195053,3.256016731262207,0.5678712725639343,-0.0,0.0,0.0,0.0,0.0,0.0,0.0,0.0,0.0,0.0,0.0,0.0,0.023000000044703484,0.023000000044703484,0.02,0.15,0.0,0.0,0.0,0.0,0.0,0.0,0.0,0.0,0.0,0.0,0.0,0.0,0.21446388959884644,0.003088161814957857,0.001387376407933516,14.906842231750488,895,nan,-1.0,True,,False,0.010050058364868164,0.0,0.010050058364868164,100.0,100.0,1.0,0.0,0.0,0.0,0.0,0.0
1678,80.13754272460938,-0.0,1.0,-0.0,78.13754272460938,0.010118410922586918,3.240518569946289,0.575471818447113,-0.0,0.0,0.0,0.0,0.0,0.0,0.0,0.0,0.0,0.0,0.0,0.0,0.023000000044703484,0.023000000044703484,0.02,0.15,0.0,0.0,0.0,0.0,0.0,0.0,0.0,0.0,0.0,0.0,0.0,0.0,0.21512097120285034,0.0,0.0008666855251249217,14.906842231750488,895,nan,-1.0,True,,False,0.010050058364868164,0.0,0.010050058364868164,100.0,100.0,1.0,0.0,0.0,0.0,0.0,0.0
1679,63.74634552001953,-0.0,0.5586243271827698,-0.0,62.62909698486328,0.015233997255563736,3.2247817516326904,0.5732064843177795,-0.0,0.0,0.0,0.0,0.0,0.0,0.0,0.0,0.0,0.0,0.0,0.0,0.023000000044703484,0.023000000044703484,0.02,0.15,0.0,0.0,0.0,0.0,0.0,0.0,0.0,0.0,0.0,0.0,0.0,0.0,0.21562092006206512,0.012629411183297634,0.000900109374015301,14.906842231750488,895,nan,-1.0,True,,False,0.010050058364868164,0.0,0.010050058364868164,100.0,100.0,1.0,0.0,0.0,0.0,0.0,0.0
1680,133.25747680664062,-0.0,0.3402036130428314,-0.0,132.5770721435547,0.002991696819663048,3.207387924194336,0.5634335875511169,-0.0,0.0,0.0,0.0,0.0,0.0,0.0,0.0,0.0,0.0,0.0,0.0,0.023000000044703484,0.023000000044703484,0.02,0.15,0.0,0.0,0.0,0.0,0.0,0.0,0.0,0.0,0.0,0.0,0.0,0.0,0.21559882164001465,0.020836511626839638,0.0011514486413943814,14.906842231750488,895,nan,-1.0,True,,False,0.010050058364868164,0.0,0.010050058364868164,100.0,100.0,1.0,0.0,0.0,0.0,0.0,0.0
1681,71.72726440429688,-0.0,0.6712033152580261,-0.0,70.38485717773438,0.012159405276179314,3.184924602508545,0.5661050081253052,-0.0,0.0,0.0,0.0,0.0,0.0,0.0,0.0,0.0,0.0,0.0,0.0,0.023000000044703484,0.023000000044703484,0.02,0.15,0.0,0.0,0.0,0.0,0.0,0.0,0.0,0.0,0.0,0.0,0.0,0.0,0.21635793149471283,0.009036501869559288,0.001146933706195341,14.906842231750488,895,nan,-1.0,True,,False,0.010050058364868164,0.0,0.010050058364868164,100.0,100.0,1.0,0.0,0.0,0.0,0.0,0.0
1682,39.535308837890625,-0.0,0.23021076619625092,-0.0,39.074886322021484,0.03144966438412666,3.161137819290161,0.5612918734550476,-0.0,0.0,0.0,0.0,0.0,0.0,0.0,0.0,0.0,0.0,0.0,0.0,0.023000000044703484,0.023000000044703484,0.02,0.15,0.0,0.0,0.0,0.0,0.0,0.0,0.0,0.0,0.0,0.0,0.0,0.0,0.21615082025527954,0.026009857654571533,0.0011246968081195519,14.906842231750488,895,nan,-1.0,True,,False,0.010050058364868164,0.0,0.010050058364868164,100.0,100.0,1.0,0.0,0.0,0.0,0.0,0.0
1683,55.053749084472656,-0.0,0.11686272919178009,-0.0,54.82002258300781,0.01883777417242527,3.1369471549987793,0.5643260478973389,-0.0,0.0,0.0,0.0,0.0,0.0,0.0,0.0,0.0,0.0,0.0,0.0,0.023000000044703484,0.023000000044703484,0.02,0.15,0.0,0.0,0.0,0.0,0.0,0.0,0.0,0.0,0.0,0.0,0.0,0.0,0.21655315160751343,0.032907404005527496,0.0011514634302329796,14.906842231750488,895,nan,-1.0,True,,False,0.010050058364868164,0.0,0.010050058364868164,100.0,100.0,1.0,0.0,0.0,0.0,0.0,0.0
1684,74.82904052734375,-0.0,0.22606872022151947,-0.0,74.37689971923828,0.010859453119337559,3.112987518310547,0.5617803931236267,-0.0,0.0,0.0,0.0,0.0,0.0,0.0,0.0,0.0,0.0,0.0,0.0,0.023000000044703484,0.023000000044703484,0.02,0.15,0.0,0.0,0.0,0.0,0.0,0.0,0.0,0.0,0.0,0.0,0.0,0.0,0.21566133201122284,0.02622665837407112,0.0011506198163715453,14.906842231750488,895,nan,-1.0,True,,False,0.010050058364868164,0.0,0.010050058364868164,100.0,100.0,1.0,0.0,0.0,0.0,0.0,0.0
1685,71.08280944824219,-0.0,0.23617759346961975,-0.0,70.6104507446289,0.011922311037778854,3.10809326171875,0.5592793226242065,-0.0,0.0,0.0,0.0,0.0,0.0,0.0,0.0,0.0,0.0,0.0,0.0,0.023000000044703484,0.023000000044703484,0.02,0.15,0.0,0.0,0.0,0.0,0.0,0.0,0.0,0.0,0.0,0.0,0.0,0.0,0.21560661494731903,0.025700947269797325,0.0011445968648331473,14.906842231750488,895,nan,-1.0,True,,False,0.010050058364868164,0.0,0.010050058364868164,100.0,100.0,1.0,0.0,0.0,0.0,0.0,0.0
1686,61.91770553588867,-0.0,0.9028892517089844,-0.0,60.1119270324707,0.016160158440470695,3.1193032264709473,0.5650997757911682,-0.0,0.0,0.0,0.0,0.0,0.0,0.0,0.0,0.0,0.0,0.0,0.0,0.023000000044703484,0.023000000044703484,0.02,0.15,0.0,0.0,0.0,0.0,0.0,0.0,0.0,0.0,0.0,0.0,0.0,0.0,0.2167990505695343,0.002489755628630519,0.0012082670966719888,14.906842231750488,895,nan,-1.0,True,,False,0.010050058364868164,0.0,0.010050058364868164,100.0,100.0,1.0,0.0,0.0,0.0,0.0,0.0
1687,69.6539306640625,-0.0,1.0,-0.0,67.6539306640625,0.013152415864169598,3.131314754486084,0.5691101551055908,-0.0,0.0,0.0,0.0,0.0,0.0,0.0,0.0,0.0,0.0,0.0,0.0,0.023000000044703484,0.023000000044703484,0.02,0.15,0.0,0.0,0.0,0.0,0.0,0.0,0.0,0.0,0.0,0.0,0.0,0.0,0.21702101826667786,0.0,0.0013484289017924311,14.906842231750488,895,nan,-1.0,True,,False,0.010050058364868164,0.0,0.010050058364868164,100.0,100.0,1.0,0.0,0.0,0.0,0.0,0.0
1688,160.2969207763672,-0.0,0.24187907576560974,-0.0,159.8131561279297,0.0018016982357949018,3.142393112182617,0.5617237091064453,-0.0,0.0,0.0,0.0,0.0,0.0,0.0,0.0,0.0,0.0,0.0,0.0,0.023000000044703484,0.023000000044703484,0.02,0.15,0.0,0.0,0.0,0.0,0.0,0.0,0.0,0.0,0.0,0.0,0.0,0.0,0.2177400141954422,0.0254093986004591,0.00134301192156272,14.906842231750488,895,nan,-1.0,True,,False,0.010050058364868164,0.0,0.010050058364868164,100.0,100.0,1.0,0.0,0.0,0.0,0.0,0.0
1689,268.3808898925781,-0.0,0.23025475442409515,-0.0,267.9203796386719,0.0003408967168070376,3.1547255516052246,0.5632110238075256,-0.0,0.0,0.0,0.0,0.0,0.0,0.0,0.0,0.0,0.0,0.0,0.0,0.023000000044703484,0.023000000044703484,0.02,0.15,0.0,0.0,0.0,0.0,0.0,0.0,0.0,0.0,0.0,0.0,0.0,0.0,0.2182389348745346,0.02600756660103798,0.0009458276863369974,14.906842231750488,895,nan,-1.0,True,,False,0.010050058364868164,0.0,0.010050058364868164,100.0,100.0,1.0,0.0,0.0,0.0,0.0,0.0
1690,183.43809509277344,-0.0,0.19400006532669067,-0.0,183.0500946044922,0.00121933757327497,3.1671323776245117,0.564187228679657,-0.0,0.0,0.0,0.0,0.0,0.0,0.0,0.0,0.0,0.0,0.0,0.0,0.023000000044703484,0.023000000044703484,0.02,0.15,0.0,0.0,0.0,0.0,0.0,0.0,0.0,0.0,0.0,0.0,0.0,0.0,0.2183036357164383,0.02797728031873703,0.0007630303919086145,14.906842231750488,895,nan,-1.0,True,,False,0.010050058364868164,0.0,0.010050058364868164,100.0,100.0,1.0,0.0,0.0,0.0,0.0,0.0
1691,94.69735717773438,-0.0,0.19083289802074432,-0.0,94.31568908691406,0.006680235266685486,3.179816722869873,0.5596399307250977,-0.0,0.0,0.0,0.0,0.0,0.0,0.0,0.0,0.0,0.0,0.0,0.0,0.023000000044703484,0.023000000044703484,0.02,0.15,0.0,0.0,0.0,0.0,0.0,0.0,0.0,0.0,0.0,0.0,0.0,0.0,0.21840789914131165,0.028157787397503853,0.0012624241212506604,14.906842231750488,895,nan,-1.0,True,,False,0.010050058364868164,0.0,0.010050058364868164,100.0,100.0,1.0,0.0,0.0,0.0,0.0,0.0
1692,115.98438262939453,-0.0,0.17033882439136505,-0.0,115.64370727539062,0.004206029232591391,3.2000415325164795,0.5621652603149414,-0.0,0.0,0.0,0.0,0.0,0.0,0.0,0.0,0.0,0.0,0.0,0.0,0.023000000044703484,0.023000000044703484,0.02,0.15,0.0,0.0,0.0,0.0,0.0,0.0,0.0,0.0,0.0,0.0,0.0,0.0,0.2185714989900589,0.02936393767595291,0.0012565446934331703,14.906842231750488,895,nan,-1.0,True,,False,0.010050058364868164,0.0,0.010050058364868164,100.0,100.0,1.0,0.0,0.0,0.0,0.0,0.0
1693,303.7721862792969,-0.0,0.11213206499814987,-0.0,303.54791259765625,0.00021201345953159034,3.2342896461486816,0.5618618726730347,-0.0,0.0,0.0,0.0,0.0,0.0,0.0,0.0,0.0,0.0,0.0,0.0,0.023000000044703484,0.023000000044703484,0.02,0.15,0.0,0.0,0.0,0.0,0.0,0.0,0.0,0.0,0.0,0.0,0.0,0.0,0.21877850592136383,0.03325693681836128,0.0009682055015218793,14.906842231750488,895,nan,-1.0,True,,False,0.010050058364868164,0.0,0.010050058364868164,100.0,100.0,1.0,0.0,0.0,0.0,0.0,0.0
1694,73.96894073486328,-0.0,0.13208429515361786,-0.0,73.70477294921875,0.011188322678208351,3.2752010822296143,0.5669981837272644,-0.0,0.0,0.0,0.0,0.0,0.0,0.0,0.0,0.0,0.0,0.0,0.0,0.023000000044703484,0.023000000044703484,0.02,0.15,0.0,0.0,0.0,0.0,0.0,0.0,0.0,0.0,0.0,0.0,0.0,0.0,0.2190036177635193,0.031828299164772034,0.00039001822278805776,14.906842231750488,895,nan,-1.0,True,,False,0.010050058364868164,0.0,0.010050058364868164,100.0,100.0,1.0,0.0,0.0,0.0,0.0,0.0
1695,109.7619400024414,-0.0,0.16764280200004578,-0.0,109.42665100097656,0.004801294766366482,3.323202610015869,0.5648520588874817,-0.0,0.0,0.0,0.0,0.0,0.0,0.0,0.0,0.0,0.0,0.0,0.0,0.023000000044703484,0.023000000044703484,0.02,0.15,0.0,0.0,0.0,0.0,0.0,0.0,0.0,0.0,0.0,0.0,0.0,0.0,0.21917445957660675,0.029527897015213966,0.00031033946174829907,14.906842231750488,895,nan,-1.0,True,,False,0.010050058364868164,0.0,0.010050058364868164,100.0,100.0,1.0,0.0,0.0,0.0,0.0,0.0
1696,119.48333740234375,-0.0,0.19955013692378998,-0.0,119.08423614501953,0.003928644582629204,3.375791311264038,0.564897358417511,-0.0,0.0,0.0,0.0,0.0,0.0,0.0,0.0,0.0,0.0,0.0,0.0,0.023000000044703484,0.023000000044703484,0.02,0.15,0.0,0.0,0.0,0.0,0.0,0.0,0.0,0.0,0.0,0.0,0.0,0.0,0.21937724947929382,0.027664482593536377,0.00031720775268695434,14.906842231750488,895,nan,-1.0,True,,False,0.010050058364868164,0.0,0.010050058364868164,100.0,100.0,1.0,0.0,0.0,0.0,0.0,0.0
1697,65.3621597290039,-0.0,0.23166655004024506,-0.0,64.8988265991211,0.014017682522535324,3.4332356452941895,0.5612534284591675,-0.0,0.0,0.0,0.0,0.0,0.0,0.0,0.0,0.0,0.0,0.0,0.0,0.023000000044703484,0.023000000044703484,0.02,0.15,0.0,0.0,0.0,0.0,0.0,0.0,0.0,0.0,0.0,0.0,0.0,0.0,0.21954059600830078,0.02593412436544895,0.0003910549894499127,14.906842231750488,895,nan,-1.0,True,,False,0.010050058364868164,0.0,0.010050058364868164,100.0,100.0,1.0,0.0,0.0,0.0,0.0,0.0
1698,61.4333610534668,-0.0,0.29901009798049927,-0.0,60.83534240722656,0.015719547867774963,3.494589328765869,0.5614542365074158,-0.0,0.0,0.0,0.0,0.0,0.0,0.0,0.0,0.0,0.0,0.0,0.0,0.023000000044703484,0.023000000044703484,0.02,0.15,0.0,0.0,0.0,0.0,0.0,0.0,0.0,0.0,0.0,0.0,0.0,0.0,0.21973910927772522,0.022659091278910637,0.0012147843935963465,14.906842231750488,895,nan,-1.0,True,,False,0.010050058364868164,0.0,0.010050058364868164,100.0,100.0,1.0,0.0,0.0,0.0,0.0,0.0
1699,66.80684661865234,-0.0,0.34087178111076355,-0.0,66.12510681152344,0.013669416308403015,3.5600311756134033,0.5663026571273804,-0.0,0.0,0.0,0.0,0.0,0.0,0.0,0.0,0.0,0.0,0.0,0.0,0.023000000044703484,0.023000000044703484,0.02,0.15,0.0,0.0,0.0,0.0,0.0,0.0,0.0,0.0,0.0,0.0,0.0,0.0,0.21999502182006836,0.020807886496186256,0.0012394600505558628,14.906842231750488,895,nan,-1.0,True,,False,0.010050058364868164,0.0,0.010050058364868164,100.0,100.0,1.0,0.0,0.0,0.0,0.0,0.0
1700,58.25779342651367,-0.0,0.27613669633865356,-0.0,57.70552062988281,0.017369918525218964,3.6313631534576416,0.5663453936576843,-0.0,0.0,0.0,0.0,0.0,0.0,0.0,0.0,0.0,0.0,0.0,0.0,0.023000000044703484,0.023000000044703484,0.02,0.15,0.0,0.0,0.0,0.0,0.0,0.0,0.0,0.0,0.0,0.0,0.0,0.0,0.22014731168746948,0.02372564561665058,0.0010477467524196982,14.906842231750488,895,nan,-1.0,True,,False,0.010050058364868164,0.0,0.010050058364868164,100.0,100.0,1.0,0.0,0.0,0.0,0.0,0.0
1701,174.32127380371094,-0.0,0.5393962860107422,-0.0,173.2424774169922,0.00147411844227463,3.7076053619384766,0.5815918445587158,-0.0,0.0,0.0,0.0,0.0,0.0,0.0,0.0,0.0,0.0,0.0,0.0,0.023000000044703484,0.023000000044703484,0.02,0.15,0.0,0.0,0.0,0.0,0.0,0.0,0.0,0.0,0.0,0.0,0.0,0.0,0.22037841379642487,0.01327819749712944,0.0011679321455630998,14.906842231750488,895,nan,-1.0,True,,False,0.010050058364868164,0.0,0.010050058364868164,100.0,100.0,1.0,0.0,0.0,0.0,0.0,0.0
1702,135.25155639648438,-0.0,0.8877894282341003,-0.0,133.47598266601562,0.003034397028386593,3.790635585784912,0.5821021795272827,-0.0,0.0,0.0,0.0,0.0,0.0,0.0,0.0,0.0,0.0,0.0,0.0,0.023000000044703484,0.023000000044703484,0.02,0.15,0.0,0.0,0.0,0.0,0.0,0.0,0.0,0.0,0.0,0.0,0.0,0.0,0.2201932817697525,0.0028887109365314245,0.0013453321325869183,14.906842231750488,895,nan,-1.0,True,,False,0.010050058364868164,0.0,0.010050058364868164,100.0,100.0,1.0,0.0,0.0,0.0,0.0,0.0
1703,111.04659271240234,-0.0,0.18694758415222168,-0.0,110.67269897460938,0.0047321319580078125,3.882260799407959,0.5723810791969299,-0.0,0.0,0.0,0.0,0.0,0.0,0.0,0.0,0.0,0.0,0.0,0.0,0.023000000044703484,0.023000000044703484,0.02,0.15,0.0,0.0,0.0,0.0,0.0,0.0,0.0,0.0,0.0,0.0,0.0,0.0,0.22105325758457184,0.028381282463669777,0.0008231693220750458,14.906842231750488,895,nan,-1.0,True,,False,0.010050058364868164,0.0,0.010050058364868164,100.0,100.0,1.0,0.0,0.0,0.0,0.0,0.0
1704,39.32948684692383,-0.0,0.23188789188861847,-0.0,38.8657112121582,0.03195791691541672,3.9801955223083496,0.5660219788551331,-0.0,0.0,0.0,0.0,0.0,0.0,0.0,0.0,0.0,0.0,0.0,0.0,0.023000000044703484,0.023000000044703484,0.02,0.15,0.0,0.0,0.0,0.0,0.0,0.0,0.0,0.0,0.0,0.0,0.0,0.0,0.2214210480451584,0.025922629982233047,0.001049626724125119,14.906842231750488,895,nan,-1.0,True,,False,0.010050058364868164,0.0,0.010050058364868164,100.0,100.0,1.0,0.0,0.0,0.0,0.0,0.0
1705,73.02924346923828,-0.0,0.4044662415981293,-0.0,72.2203140258789,0.01164868101477623,4.083464622497559,0.5676963329315186,-0.0,0.0,0.0,0.0,0.0,0.0,0.0,0.0,0.0,0.0,0.0,0.0,0.023000000044703484,0.023000000044703484,0.02,0.15,0.0,0.0,0.0,0.0,0.0,0.0,0.0,0.0,0.0,0.0,0.0,0.0,0.2219972014427185,0.01820117048919201,0.000834098725590593,14.906842231750488,895,nan,-1.0,True,,False,0.010050058364868164,0.0,0.010050058364868164,100.0,100.0,1.0,0.0,0.0,0.0,0.0,0.0
1706,94.06095123291016,-0.0,0.3550674617290497,-0.0,93.35081481933594,0.006915092468261719,4.131106376647949,0.5676659345626831,-0.0,0.0,0.0,0.0,0.0,0.0,0.0,0.0,0.0,0.0,0.0,0.0,0.023000000044703484,0.023000000044703484,0.02,0.15,0.0,0.0,0.0,0.0,0.0,0.0,0.0,0.0,0.0,0.0,0.0,0.0,0.22203591465950012,0.020206231623888016,0.001065838042904943,14.906842231750488,895,nan,-1.0,True,,False,0.010050058364868164,0.0,0.010050058364868164,100.0,100.0,1.0,0.0,0.0,0.0,0.0,0.0
1707,152.04119873046875,-0.0,0.17114472389221191,-0.0,151.69891357421875,0.0020818710327148438,4.0937652587890625,0.5623762607574463,-0.0,0.0,0.0,0.0,0.0,0.0,0.0,0.0,0.0,0.0,0.0,0.0,0.023000000044703484,0.023000000044703484,0.02,0.15,0.0,0.0,0.0,0.0,0.0,0.0,0.0,0.0,0.0,0.0,0.0,0.0,0.2221822887659073,0.029315179213881493,0.0009002126803352439,14.906842231750488,895,nan,-1.0,True,,False,0.010050058364868164,0.0,0.010050058364868164,100.0,100.0,1.0,0.0,0.0,0.0,0.0,0.0
1708,135.82894897460938,-0.0,0.4052169919013977,-0.0,135.0185089111328,0.0028692902997136116,4.058149337768555,0.566711962223053,-0.0,0.0,0.0,0.0,0.0,0.0,0.0,0.0,0.0,0.0,0.0,0.0,0.023000000044703484,0.023000000044703484,0.02,0.15,0.0,0.0,0.0,0.0,0.0,0.0,0.0,0.0,0.0,0.0,0.0,0.0,0.222398042678833,0.018171673640608788,0.0011898451318756997,14.906842231750488,895,nan,-1.0,True,,False,0.010050058364868164,0.0,0.010050058364868164,100.0,100.0,1.0,0.0,0.0,0.0,0.0,0.0
1709,59.275150299072266,-0.0,0.6013952493667603,-0.0,58.07236099243164,0.017136601731181145,4.02493143081665,0.5658473968505859,-0.0,0.0,0.0,0.0,0.0,0.0,0.0,0.0,0.0,0.0,0.0,0.0,0.023000000044703484,0.023000000044703484,0.02,0.15,0.0,0.0,0.0,0.0,0.0,0.0,0.0,0.0,0.0,0.0,0.0,0.0,0.22224333882331848,0.011225160211324692,0.0011461051153673907,14.906842231750488,895,nan,-1.0,True,,False,0.010050058364868164,0.0,0.010050058364868164,100.0,100.0,1.0,0.0,0.0,0.0,0.0,0.0
1710,51.102394104003906,-0.0,0.5886853337287903,-0.0,49.92502212524414,0.021735813468694687,3.991300106048584,0.5587198734283447,-0.0,0.0,0.0,0.0,0.0,0.0,0.0,0.0,0.0,0.0,0.0,0.0,0.023000000044703484,0.023000000044703484,0.02,0.15,0.0,0.0,0.0,0.0,0.0,0.0,0.0,0.0,0.0,0.0,0.0,0.0,0.22216954827308655,0.011637085117399693,0.0016501728737239318,14.906842231750488,895,nan,-1.0,True,,False,0.010050058364868164,0.0,0.010050058364868164,100.0,100.0,1.0,0.0,0.0,0.0,0.0,0.0
1711,218.79991149902344,-0.0,0.30647632479667664,-0.0,218.1869659423828,0.0006937719881534576,3.9588916301727295,0.5625592470169067,-0.0,0.0,0.0,0.0,0.0,0.0,0.0,0.0,0.0,0.0,0.0,0.0,0.023000000044703484,0.023000000044703484,0.02,0.15,0.0,0.0,0.0,0.0,0.0,0.0,0.0,0.0,0.0,0.0,0.0,0.0,0.22210144996643066,0.022319847717881203,0.0014962406307859055,14.906842231750488,895,nan,-1.0,True,,False,0.010050058364868164,0.0,0.010050058364868164,100.0,100.0,1.0,0.0,0.0,0.0,0.0,0.0
1712,116.73973083496094,-0.0,0.190131276845932,-0.0,116.35946655273438,0.004196050111204386,3.9276061058044434,0.5712529420852661,-0.0,0.0,0.0,0.0,0.0,0.0,0.0,0.0,0.0,0.0,0.0,0.0,0.023000000044703484,0.023000000044703484,0.02,0.15,0.0,0.0,0.0,0.0,0.0,0.0,0.0,0.0,0.0,0.0,0.0,0.0,0.2222045212984085,0.02819797769188881,0.0009490777715654986,14.906842231750488,895,nan,-1.0,True,,False,0.010050058364868164,0.0,0.010050058364868164,100.0,100.0,1.0,0.0,0.0,0.0,0.0,0.0
1713,35.32457733154297,-0.0,0.1281827837228775,-0.0,35.06821060180664,0.03710324317216873,3.898228645324707,0.570256769657135,-0.0,0.0,0.0,0.0,0.0,0.0,0.0,0.0,0.0,0.0,0.0,0.0,0.023000000044703484,0.023000000044703484,0.02,0.15,0.0,0.0,0.0,0.0,0.0,0.0,0.0,0.0,0.0,0.0,0.0,0.0,0.22278743982315063,0.032098688185214996,0.0011429239016251813,14.906842231750488,895,nan,-1.0,True,,False,0.010050058364868164,0.0,0.010050058364868164,100.0,100.0,1.0,0.0,0.0,0.0,0.0,0.0
1714,66.6335678100586,-0.0,0.44868695735931396,-0.0,65.73619079589844,0.013581434264779091,3.870260715484619,0.5569122433662415,-0.0,0.0,0.0,0.0,0.0,0.0,0.0,0.0,0.0,0.0,0.0,0.0,0.023000000044703484,0.023000000044703484,0.02,0.15,0.0,0.0,0.0,0.0,0.0,0.0,0.0,0.0,0.0,0.0,0.0,0.0,0.22300982475280762,0.0165079515427351,0.0010979637377204199,14.906842231750488,895,nan,-1.0,True,,False,0.010050058364868164,0.0,0.010050058364868164,100.0,100.0,1.0,0.0,0.0,0.0,0.0,0.0
1715,70.18115234375,-0.0,0.37826335430145264,-0.0,69.42462921142578,0.01229870691895485,3.844655990600586,0.5571677088737488,-0.0,0.0,0.0,0.0,0.0,0.0,0.0,0.0,0.0,0.0,0.0,0.0,0.023000000044703484,0.023000000044703484,0.02,0.15,0.0,0.0,0.0,0.0,0.0,0.0,0.0,0.0,0.0,0.0,0.0,0.0,0.22285747528076172,0.019248440861701965,0.0010954149179269734,14.906842231750488,895,nan,-1.0,True,,False,0.010050058364868164,0.0,0.010050058364868164,100.0,100.0,1.0,0.0,0.0,0.0,0.0,0.0
1716,86.69792938232422,-0.0,0.13554978370666504,-0.0,86.42682647705078,0.008016601204872131,3.821370840072632,0.5601252317428589,-0.0,0.0,0.0,0.0,0.0,0.0,0.0,0.0,0.0,0.0,0.0,0.0,0.023000000044703484,0.023000000044703484,0.02,0.15,0.0,0.0,0.0,0.0,0.0,0.0,0.0,0.0,0.0,0.0,0.0,0.0,0.22299429774284363,0.03159145638346672,0.0010002266958508699,14.906842231750488,895,nan,-1.0,True,,False,0.010050058364868164,0.0,0.010050058364868164,100.0,100.0,1.0,0.0,0.0,0.0,0.0,0.0
1717,100.40208435058594,-0.0,0.19194543361663818,-0.0,100.01819610595703,0.005889504216611385,3.800537347793579,0.5643399953842163,-0.0,0.0,0.0,0.0,0.0,0.0,0.0,0.0,0.0,0.0,0.0,0.0,0.023000000044703484,0.023000000044703484,0.02,0.15,0.0,0.0,0.0,0.0,0.0,0.0,0.0,0.0,0.0,0.0,0.0,0.0,0.22312583029270172,0.028094211593270302,0.000952036869193762,14.906842231750488,895,nan,-1.0,True,,False,0.010050058364868164,0.0,0.010050058364868164,100.0,100.0,1.0,0.0,0.0,0.0,0.0,0.0
1718,146.94271850585938,-0.0,0.20842526853084564,-0.0,146.52586364746094,0.002283576875925064,3.7803282737731934,0.5593463182449341,-0.0,0.0,0.0,0.0,0.0,0.0,0.0,0.0,0.0,0.0,0.0,0.0,0.023000000044703484,0.023000000044703484,0.02,0.15,0.0,0.0,0.0,0.0,0.0,0.0,0.0,0.0,0.0,0.0,0.0,0.0,0.22340893745422363,0.02717319130897522,0.000987202217856975,14.906842231750488,895,nan,-1.0,True,,False,0.010050058364868164,0.0,0.010050058364868164,100.0,100.0,1.0,0.0,0.0,0.0,0.0,0.0
1719,101.7327651977539,-0.0,0.1821357011795044,-0.0,101.36849212646484,0.00579480966553092,3.761737823486328,0.5721127390861511,-0.0,0.0,0.0,0.0,0.0,0.0,0.0,0.0,0.0,0.0,0.0,0.0,0.023000000044703484,0.023000000044703484,0.02,0.15,0.0,0.0,0.0,0.0,0.0,0.0,0.0,0.0,0.0,0.0,0.0,0.0,0.22333383560180664,0.028661319985985756,0.0011920944771190989,14.906842231750488,895,nan,-1.0,True,,False,0.010050058364868164,0.0,0.010050058364868164,100.0,100.0,1.0,0.0,0.0,0.0,0.0,0.0
1720,108.22509002685547,-0.0,0.20587608218193054,-0.0,107.81333923339844,0.00504350895062089,3.74489164352417,0.574029266834259,-0.0,0.0,0.0,0.0,0.0,0.0,0.0,0.0,0.0,0.0,0.0,0.0,0.023000000044703484,0.023000000044703484,0.02,0.15,0.0,0.0,0.0,0.0,0.0,0.0,0.0,0.0,0.0,0.0,0.0,0.0,0.2231854349374771,0.027313215658068657,0.0011920652173103008,14.906842231750488,895,nan,-1.0,True,,False,0.010050058364868164,0.0,0.010050058364868164,100.0,100.0,1.0,0.0,0.0,0.0,0.0,0.0
1721,63.674888610839844,-0.0,0.3434928357601166,-0.0,62.9879035949707,0.01484338752925396,3.7297897338867188,0.5653675198554993,-0.0,0.0,0.0,0.0,0.0,0.0,0.0,0.0,0.0,0.0,0.0,0.0,0.023000000044703484,0.023000000044703484,0.02,0.15,0.0,0.0,0.0,0.0,0.0,0.0,0.0,0.0,0.0,0.0,0.0,0.0,0.2232157438993454,0.020695868879556656,0.001142967691521335,14.906842231750488,895,nan,-1.0,True,,False,0.010050058364868164,0.0,0.010050058364868164,100.0,100.0,1.0,0.0,0.0,0.0,0.0,0.0
1722,59.2905387878418,-0.0,0.46397313475608826,-0.0,58.36259078979492,0.016887348145246506,3.7162580490112305,0.5620811581611633,-0.0,0.0,0.0,0.0,0.0,0.0,0.0,0.0,0.0,0.0,0.0,0.0,0.023000000044703484,0.023000000044703484,0.02,0.15,0.0,0.0,0.0,0.0,0.0,0.0,0.0,0.0,0.0,0.0,0.0,0.0,0.2231299877166748,0.01594221405684948,0.0011016745265806094,14.906842231750488,895,nan,-1.0,True,,False,0.010050058364868164,0.0,0.010050058364868164,100.0,100.0,1.0,0.0,0.0,0.0,0.0,0.0
1723,91.10960388183594,-0.0,0.20070810616016388,-0.0,90.70819091796875,0.00716581754386425,3.7054038047790527,0.5540482997894287,-0.0,0.0,0.0,0.0,0.0,0.0,0.0,0.0,0.0,0.0,0.0,0.0,0.023000000044703484,0.023000000044703484,0.02,0.15,0.0,0.0,0.0,0.0,0.0,0.0,0.0,0.0,0.0,0.0,0.0,0.0,0.22329184412956238,0.027599770575761795,0.00114751470232477,14.906842231750488,895,nan,-1.0,True,,False,0.010050058364868164,0.0,0.010050058364868164,100.0,100.0,1.0,0.0,0.0,0.0,0.0,0.0
1724,75.9393539428711,-0.0,0.3119111657142639,-0.0,75.3155288696289,0.010553906671702862,3.6973824501037598,0.5594349503517151,-0.0,0.0,0.0,0.0,0.0,0.0,0.0,0.0,0.0,0.0,0.0,0.0,0.023000000044703484,0.023000000044703484,0.02,0.15,0.0,0.0,0.0,0.0,0.0,0.0,0.0,0.0,0.0,0.0,0.0,0.0,0.22314412891864777,0.02207549661397934,0.0011243756182466313,14.906842231750488,895,nan,-1.0,True,,False,0.010050058364868164,0.0,0.010050058364868164,100.0,100.0,1.0,0.0,0.0,0.0,0.0,0.0
1725,260.91156005859375,-0.0,0.31604355573654175,-0.0,260.27947998046875,0.00038077018689364195,3.691225290298462,0.5677591562271118,-0.0,0.0,0.0,0.0,0.0,0.0,0.0,0.0,0.0,0.0,0.0,0.0,0.023000000044703484,0.023000000044703484,0.02,0.15,0.0,0.0,0.0,0.0,0.0,0.0,0.0,0.0,0.0,0.0,0.0,0.0,0.22320328652858734,0.021891124546527863,0.0011290333040960832,14.906842231750488,895,nan,-1.0,True,,False,0.010050058364868164,0.0,0.010050058364868164,100.0,100.0,1.0,0.0,0.0,0.0,0.0,0.0
1726,93.37259674072266,-0.0,0.18163931369781494,-0.0,93.00931549072266,0.006936384364962578,3.6866166591644287,0.5666444897651672,-0.0,0.0,0.0,0.0,0.0,0.0,0.0,0.0,0.0,0.0,0.0,0.0,0.023000000044703484,0.023000000044703484,0.02,0.15,0.0,0.0,0.0,0.0,0.0,0.0,0.0,0.0,0.0,0.0,0.0,0.0,0.2227092683315277,0.028690418228507042,0.0010808569693381287,14.906842231750488,895,nan,-1.0,True,,False,0.010050058364868164,0.0,0.010050058364868164,100.0,100.0,1.0,0.0,0.0,0.0,0.0,0.0
1727,74.27837371826172,-0.0,0.14243672788143158,-0.0,73.99349975585938,0.011088237166404724,3.6836719512939453,0.5679656863212585,-0.0,0.0,0.0,0.0,0.0,0.0,0.0,0.0,0.0,0.0,0.0,0.0,0.023000000044703484,0.023000000044703484,0.02,0.15,0.0,0.0,0.0,0.0,0.0,0.0,0.0,0.0,0.0,0.0,0.0,0.0,0.22263996303081512,0.03112960420548916,0.0010986163160850992,14.906842231750488,895,nan,-1.0,True,,False,0.010050058364868164,0.0,0.010050058364868164,100.0,100.0,1.0,0.0,0.0,0.0,0.0,0.0
1728,63.3046760559082,-0.0,0.11110338568687439,-0.0,63.08246994018555,0.01479046605527401,3.6820642948150635,0.5639013648033142,-0.0,0.0,0.0,0.0,0.0,0.0,0.0,0.0,0.0,0.0,0.0,0.0,0.023000000044703484,0.023000000044703484,0.02,0.15,0.0,0.0,0.0,0.0,0.0,0.0,0.0,0.0,0.0,0.0,0.0,0.0,0.22334884107112885,0.0333339124917984,0.0011133312660831507,14.906842231750488,895,nan,-1.0,True,,False,0.010050058364868164,0.0,0.010050058364868164,100.0,100.0,1.0,0.0,0.0,0.0,0.0,0.0
1729,73.56327819824219,-0.0,0.7116566896438599,-0.0,72.13996124267578,0.011592944152653217,3.68184757232666,0.5650540590286255,-0.0,0.0,0.0,0.0,0.0,0.0,0.0,0.0,0.0,0.0,0.0,0.0,0.023000000044703484,0.023000000044703484,0.02,0.15,0.0,0.0,0.0,0.0,0.0,0.0,0.0,0.0,0.0,0.0,0.0,0.0,0.2234240621328354,0.007820125669240952,0.001105991705571796,14.906842231750488,895,nan,-1.0,True,,False,0.010050058364868164,0.0,0.010050058364868164,100.0,100.0,1.0,0.0,0.0,0.0,0.0,0.0
1730,74.13967895507812,-0.0,0.24480363726615906,-0.0,73.65007019042969,0.01117958128452301,3.68329119682312,0.5674902200698853,-0.0,0.0,0.0,0.0,0.0,0.0,0.0,0.0,0.0,0.0,0.0,0.0,0.023000000044703484,0.023000000044703484,0.02,0.15,0.0,0.0,0.0,0.0,0.0,0.0,0.0,0.0,0.0,0.0,0.0,0.0,0.2239249050617218,0.025261182337999344,0.0011451778752871178,14.906842231750488,895,nan,-1.0,True,,False,0.010050058364868164,0.0,0.010050058364868164,100.0,100.0,1.0,0.0,0.0,0.0,0.0,0.0
1731,51.5945930480957,-0.0,0.013520660810172558,-0.0,51.56755065917969,0.020731596276164055,3.6865406036376953,0.5621270537376404,-0.0,0.0,0.0,0.0,0.0,0.0,0.0,0.0,0.0,0.0,0.0,0.0,0.023000000044703484,0.023000000044703484,0.02,0.15,0.0,0.0,0.0,0.0,0.0,0.0,0.0,0.0,0.0,0.0,0.0,0.0,0.22357143461704254,0.04418608173727989,0.0011646309567368007,14.906842231750488,895,nan,-1.0,True,,False,0.010050058364868164,0.0,0.010050058364868164,100.0,100.0,1.0,0.0,0.0,0.0,0.0,0.0
1732,84.77159881591797,-0.0,0.02357434667646885,-0.0,84.72444915771484,0.008329939097166061,3.6912574768066406,0.5588412880897522,-0.0,0.0,0.0,0.0,0.0,0.0,0.0,0.0,0.0,0.0,0.0,0.0,0.023000000044703484,0.023000000044703484,0.02,0.15,0.0,0.0,0.0,0.0,0.0,0.0,0.0,0.0,0.0,0.0,0.0,0.0,0.2236182987689972,0.0423230305314064,0.0009684334727353416,14.906842231750488,895,nan,-1.0,True,,False,0.010050058364868164,0.0,0.010050058364868164,100.0,100.0,1.0,0.0,0.0,0.0,0.0,0.0
1733,97.80745697021484,-0.0,0.0680534690618515,-0.0,97.67134857177734,0.006189532112330198,3.697690963745117,0.5611648559570312,-0.0,0.0,0.0,0.0,0.0,0.0,0.0,0.0,0.0,0.0,0.0,0.0,0.023000000044703484,0.023000000044703484,0.02,0.15,0.0,0.0,0.0,0.0,0.0,0.0,0.0,0.0,0.0,0.0,0.0,0.0,0.22366102039813995,0.03695647045969963,0.0005238594128513796,14.906842231750488,895,nan,-1.0,True,,False,0.010050058364868164,0.0,0.010050058364868164,100.0,100.0,1.0,0.0,0.0,0.0,0.0,0.0
1734,61.46192169189453,-0.0,0.13353338837623596,-0.0,61.194854736328125,0.015770120546221733,3.705808639526367,0.5687015056610107,-0.0,0.0,0.0,0.0,0.0,0.0,0.0,0.0,0.0,0.0,0.0,0.0,0.023000000044703484,0.023000000044703484,0.02,0.15,0.0,0.0,0.0,0.0,0.0,0.0,0.0,0.0,0.0,0.0,0.0,0.0,0.22377297282218933,0.03172888979315758,0.0012170938946383103,14.906842231750488,895,nan,-1.0,True,,False,0.010050058364868164,0.0,0.010050058364868164,100.0,100.0,1.0,0.0,0.0,0.0,0.0,0.0
1735,66.86019897460938,-0.0,0.21043699979782104,-0.0,66.43932342529297,0.013609103858470917,3.7154321670532227,0.5686392188072205,-0.0,0.0,0.0,0.0,0.0,0.0,0.0,0.0,0.0,0.0,0.0,0.0,0.023000000044703484,0.023000000044703484,0.02,0.15,0.0,0.0,0.0,0.0,0.0,0.0,0.0,0.0,0.0,0.0,0.0,0.0,0.22384291887283325,0.027063293382525444,0.001132906519842436,14.906842231750488,895,nan,-1.0,True,,False,0.010050058364868164,0.0,0.010050058364868164,100.0,100.0,1.0,0.0,0.0,0.0,0.0,0.0
1736,173.79931640625,-0.0,0.3653014898300171,-0.0,173.06871032714844,0.0014459810918197036,3.725921869277954,0.5685238838195801,-0.0,0.0,0.0,0.0,0.0,0.0,0.0,0.0,0.0,0.0,0.0,0.0,0.023000000044703484,0.023000000044703484,0.02,0.15,0.0,0.0,0.0,0.0,0.0,0.0,0.0,0.0,0.0,0.0,0.0,0.0,0.22384987771511078,0.019779911264777184,0.0014100329517532373,14.906842231750488,895,nan,-1.0,True,,False,0.010050058364868164,0.0,0.010050058364868164,100.0,100.0,1.0,0.0,0.0,0.0,0.0,0.0
1737,172.6649932861328,-0.0,0.26987558603286743,-0.0,172.125244140625,0.0014608781784772873,3.7377002239227295,0.5651129484176636,-0.0,0.0,0.0,0.0,0.0,0.0,0.0,0.0,0.0,0.0,0.0,0.0,0.023000000044703484,0.023000000044703484,0.02,0.15,0.0,0.0,0.0,0.0,0.0,0.0,0.0,0.0,0.0,0.0,0.0,0.0,0.2242102026939392,0.024025224149227142,0.0011310264872008702,14.906842231750488,895,nan,-1.0,True,,False,0.010050058364868164,0.0,0.010050058364868164,100.0,100.0,1.0,0.0,0.0,0.0,0.0,0.0
1738,124.67884826660156,-0.0,0.7025838494300842,-0.0,123.273681640625,0.003610145766288042,3.7509818077087402,0.565841555595398,-0.0,0.0,0.0,0.0,0.0,0.0,0.0,0.0,0.0,0.0,0.0,0.0,0.023000000044703484,0.023000000044703484,0.02,0.15,0.0,0.0,0.0,0.0,0.0,0.0,0.0,0.0,0.0,0.0,0.0,0.0,0.22426055371761322,0.008089863695204258,0.0011592319021929143,14.906842231750488,895,nan,-1.0,True,,False,0.010050058364868164,0.0,0.010050058364868164,100.0,100.0,1.0,0.0,0.0,0.0,0.0,0.0
1739,185.59487915039062,-0.0,0.5137977004051208,-0.0,184.56729125976562,0.0011854171752929688,3.5712883472442627,0.5649046897888184,-0.0,0.0,0.0,0.0,0.0,0.0,0.0,0.0,0.0,0.0,0.0,0.0,0.023000000044703484,0.023000000044703484,0.02,0.15,0.0,0.0,0.0,0.0,0.0,0.0,0.0,0.0,0.0,0.0,0.0,0.0,0.22411830723285675,0.01416015625,0.0011387057154479407,14.906842231750488,895,nan,-1.0,True,,False,0.010050058364868164,0.0,0.010050058364868164,100.0,100.0,1.0,0.0,0.0,0.0,0.0,0.0
1740,64.58502197265625,-0.0,0.3798675537109375,-0.0,63.82528305053711,0.01440657489001751,3.3856887817382812,0.5605841875076294,-0.0,0.0,0.0,0.0,0.0,0.0,0.0,0.0,0.0,0.0,0.0,0.0,0.023000000044703484,0.023000000044703484,0.02,0.15,0.0,0.0,0.0,0.0,0.0,0.0,0.0,0.0,0.0,0.0,0.0,0.0,0.22398746013641357,0.01918330229818821,0.0011335419048918993,14.906842231750488,895,nan,-1.0,True,,False,0.010050058364868164,0.0,0.010050058364868164,100.0,100.0,1.0,0.0,0.0,0.0,0.0,0.0
1741,52.381343841552734,-0.0,0.3784157633781433,-0.0,51.62451171875,0.020656296983361244,3.270508289337158,0.5604033470153809,-0.0,0.0,0.0,0.0,0.0,0.0,0.0,0.0,0.0,0.0,0.0,0.0,0.023000000044703484,0.023000000044703484,0.02,0.15,0.0,0.0,0.0,0.0,0.0,0.0,0.0,0.0,0.0,0.0,0.0,0.0,0.22399252653121948,0.019242245703935623,0.0011229659069158515,14.906842231750488,895,nan,-1.0,True,,False,0.010050058364868164,0.0,0.010050058364868164,100.0,100.0,1.0,0.0,0.0,0.0,0.0,0.0
1742,54.08094787597656,-0.0,0.4277724325656891,-0.0,53.22540283203125,0.019689762964844704,3.247123956680298,0.5606499910354614,-0.0,0.0,0.0,0.0,0.0,0.0,0.0,0.0,0.0,0.0,0.0,0.0,0.023000000044703484,0.023000000044703484,0.02,0.15,0.0,0.0,0.0,0.0,0.0,0.0,0.0,0.0,0.0,0.0,0.0,0.0,0.22397536039352417,0.017297841608524323,0.001198069888914688,14.906842231750488,895,nan,-1.0,True,,False,0.010050058364868164,0.0,0.010050058364868164,100.0,100.0,1.0,0.0,0.0,0.0,0.0,0.0
1743,136.0597686767578,-0.0,0.234202042222023,-0.0,135.59136962890625,0.0028117410838603973,3.2708992958068848,0.5611501336097717,-0.0,0.0,0.0,0.0,0.0,0.0,0.0,0.0,0.0,0.0,0.0,0.0,0.023000000044703484,0.023000000044703484,0.02,0.15,0.0,0.0,0.0,0.0,0.0,0.0,0.0,0.0,0.0,0.0,0.0,0.0,0.22416532039642334,0.025802787393331528,0.0006746237691004353,14.906842231750488,895,nan,-1.0,True,,False,0.010050058364868164,0.0,0.010050058364868164,100.0,100.0,1.0,0.0,0.0,0.0,0.0,0.0
1744,185.158203125,-0.0,0.3169020712375641,-0.0,184.52439880371094,0.0011796951293945312,3.276820659637451,0.561352014541626,-0.0,0.0,0.0,0.0,0.0,0.0,0.0,0.0,0.0,0.0,0.0,0.0,0.023000000044703484,0.023000000044703484,0.02,0.15,0.0,0.0,0.0,0.0,0.0,0.0,0.0,0.0,0.0,0.0,0.0,0.0,0.22427719831466675,0.021852971985936165,0.0015924319268378895,14.906842231750488,895,nan,-1.0,True,,False,0.010050058364868164,0.0,0.010050058364868164,100.0,100.0,1.0,0.0,0.0,0.0,0.0,0.0
1745,83.61848449707031,-0.0,0.3685985505580902,-0.0,82.88128662109375,0.008766384795308113,3.258896827697754,0.5613188147544861,-0.0,0.0,0.0,0.0,0.0,0.0,0.0,0.0,0.0,0.0,0.0,0.0,0.023000000044703484,0.023000000044703484,0.02,0.15,0.0,0.0,0.0,0.0,0.0,0.0,0.0,0.0,0.0,0.0,0.0,0.0,0.22436931729316711,0.019643841311335564,0.0005597026076884504,14.906842231750488,895,nan,-1.0,True,,False,0.010050058364868164,0.0,0.010050058364868164,100.0,100.0,1.0,0.0,0.0,0.0,0.0,0.0
1746,126.15950012207031,-0.0,0.4150679111480713,-0.0,125.32936096191406,0.003438354702666402,3.2394235134124756,0.561429500579834,-0.0,0.0,0.0,0.0,0.0,0.0,0.0,0.0,0.0,0.0,0.0,0.0,0.023000000044703484,0.023000000044703484,0.02,0.15,0.0,0.0,0.0,0.0,0.0,0.0,0.0,0.0,0.0,0.0,0.0,0.0,0.2244623899459839,0.017787115648388863,0.000601865624958009,14.906842231750488,895,nan,-1.0,True,,False,0.010050058364868164,0.0,0.010050058364868164,100.0,100.0,1.0,0.0,0.0,0.0,0.0,0.0
1747,63.83232498168945,-0.0,0.45494410395622253,-0.0,62.92243576049805,0.014834923669695854,3.217925786972046,0.5614951848983765,-0.0,0.0,0.0,0.0,0.0,0.0,0.0,0.0,0.0,0.0,0.0,0.0,0.023000000044703484,0.023000000044703484,0.02,0.15,0.0,0.0,0.0,0.0,0.0,0.0,0.0,0.0,0.0,0.0,0.0,0.0,0.2245429903268814,0.016275227069854736,0.0006071212346796528,14.906842231750488,895,nan,-1.0,True,,False,0.010050058364868164,0.0,0.010050058364868164,100.0,100.0,1.0,0.0,0.0,0.0,0.0,0.0
1748,54.172489166259766,-0.0,0.4987447261810303,-0.0,53.17499923706055,0.019764645025134087,3.194044351577759,0.5615575909614563,-0.0,0.0,0.0,0.0,0.0,0.0,0.0,0.0,0.0,0.0,0.0,0.0,0.023000000044703484,0.023000000044703484,0.02,0.15,0.0,0.0,0.0,0.0,0.0,0.0,0.0,0.0,0.0,0.0,0.0,0.0,0.22463181614875793,0.014689071103930473,0.0010907886205586692,14.906842231750488,895,nan,-1.0,True,,False,0.010050058364868164,0.0,0.010050058364868164,100.0,100.0,1.0,0.0,0.0,0.0,0.0,0.0
1749,62.97618103027344,-0.0,0.5341693162918091,-0.0,61.907840728759766,0.015376047231256962,3.1674609184265137,0.5656871199607849,-0.0,0.0,0.0,0.0,0.0,0.0,0.0,0.0,0.0,0.0,0.0,0.0,0.023000000044703484,0.023000000044703484,0.02,0.15,0.0,0.0,0.0,0.0,0.0,0.0,0.0,0.0,0.0,0.0,0.0,0.0,0.2247069925069809,0.013456556014716625,0.0008096823951291299,14.906842231750488,895,nan,-1.0,True,,False,0.010050058364868164,0.0,0.010050058364868164,100.0,100.0,1.0,0.0,0.0,0.0,0.0,0.0
1750,73.42715454101562,-0.0,0.5594722032546997,-0.0,72.30821228027344,0.01159823127090931,3.138094425201416,0.568410336971283,-0.0,0.0,0.0,0.0,0.0,0.0,0.0,0.0,0.0,0.0,0.0,0.0,0.023000000044703484,0.023000000044703484,0.02,0.15,0.0,0.0,0.0,0.0,0.0,0.0,0.0,0.0,0.0,0.0,0.0,0.0,0.22481559216976166,0.012601062655448914,0.000951536417915122,14.906842231750488,895,nan,-1.0,True,,False,0.010050058364868164,0.0,0.010050058364868164,100.0,100.0,1.0,0.0,0.0,0.0,0.0,0.0
1751,136.48431396484375,-0.0,0.5818543434143066,-0.0,135.3206024169922,0.002838139422237873,3.1052627563476562,0.5646132826805115,-0.0,0.0,0.0,0.0,0.0,0.0,0.0,0.0,0.0,0.0,0.0,0.0,0.023000000044703484,0.023000000044703484,0.02,0.15,0.0,0.0,0.0,0.0,0.0,0.0,0.0,0.0,0.0,0.0,0.0,0.0,0.2249196171760559,0.011860310100018978,0.0009477274270466296,14.906842231750488,895,nan,-1.0,True,,False,0.010050058364868164,0.0,0.010050058364868164,100.0,100.0,1.0,0.0,0.0,0.0,0.0,0.0
1752,76.92899322509766,-0.0,0.592484176158905,-0.0,75.74402618408203,0.010470292530953884,3.1343348026275635,0.5607678294181824,-0.0,0.0,0.0,0.0,0.0,0.0,0.0,0.0,0.0,0.0,0.0,0.0,0.023000000044703484,0.023000000044703484,0.02,0.15,0.0,0.0,0.0,0.0,0.0,0.0,0.0,0.0,0.0,0.0,0.0,0.0,0.2248552292585373,0.011513502337038517,0.0012307592444358306,14.906842231750488,895,nan,-1.0,True,,False,0.010050058364868164,0.0,0.010050058364868164,100.0,100.0,1.0,0.0,0.0,0.0,0.0,0.0
1753,135.17495727539062,-0.0,0.625691294670105,-0.0,133.92356872558594,0.0029041520319879055,3.1977601051330566,0.5618032813072205,-0.0,0.0,0.0,0.0,0.0,0.0,0.0,0.0,0.0,0.0,0.0,0.0,0.023000000044703484,0.023000000044703484,0.02,0.15,0.0,0.0,0.0,0.0,0.0,0.0,0.0,0.0,0.0,0.0,0.0,0.0,0.22506782412528992,0.010449674911797047,0.0011062381989859205,14.906842231750488,895,nan,-1.0,True,,False,0.010050058364868164,0.0,0.010050058364868164,100.0,100.0,1.0,0.0,0.0,0.0,0.0,0.0
1754,75.3720474243164,-0.0,0.7096084952354431,-0.0,73.95282745361328,0.010874837636947632,3.2687931060791016,0.5563737154006958,-0.0,0.0,0.0,0.0,0.0,0.0,0.0,0.0,0.0,0.0,0.0,0.0,0.023000000044703484,0.023000000044703484,0.02,0.15,0.0,0.0,0.0,0.0,0.0,0.0,0.0,0.0,0.0,0.0,0.0,0.0,0.2251136302947998,0.007880865596234798,0.0014162223415041808,14.906842231750488,895,nan,-1.0,True,,False,0.010050058364868164,0.0,0.010050058364868164,100.0,100.0,1.0,0.0,0.0,0.0,0.0,0.0
1755,154.82467651367188,-0.0,0.8173388838768005,-0.0,153.19000244140625,0.002023091772571206,3.348451614379883,0.5614812970161438,-0.0,0.0,0.0,0.0,0.0,0.0,0.0,0.0,0.0,0.0,0.0,0.0,0.023000000044703484,0.023000000044703484,0.02,0.15,0.0,0.0,0.0,0.0,0.0,0.0,0.0,0.0,0.0,0.0,0.0,0.0,0.22521169483661652,0.004796602297574282,0.001075008249927123,14.906842231750488,895,nan,-1.0,True,,False,0.010050058364868164,0.0,0.010050058364868164,100.0,100.0,1.0,0.0,0.0,0.0,0.0,0.0
1756,80.99118041992188,-0.0,0.8993206024169922,-0.0,79.19253540039062,0.009621024131774902,3.433732509613037,0.561968207359314,-0.0,0.0,0.0,0.0,0.0,0.0,0.0,0.0,0.0,0.0,0.0,0.0,0.023000000044703484,0.023000000044703484,0.02,0.15,0.0,0.0,0.0,0.0,0.0,0.0,0.0,0.0,0.0,0.0,0.0,0.0,0.22522954642772675,0.002583741443231702,0.001113745351176476,14.906842231750488,895,nan,-1.0,True,,False,0.010050058364868164,0.0,0.010050058364868164,100.0,100.0,1.0,0.0,0.0,0.0,0.0,0.0
1757,86.73633575439453,-0.0,0.8137841820716858,-0.0,85.1087646484375,0.008451389148831367,3.5135691165924072,0.5713261961936951,-0.0,0.0,0.0,0.0,0.0,0.0,0.0,0.0,0.0,0.0,0.0,0.0,0.023000000044703484,0.023000000044703484,0.02,0.15,0.0,0.0,0.0,0.0,0.0,0.0,0.0,0.0,0.0,0.0,0.0,0.0,0.22524528205394745,0.004895004443824291,0.0011308734367503348,14.906842231750488,895,nan,-1.0,True,,False,0.010050058364868164,0.0,0.010050058364868164,100.0,100.0,1.0,0.0,0.0,0.0,0.0,0.0
1758,90.80860137939453,-0.0,0.6498904824256897,-0.0,89.50881958007812,0.007557278033345938,3.6397132873535156,0.5679759383201599,-0.0,0.0,0.0,0.0,0.0,0.0,0.0,0.0,0.0,0.0,0.0,0.0,0.023000000044703484,0.023000000044703484,0.02,0.15,0.0,0.0,0.0,0.0,0.0,0.0,0.0,0.0,0.0,0.0,0.0,0.0,0.22514837980270386,0.009692106395959854,0.00104875774741231,14.906842231750488,895,nan,-1.0,True,,False,0.010050058364868164,0.0,0.010050058364868164,100.0,100.0,1.0,0.0,0.0,0.0,0.0,0.0
1759,40.99917984008789,-0.0,0.605210542678833,-0.0,39.78875732421875,0.031102191656827927,3.8152031898498535,0.5685555338859558,-0.0,0.0,0.0,0.0,0.0,0.0,0.0,0.0,0.0,0.0,0.0,0.0,0.023000000044703484,0.023000000044703484,0.02,0.15,0.0,0.0,0.0,0.0,0.0,0.0,0.0,0.0,0.0,0.0,0.0,0.0,0.22520789504051208,0.011102360673248768,0.0010614186307975615,14.906842231750488,895,nan,-1.0,True,,False,0.010050058364868164,0.0,0.010050058364868164,100.0,100.0,1.0,0.0,0.0,0.0,0.0,0.0
1760,148.8514862060547,-0.0,0.6285949349403381,-0.0,147.59429931640625,0.002267810283228755,3.845595359802246,0.5684722065925598,-0.0,0.0,0.0,0.0,0.0,0.0,0.0,0.0,0.0,0.0,0.0,0.0,0.023000000044703484,0.023000000044703484,0.02,0.15,0.0,0.0,0.0,0.0,0.0,0.0,0.0,0.0,0.0,0.0,0.0,0.0,0.22517545521259308,0.010358009487390518,0.0010589308112685103,14.906842231750488,895,nan,-1.0,True,,False,0.010050058364868164,0.0,0.010050058364868164,100.0,100.0,1.0,0.0,0.0,0.0,0.0,0.0
1761,50.264198303222656,-0.0,0.6595948934555054,-0.0,48.94500732421875,0.02280437760055065,3.8576951026916504,0.5684541463851929,-0.0,0.0,0.0,0.0,0.0,0.0,0.0,0.0,0.0,0.0,0.0,0.0,0.023000000044703484,0.023000000044703484,0.02,0.15,0.0,0.0,0.0,0.0,0.0,0.0,0.0,0.0,0.0,0.0,0.0,0.0,0.2251671999692917,0.009392277337610722,0.0009572482210842281,14.906842231750488,895,nan,-1.0,True,,False,0.010050058364868164,0.0,0.010050058364868164,100.0,100.0,1.0,0.0,0.0,0.0,0.0,0.0
1762,104.25572967529297,-0.0,0.6694801449775696,-0.0,102.9167709350586,0.005565602332353592,3.95644474029541,0.5687271952629089,-0.0,0.0,0.0,0.0,0.0,0.0,0.0,0.0,0.0,0.0,0.0,0.0,0.023000000044703484,0.023000000044703484,0.02,0.15,0.0,0.0,0.0,0.0,0.0,0.0,0.0,0.0,0.0,0.0,0.0,0.0,0.22516581416130066,0.009089116007089615,0.0015394078886856732,14.906842231750488,895,nan,-1.0,True,,False,0.010050058364868164,0.0,0.010050058364868164,100.0,100.0,1.0,0.0,0.0,0.0,0.0,0.0
1763,87.05907440185547,-0.0,0.6784437894821167,-0.0,85.70218658447266,0.008280498906970024,4.064052581787109,0.5688577890396118,-0.0,0.0,0.0,0.0,0.0,0.0,0.0,0.0,0.0,0.0,0.0,0.0,0.023000000044703484,0.023000000044703484,0.02,0.15,0.0,0.0,0.0,0.0,0.0,0.0,0.0,0.0,0.0,0.0,0.0,0.0,0.22519826889038086,0.008816147223114967,0.0005025356695114169,14.906842231750488,895,nan,-1.0,True,,False,0.010050058364868164,0.0,0.010050058364868164,100.0,100.0,1.0,0.0,0.0,0.0,0.0,0.0
1764,27.81377410888672,-0.0,0.6868316531181335,-0.0,26.44011116027832,0.05284111201763153,4.1819634437561035,0.5733720660209656,-0.0,0.0,0.0,0.0,0.0,0.0,0.0,0.0,0.0,0.0,0.0,0.0,0.023000000044703484,0.023000000044703484,0.02,0.15,0.0,0.0,0.0,0.0,0.0,0.0,0.0,0.0,0.0,0.0,0.0,0.0,0.2253003716468811,0.008562343195080757,0.0012372737323858018,14.906842231750488,895,nan,-1.0,True,,False,0.010050058364868164,0.0,0.010050058364868164,100.0,100.0,1.0,0.0,0.0,0.0,0.0,0.0
1765,40.20812225341797,-0.0,0.699151337146759,-0.0,38.809818267822266,0.03244174271821976,4.312055587768555,0.5738475322723389,-0.0,0.0,0.0,0.0,0.0,0.0,0.0,0.0,0.0,0.0,0.0,0.0,0.023000000044703484,0.023000000044703484,0.02,0.15,0.0,0.0,0.0,0.0,0.0,0.0,0.0,0.0,0.0,0.0,0.0,0.0,0.22551853954792023,0.008192364126443863,0.001325822391663678,14.906842231750488,895,nan,-1.0,True,,False,0.010050058364868164,0.0,0.010050058364868164,100.0,100.0,1.0,0.0,0.0,0.0,0.0,0.0
1766,104.86571502685547,-0.0,0.711142897605896,-0.0,103.44342803955078,0.005611101631075144,4.455817699432373,0.5800625681877136,-0.0,0.0,0.0,0.0,0.0,0.0,0.0,0.0,0.0,0.0,0.0,0.0,0.023000000044703484,0.023000000044703484,0.02,0.15,0.0,0.0,0.0,0.0,0.0,0.0,0.0,0.0,0.0,0.0,0.0,0.0,0.22567641735076904,0.007835354655981064,0.000649581287689216,14.906842231750488,895,nan,-1.0,True,,False,0.010050058364868164,0.0,0.010050058364868164,100.0,100.0,1.0,0.0,0.0,0.0,0.0,0.0
1767,62.81498718261719,-0.0,0.7113996148109436,-0.0,61.392189025878906,0.015989623963832855,4.613697052001953,0.5806655287742615,-0.0,0.0,0.0,0.0,0.0,0.0,0.0,0.0,0.0,0.0,0.0,0.0,0.023000000044703484,0.023000000044703484,0.02,0.15,0.0,0.0,0.0,0.0,0.0,0.0,0.0,0.0,0.0,0.0,0.0,0.0,0.22566938400268555,0.007827743887901306,0.0011272466006175819,14.906842231750488,895,nan,-1.0,True,,False,0.010050058364868164,0.0,0.010050058364868164,100.0,100.0,1.0,0.0,0.0,0.0,0.0,0.0
1768,94.02863311767578,-0.0,0.7073267102241516,-0.0,92.61398315429688,0.007128044031560421,4.78949499130249,0.5759986639022827,-0.0,0.0,0.0,0.0,0.0,0.0,0.0,0.0,0.0,0.0,0.0,0.0,0.023000000044703484,0.023000000044703484,0.02,0.15,0.0,0.0,0.0,0.0,0.0,0.0,0.0,0.0,0.0,0.0,0.0,0.0,0.22573645412921906,0.00794864259660244,0.00112327389820166,14.906842231750488,895,nan,-1.0,True,,False,0.010050058364868164,0.0,0.010050058364868164,100.0,100.0,1.0,0.0,0.0,0.0,0.0,0.0
1769,50.442508697509766,-0.0,0.6692655682563782,-0.0,49.10397720336914,0.02288137376308441,4.924561500549316,0.572472333908081,-0.0,0.0,0.0,0.0,0.0,0.0,0.0,0.0,0.0,0.0,0.0,0.0,0.023000000044703484,0.023000000044703484,0.02,0.15,0.0,0.0,0.0,0.0,0.0,0.0,0.0,0.0,0.0,0.0,0.0,0.0,0.22567321360111237,0.009095671586692333,0.0011205656116999307,14.906842231750488,895,nan,-1.0,True,,False,0.010050058364868164,0.0,0.010050058364868164,100.0,100.0,1.0,0.0,0.0,0.0,0.0,0.0
1770,224.76361083984375,-0.0,0.6171683073043823,-0.0,223.52928161621094,0.0006579712498933077,4.887528896331787,0.5772293210029602,-0.0,0.0,0.0,0.0,0.0,0.0,0.0,0.0,0.0,0.0,0.0,0.0,0.023000000044703484,0.023000000044703484,0.02,0.15,0.0,0.0,0.0,0.0,0.0,0.0,0.0,0.0,0.0,0.0,0.0,0.0,0.22564411163330078,0.010719969868659973,0.00041898368158399535,14.906842231750488,895,nan,-1.0,True,,False,0.010050058364868164,0.0,0.010050058364868164,100.0,100.0,1.0,0.0,0.0,0.0,0.0,0.0
1771,87.40989685058594,-0.0,0.6740297675132751,-0.0,86.06183624267578,0.008340914733707905,4.867726802825928,0.5772227644920349,-0.0,0.0,0.0,0.0,0.0,0.0,0.0,0.0,0.0,0.0,0.0,0.0,0.023000000044703484,0.023000000044703484,0.02,0.15,0.0,0.0,0.0,0.0,0.0,0.0,0.0,0.0,0.0,0.0,0.0,0.0,0.2256384938955307,0.008950343355536461,0.0009287153695822781,14.906842231750488,895,nan,-1.0,True,,False,0.010050058364868164,0.0,0.010050058364868164,100.0,100.0,1.0,0.0,0.0,0.0,0.0,0.0
1772,71.40757751464844,-0.0,0.7324146032333374,-0.0,69.9427490234375,0.012556208297610283,4.855554103851318,0.5772859454154968,-0.0,0.0,0.0,0.0,0.0,0.0,0.0,0.0,0.0,0.0,0.0,0.0,0.023000000044703484,0.023000000044703484,0.02,0.15,0.0,0.0,0.0,0.0,0.0,0.0,0.0,0.0,0.0,0.0,0.0,0.0,0.22566498816013336,0.007209386210888624,0.0008977642974059563,14.906842231750488,895,nan,-1.0,True,,False,0.010050058364868164,0.0,0.010050058364868164,100.0,100.0,1.0,0.0,0.0,0.0,0.0,0.0
1773,201.15798950195312,-0.0,0.723816990852356,-0.0,199.71035766601562,0.0009489334188401699,4.848482131958008,0.577422022819519,-0.0,0.0,0.0,0.0,0.0,0.0,0.0,0.0,0.0,0.0,0.0,0.0,0.023000000044703484,0.023000000044703484,0.02,0.15,0.0,0.0,0.0,0.0,0.0,0.0,0.0,0.0,0.0,0.0,0.0,0.0,0.2257228046655655,0.007461282424628735,0.0010535899405113014,14.906842231750488,895,nan,-1.0,True,,False,0.010050058364868164,0.0,0.010050058364868164,100.0,100.0,1.0,0.0,0.0,0.0,0.0,0.0
1774,272.46337890625,-0.0,0.7187122702598572,-0.0,271.02593994140625,0.00033673879806883633,4.8427276611328125,0.5818338990211487,-0.0,0.0,0.0,0.0,0.0,0.0,0.0,0.0,0.0,0.0,0.0,0.0,0.023000000044703484,0.023000000044703484,0.02,0.15,0.0,0.0,0.0,0.0,0.0,0.0,0.0,0.0,0.0,0.0,0.0,0.0,0.22577182948589325,0.007611551322042942,0.0009740818868522183,14.906842231750488,895,nan,-1.0,True,,False,0.010050058364868164,0.0,0.010050058364868164,100.0,100.0,1.0,0.0,0.0,0.0,0.0,0.0
1775,72.65895080566406,-0.0,0.7211153507232666,-0.0,71.21672058105469,0.012237251736223698,4.840474605560303,0.5821139216423035,-0.0,0.0,0.0,0.0,0.0,0.0,0.0,0.0,0.0,0.0,0.0,0.0,0.023000000044703484,0.023000000044703484,0.02,0.15,0.0,0.0,0.0,0.0,0.0,0.0,0.0,0.0,0.0,0.0,0.0,0.0,0.2258445918560028,0.0075407447293400764,0.0010834153033556504,14.906842231750488,895,nan,-1.0,True,,False,0.010050058364868164,0.0,0.010050058364868164,100.0,100.0,1.0,0.0,0.0,0.0,0.0,0.0
1776,230.57223510742188,-0.0,0.7329814434051514,-0.0,229.1062774658203,0.000610083807259798,4.840033531188965,0.5821458101272583,-0.0,0.0,0.0,0.0,0.0,0.0,0.0,0.0,0.0,0.0,0.0,0.0,0.023000000044703484,0.023000000044703484,0.02,0.15,0.0,0.0,0.0,0.0,0.0,0.0,0.0,0.0,0.0,0.0,0.0,0.0,0.2259562611579895,0.007192831952124834,0.0009044116045515693,14.906842231750488,895,nan,-1.0,True,,False,0.010050058364868164,0.0,0.010050058364868164,100.0,100.0,1.0,0.0,0.0,0.0,0.0,0.0
1777,408.1343994140625,-0.0,0.7519892454147339,-0.0,406.63043212890625,6.441926961997524e-05,4.841696262359619,0.582416832447052,-0.0,0.0,0.0,0.0,0.0,0.0,0.0,0.0,0.0,0.0,0.0,0.0,0.023000000044703484,0.023000000044703484,0.02,0.15,0.0,0.0,0.0,0.0,0.0,0.0,0.0,0.0,0.0,0.0,0.0,0.0,0.22610808908939362,0.0066413432359695435,0.0007530931388828321,14.906842231750488,895,nan,-1.0,True,,False,0.010050058364868164,0.0,0.010050058364868164,100.0,100.0,1.0,0.0,0.0,0.0,0.0,0.0
1778,100.8577880859375,-0.0,0.7750970721244812,-0.0,99.3075942993164,0.006185117177665234,4.845240116119385,0.582500696182251,-0.0,0.0,0.0,0.0,0.0,0.0,0.0,0.0,0.0,0.0,0.0,0.0,0.023000000044703484,0.023000000044703484,0.02,0.15,0.0,0.0,0.0,0.0,0.0,0.0,0.0,0.0,0.0,0.0,0.0,0.0,0.22628214955329895,0.005980199668556452,0.0011081620168624795,14.906842231750488,895,nan,-1.0,True,,False,0.010050058364868164,0.0,0.010050058364868164,100.0,100.0,1.0,0.0,0.0,0.0,0.0,0.0
1779,121.8990707397461,-0.0,0.8242301940917969,-0.0,120.2506103515625,0.0039196680299937725,4.850340843200684,0.5777510404586792,-0.0,0.0,0.0,0.0,0.0,0.0,0.0,0.0,0.0,0.0,0.0,0.0,0.023000000044703484,0.023000000044703484,0.02,0.15,0.0,0.0,0.0,0.0,0.0,0.0,0.0,0.0,0.0,0.0,0.0,0.0,0.22640231251716614,0.0046064360067248344,0.0009274468600324326,14.906842231750488,895,nan,-1.0,True,,False,0.010050058364868164,0.0,0.010050058364868164,100.0,100.0,1.0,0.0,0.0,0.0,0.0,0.0
1780,170.2765350341797,-0.0,0.8705827593803406,-0.0,168.53536987304688,0.0015886565670371056,4.861392974853516,0.577696681022644,-0.0,0.0,0.0,0.0,0.0,0.0,0.0,0.0,0.0,0.0,0.0,0.0,0.023000000044703484,0.023000000044703484,0.02,0.15,0.0,0.0,0.0,0.0,0.0,0.0,0.0,0.0,0.0,0.0,0.0,0.0,0.22647139430046082,0.0033474876545369625,0.0011182356522567716,14.906842231750488,895,nan,-1.0,True,,False,0.010050058364868164,0.0,0.010050058364868164,100.0,100.0,1.0,0.0,0.0,0.0,0.0,0.0
1781,55.008033752441406,-0.0,0.8984495997428894,-0.0,53.21113586425781,0.020301874727010727,4.878721237182617,0.5775778293609619,-0.0,0.0,0.0,0.0,0.0,0.0,0.0,0.0,0.0,0.0,0.0,0.0,0.023000000044703484,0.023000000044703484,0.02,0.15,0.0,0.0,0.0,0.0,0.0,0.0,0.0,0.0,0.0,0.0,0.0,0.0,0.22656533122062683,0.0026067085564136505,0.001116223277563222,14.906842231750488,895,nan,-1.0,True,,False,0.010050058364868164,0.0,0.010050058364868164,100.0,100.0,1.0,0.0,0.0,0.0,0.0,0.0
1782,77.88311767578125,-0.0,0.9391903877258301,-0.0,76.0047378540039,0.010714146308600903,4.902050018310547,0.5774965882301331,-0.0,0.0,0.0,0.0,0.0,0.0,0.0,0.0,0.0,0.0,0.0,0.0,0.023000000044703484,0.023000000044703484,0.02,0.15,0.0,0.0,0.0,0.0,0.0,0.0,0.0,0.0,0.0,0.0,0.0,0.0,0.22667354345321655,0.0015440809074789286,0.0010368292890916564,14.906842231750488,895,nan,-1.0,True,,False,0.010050058364868164,0.0,0.010050058364868164,100.0,100.0,1.0,0.0,0.0,0.0,0.0,0.0
1783,97.52751922607422,-0.0,0.9862369298934937,-0.0,95.55504608154297,0.006670362316071987,4.927358627319336,0.5774650573730469,-0.0,0.0,0.0,0.0,0.0,0.0,0.0,0.0,0.0,0.0,0.0,0.0,0.023000000044703484,0.023000000044703484,0.02,0.15,0.0,0.0,0.0,0.0,0.0,0.0,0.0,0.0,0.0,0.0,0.0,0.0,0.22681830823421478,0.0003452669770922512,0.0010421653489629534,14.906842231750488,895,nan,-1.0,True,,False,0.010050058364868164,0.0,0.010050058364868164,100.0,100.0,1.0,0.0,0.0,0.0,0.0,0.0
1784,190.31883239746094,-0.0,1.0,-0.0,188.31883239746094,0.0011298523750156164,4.950374603271484,0.5727663636207581,-0.0,0.0,0.0,0.0,0.0,0.0,0.0,0.0,0.0,0.0,0.0,0.0,0.023000000044703484,0.023000000044703484,0.02,0.15,0.0,0.0,0.0,0.0,0.0,0.0,0.0,0.0,0.0,0.0,0.0,0.0,0.22700698673725128,0.0,0.0006187403093917965,14.906842231750488,895,nan,-1.0,True,,False,0.010050058364868164,0.0,0.010050058364868164,100.0,100.0,1.0,0.0,0.0,0.0,0.0,0.0
1785,97.46630859375,-0.0,0.9693567752838135,-0.0,95.52759552001953,0.006614059209823608,4.9734601974487305,0.5725058317184448,-0.0,0.0,0.0,0.0,0.0,0.0,0.0,0.0,0.0,0.0,0.0,0.0,0.023000000044703484,0.023000000044703484,0.02,0.15,0.0,0.0,0.0,0.0,0.0,0.0,0.0,0.0,0.0,0.0,0.0,0.0,0.2272874265909195,0.0007720404537394643,0.0008746969410822203,14.906842231750488,895,nan,-1.0,True,,False,0.010050058364868164,0.0,0.010050058364868164,100.0,100.0,1.0,0.0,0.0,0.0,0.0,0.0
1786,83.14691162109375,-0.0,0.9407066106796265,-0.0,81.26549530029297,0.009293310344219208,4.997365951538086,0.5723411440849304,-0.0,0.0,0.0,0.0,0.0,0.0,0.0,0.0,0.0,0.0,0.0,0.0,0.023000000044703484,0.023000000044703484,0.02,0.15,0.0,0.0,0.0,0.0,0.0,0.0,0.0,0.0,0.0,0.0,0.0,0.0,0.22754643857479095,0.001504983869381249,0.0008161890741575917,14.906842231750488,895,nan,-1.0,True,,False,0.010050058364868164,0.0,0.010050058364868164,100.0,100.0,1.0,0.0,0.0,0.0,0.0,0.0
1787,64.17198944091797,-0.0,0.9245835542678833,-0.0,62.32282257080078,0.015356788411736488,5.022581100463867,0.5722447633743286,-0.0,0.0,0.0,0.0,0.0,0.0,0.0,0.0,0.0,0.0,0.0,0.0,0.023000000044703484,0.023000000044703484,0.02,0.15,0.0,0.0,0.0,0.0,0.0,0.0,0.0,0.0,0.0,0.0,0.0,0.0,0.22779764235019684,0.0019223651615902781,0.001132203250222119,14.906842231750488,895,nan,-1.0,True,,False,0.010050058364868164,0.0,0.010050058364868164,100.0,100.0,1.0,0.0,0.0,0.0,0.0,0.0
1788,64.81483459472656,-0.0,0.9210917353630066,-0.0,62.97264862060547,0.015083004720509052,5.047885894775391,0.5722505450248718,-0.0,0.0,0.0,0.0,0.0,0.0,0.0,0.0,0.0,0.0,0.0,0.0,0.023000000044703484,0.023000000044703484,0.02,0.15,0.0,0.0,0.0,0.0,0.0,0.0,0.0,0.0,0.0,0.0,0.0,0.0,0.22804737091064453,0.002013235120102763,0.0006794761720811948,14.906842231750488,895,nan,-1.0,True,,False,0.010050058364868164,0.0,0.010050058364868164,100.0,100.0,1.0,0.0,0.0,0.0,0.0,0.0
1789,92.72248077392578,-0.0,0.9188525676727295,-0.0,90.88477325439453,0.00737449387088418,5.07314920425415,0.5722990036010742,-0.0,0.0,0.0,0.0,0.0,0.0,0.0,0.0,0.0,0.0,0.0,0.0,0.023000000044703484,0.023000000044703484,0.02,0.15,0.0,0.0,0.0,0.0,0.0,0.0,0.0,0.0,0.0,0.0,0.0,0.0,0.228306844830513,0.002071601804345846,0.0006624150346397073,14.906842231750488,895,nan,-1.0,True,,False,0.010050058364868164,0.0,0.010050058364868164,100.0,100.0,1.0,0.0,0.0,0.0,0.0,0.0
1790,262.6602783203125,-0.0,0.9177571535110474,-0.0,260.82476806640625,0.00038147979648783803,5.09699821472168,0.5723762512207031,-0.0,0.0,0.0,0.0,0.0,0.0,0.0,0.0,0.0,0.0,0.0,0.0,0.023000000044703484,0.023000000044703484,0.02,0.15,0.0,0.0,0.0,0.0,0.0,0.0,0.0,0.0,0.0,0.0,0.0,0.0,0.22858119010925293,0.0021001771092414856,0.0006794587552576559,14.906842231750488,895,nan,-1.0,True,,False,0.010050058364868164,0.0,0.010050058364868164,100.0,100.0,1.0,0.0,0.0,0.0,0.0,0.0
1791,102.87458801269531,-0.0,1.0,-0.0,100.87458801269531,0.005831733345985413,5.102102756500244,0.5686334371566772,-0.0,0.0,0.0,0.0,0.0,0.0,0.0,0.0,0.0,0.0,0.0,0.0,0.023000000044703484,0.023000000044703484,0.02,0.15,0.0,0.0,0.0,0.0,0.0,0.0,0.0,0.0,0.0,0.0,0.0,0.0,0.22903867065906525,0.0,0.0010688735765143065,14.906842231750488,895,nan,-1.0,True,,False,0.010050058364868164,0.0,0.010050058364868164,100.0,100.0,1.0,0.0,0.0,0.0,0.0,0.0
1792,160.21267700195312,-0.0,0.5729520916938782,-0.0,159.0667724609375,0.0018787257140502334,5.082208156585693,0.5775755047798157,-0.0,0.0,0.0,0.0,0.0,0.0,0.0,0.0,0.0,0.0,0.0,0.0,0.023000000044703484,0.023000000044703484,0.02,0.15,0.0,0.0,0.0,0.0,0.0,0.0,0.0,0.0,0.0,0.0,0.0,0.0,0.22880405187606812,0.0121532017365098,0.0010557943992353103,14.906842231750488,895,nan,-1.0,True,,False,0.010050058364868164,0.0,0.010050058364868164,100.0,100.0,1.0,0.0,0.0,0.0,0.0,0.0
1793,63.263057708740234,-0.0,0.7139836549758911,-0.0,61.83509063720703,0.015546167269349098,5.0664191246032715,0.5719204545021057,-0.0,0.0,0.0,0.0,0.0,0.0,0.0,0.0,0.0,0.0,0.0,0.0,0.023000000044703484,0.023000000044703484,0.02,0.15,0.0,0.0,0.0,0.0,0.0,0.0,0.0,0.0,0.0,0.0,0.0,0.0,0.2292892038822174,0.007751224562525749,0.0011779173516970332,14.906842231750488,895,nan,-1.0,True,,False,0.010050058364868164,0.0,0.010050058364868164,100.0,100.0,1.0,0.0,0.0,0.0,0.0,0.0
1794,92.43913269042969,-0.0,0.22611193358898163,-0.0,91.98690795898438,0.007352370303124189,5.054447174072266,0.585368812084198,-0.0,0.0,0.0,0.0,0.0,0.0,0.0,0.0,0.0,0.0,0.0,0.0,0.023000000044703484,0.023000000044703484,0.02,0.15,0.0,0.0,0.0,0.0,0.0,0.0,0.0,0.0,0.0,0.0,0.0,0.0,0.22945503890514374,0.02622438594698906,0.0010012878165071015,14.906842231750488,895,nan,-1.0,True,,False,0.010050058364868164,0.0,0.010050058364868164,100.0,100.0,1.0,0.0,0.0,0.0,0.0,0.0
1795,268.5273742675781,-0.0,0.278363972902298,-0.0,267.97064208984375,0.00034831921220757067,5.0387678146362305,0.577029824256897,-0.0,0.0,0.0,0.0,0.0,0.0,0.0,0.0,0.0,0.0,0.0,0.0,0.023000000044703484,0.023000000044703484,0.02,0.15,0.0,0.0,0.0,0.0,0.0,0.0,0.0,0.0,0.0,0.0,0.0,0.0,0.23001116514205933,0.023619895800948143,0.0011215013527134943,14.906842231750488,895,nan,-1.0,True,,False,0.010050058364868164,0.0,0.010050058364868164,100.0,100.0,1.0,0.0,0.0,0.0,0.0,0.0
1796,42.36891555786133,-0.0,0.14846256375312805,-0.0,42.071990966796875,0.029035698622465134,5.02232027053833,0.5757638216018677,-0.0,0.0,0.0,0.0,0.0,0.0,0.0,0.0,0.0,0.0,0.0,0.0,0.023000000044703484,0.023000000044703484,0.02,0.15,0.0,0.0,0.0,0.0,0.0,0.0,0.0,0.0,0.0,0.0,0.0,0.0,0.2302801012992859,0.030734580010175705,0.0010737843522292678,14.906842231750488,895,nan,-1.0,True,,False,0.010050058364868164,0.0,0.010050058364868164,100.0,100.0,1.0,0.0,0.0,0.0,0.0,0.0
1797,136.62899780273438,-0.0,0.1366368532180786,-0.0,136.35572814941406,0.0028354923706501722,5.00575590133667,0.5757178664207458,-0.0,0.0,0.0,0.0,0.0,0.0,0.0,0.0,0.0,0.0,0.0,0.0,0.023000000044703484,0.023000000044703484,0.02,0.15,0.0,0.0,0.0,0.0,0.0,0.0,0.0,0.0,0.0,0.0,0.0,0.0,0.23032335937023163,0.031517788767814636,0.0010282133036980667,14.906842231750488,895,nan,-1.0,True,,False,0.010050058364868164,0.0,0.010050058364868164,100.0,100.0,1.0,0.0,0.0,0.0,0.0,0.0
1798,84.23056030273438,-0.0,0.14771683514118195,-0.0,83.93512725830078,0.008736880496144295,4.992362976074219,0.5755505561828613,-0.0,0.0,0.0,0.0,0.0,0.0,0.0,0.0,0.0,0.0,0.0,0.0,0.023000000044703484,0.023000000044703484,0.02,0.15,0.0,0.0,0.0,0.0,0.0,0.0,0.0,0.0,0.0,0.0,0.0,0.0,0.2304321676492691,0.030783025547862053,0.0010936726034742605,14.906842231750488,895,nan,-1.0,True,,False,0.010050058364868164,0.0,0.010050058364868164,100.0,100.0,1.0,0.0,0.0,0.0,0.0,0.0
1799,54.951515197753906,-0.0,0.12938383221626282,-0.0,54.6927490234375,0.019302960485219955,4.982114315032959,0.5758861303329468,-0.0,0.0,0.0,0.0,0.0,0.0,0.0,0.0,0.0,0.0,0.0,0.0,0.023000000044703484,0.023000000044703484,0.02,0.15,0.0,0.0,0.0,0.0,0.0,0.0,0.0,0.0,0.0,0.0,0.0,0.0,0.2303965538740158,0.03201501816511154,0.0011073945339603597,14.906842231750488,895,nan,-1.0,True,,False,0.010050058364868164,0.0,0.010050058364868164,100.0,100.0,1.0,0.0,0.0,0.0,0.0,0.0
1800,76.79893493652344,-0.0,0.27366650104522705,-0.0,76.25160217285156,0.010743046179413795,4.975119590759277,0.5837189555168152,-0.0,0.0,0.0,0.0,0.0,0.0,0.0,0.0,0.0,0.0,0.0,0.0,0.023000000044703484,0.023000000044703484,0.02,0.15,0.0,0.0,0.0,0.0,0.0,0.0,0.0,0.0,0.0,0.0,0.0,0.0,0.23021899163722992,0.02384342812001705,0.0008468301616630924,14.906842231750488,895,nan,-1.0,True,,False,0.010050058364868164,0.0,0.010050058364868164,100.0,100.0,1.0,0.0,0.0,0.0,0.0,0.0
1801,36.720558166503906,-0.0,0.14972224831581116,-0.0,36.421112060546875,0.035497378557920456,4.967558860778809,0.57513028383255,-0.0,0.0,0.0,0.0,0.0,0.0,0.0,0.0,0.0,0.0,0.0,0.0,0.023000000044703484,0.023000000044703484,0.02,0.15,0.0,0.0,0.0,0.0,0.0,0.0,0.0,0.0,0.0,0.0,0.0,0.0,0.23036134243011475,0.03065302036702633,0.0009525957202640711,14.906842231750488,895,nan,-1.0,True,,False,0.010050058364868164,0.0,0.010050058364868164,100.0,100.0,1.0,0.0,0.0,0.0,0.0,0.0
1802,119.91382598876953,-0.0,0.2926979064941406,-0.0,119.32843017578125,0.003929854370653629,4.9591217041015625,0.5700703859329224,-0.0,0.0,0.0,0.0,0.0,0.0,0.0,0.0,0.0,0.0,0.0,0.0,0.023000000044703484,0.023000000044703484,0.02,0.15,0.0,0.0,0.0,0.0,0.0,0.0,0.0,0.0,0.0,0.0,0.0,0.0,0.230350524187088,0.02294921875,0.0011201571624042117,14.906842231750488,895,nan,-1.0,True,,False,0.010050058364868164,0.0,0.010050058364868164,100.0,100.0,1.0,0.0,0.0,0.0,0.0,0.0
1803,66.97245788574219,-0.0,0.23921702802181244,-0.0,66.49402618408203,0.013730296865105629,4.944152355194092,0.5756973624229431,-0.0,0.0,0.0,0.0,0.0,0.0,0.0,0.0,0.0,0.0,0.0,0.0,0.023000000044703484,0.023000000044703484,0.02,0.15,0.0,0.0,0.0,0.0,0.0,0.0,0.0,0.0,0.0,0.0,0.0,0.0,0.23085612058639526,0.025545090436935425,0.0010485746399808704,14.906842231750488,895,nan,-1.0,True,,False,0.010050058364868164,0.0,0.010050058364868164,100.0,100.0,1.0,0.0,0.0,0.0,0.0,0.0
1804,115.8385238647461,-0.0,0.20886634290218353,-0.0,115.42079162597656,0.004313988145440817,4.931867599487305,0.5765042304992676,-0.0,0.0,0.0,0.0,0.0,0.0,0.0,0.0,0.0,0.0,0.0,0.0,0.023000000044703484,0.023000000044703484,0.02,0.15,0.0,0.0,0.0,0.0,0.0,0.0,0.0,0.0,0.0,0.0,0.0,0.0,0.23104892671108246,0.027149051427841187,0.0011131091009701777,14.906842231750488,895,nan,-1.0,True,,False,0.010050058364868164,0.0,0.010050058364868164,100.0,100.0,1.0,0.0,0.0,0.0,0.0,0.0
1805,66.32608795166016,-0.0,0.23577219247817993,-0.0,65.85454559326172,0.014015808701515198,4.92365837097168,0.5766765475273132,-0.0,0.0,0.0,0.0,0.0,0.0,0.0,0.0,0.0,0.0,0.0,0.0,0.023000000044703484,0.023000000044703484,0.02,0.15,0.0,0.0,0.0,0.0,0.0,0.0,0.0,0.0,0.0,0.0,0.0,0.0,0.23110638558864594,0.02572181075811386,0.0010596509019933364,14.906842231750488,895,nan,-1.0,True,,False,0.010050058364868164,0.0,0.010050058364868164,100.0,100.0,1.0,0.0,0.0,0.0,0.0,0.0
1806,120.40106964111328,-0.0,0.38457801938056946,-0.0,119.63191223144531,0.0039330581203103065,4.920108795166016,0.5725034475326538,-0.0,0.0,0.0,0.0,0.0,0.0,0.0,0.0,0.0,0.0,0.0,0.0,0.023000000044703484,0.023000000044703484,0.02,0.15,0.0,0.0,0.0,0.0,0.0,0.0,0.0,0.0,0.0,0.0,0.0,0.0,0.2311987280845642,0.018992822617292404,0.0009433464379071665,14.906842231750488,895,nan,-1.0,True,,False,0.010050058364868164,0.0,0.010050058364868164,100.0,100.0,1.0,0.0,0.0,0.0,0.0,0.0
1807,49.25756072998047,-0.0,0.33321619033813477,-0.0,48.591129302978516,0.02324407733976841,4.896127700805664,0.5726625919342041,-0.0,0.0,0.0,0.0,0.0,0.0,0.0,0.0,0.0,0.0,0.0,0.0,0.023000000044703484,0.023000000044703484,0.02,0.15,0.0,0.0,0.0,0.0,0.0,0.0,0.0,0.0,0.0,0.0,0.0,0.0,0.23152263462543488,0.021137559786438942,0.0010411669264840384,14.906842231750488,895,nan,-1.0,True,,False,0.010050058364868164,0.0,0.010050058364868164,100.0,100.0,1.0,0.0,0.0,0.0,0.0,0.0
1808,118.39350891113281,-0.0,0.3818660080432892,-0.0,117.62977600097656,0.004112398251891136,4.876231670379639,0.5734513998031616,-0.0,0.0,0.0,0.0,0.0,0.0,0.0,0.0,0.0,0.0,0.0,0.0,0.023000000044703484,0.023000000044703484,0.02,0.15,0.0,0.0,0.0,0.0,0.0,0.0,0.0,0.0,0.0,0.0,0.0,0.0,0.23187538981437683,0.019102346152067184,0.0010344782165248034,14.906842231750488,895,nan,-1.0,True,,False,0.010050058364868164,0.0,0.010050058364868164,100.0,100.0,1.0,0.0,0.0,0.0,0.0,0.0
1809,117.85005950927734,-0.0,0.4621450901031494,-0.0,116.92576599121094,0.004185223486274481,4.850629806518555,0.5763359665870667,-0.0,0.0,0.0,0.0,0.0,0.0,0.0,0.0,0.0,0.0,0.0,0.0,0.023000000044703484,0.023000000044703484,0.02,0.15,0.0,0.0,0.0,0.0,0.0,0.0,0.0,0.0,0.0,0.0,0.0,0.0,0.2323349267244339,0.016009371727705002,0.0010166365666464117,14.906842231750488,895,nan,-1.0,True,,False,0.010050058364868164,0.0,0.010050058364868164,100.0,100.0,1.0,0.0,0.0,0.0,0.0,0.0
1810,64.76705932617188,-0.0,0.5192800760269165,-0.0,63.72849655151367,0.014821546152234077,4.821033954620361,0.5751718282699585,-0.0,0.0,0.0,0.0,0.0,0.0,0.0,0.0,0.0,0.0,0.0,0.0,0.023000000044703484,0.023000000044703484,0.02,0.15,0.0,0.0,0.0,0.0,0.0,0.0,0.0,0.0,0.0,0.0,0.0,0.0,0.23250505328178406,0.013969453051686287,0.0012433221021410645,14.906842231750488,895,nan,-1.0,True,,False,0.010050058364868164,0.0,0.010050058364868164,100.0,100.0,1.0,0.0,0.0,0.0,0.0,0.0
1811,61.62373733520508,-0.0,0.4737071692943573,-0.0,60.67632293701172,0.01611592248082161,4.78639554977417,0.57422935962677,-0.0,0.0,0.0,0.0,0.0,0.0,0.0,0.0,0.0,0.0,0.0,0.0,0.023000000044703484,0.023000000044703484,0.02,0.15,0.0,0.0,0.0,0.0,0.0,0.0,0.0,0.0,0.0,0.0,0.0,0.0,0.23281842470169067,0.01558680646121502,0.0012390329228537666,14.906842231750488,895,nan,-1.0,True,,False,0.010050058364868164,0.0,0.010050058364868164,100.0,100.0,1.0,0.0,0.0,0.0,0.0,0.0
1812,55.727787017822266,-0.0,0.43954217433929443,-0.0,54.84870147705078,0.01918799802660942,4.753279209136963,0.5747610330581665,-0.0,0.0,0.0,0.0,0.0,0.0,0.0,0.0,0.0,0.0,0.0,0.0,0.023000000044703484,0.023000000044703484,0.02,0.15,0.0,0.0,0.0,0.0,0.0,0.0,0.0,0.0,0.0,0.0,0.0,0.0,0.23307742178440094,0.01685100980103016,0.0012370565980290849,14.906842231750488,895,nan,-1.0,True,,False,0.010050058364868164,0.0,0.010050058364868164,100.0,100.0,1.0,0.0,0.0,0.0,0.0,0.0
1813,53.63227462768555,-0.0,0.45842278003692627,-0.0,52.71542739868164,0.020459618419408798,4.719979286193848,0.5743134617805481,-0.0,0.0,0.0,0.0,0.0,0.0,0.0,0.0,0.0,0.0,0.0,0.0,0.023000000044703484,0.023000000044703484,0.02,0.15,0.0,0.0,0.0,0.0,0.0,0.0,0.0,0.0,0.0,0.0,0.0,0.0,0.23318713903427124,0.01614653877913952,0.0012312719239844228,14.906842231750488,895,nan,-1.0,True,,False,0.010050058364868164,0.0,0.010050058364868164,100.0,100.0,1.0,0.0,0.0,0.0,0.0,0.0
1814,115.72085571289062,-0.0,0.4496558606624603,-0.0,114.82154083251953,0.004354294389486313,4.686773300170898,0.57440584897995,-0.0,0.0,0.0,0.0,0.0,0.0,0.0,0.0,0.0,0.0,0.0,0.0,0.023000000044703484,0.023000000044703484,0.02,0.15,0.0,0.0,0.0,0.0,0.0,0.0,0.0,0.0,0.0,0.0,0.0,0.0,0.23337046802043915,0.016471805050969124,0.0006519491357721563,14.906842231750488,895,nan,-1.0,True,,False,0.010050058364868164,0.0,0.010050058364868164,100.0,100.0,1.0,0.0,0.0,0.0,0.0,0.0
1815,151.68125915527344,-0.0,0.5441834926605225,-0.0,150.5928955078125,0.002167194616049528,4.656320095062256,0.5741025805473328,-0.0,0.0,0.0,0.0,0.0,0.0,0.0,0.0,0.0,0.0,0.0,0.0,0.023000000044703484,0.023000000044703484,0.02,0.15,0.0,0.0,0.0,0.0,0.0,0.0,0.0,0.0,0.0,0.0,0.0,0.0,0.23362663388252258,0.013115601614117622,0.0006238250171008985,14.906842231750488,895,nan,-1.0,True,,False,0.010050058364868164,0.0,0.010050058364868164,100.0,100.0,1.0,0.0,0.0,0.0,0.0,0.0
1816,80.73783874511719,-0.0,0.4033852219581604,-0.0,79.93106842041016,0.009557199664413929,4.629642486572266,0.5694833993911743,-0.0,0.0,0.0,0.0,0.0,0.0,0.0,0.0,0.0,0.0,0.0,0.0,0.023000000044703484,0.023000000044703484,0.02,0.15,0.0,0.0,0.0,0.0,0.0,0.0,0.0,0.0,0.0,0.0,0.0,0.0,0.23389926552772522,0.018243692815303802,0.0010207956579506572,14.906842231750488,895,nan,-1.0,True,,False,0.010050058364868164,0.0,0.010050058364868164,100.0,100.0,1.0,0.0,0.0,0.0,0.0,0.0
1817,136.5574951171875,-0.0,0.35824891924858093,-0.0,135.84100341796875,0.002839024644345045,4.609103202819824,0.5699276924133301,-0.0,0.0,0.0,0.0,0.0,0.0,0.0,0.0,0.0,0.0,0.0,0.0,0.023000000044703484,0.023000000044703484,0.02,0.15,0.0,0.0,0.0,0.0,0.0,0.0,0.0,0.0,0.0,0.0,0.0,0.0,0.23400096595287323,0.020073050633072853,0.001044493950416836,14.906842231750488,895,nan,-1.0,True,,False,0.010050058364868164,0.0,0.010050058364868164,100.0,100.0,1.0,0.0,0.0,0.0,0.0,0.0
1818,50.62760925292969,-0.0,0.2841792106628418,-0.0,50.05924987792969,0.02205781638622284,4.592367649078369,0.5697962641716003,-0.0,0.0,0.0,0.0,0.0,0.0,0.0,0.0,0.0,0.0,0.0,0.0,0.023000000044703484,0.023000000044703484,0.02,0.15,0.0,0.0,0.0,0.0,0.0,0.0,0.0,0.0,0.0,0.0,0.0,0.0,0.23386023938655853,0.023345768451690674,0.0010177877928754242,14.906842231750488,895,nan,-1.0,True,,False,0.010050058364868164,0.0,0.010050058364868164,100.0,100.0,1.0,0.0,0.0,0.0,0.0,0.0
1819,61.10688400268555,-0.0,0.29649031162261963,-0.0,60.5139045715332,0.01633826643228531,4.602511405944824,0.5787754654884338,-0.0,0.0,0.0,0.0,0.0,0.0,0.0,0.0,0.0,0.0,0.0,0.0,0.023000000044703484,0.023000000044703484,0.02,0.15,0.0,0.0,0.0,0.0,0.0,0.0,0.0,0.0,0.0,0.0,0.0,0.0,0.23385950922966003,0.02277453802525997,0.001102190866276942,14.906842231750488,895,nan,-1.0,True,,False,0.010050058364868164,0.0,0.010050058364868164,100.0,100.0,1.0,0.0,0.0,0.0,0.0,0.0
1820,58.38614273071289,-0.0,0.25272703170776367,-0.0,57.88068771362305,0.017533984035253525,4.612815856933594,0.5750747323036194,-0.0,0.0,0.0,0.0,0.0,0.0,0.0,0.0,0.0,0.0,0.0,0.0,0.023000000044703484,0.023000000044703484,0.02,0.15,0.0,0.0,0.0,0.0,0.0,0.0,0.0,0.0,0.0,0.0,0.0,0.0,0.2339804470539093,0.024864017963409424,0.0010209030377836825,14.906842231750488,895,nan,-1.0,True,,False,0.010050058364868164,0.0,0.010050058364868164,100.0,100.0,1.0,0.0,0.0,0.0,0.0,0.0
1821,94.78893280029297,-0.0,0.27603110671043396,-0.0,94.23686981201172,0.006896899081766605,4.623319625854492,0.5795183777809143,-0.0,0.0,0.0,0.0,0.0,0.0,0.0,0.0,0.0,0.0,0.0,0.0,0.023000000044703484,0.023000000044703484,0.02,0.15,0.0,0.0,0.0,0.0,0.0,0.0,0.0,0.0,0.0,0.0,0.0,0.0,0.23428085446357727,0.023730669170618057,0.0010183934622318702,14.906842231750488,895,nan,-1.0,True,,False,0.010050058364868164,0.0,0.010050058364868164,100.0,100.0,1.0,0.0,0.0,0.0,0.0,0.0
1822,272.99169921875,-0.0,0.4697333574295044,-0.0,272.05224609375,0.0003323535493109375,4.634735107421875,0.5803802609443665,-0.0,0.0,0.0,0.0,0.0,0.0,0.0,0.0,0.0,0.0,0.0,0.0,0.023000000044703484,0.023000000044703484,0.02,0.15,0.0,0.0,0.0,0.0,0.0,0.0,0.0,0.0,0.0,0.0,0.0,0.0,0.23462790250778198,0.0157314483076334,0.0010606695286696777,14.906842231750488,895,nan,-1.0,True,,False,0.010050058364868164,0.0,0.010050058364868164,100.0,100.0,1.0,0.0,0.0,0.0,0.0,0.0
1823,55.71438980102539,-0.0,0.4412355124950409,-0.0,54.8319206237793,0.01941525563597679,4.646653652191162,0.5802856683731079,-0.0,0.0,0.0,0.0,0.0,0.0,0.0,0.0,0.0,0.0,0.0,0.0,0.023000000044703484,0.023000000044703484,0.02,0.15,0.0,0.0,0.0,0.0,0.0,0.0,0.0,0.0,0.0,0.0,0.0,0.0,0.23487073183059692,0.016787219792604446,0.0010585671356011517,14.906842231750488,895,nan,-1.0,True,,False,0.010050058364868164,0.0,0.010050058364868164,100.0,100.0,1.0,0.0,0.0,0.0,0.0,0.0
1824,45.161468505859375,-0.0,0.4218817353248596,-0.0,44.31770324707031,0.027140755206346512,4.659907341003418,0.5805866718292236,-0.0,0.0,0.0,0.0,0.0,0.0,0.0,0.0,0.0,0.0,0.0,0.0,0.023000000044703484,0.023000000044703484,0.02,0.15,0.0,0.0,0.0,0.0,0.0,0.0,0.0,0.0,0.0,0.0,0.0,0.0,0.2351032942533493,0.017523787915706635,0.0010164843431539339,14.906842231750488,895,nan,-1.0,True,,False,0.010050058364868164,0.0,0.010050058364868164,100.0,100.0,1.0,0.0,0.0,0.0,0.0,0.0
1825,56.228336334228516,-0.0,0.3701501190662384,-0.0,55.488037109375,0.019135577604174614,4.673484802246094,0.5845213532447815,-0.0,0.0,0.0,0.0,0.0,0.0,0.0,0.0,0.0,0.0,0.0,0.0,0.023000000044703484,0.023000000044703484,0.02,0.15,0.0,0.0,0.0,0.0,0.0,0.0,0.0,0.0,0.0,0.0,0.0,0.0,0.23523017764091492,0.019580017775297165,0.000990398301382811,14.906842231750488,895,nan,-1.0,True,,False,0.010050058364868164,0.0,0.010050058364868164,100.0,100.0,1.0,0.0,0.0,0.0,0.0,0.0
1826,57.44388198852539,-0.0,0.4048829674720764,-0.0,56.634117126464844,0.018520904704928398,4.686282634735107,0.5853586792945862,-0.0,0.0,0.0,0.0,0.0,0.0,0.0,0.0,0.0,0.0,0.0,0.0,0.023000000044703484,0.023000000044703484,0.02,0.15,0.0,0.0,0.0,0.0,0.0,0.0,0.0,0.0,0.0,0.0,0.0,0.0,0.2355431169271469,0.018184790387749672,0.0009945239814896922,14.906842231750488,895,nan,-1.0,True,,False,0.010050058364868164,0.0,0.010050058364868164,100.0,100.0,1.0,0.0,0.0,0.0,0.0,0.0
1827,28.703655242919922,-0.0,0.30962851643562317,-0.0,28.08439826965332,0.05023479461669922,4.701046943664551,0.5850622057914734,-0.0,0.0,0.0,0.0,0.0,0.0,0.0,0.0,0.0,0.0,0.0,0.0,0.023000000044703484,0.023000000044703484,0.02,0.15,0.0,0.0,0.0,0.0,0.0,0.0,0.0,0.0,0.0,0.0,0.0,0.0,0.23552435636520386,0.022177862003445625,0.0010325689038381825,14.906842231750488,895,nan,-1.0,True,,False,0.010050058364868164,0.0,0.010050058364868164,100.0,100.0,1.0,0.0,0.0,0.0,0.0,0.0
1828,65.27806091308594,-0.0,0.3178248405456543,-0.0,64.64241027832031,0.014557838439941406,4.719180583953857,0.5799996852874756,-0.0,0.0,0.0,0.0,0.0,0.0,0.0,0.0,0.0,0.0,0.0,0.0,0.023000000044703484,0.023000000044703484,0.02,0.15,0.0,0.0,0.0,0.0,0.0,0.0,0.0,0.0,0.0,0.0,0.0,0.0,0.23527705669403076,0.021812021732330322,0.001031424519965185,14.906842231750488,895,nan,-1.0,True,,False,0.010050058364868164,0.0,0.010050058364868164,100.0,100.0,1.0,0.0,0.0,0.0,0.0,0.0
1829,39.63962173461914,-0.0,0.26115742325782776,-0.0,39.117305755615234,0.032192863523960114,4.735591888427734,0.5756701231002808,-0.0,0.0,0.0,0.0,0.0,0.0,0.0,0.0,0.0,0.0,0.0,0.0,0.023000000044703484,0.023000000044703484,0.02,0.15,0.0,0.0,0.0,0.0,0.0,0.0,0.0,0.0,0.0,0.0,0.0,0.0,0.23522037267684937,0.024448217824101448,0.0010028723829691444,14.906842231750488,895,nan,-1.0,True,,False,0.010050058364868164,0.0,0.010050058364868164,100.0,100.0,1.0,0.0,0.0,0.0,0.0,0.0
1830,42.47883987426758,-0.0,0.20055335760116577,-0.0,42.07773208618164,0.02917197160422802,4.753946304321289,0.5798060894012451,-0.0,0.0,0.0,0.0,0.0,0.0,0.0,0.0,0.0,0.0,0.0,0.0,0.023000000044703484,0.023000000044703484,0.02,0.15,0.0,0.0,0.0,0.0,0.0,0.0,0.0,0.0,0.0,0.0,0.0,0.0,0.23492304980754852,0.02760840766131878,0.0010516654458569974,14.906842231750488,895,nan,-1.0,True,,False,0.010050058364868164,0.0,0.010050058364868164,100.0,100.0,1.0,0.0,0.0,0.0,0.0,0.0
1831,178.6717529296875,-0.0,0.16142776608467102,-0.0,178.34889221191406,0.0013379508163779974,4.768026828765869,0.5756245851516724,-0.0,0.0,0.0,0.0,0.0,0.0,0.0,0.0,0.0,0.0,0.0,0.0,0.023000000044703484,0.023000000044703484,0.02,0.15,0.0,0.0,0.0,0.0,0.0,0.0,0.0,0.0,0.0,0.0,0.0,0.0,0.2343149185180664,0.029910963028669357,0.0009999451112889801,14.906842231750488,895,nan,-1.0,True,,False,0.010050058364868164,0.0,0.010050058364868164,100.0,100.0,1.0,0.0,0.0,0.0,0.0,0.0
1832,78.83338928222656,-0.0,0.2343362271785736,-0.0,78.36471557617188,0.010159957222640514,4.777055740356445,0.5818143486976624,-0.0,0.0,0.0,0.0,0.0,0.0,0.0,0.0,0.0,0.0,0.0,0.0,0.023000000044703484,0.023000000044703484,0.02,0.15,0.0,0.0,0.0,0.0,0.0,0.0,0.0,0.0,0.0,0.0,0.0,0.0,0.234977126121521,0.02579585649073124,0.0007150999529130786,14.906842231750488,895,nan,-1.0,True,,False,0.010050058364868164,0.0,0.010050058364868164,100.0,100.0,1.0,0.0,0.0,0.0,0.0,0.0
1833,57.68659591674805,-0.0,0.1620372235774994,-0.0,57.36252212524414,0.01826002262532711,4.784871578216553,0.590161144733429,-0.0,0.0,0.0,0.0,0.0,0.0,0.0,0.0,0.0,0.0,0.0,0.0,0.023000000044703484,0.023000000044703484,0.02,0.15,0.0,0.0,0.0,0.0,0.0,0.0,0.0,0.0,0.0,0.0,0.0,0.0,0.23448443412780762,0.029873076826334,0.0010441091642405809,14.906842231750488,895,nan,-1.0,True,,False,0.010050058364868164,0.0,0.010050058364868164,100.0,100.0,1.0,0.0,0.0,0.0,0.0,0.0
1834,46.36915969848633,-0.0,0.11890716105699539,-0.0,46.131343841552734,0.025524094700813293,4.80030632019043,0.5806342959403992,-0.0,0.0,0.0,0.0,0.0,0.0,0.0,0.0,0.0,0.0,0.0,0.0,0.023000000044703484,0.023000000044703484,0.02,0.15,0.0,0.0,0.0,0.0,0.0,0.0,0.0,0.0,0.0,0.0,0.0,0.0,0.23447547852993011,0.03275854140520096,0.0010705656713980716,14.906842231750488,895,nan,-1.0,True,,False,0.010050058364868164,0.0,0.010050058364868164,100.0,100.0,1.0,0.0,0.0,0.0,0.0,0.0
1835,28.517803192138672,-0.0,0.2658853530883789,-0.0,27.986032485961914,0.050441302359104156,4.817011833190918,0.5852203369140625,-0.0,0.0,0.0,0.0,0.0,0.0,0.0,0.0,0.0,0.0,0.0,0.0,0.023000000044703484,0.023000000044703484,0.02,0.15,0.0,0.0,0.0,0.0,0.0,0.0,0.0,0.0,0.0,0.0,0.0,0.0,0.23528777062892914,0.024217963218688965,0.0010120543181528774,14.906842231750488,895,nan,-1.0,True,,False,0.010050058364868164,0.0,0.010050058364868164,100.0,100.0,1.0,0.0,0.0,0.0,0.0,0.0
1836,101.97405242919922,-0.0,0.1270696073770523,-0.0,101.71990966796875,0.005805169232189655,4.831787586212158,0.5783084630966187,-0.0,0.0,0.0,0.0,0.0,0.0,0.0,0.0,0.0,0.0,0.0,0.0,0.023000000044703484,0.023000000044703484,0.02,0.15,0.0,0.0,0.0,0.0,0.0,0.0,0.0,0.0,0.0,0.0,0.0,0.0,0.23546546697616577,0.03217658773064613,0.0011112718580079672,14.906842231750488,895,nan,-1.0,True,,False,0.010050058364868164,0.0,0.010050058364868164,100.0,100.0,1.0,0.0,0.0,0.0,0.0,0.0
1837,41.52035903930664,-0.0,0.18274009227752686,-0.0,41.15488052368164,0.030183956027030945,4.845630645751953,0.5807260870933533,-0.0,0.0,0.0,0.0,0.0,0.0,0.0,0.0,0.0,0.0,0.0,0.0,0.023000000044703484,0.023000000044703484,0.02,0.15,0.0,0.0,0.0,0.0,0.0,0.0,0.0,0.0,0.0,0.0,0.0,0.0,0.2352072298526764,0.02862594462931156,0.0011098810618932475,14.906842231750488,895,nan,-1.0,True,,False,0.010050058364868164,0.0,0.010050058364868164,100.0,100.0,1.0,0.0,0.0,0.0,0.0,0.0
1838,47.82209777832031,-0.0,0.19257842004299164,-0.0,47.43693923950195,0.025106512010097504,4.850327968597412,0.5962129235267639,-0.0,0.0,0.0,0.0,0.0,0.0,0.0,0.0,0.0,0.0,0.0,0.0,0.023000000044703484,0.023000000044703484,0.02,0.15,0.0,0.0,0.0,0.0,0.0,0.0,0.0,0.0,0.0,0.0,0.0,0.0,0.2354198396205902,0.028058120980858803,0.0010335003784121,14.906842231750488,895,nan,-1.0,True,,False,0.010050058364868164,0.0,0.010050058364868164,100.0,100.0,1.0,0.0,0.0,0.0,0.0,0.0
1839,92.8504867553711,-0.0,0.7661865949630737,-0.0,91.318115234375,0.007506672292947769,4.849170207977295,0.5900670289993286,-0.0,0.0,0.0,0.0,0.0,0.0,0.0,0.0,0.0,0.0,0.0,0.0,0.023000000044703484,0.023000000044703484,0.02,0.15,0.0,0.0,0.0,0.0,0.0,0.0,0.0,0.0,0.0,0.0,0.0,0.0,0.23461253941059113,0.0062339575961232185,0.0009459467144097289,14.906842231750488,895,nan,-1.0,True,,False,0.010050058364868164,0.0,0.010050058364868164,100.0,100.0,1.0,0.0,0.0,0.0,0.0,0.0
1840,26.903411865234375,-0.0,0.8732718825340271,-0.0,25.15686798095703,0.05557383596897125,4.835239887237549,0.5705151557922363,-0.0,0.0,0.0,0.0,0.0,0.0,0.0,0.0,0.0,0.0,0.0,0.0,0.023000000044703484,0.023000000044703484,0.02,0.15,0.0,0.0,0.0,0.0,0.0,0.0,0.0,0.0,0.0,0.0,0.0,0.0,0.23456336557865143,0.0032754901330918074,0.0010470846386851917,14.906842231750488,895,nan,-1.0,True,,False,0.010050058364868164,0.0,0.010050058364868164,100.0,100.0,1.0,0.0,0.0,0.0,0.0,0.0
1841,47.84528350830078,-0.0,0.30683135986328125,-0.0,47.23162078857422,0.024239839985966682,4.805400371551514,0.5717831254005432,-0.0,0.0,0.0,0.0,0.0,0.0,0.0,0.0,0.0,0.0,0.0,0.0,0.023000000044703484,0.023000000044703484,0.02,0.15,0.0,0.0,0.0,0.0,0.0,0.0,0.0,0.0,0.0,0.0,0.0,0.0,0.23447132110595703,0.02230381965637207,0.0005764617080785683,14.906842231750488,895,nan,-1.0,True,,False,0.010050058364868164,0.0,0.010050058364868164,100.0,100.0,1.0,0.0,0.0,0.0,0.0,0.0
1842,65.38489532470703,-0.0,0.9589970111846924,-0.0,63.46690368652344,0.015338943339884281,4.792722702026367,0.590674638748169,-0.0,0.0,0.0,0.0,0.0,0.0,0.0,0.0,0.0,0.0,0.0,0.0,0.023000000044703484,0.023000000044703484,0.02,0.15,0.0,0.0,0.0,0.0,0.0,0.0,0.0,0.0,0.0,0.0,0.0,0.0,0.23523825407028198,0.001035800902172923,0.0009007899807329522,14.906842231750488,895,nan,-1.0,True,,False,0.010050058364868164,0.0,0.010050058364868164,100.0,100.0,1.0,0.0,0.0,0.0,0.0,0.0
1843,60.9984245300293,-0.0,0.09289465844631195,-0.0,60.8126335144043,0.016294514760375023,4.794983863830566,0.5817548632621765,-0.0,0.0,0.0,0.0,0.0,0.0,0.0,0.0,0.0,0.0,0.0,0.0,0.023000000044703484,0.023000000044703484,0.02,0.15,0.0,0.0,0.0,0.0,0.0,0.0,0.0,0.0,0.0,0.0,0.0,0.0,0.23479755222797394,0.03476068750023842,0.0005285466259010718,14.906842231750488,895,nan,-1.0,True,,False,0.010050058364868164,0.0,0.010050058364868164,100.0,100.0,1.0,0.0,0.0,0.0,0.0,0.0
1844,126.51300048828125,-0.0,0.1274927705526352,-0.0,126.25801849365234,0.003446644637733698,4.795991897583008,0.5731630325317383,-0.0,0.0,0.0,0.0,0.0,0.0,0.0,0.0,0.0,0.0,0.0,0.0,0.023000000044703484,0.023000000044703484,0.02,0.15,0.0,0.0,0.0,0.0,0.0,0.0,0.0,0.0,0.0,0.0,0.0,0.0,0.23545145988464355,0.03214693441987038,0.0004925633393213502,14.906842231750488,895,nan,-1.0,True,,False,0.010050058364868164,0.0,0.010050058364868164,100.0,100.0,1.0,0.0,0.0,0.0,0.0,0.0
1845,32.66499328613281,-0.0,0.379102498292923,-0.0,31.906787872314453,0.04266653582453728,4.800666332244873,0.5806237459182739,-0.0,0.0,0.0,0.0,0.0,0.0,0.0,0.0,0.0,0.0,0.0,0.0,0.023000000044703484,0.023000000044703484,0.02,0.15,0.0,0.0,0.0,0.0,0.0,0.0,0.0,0.0,0.0,0.0,0.0,0.0,0.235439732670784,0.01921434886753559,0.001110834991095544,14.906842231750488,895,nan,-1.0,True,,False,0.010050058364868164,0.0,0.010050058364868164,100.0,100.0,1.0,0.0,0.0,0.0,0.0,0.0
1846,67.49185180664062,-0.0,0.4691108167171478,-0.0,66.55362701416016,0.013903681188821793,4.803760528564453,0.5838388204574585,-0.0,0.0,0.0,0.0,0.0,0.0,0.0,0.0,0.0,0.0,0.0,0.0,0.023000000044703484,0.023000000044703484,0.02,0.15,0.0,0.0,0.0,0.0,0.0,0.0,0.0,0.0,0.0,0.0,0.0,0.0,0.23567534983158112,0.01575416512787342,0.0009141178468325961,14.906842231750488,895,nan,-1.0,True,,False,0.010050058364868164,0.0,0.010050058364868164,100.0,100.0,1.0,0.0,0.0,0.0,0.0,0.0
1847,26.43309211730957,-0.0,0.5044159293174744,-0.0,25.42426109313965,0.055155765265226364,4.8094072341918945,0.5718536972999573,-0.0,0.0,0.0,0.0,0.0,0.0,0.0,0.0,0.0,0.0,0.0,0.0,0.023000000044703484,0.023000000044703484,0.02,0.15,0.0,0.0,0.0,0.0,0.0,0.0,0.0,0.0,0.0,0.0,0.0,0.0,0.2359979897737503,0.014488876797258854,0.0009574772027463041,14.906842231750488,895,nan,-1.0,True,,False,0.010050058364868164,0.0,0.010050058364868164,100.0,100.0,1.0,0.0,0.0,0.0,0.0,0.0
1848,57.49870681762695,-0.0,0.6641725301742554,-0.0,56.17036056518555,0.018676646053791046,4.811868667602539,0.5811843872070312,-0.0,0.0,0.0,0.0,0.0,0.0,0.0,0.0,0.0,0.0,0.0,0.0,0.023000000044703484,0.023000000044703484,0.02,0.15,0.0,0.0,0.0,0.0,0.0,0.0,0.0,0.0,0.0,0.0,0.0,0.0,0.2358798235654831,0.009251609444618225,0.0010562864506482583,14.906842231750488,895,nan,-1.0,True,,False,0.010050058364868164,0.0,0.010050058364868164,100.0,100.0,1.0,0.0,0.0,0.0,0.0,0.0
1849,56.48217010498047,-0.0,0.7335497736930847,-0.0,55.015071868896484,0.019189834594726562,4.812845230102539,0.5772117972373962,-0.0,0.0,0.0,0.0,0.0,0.0,0.0,0.0,0.0,0.0,0.0,0.0,0.023000000044703484,0.023000000044703484,0.02,0.15,0.0,0.0,0.0,0.0,0.0,0.0,0.0,0.0,0.0,0.0,0.0,0.0,0.23596787452697754,0.007176239509135485,0.0011054798958411993,14.906842231750488,895,nan,-1.0,True,,False,0.010050058364868164,0.0,0.010050058364868164,100.0,100.0,1.0,0.0,0.0,0.0,0.0,0.0
1850,150.98837280273438,-0.0,0.38294774293899536,-0.0,150.22247314453125,0.0022188490256667137,4.813411712646484,0.5827966928482056,-0.0,0.0,0.0,0.0,0.0,0.0,0.0,0.0,0.0,0.0,0.0,0.0,0.023000000044703484,0.023000000044703484,0.02,0.15,0.0,0.0,0.0,0.0,0.0,0.0,0.0,0.0,0.0,0.0,0.0,0.0,0.2358885556459427,0.01905861310660839,0.001052402451477974,14.906842231750488,895,nan,-1.0,True,,False,0.010050058364868164,0.0,0.010050058364868164,100.0,100.0,1.0,0.0,0.0,0.0,0.0,0.0
1851,47.332027435302734,-0.0,0.8788490891456604,-0.0,45.5743293762207,0.02588678151369095,4.813149452209473,0.5775415301322937,-0.0,0.0,0.0,0.0,0.0,0.0,0.0,0.0,0.0,0.0,0.0,0.0,0.023000000044703484,0.023000000044703484,0.02,0.15,0.0,0.0,0.0,0.0,0.0,0.0,0.0,0.0,0.0,0.0,0.0,0.0,0.23620478808879852,0.003126525552943349,0.0010317482928030586,14.906842231750488,895,nan,-1.0,True,,False,0.010050058364868164,0.0,0.010050058364868164,100.0,100.0,1.0,0.0,0.0,0.0,0.0,0.0
1852,78.82903289794922,-0.0,0.27257031202316284,-0.0,78.28388977050781,0.010109317488968372,4.811594009399414,0.5775856375694275,-0.0,0.0,0.0,0.0,0.0,0.0,0.0,0.0,0.0,0.0,0.0,0.0,0.023000000044703484,0.023000000044703484,0.02,0.15,0.0,0.0,0.0,0.0,0.0,0.0,0.0,0.0,0.0,0.0,0.0,0.0,0.23583224415779114,0.02389586716890335,0.0009780895466064976,14.906842231750488,895,nan,-1.0,True,,False,0.010050058364868164,0.0,0.010050058364868164,100.0,100.0,1.0,0.0,0.0,0.0,0.0,0.0
1853,146.59188842773438,-0.0,0.24187907576560974,-0.0,146.10812377929688,0.002392492489889264,4.808800220489502,0.5818996429443359,-0.0,0.0,0.0,0.0,0.0,0.0,0.0,0.0,0.0,0.0,0.0,0.0,0.023000000044703484,0.023000000044703484,0.02,0.15,0.0,0.0,0.0,0.0,0.0,0.0,0.0,0.0,0.0,0.0,0.0,0.0,0.2357562780380249,0.0254093986004591,0.0012198401407204074,14.906842231750488,895,nan,-1.0,True,,False,0.010050058364868164,0.0,0.010050058364868164,100.0,100.0,1.0,0.0,0.0,0.0,0.0,0.0
1854,37.92742919921875,-0.0,0.25705426931381226,-0.0,37.41332244873047,0.034813012927770615,4.803743362426758,0.5848700404167175,-0.0,0.0,0.0,0.0,0.0,0.0,0.0,0.0,0.0,0.0,0.0,0.0,0.023000000044703484,0.023000000044703484,0.02,0.15,0.0,0.0,0.0,0.0,0.0,0.0,0.0,0.0,0.0,0.0,0.0,0.0,0.23568542301654816,0.024649741128087044,0.0010440682740409102,14.906842231750488,895,nan,-1.0,True,,False,0.010050058364868164,0.0,0.010050058364868164,100.0,100.0,1.0,0.0,0.0,0.0,0.0,0.0
1855,56.3360710144043,-0.0,0.28581753373146057,-0.0,55.764434814453125,0.01882270537316799,4.797069072723389,0.579872727394104,-0.0,0.0,0.0,0.0,0.0,0.0,0.0,0.0,0.0,0.0,0.0,0.0,0.023000000044703484,0.023000000044703484,0.02,0.15,0.0,0.0,0.0,0.0,0.0,0.0,0.0,0.0,0.0,0.0,0.0,0.0,0.23546409606933594,0.023269047960639,0.0007551703019998968,14.906842231750488,895,nan,-1.0,True,,False,0.010050058364868164,0.0,0.010050058364868164,100.0,100.0,1.0,0.0,0.0,0.0,0.0,0.0
1856,49.90707778930664,-0.0,0.35422495007514954,-0.0,49.19862747192383,0.023040737956762314,4.789361953735352,0.5783101320266724,-0.0,0.0,0.0,0.0,0.0,0.0,0.0,0.0,0.0,0.0,0.0,0.0,0.023000000044703484,0.023000000044703484,0.02,0.15,0.0,0.0,0.0,0.0,0.0,0.0,0.0,0.0,0.0,0.0,0.0,0.0,0.2349758893251419,0.020241599529981613,0.0010484353258561896,14.906842231750488,895,nan,-1.0,True,,False,0.010050058364868164,0.0,0.010050058364868164,100.0,100.0,1.0,0.0,0.0,0.0,0.0,0.0
1857,79.71416473388672,-0.0,0.37089189887046814,-0.0,78.97238159179688,0.009984094649553299,4.782724857330322,0.5806558728218079,-0.0,0.0,0.0,0.0,0.0,0.0,0.0,0.0,0.0,0.0,0.0,0.0,0.023000000044703484,0.023000000044703484,0.02,0.15,0.0,0.0,0.0,0.0,0.0,0.0,0.0,0.0,0.0,0.0,0.0,0.0,0.23502853512763977,0.019549552351236343,0.0011061724303544906,14.906842231750488,895,nan,-1.0,True,,False,0.010050058364868164,0.0,0.010050058364868164,100.0,100.0,1.0,0.0,0.0,0.0,0.0,0.0
1858,123.47417449951172,-0.0,0.36024636030197144,-0.0,122.7536849975586,0.0037415078841149807,4.777774333953857,0.5800074934959412,-0.0,0.0,0.0,0.0,0.0,0.0,0.0,0.0,0.0,0.0,0.0,0.0,0.023000000044703484,0.023000000044703484,0.02,0.15,0.0,0.0,0.0,0.0,0.0,0.0,0.0,0.0,0.0,0.0,0.0,0.0,0.23514924943447113,0.0199897363781929,0.001002420589884423,14.906842231750488,895,nan,-1.0,True,,False,0.010050058364868164,0.0,0.010050058364868164,100.0,100.0,1.0,0.0,0.0,0.0,0.0,0.0
1859,159.91685485839844,-0.0,0.346206396818161,-0.0,159.2244415283203,0.0018306804122403264,4.775020599365234,0.5667504072189331,-0.0,0.0,0.0,0.0,0.0,0.0,0.0,0.0,0.0,0.0,0.0,0.0,0.023000000044703484,0.023000000044703484,0.02,0.15,0.0,0.0,0.0,0.0,0.0,0.0,0.0,0.0,0.0,0.0,0.0,0.0,0.23502987623214722,0.020580345764756203,0.0010726912505560904,14.906842231750488,895,nan,-1.0,True,,False,0.010050058364868164,0.0,0.010050058364868164,100.0,100.0,1.0,0.0,0.0,0.0,0.0,0.0
1860,81.5634994506836,-0.0,0.3303013741970062,-0.0,80.90289306640625,0.009342426434159279,4.774272441864014,0.5706886053085327,-0.0,0.0,0.0,0.0,0.0,0.0,0.0,0.0,0.0,0.0,0.0,0.0,0.023000000044703484,0.023000000044703484,0.02,0.15,0.0,0.0,0.0,0.0,0.0,0.0,0.0,0.0,0.0,0.0,0.0,0.0,0.23498134315013885,0.021264074370265007,0.0010061412301638484,14.906842231750488,895,nan,-1.0,True,,False,0.010050058364868164,0.0,0.010050058364868164,100.0,100.0,1.0,0.0,0.0,0.0,0.0,0.0
1861,37.72705841064453,-0.0,0.32380443811416626,-0.0,37.07944869995117,0.03440280258655548,4.774649620056152,0.570919930934906,-0.0,0.0,0.0,0.0,0.0,0.0,0.0,0.0,0.0,0.0,0.0,0.0,0.023000000044703484,0.023000000044703484,0.02,0.15,0.0,0.0,0.0,0.0,0.0,0.0,0.0,0.0,0.0,0.0,0.0,0.0,0.2349843978881836,0.021548090502619743,0.0009667335104950325,14.906842231750488,895,nan,-1.0,True,,False,0.010050058364868164,0.0,0.010050058364868164,100.0,100.0,1.0,0.0,0.0,0.0,0.0,0.0
1862,104.33174896240234,-0.0,0.7240890264511108,-0.0,102.8835678100586,0.005588865373283625,4.775198936462402,0.5710062980651855,-0.0,0.0,0.0,0.0,0.0,0.0,0.0,0.0,0.0,0.0,0.0,0.0,0.023000000044703484,0.023000000044703484,0.02,0.15,0.0,0.0,0.0,0.0,0.0,0.0,0.0,0.0,0.0,0.0,0.0,0.0,0.23529094457626343,0.0074532898142933846,0.0011463538055522804,14.906842231750488,895,nan,-1.0,True,,False,0.010050058364868164,0.0,0.010050058364868164,100.0,100.0,1.0,0.0,0.0,0.0,0.0,0.0
1863,182.4014129638672,-0.0,0.8116022944450378,-0.0,180.77821350097656,0.0012738392688333988,4.777164459228516,0.5709430575370789,-0.0,0.0,0.0,0.0,0.0,0.0,0.0,0.0,0.0,0.0,0.0,0.0,0.023000000044703484,0.023000000044703484,0.02,0.15,0.0,0.0,0.0,0.0,0.0,0.0,0.0,0.0,0.0,0.0,0.0,0.0,0.23542430996894836,0.0049555134028196335,0.0007806207356679806,14.906842231750488,895,nan,-1.0,True,,False,0.010050058364868164,0.0,0.010050058364868164,100.0,100.0,1.0,0.0,0.0,0.0,0.0,0.0
1864,223.83119201660156,-0.0,0.799491822719574,-0.0,222.23220825195312,0.0006628929986618459,4.782773494720459,0.5709836483001709,-0.0,0.0,0.0,0.0,0.0,0.0,0.0,0.0,0.0,0.0,0.0,0.0,0.023000000044703484,0.023000000044703484,0.02,0.15,0.0,0.0,0.0,0.0,0.0,0.0,0.0,0.0,0.0,0.0,0.0,0.0,0.23548153042793274,0.005292842630296946,0.0010467153738318302,14.906842231750488,895,nan,-1.0,True,,False,0.010050058364868164,0.0,0.010050058364868164,100.0,100.0,1.0,0.0,0.0,0.0,0.0,0.0
1865,114.23400115966797,-0.0,0.7916204929351807,-0.0,112.6507568359375,0.004557376727461815,4.78877592086792,0.5753174424171448,-0.0,0.0,0.0,0.0,0.0,0.0,0.0,0.0,0.0,0.0,0.0,0.0,0.023000000044703484,0.023000000044703484,0.02,0.15,0.0,0.0,0.0,0.0,0.0,0.0,0.0,0.0,0.0,0.0,0.0,0.0,0.2355225682258606,0.0055134715512394905,0.0007975117973728629,14.906842231750488,895,nan,-1.0,True,,False,0.010050058364868164,0.0,0.010050058364868164,100.0,100.0,1.0,0.0,0.0,0.0,0.0,0.0
1866,268.0718688964844,-0.0,1.0,-0.0,266.0718688964844,0.00035350205143913627,4.794285774230957,0.5713219046592712,-0.0,0.0,0.0,0.0,0.0,0.0,0.0,0.0,0.0,0.0,0.0,0.0,0.023000000044703484,0.023000000044703484,0.02,0.15,0.0,0.0,0.0,0.0,0.0,0.0,0.0,0.0,0.0,0.0,0.0,0.0,0.2356950342655182,0.0,0.0009542293128106394,14.906842231750488,895,nan,-1.0,True,,False,0.010050058364868164,0.0,0.010050058364868164,100.0,100.0,1.0,0.0,0.0,0.0,0.0,0.0
1867,101.20198822021484,-0.0,1.0,-0.0,99.20198822021484,0.006035469472408295,4.800485610961914,0.5679029822349548,-0.0,0.0,0.0,0.0,0.0,0.0,0.0,0.0,0.0,0.0,0.0,0.0,0.023000000044703484,0.023000000044703484,0.02,0.15,0.0,0.0,0.0,0.0,0.0,0.0,0.0,0.0,0.0,0.0,0.0,0.0,0.23540885746479034,0.0,0.0010533400588883524,14.906842231750488,895,nan,-1.0,True,,False,0.010050058364868164,0.0,0.010050058364868164,100.0,100.0,1.0,0.0,0.0,0.0,0.0,0.0
1868,85.92947387695312,-0.0,0.4737071692943573,-0.0,84.98206329345703,0.008524937555193901,4.8035736083984375,0.5759634375572205,-0.0,0.0,0.0,0.0,0.0,0.0,0.0,0.0,0.0,0.0,0.0,0.0,0.023000000044703484,0.023000000044703484,0.02,0.15,0.0,0.0,0.0,0.0,0.0,0.0,0.0,0.0,0.0,0.0,0.0,0.0,0.2355818897485733,0.01558680646121502,0.0010441692129461444,14.906842231750488,895,nan,-1.0,True,,False,0.010050058364868164,0.0,0.010050058364868164,100.0,100.0,1.0,0.0,0.0,0.0,0.0,0.0
1869,54.770877838134766,-0.0,0.4755023419857025,-0.0,53.81987380981445,0.019815027713775635,4.8056535720825195,0.575939953327179,-0.0,0.0,0.0,0.0,0.0,0.0,0.0,0.0,0.0,0.0,0.0,0.0,0.023000000044703484,0.023000000044703484,0.02,0.15,0.0,0.0,0.0,0.0,0.0,0.0,0.0,0.0,0.0,0.0,0.0,0.0,0.2356080561876297,0.015521661378443241,0.0009915904038280132,14.906842231750488,895,nan,-1.0,True,,False,0.010050058364868164,0.0,0.010050058364868164,100.0,100.0,1.0,0.0,0.0,0.0,0.0,0.0
1870,37.7031135559082,-0.0,0.47613850235939026,-0.0,36.75083541870117,0.03511004149913788,4.807852745056152,0.5760027766227722,-0.0,0.0,0.0,0.0,0.0,0.0,0.0,0.0,0.0,0.0,0.0,0.0,0.023000000044703484,0.023000000044703484,0.02,0.15,0.0,0.0,0.0,0.0,0.0,0.0,0.0,0.0,0.0,0.0,0.0,0.0,0.23564627766609192,0.015498603694140911,0.0010042185308520857,14.906842231750488,895,nan,-1.0,True,,False,0.010050058364868164,0.0,0.010050058364868164,100.0,100.0,1.0,0.0,0.0,0.0,0.0,0.0
1871,137.13233947753906,-0.0,0.4268723130226135,-0.0,136.27859497070312,0.0028203031979501247,4.812419414520264,0.5716111063957214,-0.0,0.0,0.0,0.0,0.0,0.0,0.0,0.0,0.0,0.0,0.0,0.0,0.023000000044703484,0.023000000044703484,0.02,0.15,0.0,0.0,0.0,0.0,0.0,0.0,0.0,0.0,0.0,0.0,0.0,0.0,0.23540949821472168,0.01733226515352726,0.0004451554523257073,14.906842231750488,895,nan,-1.0,True,,False,0.010050058364868164,0.0,0.010050058364868164,100.0,100.0,1.0,0.0,0.0,0.0,0.0,0.0
1872,83.21299743652344,-0.0,0.44551151990890503,-0.0,82.32197570800781,0.009076198562979698,4.811069488525391,0.5745947360992432,-0.0,0.0,0.0,0.0,0.0,0.0,0.0,0.0,0.0,0.0,0.0,0.0,0.023000000044703484,0.023000000044703484,0.02,0.15,0.0,0.0,0.0,0.0,0.0,0.0,0.0,0.0,0.0,0.0,0.0,0.0,0.2354385256767273,0.01662667654454708,0.001068545822363376,14.906842231750488,895,nan,-1.0,True,,False,0.010050058364868164,0.0,0.010050058364868164,100.0,100.0,1.0,0.0,0.0,0.0,0.0,0.0
1873,23.224918365478516,-0.0,0.5723587274551392,-0.0,22.0802001953125,0.06520819664001465,4.817448139190674,0.5796968936920166,-0.0,0.0,0.0,0.0,0.0,0.0,0.0,0.0,0.0,0.0,0.0,0.0,0.023000000044703484,0.023000000044703484,0.02,0.15,0.0,0.0,0.0,0.0,0.0,0.0,0.0,0.0,0.0,0.0,0.0,0.0,0.23543183505535126,0.012172803282737732,0.0010058752898203238,14.906842231750488,895,nan,-1.0,True,,False,0.010050058364868164,0.0,0.010050058364868164,100.0,100.0,1.0,0.0,0.0,0.0,0.0,0.0
1874,115.5801010131836,-0.0,0.39861008524894714,-0.0,114.78288269042969,0.004326820373535156,4.8215012550354,0.5712146759033203,-0.0,0.0,0.0,0.0,0.0,0.0,0.0,0.0,0.0,0.0,0.0,0.0,0.023000000044703484,0.023000000044703484,0.02,0.15,0.0,0.0,0.0,0.0,0.0,0.0,0.0,0.0,0.0,0.0,0.0,0.0,0.23505240678787231,0.018432212993502617,0.0006480321092112717,14.906842231750488,895,nan,-1.0,True,,False,0.010050058364868164,0.0,0.010050058364868164,100.0,100.0,1.0,0.0,0.0,0.0,0.0,0.0
1875,77.9184341430664,-0.0,0.46828287839889526,-0.0,76.98186492919922,0.010404251515865326,4.82792854309082,0.5756629109382629,-0.0,0.0,0.0,0.0,0.0,0.0,0.0,0.0,0.0,0.0,0.0,0.0,0.023000000044703484,0.023000000044703484,0.02,0.15,0.0,0.0,0.0,0.0,0.0,0.0,0.0,0.0,0.0,0.0,0.0,0.0,0.23489104211330414,0.015784403309226036,0.0008826645807857858,14.906842231750488,895,nan,-1.0,True,,False,0.010050058364868164,0.0,0.010050058364868164,100.0,100.0,1.0,0.0,0.0,0.0,0.0,0.0
1876,70.97753143310547,-0.0,0.6502874493598938,-0.0,69.67695617675781,0.012613238766789436,4.831333637237549,0.575417160987854,-0.0,0.0,0.0,0.0,0.0,0.0,0.0,0.0,0.0,0.0,0.0,0.0,0.023000000044703484,0.023000000044703484,0.02,0.15,0.0,0.0,0.0,0.0,0.0,0.0,0.0,0.0,0.0,0.0,0.0,0.0,0.23507243394851685,0.00967979896813631,0.0009557364339798369,14.906842231750488,895,nan,-1.0,True,,False,0.010050058364868164,0.0,0.010050058364868164,100.0,100.0,1.0,0.0,0.0,0.0,0.0,0.0
1877,332.6376037597656,-0.0,0.6453700661659241,-0.0,331.34686279296875,0.0001529518631286919,4.838921546936035,0.5753249526023865,-0.0,0.0,0.0,0.0,0.0,0.0,0.0,0.0,0.0,0.0,0.0,0.0,0.023000000044703484,0.023000000044703484,0.02,0.15,0.0,0.0,0.0,0.0,0.0,0.0,0.0,0.0,0.0,0.0,0.0,0.0,0.23501430451869965,0.0098325340077281,0.0010306009173746133,14.906842231750488,895,nan,-1.0,True,,False,0.010050058364868164,0.0,0.010050058364868164,100.0,100.0,1.0,0.0,0.0,0.0,0.0,0.0
1878,58.942665100097656,-0.0,0.6624980568885803,-0.0,57.61766815185547,0.017791401594877243,4.839703559875488,0.5787283778190613,-0.0,0.0,0.0,0.0,0.0,0.0,0.0,0.0,0.0,0.0,0.0,0.0,0.023000000044703484,0.023000000044703484,0.02,0.15,0.0,0.0,0.0,0.0,0.0,0.0,0.0,0.0,0.0,0.0,0.0,0.0,0.23504379391670227,0.009303007274866104,0.0011269978990640084,14.906842231750488,895,nan,-1.0,True,,False,0.010050058364868164,0.0,0.010050058364868164,100.0,100.0,1.0,0.0,0.0,0.0,0.0,0.0
1879,91.47341918945312,-0.0,0.670124888420105,-0.0,90.13317108154297,0.007628794759511948,4.837893962860107,0.582810640335083,-0.0,0.0,0.0,0.0,0.0,0.0,0.0,0.0,0.0,0.0,0.0,0.0,0.023000000044703484,0.023000000044703484,0.02,0.15,0.0,0.0,0.0,0.0,0.0,0.0,0.0,0.0,0.0,0.0,0.0,0.0,0.23523658514022827,0.009069421328604221,0.0004715953136837925,14.906842231750488,895,nan,-1.0,True,,False,0.010050058364868164,0.0,0.010050058364868164,100.0,100.0,1.0,0.0,0.0,0.0,0.0,0.0
1880,47.07570266723633,-0.0,0.6755654811859131,-0.0,45.724571228027344,0.025923192501068115,4.848753452301025,0.5828100442886353,-0.0,0.0,0.0,0.0,0.0,0.0,0.0,0.0,0.0,0.0,0.0,0.0,0.023000000044703484,0.023000000044703484,0.02,0.15,0.0,0.0,0.0,0.0,0.0,0.0,0.0,0.0,0.0,0.0,0.0,0.0,0.2355208545923233,0.008903604932129383,0.0004589812165249896,14.906842231750488,895,nan,-1.0,True,,False,0.010050058364868164,0.0,0.010050058364868164,100.0,100.0,1.0,0.0,0.0,0.0,0.0,0.0
1881,118.64714050292969,-0.0,0.6242514252662659,-0.0,117.39863586425781,0.004216595087200403,4.885578155517578,0.58758944272995,-0.0,0.0,0.0,0.0,0.0,0.0,0.0,0.0,0.0,0.0,0.0,0.0,0.023000000044703484,0.023000000044703484,0.02,0.15,0.0,0.0,0.0,0.0,0.0,0.0,0.0,0.0,0.0,0.0,0.0,0.0,0.23584219813346863,0.010495207272469997,0.0010123503550403257,14.906842231750488,895,nan,-1.0,True,,False,0.010050058364868164,0.0,0.010050058364868164,100.0,100.0,1.0,0.0,0.0,0.0,0.0,0.0
1882,35.43007278442383,-0.0,0.5874306559562683,-0.0,34.255210876464844,0.03934429585933685,4.910391807556152,0.5878117680549622,-0.0,0.0,0.0,0.0,0.0,0.0,0.0,0.0,0.0,0.0,0.0,0.0,0.023000000044703484,0.023000000044703484,0.02,0.15,0.0,0.0,0.0,0.0,0.0,0.0,0.0,0.0,0.0,0.0,0.0,0.0,0.2358727902173996,0.011677988804876804,0.0009953955482160382,14.906842231750488,895,nan,-1.0,True,,False,0.010050058364868164,0.0,0.010050058364868164,100.0,100.0,1.0,0.0,0.0,0.0,0.0,0.0
1883,49.77609634399414,-0.0,0.5695574283599854,-0.0,48.63698196411133,0.023808475583791733,4.936127662658691,0.5881811380386353,-0.0,0.0,0.0,0.0,0.0,0.0,0.0,0.0,0.0,0.0,0.0,0.0,0.023000000044703484,0.023000000044703484,0.02,0.15,0.0,0.0,0.0,0.0,0.0,0.0,0.0,0.0,0.0,0.0,0.0,0.0,0.23592445254325867,0.012265484780073166,0.00039426924331564805,14.906842231750488,895,nan,-1.0,True,,False,0.010050058364868164,0.0,0.010050058364868164,100.0,100.0,1.0,0.0,0.0,0.0,0.0,0.0
1884,178.6674346923828,-0.0,0.5591892004013062,-0.0,177.54905700683594,0.0013687965692952275,4.970629692077637,0.5806944370269775,-0.0,0.0,0.0,0.0,0.0,0.0,0.0,0.0,0.0,0.0,0.0,0.0,0.023000000044703484,0.023000000044703484,0.02,0.15,0.0,0.0,0.0,0.0,0.0,0.0,0.0,0.0,0.0,0.0,0.0,0.0,0.23595325648784637,0.01261051930487156,0.0009553059044264955,14.906842231750488,895,nan,-1.0,True,,False,0.010050058364868164,0.0,0.010050058364868164,100.0,100.0,1.0,0.0,0.0,0.0,0.0,0.0
1885,50.731685638427734,-0.0,0.5535899996757507,-0.0,49.62450408935547,0.022923056036233902,5.01065731048584,0.5842193961143494,-0.0,0.0,0.0,0.0,0.0,0.0,0.0,0.0,0.0,0.0,0.0,0.0,0.023000000044703484,0.023000000044703484,0.02,0.15,0.0,0.0,0.0,0.0,0.0,0.0,0.0,0.0,0.0,0.0,0.0,0.0,0.23586635291576385,0.012798186391592026,0.0009480123012508557,14.906842231750488,895,nan,-1.0,True,,False,0.010050058364868164,0.0,0.010050058364868164,100.0,100.0,1.0,0.0,0.0,0.0,0.0,0.0
1886,33.91831970214844,-0.0,0.5444518327713013,-0.0,32.82941436767578,0.04165539890527725,5.046811103820801,0.5886988639831543,-0.0,0.0,0.0,0.0,0.0,0.0,0.0,0.0,0.0,0.0,0.0,0.0,0.023000000044703484,0.023000000044703484,0.02,0.15,0.0,0.0,0.0,0.0,0.0,0.0,0.0,0.0,0.0,0.0,0.0,0.0,0.23580171167850494,0.013106509111821651,0.0009497929102053604,14.906842231750488,895,nan,-1.0,True,,False,0.010050058364868164,0.0,0.010050058364868164,100.0,100.0,1.0,0.0,0.0,0.0,0.0,0.0
1887,69.14534759521484,-0.0,0.5328773260116577,-0.0,68.07958984375,0.013361157849431038,5.078784942626953,0.5846484303474426,-0.0,0.0,0.0,0.0,0.0,0.0,0.0,0.0,0.0,0.0,0.0,0.0,0.023000000044703484,0.023000000044703484,0.02,0.15,0.0,0.0,0.0,0.0,0.0,0.0,0.0,0.0,0.0,0.0,0.0,0.0,0.23586750030517578,0.013500778004527092,0.0009622782451970124,14.906842231750488,895,nan,-1.0,True,,False,0.010050058364868164,0.0,0.010050058364868164,100.0,100.0,1.0,0.0,0.0,0.0,0.0,0.0
1888,37.53105163574219,-0.0,0.5236169695854187,-0.0,36.48381805419922,0.035757195204496384,5.103586196899414,0.5805829167366028,-0.0,0.0,0.0,0.0,0.0,0.0,0.0,0.0,0.0,0.0,0.0,0.0,0.023000000044703484,0.023000000044703484,0.02,0.15,0.0,0.0,0.0,0.0,0.0,0.0,0.0,0.0,0.0,0.0,0.0,0.0,0.23595614731311798,0.013819308020174503,0.0010330729405723105,14.906842231750488,895,nan,-1.0,True,,False,0.010050058364868164,0.0,0.010050058364868164,100.0,100.0,1.0,0.0,0.0,0.0,0.0,0.0
1889,35.08477020263672,-0.0,0.522371232509613,-0.0,34.0400276184082,0.03953937441110611,5.121417045593262,0.5852436423301697,-0.0,0.0,0.0,0.0,0.0,0.0,0.0,0.0,0.0,0.0,0.0,0.0,0.023000000044703484,0.023000000044703484,0.02,0.15,0.0,0.0,0.0,0.0,0.0,0.0,0.0,0.0,0.0,0.0,0.0,0.0,0.2359670251607895,0.013862372376024723,0.0010970034954880248,14.906842231750488,895,nan,-1.0,True,,False,0.010050058364868164,0.0,0.010050058364868164,100.0,100.0,1.0,0.0,0.0,0.0,0.0,0.0
1890,38.487125396728516,-0.0,0.5246174335479736,-0.0,37.437889099121094,0.03476966917514801,5.139302730560303,0.584998369216919,-0.0,0.0,0.0,0.0,0.0,0.0,0.0,0.0,0.0,0.0,0.0,0.0,0.023000000044703484,0.023000000044703484,0.02,0.15,0.0,0.0,0.0,0.0,0.0,0.0,0.0,0.0,0.0,0.0,0.0,0.0,0.23600417375564575,0.013784759677946568,0.0011355219144206785,14.906842231750488,895,nan,-1.0,True,,False,0.010050058364868164,0.0,0.010050058364868164,100.0,100.0,1.0,0.0,0.0,0.0,0.0,0.0
1891,48.598899841308594,-0.0,0.5275132060050964,-0.0,47.54387283325195,0.024530552327632904,5.150717735290527,0.5848833918571472,-0.0,0.0,0.0,0.0,0.0,0.0,0.0,0.0,0.0,0.0,0.0,0.0,0.023000000044703484,0.023000000044703484,0.02,0.15,0.0,0.0,0.0,0.0,0.0,0.0,0.0,0.0,0.0,0.0,0.0,0.0,0.2360374629497528,0.013684947974979877,0.0012278007268378133,14.906842231750488,895,nan,-1.0,True,,False,0.010050058364868164,0.0,0.010050058364868164,100.0,100.0,1.0,0.0,0.0,0.0,0.0,0.0
1892,70.48583984375,-0.0,0.5319762825965881,-0.0,69.42189025878906,0.012878702953457832,5.158590316772461,0.584809422492981,-0.0,0.0,0.0,0.0,0.0,0.0,0.0,0.0,0.0,0.0,0.0,0.0,0.023000000044703484,0.023000000044703484,0.02,0.15,0.0,0.0,0.0,0.0,0.0,0.0,0.0,0.0,0.0,0.0,0.0,0.0,0.23606793582439423,0.013531646691262722,0.0012137172686834674,14.906842231750488,895,nan,-1.0,True,,False,0.010050058364868164,0.0,0.010050058364868164,100.0,100.0,1.0,0.0,0.0,0.0,0.0,0.0
1893,51.64885711669922,-0.0,0.5371631979942322,-0.0,50.57453155517578,0.022269081324338913,5.157069206237793,0.5849945545196533,-0.0,0.0,0.0,0.0,0.0,0.0,0.0,0.0,0.0,0.0,0.0,0.0,0.023000000044703484,0.023000000044703484,0.02,0.15,0.0,0.0,0.0,0.0,0.0,0.0,0.0,0.0,0.0,0.0,0.0,0.0,0.23596543073654175,0.013354291208088398,0.0011223883948332514,14.906842231750488,895,nan,-1.0,True,,False,0.010050058364868164,0.0,0.010050058364868164,100.0,100.0,1.0,0.0,0.0,0.0,0.0,0.0
1894,61.83879852294922,-0.0,0.5531744956970215,-0.0,60.73244857788086,0.016397744417190552,5.141574859619141,0.5846677422523499,-0.0,0.0,0.0,0.0,0.0,0.0,0.0,0.0,0.0,0.0,0.0,0.0,0.023000000044703484,0.023000000044703484,0.02,0.15,0.0,0.0,0.0,0.0,0.0,0.0,0.0,0.0,0.0,0.0,0.0,0.0,0.23583470284938812,0.012812149710953236,0.001089078378981867,14.906842231750488,895,nan,-1.0,True,,False,0.010050058364868164,0.0,0.010050058364868164,100.0,100.0,1.0,0.0,0.0,0.0,0.0,0.0
1895,74.85005950927734,-0.0,0.5821611285209656,-0.0,73.68573760986328,0.01145683228969574,5.104241847991943,0.5814253687858582,-0.0,0.0,0.0,0.0,0.0,0.0,0.0,0.0,0.0,0.0,0.0,0.0,0.023000000044703484,0.023000000044703484,0.02,0.15,0.0,0.0,0.0,0.0,0.0,0.0,0.0,0.0,0.0,0.0,0.0,0.0,0.23570510745048523,0.011850254610180855,0.0010115619343196158,14.906842231750488,895,nan,-1.0,True,,False,0.010050058364868164,0.0,0.010050058364868164,100.0,100.0,1.0,0.0,0.0,0.0,0.0,0.0
1896,107.64318084716797,-0.0,0.6124923229217529,-0.0,106.41819763183594,0.005275418981909752,5.062533378601074,0.5816556811332703,-0.0,0.0,0.0,0.0,0.0,0.0,0.0,0.0,0.0,0.0,0.0,0.0,0.023000000044703484,0.023000000044703484,0.02,0.15,0.0,0.0,0.0,0.0,0.0,0.0,0.0,0.0,0.0,0.0,0.0,0.0,0.23565879464149475,0.010869056917726994,0.0008895225582818966,14.906842231750488,895,nan,-1.0,True,,False,0.010050058364868164,0.0,0.010050058364868164,100.0,100.0,1.0,0.0,0.0,0.0,0.0,0.0
1897,104.16921997070312,-0.0,0.6401641964912415,-0.0,102.8888931274414,0.005702752619981766,5.0254130363464355,0.5816766023635864,-0.0,0.0,0.0,0.0,0.0,0.0,0.0,0.0,0.0,0.0,0.0,0.0,0.023000000044703484,0.023000000044703484,0.02,0.15,0.0,0.0,0.0,0.0,0.0,0.0,0.0,0.0,0.0,0.0,0.0,0.0,0.23572391271591187,0.00999486818909645,0.0009777046225281083,14.906842231750488,895,nan,-1.0,True,,False,0.010050058364868164,0.0,0.010050058364868164,100.0,100.0,1.0,0.0,0.0,0.0,0.0,0.0
1898,229.27297973632812,-0.0,0.6326411962509155,-0.0,228.0076904296875,0.0006199505878612399,4.99265718460083,0.5815845131874084,-0.0,0.0,0.0,0.0,0.0,0.0,0.0,0.0,0.0,0.0,0.0,0.0,0.023000000044703484,0.023000000044703484,0.02,0.15,0.0,0.0,0.0,0.0,0.0,0.0,0.0,0.0,0.0,0.0,0.0,0.0,0.2357780933380127,0.01023062877357006,0.000983705403541535,14.906842231750488,895,nan,-1.0,True,,False,0.010050058364868164,0.0,0.010050058364868164,100.0,100.0,1.0,0.0,0.0,0.0,0.0,0.0
1899,114.90058898925781,-0.0,0.6244309544563293,-0.0,113.65172576904297,0.0045159198343753815,4.962370872497559,0.581268310546875,-0.0,0.0,0.0,0.0,0.0,0.0,0.0,0.0,0.0,0.0,0.0,0.0,0.023000000044703484,0.023000000044703484,0.02,0.15,0.0,0.0,0.0,0.0,0.0,0.0,0.0,0.0,0.0,0.0,0.0,0.0,0.23582373559474945,0.010489527136087418,0.0009889942161862564,14.906842231750488,895,nan,-1.0,True,,False,0.010050058364868164,0.0,0.010050058364868164,100.0,100.0,1.0,0.0,0.0,0.0,0.0,0.0
1900,54.88302230834961,-0.0,0.6143873333930969,-0.0,53.65424728393555,0.02010701596736908,4.939444065093994,0.5809656977653503,-0.0,0.0,0.0,0.0,0.0,0.0,0.0,0.0,0.0,0.0,0.0,0.0,0.023000000044703484,0.023000000044703484,0.02,0.15,0.0,0.0,0.0,0.0,0.0,0.0,0.0,0.0,0.0,0.0,0.0,0.0,0.23587168753147125,0.010808566585183144,0.0009408542643996043,14.906842231750488,895,nan,-1.0,True,,False,0.010050058364868164,0.0,0.010050058364868164,100.0,100.0,1.0,0.0,0.0,0.0,0.0,0.0
1901,37.68128204345703,-0.0,0.6013952493667603,-0.0,36.478492736816406,0.035772982984781265,4.91842794418335,0.5807151794433594,-0.0,0.0,0.0,0.0,0.0,0.0,0.0,0.0,0.0,0.0,0.0,0.0,0.023000000044703484,0.023000000044703484,0.02,0.15,0.0,0.0,0.0,0.0,0.0,0.0,0.0,0.0,0.0,0.0,0.0,0.0,0.23591186106204987,0.011225160211324692,0.000843823204832006,14.906842231750488,895,nan,-1.0,True,,False,0.010050058364868164,0.0,0.010050058364868164,100.0,100.0,1.0,0.0,0.0,0.0,0.0,0.0
1902,41.68126678466797,-0.0,0.5982837080955505,-0.0,40.48469924926758,0.030939528718590736,4.909155368804932,0.5805923938751221,-0.0,0.0,0.0,0.0,0.0,0.0,0.0,0.0,0.0,0.0,0.0,0.0,0.023000000044703484,0.023000000044703484,0.02,0.15,0.0,0.0,0.0,0.0,0.0,0.0,0.0,0.0,0.0,0.0,0.0,0.0,0.23592489957809448,0.011325598694384098,0.00113450437731899,14.906842231750488,895,nan,-1.0,True,,False,0.010050058364868164,0.0,0.010050058364868164,100.0,100.0,1.0,0.0,0.0,0.0,0.0,0.0
1903,78.26908874511719,-0.0,0.6000807285308838,-0.0,77.06892395019531,0.01046745665371418,4.900425910949707,0.5804893374443054,-0.0,0.0,0.0,0.0,0.0,0.0,0.0,0.0,0.0,0.0,0.0,0.0,0.023000000044703484,0.023000000044703484,0.02,0.15,0.0,0.0,0.0,0.0,0.0,0.0,0.0,0.0,0.0,0.0,0.0,0.0,0.23593388497829437,0.011267559602856636,0.001133509470264471,14.906842231750488,895,nan,-1.0,True,,False,0.010050058364868164,0.0,0.010050058364868164,100.0,100.0,1.0,0.0,0.0,0.0,0.0,0.0
1904,66.47727966308594,-0.0,0.602550745010376,-0.0,65.27217864990234,0.014321007765829563,4.891294002532959,0.5803571343421936,-0.0,0.0,0.0,0.0,0.0,0.0,0.0,0.0,0.0,0.0,0.0,0.0,0.023000000044703484,0.023000000044703484,0.02,0.15,0.0,0.0,0.0,0.0,0.0,0.0,0.0,0.0,0.0,0.0,0.0,0.0,0.23594477772712708,0.011187928728759289,0.001133101873620035,14.906842231750488,895,nan,-1.0,True,,False,0.010050058364868164,0.0,0.010050058364868164,100.0,100.0,1.0,0.0,0.0,0.0,0.0,0.0
1905,43.82805252075195,-0.0,0.6057121157646179,-0.0,42.61662673950195,0.028707297518849373,4.885756492614746,0.5802388787269592,-0.0,0.0,0.0,0.0,0.0,0.0,0.0,0.0,0.0,0.0,0.0,0.0,0.023000000044703484,0.023000000044703484,0.02,0.15,0.0,0.0,0.0,0.0,0.0,0.0,0.0,0.0,0.0,0.0,0.0,0.0,0.2359510213136673,0.011086242273449898,0.0007425096109727747,14.906842231750488,895,nan,-1.0,True,,False,0.010050058364868164,0.0,0.010050058364868164,100.0,100.0,1.0,0.0,0.0,0.0,0.0,0.0
1906,58.923583984375,-0.0,0.6087419390678406,-0.0,57.70610046386719,0.017767727375030518,4.885809898376465,0.5801337957382202,-0.0,0.0,0.0,0.0,0.0,0.0,0.0,0.0,0.0,0.0,0.0,0.0,0.023000000044703484,0.023000000044703484,0.02,0.15,0.0,0.0,0.0,0.0,0.0,0.0,0.0,0.0,0.0,0.0,0.0,0.0,0.23595653474330902,0.01098904013633728,0.0007799307354616758,14.906842231750488,895,nan,-1.0,True,,False,0.010050058364868164,0.0,0.010050058364868164,100.0,100.0,1.0,0.0,0.0,0.0,0.0,0.0
1907,86.03174591064453,-0.0,0.6065503358840942,-0.0,84.81864166259766,0.008549381047487259,4.891116142272949,0.5756663680076599,-0.0,0.0,0.0,0.0,0.0,0.0,0.0,0.0,0.0,0.0,0.0,0.0,0.023000000044703484,0.023000000044703484,0.02,0.15,0.0,0.0,0.0,0.0,0.0,0.0,0.0,0.0,0.0,0.0,0.0,0.0,0.23595313727855682,0.011059327982366085,0.0008566270321352931,14.906842231750488,895,nan,-1.0,True,,False,0.010050058364868164,0.0,0.010050058364868164,100.0,100.0,1.0,0.0,0.0,0.0,0.0,0.0
1908,138.3145751953125,-0.0,0.604543149471283,-0.0,137.10548400878906,0.002768895123153925,4.895937919616699,0.5709700584411621,-0.0,0.0,0.0,0.0,0.0,0.0,0.0,0.0,0.0,0.0,0.0,0.0,0.023000000044703484,0.023000000044703484,0.02,0.15,0.0,0.0,0.0,0.0,0.0,0.0,0.0,0.0,0.0,0.0,0.0,0.0,0.2359456717967987,0.01112381462007761,0.0009575650183251128,14.906842231750488,895,nan,-1.0,True,,False,0.010050058364868164,0.0,0.010050058364868164,100.0,100.0,1.0,0.0,0.0,0.0,0.0,0.0
1909,243.2241973876953,-0.0,0.6033790707588196,-0.0,242.01744079589844,0.0004949641297571361,4.89996862411499,0.5708942413330078,-0.0,0.0,0.0,0.0,0.0,0.0,0.0,0.0,0.0,0.0,0.0,0.0,0.023000000044703484,0.023000000044703484,0.02,0.15,0.0,0.0,0.0,0.0,0.0,0.0,0.0,0.0,0.0,0.0,0.0,0.0,0.23593604564666748,0.0111612593755126,0.0010228157564142748,14.906842231750488,895,nan,-1.0,True,,False,0.010050058364868164,0.0,0.010050058364868164,100.0,100.0,1.0,0.0,0.0,0.0,0.0,0.0
1910,122.70943450927734,-0.0,0.6080657839775085,-0.0,121.49330139160156,0.003766247071325779,4.903786659240723,0.5708798170089722,-0.0,0.0,0.0,0.0,0.0,0.0,0.0,0.0,0.0,0.0,0.0,0.0,0.023000000044703484,0.023000000044703484,0.02,0.15,0.0,0.0,0.0,0.0,0.0,0.0,0.0,0.0,0.0,0.0,0.0,0.0,0.23593179881572723,0.011010714806616306,0.0010115704933468805,14.906842231750488,895,nan,-1.0,True,,False,0.010050058364868164,0.0,0.010050058364868164,100.0,100.0,1.0,0.0,0.0,0.0,0.0,0.0
1911,49.45465087890625,-0.0,0.6276840567588806,-0.0,48.199283599853516,0.02342982217669487,4.907285690307617,0.5710137486457825,-0.0,0.0,0.0,0.0,0.0,0.0,0.0,0.0,0.0,0.0,0.0,0.0,0.023000000044703484,0.023000000044703484,0.02,0.15,0.0,0.0,0.0,0.0,0.0,0.0,0.0,0.0,0.0,0.0,0.0,0.0,0.23602408170700073,0.01038674172013998,0.0006131489371909993,14.906842231750488,895,nan,-1.0,True,,False,0.010050058364868164,0.0,0.010050058364868164,100.0,100.0,1.0,0.0,0.0,0.0,0.0,0.0
1912,78.60734558105469,-0.0,0.7197769284248352,-0.0,77.16779327392578,0.0102361049503088,4.9102091789245605,0.5685808658599854,-0.0,0.0,0.0,0.0,0.0,0.0,0.0,0.0,0.0,0.0,0.0,0.0,0.023000000044703484,0.023000000044703484,0.02,0.15,0.0,0.0,0.0,0.0,0.0,0.0,0.0,0.0,0.0,0.0,0.0,0.0,0.23633025586605072,0.007580163422971964,0.0011223914455058548,14.906842231750488,895,nan,-1.0,True,,False,0.010050058364868164,0.0,0.010050058364868164,100.0,100.0,1.0,0.0,0.0,0.0,0.0,0.0
1913,48.76380920410156,-0.0,0.7458575367927551,-0.0,47.2720947265625,0.024048952385783195,4.913195610046387,0.5680946707725525,-0.0,0.0,0.0,0.0,0.0,0.0,0.0,0.0,0.0,0.0,0.0,0.0,0.023000000044703484,0.023000000044703484,0.02,0.15,0.0,0.0,0.0,0.0,0.0,0.0,0.0,0.0,0.0,0.0,0.0,0.0,0.2364889532327652,0.006818476598709822,0.0010667517585716269,14.906842231750488,895,nan,-1.0,True,,False,0.010050058364868164,0.0,0.010050058364868164,100.0,100.0,1.0,0.0,0.0,0.0,0.0,0.0
1914,84.9947738647461,-0.0,0.7599288821220398,-0.0,83.47491455078125,0.008815906941890717,4.917044639587402,0.5732670426368713,-0.0,0.0,0.0,0.0,0.0,0.0,0.0,0.0,0.0,0.0,0.0,0.0,0.023000000044703484,0.023000000044703484,0.02,0.15,0.0,0.0,0.0,0.0,0.0,0.0,0.0,0.0,0.0,0.0,0.0,0.0,0.23661117255687714,0.006413049530237913,0.0010382811867657438,14.906842231750488,895,nan,-1.0,True,,False,0.010050058364868164,0.0,0.010050058364868164,100.0,100.0,1.0,0.0,0.0,0.0,0.0,0.0
1915,57.69247055053711,-0.0,0.7723100781440735,-0.0,56.147850036621094,0.018244406208395958,4.919613838195801,0.5682088136672974,-0.0,0.0,0.0,0.0,0.0,0.0,0.0,0.0,0.0,0.0,0.0,0.0,0.023000000044703484,0.023000000044703484,0.02,0.15,0.0,0.0,0.0,0.0,0.0,0.0,0.0,0.0,0.0,0.0,0.0,0.0,0.2364846020936966,0.006059410981833935,0.0011339912634866778,14.906842231750488,895,nan,-1.0,True,,False,0.010050058364868164,0.0,0.010050058364868164,100.0,100.0,1.0,0.0,0.0,0.0,0.0,0.0
1916,176.83688354492188,-0.0,0.6809067726135254,-0.0,175.47506713867188,0.0013891886919736862,4.923015594482422,0.5684328675270081,-0.0,0.0,0.0,0.0,0.0,0.0,0.0,0.0,0.0,0.0,0.0,0.0,0.023000000044703484,0.023000000044703484,0.02,0.15,0.0,0.0,0.0,0.0,0.0,0.0,0.0,0.0,0.0,0.0,0.0,0.0,0.2367265671491623,0.008741461671888828,0.0010639805811933911,14.906842231750488,895,nan,-1.0,True,,False,0.010050058364868164,0.0,0.010050058364868164,100.0,100.0,1.0,0.0,0.0,0.0,0.0,0.0
1917,124.25908660888672,-0.0,0.849853515625,-0.0,122.55937957763672,0.003678616601973772,4.9264655113220215,0.5680949091911316,-0.0,0.0,0.0,0.0,0.0,0.0,0.0,0.0,0.0,0.0,0.0,0.0,0.023000000044703484,0.023000000044703484,0.02,0.15,0.0,0.0,0.0,0.0,0.0,0.0,0.0,0.0,0.0,0.0,0.0,0.0,0.23624354600906372,0.00390625,0.0007986424575392448,14.906842231750488,895,nan,-1.0,True,,False,0.010050058364868164,0.0,0.010050058364868164,100.0,100.0,1.0,0.0,0.0,0.0,0.0,0.0
1918,51.25247573852539,-0.0,0.7743963599205017,-0.0,49.70368194580078,0.022383857518434525,4.928682327270508,0.5722286105155945,-0.0,0.0,0.0,0.0,0.0,0.0,0.0,0.0,0.0,0.0,0.0,0.0,0.023000000044703484,0.023000000044703484,0.02,0.15,0.0,0.0,0.0,0.0,0.0,0.0,0.0,0.0,0.0,0.0,0.0,0.0,0.23766642808914185,0.006000100634992123,0.0010496755617168674,14.906842231750488,895,nan,-1.0,True,,False,0.010050058364868164,0.0,0.010050058364868164,100.0,100.0,1.0,0.0,0.0,0.0,0.0,0.0
1919,33.33965301513672,-0.0,0.6522815227508545,-0.0,32.035091400146484,0.04167742282152176,4.9300079345703125,0.5714154243469238,-0.0,0.0,0.0,0.0,0.0,0.0,0.0,0.0,0.0,0.0,0.0,0.0,0.023000000044703484,0.023000000044703484,0.02,0.15,0.0,0.0,0.0,0.0,0.0,0.0,0.0,0.0,0.0,0.0,0.0,0.0,0.23717528581619263,0.00961802527308464,0.0011313288703149738,14.906842231750488,895,nan,-1.0,True,,False,0.010050058364868164,0.0,0.010050058364868164,100.0,100.0,1.0,0.0,0.0,0.0,0.0,0.0
1920,60.4487190246582,-0.0,0.6889178156852722,-0.0,59.070884704589844,0.017020342871546745,4.9313459396362305,0.5774693489074707,-0.0,0.0,0.0,0.0,0.0,0.0,0.0,0.0,0.0,0.0,0.0,0.0,0.023000000044703484,0.023000000044703484,0.02,0.15,0.0,0.0,0.0,0.0,0.0,0.0,0.0,0.0,0.0,0.0,0.0,0.0,0.23796595633029938,0.00849946029484272,0.0010184081794477606,14.906842231750488,895,nan,-1.0,True,,False,0.010050058364868164,0.0,0.010050058364868164,100.0,100.0,1.0,0.0,0.0,0.0,0.0,0.0
1921,132.6216583251953,-0.0,0.26869258284568787,-0.0,132.0842742919922,0.0030808723531663418,4.933079719543457,0.5762762427330017,-0.0,0.0,0.0,0.0,0.0,0.0,0.0,0.0,0.0,0.0,0.0,0.0,0.023000000044703484,0.023000000044703484,0.02,0.15,0.0,0.0,0.0,0.0,0.0,0.0,0.0,0.0,0.0,0.0,0.0,0.0,0.23642168939113617,0.02408221736550331,0.0004249686903676775,14.906842231750488,895,nan,-1.0,True,,False,0.010050058364868164,0.0,0.010050058364868164,100.0,100.0,1.0,0.0,0.0,0.0,0.0,0.0
1922,37.021297454833984,-0.0,0.2948422431945801,-0.0,36.43161392211914,0.035206038504838943,4.933402061462402,0.5714954137802124,-0.0,0.0,0.0,0.0,0.0,0.0,0.0,0.0,0.0,0.0,0.0,0.0,0.023000000044703484,0.023000000044703484,0.02,0.15,0.0,0.0,0.0,0.0,0.0,0.0,0.0,0.0,0.0,0.0,0.0,0.0,0.23646079003810883,0.022850310429930687,0.0008041166474868078,14.906842231750488,895,nan,-1.0,True,,False,0.010050058364868164,0.0,0.010050058364868164,100.0,100.0,1.0,0.0,0.0,0.0,0.0,0.0
1923,27.908477783203125,-0.0,0.29728952050209045,-0.0,27.31389808654785,0.05061308294534683,4.933910369873047,0.5712684988975525,-0.0,0.0,0.0,0.0,0.0,0.0,0.0,0.0,0.0,0.0,0.0,0.0,0.023000000044703484,0.023000000044703484,0.02,0.15,0.0,0.0,0.0,0.0,0.0,0.0,0.0,0.0,0.0,0.0,0.0,0.0,0.23647864162921906,0.022737868130207062,0.0006629183897075563,14.906842231750488,895,nan,-1.0,True,,False,0.010050058364868164,0.0,0.010050058364868164,100.0,100.0,1.0,0.0,0.0,0.0,0.0,0.0
1924,25.544931411743164,-0.0,0.31825652718544006,-0.0,24.908418655395508,0.05623580515384674,4.934722900390625,0.5711153149604797,-0.0,0.0,0.0,0.0,0.0,0.0,0.0,0.0,0.0,0.0,0.0,0.0,0.023000000044703484,0.023000000044703484,0.02,0.15,0.0,0.0,0.0,0.0,0.0,0.0,0.0,0.0,0.0,0.0,0.0,0.0,0.23651665449142456,0.021792884916067123,0.00040779459277473507,14.906842231750488,895,nan,-1.0,True,,False,0.010050058364868164,0.0,0.010050058364868164,100.0,100.0,1.0,0.0,0.0,0.0,0.0,0.0
1925,29.21759605407715,-0.0,0.342885822057724,-0.0,28.531824111938477,0.048022665083408356,4.935205459594727,0.5710621476173401,-0.0,0.0,0.0,0.0,0.0,0.0,0.0,0.0,0.0,0.0,0.0,0.0,0.023000000044703484,0.023000000044703484,0.02,0.15,0.0,0.0,0.0,0.0,0.0,0.0,0.0,0.0,0.0,0.0,0.0,0.0,0.23657236993312836,0.02072177268564701,0.0005267324393116724,14.906842231750488,895,nan,-1.0,True,,False,0.010050058364868164,0.0,0.010050058364868164,100.0,100.0,1.0,0.0,0.0,0.0,0.0,0.0
1926,58.379398345947266,-0.0,0.2798057794570923,-0.0,57.819786071777344,0.01770913228392601,4.9338202476501465,0.5807340145111084,-0.0,0.0,0.0,0.0,0.0,0.0,0.0,0.0,0.0,0.0,0.0,0.0,0.023000000044703484,0.023000000044703484,0.02,0.15,0.0,0.0,0.0,0.0,0.0,0.0,0.0,0.0,0.0,0.0,0.0,0.0,0.2363591343164444,0.023551663383841515,0.0009658132255481178,14.906842231750488,895,nan,-1.0,True,,False,0.010050058364868164,0.0,0.010050058364868164,100.0,100.0,1.0,0.0,0.0,0.0,0.0,0.0
1927,69.90287017822266,-0.0,0.30300942063331604,-0.0,69.2968521118164,0.012744728475809097,4.936746597290039,0.5766372680664062,-0.0,0.0,0.0,0.0,0.0,0.0,0.0,0.0,0.0,0.0,0.0,0.0,0.023000000044703484,0.023000000044703484,0.02,0.15,0.0,0.0,0.0,0.0,0.0,0.0,0.0,0.0,0.0,0.0,0.0,0.0,0.236184760928154,0.02247685380280018,0.0011239816860779683,14.906842231750488,895,nan,-1.0,True,,False,0.010050058364868164,0.0,0.010050058364868164,100.0,100.0,1.0,0.0,0.0,0.0,0.0,0.0
1928,84.20127868652344,-0.0,0.3616816997528076,-0.0,83.47791290283203,0.008830145001411438,4.943007469177246,0.5743707418441772,-0.0,0.0,0.0,0.0,0.0,0.0,0.0,0.0,0.0,0.0,0.0,0.0,0.023000000044703484,0.023000000044703484,0.02,0.15,0.0,0.0,0.0,0.0,0.0,0.0,0.0,0.0,0.0,0.0,0.0,0.0,0.23609863221645355,0.01993001066148281,0.0010183923097883962,14.906842231750488,895,nan,-1.0,True,,False,0.010050058364868164,0.0,0.010050058364868164,100.0,100.0,1.0,0.0,0.0,0.0,0.0,0.0
1929,39.741214752197266,-0.0,0.40942272543907166,-0.0,38.92237091064453,0.03232673183083534,4.949696063995361,0.5736548900604248,-0.0,0.0,0.0,0.0,0.0,0.0,0.0,0.0,0.0,0.0,0.0,0.0,0.023000000044703484,0.023000000044703484,0.02,0.15,0.0,0.0,0.0,0.0,0.0,0.0,0.0,0.0,0.0,0.0,0.0,0.0,0.2362576425075531,0.01800692267715931,0.0008243496133673034,14.906842231750488,895,nan,-1.0,True,,False,0.010050058364868164,0.0,0.010050058364868164,100.0,100.0,1.0,0.0,0.0,0.0,0.0,0.0
1930,42.35114288330078,-0.0,0.5563757419586182,-0.0,41.2383918762207,0.03005937486886978,4.955190658569336,0.578644335269928,-0.0,0.0,0.0,0.0,0.0,0.0,0.0,0.0,0.0,0.0,0.0,0.0,0.023000000044703484,0.023000000044703484,0.02,0.15,0.0,0.0,0.0,0.0,0.0,0.0,0.0,0.0,0.0,0.0,0.0,0.0,0.23640203475952148,0.01270469930022955,0.0010329162516882207,14.906842231750488,895,nan,-1.0,True,,False,0.010050058364868164,0.0,0.010050058364868164,100.0,100.0,1.0,0.0,0.0,0.0,0.0,0.0
1931,31.90837860107422,-0.0,0.4467584490776062,-0.0,31.014862060546875,0.04321064054965973,4.958721160888672,0.5678302645683289,-0.0,0.0,0.0,0.0,0.0,0.0,0.0,0.0,0.0,0.0,0.0,0.0,0.023000000044703484,0.023000000044703484,0.02,0.15,0.0,0.0,0.0,0.0,0.0,0.0,0.0,0.0,0.0,0.0,0.0,0.0,0.236843541264534,0.01658000610768795,0.0010143634573296367,14.906842231750488,895,nan,-1.0,True,,False,0.010050058364868164,0.0,0.010050058364868164,100.0,100.0,1.0,0.0,0.0,0.0,0.0,0.0
1932,101.24988555908203,-0.0,0.2963193356990814,-0.0,100.6572494506836,0.0059290193021297455,4.961793422698975,0.5746311545372009,-0.0,0.0,0.0,0.0,0.0,0.0,0.0,0.0,0.0,0.0,0.0,0.0,0.023000000044703484,0.023000000044703484,0.02,0.15,0.0,0.0,0.0,0.0,0.0,0.0,0.0,0.0,0.0,0.0,0.0,0.0,0.23676136136054993,0.02278238907456398,0.001135192071842539,14.906842231750488,895,nan,-1.0,True,,False,0.010050058364868164,0.0,0.010050058364868164,100.0,100.0,1.0,0.0,0.0,0.0,0.0,0.0
1933,212.83447265625,-0.0,0.18416911363601685,-0.0,212.4661407470703,0.0007827050285413861,4.964084625244141,0.5808950066566467,-0.0,0.0,0.0,0.0,0.0,0.0,0.0,0.0,0.0,0.0,0.0,0.0,0.023000000044703484,0.023000000044703484,0.02,0.15,0.0,0.0,0.0,0.0,0.0,0.0,0.0,0.0,0.0,0.0,0.0,0.0,0.2364186942577362,0.028542535379529,0.0010776366318623332,14.906842231750488,895,nan,-1.0,True,,False,0.010050058364868164,0.0,0.010050058364868164,100.0,100.0,1.0,0.0,0.0,0.0,0.0,0.0
1934,46.86859130859375,-0.0,0.312092125415802,-0.0,46.244407653808594,0.025449780747294426,4.966061592102051,0.5810624957084656,-0.0,0.0,0.0,0.0,0.0,0.0,0.0,0.0,0.0,0.0,0.0,0.0,0.023000000044703484,0.023000000044703484,0.02,0.15,0.0,0.0,0.0,0.0,0.0,0.0,0.0,0.0,0.0,0.0,0.0,0.0,0.23634998500347137,0.022067395970225334,0.0010756840777048637,14.906842231750488,895,nan,-1.0,True,,False,0.010050058364868164,0.0,0.010050058364868164,100.0,100.0,1.0,0.0,0.0,0.0,0.0,0.0
1935,75.0667724609375,-0.0,0.2742425203323364,-0.0,74.5182876586914,0.011040860787034035,4.966368198394775,0.572501003742218,-0.0,0.0,0.0,0.0,0.0,0.0,0.0,0.0,0.0,0.0,0.0,0.0,0.023000000044703484,0.023000000044703484,0.02,0.15,0.0,0.0,0.0,0.0,0.0,0.0,0.0,0.0,0.0,0.0,0.0,0.0,0.23622867465019226,0.02381591498851776,0.0011030800524167717,14.906842231750488,895,nan,-1.0,True,,False,0.010050058364868164,0.0,0.010050058364868164,100.0,100.0,1.0,0.0,0.0,0.0,0.0,0.0
1936,84.8081283569336,-0.0,0.13469059765338898,-0.0,84.53874969482422,0.008664418011903763,4.965292930603027,0.5776795148849487,-0.0,0.0,0.0,0.0,0.0,0.0,0.0,0.0,0.0,0.0,0.0,0.0,0.023000000044703484,0.023000000044703484,0.02,0.15,0.0,0.0,0.0,0.0,0.0,0.0,0.0,0.0,0.0,0.0,0.0,0.0,0.23617605865001678,0.031649891287088394,0.0005150918605068,14.906842231750488,895,nan,-1.0,True,,False,0.010050058364868164,0.0,0.010050058364868164,100.0,100.0,1.0,0.0,0.0,0.0,0.0,0.0
1937,75.302734375,-0.0,0.14789554476737976,-0.0,75.00694274902344,0.010902544483542442,4.961405277252197,0.5728052258491516,-0.0,0.0,0.0,0.0,0.0,0.0,0.0,0.0,0.0,0.0,0.0,0.0,0.023000000044703484,0.023000000044703484,0.02,0.15,0.0,0.0,0.0,0.0,0.0,0.0,0.0,0.0,0.0,0.0,0.0,0.0,0.23580588400363922,0.030771404504776,0.0011390569757168123,14.906842231750488,895,nan,-1.0,True,,False,0.010050058364868164,0.0,0.010050058364868164,100.0,100.0,1.0,0.0,0.0,0.0,0.0,0.0
1938,147.15650939941406,-0.0,0.5704389810562134,-0.0,146.015625,0.002328495727851987,5.0162763595581055,0.5670963525772095,-0.0,0.0,0.0,0.0,0.0,0.0,0.0,0.0,0.0,0.0,0.0,0.0,0.023000000044703484,0.023000000044703484,0.02,0.15,0.0,0.0,0.0,0.0,0.0,0.0,0.0,0.0,0.0,0.0,0.0,0.0,0.23579007387161255,0.012236293405294418,0.001002802376319778,14.906842231750488,895,nan,-1.0,True,,False,0.010050058364868164,0.0,0.010050058364868164,100.0,100.0,1.0,0.0,0.0,0.0,0.0,0.0
1939,93.38738250732422,-0.0,0.5616030693054199,-0.0,92.26417541503906,0.007152066100388765,5.052246570587158,0.5735670328140259,-0.0,0.0,0.0,0.0,0.0,0.0,0.0,0.0,0.0,0.0,0.0,0.0,0.023000000044703484,0.023000000044703484,0.02,0.15,0.0,0.0,0.0,0.0,0.0,0.0,0.0,0.0,0.0,0.0,0.0,0.0,0.23592467606067657,0.012529909610748291,0.0010430032821204804,14.906842231750488,895,nan,-1.0,True,,False,0.010050058364868164,0.0,0.010050058364868164,100.0,100.0,1.0,0.0,0.0,0.0,0.0,0.0
1940,26.860233306884766,-0.0,0.17501725256443024,-0.0,26.51019859313965,0.0526047982275486,5.0782670974731445,0.572051465511322,-0.0,0.0,0.0,0.0,0.0,0.0,0.0,0.0,0.0,0.0,0.0,0.0,0.023000000044703484,0.023000000044703484,0.02,0.15,0.0,0.0,0.0,0.0,0.0,0.0,0.0,0.0,0.0,0.0,0.0,0.0,0.23609955608844757,0.029082467779517174,0.0012208567108018542,14.906842231750488,895,nan,-1.0,True,,False,0.010050058364868164,0.0,0.010050058364868164,100.0,100.0,1.0,0.0,0.0,0.0,0.0,0.0
1941,28.8829288482666,-0.0,0.9862369298934937,-0.0,26.91045570373535,0.05127861723303795,5.093250274658203,0.5679534673690796,-0.0,0.0,0.0,0.0,0.0,0.0,0.0,0.0,0.0,0.0,0.0,0.0,0.023000000044703484,0.023000000044703484,0.02,0.15,0.0,0.0,0.0,0.0,0.0,0.0,0.0,0.0,0.0,0.0,0.0,0.0,0.23623770475387573,0.0003452669770922512,0.0012186701056862148,14.906842231750488,895,nan,-1.0,True,,False,0.010050058364868164,0.0,0.010050058364868164,100.0,100.0,1.0,0.0,0.0,0.0,0.0,0.0
1942,51.27062225341797,-0.0,0.956803560256958,-0.0,49.35701370239258,0.02260373905301094,5.099686622619629,0.5714700818061829,-0.0,0.0,0.0,0.0,0.0,0.0,0.0,0.0,0.0,0.0,0.0,0.0,0.023000000044703484,0.023000000044703484,0.02,0.15,0.0,0.0,0.0,0.0,0.0,0.0,0.0,0.0,0.0,0.0,0.0,0.0,0.23625622689723969,0.001091830083169043,0.0010152755994567997,14.906842231750488,895,nan,-1.0,True,,False,0.010050058364868164,0.0,0.010050058364868164,100.0,100.0,1.0,0.0,0.0,0.0,0.0,0.0
1943,30.15631675720215,-0.0,0.1328209638595581,-0.0,29.890674591064453,0.045546211302280426,5.1024169921875,0.5715782046318054,-0.0,0.0,0.0,0.0,0.0,0.0,0.0,0.0,0.0,0.0,0.0,0.0,0.023000000044703484,0.023000000044703484,0.02,0.15,0.0,0.0,0.0,0.0,0.0,0.0,0.0,0.0,0.0,0.0,0.0,0.0,0.23622100055217743,0.03177769482135773,0.0008117208960811695,14.906842231750488,895,nan,-1.0,True,,False,0.010050058364868164,0.0,0.010050058364868164,100.0,100.0,1.0,0.0,0.0,0.0,0.0,0.0
1944,141.35316467285156,-0.0,0.22276370227336884,-0.0,140.9076385498047,0.0025901624467223883,5.1078290939331055,0.5726503729820251,-0.0,0.0,0.0,0.0,0.0,0.0,0.0,0.0,0.0,0.0,0.0,0.0,0.023000000044703484,0.023000000044703484,0.02,0.15,0.0,0.0,0.0,0.0,0.0,0.0,0.0,0.0,0.0,0.0,0.0,0.0,0.23638224601745605,0.02640107460319996,0.000983824059176186,14.906842231750488,895,nan,-1.0,True,,False,0.010050058364868164,0.0,0.010050058364868164,100.0,100.0,1.0,0.0,0.0,0.0,0.0,0.0
1945,287.48858642578125,-0.0,0.7772152423858643,-0.0,285.93414306640625,0.0002744162338785827,5.112197399139404,0.5774853229522705,-0.0,0.0,0.0,0.0,0.0,0.0,0.0,0.0,0.0,0.0,0.0,0.0,0.023000000044703484,0.023000000044703484,0.02,0.15,0.0,0.0,0.0,0.0,0.0,0.0,0.0,0.0,0.0,0.0,0.0,0.0,0.2366456240415573,0.00592009536921978,0.0010161783977764571,14.906842231750488,895,nan,-1.0,True,,False,0.010050058364868164,0.0,0.010050058364868164,100.0,100.0,1.0,0.0,0.0,0.0,0.0,0.0
1946,99.64945983886719,-0.0,0.1492113471031189,-0.0,99.35103607177734,0.006227610632777214,5.118122577667236,0.5873006582260132,-0.0,0.0,0.0,0.0,0.0,0.0,0.0,0.0,0.0,0.0,0.0,0.0,0.023000000044703484,0.023000000044703484,0.02,0.15,0.0,0.0,0.0,0.0,0.0,0.0,0.0,0.0,0.0,0.0,0.0,0.0,0.23713207244873047,0.03068605810403824,0.0010389535054855514,14.906842231750488,895,nan,-1.0,True,,False,0.010050058364868164,0.0,0.010050058364868164,100.0,100.0,1.0,0.0,0.0,0.0,0.0,0.0
1947,52.24571990966797,-0.0,0.17823196947574615,-0.0,51.88925552368164,0.02079072594642639,5.128237724304199,0.5667709708213806,-0.0,0.0,0.0,0.0,0.0,0.0,0.0,0.0,0.0,0.0,0.0,0.0,0.023000000044703484,0.023000000044703484,0.02,0.15,0.0,0.0,0.0,0.0,0.0,0.0,0.0,0.0,0.0,0.0,0.0,0.0,0.23695914447307587,0.02889123558998108,0.0006940719335943868,14.906842231750488,895,nan,-1.0,True,,False,0.010050058364868164,0.0,0.010050058364868164,100.0,100.0,1.0,0.0,0.0,0.0,0.0,0.0
1948,74.86927032470703,-0.0,0.6744675636291504,-0.0,73.52033233642578,0.011405667290091515,5.138084411621094,0.575157880783081,-0.0,0.0,0.0,0.0,0.0,0.0,0.0,0.0,0.0,0.0,0.0,0.0,0.023000000044703484,0.023000000044703484,0.02,0.15,0.0,0.0,0.0,0.0,0.0,0.0,0.0,0.0,0.0,0.0,0.0,0.0,0.2369488924741745,0.008937014266848564,0.0011079021171553904,14.906842231750488,895,nan,-1.0,True,,False,0.010050058364868164,0.0,0.010050058364868164,100.0,100.0,1.0,0.0,0.0,0.0,0.0,0.0
1949,54.37919998168945,-0.0,0.10533025860786438,-0.0,54.168540954589844,0.019429614767432213,5.148279190063477,0.5695385932922363,-0.0,0.0,0.0,0.0,0.0,0.0,0.0,0.0,0.0,0.0,0.0,0.0,0.023000000044703484,0.023000000044703484,0.02,0.15,0.0,0.0,0.0,0.0,0.0,0.0,0.0,0.0,0.0,0.0,0.0,0.0,0.23677150905132294,0.03377268835902214,0.0010695768905861769,14.906842231750488,895,nan,-1.0,True,,False,0.010050058364868164,0.0,0.010050058364868164,100.0,100.0,1.0,0.0,0.0,0.0,0.0,0.0
1950,36.151798248291016,-0.0,0.3889702558517456,-0.0,35.37385940551758,0.03682032227516174,5.152950286865234,0.5733256936073303,-0.0,0.0,0.0,0.0,0.0,0.0,0.0,0.0,0.0,0.0,0.0,0.0,0.023000000044703484,0.023000000044703484,0.02,0.15,0.0,0.0,0.0,0.0,0.0,0.0,0.0,0.0,0.0,0.0,0.0,0.0,0.23693576455116272,0.018816258758306503,0.0012127301868076756,14.906842231750488,895,nan,-1.0,True,,False,0.010050058364868164,0.0,0.010050058364868164,100.0,100.0,1.0,0.0,0.0,0.0,0.0,0.0
1951,98.56257629394531,-0.0,0.6287775039672852,-0.0,97.30502319335938,0.006364990025758743,5.156696796417236,0.5737966299057007,-0.0,0.0,0.0,0.0,0.0,0.0,0.0,0.0,0.0,0.0,0.0,0.0,0.023000000044703484,0.023000000044703484,0.02,0.15,0.0,0.0,0.0,0.0,0.0,0.0,0.0,0.0,0.0,0.0,0.0,0.0,0.2369137555360794,0.01035225298255682,0.0009409815597791749,14.906842231750488,895,nan,-1.0,True,,False,0.010050058364868164,0.0,0.010050058364868164,100.0,100.0,1.0,0.0,0.0,0.0,0.0,0.0
1952,81.01919555664062,-0.0,0.27873700857162476,-0.0,80.46172332763672,0.009535822086036205,5.164953231811523,0.574345052242279,-0.0,0.0,0.0,0.0,0.0,0.0,0.0,0.0,0.0,0.0,0.0,0.0,0.023000000044703484,0.023000000044703484,0.02,0.15,0.0,0.0,0.0,0.0,0.0,0.0,0.0,0.0,0.0,0.0,0.0,0.0,0.23756231367588043,0.02360222488641739,0.0010933867674793873,14.906842231750488,895,nan,-1.0,True,,False,0.010050058364868164,0.0,0.010050058364868164,100.0,100.0,1.0,0.0,0.0,0.0,0.0,0.0
1953,166.75485229492188,-0.0,0.451213002204895,-0.0,165.85243225097656,0.0016681242268532515,5.185654163360596,0.5788467526435852,-0.0,0.0,0.0,0.0,0.0,0.0,0.0,0.0,0.0,0.0,0.0,0.0,0.023000000044703484,0.023000000044703484,0.02,0.15,0.0,0.0,0.0,0.0,0.0,0.0,0.0,0.0,0.0,0.0,0.0,0.0,0.23819293081760406,0.01641380414366722,0.00095010957784325,14.906842231750488,895,nan,-1.0,True,,False,0.010050058364868164,0.0,0.010050058364868164,100.0,100.0,1.0,0.0,0.0,0.0,0.0,0.0
1954,60.63097381591797,-0.0,0.08894271403551102,-0.0,60.453086853027344,0.01652355305850506,5.202472686767578,0.5836229920387268,-0.0,0.0,0.0,0.0,0.0,0.0,0.0,0.0,0.0,0.0,0.0,0.0,0.023000000044703484,0.023000000044703484,0.02,0.15,0.0,0.0,0.0,0.0,0.0,0.0,0.0,0.0,0.0,0.0,0.0,0.0,0.23795975744724274,0.03508836776018143,0.0010946056995635445,14.906842231750488,895,nan,-1.0,True,,False,0.010050058364868164,0.0,0.010050058364868164,100.0,100.0,1.0,0.0,0.0,0.0,0.0,0.0
1955,50.585044860839844,-0.0,0.08869978785514832,-0.0,50.40764617919922,0.022428158670663834,5.219978332519531,0.5843318104743958,-0.0,0.0,0.0,0.0,0.0,0.0,0.0,0.0,0.0,0.0,0.0,0.0,0.023000000044703484,0.023000000044703484,0.02,0.15,0.0,0.0,0.0,0.0,0.0,0.0,0.0,0.0,0.0,0.0,0.0,0.0,0.23768943548202515,0.035108745098114014,0.0010912197815287072,14.906842231750488,895,nan,-1.0,True,,False,0.010050058364868164,0.0,0.010050058364868164,100.0,100.0,1.0,0.0,0.0,0.0,0.0,0.0
1956,106.7547836303711,-0.0,0.20914743840694427,-0.0,106.33648681640625,0.005335974041372538,5.236510276794434,0.5848423838615417,-0.0,0.0,0.0,0.0,0.0,0.0,0.0,0.0,0.0,0.0,0.0,0.0,0.023000000044703484,0.023000000044703484,0.02,0.15,0.0,0.0,0.0,0.0,0.0,0.0,0.0,0.0,0.0,0.0,0.0,0.0,0.23796455562114716,0.027133679017424583,0.001101814891626418,14.906842231750488,895,nan,-1.0,True,,False,0.010050058364868164,0.0,0.010050058364868164,100.0,100.0,1.0,0.0,0.0,0.0,0.0,0.0
1957,143.01792907714844,-0.0,0.4519945979118347,-0.0,142.1139373779297,0.002545032650232315,5.248058795928955,0.5741413831710815,-0.0,0.0,0.0,0.0,0.0,0.0,0.0,0.0,0.0,0.0,0.0,0.0,0.023000000044703484,0.023000000044703484,0.02,0.15,0.0,0.0,0.0,0.0,0.0,0.0,0.0,0.0,0.0,0.0,0.0,0.0,0.23773615062236786,0.016384728252887726,0.0010625403724588978,14.906842231750488,895,nan,-1.0,True,,False,0.010050058364868164,0.0,0.010050058364868164,100.0,100.0,1.0,0.0,0.0,0.0,0.0,0.0
1958,51.902313232421875,-0.0,0.01821320690214634,-0.0,51.86588668823242,0.020644787698984146,5.256972312927246,0.5626213550567627,-0.0,0.0,0.0,0.0,0.0,0.0,0.0,0.0,0.0,0.0,0.0,0.0,0.023000000044703484,0.023000000044703484,0.02,0.15,0.0,0.0,0.0,0.0,0.0,0.0,0.0,0.0,0.0,0.0,0.0,0.0,0.2372010350227356,0.043252184987068176,0.0012038285241260382,14.906842231750488,895,nan,-1.0,True,,False,0.010050058364868164,0.0,0.010050058364868164,100.0,100.0,1.0,0.0,0.0,0.0,0.0,0.0
1959,58.18938064575195,-0.0,0.2660377323627472,-0.0,57.65730667114258,0.017456265166401863,5.282523155212402,0.568703293800354,-0.0,0.0,0.0,0.0,0.0,0.0,0.0,0.0,0.0,0.0,0.0,0.0,0.023000000044703484,0.023000000044703484,0.02,0.15,0.0,0.0,0.0,0.0,0.0,0.0,0.0,0.0,0.0,0.0,0.0,0.0,0.23731575906276703,0.024210577830672264,0.0012074794117324927,14.906842231750488,895,nan,-1.0,True,,False,0.010050058364868164,0.0,0.010050058364868164,100.0,100.0,1.0,0.0,0.0,0.0,0.0,0.0
1960,142.91506958007812,-0.0,0.17601428925991058,-0.0,142.5630340576172,0.0025065236259251833,5.296723365783691,0.5701482892036438,-0.0,0.0,0.0,0.0,0.0,0.0,0.0,0.0,0.0,0.0,0.0,0.0,0.023000000044703484,0.023000000044703484,0.02,0.15,0.0,0.0,0.0,0.0,0.0,0.0,0.0,0.0,0.0,0.0,0.0,0.0,0.2370859831571579,0.02902297116816044,0.0008500764777181757,14.906842231750488,895,nan,-1.0,True,,False,0.010050058364868164,0.0,0.010050058364868164,100.0,100.0,1.0,0.0,0.0,0.0,0.0,0.0
1961,130.28457641601562,-0.0,0.1780230551958084,-0.0,129.92852783203125,0.003241047030314803,5.286888122558594,0.5794041752815247,-0.0,0.0,0.0,0.0,0.0,0.0,0.0,0.0,0.0,0.0,0.0,0.0,0.023000000044703484,0.023000000044703484,0.02,0.15,0.0,0.0,0.0,0.0,0.0,0.0,0.0,0.0,0.0,0.0,0.0,0.0,0.23700383305549622,0.02890361100435257,0.0009482136424594501,14.906842231750488,895,nan,-1.0,True,,False,0.010050058364868164,0.0,0.010050058364868164,100.0,100.0,1.0,0.0,0.0,0.0,0.0,0.0
1962,103.84027099609375,-0.0,0.26446792483329773,-0.0,103.31133270263672,0.005612621083855629,5.258181095123291,0.5779386162757874,-0.0,0.0,0.0,0.0,0.0,0.0,0.0,0.0,0.0,0.0,0.0,0.0,0.023000000044703484,0.023000000044703484,0.02,0.15,0.0,0.0,0.0,0.0,0.0,0.0,0.0,0.0,0.0,0.0,0.0,0.0,0.23673126101493835,0.024286776781082153,0.0012038075321925135,14.906842231750488,895,nan,-1.0,True,,False,0.010050058364868164,0.0,0.010050058364868164,100.0,100.0,1.0,0.0,0.0,0.0,0.0,0.0
1963,77.20098876953125,-0.0,0.32198455929756165,-0.0,76.55702209472656,0.010602498427033424,5.220827102661133,0.5782399773597717,-0.0,0.0,0.0,0.0,0.0,0.0,0.0,0.0,0.0,0.0,0.0,0.0,0.023000000044703484,0.023000000044703484,0.02,0.15,0.0,0.0,0.0,0.0,0.0,0.0,0.0,0.0,0.0,0.0,0.0,0.0,0.2367146611213684,0.021628158167004585,0.0012022351977520884,14.906842231750488,895,nan,-1.0,True,,False,0.010050058364868164,0.0,0.010050058364868164,100.0,100.0,1.0,0.0,0.0,0.0,0.0,0.0
1964,63.440338134765625,-0.0,0.39852845668792725,-0.0,62.643280029296875,0.015396887436509132,5.185741901397705,0.5782653093338013,-0.0,0.0,0.0,0.0,0.0,0.0,0.0,0.0,0.0,0.0,0.0,0.0,0.023000000044703484,0.023000000044703484,0.02,0.15,0.0,0.0,0.0,0.0,0.0,0.0,0.0,0.0,0.0,0.0,0.0,0.0,0.23651601374149323,0.018435446545481682,0.000892768901621821,14.906842231750488,895,nan,-1.0,True,,False,0.010050058364868164,0.0,0.010050058364868164,100.0,100.0,1.0,0.0,0.0,0.0,0.0,0.0
1965,120.26163482666016,-0.0,0.7284889221191406,-0.0,118.80465698242188,0.004055888392031193,5.152939319610596,0.5812056660652161,-0.0,0.0,0.0,0.0,0.0,0.0,0.0,0.0,0.0,0.0,0.0,0.0,0.023000000044703484,0.023000000044703484,0.02,0.15,0.0,0.0,0.0,0.0,0.0,0.0,0.0,0.0,0.0,0.0,0.0,0.0,0.23663915693759918,0.00732421875,0.0011542617617124051,14.906842231750488,895,nan,-1.0,True,,False,0.010050058364868164,0.0,0.010050058364868164,100.0,100.0,1.0,0.0,0.0,0.0,0.0,0.0
1966,174.1505889892578,-0.0,0.15945233404636383,-0.0,173.83168029785156,0.0014269042294472456,5.125773906707764,0.5684785842895508,-0.0,0.0,0.0,0.0,0.0,0.0,0.0,0.0,0.0,0.0,0.0,0.0,0.023000000044703484,0.023000000044703484,0.02,0.15,0.0,0.0,0.0,0.0,0.0,0.0,0.0,0.0,0.0,0.0,0.0,0.0,0.23669658601284027,0.03003425896167755,0.0009069007196558232,14.906842231750488,895,nan,-1.0,True,,False,0.010050058364868164,0.0,0.010050058364868164,100.0,100.0,1.0,0.0,0.0,0.0,0.0,0.0
1967,89.51095581054688,-0.0,0.3679361641407013,-0.0,88.77508544921875,0.007738439831882715,5.11003303527832,0.570004940032959,-0.0,0.0,0.0,0.0,0.0,0.0,0.0,0.0,0.0,0.0,0.0,0.0,0.023000000044703484,0.023000000044703484,0.02,0.15,0.0,0.0,0.0,0.0,0.0,0.0,0.0,0.0,0.0,0.0,0.0,0.0,0.23710979521274567,0.019671129062771797,0.001004673898250985,14.906842231750488,895,nan,-1.0,True,,False,0.010050058364868164,0.0,0.010050058364868164,100.0,100.0,1.0,0.0,0.0,0.0,0.0,0.0
1968,72.75459289550781,-0.0,0.7384437322616577,-0.0,71.27770233154297,0.012063028290867805,5.097443103790283,0.573890209197998,-0.0,0.0,0.0,0.0,0.0,0.0,0.0,0.0,0.0,0.0,0.0,0.0,0.023000000044703484,0.023000000044703484,0.02,0.15,0.0,0.0,0.0,0.0,0.0,0.0,0.0,0.0,0.0,0.0,0.0,0.0,0.23688441514968872,0.007033623289316893,0.0004893097948297509,14.906842231750488,895,nan,-1.0,True,,False,0.010050058364868164,0.0,0.010050058364868164,100.0,100.0,1.0,0.0,0.0,0.0,0.0,0.0
1969,40.209503173828125,-0.0,0.26736173033714294,-0.0,39.67477798461914,0.03222395107150078,5.081117630004883,0.5867065787315369,-0.0,0.0,0.0,0.0,0.0,0.0,0.0,0.0,0.0,0.0,0.0,0.0,0.023000000044703484,0.023000000044703484,0.02,0.15,0.0,0.0,0.0,0.0,0.0,0.0,0.0,0.0,0.0,0.0,0.0,0.0,0.2369929403066635,0.024146482348442078,0.0010802677102219604,14.906842231750488,895,nan,-1.0,True,,False,0.010050058364868164,0.0,0.010050058364868164,100.0,100.0,1.0,0.0,0.0,0.0,0.0,0.0
1970,67.24190521240234,-0.0,0.8155514597892761,-0.0,65.61080169677734,0.014008698984980583,5.072836875915527,0.5723037123680115,-0.0,0.0,0.0,0.0,0.0,0.0,0.0,0.0,0.0,0.0,0.0,0.0,0.023000000044703484,0.023000000044703484,0.02,0.15,0.0,0.0,0.0,0.0,0.0,0.0,0.0,0.0,0.0,0.0,0.0,0.0,0.2374512106180191,0.004846053197979927,0.00102063188592183,14.906842231750488,895,nan,-1.0,True,,False,0.010050058364868164,0.0,0.010050058364868164,100.0,100.0,1.0,0.0,0.0,0.0,0.0,0.0
1971,39.201107025146484,-0.0,0.900199830532074,-0.0,37.40070724487305,0.03412158414721489,5.069391250610352,0.5725687742233276,-0.0,0.0,0.0,0.0,0.0,0.0,0.0,0.0,0.0,0.0,0.0,0.0,0.023000000044703484,0.023000000044703484,0.02,0.15,0.0,0.0,0.0,0.0,0.0,0.0,0.0,0.0,0.0,0.0,0.0,0.0,0.23768742382526398,0.002560568507760763,0.0010877754380089755,14.906842231750488,895,nan,-1.0,True,,False,0.010050058364868164,0.0,0.010050058364868164,100.0,100.0,1.0,0.0,0.0,0.0,0.0,0.0
1972,44.27357864379883,-0.0,0.9472268223762512,-0.0,42.37912368774414,0.028804300352931023,5.070745468139648,0.5771418809890747,-0.0,0.0,0.0,0.0,0.0,0.0,0.0,0.0,0.0,0.0,0.0,0.0,0.023000000044703484,0.023000000044703484,0.02,0.15,0.0,0.0,0.0,0.0,0.0,0.0,0.0,0.0,0.0,0.0,0.0,0.0,0.23765815794467926,0.0013372133253142238,0.0010894958734297688,14.906842231750488,895,nan,-1.0,True,,False,0.010050058364868164,0.0,0.010050058364868164,100.0,100.0,1.0,0.0,0.0,0.0,0.0,0.0
1973,47.62242126464844,-0.0,0.23595228791236877,-0.0,47.150516510009766,0.02433064766228199,5.0692925453186035,0.5722246170043945,-0.0,0.0,0.0,0.0,0.0,0.0,0.0,0.0,0.0,0.0,0.0,0.0,0.023000000044703484,0.023000000044703484,0.02,0.15,0.0,0.0,0.0,0.0,0.0,0.0,0.0,0.0,0.0,0.0,0.0,0.0,0.23741191625595093,0.02571254037320614,0.000534993684368601,14.906842231750488,895,nan,-1.0,True,,False,0.010050058364868164,0.0,0.010050058364868164,100.0,100.0,1.0,0.0,0.0,0.0,0.0,0.0
1974,177.87161254882812,-0.0,0.17094294726848602,-0.0,177.52972412109375,0.001331066363491118,5.065842628479004,0.5643518567085266,-0.0,0.0,0.0,0.0,0.0,0.0,0.0,0.0,0.0,0.0,0.0,0.0,0.023000000044703484,0.023000000044703484,0.02,0.15,0.0,0.0,0.0,0.0,0.0,0.0,0.0,0.0,0.0,0.0,0.0,0.0,0.23693804442882538,0.029327375814318657,0.0010436913844387163,14.906842231750488,895,nan,-1.0,True,,False,0.010050058364868164,0.0,0.010050058364868164,100.0,100.0,1.0,0.0,0.0,0.0,0.0,0.0
1975,37.89547348022461,-0.0,0.735264003276825,-0.0,36.42494583129883,0.03513915091753006,5.058557510375977,0.5686126351356506,-0.0,0.0,0.0,0.0,0.0,0.0,0.0,0.0,0.0,0.0,0.0,0.0,0.023000000044703484,0.023000000044703484,0.02,0.15,0.0,0.0,0.0,0.0,0.0,0.0,0.0,0.0,0.0,0.0,0.0,0.0,0.23650839924812317,0.007126230280846357,0.0009109080874623032,14.906842231750488,895,nan,-1.0,True,,False,0.010050058364868164,0.0,0.010050058364868164,100.0,100.0,1.0,0.0,0.0,0.0,0.0,0.0
1976,60.10204315185547,-0.0,0.10722146928310394,-0.0,59.88759994506836,0.016479963436722755,5.057764053344727,0.5731204152107239,-0.0,0.0,0.0,0.0,0.0,0.0,0.0,0.0,0.0,0.0,0.0,0.0,0.023000000044703484,0.023000000044703484,0.02,0.15,0.0,0.0,0.0,0.0,0.0,0.0,0.0,0.0,0.0,0.0,0.0,0.0,0.23627567291259766,0.03362765535712242,0.0007435704878844263,14.906842231750488,895,nan,-1.0,True,,False,0.010050058364868164,0.0,0.010050058364868164,100.0,100.0,1.0,0.0,0.0,0.0,0.0,0.0
1977,81.20940399169922,-0.0,0.25157275795936584,-0.0,80.70626068115234,0.009374856948852539,5.053934097290039,0.5691340565681458,-0.0,0.0,0.0,0.0,0.0,0.0,0.0,0.0,0.0,0.0,0.0,0.0,0.023000000044703484,0.023000000044703484,0.02,0.15,0.0,0.0,0.0,0.0,0.0,0.0,0.0,0.0,0.0,0.0,0.0,0.0,0.23673227429389954,0.024921484291553497,0.0008842937274948781,14.906842231750488,895,nan,-1.0,True,,False,0.010050058364868164,0.0,0.010050058364868164,100.0,100.0,1.0,0.0,0.0,0.0,0.0,0.0
1978,47.5464973449707,-0.0,0.1807205080986023,-0.0,47.185054779052734,0.024582765996456146,5.054766654968262,0.5779353380203247,-0.0,0.0,0.0,0.0,0.0,0.0,0.0,0.0,0.0,0.0,0.0,0.0,0.023000000044703484,0.023000000044703484,0.02,0.15,0.0,0.0,0.0,0.0,0.0,0.0,0.0,0.0,0.0,0.0,0.0,0.0,0.23680122196674347,0.02874438278377056,0.0008579479754189379,14.906842231750488,895,nan,-1.0,True,,False,0.010050058364868164,0.0,0.010050058364868164,100.0,100.0,1.0,0.0,0.0,0.0,0.0,0.0
1979,221.577392578125,-0.0,0.20148347318172455,-0.0,221.17442321777344,0.0006823158473707736,5.058176040649414,0.578069269657135,-0.0,0.0,0.0,0.0,0.0,0.0,0.0,0.0,0.0,0.0,0.0,0.0,0.023000000044703484,0.023000000044703484,0.02,0.15,0.0,0.0,0.0,0.0,0.0,0.0,0.0,0.0,0.0,0.0,0.0,0.0,0.2367904633283615,0.027556544169783592,0.0010292764327459736,14.906842231750488,895,nan,-1.0,True,,False,0.010050058364868164,0.0,0.010050058364868164,100.0,100.0,1.0,0.0,0.0,0.0,0.0,0.0
1980,77.80020904541016,-0.0,0.20555943250656128,-0.0,77.38909149169922,0.010350344702601433,5.060746669769287,0.577873945236206,-0.0,0.0,0.0,0.0,0.0,0.0,0.0,0.0,0.0,0.0,0.0,0.0,0.023000000044703484,0.023000000044703484,0.02,0.15,0.0,0.0,0.0,0.0,0.0,0.0,0.0,0.0,0.0,0.0,0.0,0.0,0.23671187460422516,0.02733066864311695,0.0005710375990020111,14.906842231750488,895,nan,-1.0,True,,False,0.010050058364868164,0.0,0.010050058364868164,100.0,100.0,1.0,0.0,0.0,0.0,0.0,0.0
1981,49.66758728027344,-0.0,0.1937749832868576,-0.0,49.28003692626953,0.022841867059469223,5.062341213226318,0.5741482377052307,-0.0,0.0,0.0,0.0,0.0,0.0,0.0,0.0,0.0,0.0,0.0,0.0,0.023000000044703484,0.023000000044703484,0.02,0.15,0.0,0.0,0.0,0.0,0.0,0.0,0.0,0.0,0.0,0.0,0.0,0.0,0.23661528527736664,0.027990059927105904,0.0010239379244012525,14.906842231750488,895,nan,-1.0,True,,False,0.010050058364868164,0.0,0.010050058364868164,100.0,100.0,1.0,0.0,0.0,0.0,0.0,0.0
1982,65.01406860351562,-0.0,0.18274009227752686,-0.0,64.64859008789062,0.014437041245400906,5.064497947692871,0.5739203691482544,-0.0,0.0,0.0,0.0,0.0,0.0,0.0,0.0,0.0,0.0,0.0,0.0,0.023000000044703484,0.023000000044703484,0.02,0.15,0.0,0.0,0.0,0.0,0.0,0.0,0.0,0.0,0.0,0.0,0.0,0.0,0.23659102618694305,0.02862594462931156,0.0010213500695499533,14.906842231750488,895,nan,-1.0,True,,False,0.010050058364868164,0.0,0.010050058364868164,100.0,100.0,1.0,0.0,0.0,0.0,0.0,0.0
1983,197.39390563964844,-0.0,0.15621502697467804,-0.0,197.08148193359375,0.0009831676725298166,5.067193984985352,0.573883593082428,-0.0,0.0,0.0,0.0,0.0,0.0,0.0,0.0,0.0,0.0,0.0,0.0,0.023000000044703484,0.023000000044703484,0.02,0.15,0.0,0.0,0.0,0.0,0.0,0.0,0.0,0.0,0.0,0.0,0.0,0.0,0.23655609786510468,0.03023797646164894,0.0010141114059933898,14.906842231750488,895,nan,-1.0,True,,False,0.010050058364868164,0.0,0.010050058364868164,100.0,100.0,1.0,0.0,0.0,0.0,0.0,0.0
1984,86.21843719482422,-0.0,0.14861208200454712,-0.0,85.92121124267578,0.008322467096149921,5.070193767547607,0.5741269588470459,-0.0,0.0,0.0,0.0,0.0,0.0,0.0,0.0,0.0,0.0,0.0,0.0,0.023000000044703484,0.023000000044703484,0.02,0.15,0.0,0.0,0.0,0.0,0.0,0.0,0.0,0.0,0.0,0.0,0.0,0.0,0.23650206625461578,0.03072488121688366,0.0010114051517575717,14.906842231750488,895,nan,-1.0,True,,False,0.010050058364868164,0.0,0.010050058364868164,100.0,100.0,1.0,0.0,0.0,0.0,0.0,0.0
1985,119.55868530273438,-0.0,0.14154291152954102,-0.0,119.27559661865234,0.003934470936655998,5.073963165283203,0.5689430236816406,-0.0,0.0,0.0,0.0,0.0,0.0,0.0,0.0,0.0,0.0,0.0,0.0,0.023000000044703484,0.023000000044703484,0.02,0.15,0.0,0.0,0.0,0.0,0.0,0.0,0.0,0.0,0.0,0.0,0.0,0.0,0.23648619651794434,0.031188905239105225,0.0010096315070313722,14.906842231750488,895,nan,-1.0,True,,False,0.010050058364868164,0.0,0.010050058364868164,100.0,100.0,1.0,0.0,0.0,0.0,0.0,0.0
1986,236.77066040039062,-0.0,0.1436839997768402,-0.0,236.48329162597656,0.0005384038668125868,5.078469753265381,0.5722682476043701,-0.0,0.0,0.0,0.0,0.0,0.0,0.0,0.0,0.0,0.0,0.0,0.0,0.023000000044703484,0.023000000044703484,0.02,0.15,0.0,0.0,0.0,0.0,0.0,0.0,0.0,0.0,0.0,0.0,0.0,0.0,0.23642969131469727,0.031047163531184196,0.0010098502580149216,14.906842231750488,895,nan,-1.0,True,,False,0.010050058364868164,0.0,0.010050058364868164,100.0,100.0,1.0,0.0,0.0,0.0,0.0,0.0
1987,92.63524627685547,-0.0,0.14855226874351501,-0.0,92.33814239501953,0.007197308354079723,5.085067272186279,0.577778697013855,-0.0,0.0,0.0,0.0,0.0,0.0,0.0,0.0,0.0,0.0,0.0,0.0,0.023000000044703484,0.023000000044703484,0.02,0.15,0.0,0.0,0.0,0.0,0.0,0.0,0.0,0.0,0.0,0.0,0.0,0.0,0.2363889515399933,0.030728761106729507,0.0009600555358701968,14.906842231750488,895,nan,-1.0,True,,False,0.010050058364868164,0.0,0.010050058364868164,100.0,100.0,1.0,0.0,0.0,0.0,0.0,0.0
1988,69.68746185302734,-0.0,0.1564021110534668,-0.0,69.3746566772461,0.012700256891548634,5.094568252563477,0.5743650197982788,-0.0,0.0,0.0,0.0,0.0,0.0,0.0,0.0,0.0,0.0,0.0,0.0,0.023000000044703484,0.023000000044703484,0.02,0.15,0.0,0.0,0.0,0.0,0.0,0.0,0.0,0.0,0.0,0.0,0.0,0.0,0.23638330399990082,0.030226146802306175,0.0009105018928039499,14.906842231750488,895,nan,-1.0,True,,False,0.010050058364868164,0.0,0.010050058364868164,100.0,100.0,1.0,0.0,0.0,0.0,0.0,0.0
1989,57.37955856323242,-0.0,0.16190876066684723,-0.0,57.05574035644531,0.01798521727323532,5.105513095855713,0.5743806958198547,-0.0,0.0,0.0,0.0,0.0,0.0,0.0,0.0,0.0,0.0,0.0,0.0,0.023000000044703484,0.023000000044703484,0.02,0.15,0.0,0.0,0.0,0.0,0.0,0.0,0.0,0.0,0.0,0.0,0.0,0.0,0.23636317253112793,0.029881056398153305,0.0008663368334964616,14.906842231750488,895,nan,-1.0,True,,False,0.010050058364868164,0.0,0.010050058364868164,100.0,100.0,1.0,0.0,0.0,0.0,0.0,0.0
1990,53.92068862915039,-0.0,0.1670486181974411,-0.0,53.58658981323242,0.019971460103988647,5.11838436126709,0.5744320750236511,-0.0,0.0,0.0,0.0,0.0,0.0,0.0,0.0,0.0,0.0,0.0,0.0,0.023000000044703484,0.023000000044703484,0.02,0.15,0.0,0.0,0.0,0.0,0.0,0.0,0.0,0.0,0.0,0.0,0.0,0.0,0.23634007573127747,0.029564209282398224,0.0010461238859988953,14.906842231750488,895,nan,-1.0,True,,False,0.010050058364868164,0.0,0.010050058364868164,100.0,100.0,1.0,0.0,0.0,0.0,0.0,0.0
1991,67.97711181640625,-0.0,0.17334364354610443,-0.0,67.63042449951172,0.01337430439889431,5.1324687004089355,0.5776598453521729,-0.0,0.0,0.0,0.0,0.0,0.0,0.0,0.0,0.0,0.0,0.0,0.0,0.023000000044703484,0.023000000044703484,0.02,0.15,0.0,0.0,0.0,0.0,0.0,0.0,0.0,0.0,0.0,0.0,0.0,0.0,0.23631906509399414,0.02918272092938423,0.0009969970653855853,14.906842231750488,895,nan,-1.0,True,,False,0.010050058364868164,0.0,0.010050058364868164,100.0,100.0,1.0,0.0,0.0,0.0,0.0,0.0
1992,103.49626922607422,-0.0,0.18241992592811584,-0.0,103.13143157958984,0.005602981895208359,5.148050785064697,0.5745580792427063,-0.0,0.0,0.0,0.0,0.0,0.0,0.0,0.0,0.0,0.0,0.0,0.0,0.023000000044703484,0.023000000044703484,0.02,0.15,0.0,0.0,0.0,0.0,0.0,0.0,0.0,0.0,0.0,0.0,0.0,0.0,0.23631156980991364,0.028644677251577377,0.001014809948628681,14.906842231750488,895,nan,-1.0,True,,False,0.010050058364868164,0.0,0.010050058364868164,100.0,100.0,1.0,0.0,0.0,0.0,0.0,0.0
1993,114.88933563232422,-0.0,0.1903894990682602,-0.0,114.50856018066406,0.00438910536468029,5.164937973022461,0.5745196342468262,-0.0,0.0,0.0,0.0,0.0,0.0,0.0,0.0,0.0,0.0,0.0,0.0,0.023000000044703484,0.023000000044703484,0.02,0.15,0.0,0.0,0.0,0.0,0.0,0.0,0.0,0.0,0.0,0.0,0.0,0.0,0.2363177090883255,0.02818317711353302,0.0010218097240795032,14.906842231750488,895,nan,-1.0,True,,False,0.010050058364868164,0.0,0.010050058364868164,100.0,100.0,1.0,0.0,0.0,0.0,0.0,0.0
1994,64.11231994628906,-0.0,0.19535556435585022,-0.0,63.72161102294922,0.014829644933342934,5.182433128356934,0.5744053721427917,-0.0,0.0,0.0,0.0,0.0,0.0,0.0,0.0,0.0,0.0,0.0,0.0,0.023000000044703484,0.023000000044703484,0.02,0.15,0.0,0.0,0.0,0.0,0.0,0.0,0.0,0.0,0.0,0.0,0.0,0.0,0.23632483184337616,0.02790047787129879,0.0010356975039940153,14.906842231750488,895,nan,-1.0,True,,False,0.010050058364868164,0.0,0.010050058364868164,100.0,100.0,1.0,0.0,0.0,0.0,0.0,0.0
1995,48.39529800415039,-0.0,0.19744281470775604,-0.0,48.00041198730469,0.023789554834365845,5.200622081756592,0.5743840336799622,-0.0,0.0,0.0,0.0,0.0,0.0,0.0,0.0,0.0,0.0,0.0,0.0,0.023000000044703484,0.023000000044703484,0.02,0.15,0.0,0.0,0.0,0.0,0.0,0.0,0.0,0.0,0.0,0.0,0.0,0.0,0.23632735013961792,0.027782730758190155,0.001198283206463202,14.906842231750488,895,nan,-1.0,True,,False,0.010050058364868164,0.0,0.010050058364868164,100.0,100.0,1.0,0.0,0.0,0.0,0.0,0.0
1996,56.426822662353516,-0.0,0.19851309061050415,-0.0,56.0297966003418,0.018523406237363815,5.219570159912109,0.5744282007217407,-0.0,0.0,0.0,0.0,0.0,0.0,0.0,0.0,0.0,0.0,0.0,0.0,0.023000000044703484,0.023000000044703484,0.02,0.15,0.0,0.0,0.0,0.0,0.0,0.0,0.0,0.0,0.0,0.0,0.0,0.0,0.23632679879665375,0.027722595259547234,0.0011990187332457936,14.906842231750488,895,nan,-1.0,True,,False,0.010050058364868164,0.0,0.010050058364868164,100.0,100.0,1.0,0.0,0.0,0.0,0.0,0.0
1997,65.10389709472656,-0.0,0.1971379667520523,-0.0,64.7096176147461,0.014421936124563217,5.238155841827393,0.5745723843574524,-0.0,0.0,0.0,0.0,0.0,0.0,0.0,0.0,0.0,0.0,0.0,0.0,0.023000000044703484,0.023000000044703484,0.02,0.15,0.0,0.0,0.0,0.0,0.0,0.0,0.0,0.0,0.0,0.0,0.0,0.0,0.23630204796791077,0.02779988944530487,0.0011971696354748929,14.906842231750488,895,nan,-1.0,True,,False,0.010050058364868164,0.0,0.010050058364868164,100.0,100.0,1.0,0.0,0.0,0.0,0.0,0.0
1998,64.61273956298828,-0.0,0.19381247460842133,-0.0,64.22511291503906,0.01453174464404583,5.253810405731201,0.570755660533905,-0.0,0.0,0.0,0.0,0.0,0.0,0.0,0.0,0.0,0.0,0.0,0.0,0.023000000044703484,0.023000000044703484,0.02,0.15,0.0,0.0,0.0,0.0,0.0,0.0,0.0,0.0,0.0,0.0,0.0,0.0,0.23627890646457672,0.027987930923700333,0.0011954541830618837,14.906842231750488,895,nan,-1.0,True,,False,0.010050058364868164,0.0,0.010050058364868164,100.0,100.0,1.0,0.0,0.0,0.0,0.0,0.0
1999,137.54405212402344,-0.0,0.19168531894683838,-0.0,137.16067504882812,0.0027856004890054464,5.263156890869141,0.573684811592102,-0.0,0.0,0.0,0.0,0.0,0.0,0.0,0.0,0.0,0.0,0.0,0.0,0.023000000044703484,0.023000000044703484,0.02,0.15,0.0,0.0,0.0,0.0,0.0,0.0,0.0,0.0,0.0,0.0,0.0,0.0,0.2362523078918457,0.028109058737754822,0.0005436905403257697,14.906842231750488,895,nan,-1.0,True,,False,0.010050058364868164,0.0,0.010050058364868164,100.0,100.0,1.0,0.0,0.0,0.0,0.0,0.0
