step,L_total,loss_vol,loss_rep,loss_bnd,loss_fem,loss_comp,comp,vol_frac,vol_frac_internal,vol_frac_eff_total,vol_frac_eff,VF_total,VF_eff_total,VF_int,VF_eff_int,vol_dev,vol_dev_eff,tau,seed_offset_scale,rho_min,rho_mean,rho_max,filter_delta_mean,filter_delta_max,projection_delta_mean,projection_delta_max,rho_raw_mean,rho_filtered_mean,rho_projected_mean,rho_final_mean,drho,dseed,min_seed_dist,grad_mean,best_score,best_step,best_hard_score,best_hard_step,fem_valid,fem_failure_reason,optimizer_step_skipped,w_geo_mean,h_mean,centerline_radius_mean,active_count_total,active_count_mean,active_frac_mean,inactive_count_total,inactive_count_mean,inactive_frac_mean,anchor_update_allowed,collapse_active
0,1695141.625,250.6107635498047,0.0,0.5897453427314758,8472.98046875,8472.98046875,8472.98046875,0.4253499209880829,0.4253499209880829,0.38710588216781616,0.38710588216781616,0.4253499209880829,0.38710588216781616,0.4253499209880829,0.38710588216781616,0.40234991908073425,0.36410588026046753,0.02,0.5,0.0,0.4335664212703705,0.9988166689872742,0.010377459228038788,0.106758713722229,0.13182182610034943,0.2686835825443268,0.41100549697875977,0.4114406704902649,0.4335664212703705,0.4335664212703705,0.0,0.0,0.25136974453926086,0.05041140142808823,1695141.625,0,nan,-1.0,True,,False,0.05099974945187569,0.0,0.46653226017951965,10.0,10.0,1.0,0.0,0.0,0.0,1.0,0.0
1,1695119.625,250.58905029296875,0.0,0.5879871249198914,8472.875,8472.875,8472.875,0.42532315850257874,0.42532315850257874,0.38709011673927307,0.38709011673927307,0.42532315850257874,0.38709011673927307,0.42532315850257874,0.38709011673927307,0.4023231565952301,0.36409011483192444,0.02,0.49999700399999997,0.0,0.43354082107543945,0.9988197088241577,0.010376622900366783,0.10484731197357178,0.13180626928806305,0.26868361234664917,0.41098251938819885,0.41141754388809204,0.43354082107543945,0.43354082107543945,0.0011795409955084324,0.0001815597788663581,0.25137463212013245,0.047778475914836034,1695119.625,1,nan,-1.0,True,,False,0.05099974945187569,0.0,0.46653226017951965,10.0,10.0,1.0,0.0,0.0,0.0,1.0,0.0
2,1695078.375,250.5562286376953,0.0,0.5867941975593567,8472.671875,8472.671875,8472.671875,0.42529138922691345,0.42529138922691345,0.3870662748813629,0.3870662748813629,0.42529138922691345,0.3870662748813629,0.42529138922691345,0.3870662748813629,0.4022913873195648,0.3640662729740143,0.02,0.49998803199999997,0.0,0.4335101842880249,0.9988214373588562,0.01037567388266325,0.10299265384674072,0.1317930519580841,0.26868361234664917,0.4109592139720917,0.41139423847198486,0.4335101842880249,0.4335101842880249,0.0022903841454535723,0.00035243932507000864,0.2513777017593384,0.05120195155258342,1695078.375,2,nan,-1.0,True,,False,0.05099974945187569,0.0,0.46653226017951965,10.0,10.0,1.0,0.0,0.0,0.0,1.0,0.0
3,1695402.625,250.54611206054688,0.0,0.5859269499778748,8474.2958984375,8474.2958984375,8474.2958984375,0.42527681589126587,0.42527681589126587,0.38705891370773315,0.38705891370773315,0.42527681589126587,0.38705891370773315,0.42527681589126587,0.38705891370773315,0.40227681398391724,0.3640589118003845,0.02,0.499973108,0.0,0.4334959387779236,0.9988222122192383,0.010375355370342731,0.10121020674705505,0.13177931308746338,0.2686835825443268,0.410948246717453,0.4113832116127014,0.4334959387779236,0.4334959387779236,0.003335664514452219,0.0005173892132006586,0.2513846755027771,0.051029128979684577,1695078.375,2,nan,-1.0,True,,False,0.05099974945187569,0.0,0.46653226017951965,10.0,10.0,1.0,0.0,0.0,0.0,1.0,0.0
4,1695651.25,250.56690979003906,0.0,0.5854738354682922,8475.5400390625,8475.5400390625,8475.5400390625,0.425284206867218,0.425284206867218,0.3870740234851837,0.3870740234851837,0.425284206867218,0.3870740234851837,0.425284206867218,0.3870740234851837,0.4022842049598694,0.3640740215778351,0.02,0.49995225600000004,0.0,0.4335028827190399,0.9988247156143188,0.010373125784099102,0.10134044289588928,0.13176071643829346,0.26868361234664917,0.41095829010009766,0.41139310598373413,0.4335028827190399,0.4335028827190399,0.0043344274163246155,0.0006787534221075475,0.2513915002346039,0.0510445457912283,1695078.375,2,nan,-1.0,True,,False,0.05099974945187569,0.0,0.46653226017951965,10.0,10.0,1.0,0.0,0.0,0.0,1.0,0.0
5,1695750.875,250.4969940185547,0.0,0.5852503180503845,8476.0390625,8476.0390625,8476.0390625,0.4252299964427948,0.4252299964427948,0.3870232403278351,0.3870232403278351,0.4252299964427948,0.3870232403278351,0.4252299964427948,0.3870232403278351,0.40222999453544617,0.36402323842048645,0.02,0.49992549999999997,0.0,0.4334508180618286,0.9988224506378174,0.010373377241194248,0.10247635841369629,0.1317569613456726,0.26868343353271484,0.4109116792678833,0.41134655475616455,0.4334508180618286,0.4334508180618286,0.004958275239914656,0.0007731313235126436,0.25139328837394714,0.05116489671733385,1695078.375,2,nan,-1.0,True,,False,0.05099974945187569,0.0,0.46653226017951965,10.0,10.0,1.0,0.0,0.0,0.0,1.0,0.0
6,1695757.0,250.58648681640625,0.0,0.5848004817962646,8476.0703125,8476.0703125,8476.0703125,0.4252891540527344,0.4252891540527344,0.38708823919296265,0.38708823919296265,0.4252891540527344,0.38708823919296265,0.4252891540527344,0.38708823919296265,0.40228915214538574,0.364088237285614,0.02,0.499892864,0.0,0.43350836634635925,0.9988329410552979,0.010371712036430836,0.10296520590782166,0.13174347579479218,0.2686835825443268,0.41096046566963196,0.4113953113555908,0.43350833654403687,0.43350833654403687,0.005217087920755148,0.0008219649316743016,0.2513919770717621,0.05130073130809857,1695078.375,2,nan,-1.0,True,,False,0.05099974945187569,0.0,0.46653226017951965,10.0,10.0,1.0,0.0,0.0,0.0,1.0,0.0
7,1695744.75,250.58506774902344,0.0,0.5843588709831238,8476.009765625,8476.009765625,8476.009765625,0.4252854883670807,0.4252854883670807,0.38708722591400146,0.38708722591400146,0.4252854883670807,0.38708722591400146,0.4252854883670807,0.38708722591400146,0.40228548645973206,0.36408722400665283,0.02,0.499854372,0.0,0.4335055947303772,0.9988364577293396,0.010371767915785313,0.10308212041854858,0.13174083828926086,0.2686835527420044,0.4109536111354828,0.41138848662376404,0.4335055947303772,0.4335055947303772,0.005319530609995127,0.0008395552868023515,0.251388281583786,0.05102204635558236,1695078.375,2,nan,-1.0,True,,False,0.05099974945187569,0.0,0.46653226017951965,10.0,10.0,1.0,0.0,0.0,0.0,1.0,0.0
8,1695662.75,250.57745361328125,0.0,0.5837659239768982,8475.6015625,8475.6015625,8475.6015625,0.4252780079841614,0.4252780079841614,0.38708168268203735,0.38708168268203735,0.4252780079841614,0.38708168268203735,0.4252780079841614,0.38708168268203735,0.40227800607681274,0.3640816807746887,0.02,0.499810048,0.0,0.4334993064403534,0.9988364577293396,0.010371820069849491,0.10300841927528381,0.13174237310886383,0.2686835527420044,0.41094347834587097,0.411378413438797,0.4334993064403534,0.4334993064403534,0.005300045479089022,0.0008512890199199319,0.2513824999332428,0.05109032816350615,1695078.375,2,nan,-1.0,True,,False,0.05099974945187569,0.0,0.46653226017951965,10.0,10.0,1.0,0.0,0.0,0.0,1.0,0.0
9,1695602.625,250.56832885742188,0.0,0.5830950736999512,8475.302734375,8475.302734375,8475.302734375,0.4252699017524719,0.4252699017524719,0.3870750665664673,0.3870750665664673,0.4252699017524719,0.3870750665664673,0.4252699017524719,0.3870750665664673,0.4022698998451233,0.36407506465911865,0.019999999999999997,0.49975991599999997,0.0,0.43349236249923706,0.998832643032074,0.010371845215559006,0.1027892529964447,0.13174577057361603,0.2686835825443268,0.41093090176582336,0.4113660156726837,0.43349236249923706,0.43349236249923706,0.005190116818994284,0.000861124717630446,0.2513748109340668,0.05111048483296246,1695078.375,2,nan,-1.0,True,,False,0.05099974945187569,0.0,0.46653226017951965,10.0,10.0,1.0,0.0,0.0,0.0,1.0,0.0
10,1695444.375,250.48634338378906,0.0,0.5823516249656677,8474.513671875,8474.513671875,8474.513671875,0.42521220445632935,0.42521220445632935,0.3870154917240143,0.3870154917240143,0.42521220445632935,0.3870154917240143,0.42521220445632935,0.3870154917240143,0.4022122025489807,0.36401548981666565,0.019999999999999997,0.49970400000000004,0.0,0.4334378242492676,0.9988225102424622,0.010372642427682877,0.10245734453201294,0.13174885511398315,0.26868361234664917,0.4108698070049286,0.41130492091178894,0.4334378242492676,0.4334378242492676,0.005057364236563444,0.0008634938858449459,0.2513660788536072,0.05112854732821385,1695078.375,2,nan,-1.0,True,,False,0.05099974945187569,0.0,0.46653226017951965,10.0,10.0,1.0,0.0,0.0,0.0,1.0,0.0
11,1695427.5,250.55091857910156,0.0,0.5815817713737488,8474.4306640625,8474.4306640625,8474.4306640625,0.4252554476261139,0.4252554476261139,0.3870624005794525,0.3870624005794525,0.4252554476261139,0.3870624005794525,0.4252554476261139,0.3870624005794525,0.40225544571876526,0.3640623986721039,0.019999999999999997,0.49964232399999997,0.0,0.4334806501865387,0.9988221526145935,0.010373134166002274,0.10203039646148682,0.13174383342266083,0.2686835527420044,0.4108971357345581,0.41133224964141846,0.4334806501865387,0.4334806501865387,0.004778306465595961,0.0008597294217906892,0.2513570785522461,0.05122717209774742,1695078.375,2,nan,-1.0,True,,False,0.05099974945187569,0.0,0.46653226017951965,10.0,10.0,1.0,0.0,0.0,0.0,1.0,0.0
12,1695485.875,250.5572509765625,0.0,0.5809788703918457,8474.724609375,8474.724609375,8474.724609375,0.4252587854862213,0.4252587854862213,0.3870670199394226,0.3870670199394226,0.4252587854862213,0.3870670199394226,0.4252587854862213,0.3870670199394226,0.4022587835788727,0.364067018032074,0.019999999999999997,0.49957491200000004,0.0,0.4334847331047058,0.9988217949867249,0.010373525321483612,0.10182145237922668,0.1317434012889862,0.26868361234664917,0.4108947813510895,0.41133004426956177,0.4334847331047058,0.4334847331047058,0.0046908119693398476,0.0008710007532499731,0.25135108828544617,0.05121154385172607,1695078.375,2,nan,-1.0,True,,False,0.05099974945187569,0.0,0.46653226017951965,10.0,10.0,1.0,0.0,0.0,0.0,1.0,0.0
13,1695097.75,250.57254028320312,0.0,0.5805822610855103,8472.7841796875,8472.7841796875,8472.7841796875,0.4252682328224182,0.4252682328224182,0.38707810640335083,0.38707810640335083,0.4252682328224182,0.38707810640335083,0.4252682328224182,0.38707810640335083,0.4022682309150696,0.3640781044960022,0.02,0.499501788,0.0,0.4334946572780609,0.9988215565681458,0.010373546741902828,0.10176271200180054,0.13174133002758026,0.26868361234664917,0.41089916229248047,0.41133442521095276,0.4334946274757385,0.4334946274757385,0.004729755222797394,0.0008959811530075967,0.25134801864624023,0.051208962818944,1695078.375,2,nan,-1.0,True,,False,0.05099974945187569,0.0,0.46653226017951965,10.0,10.0,1.0,0.0,0.0,0.0,1.0,0.0
14,1695097.0,250.5958709716797,0.0,0.580244779586792,8472.78125,8472.78125,8472.78125,0.4252829849720001,0.4252829849720001,0.38709506392478943,0.38709506392478943,0.4252829849720001,0.38709506392478943,0.4252829849720001,0.38709506392478943,0.4022829830646515,0.3640950620174408,0.02,0.49942297599999996,0.0,0.43350937962532043,0.9988213181495667,0.010373388417065144,0.1018528938293457,0.13173703849315643,0.2686834931373596,0.4109100103378296,0.41134536266326904,0.43350937962532043,0.43350937962532043,0.004867971409112215,0.0009322231635451317,0.2513478100299835,0.05121747711867405,1695078.375,2,nan,-1.0,True,,False,0.05099974945187569,0.0,0.46653226017951965,10.0,10.0,1.0,0.0,0.0,0.0,1.0,0.0
15,1695469.0,250.55323791503906,0.0,0.5798875689506531,8474.642578125,8474.642578125,8474.642578125,0.42525261640548706,0.42525261640548706,0.3870640993118286,0.3870640993118286,0.42525261640548706,0.3870640993118286,0.42525261640548706,0.3870640993118286,0.4022526144981384,0.36406409740448,0.02,0.49933849999999996,0.0,0.4334806203842163,0.9988213181495667,0.010373272001743317,0.10207152366638184,0.13173438608646393,0.2686835527420044,0.4108831286430359,0.4113183915615082,0.4334806203842163,0.4334806203842163,0.00513678090646863,0.0009779476094990969,0.25134947896003723,0.051228887708728306,1695078.375,2,nan,-1.0,True,,False,0.05099974945187569,0.0,0.46653226017951965,10.0,10.0,1.0,0.0,0.0,0.0,1.0,0.0
16,1695480.875,250.71360778808594,0.0,0.5795502066612244,8474.7021484375,8474.7021484375,8474.7021484375,0.4253608286380768,0.4253608286380768,0.3871805965900421,0.3871805965900421,0.4253608286380768,0.3871805965900421,0.4253608286380768,0.3871805965900421,0.40236082673072815,0.3641805946826935,0.02,0.499248384,0.0,0.43358537554740906,0.9988534450531006,0.010372305288910866,0.102373868227005,0.1317194402217865,0.26868361234664917,0.4109790623188019,0.41141432523727417,0.43358537554740906,0.43358537554740906,0.0053315432742238045,0.00103194045368582,0.25135257840156555,0.05119714246797634,1695078.375,2,nan,-1.0,True,,False,0.05099974945187569,0.0,0.46653226017951965,10.0,10.0,1.0,0.0,0.0,0.0,1.0,0.0
17,1695392.0,250.9896697998047,0.0,0.5792469382286072,8474.2568359375,8474.2568359375,8474.2568359375,0.4255531430244446,0.4255531430244446,0.38738101720809937,0.38738101720809937,0.4255531430244446,0.38738101720809937,0.4255531430244446,0.38738101720809937,0.40255314111709595,0.36438101530075073,0.02,0.49915265200000003,0.0,0.4337712228298187,0.9988215565681458,0.01036811899393797,0.10277524590492249,0.1316807121038437,0.268683522939682,0.41112953424453735,0.4115647077560425,0.4337712228298187,0.4337712228298187,0.005716497078537941,0.0010919151827692986,0.2513582408428192,0.05150843356063382,1695078.375,2,nan,-1.0,True,,False,0.05099974945187569,0.0,0.46653226017951965,10.0,10.0,1.0,0.0,0.0,0.0,1.0,0.0
18,1695433.625,263.10711669921875,0.0,0.578946590423584,8474.4052734375,8474.4052734375,8474.4052734375,0.4345884621143341,0.4345884621143341,0.39607328176498413,0.39607328176498413,0.4345884621143341,0.39607328176498413,0.4345884621143341,0.39607328176498413,0.4115884602069855,0.3730732798576355,0.02,0.49905132799999996,0.0,0.4425172805786133,0.9989327788352966,0.010548732243478298,0.10300669074058533,0.13290280103683472,0.26868361234664917,0.4181293249130249,0.4185633063316345,0.4425172805786133,0.4425172805786133,0.014957753010094166,0.001140144537203014,0.25135788321495056,0.022047479562590726,1695078.375,2,nan,-1.0,True,,False,0.05099974945187569,0.0,0.46653226017951965,10.0,10.0,1.0,0.0,0.0,0.0,1.0,0.0
19,1695505.25,251.08743286132812,0.0,0.5785092711448669,8474.82421875,8474.82421875,8474.82421875,0.425618052482605,0.425618052482605,0.38745197653770447,0.38745197653770447,0.425618052482605,0.38745197653770447,0.425618052482605,0.38745197653770447,0.40261805057525635,0.36445197463035583,0.02,0.498944436,0.0,0.43383458256721497,0.9988217353820801,0.010367265902459621,0.10324549674987793,0.13165166974067688,0.26868361234664917,0.4111749231815338,0.41161012649536133,0.43383458256721497,0.43383458256721497,0.006202363409101963,0.0011811379808932543,0.25139757990837097,0.05192862410816209,1695078.375,2,nan,-1.0,True,,False,0.05099974945187569,0.0,0.46653226017951965,10.0,10.0,1.0,0.0,0.0,0.0,1.0,0.0
20,1695506.25,250.75372314453125,0.0,0.5781902074813843,8474.83203125,8474.83203125,8474.83203125,0.4253813624382019,0.4253813624382019,0.3872097134590149,0.3872097134590149,0.4253813624382019,0.3872097134590149,0.4253813624382019,0.3872097134590149,0.40238136053085327,0.36420971155166626,0.02,0.498832,0.0,0.4336065948009491,0.998863160610199,0.010370392352342606,0.10334658622741699,0.13168956339359283,0.26868361234664917,0.41098514199256897,0.4114203453063965,0.4336065948009491,0.4336065948009491,0.006273472215980291,0.0012127087684348226,0.251435786485672,0.05129488274946602,1695078.375,2,nan,-1.0,True,,False,0.05099974945187569,0.0,0.46653226017951965,10.0,10.0,1.0,0.0,0.0,0.0,1.0,0.0
21,1695423.875,250.549072265625,0.0,0.5777989625930786,8474.421875,8474.421875,8474.421875,0.42524203658103943,0.42524203658103943,0.38706105947494507,0.38706105947494507,0.42524203658103943,0.38706105947494507,0.42524203658103943,0.38706105947494507,0.4022420346736908,0.36406105756759644,0.02,0.49871404399999997,0.0,0.43347254395484924,0.9988210201263428,0.010371414944529533,0.10332870483398438,0.13168936967849731,0.2686835825443268,0.41085609793663025,0.41129136085510254,0.43347254395484924,0.43347254395484924,0.0064918226562440395,0.0012361699482426047,0.2514721751213074,0.05103851043936124,1695078.375,2,nan,-1.0,True,,False,0.05099974945187569,0.0,0.46653226017951965,10.0,10.0,1.0,0.0,0.0,0.0,1.0,0.0
22,1695443.5,250.57144165039062,0.0,0.5773884057998657,8474.521484375,8474.521484375,8474.521484375,0.4252561926841736,0.4252561926841736,0.38707733154296875,0.38707733154296875,0.4252561926841736,0.38707733154296875,0.4252561926841736,0.38707733154296875,0.40225619077682495,0.3640773296356201,0.020000000000000004,0.498590592,0.0,0.4334867596626282,0.9988204836845398,0.010371205396950245,0.10321509838104248,0.13168498873710632,0.26868361234664917,0.41086336970329285,0.4112986922264099,0.4334867596626282,0.4334867596626282,0.006522313691675663,0.0012529926607385278,0.2515086829662323,0.051099042210909024,1695078.375,2,nan,-1.0,True,,False,0.05099974945187569,0.0,0.46653226017951965,10.0,10.0,1.0,0.0,0.0,0.0,1.0,0.0
23,1695392.875,250.5417938232422,0.0,0.5769832730293274,8474.26953125,8474.26953125,8474.26953125,0.4252351224422455,0.4252351224422455,0.38705578446388245,0.38705578446388245,0.4252351224422455,0.38705578446388245,0.4252351224422455,0.38705578446388245,0.40223512053489685,0.3640557825565338,0.020000000000000004,0.49846166799999997,0.0,0.4334668815135956,0.9988200664520264,0.01037107314914465,0.10324200987815857,0.13168081641197205,0.2686835527420044,0.41084447503089905,0.4112798273563385,0.4334668815135956,0.4334668815135956,0.006659538485109806,0.001279865624383092,0.2515465021133423,0.05107650177605036,1695078.375,2,nan,-1.0,True,,False,0.05099974945187569,0.0,0.46653226017951965,10.0,10.0,1.0,0.0,0.0,0.0,1.0,0.0
24,1695402.0,250.52552795410156,0.0,0.5765888690948486,8474.3154296875,8474.3154296875,8474.3154296875,0.42522281408309937,0.42522281408309937,0.38704395294189453,0.38704395294189453,0.42522281408309937,0.38704395294189453,0.42522281408309937,0.38704395294189453,0.40222281217575073,0.3640439510345459,0.020000000000000004,0.49832729600000003,0.0,0.43345537781715393,0.998819887638092,0.010371726006269455,0.10339111089706421,0.13166944682598114,0.26868361234664917,0.4108278453350067,0.411263108253479,0.43345537781715393,0.43345537781715393,0.0068474505096673965,0.0013152178144082427,0.25158554315567017,0.051094100556737326,1695078.375,2,nan,-1.0,True,,False,0.05099974945187569,0.0,0.46653226017951965,10.0,10.0,1.0,0.0,0.0,0.0,1.0,0.0
25,1695454.375,250.42892456054688,0.0,0.5761579275131226,8474.5791015625,8474.5791015625,8474.5791015625,0.4251566231250763,0.4251566231250763,0.3869737684726715,0.3869737684726715,0.4251566231250763,0.3869737684726715,0.4251566231250763,0.3869737684726715,0.40215662121772766,0.3639737665653229,0.020000000000000004,0.4981875,0.0,0.4333917498588562,0.9988200068473816,0.01037178561091423,0.10365051031112671,0.13165265321731567,0.26868361234664917,0.41076719760894775,0.4112025201320648,0.4333917498588562,0.4333917498588562,0.0071384478360414505,0.0013581413077190518,0.25162580609321594,0.051108820808521055,1695078.375,2,nan,-1.0,True,,False,0.05099974945187569,0.0,0.46653226017951965,10.0,10.0,1.0,0.0,0.0,0.0,1.0,0.0
26,1695451.5,250.4726104736328,0.0,0.5736579298973083,8474.5712890625,8474.5712890625,8474.5712890625,0.4251718819141388,0.4251718819141388,0.3870055079460144,0.3870055079460144,0.4251718819141388,0.3870055079460144,0.4251718819141388,0.3870055079460144,0.40217188000679016,0.36400550603866577,0.02,0.498042304,0.0,0.43341171741485596,0.9988211393356323,0.010370686650276184,0.10480788350105286,0.13163280487060547,0.2686835527420044,0.410770446062088,0.41120606660842896,0.43341171741485596,0.43341171741485596,0.008415988646447659,0.001592183136381209,0.25150567293167114,0.05097000168785194,1695078.375,2,nan,-1.0,True,,False,0.05099974945187569,0.0,0.46653226017951965,10.0,10.0,1.0,0.0,0.0,0.0,1.0,0.0
27,1695421.5,250.5467529296875,0.0,0.570889413356781,8474.427734375,8474.427734375,8474.427734375,0.42520347237586975,0.42520347237586975,0.38705939054489136,0.38705939054489136,0.42520347237586975,0.38705939054489136,0.42520347237586975,0.38705939054489136,0.4022034704685211,0.3640593886375427,0.02,0.49789173200000003,0.0,0.4334472119808197,0.9988219141960144,0.010369268245995045,0.10588985681533813,0.1316235214471817,0.2686835825443268,0.41078418493270874,0.41122016310691833,0.4334472119808197,0.4334472119808197,0.009708846919238567,0.0018172120908275247,0.25113508105278015,0.05096994966798876,1695078.375,2,nan,-1.0,True,,False,0.05099974945187569,0.0,0.46653226017951965,10.0,10.0,1.0,0.0,0.0,0.0,1.0,0.0
28,1695390.375,250.43568420410156,0.0,0.5678615570068359,8474.2802734375,8474.2802734375,8474.2802734375,0.42510494589805603,0.42510494589805603,0.3869786858558655,0.3869786858558655,0.42510494589805603,0.3869786858558655,0.42510494589805603,0.3869786858558655,0.4021049439907074,0.36397868394851685,0.02,0.497735808,0.0,0.4333571493625641,0.9988312125205994,0.010366829112172127,0.10677763819694519,0.13162268698215485,0.26868361234664917,0.41069042682647705,0.4111267626285553,0.4333571791648865,0.4333571791648865,0.011182475835084915,0.0020602711010724306,0.25075992941856384,0.05096610227418649,1695078.375,2,nan,-1.0,True,,False,0.05099974945187569,0.0,0.46653226017951965,10.0,10.0,1.0,0.0,0.0,0.0,1.0,0.0
29,1695329.0,250.43472290039062,0.0,0.5645899176597595,8473.9814453125,8473.9814453125,8473.9814453125,0.4250836670398712,0.4250836670398712,0.3869779706001282,0.3869779706001282,0.4250836670398712,0.3869779706001282,0.4250836670398712,0.3869779706001282,0.4020836651325226,0.36397796869277954,0.02,0.497574556,0.0,0.43334126472473145,0.9988605380058289,0.010367544367909431,0.10760810971260071,0.13161435723304749,0.26868361234664917,0.4106614887714386,0.4110982120037079,0.43334126472473145,0.43334126472473145,0.012598128989338875,0.0023053742479532957,0.25038108229637146,0.051052503649973206,1695078.375,2,nan,-1.0,True,,False,0.05099974945187569,0.0,0.46653226017951965,10.0,10.0,1.0,0.0,0.0,0.0,1.0,0.0
30,1695437.375,250.58938598632812,0.0,0.5610992908477783,8474.53125,8474.53125,8474.53125,0.42517635226249695,0.42517635226249695,0.3870903551578522,0.3870903551578522,0.42517635226249695,0.3870903551578522,0.42517635226249695,0.3870903551578522,0.4021763503551483,0.36409035325050354,0.02,0.49740799999999996,0.0,0.43343496322631836,0.9988417029380798,0.010365764610469341,0.10833615064620972,0.13155710697174072,0.26868361234664917,0.4107186496257782,0.4111555814743042,0.43343496322631836,0.43343496322631836,0.013914342038333416,0.0025517158210277557,0.25,0.05098743007369598,1695078.375,2,nan,-1.0,True,,False,0.05099974945187569,0.0,0.46653226017951965,10.0,10.0,1.0,0.0,0.0,0.0,1.0,0.0
31,1695475.75,250.5930633544922,0.0,0.5578150153160095,8474.7314453125,8474.7314453125,8474.7314453125,0.4251624047756195,0.4251624047756195,0.38709303736686707,0.38709303736686707,0.4251624047756195,0.38709303736686707,0.4251624047756195,0.38709303736686707,0.4021624028682709,0.36409303545951843,0.02,0.49723616400000004,0.0,0.4334249496459961,0.9988720417022705,0.010363273322582245,0.10915008187294006,0.13152073323726654,0.268683522939682,0.4106924533843994,0.4111296832561493,0.4334249496459961,0.4334249496459961,0.01538880169391632,0.0028192729223519564,0.24961882829666138,0.050955633576247945,1695078.375,2,nan,-1.0,True,,False,0.05099974945187569,0.0,0.46653226017951965,10.0,10.0,1.0,0.0,0.0,0.0,1.0,0.0
32,1695390.375,250.62123107910156,0.0,0.5550214052200317,8474.3115234375,8474.3115234375,8474.3115234375,0.42516833543777466,0.42516833543777466,0.387113481760025,0.387113481760025,0.42516833543777466,0.387113481760025,0.42516833543777466,0.387113481760025,0.402168333530426,0.3641134798526764,0.02,0.497059072,0.0,0.4334338307380676,0.9989103078842163,0.010357690043747425,0.11008647084236145,0.13144153356552124,0.26868361234664917,0.41068005561828613,0.4111175239086151,0.4334338307380676,0.4334338307380676,0.016912154853343964,0.0031103137880563736,0.249238982796669,0.05100551332321225,1695078.375,2,nan,-1.0,True,,False,0.05099974945187569,0.0,0.46653226017951965,10.0,10.0,1.0,0.0,0.0,0.0,1.0,0.0
33,1695407.625,250.57540893554688,0.0,0.5530176162719727,8474.40234375,8474.40234375,8474.40234375,0.42512330412864685,0.42512330412864685,0.38708019256591797,0.38708019256591797,0.42512330412864685,0.38708019256591797,0.42512330412864685,0.38708019256591797,0.4021233022212982,0.36408019065856934,0.02,0.49687674800000003,0.0,0.4333932101726532,0.9989473819732666,0.01035514660179615,0.11116525530815125,0.13137438893318176,0.26868361234664917,0.4106149971485138,0.41105279326438904,0.4333932101726532,0.4333932101726532,0.018570518121123314,0.0034105542581528425,0.24886015057563782,0.05101298160055497,1695078.375,2,nan,-1.0,True,,False,0.05099974945187569,0.0,0.46653226017951965,10.0,10.0,1.0,0.0,0.0,0.0,1.0,0.0
34,1695444.0,251.3069610595703,0.0,0.5509153604507446,8474.5859375,8474.5859375,8474.5859375,0.42561668157577515,0.42561668157577515,0.3876112699508667,0.3876112699508667,0.42561668157577515,0.3876112699508667,0.42561668157577515,0.3876112699508667,0.4026166796684265,0.36461126804351807,0.02,0.496689216,0.0,0.4338720440864563,0.9988402128219604,0.010352954268455505,0.1122356653213501,0.1312682032585144,0.26868361234664917,0.4109998047351837,0.4114379286766052,0.4338720440864563,0.4338720440864563,0.019783195108175278,0.003720040200278163,0.24848182499408722,0.050994902087647155,1695078.375,2,nan,-1.0,True,,False,0.05099974945187569,0.0,0.46653226017951965,10.0,10.0,1.0,0.0,0.0,0.0,1.0,0.0
35,1695365.5,250.2044677734375,0.0,0.5485100150108337,8474.205078125,8474.205078125,8474.205078125,0.42483600974082947,0.42483600974082947,0.38681063055992126,0.38681063055992126,0.42483600974082947,0.38681063055992126,0.42483600974082947,0.38681063055992126,0.40183600783348083,0.36381062865257263,0.02,0.4964965,0.0,0.4331200420856476,0.9988440871238708,0.010354713536798954,0.11172977089881897,0.13126161694526672,0.2686835825443268,0.4103316068649292,0.4107702672481537,0.4331200122833252,0.4331200122833252,0.022277548909187317,0.0040386817418038845,0.2481013983488083,0.051016333208988525,1695078.375,2,nan,-1.0,True,,False,0.05099974945187569,0.0,0.46653226017951965,10.0,10.0,1.0,0.0,0.0,0.0,1.0,0.0
36,1695408.375,250.19485473632812,0.0,0.5461910367012024,8474.42578125,8474.42578125,8474.42578125,0.4248037338256836,0.4248037338256836,0.38680362701416016,0.38680362701416016,0.4248037338256836,0.38680362701416016,0.4248037338256836,0.38680362701416016,0.40180373191833496,0.3638036251068115,0.02,0.49629862399999997,0.0,0.43309056758880615,0.9988518357276917,0.010354431346058846,0.11059510707855225,0.13125452399253845,0.2686835825443268,0.4102884829044342,0.4107273817062378,0.43309056758880615,0.43309056758880615,0.02413727156817913,0.004366755485534668,0.24772118031978607,0.05088282249764436,1695078.375,2,nan,-1.0,True,,False,0.05099974945187569,0.0,0.46653226017951965,10.0,10.0,1.0,0.0,0.0,0.0,1.0,0.0
37,1695424.125,250.1871795654297,0.0,0.5442596077919006,8474.5087890625,8474.5087890625,8474.5087890625,0.4247739315032959,0.4247739315032959,0.38679805397987366,0.38679805397987366,0.4247739315032959,0.38679805397987366,0.4247739315032959,0.38679805397987366,0.40177392959594727,0.363798052072525,0.02,0.49609561199999996,0.0,0.43306317925453186,0.9988682866096497,0.010354781523346901,0.10948875546455383,0.1312362253665924,0.26868361234664917,0.41024214029312134,0.41068151593208313,0.43306317925453186,0.43306317925453186,0.026012850925326347,0.004701397847384214,0.24733714759349823,0.050896509687946595,1695078.375,2,nan,-1.0,True,,False,0.05099974945187569,0.0,0.46653226017951965,10.0,10.0,1.0,0.0,0.0,0.0,1.0,0.0
38,1695450.125,250.15379333496094,0.0,0.5421624183654785,8474.64453125,8474.64453125,8474.64453125,0.42473262548446655,0.42473262548446655,0.3867737650871277,0.3867737650871277,0.42473262548446655,0.3867737650871277,0.42473262548446655,0.3867737650871277,0.4017326235771179,0.36377376317977905,0.02,0.495887488,0.0,0.43302422761917114,0.9988784790039062,0.010355002246797085,0.10839176177978516,0.13120004534721375,0.26868361234664917,0.4101916253566742,0.41063135862350464,0.43302422761917114,0.43302422761917114,0.02788834273815155,0.005039893090724945,0.24694563448429108,0.05091292385218872,1695078.375,2,nan,-1.0,True,,False,0.05099974945187569,0.0,0.46653226017951965,10.0,10.0,1.0,0.0,0.0,0.0,1.0,0.0
39,1695502.875,250.1213836669922,0.0,0.5399968028068542,8474.9140625,8474.9140625,8474.9140625,0.4246969223022461,0.4246969223022461,0.3867502212524414,0.3867502212524414,0.4246969223022461,0.3867502212524414,0.4246969223022461,0.3867502212524414,0.40169692039489746,0.3637502193450928,0.02,0.49567427599999997,0.0,0.4329903721809387,0.9988772869110107,0.010353353805840015,0.10741135478019714,0.13110345602035522,0.26868361234664917,0.410128116607666,0.4105682373046875,0.4329903721809387,0.4329903721809387,0.029763709753751755,0.0053822994232177734,0.2465451955795288,0.05092154158693221,1695078.375,2,nan,-1.0,True,,False,0.05099974945187569,0.0,0.46653226017951965,10.0,10.0,1.0,0.0,0.0,0.0,1.0,0.0
40,1695496.5,250.09225463867188,0.0,0.5377886891365051,8474.8876953125,8474.8876953125,8474.8876953125,0.42466112971305847,0.42466112971305847,0.38672903180122375,0.38672903180122375,0.42466112971305847,0.38672903180122375,0.42466112971305847,0.38672903180122375,0.40166112780570984,0.3637290298938751,0.02,0.495456,0.0,0.4329568147659302,0.9988639950752258,0.010350728407502174,0.10660204291343689,0.13100090622901917,0.26868361234664917,0.41006889939308167,0.410509318113327,0.4329568147659302,0.4329568147659302,0.03163425996899605,0.005728359334170818,0.24613508582115173,0.05091627893529625,1695078.375,2,nan,-1.0,True,,False,0.05099974945187569,0.0,0.46653226017951965,10.0,10.0,1.0,0.0,0.0,0.0,1.0,0.0
41,1695437.875,250.07705688476562,0.0,0.5357285737991333,8474.599609375,8474.599609375,8474.599609375,0.4246285855770111,0.4246285855770111,0.3867179751396179,0.3867179751396179,0.4246285855770111,0.3867179751396179,0.4246285855770111,0.3867179751396179,0.4016285836696625,0.3637179732322693,0.02,0.49523268400000003,0.0,0.4329269826412201,0.9988493323326111,0.01034596748650074,0.10627782344818115,0.13092759251594543,0.2686835825443268,0.41001370549201965,0.4104546308517456,0.4329269826412201,0.4329269826412201,0.03349969908595085,0.006077475845813751,0.24571436643600464,0.05087466796168075,1695078.375,2,nan,-1.0,True,,False,0.05099974945187569,0.0,0.46653226017951965,10.0,10.0,1.0,0.0,0.0,0.0,1.0,0.0
42,1695400.0,250.05494689941406,0.0,0.5334885716438293,8474.416015625,8474.416015625,8474.416015625,0.4245893061161041,0.4245893061161041,0.38670188188552856,0.38670188188552856,0.4245893061161041,0.38670188188552856,0.4245893061161041,0.38670188188552856,0.4015893042087555,0.36370187997817993,0.019999999999999997,0.49500435200000004,0.0,0.43289127945899963,0.9988605380058289,0.01034651417285204,0.10762044787406921,0.13092513382434845,0.26868343353271484,0.4099683165550232,0.4104097783565521,0.43289127945899963,0.43289127945899963,0.03535173088312149,0.006428977940231562,0.2452821284532547,0.050858699627699226,1695078.375,2,nan,-1.0,True,,False,0.05099974945187569,0.0,0.46653226017951965,10.0,10.0,1.0,0.0,0.0,0.0,1.0,0.0
43,1695354.125,250.03536987304688,0.0,0.5309821367263794,8474.193359375,8474.193359375,8474.193359375,0.4245500862598419,0.4245500862598419,0.38668766617774963,0.38668766617774963,0.4245500862598419,0.38668766617774963,0.4245500862598419,0.38668766617774963,0.4015500843524933,0.363687664270401,0.02,0.494771028,0.0,0.43285614252090454,0.998878538608551,0.010346502996981144,0.10885173082351685,0.1309187114238739,0.26868361234664917,0.40991583466529846,0.4103579521179199,0.43285614252090454,0.43285614252090454,0.03718436509370804,0.006782453041523695,0.24483782052993774,0.05088873104897276,1695078.375,2,nan,-1.0,True,,False,0.05099974945187569,0.0,0.46653226017951965,10.0,10.0,1.0,0.0,0.0,0.0,1.0,0.0
44,1695286.375,250.0051727294922,0.0,0.5284584164619446,8473.8603515625,8473.8603515625,8473.8603515625,0.4245060086250305,0.4245060086250305,0.3866657018661499,0.3866657018661499,0.4245060086250305,0.3866657018661499,0.4245060086250305,0.3866657018661499,0.4015060067176819,0.36366569995880127,0.02,0.49453273600000003,0.0,0.4328170716762543,0.9988841414451599,0.010345875285565853,0.10999113321304321,0.1309046447277069,0.2686835527420044,0.40985816717147827,0.4103008210659027,0.4328170716762543,0.4328170716762543,0.0390043668448925,0.0071385824121534824,0.24437709152698517,0.05085180254860057,1695078.375,2,nan,-1.0,True,,False,0.05099974945187569,0.0,0.46653226017951965,10.0,10.0,1.0,0.0,0.0,0.0,1.0,0.0
45,1695365.25,249.96041870117188,0.0,0.52633136510849,8474.2607421875,8474.2607421875,8474.2607421875,0.424456924200058,0.424456924200058,0.38663315773010254,0.38663315773010254,0.424456924200058,0.38663315773010254,0.424456924200058,0.38663315773010254,0.40145692229270935,0.3636331558227539,0.02,0.4942895,0.0,0.43277406692504883,0.998883843421936,0.010347328148782253,0.1111084520816803,0.13086816668510437,0.2686835527420044,0.40979424118995667,0.41023749113082886,0.43277406692504883,0.43277406692504883,0.040864285081624985,0.007501253392547369,0.24390415847301483,0.05086349111580704,1695078.375,2,nan,-1.0,True,,False,0.05099974945187569,0.0,0.46653226017951965,10.0,10.0,1.0,0.0,0.0,0.0,1.0,0.0
46,1694878.0,249.9240264892578,0.0,0.5243773460388184,8471.8291015625,8471.8291015625,8471.8291015625,0.4244195818901062,0.4244195818901062,0.3866066634654999,0.3866066634654999,0.4244195818901062,0.3866066634654999,0.4244195818901062,0.3866066634654999,0.40141957998275757,0.36360666155815125,0.02,0.494041344,0.0,0.43274277448654175,0.9988791346549988,0.010346118360757828,0.11125689744949341,0.1307893842458725,0.2686835527420044,0.4097305238246918,0.41017451882362366,0.43274277448654175,0.43274277448654175,0.04277992993593216,0.007872099988162518,0.2434220314025879,0.05079637127346359,1694878.0,46,nan,-1.0,True,,False,0.05099974945187569,0.0,0.46653226017951965,10.0,10.0,1.0,0.0,0.0,0.0,1.0,0.0
47,1694835.0,249.89242553710938,0.0,0.5222296118736267,8471.6201171875,8471.6201171875,8471.6201171875,0.4243834614753723,0.4243834614753723,0.38658368587493896,0.38658368587493896,0.4243834614753723,0.38658368587493896,0.4243834614753723,0.38658368587493896,0.4013834595680237,0.36358368396759033,0.02,0.49378829199999996,0.0,0.4327128231525421,0.9988818168640137,0.010344480164349079,0.1102510392665863,0.13069474697113037,0.2686835527420044,0.409682959318161,0.41012802720069885,0.4327128231525421,0.4327128231525421,0.044758256524801254,0.008251619525253773,0.24293243885040283,0.05087265074447108,1694835.0,47,nan,-1.0,True,,False,0.05099974945187569,0.0,0.46653226017951965,10.0,10.0,1.0,0.0,0.0,0.0,1.0,0.0
48,1694838.0,249.85386657714844,0.0,0.5201230049133301,8471.640625,8471.640625,8471.640625,0.42433789372444153,0.42433789372444153,0.38655564188957214,0.38655564188957214,0.42433789372444153,0.38655564188957214,0.42433789372444153,0.38655564188957214,0.4013378918170929,0.3635556399822235,0.02,0.493530368,0.0,0.4326736330986023,0.9988635778427124,0.010348486714065075,0.1091732382774353,0.13059110939502716,0.26868361234664917,0.4096006155014038,0.4100465476512909,0.4326736330986023,0.4326736330986023,0.04679718613624573,0.008640512824058533,0.24243353307247162,0.050903309409881733,1694835.0,47,nan,-1.0,True,,False,0.05099974945187569,0.0,0.46653226017951965,10.0,10.0,1.0,0.0,0.0,0.0,1.0,0.0
49,1694883.625,249.81947326660156,0.0,0.5180374383926392,8471.8740234375,8471.8740234375,8471.8740234375,0.4242892861366272,0.4242892861366272,0.3865306079387665,0.3865306079387665,0.4242892861366272,0.3865306079387665,0.4242892861366272,0.3865306079387665,0.40128928422927856,0.36353060603141785,0.02,0.49326759600000003,0.0,0.4326312243938446,0.9988604784011841,0.010348747484385967,0.10790389776229858,0.13055087625980377,0.2686835527420044,0.4095333218574524,0.4099799394607544,0.4326312243938446,0.4326312243938446,0.04890000820159912,0.009038629941642284,0.2419223040342331,0.050930960933328606,1694835.0,47,nan,-1.0,True,,False,0.05099974945187569,0.0,0.46653226017951965,10.0,10.0,1.0,0.0,0.0,0.0,1.0,0.0
50,1694528.75,249.8031005859375,0.0,0.5161074995994568,8470.1044921875,8470.1044921875,8470.1044921875,0.424250990152359,0.424250990152359,0.3865186870098114,0.3865186870098114,0.424250990152359,0.3865186870098114,0.424250990152359,0.3865186870098114,0.4012509882450104,0.36351868510246277,0.02,0.493,0.0,0.43259939551353455,0.9988987445831299,0.010349365882575512,0.10886156558990479,0.13053402304649353,0.2686835527420044,0.40946871042251587,0.4099161624908447,0.43259939551353455,0.43259939551353455,0.05109143629670143,0.009446492418646812,0.24139949679374695,0.050745025718545854,1694528.75,50,nan,-1.0,True,,False,0.05099974945187569,0.0,0.46653226017951965,10.0,10.0,1.0,0.0,0.0,0.0,1.0,0.0
51,1694798.875,249.74525451660156,0.0,0.514284074306488,8471.4599609375,8471.4599609375,8471.4599609375,0.4241838753223419,0.4241838753223419,0.3864766061306,0.3864766061306,0.4241838753223419,0.3864766061306,0.4241838753223419,0.3864766061306,0.4011838734149933,0.36347660422325134,0.02,0.49272760400000004,0.0,0.43253883719444275,0.9988945126533508,0.010348041541874409,0.10895800590515137,0.13051898777484894,0.26868361234664917,0.4093722105026245,0.4098200500011444,0.43253883719444275,0.43253883719444275,0.05326827988028526,0.009862629696726799,0.24086856842041016,0.0508441733836662,1694528.75,50,nan,-1.0,True,,False,0.05099974945187569,0.0,0.46653226017951965,10.0,10.0,1.0,0.0,0.0,0.0,1.0,0.0
52,1694898.5,249.6778564453125,0.0,0.5121749043464661,8471.9638671875,8471.9638671875,8471.9638671875,0.4241172671318054,0.4241172671318054,0.38642755150794983,0.38642755150794983,0.4241172671318054,0.38642755150794983,0.4241172671318054,0.38642755150794983,0.4011172652244568,0.3634275496006012,0.02,0.492450432,0.0,0.4324793219566345,0.9988421201705933,0.010347599163651466,0.10721480846405029,0.13045649230480194,0.2686835527420044,0.40928468108177185,0.4097333252429962,0.4324793219566345,0.4324793219566345,0.055533915758132935,0.010288066230714321,0.24032354354858398,0.050837420245645464,1694528.75,50,nan,-1.0,True,,False,0.05099974945187569,0.0,0.46653226017951965,10.0,10.0,1.0,0.0,0.0,0.0,1.0,0.0
53,1695202.0,249.59793090820312,0.0,0.5103301405906677,8473.486328125,8473.486328125,8473.486328125,0.4240497946739197,0.4240497946739197,0.38636937737464905,0.38636937737464905,0.4240497946739197,0.38636937737464905,0.4240497946739197,0.38636937737464905,0.40104979276657104,0.3633693754673004,0.02,0.492168508,0.0,0.43241918087005615,0.9988231658935547,0.010343985632061958,0.10668540000915527,0.13035203516483307,0.2686835825443268,0.40920618176460266,0.4096556007862091,0.43241918087005615,0.43241918087005615,0.057877279818058014,0.010722889564931393,0.23976454138755798,0.05079217291171921,1694528.75,50,nan,-1.0,True,,False,0.05099974945187569,0.0,0.46653226017951965,10.0,10.0,1.0,0.0,0.0,0.0,1.0,0.0
54,1695265.875,249.52796936035156,0.0,0.5081809163093567,8473.8115234375,8473.8115234375,8473.8115234375,0.42399004101753235,0.42399004101753235,0.3863184452056885,0.3863184452056885,0.42399004101753235,0.3863184452056885,0.42399004101753235,0.3863184452056885,0.4009900391101837,0.36331844329833984,0.02,0.491881856,0.0,0.43236595392227173,0.9988588094711304,0.010337771847844124,0.10451987385749817,0.13021503388881683,0.2686835527420044,0.4091172516345978,0.4095675051212311,0.43236595392227173,0.43236595392227173,0.06029311567544937,0.011166847310960293,0.23918960988521576,0.05054243192231903,1694528.75,50,nan,-1.0,True,,False,0.05099974945187569,0.0,0.46653226017951965,10.0,10.0,1.0,0.0,0.0,0.0,1.0,0.0
55,1695372.375,249.46994018554688,0.0,0.505936324596405,8474.349609375,8474.349609375,8474.349609375,0.4239269495010376,0.4239269495010376,0.3862762153148651,0.3862762153148651,0.4239269495010376,0.3862762153148651,0.4239269495010376,0.3862762153148651,0.40092694759368896,0.3632762134075165,0.02,0.49159050000000004,0.0,0.4323091208934784,0.9988406300544739,0.010333877988159657,0.10233217477798462,0.1301841288805008,0.26868361234664917,0.40903377532958984,0.40948474407196045,0.4323091208934784,0.4323091208934784,0.0627409890294075,0.0116177499294281,0.23858840763568878,0.05036904269945808,1694528.75,50,nan,-1.0,True,,False,0.05099974945187569,0.0,0.46653226017951965,10.0,10.0,1.0,0.0,0.0,0.0,1.0,0.0
56,1695435.75,249.41436767578125,0.0,0.5034600496292114,8474.6728515625,8474.6728515625,8474.6728515625,0.4238537847995758,0.4238537847995758,0.3862357437610626,0.3862357437610626,0.4238537847995758,0.3862357437610626,0.4238537847995758,0.3862357437610626,0.4008537828922272,0.363235741853714,0.02,0.491294464,0.0,0.43224239349365234,0.9988669753074646,0.010331236757338047,0.10017451643943787,0.13026021420955658,0.26868361234664917,0.4089682400226593,0.4094198942184448,0.43224239349365234,0.43224239349365234,0.06520529091358185,0.012073218822479248,0.23796609044075012,0.050389145772593714,1694528.75,50,nan,-1.0,True,,False,0.05099974945187569,0.0,0.46653226017951965,10.0,10.0,1.0,0.0,0.0,0.0,1.0,0.0
57,1695488.0,249.39068603515625,0.0,0.5007349252700806,8474.94140625,8474.94140625,8474.94140625,0.4238002896308899,0.4238002896308899,0.38621848821640015,0.38621848821640015,0.4238002896308899,0.38621848821640015,0.4238002896308899,0.38621848821640015,0.40080028772354126,0.3632184863090515,0.02,0.490993772,0.0,0.43219441175460815,0.9988231062889099,0.010328782722353935,0.09802103042602539,0.13030624389648438,0.2686835825443268,0.40888211131095886,0.40933459997177124,0.43219441175460815,0.43219441175460815,0.06766963005065918,0.01253157015889883,0.2373216450214386,0.05028029842813137,1694528.75,50,nan,-1.0,True,,False,0.05099974945187569,0.0,0.46653226017951965,10.0,10.0,1.0,0.0,0.0,0.0,1.0,0.0
58,1695517.0,249.3442840576172,0.0,0.49826714396476746,8475.0927734375,8475.0927734375,8475.0927734375,0.423746794462204,0.423746794462204,0.3861846923828125,0.3861846923828125,0.423746794462204,0.3861846923828125,0.423746794462204,0.3861846923828125,0.40074679255485535,0.36318469047546387,0.02,0.490688448,0.0,0.4321451485157013,0.9988221526145935,0.010326707735657692,0.09691333770751953,0.13027706742286682,0.2686835527420044,0.40878826379776,0.40924152731895447,0.4321450889110565,0.4321450889110565,0.0701296478509903,0.012992851436138153,0.23665069043636322,0.050321122270866506,1694528.75,50,nan,-1.0,True,,False,0.05099974945187569,0.0,0.46653226017951965,10.0,10.0,1.0,0.0,0.0,0.0,1.0,0.0
59,1695505.75,249.2786865234375,0.0,0.49552592635154724,8475.0439453125,8475.0439453125,8475.0439453125,0.42369794845581055,0.42369794845581055,0.386136919260025,0.386136919260025,0.42369794845581055,0.386136919260025,0.42369794845581055,0.386136919260025,0.4006979465484619,0.3631369173526764,0.02,0.490378516,0.0,0.43209975957870483,0.9988368153572083,0.010323658585548401,0.09617096185684204,0.13012151420116425,0.26868361234664917,0.4087139070034027,0.40916773676872253,0.43209975957870483,0.43209975957870483,0.07260712236166,0.013457673601806164,0.2359483242034912,0.04956859003707197,1694528.75,50,nan,-1.0,True,,False,0.05099974945187569,0.0,0.46653226017951965,10.0,10.0,1.0,0.0,0.0,0.0,1.0,0.0
60,1694661.375,249.24278259277344,0.0,0.49294835329055786,8470.828125,8470.828125,8470.828125,0.4236694872379303,0.4236694872379303,0.386110782623291,0.386110782623291,0.4236694872379303,0.386110782623291,0.4236694872379303,0.386110782623291,0.40066948533058167,0.3631107807159424,0.02,0.490064,0.0,0.43207311630249023,0.998854398727417,0.010323631577193737,0.09558853507041931,0.13002000749111176,0.26868361234664917,0.4086397588253021,0.4090940058231354,0.43207311630249023,0.43207311630249023,0.07516063749790192,0.013932525180280209,0.23517531156539917,0.051527670526411384,1694528.75,50,nan,-1.0,True,,False,0.05099974945187569,0.0,0.46653226017951965,10.0,10.0,1.0,0.0,0.0,0.0,1.0,0.0
61,1694653.125,249.23788452148438,0.0,0.48965954780578613,8470.794921875,8470.794921875,8470.794921875,0.4236546754837036,0.4236546754837036,0.3861072063446045,0.3861072063446045,0.4236546754837036,0.3861072063446045,0.4236546754837036,0.3861072063446045,0.400654673576355,0.36310720443725586,0.02,0.48974492399999997,0.0,0.43205851316452026,0.9988730549812317,0.010328824631869793,0.09515908360481262,0.1299581080675125,0.26868361234664917,0.40855836868286133,0.40901297330856323,0.43205851316452026,0.43205851316452026,0.07777368277311325,0.01441668625921011,0.23434798419475555,0.050977350232036166,1694528.75,50,nan,-1.0,True,,False,0.05099974945187569,0.0,0.46653226017951965,10.0,10.0,1.0,0.0,0.0,0.0,1.0,0.0
62,1694633.25,249.262939453125,0.0,0.4875454008579254,8470.701171875,8470.701171875,8470.701171875,0.42365700006484985,0.42365700006484985,0.38612544536590576,0.38612544536590576,0.42365700006484985,0.38612544536590576,0.42365700006484985,0.38612544536590576,0.4006569981575012,0.36312544345855713,0.02,0.489421312,0.0,0.4320588707923889,0.998869001865387,0.01032750029116869,0.09485915303230286,0.12997117638587952,0.2686835527420044,0.40850019454956055,0.408954918384552,0.4320589005947113,0.4320589005947113,0.08045168966054916,0.014910608530044556,0.23346568644046783,0.05042993480068011,1694528.75,50,nan,-1.0,True,,False,0.05099974945187569,0.0,0.46653226017951965,10.0,10.0,1.0,0.0,0.0,0.0,1.0,0.0
63,1694596.5,249.3116912841797,0.0,0.48490166664123535,8470.5234375,8470.5234375,8470.5234375,0.4236733019351959,0.4236733019351959,0.3861609697341919,0.3861609697341919,0.4236733019351959,0.3861609697341919,0.4236733019351959,0.3861609697341919,0.4006733000278473,0.36316096782684326,0.02,0.489093188,0.0,0.4320701062679291,0.998894989490509,0.010330679826438427,0.09579053521156311,0.12994509935379028,0.26868361234664917,0.408458411693573,0.4089130163192749,0.4320701062679291,0.4320701062679291,0.08316997438669205,0.015413087792694569,0.23255446553230286,0.0503711309817542,1694528.75,50,nan,-1.0,True,,False,0.05099974945187569,0.0,0.46653226017951965,10.0,10.0,1.0,0.0,0.0,0.0,1.0,0.0
64,1694538.625,249.390869140625,0.0,0.48322391510009766,8470.23828125,8470.23828125,8470.23828125,0.4237143099308014,0.4237143099308014,0.3862186372280121,0.3862186372280121,0.4237143099308014,0.3862186372280121,0.4237143099308014,0.3862186372280121,0.40071430802345276,0.36321863532066345,0.02,0.488760576,0.0,0.4321039021015167,0.998962938785553,0.01033010520040989,0.0955502986907959,0.1299283802509308,0.2686835527420044,0.40844011306762695,0.40889444947242737,0.4321039021015167,0.4321039021015167,0.0859103873372078,0.01591801643371582,0.23162156343460083,0.05033093995168909,1694528.75,50,nan,-1.0,True,,False,0.05099974945187569,0.0,0.46653226017951965,10.0,10.0,1.0,0.0,0.0,0.0,1.0,0.0
65,1694410.875,249.48558044433594,0.0,0.4818570613861084,8469.6025390625,8469.6025390625,8469.6025390625,0.4237760901451111,0.4237760901451111,0.3862875998020172,0.3862875998020172,0.4237760901451111,0.3862875998020172,0.4237760901451111,0.3862875998020172,0.40077608823776245,0.3632875978946686,0.02,0.4884235,0.0,0.4321555495262146,0.9988680481910706,0.01033203024417162,0.09448647499084473,0.1298510581254959,0.2686835527420044,0.4084060788154602,0.4088596999645233,0.4321555495262146,0.4321555495262146,0.08872416615486145,0.016424236819148064,0.23066926002502441,0.05032346741225208,1694410.875,65,nan,-1.0,True,,False,0.05099974945187569,0.0,0.46653226017951965,10.0,10.0,1.0,0.0,0.0,0.0,1.0,0.0
66,1692819.25,249.59161376953125,0.0,0.48110395669937134,8461.6455078125,8461.6455078125,8461.6455078125,0.4238421320915222,0.4238421320915222,0.38636478781700134,0.38636478781700134,0.4238421320915222,0.38636478781700134,0.4238421320915222,0.38636478781700134,0.4008421301841736,0.3633647859096527,0.02,0.48808198399999997,0.0,0.43220987915992737,0.9988245964050293,0.010332325473427773,0.09458169341087341,0.12978555262088776,0.26868361234664917,0.4083966314792633,0.4088492691516876,0.43220987915992737,0.43220987915992737,0.09152183681726456,0.0169545765966177,0.22969810664653778,0.051195938757801845,1692819.25,66,nan,-1.0,True,,False,0.05099974945187569,0.0,0.46653226017951965,10.0,10.0,1.0,0.0,0.0,0.0,1.0,0.0
67,1692728.875,249.75115966796875,0.0,0.47967979311943054,8461.1962890625,8461.1962890625,8461.1962890625,0.4239332973957062,0.4239332973957062,0.3864808976650238,0.3864808976650238,0.4239332973957062,0.3864808976650238,0.4239332973957062,0.3864808976650238,0.40093329548835754,0.36348089575767517,0.02,0.48773605200000003,0.0,0.43228960037231445,0.9989282488822937,0.010336032137274742,0.09476020932197571,0.12984025478363037,0.2686835527420044,0.4084174931049347,0.4088689386844635,0.43228960037231445,0.43228960037231445,0.0943264439702034,0.01752851903438568,0.22871600091457367,0.04711684084031731,1692728.875,67,nan,-1.0,True,,False,0.05099974945187569,0.0,0.46653226017951965,10.0,10.0,1.0,0.0,0.0,0.0,1.0,0.0
68,1692293.125,249.95191955566406,0.0,0.47955068945884705,8459.0166015625,8459.0166015625,8459.0166015625,0.4240575134754181,0.4240575134754181,0.3866269588470459,0.3866269588470459,0.4240575134754181,0.3866269588470459,0.4240575134754181,0.3866269588470459,0.40105751156806946,0.36362695693969727,0.02,0.48738572799999996,0.0,0.43240272998809814,0.9988864064216614,0.010340816341340542,0.09494093060493469,0.1298733949661255,0.2686835825443268,0.408456414937973,0.40890660881996155,0.43240272998809814,0.43240272998809814,0.09709309041500092,0.0181131549179554,0.22772173583507538,0.04662328204398768,1692293.125,68,nan,-1.0,True,,False,0.05099974945187569,0.0,0.46653226017951965,10.0,10.0,1.0,0.0,0.0,0.0,1.0,0.0
69,1692116.625,250.1796417236328,0.0,0.4789019525051117,8458.134765625,8458.134765625,8458.134765625,0.4242180287837982,0.4242180287837982,0.3867925703525543,0.3867925703525543,0.4242180287837982,0.3867925703525543,0.4242180287837982,0.3867925703525543,0.4012180268764496,0.3637925684452057,0.02,0.48703103600000003,0.0,0.43255218863487244,0.9988204836845398,0.010342803783714771,0.09511467814445496,0.12978842854499817,0.2686835825443268,0.40848982334136963,0.408939391374588,0.43255218863487244,0.43255218863487244,0.09983167052268982,0.018709765747189522,0.2267197221517563,0.03328252046938158,1692116.625,69,nan,-1.0,True,,False,0.05099974945187569,0.0,0.46653226017951965,10.0,10.0,1.0,0.0,0.0,0.0,1.0,0.0
70,1694990.5,250.44369506835938,0.0,0.47862502932548523,8472.50390625,8472.50390625,8472.50390625,0.42441052198410034,0.42441052198410034,0.3869844973087311,0.3869844973087311,0.42441052198410034,0.3869844973087311,0.42441052198410034,0.3869844973087311,0.4014105200767517,0.36398449540138245,0.02,0.486672,0.0,0.43273231387138367,0.9988540410995483,0.01035447046160698,0.09808480739593506,0.12969793379306793,0.26868361234664917,0.40854406356811523,0.4089929759502411,0.43273231387138367,0.43273231387138367,0.10262652486562729,0.01935204491019249,0.22572441399097443,0.04944609566074279,1692116.625,69,nan,-1.0,True,,False,0.05099974945187569,0.0,0.46653226017951965,10.0,10.0,1.0,0.0,0.0,0.0,1.0,0.0
71,1694816.0,250.75637817382812,0.0,0.4781827926635742,8471.630859375,8471.630859375,8471.630859375,0.42462486028671265,0.42462486028671265,0.3872116506099701,0.3872116506099701,0.42462486028671265,0.3872116506099701,0.42462486028671265,0.3872116506099701,0.401624858379364,0.36421164870262146,0.019999999999999997,0.486308644,0.0,0.43293455243110657,0.9988918900489807,0.010361370630562305,0.1012648344039917,0.12976422905921936,0.2686835527420044,0.40865662693977356,0.409105122089386,0.43293455243110657,0.43293455243110657,0.1053960844874382,0.020005328580737114,0.22472181916236877,0.04670566206105933,1692116.625,69,nan,-1.0,True,,False,0.05099974945187569,0.0,0.46653226017951965,10.0,10.0,1.0,0.0,0.0,0.0,1.0,0.0
72,1694849.875,251.10154724121094,0.0,0.4773138165473938,8471.80078125,8471.80078125,8471.80078125,0.42486926913261414,0.42486926913261414,0.38746222853660583,0.38746222853660583,0.42486926913261414,0.38746222853660583,0.42486926913261414,0.38746222853660583,0.4018692672252655,0.3644622266292572,0.019999999999999997,0.48594099199999996,0.0,0.43316590785980225,0.9989302754402161,0.01037125289440155,0.10499656200408936,0.12984757125377655,0.268683522939682,0.40876543521881104,0.4092138707637787,0.43316590785980225,0.43316590785980225,0.1081848293542862,0.020671548321843147,0.22371667623519897,0.04595132190055059,1692116.625,69,nan,-1.0,True,,False,0.05099974945187569,0.0,0.46653226017951965,10.0,10.0,1.0,0.0,0.0,0.0,1.0,0.0
73,1694664.125,251.48565673828125,0.0,0.47672930359840393,8470.87109375,8470.87109375,8470.87109375,0.4251597225666046,0.4251597225666046,0.3877408802509308,0.3877408802509308,0.4251597225666046,0.3877408802509308,0.4251597225666046,0.3877408802509308,0.402159720659256,0.36474087834358215,0.019999999999999997,0.485569068,0.0,0.43344324827194214,0.9989216327667236,0.010376439429819584,0.10886958241462708,0.12979935109615326,0.26868361234664917,0.40890324115753174,0.409351646900177,0.43344324827194214,0.43344324827194214,0.11099151521921158,0.021346252411603928,0.22270731627941132,0.04499848005717569,1692116.625,69,nan,-1.0,True,,False,0.05099974945187569,0.0,0.46653226017951965,10.0,10.0,1.0,0.0,0.0,0.0,1.0,0.0
74,1694539.375,251.89247131347656,0.0,0.4755617082118988,8470.2490234375,8470.2490234375,8470.2490234375,0.4254748225212097,0.4254748225212097,0.38803577423095703,0.38803577423095703,0.4254748225212097,0.38803577423095703,0.4254748225212097,0.38803577423095703,0.4024748206138611,0.3650357723236084,0.019999999999999997,0.48519289600000004,0.0,0.43374499678611755,0.9988970160484314,0.01039146352559328,0.11016035079956055,0.1296652853488922,0.26868361234664917,0.4090528190135956,0.4095011055469513,0.43374499678611755,0.43374499678611755,0.11377936601638794,0.022032340988516808,0.2216915637254715,0.033562348567001105,1692116.625,69,nan,-1.0,True,,False,0.05099974945187569,0.0,0.46653226017951965,10.0,10.0,1.0,0.0,0.0,0.0,1.0,0.0
75,1694605.25,252.32862854003906,0.0,0.4753428101539612,8470.576171875,8470.576171875,8470.576171875,0.42579737305641174,0.42579737305641174,0.3883516788482666,0.3883516788482666,0.42579737305641174,0.3883516788482666,0.42579737305641174,0.3883516788482666,0.4027973711490631,0.36535167694091797,0.019999999999999997,0.48481250000000004,0.0,0.43405336141586304,0.998856782913208,0.010403009131550789,0.11076724529266357,0.1296703964471817,0.2686835527420044,0.40921926498413086,0.409667432308197,0.43405336141586304,0.43405336141586304,0.1164599061012268,0.022724969312548637,0.22066010534763336,0.030105276938734785,1692116.625,69,nan,-1.0,True,,False,0.05099974945187569,0.0,0.46653226017951965,10.0,10.0,1.0,0.0,0.0,0.0,1.0,0.0
76,1694061.5,252.80152893066406,0.0,0.47441861033439636,8467.857421875,8467.857421875,8467.857421875,0.42613378167152405,0.42613378167152405,0.3886938691139221,0.3886938691139221,0.42613378167152405,0.3886938691139221,0.42613378167152405,0.3886938691139221,0.4031337797641754,0.3656938672065735,0.02,0.48442790399999996,0.0,0.4343754053115845,0.9988555312156677,0.010412359610199928,0.11054462194442749,0.129750594496727,0.2686835825443268,0.40940362215042114,0.40985164046287537,0.4343754053115845,0.4343754053115845,0.1190921738743782,0.023404693230986595,0.21937234699726105,0.027200521002264902,1692116.625,69,nan,-1.0,True,,False,0.05099974945187569,0.0,0.46653226017951965,10.0,10.0,1.0,0.0,0.0,0.0,1.0,0.0
77,1693353.875,253.30755615234375,0.0,0.47396546602249146,8464.318359375,8464.318359375,8464.318359375,0.42650550603866577,0.42650550603866577,0.3890596926212311,0.3890596926212311,0.42650550603866577,0.3890596926212311,0.42650550603866577,0.3890596926212311,0.40350550413131714,0.36605969071388245,0.02,0.484039132,0.0,0.43473145365715027,0.9988551735877991,0.010418700985610485,0.11271151900291443,0.1297190636396408,0.26868361234664917,0.40963125228881836,0.41007909178733826,0.43473145365715027,0.43473145365715027,0.12168875336647034,0.024073204025626183,0.21771207451820374,0.04559599507774692,1692116.625,69,nan,-1.0,True,,False,0.05099974945187569,0.0,0.46653226017951965,10.0,10.0,1.0,0.0,0.0,0.0,1.0,0.0
78,1694004.375,253.8498992919922,0.0,0.47375836968421936,8467.568359375,8467.568359375,8467.568359375,0.4269077479839325,0.4269077479839325,0.38945135474205017,0.38945135474205017,0.4269077479839325,0.38945135474205017,0.4269077479839325,0.38945135474205017,0.40390774607658386,0.36645135283470154,0.02,0.48364620799999997,0.0,0.4351170063018799,0.9988521933555603,0.01041343156248331,0.11215493083000183,0.12964946031570435,0.26868361234664917,0.40984809398651123,0.41029560565948486,0.4351170063018799,0.4351170063018799,0.1242266520857811,0.024729419499635696,0.21605730056762695,0.045954601793912135,1692116.625,69,nan,-1.0,True,,False,0.05099974945187569,0.0,0.46653226017951965,10.0,10.0,1.0,0.0,0.0,0.0,1.0,0.0
79,1694535.5,255.0634765625,0.0,0.4733625054359436,8470.21875,8470.21875,8470.21875,0.4277428984642029,0.4277428984642029,0.39032626152038574,0.39032626152038574,0.4277428984642029,0.39032626152038574,0.4277428984642029,0.39032626152038574,0.40474289655685425,0.3673262596130371,0.02,0.483249156,0.0,0.43592026829719543,0.9989874362945557,0.01041862927377224,0.11033722758293152,0.12967737019062042,0.2686835825443268,0.4104417562484741,0.4108888506889343,0.43592026829719543,0.43592026829719543,0.12704990804195404,0.02537297084927559,0.21440377831459045,0.050462025435990654,1692116.625,69,nan,-1.0,True,,False,0.05099974945187569,0.0,0.46653226017951965,10.0,10.0,1.0,0.0,0.0,0.0,1.0,0.0
80,1694634.625,255.24293518066406,0.0,0.4735628068447113,8470.712890625,8470.712890625,8470.712890625,0.4278723895549774,0.4278723895549774,0.3904554545879364,0.3904554545879364,0.4278723895549774,0.3904554545879364,0.4278723895549774,0.3904554545879364,0.4048723876476288,0.36745545268058777,0.02,0.482848,0.0,0.43604350090026855,0.9988915920257568,0.010435176081955433,0.1097697913646698,0.1296936422586441,0.2686835825443268,0.4104458689689636,0.41089242696762085,0.43604350090026855,0.43604350090026855,0.12918072938919067,0.026004865765571594,0.2127586454153061,0.05004501638985756,1692116.625,69,nan,-1.0,True,,False,0.05099974945187569,0.0,0.46653226017951965,10.0,10.0,1.0,0.0,0.0,0.0,1.0,0.0
81,1695088.875,255.6683807373047,0.0,0.47266826033592224,8472.984375,8472.984375,8472.984375,0.4281798005104065,0.4281798005104065,0.3907615840435028,0.3907615840435028,0.4281798005104065,0.3907615840435028,0.4281798005104065,0.3907615840435028,0.40517979860305786,0.3677615821361542,0.02,0.48244276399999997,0.0,0.43633782863616943,0.9988881349563599,0.010437849909067154,0.11092191934585571,0.12967349588871002,0.26868361234664917,0.41059643030166626,0.41104236245155334,0.43633782863616943,0.43633782863616943,0.13142894208431244,0.026623660698533058,0.21112284064292908,0.04819652787894787,1692116.625,69,nan,-1.0,True,,False,0.05099974945187569,0.0,0.46653226017951965,10.0,10.0,1.0,0.0,0.0,0.0,1.0,0.0
82,1695137.25,256.2705078125,0.0,0.47231873869895935,8473.224609375,8473.224609375,8473.224609375,0.4286237359046936,0.4286237359046936,0.3911944031715393,0.3911944031715393,0.4286237359046936,0.3911944031715393,0.4286237359046936,0.3911944031715393,0.40562373399734497,0.3681944012641907,0.02,0.48203347199999996,0.0,0.43676480650901794,0.9990513920783997,0.01044449396431446,0.11193951964378357,0.12957972288131714,0.2686835527420044,0.41086551547050476,0.4113110303878784,0.43676480650901794,0.43676480650901794,0.13373248279094696,0.027226602658629417,0.20949380099773407,0.03944492110814382,1692116.625,69,nan,-1.0,True,,False,0.05099974945187569,0.0,0.46653226017951965,10.0,10.0,1.0,0.0,0.0,0.0,1.0,0.0
83,1695131.125,256.7640686035156,0.0,0.471023291349411,8473.1943359375,8473.1943359375,8473.1943359375,0.428975909948349,0.428975909948349,0.391548752784729,0.391548752784729,0.428975909948349,0.391548752784729,0.428975909948349,0.391548752784729,0.40597590804100037,0.36854875087738037,0.019999999999999997,0.48162014799999997,0.0,0.4371033310890198,0.9989821314811707,0.010467078536748886,0.11299091577529907,0.12961654365062714,0.26868361234664917,0.41105812788009644,0.4115033447742462,0.4371033310890198,0.4371033310890198,0.1358635127544403,0.02781100943684578,0.20785941183567047,0.022888938802579004,1692116.625,69,nan,-1.0,True,,False,0.05099974945187569,0.0,0.46653226017951965,10.0,10.0,1.0,0.0,0.0,0.0,1.0,0.0
84,1695299.375,257.2361755371094,0.0,0.4706023335456848,8474.0341796875,8474.0341796875,8474.0341796875,0.429303914308548,0.429303914308548,0.3918874263763428,0.3918874263763428,0.429303914308548,0.3918874263763428,0.429303914308548,0.3918874263763428,0.40630391240119934,0.36888742446899414,0.019999999999999997,0.48120281600000003,0.0,0.4374183118343353,0.9989054203033447,0.010483160614967346,0.11400571465492249,0.12973250448703766,0.2686835527420044,0.41122251749038696,0.4116673171520233,0.4374183118343353,0.4374183118343353,0.13781608641147614,0.02837344817817211,0.20622171461582184,0.01409488101166466,1692116.625,69,nan,-1.0,True,,False,0.05099974945187569,0.0,0.46653226017951965,10.0,10.0,1.0,0.0,0.0,0.0,1.0,0.0
85,1695237.0,257.7344970703125,0.0,0.46879979968070984,8473.724609375,8473.724609375,8473.724609375,0.42967119812965393,0.42967119812965393,0.3922445774078369,0.3922445774078369,0.42967119812965393,0.3922445774078369,0.42967119812965393,0.3922445774078369,0.4066711962223053,0.3692445755004883,0.019999999999999997,0.48078150000000003,0.0,0.43777233362197876,0.998884916305542,0.010492130182683468,0.11310422420501709,0.12969739735126495,0.26868361234664917,0.4114227592945099,0.41186729073524475,0.43777233362197876,0.43777233362197876,0.13974277675151825,0.028925195336341858,0.20456068217754364,0.02221145530832776,1692116.625,69,nan,-1.0,True,,False,0.05099974945187569,0.0,0.46653226017951965,10.0,10.0,1.0,0.0,0.0,0.0,1.0,0.0
86,1694994.625,258.1736755371094,0.0,0.46796759963035583,8472.5126953125,8472.5126953125,8472.5126953125,0.42998644709587097,0.42998644709587097,0.3925590217113495,0.3925590217113495,0.42998644709587097,0.3925590217113495,0.42998644709587097,0.3925590217113495,0.40698644518852234,0.36955901980400085,0.02,0.480356224,0.0,0.43807610869407654,0.9988529086112976,0.010501373559236526,0.11216169595718384,0.12965163588523865,0.26868361234664917,0.4115748405456543,0.4120190143585205,0.43807610869407654,0.43807610869407654,0.1415446251630783,0.02946457825601101,0.2028769552707672,0.02436790690020037,1692116.625,69,nan,-1.0,True,,False,0.05099974945187569,0.0,0.46653226017951965,10.0,10.0,1.0,0.0,0.0,0.0,1.0,0.0
87,1695105.25,258.6437683105469,0.0,0.4677235782146454,8473.0634765625,8473.0634765625,8473.0634765625,0.4303079843521118,0.4303079843521118,0.39289531111717224,0.39289531111717224,0.4303079843521118,0.39289531111717224,0.4303079843521118,0.39289531111717224,0.4073079824447632,0.3698953092098236,0.02,0.479927012,0.0,0.43838590383529663,0.9988611340522766,0.01050487905740738,0.11118799448013306,0.12981121242046356,0.2686835825443268,0.4117724299430847,0.4122166037559509,0.43838590383529663,0.43838590383529663,0.14330974221229553,0.029995549470186234,0.20117178559303284,0.03249252384153402,1692116.625,69,nan,-1.0,True,,False,0.05099974945187569,0.0,0.46653226017951965,10.0,10.0,1.0,0.0,0.0,0.0,1.0,0.0
88,1694952.5,259.0356750488281,0.0,0.46733734011650085,8472.298828125,8472.298828125,8472.298828125,0.4305974543094635,0.4305974543094635,0.39317548274993896,0.39317548274993896,0.4305974543094635,0.39317548274993896,0.4305974543094635,0.39317548274993896,0.40759745240211487,0.37017548084259033,0.02,0.47949388800000003,0.0,0.4386647343635559,0.9988712668418884,0.010506430640816689,0.1101732850074768,0.12984050810337067,0.2686835527420044,0.4119187295436859,0.41236308217048645,0.4386647343635559,0.4386647343635559,0.1449947953224182,0.03051893785595894,0.19944719970226288,0.036605535739605934,1692116.625,69,nan,-1.0,True,,False,0.05099974945187569,0.0,0.46653226017951965,10.0,10.0,1.0,0.0,0.0,0.0,1.0,0.0
89,1694637.0,259.39141845703125,0.0,0.46616917848587036,8470.72265625,8470.72265625,8470.72265625,0.43087664246559143,0.43087664246559143,0.39342957735061646,0.39342957735061646,0.43087664246559143,0.39342957735061646,0.43087664246559143,0.39342957735061646,0.4078766405582428,0.3704295754432678,0.02,0.47905687599999996,0.0,0.43893253803253174,0.9988797903060913,0.01051669754087925,0.10910874605178833,0.12972550094127655,0.2686835825443268,0.41204753518104553,0.412492036819458,0.43893253803253174,0.43893253803253174,0.14663496613502502,0.03103630617260933,0.1977013796567917,0.03779478017046737,1692116.625,69,nan,-1.0,True,,False,0.05099974945187569,0.0,0.46653226017951965,10.0,10.0,1.0,0.0,0.0,0.0,1.0,0.0
90,1694302.125,259.74615478515625,0.0,0.46442633867263794,8469.05078125,8469.05078125,8469.05078125,0.4311339259147644,0.4311339259147644,0.3936827778816223,0.3936827778816223,0.4311339259147644,0.3936827778816223,0.4311339259147644,0.3936827778816223,0.40813392400741577,0.3706827759742737,0.02,0.478616,0.0,0.43917927145957947,0.9988827705383301,0.01052754744887352,0.10814982652664185,0.12978576123714447,0.26868361234664917,0.4121731221675873,0.412617564201355,0.43917930126190186,0.43917930126190186,0.1482083797454834,0.03154754638671875,0.19592876732349396,0.041840757513354115,1692116.625,69,nan,-1.0,True,,False,0.05099974945187569,0.0,0.46653226017951965,10.0,10.0,1.0,0.0,0.0,0.0,1.0,0.0
91,1693840.0,260.0498962402344,0.0,0.4638080596923828,8466.740234375,8466.740234375,8466.740234375,0.4313638210296631,0.4313638210296631,0.39389944076538086,0.39389944076538086,0.4313638210296631,0.39389944076538086,0.4313638210296631,0.39389944076538086,0.40836381912231445,0.3708994388580322,0.02,0.47817128400000003,0.0,0.439399778842926,0.9988794326782227,0.010541613213717937,0.10971364378929138,0.12981179356575012,0.2686835527420044,0.4122759699821472,0.4127204418182373,0.439399778842926,0.439399778842926,0.14973066747188568,0.0320565328001976,0.19414013624191284,0.04065657416584953,1692116.625,69,nan,-1.0,True,,False,0.05099974945187569,0.0,0.46653226017951965,10.0,10.0,1.0,0.0,0.0,0.0,1.0,0.0
92,1693119.0,260.2896728515625,0.0,0.46263858675956726,8463.13671875,8463.13671875,8463.13671875,0.4315813481807709,0.4315813481807709,0.3940703868865967,0.3940703868865967,0.4315813481807709,0.3940703868865967,0.4315813481807709,0.3940703868865967,0.40858134627342224,0.37107038497924805,0.02,0.47772275200000003,0.0,0.439609169960022,0.9988716840744019,0.010542219504714012,0.1111418604850769,0.12970192730426788,0.26868361234664917,0.4123775064945221,0.41282182931900024,0.439609169960022,0.439609169960022,0.15121100842952728,0.03256240487098694,0.1923319399356842,0.04108100906725869,1692116.625,69,nan,-1.0,True,,False,0.05099974945187569,0.0,0.46653226017951965,10.0,10.0,1.0,0.0,0.0,0.0,1.0,0.0
93,1692569.875,260.5024108886719,0.0,0.4618776738643646,8460.3916015625,8460.3916015625,8460.3916015625,0.4317641258239746,0.4317641258239746,0.3942220211029053,0.3942220211029053,0.4317641258239746,0.3942220211029053,0.4317641258239746,0.3942220211029053,0.408764123916626,0.37122201919555664,0.02,0.47727042799999997,0.0,0.4397851228713989,0.9988594651222229,0.010548052377998829,0.11244997382164001,0.1296103596687317,0.2686835527420044,0.412436842918396,0.41288116574287415,0.4397851228713989,0.4397851228713989,0.15265606343746185,0.033064860850572586,0.19052308797836304,0.04080110735958442,1692116.625,69,nan,-1.0,True,,False,0.05099974945187569,0.0,0.46653226017951965,10.0,10.0,1.0,0.0,0.0,0.0,1.0,0.0
94,1691510.0,260.7415466308594,0.0,0.46105247735977173,8455.09375,8455.09375,8455.09375,0.43195611238479614,0.43195611238479614,0.39439237117767334,0.39439237117767334,0.43195611238479614,0.39439237117767334,0.43195611238479614,0.39439237117767334,0.4089561104774475,0.3713923692703247,0.02,0.476814336,0.0,0.4399698078632355,0.9988560080528259,0.010552952066063881,0.11290872097015381,0.12968406081199646,0.2686835527420044,0.41253402829170227,0.4129788279533386,0.4399698078632355,0.4399698078632355,0.1541018933057785,0.03356508910655975,0.1887090504169464,0.03739299856857138,1691510.0,94,nan,-1.0,True,,False,0.05099974945187569,0.0,0.46653226017951965,10.0,10.0,1.0,0.0,0.0,0.0,1.0,0.0
95,1691432.375,260.91607666015625,0.0,0.4608442783355713,8454.705078125,8454.705078125,8454.705078125,0.43213191628456116,0.43213191628456116,0.39451661705970764,0.39451661705970764,0.43213191628456116,0.39451661705970764,0.43213191628456116,0.39451661705970764,0.4091319143772125,0.371516615152359,0.02,0.4763545,0.0,0.44013741612434387,0.9988857507705688,0.010545516386628151,0.112049400806427,0.12953297793865204,0.26868361234664917,0.41259607672691345,0.4130411446094513,0.44013741612434387,0.44013741612434387,0.15554273128509521,0.03407207503914833,0.18688683211803436,0.048555234160933956,1691432.375,95,nan,-1.0,True,,False,0.05099974945187569,0.0,0.46653226017951965,10.0,10.0,1.0,0.0,0.0,0.0,1.0,0.0
96,1692135.875,261.0284729003906,0.0,0.4601777195930481,8458.2236328125,8458.2236328125,8458.2236328125,0.43226689100265503,0.43226689100265503,0.3945966362953186,0.3945966362953186,0.43226689100265503,0.3945966362953186,0.43226689100265503,0.3945966362953186,0.4092668890953064,0.37159663438796997,0.02,0.47589094400000004,0.0,0.4402659833431244,0.9989163875579834,0.010542103089392185,0.1112123429775238,0.1294119954109192,0.2686835825443268,0.4126247465610504,0.4130703806877136,0.4402659833431244,0.4402659833431244,0.15695878863334656,0.03468294069170952,0.18508712947368622,0.04458209275455576,1691432.375,95,nan,-1.0,True,,False,0.05099974945187569,0.0,0.46653226017951965,10.0,10.0,1.0,0.0,0.0,0.0,1.0,0.0
97,1693082.125,261.1312255859375,0.0,0.4588465690612793,8462.9580078125,8462.9580078125,8462.9580078125,0.43237119913101196,0.43237119913101196,0.394669771194458,0.394669771194458,0.43237119913101196,0.394669771194458,0.43237119913101196,0.394669771194458,0.40937119722366333,0.3716697692871094,0.02,0.475423692,0.0,0.44036445021629333,0.998926043510437,0.010537481866776943,0.11148613691329956,0.12946857511997223,0.26868361234664917,0.4126606285572052,0.41310665011405945,0.44036445021629333,0.44036445021629333,0.15838214755058289,0.03528974577784538,0.18331526219844818,0.04569382766850241,1691432.375,95,nan,-1.0,True,,False,0.05099974945187569,0.0,0.46653226017951965,10.0,10.0,1.0,0.0,0.0,0.0,1.0,0.0
98,1693610.25,261.1822204589844,0.0,0.45869943499565125,8465.5986328125,8465.5986328125,8465.5986328125,0.4324563145637512,0.4324563145637512,0.39470604062080383,0.39470604062080383,0.4324563145637512,0.39470604062080383,0.4324563145637512,0.39470604062080383,0.4094563126564026,0.3717060387134552,0.02,0.474952768,0.0,0.44044315814971924,0.9989061951637268,0.010540064424276352,0.1125534176826477,0.12942399084568024,0.26868361234664917,0.41267678141593933,0.41312292218208313,0.44044315814971924,0.44044315814971924,0.15983949601650238,0.035892304033041,0.1815742701292038,0.04447540772444983,1691432.375,95,nan,-1.0,True,,False,0.05099974945187569,0.0,0.46653226017951965,10.0,10.0,1.0,0.0,0.0,0.0,1.0,0.0
99,1694022.0,261.1394348144531,0.0,0.4570257365703583,8467.662109375,8467.662109375,8467.662109375,0.43248575925827026,0.43248575925827026,0.394675612449646,0.394675612449646,0.43248575925827026,0.394675612449646,0.43248575925827026,0.394675612449646,0.40948575735092163,0.37167561054229736,0.02,0.47447819599999996,0.0,0.44046634435653687,0.9989160299301147,0.010549023747444153,0.11354684829711914,0.12929533421993256,0.26868361234664917,0.41263672709465027,0.4130830764770508,0.44046634435653687,0.44046634435653687,0.16129012405872345,0.036525726318359375,0.17986591160297394,0.04484474054253143,1691432.375,95,nan,-1.0,True,,False,0.05099974945187569,0.0,0.46653226017951965,10.0,10.0,1.0,0.0,0.0,0.0,1.0,0.0
100,1693873.875,261.13580322265625,0.0,0.45598751306533813,8466.923828125,8466.923828125,8466.923828125,0.4325200021266937,0.4325200021266937,0.39467301964759827,0.39467301964759827,0.4325200021266937,0.39467301964759827,0.4325200021266937,0.39467301964759827,0.4095200002193451,0.37167301774024963,0.02,0.47400000000000003,0.0,0.44049492478370667,0.998923659324646,0.010557430796325207,0.11240372061729431,0.12940028309822083,0.26868361234664917,0.41264039278030396,0.41308706998825073,0.44049492478370667,0.44049492478370667,0.16277289390563965,0.03718024864792824,0.17819586396217346,0.015320035748623518,1691432.375,95,nan,-1.0,True,,False,0.05099974945187569,0.0,0.46653226017951965,10.0,10.0,1.0,0.0,0.0,0.0,1.0,0.0
101,1691778.625,260.98748779296875,0.0,0.4560485780239105,8456.4482421875,8456.4482421875,8456.4482421875,0.43247556686401367,0.43247556686401367,0.39456748962402344,0.39456748962402344,0.43247556686401367,0.39456748962402344,0.43247556686401367,0.39456748962402344,0.40947556495666504,0.3715674877166748,0.02,0.473518204,0.0,0.4404452443122864,0.9989196062088013,0.010552546009421349,0.11113449931144714,0.12938976287841797,0.26868361234664917,0.4125930070877075,0.4130397140979767,0.4404452443122864,0.4404452443122864,0.16430777311325073,0.03783061355352402,0.1765754520893097,0.04388793644385361,1691432.375,95,nan,-1.0,True,,False,0.05099974945187569,0.0,0.46653226017951965,10.0,10.0,1.0,0.0,0.0,0.0,1.0,0.0
102,1693249.5,260.791259765625,0.0,0.45431795716285706,8463.8076171875,8463.8076171875,8463.8076171875,0.4324183166027069,0.4324183166027069,0.39442774653434753,0.39442774653434753,0.4324183166027069,0.39442774653434753,0.4324183166027069,0.39442774653434753,0.4094183146953583,0.3714277446269989,0.02,0.473032832,0.0,0.4403826892375946,0.9989200234413147,0.010549215599894524,0.11165773868560791,0.12919719517230988,0.26868361234664917,0.41251686215400696,0.4129636287689209,0.4403826892375946,0.4403826892375946,0.16587801277637482,0.0385112427175045,0.1749984174966812,0.043862400665400654,1691432.375,95,nan,-1.0,True,,False,0.05099974945187569,0.0,0.46653226017951965,10.0,10.0,1.0,0.0,0.0,0.0,1.0,0.0
103,1693163.125,260.6006164550781,0.0,0.4534669816493988,8463.37890625,8463.37890625,8463.37890625,0.4323418438434601,0.4323418438434601,0.3942919671535492,0.3942919671535492,0.4323418438434601,0.3942919671535492,0.4323418438434601,0.3942919671535492,0.40934184193611145,0.37129196524620056,0.02,0.472543908,0.0,0.4403006136417389,0.9989175796508789,0.01055249385535717,0.1129404604434967,0.12918642163276672,0.2686835527420044,0.4124356806278229,0.41288238763809204,0.4403006136417389,0.4403006136417389,0.16745132207870483,0.03929615393280983,0.17347347736358643,0.04485096274745754,1691432.375,95,nan,-1.0,True,,False,0.05099974945187569,0.0,0.46653226017951965,10.0,10.0,1.0,0.0,0.0,0.0,1.0,0.0
104,1693659.5,260.3595275878906,0.0,0.4525063931941986,8465.8642578125,8465.8642578125,8465.8642578125,0.43222230672836304,0.43222230672836304,0.3941201865673065,0.3941201865673065,0.43222230672836304,0.3941201865673065,0.43222230672836304,0.3941201865673065,0.4092223048210144,0.3711201846599579,0.02,0.47205145600000004,0.0,0.4401765763759613,0.9989138245582581,0.010547683574259281,0.1142159104347229,0.12917256355285645,0.2686835527420044,0.41236168146133423,0.41280868649482727,0.4401765763759613,0.4401765763759613,0.16905105113983154,0.04007773473858833,0.17196473479270935,0.04176250381472831,1691432.375,95,nan,-1.0,True,,False,0.05099974945187569,0.0,0.46653226017951965,10.0,10.0,1.0,0.0,0.0,0.0,1.0,0.0
105,1693521.75,260.0803527832031,0.0,0.450646311044693,8465.181640625,8465.181640625,8465.181640625,0.43209755420684814,0.43209755420684814,0.3939211666584015,0.3939211666584015,0.43209755420684814,0.3939211666584015,0.43209755420684814,0.3939211666584015,0.4090975522994995,0.37092116475105286,0.02,0.4715555,0.0,0.4400474727153778,0.9989094138145447,0.010543884709477425,0.11547431349754333,0.12898993492126465,0.2686835527420044,0.4122634828090668,0.41271090507507324,0.4400474727153778,0.4400474727153778,0.17067790031433105,0.04085906222462654,0.17045296728610992,0.042870850556129075,1691432.375,95,nan,-1.0,True,,False,0.05099974945187569,0.0,0.46653226017951965,10.0,10.0,1.0,0.0,0.0,0.0,1.0,0.0
106,1693300.75,259.7904052734375,0.0,0.4502132534980774,8464.0791015625,8464.0791015625,8464.0791015625,0.4319477081298828,0.4319477081298828,0.39371436834335327,0.39371436834335327,0.4319477081298828,0.39371436834335327,0.4319477081298828,0.39371436834335327,0.4089477062225342,0.37071436643600464,0.02,0.471056064,0.0,0.43989327549934387,0.998907208442688,0.010534551925957203,0.11665427684783936,0.12887701392173767,0.26868361234664917,0.41214537620544434,0.4125930666923523,0.43989330530166626,0.43989330530166626,0.172293022274971,0.041640814393758774,0.16894419491291046,0.04406053000032747,1691432.375,95,nan,-1.0,True,,False,0.05099974945187569,0.0,0.46653226017951965,10.0,10.0,1.0,0.0,0.0,0.0,1.0,0.0
107,1693298.875,259.48309326171875,0.0,0.449709415435791,8464.072265625,8464.072265625,8464.072265625,0.43175843358039856,0.43175843358039856,0.39349502325057983,0.39349502325057983,0.43175843358039856,0.39349502325057983,0.43175843358039856,0.39349502325057983,0.4087584316730499,0.3704950213432312,0.020000000000000004,0.47055317199999996,0.0,0.4397013187408447,0.9989079833030701,0.01053602248430252,0.11781966686248779,0.1289132982492447,0.2686835527420044,0.41201961040496826,0.41246750950813293,0.4397013187408447,0.4397013187408447,0.17389225959777832,0.04242048040032387,0.16747352480888367,0.048673882312464736,1691432.375,95,nan,-1.0,True,,False,0.05099974945187569,0.0,0.46653226017951965,10.0,10.0,1.0,0.0,0.0,0.0,1.0,0.0
108,1693507.125,259.171630859375,0.0,0.4474413990974426,8465.12109375,8465.12109375,8465.12109375,0.4315769672393799,0.4315769672393799,0.3932725787162781,0.3932725787162781,0.4315769672393799,0.3932725787162781,0.4315769672393799,0.3932725787162781,0.40857696533203125,0.37027257680892944,0.020000000000000004,0.470046848,0.0,0.43951714038848877,0.9989084005355835,0.010539335198700428,0.11915910243988037,0.12883232533931732,0.26868361234664917,0.41187867522239685,0.412326455116272,0.43951714038848877,0.43951714038848877,0.17544707655906677,0.04319903254508972,0.16599993407726288,0.04302372535393159,1691432.375,95,nan,-1.0,True,,False,0.05099974945187569,0.0,0.46653226017951965,10.0,10.0,1.0,0.0,0.0,0.0,1.0,0.0
109,1693643.125,258.87786865234375,0.0,0.44570013880729675,8465.806640625,8465.806640625,8465.806640625,0.43139976263046265,0.43139976263046265,0.39306268095970154,0.39306268095970154,0.43139976263046265,0.39306268095970154,0.43139976263046265,0.39306268095970154,0.408399760723114,0.3700626790523529,0.020000000000000004,0.46953711600000003,0.0,0.43933817744255066,0.9989088177680969,0.010526783764362335,0.12048837542533875,0.12878155708312988,0.26868361234664917,0.4117591381072998,0.4122069478034973,0.43933817744255066,0.43933817744255066,0.17699140310287476,0.043975453823804855,0.16456300020217896,0.0430152293136214,1691432.375,95,nan,-1.0,True,,False,0.05099974945187569,0.0,0.46653226017951965,10.0,10.0,1.0,0.0,0.0,0.0,1.0,0.0
110,1693755.25,258.5643615722656,0.0,0.44532510638237,8466.3701171875,8466.3701171875,8466.3701171875,0.43117761611938477,0.43117761611938477,0.3928385376930237,0.3928385376930237,0.43117761611938477,0.3928385376930237,0.43117761611938477,0.3928385376930237,0.40817761421203613,0.36983853578567505,0.020000000000000004,0.469024,0.0,0.4391159415245056,0.9989091157913208,0.010526644065976143,0.12184256315231323,0.12887974083423615,0.2686835527420044,0.4116041660308838,0.4120519757270813,0.4391159415245056,0.4391159415245056,0.17850567400455475,0.04474906250834465,0.16316518187522888,0.04295133757760697,1691432.375,95,nan,-1.0,True,,False,0.05099974945187569,0.0,0.46653226017951965,10.0,10.0,1.0,0.0,0.0,0.0,1.0,0.0
111,1693892.0,258.239990234375,0.0,0.44331660866737366,8467.060546875,8467.060546875,8467.060546875,0.4309486746788025,0.4309486746788025,0.3926064968109131,0.3926064968109131,0.4309486746788025,0.3926064968109131,0.4309486746788025,0.3926064968109131,0.40794867277145386,0.36960649490356445,0.020000000000000004,0.468507524,0.0,0.4388875961303711,0.9989088773727417,0.010529179126024246,0.12328165769577026,0.1289292275905609,0.26868361234664917,0.4114367365837097,0.411884605884552,0.4388875961303711,0.4388875961303711,0.18002082407474518,0.045519500970840454,0.1618080586194992,0.04258997057331726,1691432.375,95,nan,-1.0,True,,False,0.05099974945187569,0.0,0.46653226017951965,10.0,10.0,1.0,0.0,0.0,0.0,1.0,0.0
112,1693964.625,257.9121398925781,0.0,0.44059619307518005,8467.431640625,8467.431640625,8467.431640625,0.4307345151901245,0.4307345151901245,0.3923717737197876,0.3923717737197876,0.4307345151901245,0.3923717737197876,0.4307345151901245,0.3923717737197876,0.4077345132827759,0.36937177181243896,0.020000000000000004,0.467987712,0.0,0.43867412209510803,0.9989086389541626,0.010523416101932526,0.12475413084030151,0.12884286046028137,0.2686835527420044,0.41128283739089966,0.4117308259010315,0.43867412209510803,0.43867412209510803,0.18155474960803986,0.04628860205411911,0.1604941487312317,0.0428906732736828,1691432.375,95,nan,-1.0,True,,False,0.05099974945187569,0.0,0.46653226017951965,10.0,10.0,1.0,0.0,0.0,0.0,1.0,0.0
113,1693952.75,257.5797119140625,0.0,0.440383642911911,8467.375,8467.375,8467.375,0.4304986596107483,0.4304986596107483,0.3921336531639099,0.3921336531639099,0.4304986596107483,0.3921336531639099,0.4304986596107483,0.3921336531639099,0.40749865770339966,0.3691336512565613,0.020000000000000004,0.467464588,0.0,0.43843984603881836,0.9989122152328491,0.010513365268707275,0.12619996070861816,0.12887558341026306,0.2686835527420044,0.4111305773258209,0.41157859563827515,0.43843984603881836,0.43843984603881836,0.18306535482406616,0.047057610005140305,0.15922227501869202,0.04291045001688568,1691432.375,95,nan,-1.0,True,,False,0.05099974945187569,0.0,0.46653226017951965,10.0,10.0,1.0,0.0,0.0,0.0,1.0,0.0
114,1693923.125,257.25445556640625,0.0,0.4386996328830719,8467.232421875,8467.232421875,8467.232421875,0.4302554726600647,0.4302554726600647,0.39190053939819336,0.39190053939819336,0.4302554726600647,0.39190053939819336,0.4302554726600647,0.39190053939819336,0.40725547075271606,0.3689005374908447,0.020000000000000004,0.466938176,0.0,0.43819817900657654,0.9989210367202759,0.01050780899822712,0.12710261344909668,0.128959059715271,0.2686835825443268,0.41099390387535095,0.41144201159477234,0.43819817900657654,0.43819817900657654,0.18455827236175537,0.047820594161748886,0.1579984873533249,0.040814444988629676,1691432.375,95,nan,-1.0,True,,False,0.05099974945187569,0.0,0.46653226017951965,10.0,10.0,1.0,0.0,0.0,0.0,1.0,0.0
115,1693877.375,256.89959716796875,0.0,0.43544331192970276,8467.013671875,8467.013671875,8467.013671875,0.43001589179039,0.43001589179039,0.39164602756500244,0.39164602756500244,0.43001589179039,0.39164602756500244,0.43001589179039,0.39164602756500244,0.4070158898830414,0.3686460256576538,0.02,0.4664085,0.0,0.43795979022979736,0.99891597032547,0.01050560548901558,0.12430354952812195,0.12889698147773743,0.2686835527420044,0.41084396839141846,0.41129186749458313,0.43795979022979736,0.43795979022979736,0.18607129156589508,0.04858824238181114,0.15678267180919647,0.04112711985847758,1691432.375,95,nan,-1.0,True,,False,0.05099974945187569,0.0,0.46653226017951965,10.0,10.0,1.0,0.0,0.0,0.0,1.0,0.0
116,1693767.875,256.5438537597656,0.0,0.43367671966552734,8466.47265625,8466.47265625,8466.47265625,0.4297681152820587,0.4297681152820587,0.39139068126678467,0.39139068126678467,0.4297681152820587,0.39139068126678467,0.4297681152820587,0.39139068126678467,0.4067681133747101,0.36839067935943604,0.02,0.465875584,0.0,0.4377138018608093,0.9989190697669983,0.010496639646589756,0.1215672492980957,0.1288435310125351,0.2686835527420044,0.4106828570365906,0.4111305773258209,0.4377138018608093,0.4377138018608093,0.1875675767660141,0.04935815557837486,0.1555711179971695,0.04096436339831497,1691432.375,95,nan,-1.0,True,,False,0.05099974945187569,0.0,0.46653226017951965,10.0,10.0,1.0,0.0,0.0,0.0,1.0,0.0
117,1693718.25,256.25604248046875,0.0,0.43372103571891785,8466.2255859375,8466.2255859375,8466.2255859375,0.42953750491142273,0.42953750491142273,0.391184002161026,0.391184002161026,0.42953750491142273,0.391184002161026,0.42953750491142273,0.391184002161026,0.4065375030040741,0.36818400025367737,0.02,0.465339452,0.0,0.4374847114086151,0.998915433883667,0.010497432202100754,0.1189204752445221,0.1289134919643402,0.2686834931373596,0.4105110466480255,0.41095852851867676,0.4374847114086151,0.4374847114086151,0.1890200972557068,0.050171274691820145,0.1543578803539276,0.0413762402135439,1691432.375,95,nan,-1.0,True,,False,0.05099974945187569,0.0,0.46653226017951965,10.0,10.0,1.0,0.0,0.0,0.0,1.0,0.0
118,1693149.5,255.94403076171875,0.0,0.4322395324707031,8463.38671875,8463.38671875,8463.38671875,0.42930033802986145,0.42930033802986145,0.390959769487381,0.390959769487381,0.42930033802986145,0.390959769487381,0.42930033802986145,0.390959769487381,0.4063003361225128,0.36795976758003235,0.02,0.46480012800000003,0.0,0.4372498691082001,0.9989059567451477,0.010490904562175274,0.11637204885482788,0.12888750433921814,0.2686835527420044,0.4103616178035736,0.4108087718486786,0.4372498691082001,0.4372498691082001,0.19045208394527435,0.05099295452237129,0.1531457155942917,0.04169020701212705,1691432.375,95,nan,-1.0,True,,False,0.05099974945187569,0.0,0.46653226017951965,10.0,10.0,1.0,0.0,0.0,0.0,1.0,0.0
119,1693650.5,255.5949249267578,0.0,0.42855605483055115,8465.9033203125,8465.9033203125,8465.9033203125,0.4290658235549927,0.4290658235549927,0.3907087445259094,0.3907087445259094,0.4290658235549927,0.3907087445259094,0.4290658235549927,0.3907087445259094,0.40606582164764404,0.3677087426185608,0.02,0.46425763600000003,0.0,0.43701866269111633,0.9989059567451477,0.010490596294403076,0.11445215344429016,0.12868811190128326,0.268683522939682,0.4101893901824951,0.4106360375881195,0.4370186924934387,0.4370186924934387,0.19186411798000336,0.051817309111356735,0.1519342064857483,0.042315247122638136,1691432.375,95,nan,-1.0,True,,False,0.05099974945187569,0.0,0.46653226017951965,10.0,10.0,1.0,0.0,0.0,0.0,1.0,0.0
120,1693681.375,255.30409240722656,0.0,0.42636099457740784,8466.064453125,8466.064453125,8466.064453125,0.42885106801986694,0.42885106801986694,0.390499472618103,0.390499472618103,0.42885106801986694,0.390499472618103,0.42885106801986694,0.390499472618103,0.4058510661125183,0.3674994707107544,0.02,0.463712,0.0,0.4368076026439667,0.9989058971405029,0.010487171821296215,0.11266019940376282,0.12865230441093445,0.26868361234664917,0.4100191295146942,0.4104657769203186,0.4368076026439667,0.4368076026439667,0.19329406321048737,0.05264132097363472,0.15075436234474182,0.04583664867257337,1691432.375,95,nan,-1.0,True,,False,0.05099974945187569,0.0,0.46653226017951965,10.0,10.0,1.0,0.0,0.0,0.0,1.0,0.0
121,1693994.75,255.0209197998047,0.0,0.426827996969223,8467.6318359375,8467.6318359375,8467.6318359375,0.42861101031303406,0.42861101031303406,0.3902956247329712,0.3902956247329712,0.42861101031303406,0.3902956247329712,0.42861101031303406,0.3902956247329712,0.4056110084056854,0.36729562282562256,0.02,0.463163244,0.0,0.4365723431110382,0.9989056587219238,0.01047983206808567,0.11238217353820801,0.12885622680187225,0.26868361234664917,0.4098685383796692,0.4103150963783264,0.4365723431110382,0.4365723431110382,0.19471891224384308,0.05346492677927017,0.14958693087100983,0.041063283173975326,1691432.375,95,nan,-1.0,True,,False,0.05099974945187569,0.0,0.46653226017951965,10.0,10.0,1.0,0.0,0.0,0.0,1.0,0.0
122,1693941.625,254.71209716796875,0.0,0.42617592215538025,8467.369140625,8467.369140625,8467.369140625,0.4283744990825653,0.4283744990825653,0.39007315039634705,0.39007315039634705,0.4283744990825653,0.39007315039634705,0.4283744990825653,0.39007315039634705,0.4053744971752167,0.3670731484889984,0.02,0.462611392,0.0,0.4363420903682709,0.9989053010940552,0.01047645602375269,0.11242568492889404,0.12891478836536407,0.2686835527420044,0.40970686078071594,0.41015318036079407,0.4363420903682709,0.4363420903682709,0.19611620903015137,0.0542776882648468,0.1484268456697464,0.041823539087393634,1691432.375,95,nan,-1.0,True,,False,0.05099974945187569,0.0,0.46653226017951965,10.0,10.0,1.0,0.0,0.0,0.0,1.0,0.0
123,1694053.625,254.36048889160156,0.0,0.42288294434547424,8467.939453125,8467.939453125,8467.939453125,0.42812380194664,0.42812380194664,0.3898197114467621,0.3898197114467621,0.42812380194664,0.3898197114467621,0.42812380194664,0.3898197114467621,0.4051238000392914,0.36681970953941345,0.02,0.462056468,0.0,0.4360990524291992,0.9989047646522522,0.010478737764060497,0.11234486103057861,0.12888096272945404,0.26868361234664917,0.4095440208911896,0.4099902808666229,0.4360990524291992,0.4360990524291992,0.19746758043766022,0.055090200155973434,0.1472707986831665,0.040959449677353,1691432.375,95,nan,-1.0,True,,False,0.05099974945187569,0.0,0.46653226017951965,10.0,10.0,1.0,0.0,0.0,0.0,1.0,0.0
124,1694140.875,254.07421875,0.0,0.42057275772094727,8468.3828125,8468.3828125,8468.3828125,0.42790472507476807,0.42790472507476807,0.38961324095726013,0.38961324095726013,0.42790472507476807,0.38961324095726013,0.42790472507476807,0.38961324095726013,0.40490472316741943,0.3666132390499115,0.02,0.46149849600000004,0.0,0.4358876943588257,0.9989042282104492,0.010475530289113522,0.11230218410491943,0.12891919910907745,0.26868361234664917,0.40939462184906006,0.40984103083610535,0.4358876943588257,0.4358876943588257,0.19880127906799316,0.05589975044131279,0.14615359902381897,0.04100966271976682,1691432.375,95,nan,-1.0,True,,False,0.05099974945187569,0.0,0.46653226017951965,10.0,10.0,1.0,0.0,0.0,0.0,1.0,0.0
125,1694198.625,253.83279418945312,0.0,0.4222702980041504,8468.66796875,8468.66796875,8468.66796875,0.42771321535110474,0.42771321535110474,0.38943901658058167,0.38943901658058167,0.42771321535110474,0.38943901658058167,0.42771321535110474,0.38943901658058167,0.4047132134437561,0.36643901467323303,0.02,0.4609375,0.0,0.43570438027381897,0.9989035725593567,0.010466882027685642,0.11246734857559204,0.12889403104782104,0.2686835825443268,0.40927591919898987,0.40972238779067993,0.43570438027381897,0.43570438027381897,0.20010893046855927,0.05670618638396263,0.1450788825750351,0.037581443810874283,1691432.375,95,nan,-1.0,True,,False,0.05099974945187569,0.0,0.46653226017951965,10.0,10.0,1.0,0.0,0.0,0.0,1.0,0.0
126,1694147.5,253.51321411132812,0.0,0.4242098927497864,8468.4091796875,8468.4091796875,8468.4091796875,0.4274774193763733,0.4274774193763733,0.38920825719833374,0.38920825719833374,0.4274774193763733,0.38920825719833374,0.4274774193763733,0.38920825719833374,0.40447741746902466,0.3662082552909851,0.02,0.460373504,0.0,0.43548086285591125,0.9989028573036194,0.01045801118016243,0.11233490705490112,0.12882038950920105,0.2686835527420044,0.4091131091117859,0.40955978631973267,0.43548086285591125,0.43548086285591125,0.20140548050403595,0.05750265717506409,0.14411570131778717,0.04109504811316987,1691432.375,95,nan,-1.0,True,,False,0.05099974945187569,0.0,0.46653226017951965,10.0,10.0,1.0,0.0,0.0,0.0,1.0,0.0
127,1693952.375,253.2551727294922,0.0,0.4246835708618164,8467.43359375,8467.43359375,8467.43359375,0.42726996541023254,0.42726996541023254,0.3890218436717987,0.3890218436717987,0.42726996541023254,0.3890218436717987,0.42726996541023254,0.3890218436717987,0.4042699635028839,0.3660218417644501,0.02,0.459806532,0.0,0.43528538942337036,0.9989018440246582,0.0104505755007267,0.11211758852005005,0.1289033442735672,0.2686835527420044,0.40898433327674866,0.4094310700893402,0.43528538942337036,0.43528538942337036,0.20266368985176086,0.058298397809267044,0.14316391944885254,0.041762759933286965,1691432.375,95,nan,-1.0,True,,False,0.05099974945187569,0.0,0.46653226017951965,10.0,10.0,1.0,0.0,0.0,0.0,1.0,0.0
128,1693888.625,253.02374267578125,0.0,0.422793447971344,8467.12109375,8467.12109375,8467.12109375,0.4270760416984558,0.4270760416984558,0.3888545632362366,0.3888545632362366,0.4270760416984558,0.3888545632362366,0.4270760416984558,0.3888545632362366,0.4040760397911072,0.36585456132888794,0.02,0.459236608,0.0,0.4351031184196472,0.9989007711410522,0.010451673530042171,0.11182454228401184,0.12902386486530304,0.26868361234664917,0.40884846448898315,0.4092952609062195,0.4351031184196472,0.4351031184196472,0.20388615131378174,0.059094399213790894,0.1422262191772461,0.0412950832138045,1691432.375,95,nan,-1.0,True,,False,0.05099974945187569,0.0,0.46653226017951965,10.0,10.0,1.0,0.0,0.0,0.0,1.0,0.0
129,1693980.0,252.7801513671875,0.0,0.42097997665405273,8467.583984375,8467.583984375,8467.583984375,0.42689570784568787,0.42689570784568787,0.3886784017086029,0.3886784017086029,0.42689570784568787,0.3886784017086029,0.42689570784568787,0.3886784017086029,0.40389570593833923,0.3656783998012543,0.02,0.45866375600000003,0.0,0.43493375182151794,0.9989044070243835,0.010447832755744457,0.1114511787891388,0.12899261713027954,0.2686835527420044,0.4087243974208832,0.4091711640357971,0.43493375182151794,0.43493375182151794,0.20508210361003876,0.05989086255431175,0.14130081236362457,0.04038619465427473,1691432.375,95,nan,-1.0,True,,False,0.05099974945187569,0.0,0.46653226017951965,10.0,10.0,1.0,0.0,0.0,0.0,1.0,0.0
130,1694155.375,252.53721618652344,0.0,0.4209069311618805,8468.4619140625,8468.4619140625,8468.4619140625,0.426711767911911,0.426711767911911,0.38850265741348267,0.38850265741348267,0.426711767911911,0.38850265741348267,0.426711767911911,0.38850265741348267,0.4037117660045624,0.36550265550613403,0.02,0.458088,0.0,0.4347612261772156,0.9989114999771118,0.01043832115828991,0.1110643744468689,0.1289198398590088,0.2686835825443268,0.40859290957450867,0.4090396463871002,0.4347612261772156,0.4347612261772156,0.20624369382858276,0.06068354472517967,0.14042051136493683,0.040281822524977744,1691432.375,95,nan,-1.0,True,,False,0.05099974945187569,0.0,0.46653226017951965,10.0,10.0,1.0,0.0,0.0,0.0,1.0,0.0
131,1694279.75,252.31411743164062,0.0,0.42297640442848206,8469.080078125,8469.080078125,8469.080078125,0.4265231490135193,0.4265231490135193,0.38834115862846375,0.38834115862846375,0.4265231490135193,0.38834115862846375,0.4265231490135193,0.38834115862846375,0.40352314710617065,0.3653411567211151,0.02,0.45750936400000003,0.0,0.43458321690559387,0.9989181160926819,0.010432242415845394,0.11066216230392456,0.12899401783943176,0.2686835527420044,0.4084700644016266,0.4089168608188629,0.43458321690559387,0.43458321690559387,0.20735383033752441,0.061472028493881226,0.1395873874425888,0.04004760084919528,1691432.375,95,nan,-1.0,True,,False,0.05099974945187569,0.0,0.46653226017951965,10.0,10.0,1.0,0.0,0.0,0.0,1.0,0.0
132,1694336.375,252.09030151367188,0.0,0.42541947960853577,8469.3583984375,8469.3583984375,8469.3583984375,0.4263436198234558,0.4263436198234558,0.38817909359931946,0.38817909359931946,0.4263436198234558,0.38817909359931946,0.4263436198234558,0.38817909359931946,0.4033436179161072,0.3651790916919708,0.02,0.456927872,0.0,0.4344126582145691,0.9989242553710938,0.010431168600916862,0.1106351912021637,0.12900207936763763,0.26868361234664917,0.40835103392601013,0.40879812836647034,0.4344126582145691,0.4344126582145691,0.20848475396633148,0.06225578114390373,0.13880568742752075,0.039920434727618054,1691432.375,95,nan,-1.0,True,,False,0.05099974945187569,0.0,0.46653226017951965,10.0,10.0,1.0,0.0,0.0,0.0,1.0,0.0
133,1694373.25,251.87881469726562,0.0,0.42599883675575256,8469.5419921875,8469.5419921875,8469.5419921875,0.4261845648288727,0.4261845648288727,0.3880258798599243,0.3880258798599243,0.4261845648288727,0.3880258798599243,0.4261845648288727,0.3880258798599243,0.40318456292152405,0.3650258779525757,0.02,0.456343548,0.0,0.4342607855796814,0.9989299178123474,0.010427801869809628,0.11153534054756165,0.12896078824996948,0.26868361234664917,0.40823549032211304,0.4086829423904419,0.4342607855796814,0.4342607855796814,0.20959487557411194,0.06303397566080093,0.13808032870292664,0.03990260423516803,1691432.375,95,nan,-1.0,True,,False,0.05099974945187569,0.0,0.46653226017951965,10.0,10.0,1.0,0.0,0.0,0.0,1.0,0.0
134,1694273.375,251.68348693847656,0.0,0.42471572756767273,8469.046875,8469.046875,8469.046875,0.4260246455669403,0.4260246455669403,0.38788431882858276,0.38788431882858276,0.4260246455669403,0.38788431882858276,0.4260246455669403,0.38788431882858276,0.4030246436595917,0.36488431692123413,0.02,0.455756416,0.0,0.4341067969799042,0.998935341835022,0.01042369194328785,0.11139452457427979,0.12897567451000214,0.2686835527420044,0.4081108570098877,0.408558189868927,0.43410682678222656,0.43410682678222656,0.21065719425678253,0.06380727142095566,0.13741028308868408,0.03607050308750735,1691432.375,95,nan,-1.0,True,,False,0.05099974945187569,0.0,0.46653226017951965,10.0,10.0,1.0,0.0,0.0,0.0,1.0,0.0
135,1694287.75,251.50674438476562,0.0,0.42329689860343933,8469.123046875,8469.123046875,8469.123046875,0.42587268352508545,0.42587268352508545,0.3877561688423157,0.3877561688423157,0.42587268352508545,0.3877561688423157,0.42587268352508545,0.3877561688423157,0.4028726816177368,0.36475616693496704,0.02,0.45516650000000003,0.0,0.4339601993560791,0.9989411234855652,0.010417245328426361,0.11038163304328918,0.12901976704597473,0.2686835825443268,0.40800875425338745,0.4084561765193939,0.4339602291584015,0.4339602291584015,0.2116856575012207,0.06457420438528061,0.1368212252855301,0.04359186894402632,1691432.375,95,nan,-1.0,True,,False,0.05099974945187569,0.0,0.46653226017951965,10.0,10.0,1.0,0.0,0.0,0.0,1.0,0.0
136,1694269.5,251.33151245117188,0.0,0.4224885106086731,8469.0341796875,8469.0341796875,8469.0341796875,0.42573821544647217,0.42573821544647217,0.38762909173965454,0.38762909173965454,0.42573821544647217,0.38762909173965454,0.42573821544647217,0.38762909173965454,0.40273821353912354,0.3646290898323059,0.02,0.45457382399999996,0.0,0.43383070826530457,0.9989476799964905,0.010409860871732235,0.10939604043960571,0.12900415062904358,0.2686835527420044,0.4079228937625885,0.40837037563323975,0.43383070826530457,0.43383070826530457,0.2127152383327484,0.06533945351839066,0.13626383244991302,0.04153122381022614,1691432.375,95,nan,-1.0,True,,False,0.05099974945187569,0.0,0.46653226017951965,10.0,10.0,1.0,0.0,0.0,0.0,1.0,0.0
137,1694279.5,251.16419982910156,0.0,0.4248144328594208,8469.0791015625,8469.0791015625,8469.0791015625,0.42561665177345276,0.42561665177345276,0.38750770688056946,0.38750770688056946,0.42561665177345276,0.38750770688056946,0.42561665177345276,0.38750770688056946,0.4026166498661041,0.3645077049732208,0.02,0.453978412,0.0,0.4337140619754791,0.9989535808563232,0.010413245297968388,0.10932669043540955,0.1289137303829193,0.26868361234664917,0.40781521797180176,0.4082625210285187,0.4337140619754791,0.4337140619754791,0.21373233199119568,0.06610358506441116,0.13573122024536133,0.041365394360683344,1691432.375,95,nan,-1.0,True,,False,0.05099974945187569,0.0,0.46653226017951965,10.0,10.0,1.0,0.0,0.0,0.0,1.0,0.0
138,1694215.125,251.0236053466797,0.0,0.4274209141731262,8468.751953125,8468.751953125,8468.751953125,0.4254980683326721,0.4254980683326721,0.387405663728714,0.387405663728714,0.4254980683326721,0.387405663728714,0.4254980683326721,0.387405663728714,0.4024980664253235,0.36440566182136536,0.02,0.45338028799999996,0.0,0.43360069394111633,0.9989556074142456,0.010408814996480942,0.10963428020477295,0.1289970576763153,0.2686835527420044,0.4077335000038147,0.40818077325820923,0.43360069394111633,0.43360069394111633,0.214710995554924,0.06686736643314362,0.13521984219551086,0.03997763713090939,1691432.375,95,nan,-1.0,True,,False,0.05099974945187569,0.0,0.46653226017951965,10.0,10.0,1.0,0.0,0.0,0.0,1.0,0.0
139,1694213.5,250.88690185546875,0.0,0.42994195222854614,8468.73828125,8468.73828125,8468.73828125,0.4253818094730377,0.4253818094730377,0.38730642199516296,0.38730642199516296,0.4253818094730377,0.38730642199516296,0.4253818094730377,0.38730642199516296,0.4023818075656891,0.36430642008781433,0.02,0.452779476,0.0,0.4334898889064789,0.9989559054374695,0.010406329296529293,0.11123892664909363,0.12904402613639832,0.26868361234664917,0.4076346158981323,0.4080815017223358,0.4334898889064789,0.4334898889064789,0.21564291417598724,0.06763185560703278,0.13471822440624237,0.039233859251706034,1691432.375,95,nan,-1.0,True,,False,0.05099974945187569,0.0,0.46653226017951965,10.0,10.0,1.0,0.0,0.0,0.0,1.0,0.0
140,1694291.875,250.74981689453125,0.0,0.4288681149482727,8469.1337890625,8469.1337890625,8469.1337890625,0.4252775311470032,0.4252775311470032,0.38720688223838806,0.38720688223838806,0.4252775311470032,0.38720688223838806,0.4252775311470032,0.38720688223838806,0.40227752923965454,0.36420688033103943,0.02,0.452176,0.0,0.4333910346031189,0.9989554286003113,0.010405628010630608,0.11012700200080872,0.1290237009525299,0.26868361234664917,0.4075313210487366,0.4079776704311371,0.4333910346031189,0.4333910346031189,0.21655485033988953,0.06839298456907272,0.1342652142047882,0.03816085206765112,1691432.375,95,nan,-1.0,True,,False,0.05099974945187569,0.0,0.46653226017951965,10.0,10.0,1.0,0.0,0.0,0.0,1.0,0.0
141,1694315.125,250.64334106445312,0.0,0.42761683464050293,8469.2529296875,8469.2529296875,8469.2529296875,0.42518678307533264,0.42518678307533264,0.387129545211792,0.387129545211792,0.42518678307533264,0.387129545211792,0.42518678307533264,0.387129545211792,0.402186781167984,0.36412954330444336,0.02,0.451569884,0.0,0.433305561542511,0.9989547729492188,0.010394965298473835,0.11037692427635193,0.1290588527917862,0.26868361234664917,0.40746739506721497,0.40791329741477966,0.433305561542511,0.433305561542511,0.217473104596138,0.06917168200016022,0.13386991620063782,0.037820203925043136,1691432.375,95,nan,-1.0,True,,False,0.05099974945187569,0.0,0.46653226017951965,10.0,10.0,1.0,0.0,0.0,0.0,1.0,0.0
142,1694409.25,250.5449676513672,0.0,0.4262910783290863,8469.7275390625,8469.7275390625,8469.7275390625,0.4251013994216919,0.4251013994216919,0.3870580792427063,0.3870580792427063,0.4251013994216919,0.3870580792427063,0.4251013994216919,0.3870580792427063,0.40210139751434326,0.36405807733535767,0.02,0.450961152,0.0,0.4332253634929657,0.9989540576934814,0.010387301445007324,0.11064791679382324,0.1291235387325287,0.2686835527420044,0.40740886330604553,0.40785449743270874,0.4332253634929657,0.4332253634929657,0.21842122077941895,0.06994879990816116,0.13353192806243896,0.03806312692177016,1691432.375,95,nan,-1.0,True,,False,0.05099974945187569,0.0,0.46653226017951965,10.0,10.0,1.0,0.0,0.0,0.0,1.0,0.0
143,1694379.125,250.44058227539062,0.0,0.42689839005470276,8469.576171875,8469.576171875,8469.576171875,0.4250195324420929,0.4250195324420929,0.3869822323322296,0.3869822323322296,0.4250195324420929,0.3869822323322296,0.4250195324420929,0.3869822323322296,0.40201953053474426,0.363982230424881,0.02,0.450349828,0.0,0.43314898014068604,0.9989527463912964,0.010380224324762821,0.11095306277275085,0.12910722196102142,0.26868361234664917,0.4073583781719208,0.40780317783355713,0.43314895033836365,0.43314895033836365,0.21939532458782196,0.07072421163320541,0.13324710726737976,0.03675549620270936,1691432.375,95,nan,-1.0,True,,False,0.05099974945187569,0.0,0.46653226017951965,10.0,10.0,1.0,0.0,0.0,0.0,1.0,0.0
144,1694372.5,250.3533477783203,0.0,0.42956820130348206,8469.537109375,8469.537109375,8469.537109375,0.4249521791934967,0.4249521791934967,0.386918842792511,0.386918842792511,0.4249521791934967,0.386918842792511,0.4249521791934967,0.386918842792511,0.40195217728614807,0.36391884088516235,0.02,0.449735936,0.0,0.43308699131011963,0.9989503622055054,0.010376234538853168,0.1112629771232605,0.12908361852169037,0.26868361234664917,0.4073040187358856,0.4077479839324951,0.43308699131011963,0.43308699131011963,0.2203928679227829,0.07149570435285568,0.1330261379480362,0.038996908988337964,1691432.375,95,nan,-1.0,True,,False,0.05099974945187569,0.0,0.46653226017951965,10.0,10.0,1.0,0.0,0.0,0.0,1.0,0.0
145,1694372.25,250.29608154296875,0.0,0.43216872215270996,8469.529296875,8469.529296875,8469.529296875,0.4248984754085541,0.4248984754085541,0.3868772089481354,0.3868772089481354,0.4248984754085541,0.3868772089481354,0.4248984754085541,0.3868772089481354,0.40189847350120544,0.36387720704078674,0.02,0.4491195,0.0,0.43303820490837097,0.9989463686943054,0.010364631190896034,0.11157134175300598,0.12915123999118805,0.26868361234664917,0.4072594940662384,0.40770289301872253,0.43303820490837097,0.43303820490837097,0.22135047614574432,0.07226239889860153,0.13285693526268005,0.045058984233441554,1691432.375,95,nan,-1.0,True,,False,0.05099974945187569,0.0,0.46653226017951965,10.0,10.0,1.0,0.0,0.0,0.0,1.0,0.0
146,1694372.75,250.22251892089844,0.0,0.43469372391700745,8469.525390625,8469.525390625,8469.525390625,0.42483919858932495,0.42483919858932495,0.38682374358177185,0.38682374358177185,0.42483919858932495,0.38682374358177185,0.42483919858932495,0.38682374358177185,0.4018391966819763,0.3638237416744232,0.02,0.448500544,0.0,0.43298405408859253,0.9989407062530518,0.010364020243287086,0.11190551519393921,0.1292002648115158,0.2686834931373596,0.40721726417541504,0.40766003727912903,0.43298405408859253,0.43298405408859253,0.22227607667446136,0.0730278417468071,0.13273459672927856,0.04523111481588179,1691432.375,95,nan,-1.0,True,,False,0.05099974945187569,0.0,0.46653226017951965,10.0,10.0,1.0,0.0,0.0,0.0,1.0,0.0
147,1694424.0,250.14663696289062,0.0,0.43400391936302185,8469.7841796875,8469.7841796875,8469.7841796875,0.424790620803833,0.424790620803833,0.3867685794830322,0.3867685794830322,0.424790620803833,0.3867685794830322,0.424790620803833,0.3867685794830322,0.4017906188964844,0.3637685775756836,0.02,0.447879092,0.0,0.4329397678375244,0.9989343881607056,0.010369440540671349,0.112285315990448,0.12918147444725037,0.2686835527420044,0.40716537833213806,0.4076070189476013,0.4329397976398468,0.4329397976398468,0.22318220138549805,0.07379051297903061,0.1326599419116974,0.04414032800802185,1691432.375,95,nan,-1.0,True,,False,0.05099974945187569,0.0,0.46653226017951965,10.0,10.0,1.0,0.0,0.0,0.0,1.0,0.0
148,1694393.875,250.089599609375,0.0,0.43265411257743835,8469.6376953125,8469.6376953125,8469.6376953125,0.42475926876068115,0.42475926876068115,0.38672709465026855,0.38672709465026855,0.42475926876068115,0.38672709465026855,0.42475926876068115,0.38672709465026855,0.4017592668533325,0.3637270927429199,0.02,0.447255168,0.0,0.43291202187538147,0.998927652835846,0.010364591144025326,0.11272519826889038,0.12917958199977875,0.2686835527420044,0.40714454650878906,0.4075852036476135,0.43291202187538147,0.43291202187538147,0.22409100830554962,0.07455077767372131,0.1326407939195633,0.0443819402474522,1691432.375,95,nan,-1.0,True,,False,0.05099974945187569,0.0,0.46653226017951965,10.0,10.0,1.0,0.0,0.0,0.0,1.0,0.0
149,1694348.75,250.0391082763672,0.0,0.43140503764152527,8469.4150390625,8469.4150390625,8469.4150390625,0.42473140358924866,0.42473140358924866,0.3866903781890869,0.3866903781890869,0.42473140358924866,0.3866903781890869,0.42473140358924866,0.3866903781890869,0.4017314016819,0.3636903762817383,0.02,0.446628796,0.0,0.43288731575012207,0.9989209175109863,0.010355889797210693,0.11321747303009033,0.12918934226036072,0.2686835527420044,0.4071204960346222,0.4075605273246765,0.4328872859477997,0.4328872859477997,0.22502753138542175,0.0753096342086792,0.13267314434051514,0.04418451255252068,1691432.375,95,nan,-1.0,True,,False,0.05099974945187569,0.0,0.46653226017951965,10.0,10.0,1.0,0.0,0.0,0.0,1.0,0.0
150,1694367.125,250.00210571289062,0.0,0.4302944242954254,8469.509765625,8469.509765625,8469.509765625,0.42471083998680115,0.42471083998680115,0.3866634666919708,0.3866634666919708,0.42471083998680115,0.3866634666919708,0.42471083998680115,0.3866634666919708,0.4017108380794525,0.3636634647846222,0.02,0.446,0.0,0.4328695833683014,0.9989141821861267,0.01035244669765234,0.11375421285629272,0.1291808933019638,0.26868361234664917,0.4071071743965149,0.4075460731983185,0.4328695833683014,0.4328695833683014,0.22596439719200134,0.07606710493564606,0.13275820016860962,0.045556298927598014,1691432.375,95,nan,-1.0,True,,False,0.05099974945187569,0.0,0.46653226017951965,10.0,10.0,1.0,0.0,0.0,0.0,1.0,0.0
151,1694431.75,249.99830627441406,0.0,0.4314725995063782,8469.830078125,8469.830078125,8469.830078125,0.4247146546840668,0.4247146546840668,0.38666069507598877,0.38666069507598877,0.4247146546840668,0.38666069507598877,0.4247146546840668,0.38666069507598877,0.40171465277671814,0.36366069316864014,0.02,0.445368804,0.0,0.4328760802745819,0.9989065527915955,0.010350314900279045,0.11425837874412537,0.1291731745004654,0.2686835527420044,0.4071118235588074,0.4075491726398468,0.4328760802745819,0.4328760802745819,0.2268797904253006,0.07684683054685593,0.13287024199962616,0.04508043343957979,1691432.375,95,nan,-1.0,True,,False,0.05099974945187569,0.0,0.46653226017951965,10.0,10.0,1.0,0.0,0.0,0.0,1.0,0.0
152,1694456.75,250.01177978515625,0.0,0.4337897300720215,8469.94921875,8469.94921875,8469.94921875,0.42472636699676514,0.42472636699676514,0.3866705000400543,0.3866705000400543,0.42472636699676514,0.3866705000400543,0.42472636699676514,0.3866705000400543,0.4017263650894165,0.3636704981327057,0.02,0.44473523200000004,0.0,0.43288999795913696,0.9988982677459717,0.010350435972213745,0.11471733450889587,0.12919823825359344,0.26868361234664917,0.4070902466773987,0.40752625465393066,0.43288999795913696,0.43288999795913696,0.22779977321624756,0.07762159407138824,0.1330028921365738,0.04808399010249155,1691432.375,95,nan,-1.0,True,,False,0.05099974945187569,0.0,0.46653226017951965,10.0,10.0,1.0,0.0,0.0,0.0,1.0,0.0
153,1694475.375,250.03590393066406,0.0,0.4359343647956848,8470.037109375,8470.037109375,8470.037109375,0.4247433841228485,0.4247433841228485,0.3866880536079407,0.3866880536079407,0.4247433841228485,0.3866880536079407,0.4247433841228485,0.3866880536079407,0.4017433822154999,0.36368805170059204,0.02,0.44409930799999997,0.0,0.43290984630584717,0.9988886713981628,0.010349071584641933,0.11516910791397095,0.129372701048851,0.2686834931373596,0.4071006774902344,0.4075354337692261,0.43290984630584717,0.43290984630584717,0.22869975864887238,0.07838139683008194,0.13316816091537476,0.044514252307837725,1691432.375,95,nan,-1.0,True,,False,0.05099974945187569,0.0,0.46653226017951965,10.0,10.0,1.0,0.0,0.0,0.0,1.0,0.0
154,1694497.875,250.07749938964844,0.0,0.43809524178504944,8470.1435546875,8470.1435546875,8470.1435546875,0.4247726500034332,0.4247726500034332,0.3867183029651642,0.3867183029651642,0.4247726500034332,0.3867183029651642,0.4247726500034332,0.3867183029651642,0.4017726480960846,0.36371830105781555,0.02,0.44346105599999996,0.0,0.43294116854667664,0.9988818764686584,0.010354818776249886,0.11564445495605469,0.12951114773750305,0.2686835527420044,0.4071240723133087,0.40755727887153625,0.43294116854667664,0.43294116854667664,0.22961290180683136,0.07914262264966965,0.13261862099170685,0.04442947847484094,1691432.375,95,nan,-1.0,True,,False,0.05099974945187569,0.0,0.46653226017951965,10.0,10.0,1.0,0.0,0.0,0.0,1.0,0.0
155,1694346.625,250.12525939941406,0.0,0.4372319281101227,8469.3896484375,8469.3896484375,8469.3896484375,0.42481285333633423,0.42481285333633423,0.38675302267074585,0.38675302267074585,0.42481285333633423,0.38675302267074585,0.42481285333633423,0.38675302267074585,0.4018128514289856,0.3637530207633972,0.02,0.4428205,0.0,0.43298280239105225,0.9988784193992615,0.010360829532146454,0.11567291617393494,0.1295395791530609,0.2686835527420044,0.4071260690689087,0.4075576364994049,0.43298280239105225,0.43298280239105225,0.2305743247270584,0.07989074289798737,0.1314656287431717,0.044286072638998225,1691432.375,95,nan,-1.0,True,,False,0.05099974945187569,0.0,0.46653226017951965,10.0,10.0,1.0,0.0,0.0,0.0,1.0,0.0
156,1694219.75,250.16732788085938,0.0,0.4352557361125946,8468.759765625,8468.759765625,8468.759765625,0.4248572885990143,0.4248572885990143,0.386783629655838,0.386783629655838,0.4248572885990143,0.386783629655838,0.4248572885990143,0.386783629655838,0.40185728669166565,0.3637836277484894,0.02,0.44217766399999997,0.0,0.4330282211303711,0.9988750219345093,0.010357669554650784,0.11511823534965515,0.1295628696680069,0.26868337392807007,0.40714529156684875,0.40757516026496887,0.4330282509326935,0.4330282509326935,0.23156341910362244,0.08063903450965881,0.13032600283622742,0.04425418701753693,1691432.375,95,nan,-1.0,True,,False,0.05099974945187569,0.0,0.46653226017951965,10.0,10.0,1.0,0.0,0.0,0.0,1.0,0.0
157,1694171.125,250.2356719970703,0.0,0.4332597851753235,8468.521484375,8468.521484375,8468.521484375,0.42492616176605225,0.42492616176605225,0.3868333101272583,0.3868333101272583,0.42492616176605225,0.3868333101272583,0.42492616176605225,0.3868333101272583,0.4019261598587036,0.36383330821990967,0.02,0.441532572,0.0,0.4330967664718628,0.9988715052604675,0.010352318175137043,0.11451983451843262,0.12959498167037964,0.2686835527420044,0.4071868360042572,0.40761515498161316,0.4330967664718628,0.4330967664718628,0.2325386106967926,0.08138848841190338,0.129200279712677,0.045442964967353165,1691432.375,95,nan,-1.0,True,,False,0.05099974945187569,0.0,0.46653226017951965,10.0,10.0,1.0,0.0,0.0,0.0,1.0,0.0
158,1694312.375,250.31668090820312,0.0,0.43123579025268555,8469.232421875,8469.232421875,8469.232421875,0.4250098764896393,0.4250098764896393,0.3868921995162964,0.3868921995162964,0.4250098764896393,0.3868921995162964,0.4250098764896393,0.3868921995162964,0.40200987458229065,0.36389219760894775,0.02,0.440885248,0.0,0.4331801235675812,0.998870313167572,0.010350548662245274,0.11392012238502502,0.12954114377498627,0.2686835825443268,0.40722888708114624,0.4076555371284485,0.4331801235675812,0.4331801235675812,0.23351171612739563,0.08212878555059433,0.12809878587722778,0.045919567007028185,1691432.375,95,nan,-1.0,True,,False,0.05099974945187569,0.0,0.46653226017951965,10.0,10.0,1.0,0.0,0.0,0.0,1.0,0.0
159,1694302.375,250.40626525878906,0.0,0.4297817349433899,8469.185546875,8469.185546875,8469.185546875,0.42510393261909485,0.42510393261909485,0.3869572877883911,0.3869572877883911,0.42510393261909485,0.3869572877883911,0.42510393261909485,0.3869572877883911,0.4021039307117462,0.3639572858810425,0.02,0.440235716,0.0,0.43327319622039795,0.9988788962364197,0.010349197313189507,0.11327114701271057,0.12945622205734253,0.2686835527420044,0.4072732925415039,0.40769848227500916,0.43327319622039795,0.43327319622039795,0.234458789229393,0.08285874128341675,0.1270279586315155,0.04390282791670567,1691432.375,95,nan,-1.0,True,,False,0.05099974945187569,0.0,0.46653226017951965,10.0,10.0,1.0,0.0,0.0,0.0,1.0,0.0
160,1693831.0,250.50430297851562,0.0,0.4313301146030426,8466.82421875,8466.82421875,8466.82421875,0.4252013564109802,0.4252013564109802,0.3870285451412201,0.3870285451412201,0.4252013564109802,0.3870285451412201,0.4252013564109802,0.3870285451412201,0.4022013545036316,0.36402854323387146,0.02,0.439584,0.0,0.43336978554725647,0.9988949298858643,0.01034193392843008,0.11255860328674316,0.12940701842308044,0.2686835527420044,0.40734541416168213,0.4077690541744232,0.43336978554725647,0.43336978554725647,0.2353876233100891,0.08358850330114365,0.1259758323431015,0.04380883582052775,1691432.375,95,nan,-1.0,True,,False,0.05099974945187569,0.0,0.46653226017951965,10.0,10.0,1.0,0.0,0.0,0.0,1.0,0.0
161,1693981.5,250.6182098388672,0.0,0.4328530430793762,8467.572265625,8467.572265625,8467.572265625,0.42529985308647156,0.42529985308647156,0.3871113061904907,0.3871113061904907,0.42529985308647156,0.3871113061904907,0.42529985308647156,0.3871113061904907,0.4022998511791229,0.3641113042831421,0.02,0.43893012400000003,0.0,0.43346765637397766,0.9989017844200134,0.010344873182475567,0.11178305745124817,0.12943409383296967,0.2686835825443268,0.4073961675167084,0.40781813859939575,0.43346765637397766,0.43346765637397766,0.23629678785800934,0.08431877940893173,0.12494208663702011,0.04840918794151447,1691432.375,95,nan,-1.0,True,,False,0.05099974945187569,0.0,0.46653226017951965,10.0,10.0,1.0,0.0,0.0,0.0,1.0,0.0
162,1693928.125,250.744384765625,0.0,0.4353194832801819,8467.298828125,8467.298828125,8467.298828125,0.4253960847854614,0.4253960847854614,0.3872029483318329,0.3872029483318329,0.4253960847854614,0.3872029483318329,0.4253960847854614,0.3872029483318329,0.4023960828781128,0.36420294642448425,0.02,0.438274112,0.0,0.4335634410381317,0.9988998770713806,0.010346569120883942,0.11099928617477417,0.12955349683761597,0.2686835527420044,0.40746065974235535,0.4078812301158905,0.4335634708404541,0.4335634708404541,0.2372094690799713,0.08503429591655731,0.12394927442073822,0.04354798293530217,1691432.375,95,nan,-1.0,True,,False,0.05099974945187569,0.0,0.46653226017951965,10.0,10.0,1.0,0.0,0.0,0.0,1.0,0.0
163,1693664.875,251.06109619140625,0.0,0.4385859966278076,8465.97265625,8465.97265625,8465.97265625,0.4256175458431244,0.4256175458431244,0.38743287324905396,0.38743287324905396,0.4256175458431244,0.38743287324905396,0.4256175458431244,0.38743287324905396,0.40261754393577576,0.3644328713417053,0.02,0.437615988,0.0,0.43378084897994995,0.998884379863739,0.010360391810536385,0.11026623845100403,0.12971200048923492,0.2686835527420044,0.407606840133667,0.40802592039108276,0.43378084897994995,0.43378084897994995,0.23818737268447876,0.08574896305799484,0.12297947704792023,0.04448262786738471,1691432.375,95,nan,-1.0,True,,False,0.05099974945187569,0.0,0.46653226017951965,10.0,10.0,1.0,0.0,0.0,0.0,1.0,0.0
164,1694312.5,251.14700317382812,0.0,0.43992653489112854,8469.20703125,8469.20703125,8469.20703125,0.42567986249923706,0.42567986249923706,0.387495219707489,0.387495219707489,0.42567986249923706,0.387495219707489,0.42567986249923706,0.387495219707489,0.4026798605918884,0.3644952178001404,0.02,0.436955776,0.0,0.43384286761283875,0.9988763928413391,0.010359788313508034,0.11016923189163208,0.1298293024301529,0.2686835527420044,0.4076369106769562,0.4080546796321869,0.43384286761283875,0.43384286761283875,0.23908011615276337,0.08645428717136383,0.122037872672081,0.049556574978244804,1691432.375,95,nan,-1.0,True,,False,0.05099974945187569,0.0,0.46653226017951965,10.0,10.0,1.0,0.0,0.0,0.0,1.0,0.0
165,1694376.875,251.30711364746094,0.0,0.43948012590408325,8469.529296875,8469.529296875,8469.529296875,0.42579880356788635,0.42579880356788635,0.38761138916015625,0.38761138916015625,0.42579880356788635,0.38761138916015625,0.42579880356788635,0.38761138916015625,0.4027988016605377,0.3646113872528076,0.02,0.4362935,0.0,0.4339599311351776,0.9988784790039062,0.010357831604778767,0.10911110043525696,0.1299077719449997,0.26868361234664917,0.40769147872924805,0.40810805559158325,0.4339599013328552,0.4339599013328552,0.23995263874530792,0.08714301139116287,0.12115703523159027,0.04371146065144179,1691432.375,95,nan,-1.0,True,,False,0.05099974945187569,0.0,0.46653226017951965,10.0,10.0,1.0,0.0,0.0,0.0,1.0,0.0
166,1694219.0,251.48281860351562,0.0,0.43902015686035156,8468.740234375,8468.740234375,8468.740234375,0.42593517899513245,0.42593517899513245,0.38773882389068604,0.38773882389068604,0.42593517899513245,0.38773882389068604,0.42593517899513245,0.38773882389068604,0.4029351770877838,0.3647388219833374,0.02,0.435629184,0.0,0.43409401178359985,0.9988796710968018,0.010359463281929493,0.11022710800170898,0.12995131313800812,0.2686834931373596,0.4077743887901306,0.4081897735595703,0.43409401178359985,0.43409401178359985,0.24083110690116882,0.08783113211393356,0.12030012160539627,0.043641449514931686,1691432.375,95,nan,-1.0,True,,False,0.05099974945187569,0.0,0.46653226017951965,10.0,10.0,1.0,0.0,0.0,0.0,1.0,0.0
167,1694011.125,251.62303161621094,0.0,0.4384671151638031,8467.701171875,8467.701171875,8467.701171875,0.4260454475879669,0.4260454475879669,0.38784047961235046,0.38784047961235046,0.4260454475879669,0.38784047961235046,0.4260454475879669,0.38784047961235046,0.4030454456806183,0.36484047770500183,0.02,0.434962852,0.0,0.43420296907424927,0.99888014793396,0.010358746163547039,0.11116567254066467,0.12992431223392487,0.26868361234664917,0.40784215927124023,0.4082564413547516,0.43420296907424927,0.43420296907424927,0.24168266355991364,0.0885191336274147,0.11946702003479004,0.04360735145099978,1691432.375,95,nan,-1.0,True,,False,0.05099974945187569,0.0,0.46653226017951965,10.0,10.0,1.0,0.0,0.0,0.0,1.0,0.0
168,1694215.875,251.7142791748047,0.0,0.4379386007785797,8468.7265625,8468.7265625,8468.7265625,0.42612749338150024,0.42612749338150024,0.38790664076805115,0.38790664076805115,0.42612749338150024,0.38790664076805115,0.42612749338150024,0.38790664076805115,0.4031274914741516,0.3649066388607025,0.02,0.434294528,0.0,0.4342850148677826,0.9988839030265808,0.010368996299803257,0.11215206980705261,0.1298532485961914,0.2686835825443268,0.40789106488227844,0.40830403566360474,0.4342849850654602,0.4342849850654602,0.24252773821353912,0.08920778334140778,0.11865661293268204,0.04321739044260337,1691432.375,95,nan,-1.0,True,,False,0.05099974945187569,0.0,0.46653226017951965,10.0,10.0,1.0,0.0,0.0,0.0,1.0,0.0
169,1693821.875,251.82672119140625,0.0,0.4396578371524811,8466.7509765625,8466.7509765625,8466.7509765625,0.4262237250804901,0.4262237250804901,0.3879881203174591,0.3879881203174591,0.4262237250804901,0.3879881203174591,0.4262237250804901,0.3879881203174591,0.4032237231731415,0.3649881184101105,0.02,0.433624236,0.0,0.43438127636909485,0.9988926649093628,0.010377884842455387,0.11311694979667664,0.12985457479953766,0.2686835825443268,0.40796172618865967,0.4083738625049591,0.43438127636909485,0.43438127636909485,0.24339726567268372,0.08989685773849487,0.11787153035402298,0.04425738654875507,1691432.375,95,nan,-1.0,True,,False,0.05099974945187569,0.0,0.46653226017951965,10.0,10.0,1.0,0.0,0.0,0.0,1.0,0.0
170,1694319.5,251.9027862548828,0.0,0.44266924262046814,8469.2314453125,8469.2314453125,8469.2314453125,0.42628657817840576,0.42628657817840576,0.38804325461387634,0.38804325461387634,0.42628657817840576,0.38804325461387634,0.42628657817840576,0.38804325461387634,0.40328657627105713,0.3650432527065277,0.02,0.432952,0.0,0.43444570899009705,0.998896598815918,0.010381629690527916,0.11389893293380737,0.12990477681159973,0.2686835527420044,0.40801501274108887,0.40842631459236145,0.43444570899009705,0.43444570899009705,0.24424897134304047,0.09057774394750595,0.11711619794368744,0.04468681971775368,1691432.375,95,nan,-1.0,True,,False,0.05099974945187569,0.0,0.46653226017951965,10.0,10.0,1.0,0.0,0.0,0.0,1.0,0.0
171,1694736.5,252.02389526367188,0.0,0.4458768963813782,8471.3076171875,8471.3076171875,8471.3076171875,0.4263699948787689,0.4263699948787689,0.3881309926509857,0.3881309926509857,0.4263699948787689,0.3881309926509857,0.4263699948787689,0.3881309926509857,0.4033699929714203,0.3651309907436371,0.02,0.432277844,0.0,0.43453070521354675,0.9989023804664612,0.010378309525549412,0.11445367336273193,0.1299627125263214,0.2686835825443268,0.4080905020236969,0.4085009694099426,0.43453070521354675,0.43453070521354675,0.24512028694152832,0.09124954789876938,0.11639121174812317,0.04311900113761011,1691432.375,95,nan,-1.0,True,,False,0.05099974945187569,0.0,0.46653226017951965,10.0,10.0,1.0,0.0,0.0,0.0,1.0,0.0
172,1694603.5,252.1646270751953,0.0,0.44907426834106445,8470.6337890625,8470.6337890625,8470.6337890625,0.4264722764492035,0.4264722764492035,0.38823291659355164,0.38823291659355164,0.4264722764492035,0.38823291659355164,0.4264722764492035,0.38823291659355164,0.40347227454185486,0.365232914686203,0.02,0.431601792,0.0,0.43463432788848877,0.9989069104194641,0.010383158922195435,0.11407604813575745,0.13005530834197998,0.26868361234664917,0.40816912055015564,0.40857869386672974,0.43463432788848877,0.43463432788848877,0.2460118681192398,0.09192106872797012,0.11569107323884964,0.04347632723834573,1691432.375,95,nan,-1.0,True,,False,0.05099974945187569,0.0,0.46653226017951965,10.0,10.0,1.0,0.0,0.0,0.0,1.0,0.0
173,1693931.125,252.26046752929688,0.0,0.4521411955356598,8467.263671875,8467.263671875,8467.263671875,0.4265437424182892,0.4265437424182892,0.3883023262023926,0.3883023262023926,0.4265437424182892,0.3883023262023926,0.4265437424182892,0.3883023262023926,0.40354374051094055,0.36530232429504395,0.02,0.43092386800000004,0.0,0.4347080588340759,0.9989074468612671,0.010384635999798775,0.11380454897880554,0.1301177740097046,0.26868343353271484,0.40823233127593994,0.4086412787437439,0.4347080588340759,0.4347080588340759,0.2468874752521515,0.09259383380413055,0.11501249670982361,0.04343314881811643,1691432.375,95,nan,-1.0,True,,False,0.05099974945187569,0.0,0.46653226017951965,10.0,10.0,1.0,0.0,0.0,0.0,1.0,0.0
174,1693153.0,252.36083984375,0.0,0.4517085552215576,8463.3740234375,8463.3740234375,8463.3740234375,0.42662084102630615,0.42662084102630615,0.3883749842643738,0.3883749842643738,0.42662084102630615,0.3883749842643738,0.42662084102630615,0.3883749842643738,0.4036208391189575,0.36537498235702515,0.02,0.430244096,0.0,0.4347878694534302,0.9989050030708313,0.010389978997409344,0.1135663092136383,0.1301129162311554,0.26868361234664917,0.40828561782836914,0.4086940586566925,0.4347878694534302,0.4347878694534302,0.2477772980928421,0.09326852858066559,0.11435438692569733,0.04331478752849054,1691432.375,95,nan,-1.0,True,,False,0.05099974945187569,0.0,0.46653226017951965,10.0,10.0,1.0,0.0,0.0,0.0,1.0,0.0
175,1691958.875,252.44932556152344,0.0,0.45093533396720886,8457.4052734375,8457.4052734375,8457.4052734375,0.42668381333351135,0.42668381333351135,0.38843902945518494,0.38843902945518494,0.42668381333351135,0.38843902945518494,0.42668381333351135,0.38843902945518494,0.4036838114261627,0.3654390275478363,0.02,0.4295625,0.0,0.43485406041145325,0.9989012479782104,0.01038934476673603,0.11317023634910583,0.13015510141849518,0.2686835527420044,0.40834149718284607,0.40874940156936646,0.43485406041145325,0.43485406041145325,0.24868352711200714,0.09394499659538269,0.11371982097625732,0.04322778215444285,1691432.375,95,nan,-1.0,True,,False,0.05099974945187569,0.0,0.46653226017951965,10.0,10.0,1.0,0.0,0.0,0.0,1.0,0.0
176,1692045.625,252.52182006835938,0.0,0.45014581084251404,8457.83984375,8457.83984375,8457.83984375,0.4267430603504181,0.4267430603504181,0.38849151134490967,0.38849151134490967,0.4267430603504181,0.38849151134490967,0.4267430603504181,0.38849151134490967,0.40374305844306946,0.36549150943756104,0.02,0.428879104,0.0,0.4349173605442047,0.9988970756530762,0.01039099507033825,0.11254718899726868,0.1301768273115158,0.2686835527420044,0.4084005355834961,0.40880802273750305,0.4349173605442047,0.4349173605442047,0.24961602687835693,0.09461476653814316,0.11314737051725388,0.04321487194425168,1691432.375,95,nan,-1.0,True,,False,0.05099974945187569,0.0,0.46653226017951965,10.0,10.0,1.0,0.0,0.0,0.0,1.0,0.0
177,1693606.125,252.5854949951172,0.0,0.4494031071662903,8465.64453125,8465.64453125,8465.64453125,0.42679309844970703,0.42679309844970703,0.38853758573532104,0.38853758573532104,0.42679309844970703,0.38853758573532104,0.42679309844970703,0.38853758573532104,0.4037930965423584,0.3655375838279724,0.02,0.428193932,0.0,0.43497228622436523,0.998892605304718,0.010390966199338436,0.1120150089263916,0.13015757501125336,0.2686835527420044,0.4084630608558655,0.4088703691959381,0.43497228622436523,0.43497228622436523,0.2505384087562561,0.09527686983346939,0.11260277032852173,0.04324359627369429,1691432.375,95,nan,-1.0,True,,False,0.05099974945187569,0.0,0.46653226017951965,10.0,10.0,1.0,0.0,0.0,0.0,1.0,0.0
178,1694663.75,252.64736938476562,0.0,0.4486766457557678,8470.93359375,8470.93359375,8470.93359375,0.42683568596839905,0.42683568596839905,0.38858234882354736,0.38858234882354736,0.42683568596839905,0.38858234882354736,0.42683568596839905,0.38858234882354736,0.4038356840610504,0.36558234691619873,0.02,0.42750700799999997,0.0,0.43502041697502136,0.9988878965377808,0.010392921045422554,0.11157724261283875,0.13023671507835388,0.2686835527420044,0.40852922201156616,0.4089362621307373,0.43502041697502136,0.43502041697502136,0.25145092606544495,0.09593092650175095,0.11208487302064896,0.04321264346880424,1691432.375,95,nan,-1.0,True,,False,0.05099974945187569,0.0,0.46653226017951965,10.0,10.0,1.0,0.0,0.0,0.0,1.0,0.0
179,1695306.0,252.7340850830078,0.0,0.44965431094169617,8474.142578125,8474.142578125,8474.142578125,0.4268939793109894,0.4268939793109894,0.38864508271217346,0.38864508271217346,0.4268939793109894,0.38864508271217346,0.4268939793109894,0.38864508271217346,0.40389397740364075,0.36564508080482483,0.02,0.426818356,0.0,0.43508413434028625,0.9988831877708435,0.010396875441074371,0.11123046278953552,0.13036097586154938,0.2686834931373596,0.40858981013298035,0.4089965224266052,0.43508413434028625,0.43508413434028625,0.2523530423641205,0.09657658636569977,0.11159282177686691,0.043186735774118766,1691432.375,95,nan,-1.0,True,,False,0.05099974945187569,0.0,0.46653226017951965,10.0,10.0,1.0,0.0,0.0,0.0,1.0,0.0
180,1695510.75,252.80245971679688,0.0,0.453341543674469,8475.15625,8475.15625,8475.15625,0.42694419622421265,0.42694419622421265,0.38869455456733704,0.38869455456733704,0.42694419622421265,0.38869455456733704,0.42694419622421265,0.38869455456733704,0.403944194316864,0.3656945526599884,0.02,0.426128,0.0,0.43514031171798706,0.9988788962364197,0.010400183498859406,0.11099091172218323,0.13042467832565308,0.2686835527420044,0.4086485803127289,0.40905526280403137,0.43514031171798706,0.43514031171798706,0.2532610595226288,0.09721334278583527,0.11112640053033829,0.04336485961135218,1691432.375,95,nan,-1.0,True,,False,0.05099974945187569,0.0,0.46653226017951965,10.0,10.0,1.0,0.0,0.0,0.0,1.0,0.0
181,1695402.375,252.85520935058594,0.0,0.4576077163219452,8474.603515625,8474.603515625,8474.603515625,0.42698755860328674,0.42698755860328674,0.3887327015399933,0.3887327015399933,0.42698755860328674,0.3887327015399933,0.42698755860328674,0.3887327015399933,0.4039875566959381,0.36573269963264465,0.02,0.425435964,0.0,0.4351899027824402,0.9988842606544495,0.010401183739304543,0.1109292209148407,0.13040883839130402,0.2686835825443268,0.4087057113647461,0.40911242365837097,0.4351899027824402,0.4351899027824402,0.2541525959968567,0.09784083813428879,0.11068236827850342,0.043713520832372725,1691432.375,95,nan,-1.0,True,,False,0.05099974945187569,0.0,0.46653226017951965,10.0,10.0,1.0,0.0,0.0,0.0,1.0,0.0
182,1694424.5,252.9048309326172,0.0,0.4618743062019348,8469.703125,8469.703125,8469.703125,0.42702874541282654,0.42702874541282654,0.38876858353614807,0.38876858353614807,0.42702874541282654,0.38876858353614807,0.42702874541282654,0.38876858353614807,0.4040287435054779,0.36576858162879944,0.02,0.424742272,0.0,0.43523746728897095,0.9988902807235718,0.010405858047306538,0.11247029900550842,0.13042481243610382,0.26868361234664917,0.4087594449520111,0.40916624665260315,0.43523746728897095,0.43523746728897095,0.2550865113735199,0.09846775978803635,0.11025166511535645,0.042906160461522326,1691432.375,95,nan,-1.0,True,,False,0.05099974945187569,0.0,0.46653226017951965,10.0,10.0,1.0,0.0,0.0,0.0,1.0,0.0
183,1694397.125,252.94644165039062,0.0,0.46609851717948914,8469.5556640625,8469.5556640625,8469.5556640625,0.42706432938575745,0.42706432938575745,0.38879868388175964,0.38879868388175964,0.42706432938575745,0.38879868388175964,0.42706432938575745,0.38879868388175964,0.4040643274784088,0.365798681974411,0.02,0.424046948,0.0,0.4352795481681824,0.9988865256309509,0.010407713241875172,0.1141330897808075,0.13047102093696594,0.2686835527420044,0.40882962942123413,0.4092366695404053,0.4352795481681824,0.4352795481681824,0.25605571269989014,0.09909521788358688,0.1098347008228302,0.04290292204111918,1691432.375,95,nan,-1.0,True,,False,0.05099974945187569,0.0,0.46653226017951965,10.0,10.0,1.0,0.0,0.0,0.0,1.0,0.0
184,1694957.0,252.97909545898438,0.0,0.46993961930274963,8472.3447265625,8472.3447265625,8472.3447265625,0.4270884096622467,0.4270884096622467,0.3888222873210907,0.3888222873210907,0.4270884096622467,0.3888222873210907,0.4270884096622467,0.3888222873210907,0.40408840775489807,0.36582228541374207,0.02,0.423350016,0.0,0.43531009554862976,0.9988605380058289,0.010409007780253887,0.11458924412727356,0.13048425316810608,0.2686835527420044,0.4088883399963379,0.40929558873176575,0.43531009554862976,0.43531009554862976,0.2570585608482361,0.09972375631332397,0.10943000018596649,0.04366237219882249,1691432.375,95,nan,-1.0,True,,False,0.05099974945187569,0.0,0.46653226017951965,10.0,10.0,1.0,0.0,0.0,0.0,1.0,0.0
185,1695125.375,253.01824951171875,0.0,0.47022777795791626,8473.1865234375,8473.1865234375,8473.1865234375,0.4271125793457031,0.4271125793457031,0.388850599527359,0.388850599527359,0.4271125793457031,0.388850599527359,0.4271125793457031,0.388850599527359,0.4041125774383545,0.3658505976200104,0.02,0.4226515,0.0,0.43534061312675476,0.9988337159156799,0.010408468544483185,0.1133800745010376,0.1305208057165146,0.26868361234664917,0.4089531898498535,0.4093606472015381,0.43534061312675476,0.43534061312675476,0.25805243849754333,0.10034437477588654,0.10904117673635483,0.04292190749482769,1691432.375,95,nan,-1.0,True,,False,0.05099974945187569,0.0,0.46653226017951965,10.0,10.0,1.0,0.0,0.0,0.0,1.0,0.0
186,1695591.0,253.07284545898438,0.0,0.4704674780368805,8475.513671875,8475.513671875,8475.513671875,0.427143931388855,0.427143931388855,0.3888900578022003,0.3888900578022003,0.427143931388855,0.3888900578022003,0.427143931388855,0.3888900578022003,0.40414392948150635,0.3658900558948517,0.02,0.42195142399999996,0.0,0.4353775084018707,0.9988119602203369,0.010406341403722763,0.11536726355552673,0.1306343674659729,0.26868361234664917,0.4090127646923065,0.4094206392765045,0.4353775084018707,0.4353775084018707,0.2590194344520569,0.10095717757940292,0.10866905003786087,0.04250071249811703,1691432.375,95,nan,-1.0,True,,False,0.05099974945187569,0.0,0.46653226017951965,10.0,10.0,1.0,0.0,0.0,0.0,1.0,0.0
187,1695550.25,253.1479949951172,0.0,0.47065469622612,8475.30859375,8475.30859375,8475.30859375,0.42718181014060974,0.42718181014060974,0.3889443874359131,0.3889443874359131,0.42718181014060974,0.3889443874359131,0.42718181014060974,0.3889443874359131,0.4041818082332611,0.36594438552856445,0.02,0.421249812,0.0,0.435420423746109,0.9987951517105103,0.010404891334474087,0.11389797925949097,0.13077397644519806,0.2686835527420044,0.4090801179409027,0.4094884395599365,0.435420423746109,0.435420423746109,0.26000064611434937,0.10157077759504318,0.10830500721931458,0.04324065489506918,1691432.375,95,nan,-1.0,True,,False,0.05099974945187569,0.0,0.46653226017951965,10.0,10.0,1.0,0.0,0.0,0.0,1.0,0.0
188,1695471.625,253.22280883789062,0.0,0.4708123803138733,8474.9150390625,8474.9150390625,8474.9150390625,0.42721790075302124,0.42721790075302124,0.38899844884872437,0.38899844884872437,0.42721790075302124,0.38899844884872437,0.42721790075302124,0.38899844884872437,0.4042178988456726,0.36599844694137573,0.02,0.420546688,0.0,0.43546101450920105,0.9987985491752625,0.010409615933895111,0.11161935329437256,0.1308976709842682,0.26868361234664917,0.40913352370262146,0.40954214334487915,0.43546101450920105,0.43546101450920105,0.26094505190849304,0.10217646509408951,0.10795549303293228,0.04412470067230364,1691432.375,95,nan,-1.0,True,,False,0.05099974945187569,0.0,0.46653226017951965,10.0,10.0,1.0,0.0,0.0,0.0,1.0,0.0
189,1695861.75,253.30288696289062,0.0,0.4709295928478241,8476.865234375,8476.865234375,8476.865234375,0.4272620379924774,0.4272620379924774,0.38905632495880127,0.38905632495880127,0.4272620379924774,0.38905632495880127,0.4272620379924774,0.38905632495880127,0.4042620360851288,0.36605632305145264,0.02,0.419842076,0.0,0.43550926446914673,0.9988170862197876,0.010414858348667622,0.10948866605758667,0.13096003234386444,0.26868361234664917,0.40919938683509827,0.4096085727214813,0.43550926446914673,0.43550926446914673,0.2618679106235504,0.10277368128299713,0.1076175794005394,0.04219808801685253,1691432.375,95,nan,-1.0,True,,False,0.05099974945187569,0.0,0.46653226017951965,10.0,10.0,1.0,0.0,0.0,0.0,1.0,0.0
190,1696447.25,253.3653106689453,0.0,0.4718577563762665,8479.7900390625,8479.7900390625,8479.7900390625,0.42729854583740234,0.42729854583740234,0.38910141587257385,0.38910141587257385,0.42729854583740234,0.38910141587257385,0.42729854583740234,0.38910141587257385,0.4042985439300537,0.3661014139652252,0.02,0.419136,0.0,0.4355495870113373,0.9988343119621277,0.010409890674054623,0.10963863134384155,0.1309845894575119,0.26868361234664917,0.4092729091644287,0.4096823036670685,0.4355495870113373,0.4355495870113373,0.26275888085365295,0.10336320847272873,0.10729274153709412,0.04389629295716683,1691432.375,95,nan,-1.0,True,,False,0.05099974945187569,0.0,0.46653226017951965,10.0,10.0,1.0,0.0,0.0,0.0,1.0,0.0
191,1696061.5,253.42469787597656,0.0,0.47560569643974304,8477.8515625,8477.8515625,8477.8515625,0.4273402690887451,0.4273402690887451,0.38914433121681213,0.38914433121681213,0.4273402690887451,0.38914433121681213,0.4273402690887451,0.38914433121681213,0.4043402671813965,0.3661443293094635,0.02,0.418428484,0.0,0.43559500575065613,0.9988490343093872,0.010410289280116558,0.10966849327087402,0.1309337317943573,0.2686835527420044,0.40931057929992676,0.40972018241882324,0.43559500575065613,0.43559500575065613,0.2636512219905853,0.10395365953445435,0.10697254538536072,0.04286916672329729,1691432.375,95,nan,-1.0,True,,False,0.05099974945187569,0.0,0.46653226017951965,10.0,10.0,1.0,0.0,0.0,0.0,1.0,0.0
192,1696442.875,253.46890258789062,0.0,0.4792754352092743,8479.7490234375,8479.7490234375,8479.7490234375,0.42737358808517456,0.42737358808517456,0.38917624950408936,0.38917624950408936,0.42737358808517456,0.38917624950408936,0.42737358808517456,0.38917624950408936,0.4043735861778259,0.3661762475967407,0.02,0.417719552,0.0,0.4356320798397064,0.9988499879837036,0.010415542870759964,0.1116747260093689,0.13090792298316956,0.2686835825443268,0.40937870740890503,0.4097883105278015,0.4356320798397064,0.4356320798397064,0.26454654335975647,0.10454549640417099,0.10665731877088547,0.0423651320387661,1691432.375,95,nan,-1.0,True,,False,0.05099974945187569,0.0,0.46653226017951965,10.0,10.0,1.0,0.0,0.0,0.0,1.0,0.0
193,1696646.625,253.52447509765625,0.0,0.48280879855155945,8480.7587890625,8480.7587890625,8480.7587890625,0.4274059534072876,0.4274059534072876,0.3892163932323456,0.3892163932323456,0.4274059534072876,0.3892163932323456,0.4274059534072876,0.3892163932323456,0.40440595149993896,0.36621639132499695,0.02,0.417009228,0.0,0.43566834926605225,0.9988369941711426,0.010414477437734604,0.1143941879272461,0.13091941177845,0.26868361234664917,0.4094385802745819,0.40984824299812317,0.43566834926605225,0.43566834926605225,0.26542338728904724,0.10513012856245041,0.10635289549827576,0.04135025929847163,1691432.375,95,nan,-1.0,True,,False,0.05099974945187569,0.0,0.46653226017951965,10.0,10.0,1.0,0.0,0.0,0.0,1.0,0.0
194,1696574.75,253.5849151611328,0.0,0.4861725866794586,8480.390625,8480.390625,8480.390625,0.42743444442749023,0.42743444442749023,0.38926005363464355,0.38926005363464355,0.42743444442749023,0.38926005363464355,0.42743444442749023,0.38926005363464355,0.4044344425201416,0.3662600517272949,0.02,0.41629753599999997,0.0,0.4357014298439026,0.9988201260566711,0.010416324250400066,0.11219322681427002,0.13100065290927887,0.26868361234664917,0.40949690341949463,0.4099068343639374,0.4357014298439026,0.4357014298439026,0.26626870036125183,0.1057078167796135,0.10605639219284058,0.04424553273323303,1691432.375,95,nan,-1.0,True,,False,0.05099974945187569,0.0,0.46653226017951965,10.0,10.0,1.0,0.0,0.0,0.0,1.0,0.0
195,1696444.125,253.65371704101562,0.0,0.4891800582408905,8479.7294921875,8479.7294921875,8479.7294921875,0.4274623990058899,0.4274623990058899,0.38930973410606384,0.38930973410606384,0.4274623990058899,0.38930973410606384,0.4274623990058899,0.38930973410606384,0.40446239709854126,0.3663097321987152,0.02,0.4155845,0.0,0.43573370575904846,0.9988148808479309,0.010418127290904522,0.11089086532592773,0.1311565637588501,0.2686835825443268,0.4095497727394104,0.4099601209163666,0.43573370575904846,0.43573370575904846,0.2671298086643219,0.10628737509250641,0.10576082020998001,0.042764541190182276,1691432.375,95,nan,-1.0,True,,False,0.05099974945187569,0.0,0.46653226017951965,10.0,10.0,1.0,0.0,0.0,0.0,1.0,0.0
196,1696371.75,253.70602416992188,0.0,0.4891885221004486,8479.3671875,8479.3671875,8479.3671875,0.42748668789863586,0.42748668789863586,0.38934749364852905,0.38934749364852905,0.42748668789863586,0.38934749364852905,0.42748668789863586,0.38934749364852905,0.40448668599128723,0.3663474917411804,0.019999999999999997,0.414870144,0.0,0.4357629120349884,0.9988080859184265,0.0104161836206913,0.11335942149162292,0.13127265870571136,0.2686835825443268,0.409604549407959,0.4100151062011719,0.4357629120349884,0.4357629120349884,0.2680370509624481,0.10686895996332169,0.10546723008155823,0.04284213028020329,1691432.375,95,nan,-1.0,True,,False,0.05099974945187569,0.0,0.46653226017951965,10.0,10.0,1.0,0.0,0.0,0.0,1.0,0.0
197,1696235.125,253.74200439453125,0.0,0.48704347014427185,8478.689453125,8478.689453125,8478.689453125,0.4275047481060028,0.4275047481060028,0.3893734812736511,0.3893734812736511,0.4275047481060028,0.3893734812736511,0.4275047481060028,0.3893734812736511,0.4045047461986542,0.3663734793663025,0.02,0.414154492,0.0,0.4357858896255493,0.9987982511520386,0.010417480021715164,0.11312037706375122,0.13128404319286346,0.2686835527420044,0.40963485836982727,0.410045862197876,0.4357858896255493,0.4357858896255493,0.26899710297584534,0.10744797438383102,0.10517492145299911,0.03957149599348971,1691432.375,95,nan,-1.0,True,,False,0.05099974945187569,0.0,0.46653226017951965,10.0,10.0,1.0,0.0,0.0,0.0,1.0,0.0
198,1696140.0,253.7661590576172,0.0,0.4841850697994232,8478.220703125,8478.220703125,8478.220703125,0.4275248646736145,0.4275248646736145,0.3893909156322479,0.3893909156322479,0.4275248646736145,0.3893909156322479,0.4275248646736145,0.3893909156322479,0.40452486276626587,0.3663909137248993,0.02,0.413437568,0.0,0.43581098318099976,0.9987903237342834,0.010415766388177872,0.11501520872116089,0.13124313950538635,0.2686835527420044,0.4096859097480774,0.41009753942489624,0.43581098318099976,0.43581098318099976,0.26999205350875854,0.10803933441638947,0.10483257472515106,0.04281881494454057,1691432.375,95,nan,-1.0,True,,False,0.05099974945187569,0.0,0.46653226017951965,10.0,10.0,1.0,0.0,0.0,0.0,1.0,0.0
199,1695734.625,253.80567932128906,0.0,0.4809942841529846,8476.2021484375,8476.2021484375,8476.2021484375,0.4275592863559723,0.4275592863559723,0.38941943645477295,0.38941943645477295,0.4275592863559723,0.38941943645477295,0.4275592863559723,0.38941943645477295,0.40455928444862366,0.3664194345474243,0.02,0.412719396,0.0,0.43585020303726196,0.9988023042678833,0.010418102145195007,0.1177474856376648,0.13120192289352417,0.2686835527420044,0.4097411036491394,0.41015321016311646,0.4358501732349396,0.4358501732349396,0.2710145115852356,0.10863599926233292,0.10448472946882248,0.042263154860443644,1691432.375,95,nan,-1.0,True,,False,0.05099974945187569,0.0,0.46653226017951965,10.0,10.0,1.0,0.0,0.0,0.0,1.0,0.0
200,1694387.125,253.85336303710938,0.0,0.4775354564189911,8469.47265625,8469.47265625,8469.47265625,0.42759576439857483,0.42759576439857483,0.38945385813713074,0.38945385813713074,0.42759576439857483,0.38945385813713074,0.42759576439857483,0.38945385813713074,0.4045957624912262,0.3664538562297821,0.02,0.412,0.0,0.4358917772769928,0.9988122582435608,0.010421245358884335,0.11867430806159973,0.13117749989032745,0.2686835527420044,0.40978947281837463,0.41020214557647705,0.4358917772769928,0.4358917772769928,0.27206552028656006,0.10923796892166138,0.10413171350955963,0.042071524899155416,1691432.375,95,nan,-1.0,True,,False,0.05099974945187569,0.0,0.46653226017951965,10.0,10.0,1.0,0.0,0.0,0.0,1.0,0.0
201,1694836.0,253.9001007080078,0.0,0.4740072786808014,8471.7255859375,8471.7255859375,8471.7255859375,0.4276277422904968,0.4276277422904968,0.3894875943660736,0.3894875943660736,0.4276277422904968,0.3894875943660736,0.4276277422904968,0.3894875943660736,0.4046277403831482,0.366487592458725,0.02,0.411279404,0.0,0.43592914938926697,0.9987963438034058,0.010425979271531105,0.11749249696731567,0.13123543560504913,0.26868361234664917,0.40983614325523376,0.4102494716644287,0.43592914938926697,0.43592914938926697,0.2731356918811798,0.10984530299901962,0.10377279669046402,0.04161758719581283,1691432.375,95,nan,-1.0,True,,False,0.05099974945187569,0.0,0.46653226017951965,10.0,10.0,1.0,0.0,0.0,0.0,1.0,0.0
202,1695445.0,253.9983367919922,0.0,0.47502580285072327,8474.767578125,8474.767578125,8474.767578125,0.42770078778266907,0.42770078778266907,0.38955849409103394,0.38955849409103394,0.42770078778266907,0.38955849409103394,0.42770078778266907,0.38955849409103394,0.40470078587532043,0.3665584921836853,0.02,0.41055763199999995,0.0,0.43600863218307495,0.9987961053848267,0.010433414950966835,0.11599689722061157,0.13137783110141754,0.2686835527420044,0.4099033772945404,0.4103167653083801,0.43600863218307495,0.43600863218307495,0.27424338459968567,0.11043043434619904,0.10341411828994751,0.04164298964800158,1691432.375,95,nan,-1.0,True,,False,0.05099974945187569,0.0,0.46653226017951965,10.0,10.0,1.0,0.0,0.0,0.0,1.0,0.0
203,1695624.875,254.1219024658203,0.0,0.47780704498291016,8475.6591796875,8475.6591796875,8475.6591796875,0.4277968406677246,0.4277968406677246,0.38964763283729553,0.38964763283729553,0.4277968406677246,0.38964763283729553,0.4277968406677246,0.38964763283729553,0.404796838760376,0.3666476309299469,0.02,0.409834708,0.0,0.43611228466033936,0.9988056421279907,0.010436215437948704,0.11444529891014099,0.13153690099716187,0.2686835527420044,0.40999647974967957,0.4104098975658417,0.43611228466033936,0.43611228466033936,0.2753566801548004,0.11099831014871597,0.10305464267730713,0.042040803448698066,1691432.375,95,nan,-1.0,True,,False,0.05099974945187569,0.0,0.46653226017951965,10.0,10.0,1.0,0.0,0.0,0.0,1.0,0.0
204,1695368.875,254.2191162109375,0.0,0.4808642566204071,8474.37109375,8474.37109375,8474.37109375,0.42788204550743103,0.42788204550743103,0.3897177577018738,0.3897177577018738,0.42788204550743103,0.3897177577018738,0.42788204550743103,0.3897177577018738,0.4048820436000824,0.36671775579452515,0.019999999999999997,0.409110656,0.0,0.4362061023712158,0.9988152384757996,0.010439123958349228,0.11342960596084595,0.1315690577030182,0.2686835825443268,0.41008317470550537,0.41049686074256897,0.4362061023712158,0.4362061023712158,0.2764958143234253,0.11157157272100449,0.10268747806549072,0.04287699420173238,1691432.375,95,nan,-1.0,True,,False,0.05099974945187569,0.0,0.46653226017951965,10.0,10.0,1.0,0.0,0.0,0.0,1.0,0.0
205,1695153.0,254.29937744140625,0.0,0.4842684864997864,8473.283203125,8473.283203125,8473.283203125,0.42796650528907776,0.42796650528907776,0.3897756338119507,0.3897756338119507,0.42796650528907776,0.3897756338119507,0.42796650528907776,0.3897756338119507,0.4049665033817291,0.36677563190460205,0.02,0.4083855,0.0,0.4363005459308624,0.9988251328468323,0.010441684164106846,0.11568251252174377,0.13152071833610535,0.2686835527420044,0.41015690565109253,0.41057088971138,0.4363005459308624,0.4363005459308624,0.2776811122894287,0.11215069144964218,0.10231262445449829,0.0406699114472657,1691432.375,95,nan,-1.0,True,,False,0.05099974945187569,0.0,0.46653226017951965,10.0,10.0,1.0,0.0,0.0,0.0,1.0,0.0
206,1695479.375,254.3606719970703,0.0,0.4867698848247528,8474.908203125,8474.908203125,8474.908203125,0.4280378818511963,0.4280378818511963,0.38981983065605164,0.38981983065605164,0.4280378818511963,0.38981983065605164,0.4280378818511963,0.38981983065605164,0.40503787994384766,0.366819828748703,0.02,0.407659264,0.0,0.43638309836387634,0.9988337159156799,0.010442397557199001,0.11319071054458618,0.13148362934589386,0.26868361234664917,0.4102328419685364,0.41064727306365967,0.43638309836387634,0.43638309836387634,0.27884140610694885,0.11272688210010529,0.10194015502929688,0.042738826992313586,1691432.375,95,nan,-1.0,True,,False,0.05099974945187569,0.0,0.46653226017951965,10.0,10.0,1.0,0.0,0.0,0.0,1.0,0.0
207,1695085.0,254.42315673828125,0.0,0.485685259103775,8472.9384765625,8472.9384765625,8472.9384765625,0.4281074106693268,0.4281074106693268,0.38986489176750183,0.38986489176750183,0.4281074106693268,0.38986489176750183,0.4281074106693268,0.38986489176750183,0.40510740876197815,0.3668648898601532,0.02,0.406931972,0.0,0.4364648461341858,0.9988425374031067,0.010438179597258568,0.11042392253875732,0.131434366106987,0.26868361234664917,0.41030970215797424,0.4107245206832886,0.4364648461341858,0.4364648461341858,0.28002113103866577,0.11330834776163101,0.10156828165054321,0.042251037952761784,1691432.375,95,nan,-1.0,True,,False,0.05099974945187569,0.0,0.46653226017951965,10.0,10.0,1.0,0.0,0.0,0.0,1.0,0.0
208,1694738.875,254.49435424804688,0.0,0.4827418923377991,8471.21484375,8471.21484375,8471.21484375,0.428171306848526,0.428171306848526,0.38991621136665344,0.38991621136665344,0.428171306848526,0.38991621136665344,0.428171306848526,0.38991621136665344,0.40517130494117737,0.3669162094593048,0.02,0.406203648,0.0,0.436542272567749,0.9988514184951782,0.010434298776090145,0.11170041561126709,0.13142700493335724,0.2686835527420044,0.41038602590560913,0.4108017683029175,0.436542272567749,0.436542272567749,0.28125032782554626,0.11389612406492233,0.1011924147605896,0.04001271619927138,1691432.375,95,nan,-1.0,True,,False,0.05099974945187569,0.0,0.46653226017951965,10.0,10.0,1.0,0.0,0.0,0.0,1.0,0.0
209,1694877.125,254.55316162109375,0.0,0.4799984395503998,8471.9130859375,8471.9130859375,8471.9130859375,0.4282180368900299,0.4282180368900299,0.38995862007141113,0.38995862007141113,0.4282180368900299,0.38995862007141113,0.4282180368900299,0.38995862007141113,0.4052180349826813,0.3669586181640625,0.02,0.405474316,0.0,0.43660420179367065,0.9988588690757751,0.010439690202474594,0.11307951807975769,0.13150356709957123,0.26868361234664917,0.4104287922382355,0.4108453691005707,0.43660420179367065,0.43660420179367065,0.28248798847198486,0.11448130756616592,0.10082322359085083,0.034800993998133994,1691432.375,95,nan,-1.0,True,,False,0.05099974945187569,0.0,0.46653226017951965,10.0,10.0,1.0,0.0,0.0,0.0,1.0,0.0
210,1694845.875,254.60891723632812,0.0,0.47710657119750977,8471.763671875,8471.763671875,8471.763671875,0.4282611906528473,0.4282611906528473,0.38999879360198975,0.38999879360198975,0.4282611906528473,0.38999879360198975,0.4282611906528473,0.38999879360198975,0.40526118874549866,0.3669987916946411,0.02,0.404744,0.0,0.43666329979896545,0.9988642334938049,0.01044816616922617,0.11525097489356995,0.13164083659648895,0.2686835527420044,0.4104902744293213,0.41090747714042664,0.43666329979896545,0.43666329979896545,0.2836945056915283,0.1150670200586319,0.10049033164978027,0.04171947924381433,1691432.375,95,nan,-1.0,True,,False,0.05099974945187569,0.0,0.46653226017951965,10.0,10.0,1.0,0.0,0.0,0.0,1.0,0.0
211,1694821.125,254.6606903076172,0.0,0.47432851791381836,8471.646484375,8471.646484375,8471.646484375,0.4283095598220825,0.4283095598220825,0.39003610610961914,0.39003610610961914,0.4283095598220825,0.39003610610961914,0.4283095598220825,0.39003610610961914,0.4053095579147339,0.3670361042022705,0.02,0.404012724,0.0,0.43672820925712585,0.9988688230514526,0.010453639551997185,0.11623683571815491,0.13167521357536316,0.2686835825443268,0.41054868698120117,0.4109664857387543,0.43672820925712585,0.43672820925712585,0.2849085330963135,0.11565858125686646,0.10015869140625,0.044774120369563915,1691432.375,95,nan,-1.0,True,,False,0.05099974945187569,0.0,0.46653226017951965,10.0,10.0,1.0,0.0,0.0,0.0,1.0,0.0
212,1694963.875,254.6910400390625,0.0,0.47375375032424927,8472.361328125,8472.361328125,8472.361328125,0.42835742235183716,0.42835742235183716,0.3900579810142517,0.3900579810142517,0.42835742235183716,0.3900579810142517,0.42835742235183716,0.3900579810142517,0.4053574204444885,0.3670579791069031,0.02,0.403280512,0.0,0.43679362535476685,0.9988716244697571,0.010453307069838047,0.11324268579483032,0.13162437081336975,0.26868361234664917,0.41061481833457947,0.4110335111618042,0.43679365515708923,0.43679365515708923,0.28615662455558777,0.11625847965478897,0.09983962774276733,0.04000724130471806,1691432.375,95,nan,-1.0,True,,False,0.05099974945187569,0.0,0.46653226017951965,10.0,10.0,1.0,0.0,0.0,0.0,1.0,0.0
213,1695249.125,254.71107482910156,0.0,0.4756927490234375,8473.783203125,8473.783203125,8473.783203125,0.42840445041656494,0.42840445041656494,0.39007240533828735,0.39007240533828735,0.42840445041656494,0.39007240533828735,0.42840445041656494,0.39007240533828735,0.4054044485092163,0.3670724034309387,0.02,0.402547388,0.0,0.4368576109409332,0.9988717436790466,0.0104452446103096,0.11065906286239624,0.1315082609653473,0.26868361234664917,0.410687655210495,0.41110706329345703,0.4368576109409332,0.4368576109409332,0.28737470507621765,0.11685522645711899,0.09953218698501587,0.04353418614967571,1691432.375,95,nan,-1.0,True,,False,0.05099974945187569,0.0,0.46653226017951965,10.0,10.0,1.0,0.0,0.0,0.0,1.0,0.0
214,1694683.625,254.7180938720703,0.0,0.47589626908302307,8470.955078125,8470.955078125,8470.955078125,0.42843765020370483,0.42843765020370483,0.39007747173309326,0.39007747173309326,0.42843765020370483,0.39007747173309326,0.42843765020370483,0.39007747173309326,0.4054376482963562,0.36707746982574463,0.02,0.401813376,0.0,0.4369078278541565,0.9988695979118347,0.010445338673889637,0.11366307735443115,0.13144513964653015,0.2686835825443268,0.410743772983551,0.4111640751361847,0.4369077980518341,0.4369077980518341,0.28864046931266785,0.11745929718017578,0.09923601150512695,0.042111430176494956,1691432.375,95,nan,-1.0,True,,False,0.05099974945187569,0.0,0.46653226017951965,10.0,10.0,1.0,0.0,0.0,0.0,1.0,0.0
215,1694520.25,254.7498779296875,0.0,0.4747838079929352,8470.140625,8470.140625,8470.140625,0.42847689986228943,0.42847689986228943,0.3901003897190094,0.3901003897190094,0.42847689986228943,0.3901003897190094,0.42847689986228943,0.3901003897190094,0.4054768979549408,0.36710038781166077,0.02,0.4010785,0.0,0.43696358799934387,0.9988654255867004,0.010448921471834183,0.11560574173927307,0.13141661882400513,0.2686835527420044,0.41078850626945496,0.4112096130847931,0.43696358799934387,0.43696358799934387,0.2899417579174042,0.11807063966989517,0.098940908908844,0.0412456058790364,1691432.375,95,nan,-1.0,True,,False,0.05099974945187569,0.0,0.46653226017951965,10.0,10.0,1.0,0.0,0.0,0.0,1.0,0.0
216,1694523.625,254.79202270507812,0.0,0.47581014037132263,8470.154296875,8470.154296875,8470.154296875,0.42850783467292786,0.42850783467292786,0.3901307284832001,0.3901307284832001,0.42850783467292786,0.3901307284832001,0.42850783467292786,0.3901307284832001,0.4055078327655792,0.36713072657585144,0.02,0.400342784,0.0,0.4370107650756836,0.998859703540802,0.010453288443386555,0.11238199472427368,0.13148058950901031,0.26868361234664917,0.41084375977516174,0.41126561164855957,0.4370107650756836,0.4370107650756836,0.29126203060150146,0.11868899315595627,0.09864556789398193,0.04179320026337842,1691432.375,95,nan,-1.0,True,,False,0.05099974945187569,0.0,0.46653226017951965,10.0,10.0,1.0,0.0,0.0,0.0,1.0,0.0
217,1694932.375,254.8202667236328,0.0,0.47460460662841797,8472.201171875,8472.201171875,8472.201171875,0.42852094769477844,0.42852094769477844,0.39015108346939087,0.39015108346939087,0.42852094769477844,0.39015108346939087,0.42852094769477844,0.39015108346939087,0.4055209457874298,0.36715108156204224,0.02,0.399606252,0.0,0.4370388984680176,0.9988526701927185,0.01045721210539341,0.10923156142234802,0.1315961331129074,0.2686835527420044,0.4108981490135193,0.4113207161426544,0.4370388984680176,0.4370388984680176,0.2926107943058014,0.11931519955396652,0.09835159778594971,0.03999988196139586,1691432.375,95,nan,-1.0,True,,False,0.05099974945187569,0.0,0.46653226017951965,10.0,10.0,1.0,0.0,0.0,0.0,1.0,0.0
218,1694822.75,254.82142639160156,0.0,0.47112876176834106,8471.662109375,8471.662109375,8471.662109375,0.4285227358341217,0.4285227358341217,0.3901519179344177,0.3901519179344177,0.4285227358341217,0.3901519179344177,0.4285227358341217,0.3901519179344177,0.40552273392677307,0.3671519160270691,0.02,0.398868928,0.0,0.43705374002456665,0.9988460540771484,0.010459969751536846,0.1124696433544159,0.13160429894924164,0.26868361234664917,0.41094839572906494,0.4113714396953583,0.43705374002456665,0.43705374002456665,0.2939315736293793,0.11993900686502457,0.09806704521179199,0.04119086450049912,1691432.375,95,nan,-1.0,True,,False,0.05099974945187569,0.0,0.46653226017951965,10.0,10.0,1.0,0.0,0.0,0.0,1.0,0.0
219,1694370.625,254.7673797607422,0.0,0.46775007247924805,8469.41015625,8469.41015625,8469.41015625,0.42850396037101746,0.42850396037101746,0.3901129961013794,0.3901129961013794,0.42850396037101746,0.3901129961013794,0.42850396037101746,0.3901129961013794,0.4055039584636688,0.36711299419403076,0.02,0.398130836,0.0,0.4370480179786682,0.9988387227058411,0.010458402335643768,0.11518079042434692,0.13151012361049652,0.26868361234664917,0.4109859764575958,0.4114096164703369,0.4370480179786682,0.4370480179786682,0.29525190591812134,0.12057073414325714,0.09778386354446411,0.040437581363625616,1691432.375,95,nan,-1.0,True,,False,0.05099974945187569,0.0,0.46653226017951965,10.0,10.0,1.0,0.0,0.0,0.0,1.0,0.0
220,1693656.375,254.68063354492188,0.0,0.464531809091568,8465.8466796875,8465.8466796875,8465.8466796875,0.42847445607185364,0.42847445607185364,0.39005047082901,0.39005047082901,0.42847445607185364,0.39005047082901,0.42847445607185364,0.39005047082901,0.405474454164505,0.3670504689216614,0.02,0.39739199999999997,0.0,0.4370315670967102,0.9988304376602173,0.010455465875566006,0.11497652530670166,0.1313730925321579,0.2686835825443268,0.4110087454319,0.4114331901073456,0.4370315670967102,0.4370315670967102,0.2965988218784332,0.12121035903692245,0.09749913215637207,0.03990712093460994,1691432.375,95,nan,-1.0,True,,False,0.05099974945187569,0.0,0.46653226017951965,10.0,10.0,1.0,0.0,0.0,0.0,1.0,0.0
221,1691814.0,254.58831787109375,0.0,0.46139460802078247,8456.6435546875,8456.6435546875,8456.6435546875,0.42843642830848694,0.42843642830848694,0.3899839520454407,0.3899839520454407,0.42843642830848694,0.3899839520454407,0.42843642830848694,0.3899839520454407,0.4054364264011383,0.36698395013809204,0.02,0.396652444,0.0,0.4370061159133911,0.998821496963501,0.010460016317665577,0.11130765080451965,0.13128580152988434,0.2686835527420044,0.411032497882843,0.4114581048488617,0.4370061159133911,0.4370061159133911,0.2979595959186554,0.12185795605182648,0.09721285104751587,0.04001595466818091,1691432.375,95,nan,-1.0,True,,False,0.05099974945187569,0.0,0.46653226017951965,10.0,10.0,1.0,0.0,0.0,0.0,1.0,0.0
222,1692502.375,254.50535583496094,0.0,0.46227484941482544,8460.083984375,8460.083984375,8460.083984375,0.42838263511657715,0.42838263511657715,0.38992416858673096,0.38992416858673096,0.42838263511657715,0.38992416858673096,0.42838263511657715,0.38992416858673096,0.4053826332092285,0.3669241666793823,0.02,0.395912192,0.0,0.4369645416736603,0.9988115429878235,0.010460231453180313,0.11214151978492737,0.1312703788280487,0.26868361234664917,0.4110439419746399,0.4114706218242645,0.4369645416736603,0.4369645416736603,0.2993314862251282,0.12251389026641846,0.09692507982254028,0.03940581418282818,1691432.375,95,nan,-1.0,True,,False,0.05099974945187569,0.0,0.46653226017951965,10.0,10.0,1.0,0.0,0.0,0.0,1.0,0.0
223,1694508.25,254.43812561035156,0.0,0.4639040529727936,8470.109375,8470.109375,8470.109375,0.42832496762275696,0.42832496762275696,0.3898756802082062,0.3898756802082062,0.42832496762275696,0.3898756802082062,0.42832496762275696,0.3898756802082062,0.4053249657154083,0.36687567830085754,0.02,0.395171268,0.0,0.43691936135292053,0.9988021850585938,0.010457750409841537,0.11517512798309326,0.1313915252685547,0.2686835527420044,0.4110672175884247,0.41149505972862244,0.43691936135292053,0.43691936135292053,0.3006552755832672,0.12316697090864182,0.09664362668991089,0.03950366278715794,1691432.375,95,nan,-1.0,True,,False,0.05099974945187569,0.0,0.46653226017951965,10.0,10.0,1.0,0.0,0.0,0.0,1.0,0.0
224,1695344.875,254.3896026611328,0.0,0.4665502607822418,8474.2861328125,8474.2861328125,8474.2861328125,0.4282768964767456,0.4282768964767456,0.389840692281723,0.389840692281723,0.4282768964767456,0.389840692281723,0.4282768964767456,0.389840692281723,0.405276894569397,0.3668406903743744,0.02,0.394429696,0.0,0.43688318133354187,0.9987934827804565,0.010465472005307674,0.11231544613838196,0.13146208226680756,0.2686835825443268,0.4110577702522278,0.4114866554737091,0.43688318133354187,0.43688318133354187,0.3019605875015259,0.1238161250948906,0.09636878967285156,0.03898451784981363,1691432.375,95,nan,-1.0,True,,False,0.05099974945187569,0.0,0.46653226017951965,10.0,10.0,1.0,0.0,0.0,0.0,1.0,0.0
225,1696097.75,254.3126678466797,0.0,0.47314977645874023,8478.0341796875,8478.0341796875,8478.0341796875,0.42821648716926575,0.42821648716926575,0.3897852301597595,0.3897852301597595,0.42821648716926575,0.3897852301597595,0.42821648716926575,0.3897852301597595,0.4052164852619171,0.3667852282524109,0.02,0.39368749999999997,0.0,0.43683382868766785,0.998785674571991,0.010467935353517532,0.1206325888633728,0.13143891096115112,0.2686835825443268,0.41106680035591125,0.4114966094493866,0.43683382868766785,0.43683382868766785,0.3032349944114685,0.12446074932813644,0.09610313177108765,0.03874647525339646,1691432.375,95,nan,-1.0,True,,False,0.05099974945187569,0.0,0.46653226017951965,10.0,10.0,1.0,0.0,0.0,0.0,1.0,0.0
226,1696266.5,254.2127227783203,0.0,0.47860366106033325,8478.865234375,8478.865234375,8478.865234375,0.42815321683883667,0.42815321683883667,0.3897131383419037,0.3897131383419037,0.42815321683883667,0.3897131383419037,0.42815321683883667,0.3897131383419037,0.40515321493148804,0.36671313643455505,0.02,0.392944704,0.0,0.4367818534374237,0.998778760433197,0.010472980327904224,0.11261925101280212,0.13133859634399414,0.26868361234664917,0.41105544567108154,0.41148602962493896,0.4367818534374237,0.4367818534374237,0.30448001623153687,0.12510043382644653,0.09584701061248779,0.043945961479847834,1691432.375,95,nan,-1.0,True,,False,0.05099974945187569,0.0,0.46653226017951965,10.0,10.0,1.0,0.0,0.0,0.0,1.0,0.0
227,1696084.125,254.1148681640625,0.0,0.4783528745174408,8477.9541015625,8477.9541015625,8477.9541015625,0.42809680104255676,0.42809680104255676,0.3896425664424896,0.3896425664424896,0.42809680104255676,0.3896425664424896,0.42809680104255676,0.3896425664424896,0.40509679913520813,0.366642564535141,0.02,0.39220133199999996,0.0,0.43673646450042725,0.9987726211547852,0.010469404980540276,0.11505827307701111,0.13119113445281982,0.2686835527420044,0.41106507182121277,0.4114965498447418,0.43673646450042725,0.43673646450042725,0.3057018220424652,0.12574993073940277,0.09560221433639526,0.03285812143359282,1691432.375,95,nan,-1.0,True,,False,0.05099974945187569,0.0,0.46653226017951965,10.0,10.0,1.0,0.0,0.0,0.0,1.0,0.0
228,1696167.875,254.0164337158203,0.0,0.47730979323387146,8478.3759765625,8478.3759765625,8478.3759765625,0.42802682518959045,0.42802682518959045,0.38957154750823975,0.38957154750823975,0.42802682518959045,0.38957154750823975,0.42802682518959045,0.38957154750823975,0.4050268232822418,0.3665715456008911,0.020000000000000004,0.391457408,0.0,0.4366779923439026,0.9987726211547852,0.010473169386386871,0.11242944002151489,0.13109295070171356,0.26868361234664917,0.411060631275177,0.4114930331707001,0.4366779923439026,0.4366779923439026,0.3068622946739197,0.12639907002449036,0.09538096189498901,0.038774559665600665,1691432.375,95,nan,-1.0,True,,False,0.05099974945187569,0.0,0.46653226017951965,10.0,10.0,1.0,0.0,0.0,0.0,1.0,0.0
229,1696636.125,253.93511962890625,0.0,0.47637224197387695,8480.7197265625,8480.7197265625,8480.7197265625,0.4279485046863556,0.4279485046863556,0.3895128667354584,0.3895128667354584,0.4279485046863556,0.3895128667354584,0.4279485046863556,0.3895128667354584,0.40494850277900696,0.36651286482810974,0.019999999999999997,0.390712956,0.0,0.4366113245487213,0.9987727403640747,0.010473680682480335,0.10860368609428406,0.13118964433670044,0.2686835527420044,0.4110599458217621,0.41149333119392395,0.4366113245487213,0.4366113245487213,0.3080034554004669,0.1270430088043213,0.09517204761505127,0.03352085874454739,1691432.375,95,nan,-1.0,True,,False,0.05099974945187569,0.0,0.46653226017951965,10.0,10.0,1.0,0.0,0.0,0.0,1.0,0.0
230,1696987.0,253.8584747314453,0.0,0.477240651845932,8482.47265625,8482.47265625,8482.47265625,0.427857369184494,0.427857369184494,0.3894575536251068,0.3894575536251068,0.427857369184494,0.3894575536251068,0.427857369184494,0.3894575536251068,0.4048573672771454,0.3664575517177582,0.02,0.389968,0.0,0.43653249740600586,0.9987727403640747,0.010474009439349174,0.1118830144405365,0.13136941194534302,0.26868361234664917,0.4110538363456726,0.4114880859851837,0.43653249740600586,0.43653249740600586,0.3091392517089844,0.12769290804862976,0.0950358510017395,0.03586642772036915,1691432.375,95,nan,-1.0,True,,False,0.05099974945187569,0.0,0.46653226017951965,10.0,10.0,1.0,0.0,0.0,0.0,1.0,0.0
231,1696837.375,253.7657928466797,0.0,0.48185035586357117,8481.712890625,8481.712890625,8481.712890625,0.4277622699737549,0.4277622699737549,0.38939064741134644,0.38939064741134644,0.4277622699737549,0.38939064741134644,0.4277622699737549,0.38939064741134644,0.40476226806640625,0.3663906455039978,0.02,0.389222564,0.0,0.4364500641822815,0.998772919178009,0.01046871580183506,0.11393526196479797,0.13138733804225922,0.2686835527420044,0.41102150082588196,0.41145649552345276,0.4364500641822815,0.4364500641822815,0.3102627396583557,0.1283389925956726,0.09492379426956177,0.04045393595879432,1691432.375,95,nan,-1.0,True,,False,0.05099974945187569,0.0,0.46653226017951965,10.0,10.0,1.0,0.0,0.0,0.0,1.0,0.0
232,1696241.5,253.65206909179688,0.0,0.48666077852249146,8478.72265625,8478.72265625,8478.72265625,0.4276682436466217,0.4276682436466217,0.38930854201316833,0.38930854201316833,0.4276682436466217,0.38930854201316833,0.4276682436466217,0.38930854201316833,0.40466824173927307,0.3663085401058197,0.02,0.388476672,0.0,0.4363696575164795,0.9987730383872986,0.010460213758051395,0.11259901523590088,0.13131015002727509,0.2686835825443268,0.41100797057151794,0.4114440083503723,0.4363696575164795,0.4363696575164795,0.31142789125442505,0.12899120151996613,0.0948224663734436,0.03919810157903056,1691432.375,95,nan,-1.0,True,,False,0.05099974945187569,0.0,0.46653226017951965,10.0,10.0,1.0,0.0,0.0,0.0,1.0,0.0
233,1691412.875,253.53977966308594,0.0,0.49173489212989807,8454.5673828125,8454.5673828125,8454.5673828125,0.4275833070278168,0.4275833070278168,0.3892274498939514,0.3892274498939514,0.4275833070278168,0.3892274498939514,0.4275833070278168,0.3892274498939514,0.40458330512046814,0.3662274479866028,0.02,0.387730348,0.0,0.4362976849079132,0.9987732768058777,0.01045702863484621,0.10855808854103088,0.13117863237857819,0.2686835527420044,0.410983681678772,0.4114205539226532,0.4362976849079132,0.4362976849079132,0.31258830428123474,0.12964971363544464,0.09472912549972534,0.038685107571331576,1691412.875,233,nan,-1.0,True,,False,0.05099974945187569,0.0,0.46653226017951965,10.0,10.0,1.0,0.0,0.0,0.0,1.0,0.0
234,1696630.0,253.3881072998047,0.0,0.4923355281352997,8480.65234375,8480.65234375,8480.65234375,0.4274551570415497,0.4274551570415497,0.38911789655685425,0.38911789655685425,0.4274551570415497,0.38911789655685425,0.4274551570415497,0.38911789655685425,0.40445515513420105,0.3661178946495056,0.02,0.386983616,0.0,0.4361850321292877,0.9987731575965881,0.010454823262989521,0.11162155866622925,0.13112276792526245,0.2686835825443268,0.4109278619289398,0.4113658368587494,0.4361850321292877,0.4361850321292877,0.3137700855731964,0.13031482696533203,0.09464186429977417,0.039416520675230354,1691412.875,233,nan,-1.0,True,,False,0.05099974945187569,0.0,0.46653226017951965,10.0,10.0,1.0,0.0,0.0,0.0,1.0,0.0
235,1696546.375,253.27088928222656,0.0,0.4885520040988922,8480.244140625,8480.244140625,8480.244140625,0.42733079195022583,0.42733079195022583,0.3890331983566284,0.3890331983566284,0.42733079195022583,0.3890331983566284,0.42733079195022583,0.3890331983566284,0.4043307900428772,0.3660331964492798,0.02,0.3862365,0.0,0.4360767602920532,0.9987732172012329,0.010459579527378082,0.11137458682060242,0.1312015950679779,0.26868361234664917,0.4108583331108093,0.41129758954048157,0.4360767602920532,0.4360767602920532,0.31495827436447144,0.13098758459091187,0.09456086158752441,0.043638118956651956,1691412.875,233,nan,-1.0,True,,False,0.05099974945187569,0.0,0.46653226017951965,10.0,10.0,1.0,0.0,0.0,0.0,1.0,0.0
236,1697611.875,253.1343536376953,0.0,0.4884158670902252,8485.572265625,8485.572265625,8485.572265625,0.4271823763847351,0.4271823763847351,0.38893452286720276,0.38893452286720276,0.4271823763847351,0.38893452286720276,0.4271823763847351,0.38893452286720276,0.4041823744773865,0.3659345209598541,0.02,0.385489024,0.0,0.4359450936317444,0.9987731575965881,0.010463498532772064,0.10716831684112549,0.13133227825164795,0.26868361234664917,0.41079217195510864,0.41123268008232117,0.4359450936317444,0.4359450936317444,0.3160923421382904,0.1316564530134201,0.09448659420013428,0.038407866055624455,1691412.875,233,nan,-1.0,True,,False,0.05099974945187569,0.0,0.46653226017951965,10.0,10.0,1.0,0.0,0.0,0.0,1.0,0.0
237,1697590.875,253.01361083984375,0.0,0.49111443758010864,8485.4609375,8485.4609375,8485.4609375,0.42705392837524414,0.42705392837524414,0.3888472318649292,0.3888472318649292,0.42705392837524414,0.3888472318649292,0.42705392837524414,0.3888472318649292,0.4040539264678955,0.36584722995758057,0.020000000000000004,0.384741212,0.0,0.4358330965042114,0.9987730383872986,0.010471674613654613,0.10920649766921997,0.1313517689704895,0.2686835527420044,0.4107415974140167,0.4111833870410919,0.4358330965042114,0.4358330965042114,0.31721195578575134,0.13232021033763885,0.09442198276519775,0.04360662573890295,1691412.875,233,nan,-1.0,True,,False,0.05099974945187569,0.0,0.46653226017951965,10.0,10.0,1.0,0.0,0.0,0.0,1.0,0.0
238,1697698.5,252.82711791992188,0.0,0.4942336678504944,8485.9921875,8485.9921875,8485.9921875,0.42690038681030273,0.42690038681030273,0.3887123763561249,0.3887123763561249,0.42690038681030273,0.3887123763561249,0.42690038681030273,0.3887123763561249,0.4039003849029541,0.36571237444877625,0.02,0.383993088,0.0,0.4356972575187683,0.9987760782241821,0.01047561690211296,0.11134788393974304,0.1312512904405594,0.2686835825443268,0.4106481075286865,0.41109150648117065,0.4356972575187683,0.4356972575187683,0.3182655870914459,0.13297805190086365,0.09437650442123413,0.03877840413770173,1691412.875,233,nan,-1.0,True,,False,0.05099974945187569,0.0,0.46653226017951965,10.0,10.0,1.0,0.0,0.0,0.0,1.0,0.0
239,1697519.625,252.61019897460938,0.0,0.4972943365573883,8485.091796875,8485.091796875,8485.091796875,0.426727294921875,0.426727294921875,0.38855546712875366,0.38855546712875366,0.426727294921875,0.38855546712875366,0.426727294921875,0.38855546712875366,0.40372729301452637,0.36555546522140503,0.02,0.383244676,0.0,0.4355423152446747,0.9987788200378418,0.010466063395142555,0.10916838049888611,0.13108843564987183,0.2686835527420044,0.4105595648288727,0.4110047221183777,0.4355423152446747,0.4355423152446747,0.31927689909935,0.13363878428936005,0.09433549642562866,0.03870959346952279,1691412.875,233,nan,-1.0,True,,False,0.05099974945187569,0.0,0.46653226017951965,10.0,10.0,1.0,0.0,0.0,0.0,1.0,0.0
240,1697331.25,252.3632354736328,0.0,0.4971851408481598,8484.1513671875,8484.1513671875,8484.1513671875,0.4265139102935791,0.4265139102935791,0.38837671279907227,0.38837671279907227,0.4265139102935791,0.38837671279907227,0.4265139102935791,0.38837671279907227,0.40351390838623047,0.36537671089172363,0.02,0.382496,0.0,0.4353475272655487,0.9987809062004089,0.010463500395417213,0.10823360085487366,0.1309860348701477,0.2686835825443268,0.41043537855148315,0.41088202595710754,0.4353475272655487,0.4353475272655487,0.32026979327201843,0.1343040019273758,0.09429770708084106,0.03769768190007502,1691412.875,233,nan,-1.0,True,,False,0.05099974945187569,0.0,0.46653226017951965,10.0,10.0,1.0,0.0,0.0,0.0,1.0,0.0
241,1696701.5,252.12413024902344,0.0,0.49399471282958984,8481.01171875,8481.01171875,8481.01171875,0.4262816309928894,0.4262816309928894,0.38820359110832214,0.38820359110832214,0.4262816309928894,0.38820359110832214,0.4262816309928894,0.38820359110832214,0.40328162908554077,0.3652035892009735,0.02,0.381747084,0.0,0.43513330817222595,0.998782753944397,0.010454997420310974,0.11013111472129822,0.13115151226520538,0.2686835527420044,0.4103202521800995,0.4107675850391388,0.43513330817222595,0.43513330817222595,0.3212098777294159,0.1349736750125885,0.09426623582839966,0.03769036739767115,1691412.875,233,nan,-1.0,True,,False,0.05099974945187569,0.0,0.46653226017951965,10.0,10.0,1.0,0.0,0.0,0.0,1.0,0.0
242,1695411.5,251.8834991455078,0.0,0.49142226576805115,8474.5693359375,8474.5693359375,8474.5693359375,0.42604613304138184,0.42604613304138184,0.3880292773246765,0.3880292773246765,0.42604613304138184,0.3880292773246765,0.42604613304138184,0.3880292773246765,0.4030461311340332,0.3650292754173279,0.02,0.380997952,0.0,0.4349149167537689,0.998784065246582,0.010457721538841724,0.10572421550750732,0.13124296069145203,0.26868361234664917,0.41017094254493713,0.41061925888061523,0.4349149167537689,0.4349149167537689,0.322151780128479,0.13564814627170563,0.09423637390136719,0.03783314458754224,1691412.875,233,nan,-1.0,True,,False,0.05099974945187569,0.0,0.46653226017951965,10.0,10.0,1.0,0.0,0.0,0.0,1.0,0.0
243,1695804.75,251.58236694335938,0.0,0.4899311065673828,8476.541015625,8476.541015625,8476.541015625,0.42579105496406555,0.42579105496406555,0.38781100511550903,0.38781100511550903,0.42579105496406555,0.38781100511550903,0.42579105496406555,0.38781100511550903,0.4027910530567169,0.3648110032081604,0.02,0.38024862800000003,0.0,0.43467557430267334,0.9987847208976746,0.01045005489140749,0.10471737384796143,0.13116633892059326,0.2686835825443268,0.4099987745285034,0.41044852137565613,0.43467557430267334,0.43467557430267334,0.3231103718280792,0.13632787764072418,0.0942068099975586,0.03714889978841206,1691412.875,233,nan,-1.0,True,,False,0.05099974945187569,0.0,0.46653226017951965,10.0,10.0,1.0,0.0,0.0,0.0,1.0,0.0
244,1696277.0,251.2752685546875,0.0,0.49035167694091797,8478.90234375,8478.90234375,8478.90234375,0.42554572224617004,0.42554572224617004,0.3875882923603058,0.3875882923603058,0.42554572224617004,0.3875882923603058,0.42554572224617004,0.3875882923603058,0.4025457203388214,0.36458829045295715,0.02,0.379499136,0.0,0.4344431757926941,0.9987860918045044,0.01045125350356102,0.10771161317825317,0.13102521002292633,0.26868361234664917,0.4098266065120697,0.41027724742889404,0.4344431459903717,0.4344431459903717,0.3240423798561096,0.1370014101266861,0.09418618679046631,0.03659786698699463,1691412.875,233,nan,-1.0,True,,False,0.05099974945187569,0.0,0.46653226017951965,10.0,10.0,1.0,0.0,0.0,0.0,1.0,0.0
245,1696078.5,250.99183654785156,0.0,0.4918677508831024,8477.908203125,8477.908203125,8477.908203125,0.42530572414398193,0.42530572414398193,0.3873825967311859,0.3873825967311859,0.42530572414398193,0.3873825967311859,0.42530572414398193,0.3873825967311859,0.4023057222366333,0.3643825948238373,0.02,0.3787495,0.0,0.4342130720615387,0.9987881183624268,0.010446916334331036,0.10567906498908997,0.1308387964963913,0.26868361234664917,0.40967023372650146,0.4101216793060303,0.4342130720615387,0.4342130720615387,0.324910968542099,0.13766849040985107,0.09418052434921265,0.037738355812810674,1691412.875,233,nan,-1.0,True,,False,0.05099974945187569,0.0,0.46653226017951965,10.0,10.0,1.0,0.0,0.0,0.0,1.0,0.0
246,1695653.375,250.727783203125,0.0,0.48797962069511414,8475.79296875,8475.79296875,8475.79296875,0.4250470995903015,0.4250470995903015,0.38719087839126587,0.38719087839126587,0.4250470995903015,0.38719087839126587,0.4250470995903015,0.38719087839126587,0.4020470976829529,0.36419087648391724,0.02,0.377999744,0.0,0.4339621067047119,0.9988167881965637,0.010444706305861473,0.10301518440246582,0.1308249682188034,0.2686835527420044,0.40948641300201416,0.40993863344192505,0.4339621067047119,0.4339621067047119,0.32577407360076904,0.13834021985530853,0.09417808055877686,0.039595375718717046,1691412.875,233,nan,-1.0,True,,False,0.05099974945187569,0.0,0.46653226017951965,10.0,10.0,1.0,0.0,0.0,0.0,1.0,0.0
247,1696056.875,250.46572875976562,0.0,0.48584499955177307,8477.8173828125,8477.8173828125,8477.8173828125,0.4247669577598572,0.4247669577598572,0.38700050115585327,0.38700050115585327,0.4247669577598572,0.38700050115585327,0.4247669577598572,0.38700050115585327,0.40176695585250854,0.36400049924850464,0.02,0.37724989200000003,0.0,0.43368738889694214,0.9988470673561096,0.010438540019094944,0.10549655556678772,0.1309526562690735,0.2686835527420044,0.40931153297424316,0.40976467728614807,0.43368738889694214,0.43368738889694214,0.32661905884742737,0.1390182226896286,0.09418326616287231,0.03461103589668508,1691412.875,233,nan,-1.0,True,,False,0.05099974945187569,0.0,0.46653226017951965,10.0,10.0,1.0,0.0,0.0,0.0,1.0,0.0
248,1695983.5,250.17161560058594,0.0,0.4868341386318207,8477.44921875,8477.44921875,8477.44921875,0.42446163296699524,0.42446163296699524,0.38678672909736633,0.38678672909736633,0.42446163296699524,0.38678672909736633,0.42446163296699524,0.38678672909736633,0.4014616310596466,0.3637867271900177,0.02,0.376499968,0.0,0.4333841800689697,0.9988729357719421,0.010434010997414589,0.10495540499687195,0.13100095093250275,0.26868361234664917,0.40909522771835327,0.4095492362976074,0.4333841800689697,0.4333841800689697,0.3273831009864807,0.13969160616397858,0.09420794248580933,0.03761039775337041,1691412.875,233,nan,-1.0,True,,False,0.05099974945187569,0.0,0.46653226017951965,10.0,10.0,1.0,0.0,0.0,0.0,1.0,0.0
249,1695594.375,249.84596252441406,0.0,0.4921080768108368,8475.4921875,8475.4921875,8475.4921875,0.42414793372154236,0.42414793372154236,0.3865498900413513,0.3865498900413513,0.42414793372154236,0.3865498900413513,0.42414793372154236,0.3865498900413513,0.4011479318141937,0.3635498881340027,0.02,0.37574999600000003,0.0,0.43306851387023926,0.9988863468170166,0.010422904044389725,0.11026176810264587,0.13095659017562866,0.26868361234664917,0.40889331698417664,0.4093478322029114,0.43306851387023926,0.43306851387023926,0.328138530254364,0.14037016034126282,0.09423434734344482,0.03653260400137191,1691412.875,233,nan,-1.0,True,,False,0.05099974945187569,0.0,0.46653226017951965,10.0,10.0,1.0,0.0,0.0,0.0,1.0,0.0
250,1695800.875,249.48440551757812,0.0,0.5013686418533325,8476.50390625,8476.50390625,8476.50390625,0.4238193929195404,0.4238193929195404,0.38628673553466797,0.38628673553466797,0.4238193929195404,0.38628673553466797,0.4238193929195404,0.38628673553466797,0.4008193910121918,0.36328673362731934,0.02,0.375,0.0,0.43273448944091797,0.998878002166748,0.010416342876851559,0.10463082790374756,0.1308388113975525,0.2686835825443268,0.4086424708366394,0.4090973436832428,0.43273448944091797,0.43273448944091797,0.3288298547267914,0.1410418599843979,0.0942719578742981,0.025557769802010927,1691412.875,233,nan,-1.0,True,,False,0.05099974945187569,0.0,0.46653226017951965,10.0,10.0,1.0,0.0,0.0,0.0,1.0,0.0
251,1695601.0,249.12954711914062,0.0,0.5066704750061035,8475.4921875,8475.4921875,8475.4921875,0.4234936833381653,0.4234936833381653,0.3860282897949219,0.3860282897949219,0.4234936833381653,0.3860282897949219,0.4234936833381653,0.3860282897949219,0.40049368143081665,0.36302828788757324,0.02,0.37425000399999997,0.0,0.4323992431163788,0.9988875389099121,0.010406468994915485,0.09960490465164185,0.1307140290737152,0.2686835527420044,0.40840256214141846,0.4088577330112457,0.4323992431163788,0.4323992431163788,0.3294666111469269,0.14171265065670013,0.09434574842453003,0.03526350639488859,1691412.875,233,nan,-1.0,True,,False,0.05099974945187569,0.0,0.46653226017951965,10.0,10.0,1.0,0.0,0.0,0.0,1.0,0.0
252,1695565.875,248.812255859375,0.0,0.50970458984375,8475.3115234375,8475.3115234375,8475.3115234375,0.42318230867385864,0.42318230867385864,0.38579702377319336,0.38579702377319336,0.42318230867385864,0.38579702377319336,0.42318230867385864,0.38579702377319336,0.40018230676651,0.3627970218658447,0.02,0.373500032,0.0,0.43207669258117676,0.9988899827003479,0.010402742773294449,0.10043936967849731,0.13068552315235138,0.26868361234664917,0.40817102789878845,0.40862685441970825,0.43207669258117676,0.43207669258117676,0.3300783932209015,0.14237742125988007,0.09443652629852295,0.036696092629831076,1691412.875,233,nan,-1.0,True,,False,0.05099974945187569,0.0,0.46653226017951965,10.0,10.0,1.0,0.0,0.0,0.0,1.0,0.0
253,1695718.5,248.45501708984375,0.0,0.5114747881889343,8476.0712890625,8476.0712890625,8476.0712890625,0.42283761501312256,0.42283761501312256,0.3855364918708801,0.3855364918708801,0.42283761501312256,0.3855364918708801,0.42283761501312256,0.3855364918708801,0.3998376131057739,0.3625364899635315,0.02,0.37275010799999997,0.0,0.4317200183868408,0.9988855719566345,0.010400938801467419,0.10230141878128052,0.13077981770038605,0.2686835825443268,0.4079365134239197,0.40839290618896484,0.4317200183868408,0.4317200183868408,0.33062607049942017,0.14304757118225098,0.09452885389328003,0.03569045052507944,1691412.875,233,nan,-1.0,True,,False,0.05099974945187569,0.0,0.46653226017951965,10.0,10.0,1.0,0.0,0.0,0.0,1.0,0.0
254,1696006.75,248.08709716796875,0.0,0.5186325907707214,8477.4970703125,8477.4970703125,8477.4970703125,0.422484815120697,0.422484815120697,0.385267972946167,0.385267972946167,0.422484815120697,0.385267972946167,0.422484815120697,0.385267972946167,0.3994848132133484,0.36226797103881836,0.02,0.372000256,0.0,0.43135374784469604,0.9988893270492554,0.01039968617260456,0.09894585609436035,0.13082116842269897,0.2686835825443268,0.40769869089126587,0.408155620098114,0.43135374784469604,0.43135374784469604,0.331158310174942,0.1437109112739563,0.09463107585906982,0.03739159169264086,1691412.875,233,nan,-1.0,True,,False,0.05099974945187569,0.0,0.46653226017951965,10.0,10.0,1.0,0.0,0.0,0.0,1.0,0.0
255,1695882.75,247.71307373046875,0.0,0.5223591923713684,8476.869140625,8476.869140625,8476.869140625,0.4221285879611969,0.4221285879611969,0.384994775056839,0.384994775056839,0.4221285879611969,0.384994775056839,0.4221285879611969,0.384994775056839,0.39912858605384827,0.36199477314949036,0.02,0.37125050000000004,0.0,0.4309837818145752,0.9988948106765747,0.01038656197488308,0.09835061430931091,0.13075335323810577,0.2686835527420044,0.4074647128582001,0.4079219698905945,0.4309837818145752,0.4309837818145752,0.3316095769405365,0.14437967538833618,0.09472858905792236,0.03642230991196508,1691412.875,233,nan,-1.0,True,,False,0.05099974945187569,0.0,0.46653226017951965,10.0,10.0,1.0,0.0,0.0,0.0,1.0,0.0
256,1695387.0,247.32113647460938,0.0,0.5173060894012451,8474.4052734375,8474.4052734375,8474.4052734375,0.4217607080936432,0.4217607080936432,0.3847082853317261,0.3847082853317261,0.4217607080936432,0.3847082853317261,0.4217607080936432,0.3847082853317261,0.39876070618629456,0.36170828342437744,0.02,0.37050086400000004,0.0,0.4306049346923828,0.9989107251167297,0.010375418700277805,0.09733656048774719,0.13067469000816345,0.2686835527420044,0.40722593665122986,0.40768375992774963,0.4306049346923828,0.4306049346923828,0.3320254385471344,0.14505408704280853,0.09482651948928833,0.036050201474507854,1691412.875,233,nan,-1.0,True,,False,0.05099974945187569,0.0,0.46653226017951965,10.0,10.0,1.0,0.0,0.0,0.0,1.0,0.0
257,1695485.25,246.87371826171875,0.0,0.5071914792060852,8474.923828125,8474.923828125,8474.923828125,0.4213545620441437,0.4213545620441437,0.384380966424942,0.384380966424942,0.4213545620441437,0.384380966424942,0.4213545620441437,0.384380966424942,0.39835456013679504,0.3613809645175934,0.02,0.36975137199999997,0.0,0.4301914870738983,0.9988977313041687,0.010356621816754341,0.10704553127288818,0.13068202137947083,0.2686835825443268,0.4069540798664093,0.4074128568172455,0.4301914870738983,0.4301914870738983,0.3323889374732971,0.14573438465595245,0.09492307901382446,0.03736308250841426,1691412.875,233,nan,-1.0,True,,False,0.05099974945187569,0.0,0.46653226017951965,10.0,10.0,1.0,0.0,0.0,0.0,1.0,0.0
258,1695623.375,246.39920043945312,0.0,0.49958568811416626,8475.6357421875,8475.6357421875,8475.6357421875,0.42092809081077576,0.42092809081077576,0.3840335011482239,0.3840335011482239,0.42092809081077576,0.3840335011482239,0.42092809081077576,0.3840335011482239,0.3979280889034271,0.36103349924087524,0.02,0.369002048,0.0,0.42975711822509766,0.9988659024238586,0.010349455289542675,0.09634527564048767,0.13064704835414886,0.26868361234664917,0.4066496789455414,0.4071093499660492,0.42975711822509766,0.42975711822509766,0.33273422718048096,0.14642274379730225,0.09501677751541138,0.035320059234638594,1691412.875,233,nan,-1.0,True,,False,0.05099974945187569,0.0,0.46653226017951965,10.0,10.0,1.0,0.0,0.0,0.0,1.0,0.0
259,1695842.75,245.95433044433594,0.0,0.4982430636882782,8476.73828125,8476.73828125,8476.73828125,0.4205224812030792,0.4205224812030792,0.3837074041366577,0.3837074041366577,0.4205224812030792,0.3837074041366577,0.4205224812030792,0.3837074041366577,0.3975224792957306,0.3607074022293091,0.02,0.368252916,0.0,0.4293457865715027,0.9988914728164673,0.010340975597500801,0.09741252660751343,0.13058307766914368,0.26868361234664917,0.40638047456741333,0.406841516494751,0.4293457865715027,0.4293457865715027,0.33304551243782043,0.14710567891597748,0.09511858224868774,0.03733293475913039,1691412.875,233,nan,-1.0,True,,False,0.05099974945187569,0.0,0.46653226017951965,10.0,10.0,1.0,0.0,0.0,0.0,1.0,0.0
260,1695473.375,245.4791259765625,0.0,0.4964108467102051,8474.8984375,8474.8984375,8474.8984375,0.4200926125049591,0.4200926125049591,0.38335877656936646,0.38335877656936646,0.4200926125049591,0.38335877656936646,0.4200926125049591,0.38335877656936646,0.3970926105976105,0.3603587746620178,0.02,0.367504,0.0,0.4289091229438782,0.9989097118377686,0.010332388803362846,0.0926445722579956,0.13053980469703674,0.2686835825443268,0.40608590841293335,0.40654775500297546,0.4289091229438782,0.4289091229438782,0.33331677317619324,0.14779557287693024,0.09521836042404175,0.035713485023330174,1691412.875,233,nan,-1.0,True,,False,0.05099974945187569,0.0,0.46653226017951965,10.0,10.0,1.0,0.0,0.0,0.0,1.0,0.0
261,1694707.125,244.9833526611328,0.0,0.489772230386734,8471.0859375,8471.0859375,8471.0859375,0.41966038942337036,0.41966038942337036,0.38299471139907837,0.38299471139907837,0.41966038942337036,0.38299471139907837,0.41966038942337036,0.38299471139907837,0.39666038751602173,0.35999470949172974,0.02,0.366755324,0.0,0.4284699261188507,0.9989066123962402,0.01032200362533331,0.0952715277671814,0.13045690953731537,0.2686835527420044,0.4057942032814026,0.40625667572021484,0.4284699261188507,0.4284699261188507,0.3335334062576294,0.14849220216274261,0.09531444311141968,0.035304473892513975,1691412.875,233,nan,-1.0,True,,False,0.05099974945187569,0.0,0.46653226017951965,10.0,10.0,1.0,0.0,0.0,0.0,1.0,0.0
262,1693348.5,244.4490203857422,0.0,0.48448801040649414,8464.30859375,8464.30859375,8464.30859375,0.41922056674957275,0.41922056674957275,0.38260191679000854,0.38260191679000854,0.41922056674957275,0.38260191679000854,0.41922056674957275,0.38260191679000854,0.3962205648422241,0.3596019148826599,0.02,0.366006912,0.0,0.42802152037620544,0.9989018440246582,0.010313062928617,0.09329575300216675,0.13037259876728058,0.2686835527420044,0.4054892659187317,0.4059523642063141,0.42802152037620544,0.42802152037620544,0.333716481924057,0.1491958200931549,0.09540557861328125,0.03508282986068581,1691412.875,233,nan,-1.0,True,,False,0.05099974945187569,0.0,0.46653226017951965,10.0,10.0,1.0,0.0,0.0,0.0,1.0,0.0
263,1691227.375,243.88882446289062,0.0,0.4889381527900696,8453.6953125,8453.6953125,8453.6953125,0.4187661409378052,0.4187661409378052,0.38218963146209717,0.38218963146209717,0.4187661409378052,0.38218963146209717,0.4187661409378052,0.38218963146209717,0.39576613903045654,0.35918962955474854,0.02,0.365258788,0.0,0.4275556802749634,0.9988846778869629,0.010310640558600426,0.09607675671577454,0.13026292622089386,0.26868361234664917,0.40517258644104004,0.4056358337402344,0.4275556802749634,0.4275556802749634,0.333881676197052,0.14990702271461487,0.09549075365066528,0.03737400195677765,1691227.375,263,nan,-1.0,True,,False,0.05099974945187569,0.0,0.46653226017951965,10.0,10.0,1.0,0.0,0.0,0.0,1.0,0.0
264,1693839.875,243.3031768798828,0.0,0.5000786781311035,8466.732421875,8466.732421875,8466.732421875,0.41830313205718994,0.41830313205718994,0.3817581236362457,0.3817581236362457,0.41830313205718994,0.3817581236362457,0.41830313205718994,0.3817581236362457,0.3953031301498413,0.3587581217288971,0.02,0.364510976,0.0,0.4270804226398468,0.9988715052604675,0.01030179113149643,0.09144584834575653,0.13025881350040436,0.2686835527420044,0.4049068093299866,0.4053705930709839,0.4270804226398468,0.4270804226398468,0.3339941203594208,0.15061192214488983,0.09558182954788208,0.034911146216068625,1691227.375,263,nan,-1.0,True,,False,0.05099974945187569,0.0,0.46653226017951965,10.0,10.0,1.0,0.0,0.0,0.0,1.0,0.0
265,1695921.875,242.68911743164062,0.0,0.5107383728027344,8477.119140625,8477.119140625,8477.119140625,0.417824387550354,0.417824387550354,0.38130509853363037,0.38130509853363037,0.417824387550354,0.38130509853363037,0.417824387550354,0.38130509853363037,0.39482438564300537,0.35830509662628174,0.02,0.3637635,0.0,0.4265865385532379,0.9988470077514648,0.010297399945557117,0.08795368671417236,0.1301659643650055,0.2686835527420044,0.40457403659820557,0.40503808856010437,0.4265865385532379,0.4265865385532379,0.33400624990463257,0.15130014717578888,0.09567970037460327,0.03483714167022198,1691227.375,263,nan,-1.0,True,,False,0.05099974945187569,0.0,0.46653226017951965,10.0,10.0,1.0,0.0,0.0,0.0,1.0,0.0
266,1696562.625,242.10423278808594,0.0,0.5137797594070435,8480.318359375,8480.318359375,8480.318359375,0.41737014055252075,0.41737014055252075,0.38087308406829834,0.38087308406829834,0.41737014055252075,0.38087308406829834,0.41737014055252075,0.38087308406829834,0.3943701386451721,0.3578730821609497,0.02,0.36301638399999997,0.0,0.42611587047576904,0.9988400340080261,0.010295466519892216,0.09027713537216187,0.13006272912025452,0.2686835825443268,0.40425586700439453,0.4047199785709381,0.42611587047576904,0.42611587047576904,0.3339158296585083,0.15197448432445526,0.09578537940979004,0.034689939273650654,1691227.375,263,nan,-1.0,True,,False,0.05099974945187569,0.0,0.46653226017951965,10.0,10.0,1.0,0.0,0.0,0.0,1.0,0.0
267,1697377.125,241.51620483398438,0.0,0.5144910216331482,8484.3916015625,8484.3916015625,8484.3916015625,0.4169045388698578,0.4169045388698578,0.3804382085800171,0.3804382085800171,0.4169045388698578,0.3804382085800171,0.4169045388698578,0.3804382085800171,0.39390453696250916,0.35743820667266846,0.02,0.362269652,0.0,0.42563217878341675,0.9988401532173157,0.010284531861543655,0.08984291553497314,0.12999601662158966,0.2686835825443268,0.403952956199646,0.4044171869754791,0.42563217878341675,0.42563217878341675,0.3337790071964264,0.1526421755552292,0.09589958190917969,0.034930536945466883,1691227.375,263,nan,-1.0,True,,False,0.05099974945187569,0.0,0.46653226017951965,10.0,10.0,1.0,0.0,0.0,0.0,1.0,0.0
268,1697766.125,240.95037841796875,0.0,0.5191141963005066,8486.328125,8486.328125,8486.328125,0.41645199060440063,0.41645199060440063,0.38001924753189087,0.38001924753189087,0.41645199060440063,0.38001924753189087,0.41645199060440063,0.38001924753189087,0.393451988697052,0.35701924562454224,0.02,0.361523328,0.0,0.42516371607780457,0.998849093914032,0.01028180681169033,0.09093046188354492,0.12995736300945282,0.2686835527420044,0.40365347266197205,0.40411728620529175,0.42516371607780457,0.42516371607780457,0.3336127698421478,0.153302863240242,0.09602099657058716,0.038921643546523735,1691227.375,263,nan,-1.0,True,,False,0.05099974945187569,0.0,0.46653226017951965,10.0,10.0,1.0,0.0,0.0,0.0,1.0,0.0
269,1697540.75,240.41946411132812,0.0,0.5235530734062195,8485.1923828125,8485.1923828125,8485.1923828125,0.41602247953414917,0.41602247953414917,0.37962570786476135,0.37962570786476135,0.41602247953414917,0.37962570786476135,0.41602247953414917,0.37962570786476135,0.39302247762680054,0.3566257059574127,0.02,0.360777436,0.0,0.42472028732299805,0.9988489747047424,0.010267224162817001,0.09424585103988647,0.12987884879112244,0.26868361234664917,0.4033731520175934,0.4038373827934265,0.42472028732299805,0.42472028732299805,0.3334227502346039,0.1539590209722519,0.09612458944320679,0.03450295262155123,1691227.375,263,nan,-1.0,True,,False,0.05099974945187569,0.0,0.46653226017951965,10.0,10.0,1.0,0.0,0.0,0.0,1.0,0.0
270,1697497.0,239.88812255859375,0.0,0.5213205814361572,8484.982421875,8484.982421875,8484.982421875,0.41559815406799316,0.41559815406799316,0.37923142313957214,0.37923142313957214,0.41559815406799316,0.37923142313957214,0.41559815406799316,0.37923142313957214,0.39259815216064453,0.3562314212322235,0.02,0.360032,0.0,0.4242849349975586,0.9988343119621277,0.01026217732578516,0.10054373741149902,0.1298239678144455,0.26868361234664917,0.40309128165245056,0.4035557210445404,0.4242849349975586,0.4242849349975586,0.3331714868545532,0.15462066233158112,0.09621596336364746,0.03435724492656947,1691227.375,263,nan,-1.0,True,,False,0.05099974945187569,0.0,0.46653226017951965,10.0,10.0,1.0,0.0,0.0,0.0,1.0,0.0
271,1697635.375,239.35147094726562,0.0,0.513029932975769,8485.697265625,8485.697265625,8485.697265625,0.4151766300201416,0.4151766300201416,0.37883272767066956,0.37883272767066956,0.4151766300201416,0.37883272767066956,0.4151766300201416,0.37883272767066956,0.39217662811279297,0.3558327257633209,0.02,0.359287044,0.0,0.4238547384738922,0.9988254904747009,0.010253970511257648,0.10593396425247192,0.12979158759117126,0.2686835825443268,0.40281111001968384,0.40327587723731995,0.4238547384738922,0.4238547384738922,0.33290377259254456,0.15528887510299683,0.09629231691360474,0.03459077180499056,1691227.375,263,nan,-1.0,True,,False,0.05099974945187569,0.0,0.46653226017951965,10.0,10.0,1.0,0.0,0.0,0.0,1.0,0.0
272,1697959.125,238.80154418945312,0.0,0.501659631729126,8487.34765625,8487.34765625,8487.34765625,0.4147571623325348,0.4147571623325348,0.3784237205982208,0.3784237205982208,0.4147571623325348,0.3784237205982208,0.4147571623325348,0.3784237205982208,0.39175716042518616,0.3554237186908722,0.02,0.358542592,0.0,0.42342957854270935,0.9988348484039307,0.010249814949929714,0.09543150663375854,0.1297050416469574,0.2686834931373596,0.4025294780731201,0.40299415588378906,0.42342957854270935,0.42342957854270935,0.33260369300842285,0.15595084428787231,0.09637129306793213,0.03320417328278483,1691227.375,263,nan,-1.0,True,,False,0.05099974945187569,0.0,0.46653226017951965,10.0,10.0,1.0,0.0,0.0,0.0,1.0,0.0
273,1698363.25,238.2375030517578,0.0,0.4944019317626953,8489.388671875,8489.388671875,8489.388671875,0.41433534026145935,0.41433534026145935,0.37800371646881104,0.37800371646881104,0.41433534026145935,0.37800371646881104,0.41433534026145935,0.37800371646881104,0.3913353383541107,0.3550037145614624,0.02,0.357798668,0.0,0.4230042099952698,0.9988325238227844,0.010236436501145363,0.0931001603603363,0.12960876524448395,0.26868361234664917,0.40225380659103394,0.40271857380867004,0.4230042099952698,0.4230042099952698,0.33230069279670715,0.15658876299858093,0.09641081094741821,0.03182807971703975,1691227.375,263,nan,-1.0,True,,False,0.05099974945187569,0.0,0.46653226017951965,10.0,10.0,1.0,0.0,0.0,0.0,1.0,0.0
274,1698390.0,237.70831298828125,0.0,0.4928242862224579,8489.529296875,8489.529296875,8489.529296875,0.4139361083507538,0.4139361083507538,0.3776092231273651,0.3776092231273651,0.4139361083507538,0.3776092231273651,0.4139361083507538,0.3776092231273651,0.39093610644340515,0.3546092212200165,0.02,0.35705529599999997,0.0,0.4226037561893463,0.9988303780555725,0.01023178081959486,0.09043550491333008,0.12956684827804565,0.26868361234664917,0.4019888937473297,0.40245383977890015,0.4226037561893463,0.4226037561893463,0.3319728374481201,0.15722499787807465,0.09645026922225952,0.03583104056209171,1691227.375,263,nan,-1.0,True,,False,0.05099974945187569,0.0,0.46653226017951965,10.0,10.0,1.0,0.0,0.0,0.0,1.0,0.0
275,1698433.125,237.19444274902344,0.0,0.4896978437900543,8489.755859375,8489.755859375,8489.755859375,0.4135398268699646,0.4135398268699646,0.37722572684288025,0.37722572684288025,0.4135398268699646,0.37722572684288025,0.4135398268699646,0.37722572684288025,0.39053982496261597,0.3542257249355316,0.02,0.3563125,0.0,0.4222078323364258,0.9988317489624023,0.010226676240563393,0.08902421593666077,0.12959951162338257,0.2686834931373596,0.4017287790775299,0.40219399333000183,0.4222078323364258,0.4222078323364258,0.33164528012275696,0.15786443650722504,0.09647393226623535,0.03461938785848259,1691227.375,263,nan,-1.0,True,,False,0.05099974945187569,0.0,0.46653226017951965,10.0,10.0,1.0,0.0,0.0,0.0,1.0,0.0
276,1698566.0,236.6959991455078,0.0,0.4862499237060547,8490.4306640625,8490.4306640625,8490.4306640625,0.41315793991088867,0.41315793991088867,0.376853346824646,0.376853346824646,0.41315793991088867,0.376853346824646,0.41315793991088867,0.376853346824646,0.39015793800354004,0.35385334491729736,0.02,0.355570304,0.0,0.4218273460865021,0.9988327622413635,0.010217905044555664,0.09078672528266907,0.12952618300914764,0.2686835527420044,0.40148282051086426,0.40194791555404663,0.4218273460865021,0.4218273460865021,0.3313237428665161,0.15849535167217255,0.0964975357055664,0.037306774761721805,1691227.375,263,nan,-1.0,True,,False,0.05099974945187569,0.0,0.46653226017951965,10.0,10.0,1.0,0.0,0.0,0.0,1.0,0.0
277,1698893.875,236.22244262695312,0.0,0.4816962778568268,8492.083984375,8492.083984375,8492.083984375,0.4127965271472931,0.4127965271472931,0.3764991760253906,0.3764991760253906,0.4127965271472931,0.3764991760253906,0.4127965271472931,0.3764991760253906,0.38979652523994446,0.353499174118042,0.02,0.354828732,0.0,0.42146795988082886,0.9988334774971008,0.010211212560534477,0.09084463119506836,0.1294599175453186,0.2686835825443268,0.40121909976005554,0.4016841948032379,0.42146795988082886,0.42146795988082886,0.33103710412979126,0.15911799669265747,0.0965186357498169,0.03589777376004753,1691227.375,263,nan,-1.0,True,,False,0.05099974945187569,0.0,0.46653226017951965,10.0,10.0,1.0,0.0,0.0,0.0,1.0,0.0
278,1699062.625,235.7889862060547,0.0,0.48610493540763855,8492.9189453125,8492.9189453125,8492.9189453125,0.4124636650085449,0.4124636650085449,0.3761747181415558,0.3761747181415558,0.4124636650085449,0.3761747181415558,0.4124636650085449,0.3761747181415558,0.3894636631011963,0.35317471623420715,0.02,0.35408780799999995,0.0,0.4211370646953583,0.9988341927528381,0.010201825760304928,0.09533673524856567,0.12940655648708344,0.268683522939682,0.40097159147262573,0.40143638849258423,0.4211370646953583,0.4211370646953583,0.33075299859046936,0.1597304493188858,0.09654176235198975,0.032814693313816354,1691227.375,263,nan,-1.0,True,,False,0.05099974945187569,0.0,0.46653226017951965,10.0,10.0,1.0,0.0,0.0,0.0,1.0,0.0
279,1698702.125,235.3463897705078,0.0,0.49532851576805115,8491.095703125,8491.095703125,8491.095703125,0.4121360778808594,0.4121360778808594,0.3758430778980255,0.3758430778980255,0.4121360778808594,0.3758430778980255,0.4121360778808594,0.3758430778980255,0.38913607597351074,0.3528430759906769,0.02,0.353347556,0.0,0.420810729265213,0.9988380074501038,0.010190565139055252,0.10225987434387207,0.12934212386608124,0.26868361234664917,0.4007464647293091,0.40121111273765564,0.420810729265213,0.420810729265213,0.3305036425590515,0.16034452617168427,0.09655457735061646,0.03360675452212389,1691227.375,263,nan,-1.0,True,,False,0.05099974945187569,0.0,0.46653226017951965,10.0,10.0,1.0,0.0,0.0,0.0,1.0,0.0
280,1699251.625,234.89706420898438,0.0,0.5007492899894714,8493.83203125,8493.83203125,8493.83203125,0.4118075668811798,0.4118075668811798,0.37550610303878784,0.37550610303878784,0.4118075668811798,0.37550610303878784,0.4118075668811798,0.37550610303878784,0.3888075649738312,0.3525061011314392,0.02,0.352608,0.0,0.4204832911491394,0.9988410472869873,0.01018864568322897,0.1073603630065918,0.12925852835178375,0.26868361234664917,0.4004976153373718,0.40096232295036316,0.4204832911491394,0.4204832911491394,0.3302805721759796,0.16096173226833344,0.09655708074569702,0.033983755164727986,1691227.375,263,nan,-1.0,True,,False,0.05099974945187569,0.0,0.46653226017951965,10.0,10.0,1.0,0.0,0.0,0.0,1.0,0.0
281,1699672.5,234.48358154296875,0.0,0.5050830245018005,8495.927734375,8495.927734375,8495.927734375,0.41150012612342834,0.41150012612342834,0.37519571185112,0.37519571185112,0.41150012612342834,0.37519571185112,0.41150012612342834,0.37519571185112,0.3885001242160797,0.35219570994377136,0.02,0.351869164,0.0,0.4201768636703491,0.9988441467285156,0.01018577255308628,0.09685206413269043,0.12928557395935059,0.2686835527420044,0.4002792239189148,0.40074414014816284,0.4201768636703491,0.4201768636703491,0.3300551772117615,0.1615755409002304,0.09656280279159546,0.034976799572986134,1691227.375,263,nan,-1.0,True,,False,0.05099974945187569,0.0,0.46653226017951965,10.0,10.0,1.0,0.0,0.0,0.0,1.0,0.0
282,1699827.0,234.09890747070312,0.0,0.5089234709739685,8496.6923828125,8496.6923828125,8496.6923828125,0.41121575236320496,0.41121575236320496,0.3749066889286041,0.3749066889286041,0.41121575236320496,0.3749066889286041,0.41121575236320496,0.3749066889286041,0.3882157504558563,0.3519066870212555,0.02,0.35113107200000004,0.0,0.4198927581310272,0.9988471269607544,0.01017481368035078,0.08771297335624695,0.12932299077510834,0.26868361234664917,0.4000803232192993,0.4005451798439026,0.4198927581310272,0.4198927581310272,0.32988545298576355,0.16224150359630585,0.0965731143951416,0.03540321978087175,1691227.375,263,nan,-1.0,True,,False,0.05099974945187569,0.0,0.46653226017951965,10.0,10.0,1.0,0.0,0.0,0.0,1.0,0.0
283,1699605.75,233.72412109375,0.0,0.5095090270042419,8495.5859375,8495.5859375,8495.5859375,0.41094809770584106,0.41094809770584106,0.3746248781681061,0.3746248781681061,0.41094809770584106,0.3746248781681061,0.41094809770584106,0.3746248781681061,0.38794809579849243,0.35162487626075745,0.02,0.350393748,0.0,0.41962435841560364,0.998849093914032,0.01018237229436636,0.0881032943725586,0.12926608324050903,0.2686834931373596,0.3999076187610626,0.40037229657173157,0.41962435841560364,0.41962435841560364,0.3297530710697174,0.1629037857055664,0.09658068418502808,0.0333822933979617,1691227.375,263,nan,-1.0,True,,False,0.05099974945187569,0.0,0.46653226017951965,10.0,10.0,1.0,0.0,0.0,0.0,1.0,0.0
284,1699645.0,233.35093688964844,0.0,0.5129214525222778,8495.7763671875,8495.7763671875,8495.7763671875,0.41068601608276367,0.41068601608276367,0.3743440508842468,0.3743440508842468,0.41068601608276367,0.3743440508842468,0.41068601608276367,0.3743440508842468,0.38768601417541504,0.3513440489768982,0.02,0.349657216,0.0,0.41936102509498596,0.9988511204719543,0.010185365565121174,0.08891868591308594,0.12917906045913696,0.26868361234664917,0.39972811937332153,0.4001919627189636,0.41936102509498596,0.41936102509498596,0.32963860034942627,0.1635686755180359,0.09658157825469971,0.03236140087634946,1691227.375,263,nan,-1.0,True,,False,0.05099974945187569,0.0,0.46653226017951965,10.0,10.0,1.0,0.0,0.0,0.0,1.0,0.0
285,1698468.125,232.99118041992188,0.0,0.514713704586029,8489.888671875,8489.888671875,8489.888671875,0.4104286730289459,0.4104286730289459,0.3740731179714203,0.3740731179714203,0.4104286730289459,0.3740731179714203,0.4104286730289459,0.3740731179714203,0.3874286711215973,0.35107311606407166,0.02,0.3489215,0.0,0.4191025495529175,0.9988529086112976,0.010185787454247475,0.08836746215820312,0.12912464141845703,0.26868361234664917,0.3995684087276459,0.400032103061676,0.4191025495529175,0.4191025495529175,0.3295249342918396,0.16423539817333221,0.09657692909240723,0.04236482716644079,1691227.375,263,nan,-1.0,True,,False,0.05099974945187569,0.0,0.46653226017951965,10.0,10.0,1.0,0.0,0.0,0.0,1.0,0.0
286,1698391.875,232.6920166015625,0.0,0.515271782875061,8489.5078125,8489.5078125,8489.5078125,0.4102078974246979,0.4102078974246979,0.3738476634025574,0.3738476634025574,0.4102078974246979,0.3738476634025574,0.4102078974246979,0.3738476634025574,0.38720789551734924,0.35084766149520874,0.02,0.348186624,0.0,0.4188794493675232,0.9988548159599304,0.010187572799623013,0.08675700426101685,0.12910957634449005,0.2686835527420044,0.3994046747684479,0.3998681902885437,0.4188794493675232,0.4188794493675232,0.32945582270622253,0.16489112377166748,0.09659194946289062,0.03329258867112609,1691227.375,263,nan,-1.0,True,,False,0.05099974945187569,0.0,0.46653226017951965,10.0,10.0,1.0,0.0,0.0,0.0,1.0,0.0
287,1697917.0,232.39617919921875,0.0,0.5107646584510803,8487.146484375,8487.146484375,8487.146484375,0.4099825620651245,0.4099825620651245,0.3736245632171631,0.3736245632171631,0.4099825620651245,0.3736245632171631,0.4099825620651245,0.3736245632171631,0.3869825601577759,0.35062456130981445,0.02,0.347452612,0.0,0.4186527729034424,0.9988566040992737,0.010178005322813988,0.09274661540985107,0.12908935546875,0.26868361234664917,0.39924710988998413,0.39971041679382324,0.4186527729034424,0.4186527729034424,0.32936784625053406,0.16554909944534302,0.09660083055496216,0.03347744940644285,1691227.375,263,nan,-1.0,True,,False,0.05099974945187569,0.0,0.46653226017951965,10.0,10.0,1.0,0.0,0.0,0.0,1.0,0.0
288,1697293.625,232.09414672851562,0.0,0.5049630403518677,8484.044921875,8484.044921875,8484.044921875,0.40975210070610046,0.40975210070610046,0.373396635055542,0.373396635055542,0.40975210070610046,0.373396635055542,0.40975210070610046,0.373396635055542,0.38675209879875183,0.35039663314819336,0.02,0.346719488,0.0,0.4184228777885437,0.9988582730293274,0.010170146822929382,0.0942642092704773,0.12914077937602997,0.2686835825443268,0.399114727973938,0.3995782732963562,0.4184228777885437,0.4184228777885437,0.32930341362953186,0.16621015965938568,0.09660381078720093,0.03328837105558099,1691227.375,263,nan,-1.0,True,,False,0.05099974945187569,0.0,0.46653226017951965,10.0,10.0,1.0,0.0,0.0,0.0,1.0,0.0
289,1695423.625,231.81422424316406,0.0,0.5035072565078735,8474.7001953125,8474.7001953125,8474.7001953125,0.4095384180545807,0.4095384180545807,0.37318527698516846,0.37318527698516846,0.4095384180545807,0.37318527698516846,0.4095384180545807,0.37318527698516846,0.38653841614723206,0.3501852750778198,0.02,0.345987276,0.0,0.41821154952049255,0.9988601207733154,0.010161316953599453,0.09336525201797485,0.12921172380447388,0.2686835527420044,0.3989972472190857,0.39946094155311584,0.41821151971817017,0.41821151971817017,0.32927554845809937,0.16687533259391785,0.0965999960899353,0.03296578986757797,1691227.375,263,nan,-1.0,True,,False,0.05099974945187569,0.0,0.46653226017951965,10.0,10.0,1.0,0.0,0.0,0.0,1.0,0.0
290,1696067.25,231.5345916748047,0.0,0.5021882057189941,8477.9228515625,8477.9228515625,8477.9228515625,0.40932148694992065,0.40932148694992065,0.3729740083217621,0.3729740083217621,0.40932148694992065,0.3729740083217621,0.40932148694992065,0.3729740083217621,0.386321485042572,0.34997400641441345,0.02,0.345256,0.0,0.41799911856651306,0.9988620281219482,0.01015792228281498,0.09028035402297974,0.1292085498571396,0.26868361234664917,0.3988821804523468,0.39934614300727844,0.41799911856651306,0.41799911856651306,0.3292599320411682,0.16754400730133057,0.09658783674240112,0.03308292270392283,1691227.375,263,nan,-1.0,True,,False,0.05099974945187569,0.0,0.46653226017951965,10.0,10.0,1.0,0.0,0.0,0.0,1.0,0.0
291,1696819.625,231.268798828125,0.0,0.4987584054470062,8481.6953125,8481.6953125,8481.6953125,0.40912097692489624,0.40912097692489624,0.37277305126190186,0.37277305126190186,0.40912097692489624,0.37277305126190186,0.40912097692489624,0.37277305126190186,0.3861209750175476,0.3497730493545532,0.02,0.344525684,0.0,0.41780516505241394,0.9988639950752258,0.010167389176785946,0.08767050504684448,0.12920472025871277,0.26868361234664917,0.3987508714199066,0.39921507239341736,0.41780516505241394,0.41780516505241394,0.3292236328125,0.16820736229419708,0.09658169746398926,0.03405640401372997,1691227.375,263,nan,-1.0,True,,False,0.05099974945187569,0.0,0.46653226017951965,10.0,10.0,1.0,0.0,0.0,0.0,1.0,0.0
292,1696814.25,231.03257751464844,0.0,0.4929264485836029,8481.68359375,8481.68359375,8481.68359375,0.40894556045532227,0.40894556045532227,0.3725943863391876,0.3725943863391876,0.40894556045532227,0.3725943863391876,0.40894556045532227,0.3725943863391876,0.38594555854797363,0.349594384431839,0.02,0.343796352,0.0,0.41763636469841003,0.99886554479599,0.010169055312871933,0.08492386341094971,0.1291964054107666,0.26868361234664917,0.3986457586288452,0.3991100788116455,0.41763636469841003,0.41763636469841003,0.32921844720840454,0.16886268556118011,0.0965808629989624,0.034403005330305964,1691227.375,263,nan,-1.0,True,,False,0.05099974945187569,0.0,0.46653226017951965,10.0,10.0,1.0,0.0,0.0,0.0,1.0,0.0
293,1697006.625,230.84170532226562,0.0,0.4875081479549408,8482.66015625,8482.66015625,8482.66015625,0.40879905223846436,0.40879905223846436,0.37244993448257446,0.37244993448257446,0.40879905223846436,0.37244993448257446,0.40879905223846436,0.37244993448257446,0.3857990503311157,0.34944993257522583,0.02,0.343068028,0.0,0.4174973666667938,0.9988663792610168,0.010165542364120483,0.08464163541793823,0.1291634738445282,0.26868361234664917,0.3985508978366852,0.399015337228775,0.4174973964691162,0.4174973964691162,0.3292458951473236,0.16952137649059296,0.09658503532409668,0.03263246656731806,1691227.375,263,nan,-1.0,True,,False,0.05099974945187569,0.0,0.46653226017951965,10.0,10.0,1.0,0.0,0.0,0.0,1.0,0.0
294,1697123.25,230.64686584472656,0.0,0.4899537265300751,8483.23828125,8483.23828125,8483.23828125,0.408652126789093,0.408652126789093,0.37230244278907776,0.37230244278907776,0.408652126789093,0.37230244278907776,0.408652126789093,0.37230244278907776,0.3856521248817444,0.3493024408817291,0.02,0.34234073600000003,0.0,0.41735905408859253,0.9988673329353333,0.010163564234972,0.08968460559844971,0.12914681434631348,0.2686835527420044,0.39844709634780884,0.39891138672828674,0.41735905408859253,0.41735905408859253,0.3292359411716461,0.17018336057662964,0.0965837836265564,0.03199190342436648,1691227.375,263,nan,-1.0,True,,False,0.05099974945187569,0.0,0.46653226017951965,10.0,10.0,1.0,0.0,0.0,0.0,1.0,0.0
295,1697078.25,230.46371459960938,0.0,0.49363547563552856,8483.0048828125,8483.0048828125,8483.0048828125,0.40851375460624695,0.40851375460624695,0.37216371297836304,0.37216371297836304,0.40851375460624695,0.37216371297836304,0.40851375460624695,0.37216371297836304,0.3855137526988983,0.3491637110710144,0.02,0.34161450000000004,0.0,0.41723188757896423,0.9988687038421631,0.010154873132705688,0.08418390154838562,0.1291005164384842,0.2686835825443268,0.3983812928199768,0.3988454043865204,0.41723188757896423,0.41723188757896423,0.32925426959991455,0.17086157202720642,0.09659737348556519,0.03181071942769146,1691227.375,263,nan,-1.0,True,,False,0.05099974945187569,0.0,0.46653226017951965,10.0,10.0,1.0,0.0,0.0,0.0,1.0,0.0
296,1697265.625,230.32315063476562,0.0,0.4940548539161682,8483.94140625,8483.94140625,8483.94140625,0.40840470790863037,0.40840470790863037,0.3720572292804718,0.3720572292804718,0.40840470790863037,0.3720572292804718,0.40840470790863037,0.3720572292804718,0.38540470600128174,0.34905722737312317,0.02,0.34088934400000004,0.0,0.41713574528694153,0.9988700151443481,0.01014726608991623,0.08974814414978027,0.12909580767154694,0.268683522939682,0.3983288109302521,0.3987930119037628,0.41713574528694153,0.41713574528694153,0.3293044865131378,0.1715368777513504,0.09662145376205444,0.03577147356473789,1691227.375,263,nan,-1.0,True,,False,0.05099974945187569,0.0,0.46653226017951965,10.0,10.0,1.0,0.0,0.0,0.0,1.0,0.0
297,1697171.625,230.21360778808594,0.0,0.48993921279907227,8483.482421875,8483.482421875,8483.482421875,0.4083251357078552,0.4083251357078552,0.3719742000102997,0.3719742000102997,0.4083251357078552,0.3719742000102997,0.4083251357078552,0.3719742000102997,0.3853251338005066,0.34897419810295105,0.02,0.340165292,0.0,0.41707050800323486,0.9988715052604675,0.010149584151804447,0.09080252051353455,0.12912538647651672,0.2686835527420044,0.398307204246521,0.398771733045578,0.41707050800323486,0.41707050800323486,0.3293176591396332,0.17221535742282867,0.09665507078170776,0.0329527668945957,1691227.375,263,nan,-1.0,True,,False,0.05099974945187569,0.0,0.46653226017951965,10.0,10.0,1.0,0.0,0.0,0.0,1.0,0.0
298,1696797.5,230.14602661132812,0.0,0.4882679581642151,8481.6162109375,8481.6162109375,8481.6162109375,0.40827906131744385,0.40827906131744385,0.3719229996204376,0.3719229996204376,0.40827906131744385,0.3719229996204376,0.40827906131744385,0.3719229996204376,0.3852790594100952,0.348922997713089,0.02,0.339442368,0.0,0.4170399606227875,0.9988765716552734,0.010157842189073563,0.0925140380859375,0.12910425662994385,0.2686835825443268,0.39828675985336304,0.3987520635128021,0.4170399606227875,0.4170399606227875,0.32934096455574036,0.17289583384990692,0.09668785333633423,0.03147625321030824,1691227.375,263,nan,-1.0,True,,False,0.05099974945187569,0.0,0.46653226017951965,10.0,10.0,1.0,0.0,0.0,0.0,1.0,0.0
299,1696721.5,230.0945587158203,0.0,0.49399861693382263,8481.2216796875,8481.2216796875,8481.2216796875,0.40824025869369507,0.40824025869369507,0.37188395857810974,0.37188395857810974,0.40824025869369507,0.37188395857810974,0.40824025869369507,0.37188395857810974,0.38524025678634644,0.3488839566707611,0.02,0.33872059600000004,0.0,0.4170175790786743,0.9988811612129211,0.010161216370761395,0.08681312203407288,0.12908369302749634,0.2686835527420044,0.3982846438884735,0.3987506330013275,0.41701754927635193,0.41701754927635193,0.3293651044368744,0.17358076572418213,0.09671694040298462,0.03219480893393564,1691227.375,263,nan,-1.0,True,,False,0.05099974945187569,0.0,0.46653226017951965,10.0,10.0,1.0,0.0,0.0,0.0,1.0,0.0
300,1696967.5,230.03562927246094,0.0,0.49878939986228943,8482.4404296875,8482.4404296875,8482.4404296875,0.4082011878490448,0.4082011878490448,0.3718392848968506,0.3718392848968506,0.4082011878490448,0.3718392848968506,0.4082011878490448,0.3718392848968506,0.38520118594169617,0.34883928298950195,0.02,0.33799999999999997,0.0,0.4169946312904358,0.9988858103752136,0.010160095989704132,0.08776822686195374,0.1290607899427414,0.26868361234664917,0.39826637506484985,0.39873313903808594,0.4169946312904358,0.4169946312904358,0.3293686807155609,0.17426133155822754,0.09675538539886475,0.03904689547845111,1691227.375,263,nan,-1.0,True,,False,0.05099974945187569,0.0,0.46653226017951965,10.0,10.0,1.0,0.0,0.0,0.0,1.0,0.0
301,1696858.0,230.01670837402344,0.0,0.4988619387149811,8481.892578125,8481.892578125,8481.892578125,0.4081934094429016,0.4081934094429016,0.3718249499797821,0.3718249499797821,0.4081934094429016,0.3718249499797821,0.4081934094429016,0.3718249499797821,0.385193407535553,0.34882494807243347,0.02,0.33728060400000004,0.0,0.4170021712779999,0.9988899230957031,0.010157360695302486,0.09071576595306396,0.12902309000492096,0.2686835825443268,0.3982759714126587,0.3987431526184082,0.4170021712779999,0.4170021712779999,0.3294112980365753,0.17493073642253876,0.09679973125457764,0.031824098080202624,1691227.375,263,nan,-1.0,True,,False,0.05099974945187569,0.0,0.46653226017951965,10.0,10.0,1.0,0.0,0.0,0.0,1.0,0.0
302,1696792.0,230.0063018798828,0.0,0.49815279245376587,8481.564453125,8481.564453125,8481.564453125,0.40818968415260315,0.40818968415260315,0.37181705236434937,0.37181705236434937,0.40818968415260315,0.37181705236434937,0.40818968415260315,0.37181705236434937,0.3851896822452545,0.34881705045700073,0.02,0.336562432,0.0,0.4170127809047699,0.9988940954208374,0.010149783454835415,0.09694814682006836,0.1290748119354248,0.26868361234664917,0.3983088433742523,0.39877626299858093,0.4170127809047699,0.4170127809047699,0.3294699192047119,0.17560438811779022,0.09684175252914429,0.0352224994793586,1691227.375,263,nan,-1.0,True,,False,0.05099974945187569,0.0,0.46653226017951965,10.0,10.0,1.0,0.0,0.0,0.0,1.0,0.0
303,1696513.625,230.01248168945312,0.0,0.5032768845558167,8480.16015625,8480.16015625,8480.16015625,0.408197283744812,0.408197283744812,0.37182173132896423,0.37182173132896423,0.408197283744812,0.37182173132896423,0.408197283744812,0.37182173132896423,0.3851972818374634,0.3488217294216156,0.02,0.335845508,0.0,0.4170335829257965,0.9988981485366821,0.010153090581297874,0.10100042819976807,0.12909086048603058,0.26868361234664917,0.39833998680114746,0.3988078832626343,0.4170336127281189,0.4170336127281189,0.329473078250885,0.17628036439418793,0.09689629077911377,0.03172897897537849,1691227.375,263,nan,-1.0,True,,False,0.05099974945187569,0.0,0.46653226017951965,10.0,10.0,1.0,0.0,0.0,0.0,1.0,0.0
304,1697085.25,230.0222625732422,0.0,0.5083910226821899,8483.0048828125,8483.0048828125,8483.0048828125,0.4082019627094269,0.4082019627094269,0.37182915210723877,0.37182915210723877,0.4082019627094269,0.37182915210723877,0.4082019627094269,0.37182915210723877,0.38520196080207825,0.34882915019989014,0.02,0.335129856,0.0,0.41704899072647095,0.9989018440246582,0.01015497837215662,0.1032448410987854,0.12910087406635284,0.2686835527420044,0.3983688950538635,0.39883720874786377,0.41704896092414856,0.41704896092414856,0.329492449760437,0.17696070671081543,0.0969509482383728,0.03086453453579452,1691227.375,263,nan,-1.0,True,,False,0.05099974945187569,0.0,0.46653226017951965,10.0,10.0,1.0,0.0,0.0,0.0,1.0,0.0
305,1696987.125,230.06927490234375,0.0,0.5064878463745117,8482.5185546875,8482.5185546875,8482.5185546875,0.40823087096214294,0.40823087096214294,0.37186479568481445,0.37186479568481445,0.40823087096214294,0.37186479568481445,0.40823087096214294,0.37186479568481445,0.3852308690547943,0.3488647937774658,0.02,0.3344155,0.0,0.4170841574668884,0.9989045858383179,0.01016563456505537,0.0953371524810791,0.1291622668504715,0.2686835825443268,0.3984130322933197,0.39888179302215576,0.4170841574668884,0.4170841574668884,0.32953307032585144,0.17763614654541016,0.0970187783241272,0.03213353936735075,1691227.375,263,nan,-1.0,True,,False,0.05099974945187569,0.0,0.46653226017951965,10.0,10.0,1.0,0.0,0.0,0.0,1.0,0.0
306,1696653.75,230.1241912841797,0.0,0.5055431723594666,8480.8544921875,8480.8544921875,8480.8544921875,0.4082847237586975,0.4082847237586975,0.37190642952919006,0.37190642952919006,0.4082847237586975,0.37190642952919006,0.4082847237586975,0.37190642952919006,0.3852847218513489,0.34890642762184143,0.02,0.33370246400000003,0.0,0.4171397387981415,0.9989069104194641,0.010161971673369408,0.0836799144744873,0.1291925311088562,0.26868361234664917,0.39847251772880554,0.3989415466785431,0.4171397387981415,0.4171397387981415,0.32954028248786926,0.17831696569919586,0.09708923101425171,0.034226840625504136,1691227.375,263,nan,-1.0,True,,False,0.05099974945187569,0.0,0.46653226017951965,10.0,10.0,1.0,0.0,0.0,0.0,1.0,0.0
307,1696377.375,230.16749572753906,0.0,0.5108019709587097,8479.458984375,8479.458984375,8479.458984375,0.4083394706249237,0.4083394706249237,0.3719392716884613,0.3719392716884613,0.4083394706249237,0.3719392716884613,0.4083394706249237,0.3719392716884613,0.3853394687175751,0.34893926978111267,0.02,0.332990772,0.0,0.41719192266464233,0.998909056186676,0.010152055881917477,0.08529052138328552,0.12918683886528015,0.2686832547187805,0.39854592084884644,0.39901506900787354,0.4171919524669647,0.4171919524669647,0.32956576347351074,0.17900268733501434,0.09716516733169556,0.030948691702279676,1691227.375,263,nan,-1.0,True,,False,0.05099974945187569,0.0,0.46653226017951965,10.0,10.0,1.0,0.0,0.0,0.0,1.0,0.0
308,1696106.125,230.20550537109375,0.0,0.5144327282905579,8478.09375,8478.09375,8478.09375,0.4083895683288574,0.4083895683288574,0.3719680607318878,0.3719680607318878,0.4083895683288574,0.3719680607318878,0.4083895683288574,0.3719680607318878,0.3853895664215088,0.3489680588245392,0.02,0.332280448,0.0,0.41723716259002686,0.9989107847213745,0.010157620534300804,0.08400696516036987,0.12919452786445618,0.2686835825443268,0.398619681596756,0.3990885317325592,0.41723716259002686,0.41723716259002686,0.32954177260398865,0.17969335615634918,0.09723985195159912,0.041557001334796145,1691227.375,263,nan,-1.0,True,,False,0.05099974945187569,0.0,0.46653226017951965,10.0,10.0,1.0,0.0,0.0,0.0,1.0,0.0
309,1696108.25,230.25747680664062,0.0,0.5122100114822388,8478.109375,8478.109375,8478.109375,0.40844598412513733,0.40844598412513733,0.37200745940208435,0.37200745940208435,0.40844598412513733,0.37200745940208435,0.40844598412513733,0.37200745940208435,0.3854459822177887,0.3490074574947357,0.02,0.331571516,0.0,0.41728490591049194,0.9989117383956909,0.01017369981855154,0.08758425712585449,0.1292070895433426,0.2686835527420044,0.39869633316993713,0.3991650640964508,0.41728490591049194,0.41728490591049194,0.329447478055954,0.18037624657154083,0.09736031293869019,0.029685993040200427,1691227.375,263,nan,-1.0,True,,False,0.05099974945187569,0.0,0.46653226017951965,10.0,10.0,1.0,0.0,0.0,0.0,1.0,0.0
310,1696464.75,230.36032104492188,0.0,0.5132404565811157,8479.888671875,8479.888671875,8479.888671875,0.4085383713245392,0.4085383713245392,0.3720853924751282,0.3720853924751282,0.4085383713245392,0.3720853924751282,0.4085383713245392,0.3720853924751282,0.38553836941719055,0.34908539056777954,0.02,0.330864,0.0,0.41736483573913574,0.9989114999771118,0.010174967348575592,0.0909653902053833,0.12923194468021393,0.2686835527420044,0.39878445863723755,0.3992527425289154,0.41736483573913574,0.41736483573913574,0.32936912775039673,0.18105368316173553,0.09750139713287354,0.029723675457514927,1691227.375,263,nan,-1.0,True,,False,0.05099974945187569,0.0,0.46653226017951965,10.0,10.0,1.0,0.0,0.0,0.0,1.0,0.0
311,1696652.25,230.50587463378906,0.0,0.515633225440979,8480.8193359375,8480.8193359375,8480.8193359375,0.4086570143699646,0.4086570143699646,0.37219566106796265,0.37219566106796265,0.4086570143699646,0.37219566106796265,0.4086570143699646,0.37219566106796265,0.38565701246261597,0.349195659160614,0.02,0.330157924,0.0,0.41746753454208374,0.9989112615585327,0.01017014216631651,0.09046027064323425,0.12925389409065247,0.26868361234664917,0.3989049196243286,0.3993726968765259,0.41746753454208374,0.41746753454208374,0.32931914925575256,0.18172477185726166,0.09766417741775513,0.034241553308675066,1691227.375,263,nan,-1.0,True,,False,0.05099974945187569,0.0,0.46653226017951965,10.0,10.0,1.0,0.0,0.0,0.0,1.0,0.0
312,1696409.5,230.63058471679688,0.0,0.5106619000434875,8479.6171875,8479.6171875,8479.6171875,0.4087661802768707,0.4087661802768707,0.37229010462760925,0.37229010462760925,0.4087661802768707,0.37229010462760925,0.4087661802768707,0.37229010462760925,0.3857661783695221,0.3492901027202606,0.02,0.329453312,0.0,0.4175594747066498,0.9989110231399536,0.010175645351409912,0.08762690424919128,0.12928849458694458,0.2686835527420044,0.39900365471839905,0.39947041869163513,0.4175594747066498,0.4175594747066498,0.3292388319969177,0.18240128457546234,0.09784996509552002,0.0297470928732461,1691227.375,263,nan,-1.0,True,,False,0.05099974945187569,0.0,0.46653226017951965,10.0,10.0,1.0,0.0,0.0,0.0,1.0,0.0
313,1695745.125,230.73858642578125,0.0,0.5042315721511841,8476.3115234375,8476.3115234375,8476.3115234375,0.40887242555618286,0.40887242555618286,0.3723718822002411,0.3723718822002411,0.40887242555618286,0.3723718822002411,0.40887242555618286,0.3723718822002411,0.38587242364883423,0.34937188029289246,0.02,0.328750188,0.0,0.4176473319530487,0.9989110231399536,0.010176359675824642,0.08646312355995178,0.12928877770900726,0.2686835527420044,0.39912599325180054,0.39959198236465454,0.4176473617553711,0.4176473617553711,0.3291071653366089,0.1830817461013794,0.09804219007492065,0.029335126563738514,1691227.375,263,nan,-1.0,True,,False,0.05099974945187569,0.0,0.46653226017951965,10.0,10.0,1.0,0.0,0.0,0.0,1.0,0.0
314,1694452.25,230.8922119140625,0.0,0.5051498413085938,8469.84375,8469.84375,8469.84375,0.40900495648384094,0.40900495648384094,0.3724881708621979,0.3724881708621979,0.40900495648384094,0.3724881708621979,0.40900495648384094,0.3724881708621979,0.3860049545764923,0.34948816895484924,0.02,0.32804857600000004,0.0,0.4177604913711548,0.9989099502563477,0.010182652622461319,0.08535122871398926,0.12930381298065186,0.26868361234664917,0.3992357850074768,0.39970117807388306,0.4177604913711548,0.4177604913711548,0.32896602153778076,0.1837664693593979,0.09823805093765259,0.029186036799930863,1691227.375,263,nan,-1.0,True,,False,0.05099974945187569,0.0,0.46653226017951965,10.0,10.0,1.0,0.0,0.0,0.0,1.0,0.0
315,1692775.5,231.08309936523438,0.0,0.5027036666870117,8461.4658203125,8461.4658203125,8461.4658203125,0.4091557264328003,0.4091557264328003,0.37263262271881104,0.37263262271881104,0.4091557264328003,0.37263262271881104,0.4091557264328003,0.37263262271881104,0.38615572452545166,0.3496326208114624,0.02,0.3273485,0.0,0.4178904891014099,0.998908519744873,0.010190813802182674,0.0888744592666626,0.12932035326957703,0.2686835527420044,0.3993596136569977,0.3998246490955353,0.4178904592990875,0.4178904592990875,0.3288085162639618,0.18445570766925812,0.0984354019165039,0.028831009546087846,1691227.375,263,nan,-1.0,True,,False,0.05099974945187569,0.0,0.46653226017951965,10.0,10.0,1.0,0.0,0.0,0.0,1.0,0.0
316,1691089.125,231.25048828125,0.0,0.49737548828125,8453.0458984375,8453.0458984375,8453.0458984375,0.4092993140220642,0.4092993140220642,0.37275922298431396,0.37275922298431396,0.4092993140220642,0.37275922298431396,0.4092993140220642,0.37275922298431396,0.3862993121147156,0.34975922107696533,0.02,0.326649984,0.0,0.41801518201828003,0.9989074468612671,0.010201096534729004,0.09121730923652649,0.12934750318527222,0.2686835527420044,0.39949700236320496,0.3999614715576172,0.41801518201828003,0.41801518201828003,0.32862499356269836,0.1851496547460556,0.09863263368606567,0.028307478213618096,1691089.125,316,nan,-1.0,True,,False,0.05099974945187569,0.0,0.46653226017951965,10.0,10.0,1.0,0.0,0.0,0.0,1.0,0.0
317,1694040.875,231.44007873535156,0.0,0.4988436698913574,8467.7998046875,8467.7998046875,8467.7998046875,0.40945878624916077,0.40945878624916077,0.3729025721549988,0.3729025721549988,0.40945878624916077,0.3729025721549988,0.40945878624916077,0.3729025721549988,0.38645878434181213,0.34990257024765015,0.02,0.325953052,0.0,0.4181560277938843,0.99892258644104,0.010205388069152832,0.09152832627296448,0.12936843931674957,0.26868361234664917,0.3996330499649048,0.4000968337059021,0.4181560277938843,0.4181560277938843,0.3284264802932739,0.1858399361371994,0.09884274005889893,0.02804704949408511,1691089.125,316,nan,-1.0,True,,False,0.05099974945187569,0.0,0.46653226017951965,10.0,10.0,1.0,0.0,0.0,0.0,1.0,0.0
318,1696384.125,231.693603515625,0.0,0.49993735551834106,8479.5126953125,8479.5126953125,8479.5126953125,0.409662663936615,0.409662663936615,0.3730941712856293,0.3730941712856293,0.409662663936615,0.3730941712856293,0.409662663936615,0.3730941712856293,0.38666266202926636,0.35009416937828064,0.02,0.32525772799999997,0.0,0.4183409512042999,0.9989261031150818,0.010207142680883408,0.09091147780418396,0.12942594289779663,0.2686835825443268,0.3997916579246521,0.40025457739830017,0.4183409512042999,0.4183409512042999,0.328261137008667,0.1865258812904358,0.09906667470932007,0.027909476646325655,1691089.125,316,nan,-1.0,True,,False,0.05099974945187569,0.0,0.46653226017951965,10.0,10.0,1.0,0.0,0.0,0.0,1.0,0.0
319,1698233.375,231.9537353515625,0.0,0.494570255279541,8488.7705078125,8488.7705078125,8488.7705078125,0.40987613797187805,0.40987613797187805,0.37329062819480896,0.37329062819480896,0.40987613797187805,0.37329062819480896,0.40987613797187805,0.37329062819480896,0.3868761360645294,0.3502906262874603,0.02,0.324564036,0.0,0.41853660345077515,0.9989251494407654,0.010212275199592113,0.09892114996910095,0.12946468591690063,0.2686835825443268,0.3999529778957367,0.4004150331020355,0.41853660345077515,0.41853660345077515,0.3281710147857666,0.1872069090604782,0.09930521249771118,0.0276671521989758,1691089.125,316,nan,-1.0,True,,False,0.05099974945187569,0.0,0.46653226017951965,10.0,10.0,1.0,0.0,0.0,0.0,1.0,0.0
320,1699607.25,232.2286376953125,0.0,0.4949195086956024,8495.6376953125,8495.6376953125,8495.6376953125,0.4101026952266693,0.4101026952266693,0.3734981417655945,0.3734981417655945,0.4101026952266693,0.3734981417655945,0.4101026952266693,0.3734981417655945,0.3871026933193207,0.35049813985824585,0.02,0.323872,0.0,0.4187449812889099,0.9989292621612549,0.010207355953752995,0.09547692537307739,0.1294858753681183,0.2686835527420044,0.4001356363296509,0.40059706568717957,0.4187449812889099,0.4187449812889099,0.3280724287033081,0.187882661819458,0.09955978393554688,0.027588285867952637,1691089.125,316,nan,-1.0,True,,False,0.05099974945187569,0.0,0.46653226017951965,10.0,10.0,1.0,0.0,0.0,0.0,1.0,0.0
321,1700537.375,232.56301879882812,0.0,0.49714189767837524,8500.28125,8500.28125,8500.28125,0.41037020087242126,0.41037020087242126,0.37375038862228394,0.37375038862228394,0.41037020087242126,0.37375038862228394,0.41037020087242126,0.37375038862228394,0.38737019896507263,0.3507503867149353,0.02,0.323181644,0.0,0.41899412870407104,0.9989292621612549,0.010211743414402008,0.09250718355178833,0.129579558968544,0.26868361234664917,0.4003274142742157,0.4007881283760071,0.41899412870407104,0.41899412870407104,0.327952116727829,0.18855275213718414,0.09983193874359131,0.027291227809554484,1691089.125,316,nan,-1.0,True,,False,0.05099974945187569,0.0,0.46653226017951965,10.0,10.0,1.0,0.0,0.0,0.0,1.0,0.0
322,1701241.125,232.9081268310547,0.0,0.4920600354671478,8503.810546875,8503.810546875,8503.810546875,0.41064924001693726,0.41064924001693726,0.37401053309440613,0.37401053309440613,0.41064924001693726,0.37401053309440613,0.41064924001693726,0.37401053309440613,0.3876492381095886,0.3510105311870575,0.02,0.322492992,0.0,0.41925284266471863,0.9989285469055176,0.01021930668503046,0.09103643894195557,0.12963542342185974,0.2686835825443268,0.40054118633270264,0.40100160241127014,0.41925284266471863,0.41925284266471863,0.3278466761112213,0.18921703100204468,0.10012185573577881,0.02704853078143464,1691089.125,316,nan,-1.0,True,,False,0.05099974945187569,0.0,0.46653226017951965,10.0,10.0,1.0,0.0,0.0,0.0,1.0,0.0
323,1701577.625,233.2482147216797,0.0,0.4936884045600891,8505.4873046875,8505.4873046875,8505.4873046875,0.41093119978904724,0.41093119978904724,0.37426671385765076,0.37426671385765076,0.41093119978904724,0.37426671385765076,0.41093119978904724,0.37426671385765076,0.3879311978816986,0.3512667119503021,0.02,0.321806068,0.0,0.4195156693458557,0.9989264607429504,0.01022174209356308,0.09317058324813843,0.1296847015619278,0.2686835825443268,0.4007711708545685,0.40123194456100464,0.4195156693458557,0.4195156693458557,0.32771894335746765,0.18987582623958588,0.10043257474899292,0.026864955106349144,1691089.125,316,nan,-1.0,True,,False,0.05099974945187569,0.0,0.46653226017951965,10.0,10.0,1.0,0.0,0.0,0.0,1.0,0.0
324,1701837.125,233.6399688720703,0.0,0.49918708205223083,8506.76953125,8506.76953125,8506.76953125,0.4112449884414673,0.4112449884414673,0.3745615780353546,0.3745615780353546,0.4112449884414673,0.3745615780353546,0.4112449884414673,0.3745615780353546,0.38824498653411865,0.351561576128006,0.02,0.32112089600000004,0.0,0.41980627179145813,0.9989223480224609,0.010219634510576725,0.09658268094062805,0.12982597947120667,0.2686835527420044,0.4010186195373535,0.4014796316623688,0.41980627179145813,0.41980627179145813,0.3276670575141907,0.19052886962890625,0.10076487064361572,0.02690306043304089,1691089.125,316,nan,-1.0,True,,False,0.05099974945187569,0.0,0.46653226017951965,10.0,10.0,1.0,0.0,0.0,0.0,1.0,0.0
325,1702184.125,234.0273895263672,0.0,0.4971650540828705,8508.5078125,8508.5078125,8508.5078125,0.41155046224594116,0.41155046224594116,0.3748529255390167,0.3748529255390167,0.41155046224594116,0.3748529255390167,0.41155046224594116,0.3748529255390167,0.38855046033859253,0.3518529236316681,0.02,0.3204375,0.0,0.42008307576179504,0.9989178776741028,0.010225977748632431,0.09689247608184814,0.12988054752349854,0.2686835825443268,0.4012622535228729,0.4017235338687897,0.42008307576179504,0.42008307576179504,0.32766732573509216,0.19117587804794312,0.10111576318740845,0.02224907792535507,1691089.125,316,nan,-1.0,True,,False,0.05099974945187569,0.0,0.46653226017951965,10.0,10.0,1.0,0.0,0.0,0.0,1.0,0.0
326,1702656.125,234.40846252441406,0.0,0.5002488493919373,8510.8583984375,8510.8583984375,8510.8583984375,0.4118499457836151,0.4118499457836151,0.3751392960548401,0.3751392960548401,0.4118499457836151,0.3751392960548401,0.4118499457836151,0.3751392960548401,0.3888499438762665,0.35213929414749146,0.02,0.319755904,0.0,0.42034733295440674,0.9989128708839417,0.010234757326543331,0.09621483087539673,0.12995509803295135,0.2686835527420044,0.40150123834609985,0.4019623398780823,0.42034730315208435,0.42034730315208435,0.3276449739933014,0.19182033836841583,0.10151463747024536,0.02684597374657945,1691089.125,316,nan,-1.0,True,,False,0.05099974945187569,0.0,0.46653226017951965,10.0,10.0,1.0,0.0,0.0,0.0,1.0,0.0
327,1702983.875,234.78822326660156,0.0,0.5064772963523865,8512.4794921875,8512.4794921875,8512.4794921875,0.4121616780757904,0.4121616780757904,0.37542441487312317,0.37542441487312317,0.4121616780757904,0.37542441487312317,0.4121616780757904,0.37542441487312317,0.3891616761684418,0.35242441296577454,0.02,0.31907613199999996,0.0,0.4206186830997467,0.9989073276519775,0.01024081651121378,0.09075996279716492,0.13003851473331451,0.2686835527420044,0.4017679691314697,0.4022288918495178,0.4206186830997467,0.4206186830997467,0.3277190923690796,0.19245882332324982,0.10193568468093872,0.02540146737495282,1691089.125,316,nan,-1.0,True,,False,0.05099974945187569,0.0,0.46653226017951965,10.0,10.0,1.0,0.0,0.0,0.0,1.0,0.0
328,1703135.75,235.2115478515625,0.0,0.5051745772361755,8513.240234375,8513.240234375,8513.240234375,0.41252022981643677,0.41252022981643677,0.37574198842048645,0.37574198842048645,0.41252022981643677,0.37574198842048645,0.41252022981643677,0.37574198842048645,0.38952022790908813,0.3527419865131378,0.02,0.31839820799999996,0.0,0.4209345579147339,0.9989132881164551,0.010242915712296963,0.09803155064582825,0.13003619015216827,0.2686835527420044,0.40207573771476746,0.402536541223526,0.4209345579147339,0.4209345579147339,0.3278088867664337,0.19309337437152863,0.10238683223724365,0.026544314668475028,1691089.125,316,nan,-1.0,True,,False,0.05099974945187569,0.0,0.46653226017951965,10.0,10.0,1.0,0.0,0.0,0.0,1.0,0.0
329,1703351.375,235.64288330078125,0.0,0.5093554258346558,8514.3046875,8514.3046875,8514.3046875,0.4128885865211487,0.4128885865211487,0.37606528401374817,0.37606528401374817,0.4128885865211487,0.37606528401374817,0.4128885865211487,0.37606528401374817,0.38988858461380005,0.35306528210639954,0.02,0.317722156,0.0,0.4212617874145508,0.9989233016967773,0.01023908518254757,0.09499594569206238,0.1300528198480606,0.2686835825443268,0.40238824486732483,0.40284857153892517,0.4212617874145508,0.4212617874145508,0.32778483629226685,0.19372272491455078,0.1028624176979065,0.025336458297614526,1691089.125,316,nan,-1.0,True,,False,0.05099974945187569,0.0,0.46653226017951965,10.0,10.0,1.0,0.0,0.0,0.0,1.0,0.0
330,1703405.5,236.0688018798828,0.0,0.5150068998336792,8514.5595703125,8514.5595703125,8514.5595703125,0.4132494330406189,0.4132494330406189,0.3763841986656189,0.3763841986656189,0.4132494330406189,0.3763841986656189,0.4132494330406189,0.3763841986656189,0.39024943113327026,0.35338419675827026,0.02,0.317048,0.0,0.4215851128101349,0.9989312887191772,0.01024640817195177,0.10065165162086487,0.1300409436225891,0.2686835825443268,0.40270566940307617,0.40316516160964966,0.4215851128101349,0.4215851128101349,0.3278369605541229,0.19434837996959686,0.10103943198919296,0.03985621082796974,1691089.125,316,nan,-1.0,True,,False,0.05099974945187569,0.0,0.46653226017951965,10.0,10.0,1.0,0.0,0.0,0.0,1.0,0.0
331,1703267.5,236.56546020507812,0.0,0.5138998031616211,8513.8701171875,8513.8701171875,8513.8701171875,0.4136550724506378,0.4136550724506378,0.3767557442188263,0.3767557442188263,0.4136550724506378,0.3767557442188263,0.4136550724506378,0.3767557442188263,0.3906550705432892,0.35375574231147766,0.02,0.316375764,0.0,0.4219576418399811,0.9989358186721802,0.010260398499667645,0.10018584132194519,0.13014580309391022,0.2686835825443268,0.40304484963417053,0.4035036563873291,0.4219576418399811,0.4219576418399811,0.3279164135456085,0.19498729705810547,0.09891074150800705,0.030118912269244902,1691089.125,316,nan,-1.0,True,,False,0.05099974945187569,0.0,0.46653226017951965,10.0,10.0,1.0,0.0,0.0,0.0,1.0,0.0
332,1703111.875,237.1403350830078,0.0,0.5205418467521667,8513.072265625,8513.072265625,8513.072265625,0.4141053855419159,0.4141053855419159,0.37718531489372253,0.37718531489372253,0.4141053855419159,0.37718531489372253,0.4141053855419159,0.37718531489372253,0.39110538363456726,0.3541853129863739,0.02,0.315705472,0.0,0.4223810136318207,0.9989349842071533,0.010268243961036205,0.09765717387199402,0.13022677600383759,0.268683522939682,0.4033984839916229,0.4038567841053009,0.4223810136318207,0.4223810136318207,0.3280317187309265,0.19563131034374237,0.09676413983106613,0.025963035554418132,1691089.125,316,nan,-1.0,True,,False,0.05099974945187569,0.0,0.46653226017951965,10.0,10.0,1.0,0.0,0.0,0.0,1.0,0.0
333,1703523.375,237.743408203125,0.0,0.522668182849884,8515.12109375,8515.12109375,8515.12109375,0.4145772159099579,0.4145772159099579,0.3776353895664215,0.3776353895664215,0.4145772159099579,0.3776353895664215,0.4145772159099579,0.3776353895664215,0.39157721400260925,0.3546353876590729,0.02,0.315037148,0.0,0.4228328764438629,0.9989275932312012,0.010267237201333046,0.09082740545272827,0.13044053316116333,0.26868361234664917,0.40378299355506897,0.40424036979675293,0.4228328764438629,0.4228328764438629,0.32827475666999817,0.19627289474010468,0.094605453312397,0.02585019873933763,1691089.125,316,nan,-1.0,True,,False,0.05099974945187569,0.0,0.46653226017951965,10.0,10.0,1.0,0.0,0.0,0.0,1.0,0.0
334,1703772.875,238.3790740966797,0.0,0.5189456343650818,8516.375,8516.375,8516.375,0.41508105397224426,0.41508105397224426,0.3781091868877411,0.3781091868877411,0.41508105397224426,0.3781091868877411,0.41508105397224426,0.3781091868877411,0.39208105206489563,0.35510918498039246,0.02,0.31437081599999994,0.0,0.4233217239379883,0.9989162087440491,0.010278748348355293,0.09685829281806946,0.13056769967079163,0.26868361234664917,0.4041866660118103,0.40464267134666443,0.4233217239379883,0.4233217239379883,0.3285432457923889,0.19691167771816254,0.09243699163198471,0.023378852683688618,1691089.125,316,nan,-1.0,True,,False,0.05099974945187569,0.0,0.46653226017951965,10.0,10.0,1.0,0.0,0.0,0.0,1.0,0.0
335,1703769.5,239.03306579589844,0.0,0.5220537185668945,8516.34765625,8516.34765625,8516.34765625,0.415603905916214,0.415603905916214,0.3785959780216217,0.3785959780216217,0.415603905916214,0.3785959780216217,0.415603905916214,0.3785959780216217,0.39260390400886536,0.35559597611427307,0.02,0.3137065,0.0,0.42383283376693726,0.9989106059074402,0.010294070467352867,0.09689229726791382,0.13068565726280212,0.2686835825443268,0.4045938551425934,0.4050484597682953,0.42383283376693726,0.42383283376693726,0.3288106322288513,0.19755016267299652,0.09024810791015625,0.034311164999962784,1691089.125,316,nan,-1.0,True,,False,0.05099974945187569,0.0,0.46653226017951965,10.0,10.0,1.0,0.0,0.0,0.0,1.0,0.0
336,1703937.25,239.73780822753906,0.0,0.5159032940864563,8517.197265625,8517.197265625,8517.197265625,0.41615059971809387,0.41615059971809387,0.37911978363990784,0.37911978363990784,0.41615059971809387,0.37911978363990784,0.41615059971809387,0.37911978363990784,0.39315059781074524,0.3561197817325592,0.02,0.313044224,0.0,0.42437073588371277,0.9989063739776611,0.010313961654901505,0.09426641464233398,0.13083340227603912,0.2686835527420044,0.4050339460372925,0.40548717975616455,0.42437073588371277,0.42437073588371277,0.3291613757610321,0.1981968730688095,0.08803530037403107,0.025471482273941446,1691089.125,316,nan,-1.0,True,,False,0.05099974945187569,0.0,0.46653226017951965,10.0,10.0,1.0,0.0,0.0,0.0,1.0,0.0
337,1704158.25,240.4510498046875,0.0,0.5161699652671814,8518.298828125,8518.298828125,8518.298828125,0.4167153239250183,0.4167153239250183,0.3796491324901581,0.3796491324901581,0.4167153239250183,0.3796491324901581,0.4167153239250183,0.3796491324901581,0.3937153220176697,0.35664913058280945,0.02,0.312384012,0.0,0.42492860555648804,0.9989113211631775,0.010322663001716137,0.10305288434028625,0.13086144626140594,0.2686835527420044,0.40548738837242126,0.40593960881233215,0.42492860555648804,0.42492860555648804,0.32952263951301575,0.1988411843776703,0.0858176052570343,0.024476704076126527,1691089.125,316,nan,-1.0,True,,False,0.05099974945187569,0.0,0.46653226017951965,10.0,10.0,1.0,0.0,0.0,0.0,1.0,0.0
338,1704158.0,241.13731384277344,0.0,0.5143596529960632,8518.2978515625,8518.2978515625,8518.2978515625,0.41726118326187134,0.41726118326187134,0.3801577389240265,0.3801577389240265,0.41726118326187134,0.3801577389240265,0.41726118326187134,0.3801577389240265,0.3942611813545227,0.35715773701667786,0.02,0.311725888,0.0,0.4254695177078247,0.9988945722579956,0.010324807837605476,0.09709987044334412,0.13087280094623566,0.26868361234664917,0.405943900346756,0.4063953161239624,0.4254695177078247,0.4254695177078247,0.32982969284057617,0.19948358833789825,0.083597332239151,0.03272867013745579,1691089.125,316,nan,-1.0,True,,False,0.05099974945187569,0.0,0.46653226017951965,10.0,10.0,1.0,0.0,0.0,0.0,1.0,0.0
339,1703947.875,241.82664489746094,0.0,0.5105904936790466,8517.25390625,8517.25390625,8517.25390625,0.41780972480773926,0.41780972480773926,0.38066786527633667,0.38066786527633667,0.41780972480773926,0.38066786527633667,0.41780972480773926,0.38066786527633667,0.3948097229003906,0.35766786336898804,0.02,0.311069876,0.0,0.4260147213935852,0.998886227607727,0.010332583449780941,0.09381228685379028,0.1307901293039322,0.26868361234664917,0.40636345744132996,0.4068146347999573,0.4260147213935852,0.4260147213935852,0.33023008704185486,0.200132355093956,0.08137428015470505,0.028628131664138183,1691089.125,316,nan,-1.0,True,,False,0.05099974945187569,0.0,0.46653226017951965,10.0,10.0,1.0,0.0,0.0,0.0,1.0,0.0
340,1703641.0,242.47769165039062,0.0,0.5126333236694336,8515.7109375,8515.7109375,8515.7109375,0.4183196723461151,0.4183196723461151,0.3811489939689636,0.3811489939689636,0.4183196723461151,0.3811489939689636,0.4183196723461151,0.3811489939689636,0.3953196704387665,0.358148992061615,0.02,0.31041599999999997,0.0,0.4265243113040924,0.9988769888877869,0.010345053859055042,0.09338530898094177,0.13077419996261597,0.26868361234664917,0.4067607820034027,0.40721186995506287,0.4265243113040924,0.4265243113040924,0.3305876851081848,0.20078574120998383,0.0791536346077919,0.027710828923672024,1691089.125,316,nan,-1.0,True,,False,0.05099974945187569,0.0,0.46653226017951965,10.0,10.0,1.0,0.0,0.0,0.0,1.0,0.0
341,1703566.375,243.11509704589844,0.0,0.5059511065483093,8515.3515625,8515.3515625,8515.3515625,0.4188106954097748,0.4188106954097748,0.3816194236278534,0.3816194236278534,0.4188106954097748,0.3816194236278534,0.4188106954097748,0.3816194236278534,0.39581069350242615,0.35861942172050476,0.02,0.309764284,0.0,0.4270157217979431,0.9988740682601929,0.010354689322412014,0.09951841831207275,0.13097499310970306,0.2686835825443268,0.40716034173965454,0.4076116383075714,0.4270157217979431,0.4270157217979431,0.3308854401111603,0.2014438956975937,0.0769384577870369,0.025224915844672877,1691089.125,316,nan,-1.0,True,,False,0.05099974945187569,0.0,0.46653226017951965,10.0,10.0,1.0,0.0,0.0,0.0,1.0,0.0
342,1703924.5,243.70272827148438,0.0,0.510150134563446,8517.12890625,8517.12890625,8517.12890625,0.4192546010017395,0.4192546010017395,0.38205257058143616,0.38205257058143616,0.4192546010017395,0.38205257058143616,0.4192546010017395,0.38205257058143616,0.39625459909439087,0.3590525686740875,0.02,0.309114752,0.0,0.42746472358703613,0.9989161491394043,0.010370434261858463,0.10318183898925781,0.13119977712631226,0.26868361234664917,0.40750977396965027,0.4079616367816925,0.42746472358703613,0.42746472358703613,0.33117610216140747,0.20210003852844238,0.07473386079072952,0.024899486500847463,1691089.125,316,nan,-1.0,True,,False,0.05099974945187569,0.0,0.46653226017951965,10.0,10.0,1.0,0.0,0.0,0.0,1.0,0.0
343,1703689.25,244.23561096191406,0.0,0.5100711584091187,8515.9501953125,8515.9501953125,8515.9501953125,0.4196677505970001,0.4196677505970001,0.38244491815567017,0.38244491815567017,0.4196677505970001,0.38244491815567017,0.4196677505970001,0.38244491815567017,0.3966677486896515,0.35944491624832153,0.02,0.308467428,0.0,0.4278842508792877,0.9988698363304138,0.010382914915680885,0.100434809923172,0.1314752846956253,0.26868361234664917,0.4078569710254669,0.40830931067466736,0.4278842508792877,0.4278842508792877,0.3314789831638336,0.20275364816188812,0.07254007458686829,0.0270452689227467,1691089.125,316,nan,-1.0,True,,False,0.05099974945187569,0.0,0.46653226017951965,10.0,10.0,1.0,0.0,0.0,0.0,1.0,0.0
344,1704287.0,244.71340942382812,0.0,0.515922486782074,8518.921875,8518.921875,8518.921875,0.42004474997520447,0.42004474997520447,0.3827963173389435,0.3827963173389435,0.42004474997520447,0.3827963173389435,0.42004474997520447,0.3827963173389435,0.39704474806785583,0.35979631543159485,0.02,0.307822336,0.0,0.4282699525356293,0.9988421201705933,0.0103946253657341,0.10118734836578369,0.13168302178382874,0.26868361234664917,0.40817761421203613,0.4086299538612366,0.4282699525356293,0.4282699525356293,0.331828236579895,0.20341096818447113,0.07035747170448303,0.024289644163218327,1691089.125,316,nan,-1.0,True,,False,0.05099974945187569,0.0,0.46653226017951965,10.0,10.0,1.0,0.0,0.0,0.0,1.0,0.0
345,1704327.0,245.12796020507812,0.0,0.5186606645584106,8519.1123046875,8519.1123046875,8519.1123046875,0.42039749026298523,0.42039749026298523,0.3831009566783905,0.3831009566783905,0.42039749026298523,0.3831009566783905,0.42039749026298523,0.3831009566783905,0.3973974883556366,0.36010095477104187,0.02,0.30717950000000005,0.0,0.42863765358924866,0.9988569617271423,0.01039943564683199,0.10378706455230713,0.1317121833562851,0.2686835527420044,0.408479779958725,0.40893229842185974,0.42863765358924866,0.42863765358924866,0.33222606778144836,0.2040652334690094,0.0681779608130455,0.03451760974227606,1691089.125,316,nan,-1.0,True,,False,0.05099974945187569,0.0,0.46653226017951965,10.0,10.0,1.0,0.0,0.0,0.0,1.0,0.0
346,1704282.375,245.51492309570312,0.0,0.5229467153549194,8518.876953125,8518.876953125,8518.876953125,0.42074325680732727,0.42074325680732727,0.3833850622177124,0.3833850622177124,0.42074325680732727,0.3833850622177124,0.42074325680732727,0.3833850622177124,0.39774325489997864,0.36038506031036377,0.02,0.30653894400000004,0.0,0.4290073812007904,0.9988275766372681,0.010393146425485611,0.10401391983032227,0.13174542784690857,0.26868361234664917,0.40879765152931213,0.4092501997947693,0.4290073812007904,0.4290073812007904,0.33256885409355164,0.20472829043865204,0.06599832326173782,0.022340446529496048,1691089.125,316,nan,-1.0,True,,False,0.05099974945187569,0.0,0.46653226017951965,10.0,10.0,1.0,0.0,0.0,0.0,1.0,0.0
347,1704280.0,245.91603088378906,0.0,0.5275740027427673,8518.8515625,8518.8515625,8518.8515625,0.4210951328277588,0.4210951328277588,0.3836793303489685,0.3836793303489685,0.4210951328277588,0.3836793303489685,0.4210951328277588,0.3836793303489685,0.39809513092041016,0.3606793284416199,0.02,0.30590069200000003,0.0,0.429389089345932,0.998846709728241,0.010396264493465424,0.10505780577659607,0.1317426711320877,0.26868361234664917,0.4091133177280426,0.4095660448074341,0.429389089345932,0.429389089345932,0.3329022228717804,0.2053910493850708,0.06383002549409866,0.030284520468234807,1691089.125,316,nan,-1.0,True,,False,0.05099974945187569,0.0,0.46653226017951965,10.0,10.0,1.0,0.0,0.0,0.0,1.0,0.0
348,1704104.625,246.34681701660156,0.0,0.5312215089797974,8517.962890625,8517.962890625,8517.962890625,0.4214530289173126,0.4214530289173126,0.3839951157569885,0.3839951157569885,0.4214530289173126,0.3839951157569885,0.4214530289173126,0.3839951157569885,0.398453027009964,0.3609951138496399,0.02,0.305264768,0.0,0.42977288365364075,0.9988110065460205,0.010399513877928257,0.1066642701625824,0.13174904882907867,0.26868361234664917,0.4094065725803375,0.40985894203186035,0.42977288365364075,0.42977288365364075,0.33325859904289246,0.20605869591236115,0.061683911830186844,0.02801440860397027,1691089.125,316,nan,-1.0,True,,False,0.05099974945187569,0.0,0.46653226017951965,10.0,10.0,1.0,0.0,0.0,0.0,1.0,0.0
349,1703934.125,246.8063507080078,0.0,0.536341667175293,8517.095703125,8517.095703125,8517.095703125,0.42180606722831726,0.42180606722831726,0.3843316435813904,0.3843316435813904,0.42180606722831726,0.3843316435813904,0.42180606722831726,0.3843316435813904,0.39880606532096863,0.36133164167404175,0.02,0.304631196,0.0,0.4301459789276123,0.9988054037094116,0.010412752628326416,0.10903465747833252,0.1319422721862793,0.26868361234664917,0.4096871614456177,0.41013938188552856,0.4301459789276123,0.4301459789276123,0.3336915373802185,0.20673103630542755,0.05956341326236725,0.019598667496918805,1691089.125,316,nan,-1.0,True,,False,0.05099974945187569,0.0,0.46653226017951965,10.0,10.0,1.0,0.0,0.0,0.0,1.0,0.0
350,1703906.75,247.26954650878906,0.0,0.5354024171829224,8516.958984375,8516.958984375,8516.958984375,0.42215922474861145,0.42215922474861145,0.38467055559158325,0.38467055559158325,0.42215922474861145,0.38467055559158325,0.42215922474861145,0.38467055559158325,0.3991592228412628,0.3616705536842346,0.02,0.30400000000000005,0.0,0.43051350116729736,0.9988335371017456,0.010431305505335331,0.10805952548980713,0.13216955959796906,0.26868361234664917,0.4099704623222351,0.41042229533195496,0.43051350116729736,0.43051350116729736,0.3341153562068939,0.20740388333797455,0.05746941640973091,0.03274839339428581,1691089.125,316,nan,-1.0,True,,False,0.05099974945187569,0.0,0.46653226017951965,10.0,10.0,1.0,0.0,0.0,0.0,1.0,0.0
351,1703840.125,247.77581787109375,0.0,0.5347821116447449,8516.625,8516.625,8516.625,0.42255890369415283,0.42255890369415283,0.38504061102867126,0.38504061102867126,0.42255890369415283,0.38504061102867126,0.42255890369415283,0.38504061102867126,0.3995589017868042,0.36204060912132263,0.02,0.303371204,0.0,0.43092191219329834,0.9988254308700562,0.0104270214214921,0.108062744140625,0.13228288292884827,0.26868361234664917,0.41028112173080444,0.41073179244995117,0.43092191219329834,0.43092191219329834,0.33451560139656067,0.20808206498622894,0.05541115626692772,0.029219301763482183,1691089.125,316,nan,-1.0,True,,False,0.05099974945187569,0.0,0.46653226017951965,10.0,10.0,1.0,0.0,0.0,0.0,1.0,0.0
352,1703602.75,248.2935333251953,0.0,0.5333203077316284,8515.4384765625,8515.4384765625,8515.4384765625,0.4229734241962433,0.4229734241962433,0.3854186534881592,0.3854186534881592,0.4229734241962433,0.3854186534881592,0.4229734241962433,0.3854186534881592,0.39997342228889465,0.36241865158081055,0.02,0.302744832,0.0,0.43133968114852905,0.9988964796066284,0.010428418405354023,0.10591688752174377,0.13235008716583252,0.26868361234664917,0.4105709493160248,0.41102057695388794,0.43133968114852905,0.43133968114852905,0.3349395990371704,0.20876608788967133,0.0533967949450016,0.02682871343050566,1691089.125,316,nan,-1.0,True,,False,0.05099974945187569,0.0,0.46653226017951965,10.0,10.0,1.0,0.0,0.0,0.0,1.0,0.0
353,1703549.0,248.93841552734375,0.0,0.533341646194458,8515.1669921875,8515.1669921875,8515.1669921875,0.42348453402519226,0.42348453402519226,0.3858889937400818,0.3858889937400818,0.42348453402519226,0.3858889937400818,0.42348453402519226,0.3858889937400818,0.40048453211784363,0.36288899183273315,0.02,0.302120908,0.0,0.4318447709083557,0.9989216923713684,0.010428368113934994,0.09906849265098572,0.1323186755180359,0.26868361234664917,0.4109145700931549,0.4113636314868927,0.4318447709083557,0.4318447709083557,0.33539092540740967,0.20945477485656738,0.0514351986348629,0.01817788922926411,1691089.125,316,nan,-1.0,True,,False,0.05099974945187569,0.0,0.46653226017951965,10.0,10.0,1.0,0.0,0.0,0.0,1.0,0.0
354,1703361.5,249.63937377929688,0.0,0.535595178604126,8514.220703125,8514.220703125,8514.220703125,0.4240415394306183,0.4240415394306183,0.3863995373249054,0.3863995373249054,0.4240415394306183,0.3863995373249054,0.4240415394306183,0.3863995373249054,0.40104153752326965,0.36339953541755676,0.02,0.30149945600000005,0.0,0.4323897659778595,0.9988369941711426,0.01044123899191618,0.11155980825424194,0.13237665593624115,0.26868361234664917,0.41125866770744324,0.4117067754268646,0.4323897659778595,0.4323897659778595,0.3358840048313141,0.21014311909675598,0.04953016713261604,0.02762376309773471,1691089.125,316,nan,-1.0,True,,False,0.05099974945187569,0.0,0.46653226017951965,10.0,10.0,1.0,0.0,0.0,0.0,1.0,0.0
355,1703200.875,250.4075927734375,0.0,0.5363109707832336,8513.4111328125,8513.4111328125,8513.4111328125,0.42466142773628235,0.42466142773628235,0.3869582712650299,0.3869582712650299,0.42466142773628235,0.3869582712650299,0.42466142773628235,0.3869582712650299,0.4016614258289337,0.3639582693576813,0.02,0.3008805,0.0,0.432992547750473,0.9987890720367432,0.010449765250086784,0.1090797483921051,0.1324419379234314,0.2686835527420044,0.41165396571159363,0.4121009111404419,0.432992547750473,0.432992547750473,0.3365720510482788,0.21083632111549377,0.04769441485404968,0.02700639265013807,1691089.125,316,nan,-1.0,True,,False,0.05099974945187569,0.0,0.46653226017951965,10.0,10.0,1.0,0.0,0.0,0.0,1.0,0.0
356,1702783.5,251.35289001464844,0.0,0.5432963371276855,8511.302734375,8511.302734375,8511.302734375,0.4254159927368164,0.4254159927368164,0.38764458894729614,0.38764458894729614,0.4254159927368164,0.38764458894729614,0.4254159927368164,0.38764458894729614,0.4024159908294678,0.3646445870399475,0.02,0.300264064,0.0,0.43372228741645813,0.9988154768943787,0.010441859252750874,0.10400769114494324,0.13253770768642426,0.26868361234664917,0.41211143136024475,0.41255709528923035,0.43372228741645813,0.43372228741645813,0.33733463287353516,0.21153508126735687,0.04593730717897415,0.02649004295461863,1691089.125,316,nan,-1.0,True,,False,0.05099974945187569,0.0,0.46653226017951965,10.0,10.0,1.0,0.0,0.0,0.0,1.0,0.0
357,1702280.375,252.41665649414062,0.0,0.5447559952735901,8508.7783203125,8508.7783203125,8508.7783203125,0.42625799775123596,0.42625799775123596,0.3884153962135315,0.3884153962135315,0.42625799775123596,0.3884153962135315,0.42625799775123596,0.3884153962135315,0.40325799584388733,0.36541539430618286,0.02,0.299650172,0.0,0.43453195691108704,0.9989115595817566,0.010459141805768013,0.1103520393371582,0.1327042281627655,0.26868361234664917,0.4126095175743103,0.4130531847476959,0.43453195691108704,0.43453195691108704,0.3382127583026886,0.21223954856395721,0.04427226260304451,0.026300169637478474,1691089.125,316,nan,-1.0,True,,False,0.05099974945187569,0.0,0.46653226017951965,10.0,10.0,1.0,0.0,0.0,0.0,1.0,0.0
358,1701646.375,253.66567993164062,0.0,0.5564431548118591,8505.572265625,8505.572265625,8505.572265625,0.4272283613681793,0.4272283613681793,0.3893183767795563,0.3893183767795563,0.4272283613681793,0.3893183767795563,0.4272283613681793,0.3893183767795563,0.4042283594608307,0.36631837487220764,0.02,0.299038848,0.0,0.43545860052108765,0.9989086985588074,0.010479466058313847,0.11137452721595764,0.13297170400619507,0.26868361234664917,0.4131641983985901,0.413605272769928,0.43545860052108765,0.43545860052108765,0.3391563296318054,0.21294961869716644,0.042712658643722534,0.025963697653625988,1691089.125,316,nan,-1.0,True,,False,0.05099974945187569,0.0,0.46653226017951965,10.0,10.0,1.0,0.0,0.0,0.0,1.0,0.0
359,1700545.375,255.21958923339844,0.0,0.5616813898086548,8500.046875,8500.046875,8500.046875,0.4284200966358185,0.4284200966358185,0.39043864607810974,0.39043864607810974,0.4284200966358185,0.39043864607810974,0.4284200966358185,0.39043864607810974,0.40542009472846985,0.3674386441707611,0.02,0.298430116,0.0,0.43659359216690063,0.9988206028938293,0.010501810349524021,0.10432195663452148,0.13319237530231476,0.2686835527420044,0.41384270787239075,0.41428142786026,0.436593621969223,0.436593621969223,0.3402511775493622,0.21366536617279053,0.04127386584877968,0.027557286812225357,1691089.125,316,nan,-1.0,True,,False,0.05099974945187569,0.0,0.46653226017951965,10.0,10.0,1.0,0.0,0.0,0.0,1.0,0.0
360,1699575.625,256.97125244140625,0.0,0.5676986575126648,8495.173828125,8495.173828125,8495.173828125,0.42978227138519287,0.42978227138519287,0.3916974365711212,0.3916974365711212,0.42978227138519287,0.3916974365711212,0.42978227138519287,0.3916974365711212,0.40678226947784424,0.3686974346637726,0.02,0.297824,0.0,0.4378871023654938,0.9987854957580566,0.010517872869968414,0.11193394660949707,0.13332562148571014,0.26868361234664917,0.41463273763656616,0.4150698781013489,0.4378871023654938,0.4378871023654938,0.3416464626789093,0.214389368891716,0.03997031971812248,0.026437097549205646,1691089.125,316,nan,-1.0,True,,False,0.05099974945187569,0.0,0.46653226017951965,10.0,10.0,1.0,0.0,0.0,0.0,1.0,0.0
361,1699960.75,259.1886901855469,0.0,0.576580286026001,8497.06640625,8497.06640625,8497.06640625,0.4315183460712433,0.4315183460712433,0.39328479766845703,0.39328479766845703,0.4315183460712433,0.39328479766845703,0.4315183460712433,0.39328479766845703,0.40851834416389465,0.3702847957611084,0.02,0.297220524,0.0,0.43953752517700195,0.9988101720809937,0.010530602186918259,0.10731828212738037,0.133329376578331,0.26868361234664917,0.4157348871231079,0.4161708950996399,0.43953752517700195,0.43953752517700195,0.34342649579048157,0.21512095630168915,0.038826968520879745,0.023374796327617433,1691089.125,316,nan,-1.0,True,,False,0.05099974945187569,0.0,0.46653226017951965,10.0,10.0,1.0,0.0,0.0,0.0,1.0,0.0
362,1700371.125,262.4544982910156,0.0,0.579764187335968,8499.09375,8499.09375,8499.09375,0.4340026080608368,0.4340026080608368,0.3956102728843689,0.3956102728843689,0.4340026080608368,0.3956102728843689,0.4340026080608368,0.3956102728843689,0.41100260615348816,0.37261027097702026,0.02,0.29661971200000004,0.0,0.44190242886543274,0.9988859295845032,0.010574420914053917,0.10627073049545288,0.13328711688518524,0.2686835527420044,0.417349249124527,0.41778305172920227,0.44190242886543274,0.44190242886543274,0.34612521529197693,0.21585404872894287,0.037860289216041565,0.025080153173702355,1691089.125,316,nan,-1.0,True,,False,0.05099974945187569,0.0,0.46653226017951965,10.0,10.0,1.0,0.0,0.0,0.0,1.0,0.0
363,1700803.375,265.96014404296875,0.0,0.5909214019775391,8501.2099609375,8501.2099609375,8501.2099609375,0.4366212487220764,0.4366212487220764,0.39809057116508484,0.39809057116508484,0.4366212487220764,0.39809057116508484,0.4366212487220764,0.39809057116508484,0.4136212468147278,0.3750905692577362,0.02,0.296021588,0.0,0.4443868100643158,0.9989272356033325,0.010618637315928936,0.10700339078903198,0.13334263861179352,0.26868361234664917,0.4190187156200409,0.4194493591785431,0.4443868100643158,0.4443868100643158,0.3492410182952881,0.2166040986776352,0.037153664976358414,0.022286251062824804,1691089.125,316,nan,-1.0,True,,False,0.05099974945187569,0.0,0.46653226017951965,10.0,10.0,1.0,0.0,0.0,0.0,1.0,0.0
364,1701033.5,268.5799865722656,0.0,0.5979356169700623,8502.330078125,8502.330078125,8502.330078125,0.43850287795066833,0.43850287795066833,0.39993342757225037,0.39993342757225037,0.43850287795066833,0.39993342757225037,0.43850287795066833,0.39993342757225037,0.4155028760433197,0.37693342566490173,0.02,0.295426176,0.0,0.4461587071418762,0.99885094165802,0.010667342692613602,0.11061391234397888,0.1335153579711914,0.26868361234664917,0.41997238993644714,0.42040500044822693,0.4461587071418762,0.4461587071418762,0.35157978534698486,0.2173561304807663,0.03670024126768112,0.018416642523435358,1691089.125,316,nan,-1.0,True,,False,0.05099974945187569,0.0,0.46653226017951965,10.0,10.0,1.0,0.0,0.0,0.0,1.0,0.0
365,1701121.875,269.2837829589844,0.0,0.6010811924934387,8502.759765625,8502.759765625,8502.759765625,0.4390113949775696,0.4390113949775696,0.400426983833313,0.400426983833313,0.4390113949775696,0.400426983833313,0.4390113949775696,0.400426983833313,0.41601139307022095,0.37742698192596436,0.02,0.2948335,0.0,0.4466096758842468,0.9988515973091125,0.010664896108210087,0.1003628671169281,0.13368870317935944,0.2686835527420044,0.4199284613132477,0.4203610122203827,0.4466096758842468,0.4466096758842468,0.3524901866912842,0.21808651089668274,0.03662484511733055,0.03149964374380135,1691089.125,316,nan,-1.0,True,,False,0.05099974945187569,0.0,0.46653226017951965,10.0,10.0,1.0,0.0,0.0,0.0,1.0,0.0
366,1700959.75,268.23309326171875,0.0,0.6094176173210144,8501.93359375,8501.93359375,8501.93359375,0.4384187161922455,0.4384187161922455,0.3996899425983429,0.3996899425983429,0.4384187161922455,0.3996899425983429,0.4384187161922455,0.3996899425983429,0.41541871428489685,0.37668994069099426,0.02,0.294243584,0.0,0.44600269198417664,0.9988523721694946,0.010662084445357323,0.09987309575080872,0.13324733078479767,0.2686835527420044,0.4193532168865204,0.41978585720062256,0.44600269198417664,0.44600269198417664,0.35222339630126953,0.2187958061695099,0.03685249015688896,0.028794869263139036,1691089.125,316,nan,-1.0,True,,False,0.05099974945187569,0.0,0.46653226017951965,10.0,10.0,1.0,0.0,0.0,0.0,1.0,0.0
367,1700806.75,266.5238952636719,0.0,0.6132829785346985,8501.16796875,8501.16796875,8501.16796875,0.43691542744636536,0.43691542744636536,0.3984878957271576,0.3984878957271576,0.43691542744636536,0.3984878957271576,0.43691542744636536,0.3984878957271576,0.4139154255390167,0.37548789381980896,0.02,0.293656452,0.0,0.4445212185382843,0.9988531470298767,0.010621452704071999,0.09953111410140991,0.1330767124891281,0.26868361234664917,0.41848814487457275,0.4189208149909973,0.4445212185382843,0.4445212185382843,0.35135483741760254,0.2195037603378296,0.03723372519016266,0.024940199579254516,1691089.125,316,nan,-1.0,True,,False,0.05099974945187569,0.0,0.46653226017951965,10.0,10.0,1.0,0.0,0.0,0.0,1.0,0.0
368,1700726.625,264.7685241699219,0.0,0.6127089858055115,8500.77734375,8500.77734375,8500.77734375,0.4350827932357788,0.4350827932357788,0.39724934101104736,0.39724934101104736,0.4350827932357788,0.39724934101104736,0.4350827932357788,0.39724934101104736,0.4120827913284302,0.37424933910369873,0.02,0.29307212800000004,0.0,0.44272589683532715,0.9988535642623901,0.010561095550656319,0.10342293977737427,0.13333091139793396,0.2686835825443268,0.4175380766391754,0.41797080636024475,0.44272589683532715,0.44272589683532715,0.35038232803344727,0.22020931541919708,0.037740353494882584,0.021847038143379096,1691089.125,316,nan,-1.0,True,,False,0.05099974945187569,0.0,0.46653226017951965,10.0,10.0,1.0,0.0,0.0,0.0,1.0,0.0
369,1700705.25,262.3912048339844,0.0,0.6170815229415894,8500.671875,8500.671875,8500.671875,0.43306079506874084,0.43306079506874084,0.39556536078453064,0.39556536078453064,0.43306079506874084,0.39556536078453064,0.43306079506874084,0.39556536078453064,0.4100607931613922,0.372565358877182,0.02,0.292490636,0.0,0.4407540559768677,0.9988542199134827,0.010514907538890839,0.09629428386688232,0.13314568996429443,0.2686835527420044,0.4165034592151642,0.4169367551803589,0.4407540559768677,0.4407540559768677,0.3494759798049927,0.22090677917003632,0.03833569213747978,0.027757891361640457,1691089.125,316,nan,-1.0,True,,False,0.05099974945187569,0.0,0.46653226017951965,10.0,10.0,1.0,0.0,0.0,0.0,1.0,0.0
370,1700445.625,260.8328857421875,0.0,0.6188471913337708,8499.376953125,8499.376953125,8499.376953125,0.43187496066093445,0.43187496066093445,0.3944573998451233,0.3944573998451233,0.43187496066093445,0.3944573998451233,0.43187496066093445,0.3944573998451233,0.4088749587535858,0.37145739793777466,0.02,0.291912,0.0,0.43960249423980713,0.9988546371459961,0.010503063909709454,0.09636029601097107,0.13313764333724976,0.26868361234664917,0.4157285988330841,0.41616353392601013,0.43960249423980713,0.43960249423980713,0.34908804297447205,0.22157812118530273,0.03900378942489624,0.025076564260719653,1691089.125,316,nan,-1.0,True,,False,0.05099974945187569,0.0,0.46653226017951965,10.0,10.0,1.0,0.0,0.0,0.0,1.0,0.0
371,1700417.875,261.08203125,0.0,0.6214216351509094,8499.23046875,8499.23046875,8499.23046875,0.4320605993270874,0.4320605993270874,0.39463475346565247,0.39463475346565247,0.4320605993270874,0.39463475346565247,0.4320605993270874,0.39463475346565247,0.40906059741973877,0.37163475155830383,0.02,0.291336244,0.0,0.43979209661483765,0.9988551735877991,0.010499423369765282,0.09649801254272461,0.1329256147146225,0.2686835825443268,0.4158143103122711,0.41625070571899414,0.43979206681251526,0.43979206681251526,0.3493787348270416,0.22220908105373383,0.037374041974544525,0.028603409926290624,1691089.125,316,nan,-1.0,True,,False,0.05099974945187569,0.0,0.46653226017951965,10.0,10.0,1.0,0.0,0.0,0.0,1.0,0.0
372,1700110.75,261.3761291503906,0.0,0.6272403597831726,8497.6787109375,8497.6787109375,8497.6787109375,0.43226274847984314,0.43226274847984314,0.39484402537345886,0.39484402537345886,0.43226274847984314,0.39484402537345886,0.43226274847984314,0.39484402537345886,0.4092627465724945,0.37184402346611023,0.02,0.290763392,0.0,0.4399973452091217,0.9988918304443359,0.010509510524570942,0.10128113627433777,0.13286033272743225,0.268683522939682,0.4159078001976013,0.4163461923599243,0.4399973452091217,0.4399973452091217,0.3497176468372345,0.22284714877605438,0.034768227487802505,0.027385287879345317,1691089.125,316,nan,-1.0,True,,False,0.05099974945187569,0.0,0.46653226017951965,10.0,10.0,1.0,0.0,0.0,0.0,1.0,0.0
373,1700040.25,261.7203369140625,0.0,0.6367059946060181,8497.30078125,8497.30078125,8497.30078125,0.43245649337768555,0.43245649337768555,0.395088791847229,0.395088791847229,0.43245649337768555,0.395088791847229,0.43245649337768555,0.395088791847229,0.4094564914703369,0.37208878993988037,0.02,0.290193468,0.0,0.4401934742927551,0.9988559484481812,0.01051858440041542,0.10197710990905762,0.13306915760040283,0.26868361234664917,0.41600024700164795,0.41644084453582764,0.4401934742927551,0.4401934742927551,0.3500170111656189,0.2234925776720047,0.0321522057056427,0.026163555424621638,1691089.125,316,nan,-1.0,True,,False,0.05099974945187569,0.0,0.46653226017951965,10.0,10.0,1.0,0.0,0.0,0.0,1.0,0.0
374,1699716.0,262.1791687011719,0.0,0.6429092288017273,8495.662109375,8495.662109375,8495.662109375,0.4327470660209656,0.4327470660209656,0.395414799451828,0.395414799451828,0.4327470660209656,0.395414799451828,0.4327470660209656,0.395414799451828,0.40974706411361694,0.37241479754447937,0.02,0.289626496,0.0,0.44048187136650085,0.9988560676574707,0.01052604615688324,0.10203859210014343,0.13314786553382874,0.2686835825443268,0.4161776602268219,0.41662031412124634,0.44048187136650085,0.44048187136650085,0.35032013058662415,0.22414521872997284,0.029526228085160255,0.02388553859459029,1691089.125,316,nan,-1.0,True,,False,0.05099974945187569,0.0,0.46653226017951965,10.0,10.0,1.0,0.0,0.0,0.0,1.0,0.0
375,1699018.75,262.603515625,0.0,0.642859160900116,8492.173828125,8492.173828125,8492.173828125,0.43304869532585144,0.43304869532585144,0.3957160413265228,0.3957160413265228,0.43304869532585144,0.3957160413265228,0.43304869532585144,0.3957160413265228,0.4100486934185028,0.3727160394191742,0.02,0.2890625,0.0,0.44078052043914795,0.9988559484481812,0.010536105372011662,0.10096335411071777,0.13296766579151154,0.26868361234664917,0.4163585901260376,0.41680413484573364,0.44078052043914795,0.44078052043914795,0.3506360352039337,0.22480420768260956,0.026892485097050667,0.02406441137039413,1691089.125,316,nan,-1.0,True,,False,0.05099974945187569,0.0,0.46653226017951965,10.0,10.0,1.0,0.0,0.0,0.0,1.0,0.0
376,1698178.0,263.17352294921875,0.0,0.6426806449890137,8487.9677734375,8487.9677734375,8487.9677734375,0.43344414234161377,0.43344414234161377,0.3961203694343567,0.3961203694343567,0.43344414234161377,0.3961203694343567,0.43344414234161377,0.3961203694343567,0.41044414043426514,0.37312036752700806,0.02,0.28850150399999996,0.0,0.4411695897579193,0.9988561272621155,0.01053884532302618,0.10110422968864441,0.13300801813602448,0.2686835527420044,0.41661810874938965,0.41706642508506775,0.4411695897579193,0.4411695897579193,0.35092103481292725,0.2254417985677719,0.024311814457178116,0.02339108246572626,1691089.125,316,nan,-1.0,True,,False,0.05099974945187569,0.0,0.46653226017951965,10.0,10.0,1.0,0.0,0.0,0.0,1.0,0.0
377,1698646.125,263.80499267578125,0.0,0.6424447298049927,8490.3056640625,8490.3056640625,8490.3056640625,0.43387845158576965,0.43387845158576965,0.3965677320957184,0.3965677320957184,0.43387845158576965,0.3965677320957184,0.43387845158576965,0.3965677320957184,0.410878449678421,0.37356773018836975,0.02,0.287943532,0.0,0.4415956139564514,0.9988563060760498,0.010552563704550266,0.09930232167243958,0.13319405913352966,0.26868361234664917,0.41690564155578613,0.4173566401004791,0.4415956139564514,0.4415956139564514,0.3512662351131439,0.22607989609241486,0.02173859439790249,0.02069852037109538,1691089.125,316,nan,-1.0,True,,False,0.05099974945187569,0.0,0.46653226017951965,10.0,10.0,1.0,0.0,0.0,0.0,1.0,0.0
378,1698810.625,264.8658142089844,0.0,0.6428853869438171,8491.1220703125,8491.1220703125,8491.1220703125,0.43464887142181396,0.43464887142181396,0.3973180651664734,0.3973180651664734,0.43464887142181396,0.3973180651664734,0.43464887142181396,0.3973180651664734,0.41164886951446533,0.37431806325912476,0.02,0.287388608,0.0,0.44234833121299744,0.9988564252853394,0.010575050488114357,0.09948417544364929,0.13332276046276093,0.2686835527420044,0.41749364137649536,0.4179478585720062,0.44234833121299744,0.44234833121299744,0.35166555643081665,0.22671742737293243,0.019178329035639763,0.031480354104941294,1691089.125,316,nan,-1.0,True,,False,0.05099974945187569,0.0,0.46653226017951965,10.0,10.0,1.0,0.0,0.0,0.0,1.0,0.0
379,1698748.0,266.3099060058594,0.0,0.6422995924949646,8490.802734375,8490.802734375,8490.802734375,0.43573713302612305,0.43573713302612305,0.39833709597587585,0.39833709597587585,0.43573713302612305,0.39833709597587585,0.43573713302612305,0.39833709597587585,0.4127371311187744,0.3753370940685272,0.02,0.286836756,0.0,0.44341108202934265,0.9988566637039185,0.010599608533084393,0.10089918971061707,0.13319812715053558,0.2686835527420044,0.4183192849159241,0.4187765121459961,0.44341108202934265,0.44341108202934265,0.3521381914615631,0.22735655307769775,0.016633465886116028,0.02476840957630581,1691089.125,316,nan,-1.0,True,,False,0.05099974945187569,0.0,0.46653226017951965,10.0,10.0,1.0,0.0,0.0,0.0,1.0,0.0
380,1698188.25,267.9583740234375,0.0,0.6412556767463684,8487.998046875,8487.998046875,8487.998046875,0.4369778037071228,0.4369778037071228,0.39949700236320496,0.39949700236320496,0.4369778037071228,0.39949700236320496,0.4369778037071228,0.39949700236320496,0.41397780179977417,0.3764970004558563,0.02,0.286288,0.0,0.4446234405040741,0.9988568425178528,0.010640168562531471,0.1056872010231018,0.13340350985527039,0.26868361234664917,0.4192548990249634,0.4197153151035309,0.4446234405040741,0.4446234405040741,0.35274529457092285,0.22799642384052277,0.014112643897533417,0.023714750651076127,1691089.125,316,nan,-1.0,True,,False,0.05099974945187569,0.0,0.46653226017951965,10.0,10.0,1.0,0.0,0.0,0.0,1.0,0.0
381,1698049.875,279.8670349121094,0.0,0.6430580019950867,8487.2421875,8487.2421875,8487.2421875,0.44520699977874756,0.44520699977874756,0.4077722430229187,0.4077722430229187,0.44520699977874756,0.4077722430229187,0.44520699977874756,0.4077722430229187,0.4222069978713989,0.38477224111557007,0.02,0.28574236399999997,0.0,0.45260655879974365,0.9988568425178528,0.010814730077981949,0.10699924826622009,0.1341215819120407,0.2686834931373596,0.42531195282936096,0.4257763624191284,0.45260655879974365,0.45260655879974365,0.35512444376945496,0.2286304533481598,0.011741620488464832,0.024441611425976992,1691089.125,316,nan,-1.0,True,,False,0.05099974945187569,0.0,0.46653226017951965,10.0,10.0,1.0,0.0,0.0,0.0,1.0,0.0
382,1698073.0,270.2301025390625,0.0,0.6430500745773315,8487.40625,8487.40625,8487.40625,0.43868449330329895,0.43868449330329895,0.40108954906463623,0.40108954906463623,0.43868449330329895,0.40108954906463623,0.43868449330329895,0.40108954906463623,0.4156844913959503,0.3780895471572876,0.02,0.28519987199999997,0.0,0.4463045001029968,0.9988569617271423,0.010690247640013695,0.10207343101501465,0.13362866640090942,0.2686834931373596,0.4203433096408844,0.420807808637619,0.4463045299053192,0.4463045299053192,0.3535972833633423,0.2292288988828659,0.01007307693362236,0.02427855798547777,1691089.125,316,nan,-1.0,True,,False,0.05099974945187569,0.0,0.46653226017951965,10.0,10.0,1.0,0.0,0.0,0.0,1.0,0.0
383,1697687.75,272.4483642578125,0.021727463230490685,0.6415825486183167,8485.41796875,8485.41796875,8485.41796875,0.44034093618392944,0.44034093618392944,0.4026382267475128,0.4026382267475128,0.44034093618392944,0.4026382267475128,0.44034093618392944,0.4026382267475128,0.4173409342765808,0.3796382248401642,0.02,0.28466054799999996,0.0,0.44792625308036804,0.9988570213317871,0.01071033626794815,0.10318726301193237,0.13370144367218018,0.2686835527420044,0.4216184616088867,0.4220851957798004,0.44792625308036804,0.44792625308036804,0.3534955382347107,0.2298223078250885,0.008525975979864597,0.023338538374648325,1691089.125,316,nan,-1.0,True,,False,0.05099974945187569,0.0,0.46653226017951965,10.0,10.0,1.0,0.0,0.0,0.0,1.0,0.0
384,1697406.625,272.193359375,0.0842566043138504,0.6401413083076477,8483.861328125,8483.861328125,8483.861328125,0.4402398467063904,0.4402398467063904,0.402460515499115,0.402460515499115,0.4402398467063904,0.402460515499115,0.4402398467063904,0.402460515499115,0.41723984479904175,0.37946051359176636,0.02,0.284124416,0.0,0.447848379611969,0.9988570213317871,0.010728305205702782,0.0988588035106659,0.13398070633411407,0.2686835825443268,0.4214806854724884,0.42194896936416626,0.447848379611969,0.447848379611969,0.3529917895793915,0.23041103780269623,0.007097301073372364,0.02047614405940597,1691089.125,316,nan,-1.0,True,,False,0.05099974945187569,0.0,0.46653226017951965,10.0,10.0,1.0,0.0,0.0,0.0,0.0,0.0
385,1697831.875,271.96185302734375,0.17733217775821686,0.6396598815917969,8485.7568359375,8485.7568359375,8485.7568359375,0.44024714827537537,0.44024714827537537,0.40229910612106323,0.40229910612106323,0.44024714827537537,0.40229910612106323,0.44024714827537537,0.40229910612106323,0.41724714636802673,0.3792991042137146,0.02,0.2835915,0.0,0.4478771388530731,0.9988572001457214,0.010729034431278706,0.09980756044387817,0.133950337767601,0.2686835825443268,0.42156651616096497,0.42203566431999207,0.4478771388530731,0.4478771388530731,0.35190027952194214,0.23099489510059357,0.005788917187601328,0.020960127679346543,1691089.125,316,nan,-1.0,True,,False,0.05099974945187569,0.0,0.46653226017951965,10.0,10.0,1.0,0.0,0.0,0.0,0.0,0.0
386,1699039.0,271.938720703125,0.2906533479690552,0.6442579627037048,8491.498046875,8491.498046875,8491.498046875,0.4402449131011963,0.4402449131011963,0.4022829830646515,0.4022829830646515,0.4402449131011963,0.4022829830646515,0.4402449131011963,0.4022829830646515,0.41724491119384766,0.37928298115730286,0.02,0.283061824,0.0,0.44789794087409973,0.9988572597503662,0.010715874843299389,0.10371816158294678,0.13390421867370605,0.2686835825443268,0.4218047857284546,0.42227476835250854,0.44789794087409973,0.44789794087409973,0.34966811537742615,0.23157434165477753,0.004608772229403257,0.02661015176919237,1691089.125,316,nan,-1.0,True,,False,0.05099974945187569,0.0,0.46653226017951965,10.0,10.0,1.0,0.0,0.0,0.0,0.0,0.0
387,1698226.875,270.8757019042969,0.4127158224582672,0.6507710814476013,8487.12109375,8487.12109375,8487.12109375,0.4394487738609314,0.4394487738609314,0.40154093503952026,0.40154093503952026,0.4394487738609314,0.40154093503952026,0.4394487738609314,0.40154093503952026,0.41644877195358276,0.37854093313217163,0.02,0.282535412,0.0,0.4471549391746521,0.9988603591918945,0.010724755935370922,0.10250383615493774,0.13408401608467102,0.2686835825443268,0.42114391922950745,0.421614408493042,0.4471549391746521,0.4471549391746521,0.34773561358451843,0.23215070366859436,0.0035757035948336124,0.022206010824043512,1691089.125,316,nan,-1.0,True,,False,0.05099974945187569,0.0,0.46653226017951965,10.0,10.0,1.0,0.0,0.0,0.0,0.0,0.0
388,1698099.875,271.0201110839844,0.5279655456542969,0.6554192900657654,8486.185546875,8486.185546875,8486.185546875,0.43951931595802307,0.43951931595802307,0.401641845703125,0.401641845703125,0.43951931595802307,0.401641845703125,0.43951931595802307,0.401641845703125,0.41651931405067444,0.37864184379577637,0.02,0.282012288,0.0,0.44725361466407776,0.9989220499992371,0.010709171183407307,0.10048246383666992,0.13353848457336426,0.2686835825443268,0.42087996006011963,0.42135095596313477,0.44725361466407776,0.44725361466407776,0.34374377131462097,0.23272375762462616,0.0027338757645338774,0.02362418606288783,1691089.125,316,nan,-1.0,True,,False,0.05099974945187569,0.0,0.46653226017951965,10.0,10.0,1.0,0.0,0.0,0.0,0.0,0.0
389,1698030.0,270.8650817871094,0.6120725870132446,0.6591392755508423,8485.6171875,8485.6171875,8485.6171875,0.43940961360931396,0.43940961360931396,0.4015335142612457,0.4015335142612457,0.43940961360931396,0.4015335142612457,0.43940961360931396,0.4015335142612457,0.41640961170196533,0.3785335123538971,0.02,0.281492476,0.0,0.44717878103256226,0.9988901019096375,0.01070842519402504,0.1033862829208374,0.13286282122135162,0.26868361234664917,0.42023319005966187,0.4207042455673218,0.44717878103256226,0.44717878103256226,0.3401847183704376,0.23328089714050293,0.0021764934062957764,0.019997853009651106,1691089.125,316,nan,-1.0,True,,False,0.05099974945187569,0.0,0.46653226017951965,10.0,10.0,1.0,0.0,0.0,0.0,0.0,0.0
390,1697695.5,270.5415954589844,0.6844105124473572,0.6580399870872498,8483.7685546875,8483.7685546875,8483.7685546875,0.439187228679657,0.439187228679657,0.40130743384361267,0.40130743384361267,0.439187228679657,0.40130743384361267,0.439187228679657,0.40130743384361267,0.41618722677230835,0.37830743193626404,0.02,0.280976,0.0,0.44699332118034363,0.9989474415779114,0.010708285495638847,0.10052001476287842,0.13295654952526093,0.2686835825443268,0.42000043392181396,0.42047208547592163,0.44699332118034363,0.44699332118034363,0.3402012288570404,0.23380513489246368,0.001727089285850525,0.015014988630557329,1691089.125,316,nan,-1.0,True,,False,0.05099974945187569,0.0,0.46653226017951965,10.0,10.0,1.0,0.0,0.0,0.0,0.0,0.0
391,1697911.375,273.3646545410156,0.7542227506637573,0.6578729152679443,8484.66015625,8484.66015625,8484.66015625,0.4408452808856964,0.4408452808856964,0.40327608585357666,0.40327608585357666,0.4408452808856964,0.40327608585357666,0.4408452808856964,0.40327608585357666,0.4178452789783478,0.380276083946228,0.02,0.28046288399999997,0.0,0.44863465428352356,0.9988742470741272,0.01074505876749754,0.11689287424087524,0.1319202333688736,0.2686835825443268,0.42027923464775085,0.4207511842250824,0.44863462448120117,0.44863462448120117,0.3386099338531494,0.23433195054531097,0.0013154000043869019,0.01922858007310424,1691089.125,316,nan,-1.0,True,,False,0.05099974945187569,0.0,0.46653226017951965,10.0,10.0,1.0,0.0,0.0,0.0,0.0,0.0
392,1698024.125,273.2337951660156,0.8213796615600586,0.6554635763168335,8485.0625,8485.0625,8485.0625,0.4407724440097809,0.4407724440097809,0.40318506956100464,0.40318506956100464,0.4407724440097809,0.40318506956100464,0.4407724440097809,0.40318506956100464,0.41777244210243225,0.380185067653656,0.02,0.279953152,0.0,0.44859442114830017,0.998857855796814,0.010739786550402641,0.11991658806800842,0.131973996758461,0.2686835527420044,0.42010506987571716,0.42057743668556213,0.44859442114830017,0.44859442114830017,0.3383406102657318,0.2348611205816269,0.0009369999170303345,0.015055643879653266,1691089.125,316,nan,-1.0,True,,False,0.05099974945187569,0.0,0.46653226017951965,10.0,10.0,1.0,0.0,0.0,0.0,0.0,0.0
393,1697915.75,268.7811584472656,0.8967742323875427,0.6513625979423523,8484.3642578125,8484.3642578125,8484.3642578125,0.43672627210617065,0.43672627210617065,0.4000745713710785,0.4000745713710785,0.43672627210617065,0.4000745713710785,0.43672627210617065,0.4000745713710785,0.413726270198822,0.37707456946372986,0.02,0.279446828,0.0,0.44471001625061035,0.9988580346107483,0.010633665136992931,0.10723286867141724,0.13109268248081207,0.26868361234664917,0.41724106669425964,0.41771066188812256,0.44471001625061035,0.44471001625061035,0.3399007320404053,0.23538894951343536,0.0005301833152770996,0.023188933864326425,1691089.125,316,nan,-1.0,True,,False,0.05099974945187569,0.0,0.46653226017951965,10.0,10.0,1.0,0.0,0.0,0.0,0.0,0.0
394,1697276.875,262.8705139160156,0.9696183800697327,0.6515178680419922,8481.0166015625,8481.0166015625,8481.0166015625,0.4328577220439911,0.4328577220439911,0.395905464887619,0.395905464887619,0.4328577220439911,0.395905464887619,0.4328577220439911,0.395905464887619,0.40985772013664246,0.3729054629802704,0.02,0.278943936,0.0,0.44099459052085876,0.9988582134246826,0.010559102520346642,0.11296796798706055,0.13070936501026154,0.26868361234664917,0.4137844443321228,0.4142542779445648,0.44099459052085876,0.44099459052085876,0.3427160382270813,0.2359193116426468,0.00015307962894439697,0.025619564050834417,1691089.125,316,nan,-1.0,True,,False,0.05099974945187569,0.0,0.46653226017951965,10.0,10.0,1.0,0.0,0.0,0.0,0.0,0.0
395,1697819.875,263.1316833496094,0.9529399871826172,0.655035674571991,8483.763671875,8483.763671875,8483.763671875,0.4330471456050873,0.4330471456050873,0.39609071612358093,0.39609071612358093,0.4330471456050873,0.39609071612358093,0.4330471456050873,0.39609071612358093,0.41004714369773865,0.3730907142162323,0.02,0.2784445,0.0,0.44121286273002625,0.9988584518432617,0.010554409585893154,0.1030033528804779,0.1307108998298645,0.26868361234664917,0.41380324959754944,0.4142725467681885,0.44121286273002625,0.44121286273002625,0.3423173427581787,0.23644807934761047,0.0002381354570388794,0.010011723090428859,1691089.125,316,nan,-1.0,True,,False,0.05099974945187569,0.0,0.46653226017951965,10.0,10.0,1.0,0.0,0.0,0.0,0.0,0.0
396,1697733.875,270.652099609375,0.8730042576789856,0.661243736743927,8483.48046875,8483.48046875,8483.48046875,0.4380496144294739,0.4380496144294739,0.4013846814632416,0.4013846814632416,0.4380496144294739,0.4013846814632416,0.4380496144294739,0.4013846814632416,0.41504961252212524,0.37838467955589294,0.02,0.277948544,0.0,0.4460970163345337,0.9988587498664856,0.010673588141798973,0.10812431573867798,0.13071106374263763,0.26868361234664917,0.4178003668785095,0.4182707965373993,0.4460970163345337,0.4460970163345337,0.3379935026168823,0.2369750738143921,0.0006565302610397339,0.015434315508981753,1691089.125,316,nan,-1.0,True,,False,0.05099974945187569,0.0,0.46653226017951965,10.0,10.0,1.0,0.0,0.0,0.0,0.0,0.0
397,1697678.25,273.7259826660156,0.7918552756309509,0.6648425459861755,8483.380859375,8483.380859375,8483.380859375,0.4406564235687256,0.4406564235687256,0.40352731943130493,0.40352731943130493,0.4406564235687256,0.40352731943130493,0.4406564235687256,0.40352731943130493,0.41765642166137695,0.3805273175239563,0.02,0.277456092,0.0,0.4486539959907532,0.9988591074943542,0.010718892328441143,0.1134016215801239,0.13138490915298462,0.26868361234664917,0.4190634489059448,0.4195352792739868,0.44865402579307556,0.44865402579307556,0.3368786573410034,0.237500861287117,0.001101374626159668,0.01763894741695064,1691089.125,316,nan,-1.0,True,,False,0.05099974945187569,0.0,0.46653226017951965,10.0,10.0,1.0,0.0,0.0,0.0,0.0,0.0
398,1697362.75,271.6716003417969,0.7101890444755554,0.6661266684532166,8482.0146484375,8482.0146484375,8482.0146484375,0.4399626851081848,0.4399626851081848,0.4020966589450836,0.4020966589450836,0.4399626851081848,0.4020966589450836,0.4399626851081848,0.4020966589450836,0.4169626832008362,0.379096657037735,0.02,0.276967168,0.0,0.4480055570602417,0.9988776445388794,0.010710169561207294,0.11420595645904541,0.13128122687339783,0.26868361234664917,0.41879451274871826,0.4192661941051483,0.4480055570602417,0.4480055570602417,0.33642852306365967,0.23802530765533447,0.001572728157043457,0.026634935528919514,1691089.125,316,nan,-1.0,True,,False,0.05099974945187569,0.0,0.46653226017951965,10.0,10.0,1.0,0.0,0.0,0.0,0.0,0.0
399,1697478.875,270.4381408691406,0.6299421787261963,0.6710377931594849,8482.7900390625,8482.7900390625,8482.7900390625,0.4391399025917053,0.4391399025917053,0.40123507380485535,0.40123507380485535,0.4391399025917053,0.40123507380485535,0.4391399025917053,0.40123507380485535,0.4161399006843567,0.3782350718975067,0.02,0.276481796,0.0,0.44723033905029297,0.9989169836044312,0.010691925883293152,0.10955363512039185,0.13153941929340363,0.2686835825443268,0.4183483123779297,0.41882017254829407,0.44723033905029297,0.44723033905029297,0.33654266595840454,0.23854927718639374,0.0020631104707717896,0.018479126660774153,1691089.125,316,nan,-1.0,True,,False,0.05099974945187569,0.0,0.46653226017951965,10.0,10.0,1.0,0.0,0.0,0.0,0.0,0.0
400,1697705.625,269.6769714355469,0.5502209663391113,0.6756739020347595,8484.115234375,8484.115234375,8484.115234375,0.4386036992073059,0.4386036992073059,0.40070241689682007,0.40070241689682007,0.4386036992073059,0.40070241689682007,0.4386036992073059,0.40070241689682007,0.4156036972999573,0.37770241498947144,0.02,0.27599999999999997,0.0,0.44673073291778564,0.9988604784011841,0.010677894577383995,0.1070612370967865,0.1314508467912674,0.26868361234664917,0.41792044043540955,0.4183928370475769,0.44673073291778564,0.44673073291778564,0.3366048038005829,0.23907044529914856,0.0025823116302490234,0.014724353979949633,1691089.125,316,nan,-1.0,True,,False,0.05099974945187569,0.0,0.46653226017951965,10.0,10.0,1.0,0.0,0.0,0.0,0.0,0.0
401,1697773.875,269.1372375488281,0.4718353748321533,0.6743513345718384,8484.658203125,8484.658203125,8484.658203125,0.4381982684135437,0.4381982684135437,0.4003242552280426,0.4003242552280426,0.4381982684135437,0.4003242552280426,0.4381982684135437,0.4003242552280426,0.41519826650619507,0.37732425332069397,0.02,0.275521804,0.0,0.4463540017604828,0.9988610148429871,0.010674736462533474,0.10835349559783936,0.131418839097023,0.2686835825443268,0.41751766204833984,0.4179912507534027,0.4463540017604828,0.4463540017604828,0.3365165889263153,0.23958949744701385,0.003130972385406494,0.02017544078343134,1691089.125,316,nan,-1.0,True,,False,0.05099974945187569,0.0,0.46653226017951965,10.0,10.0,1.0,0.0,0.0,0.0,0.0,0.0
402,1697773.875,268.76025390625,0.396272748708725,0.6733788847923279,8484.8515625,8484.8515625,8484.8515625,0.43787500262260437,0.43787500262260437,0.40005990862846375,0.40005990862846375,0.43787500262260437,0.40005990862846375,0.43787500262260437,0.40005990862846375,0.41487500071525574,0.3770599067211151,0.02,0.275047232,0.0,0.44605541229248047,0.9988616108894348,0.010670511052012444,0.1081233024597168,0.1314307004213333,0.26868361234664917,0.41714367270469666,0.41761869192123413,0.44605541229248047,0.44605541229248047,0.3363519608974457,0.24010677635669708,0.0037049800157546997,0.02031294325489499,1691089.125,316,nan,-1.0,True,,False,0.05099974945187569,0.0,0.46653226017951965,10.0,10.0,1.0,0.0,0.0,0.0,0.0,0.0
403,1697843.25,268.3843078613281,0.3241718113422394,0.6749941110610962,8485.3759765625,8485.3759765625,8485.3759765625,0.43757933378219604,0.43757933378219604,0.39979609847068787,0.39979609847068787,0.43757933378219604,0.39979609847068787,0.43757933378219604,0.39979609847068787,0.4145793318748474,0.37679609656333923,0.02,0.274576308,0.0,0.445783406496048,0.9988622069358826,0.010667730122804642,0.11076843738555908,0.13116368651390076,0.26868361234664917,0.4167844355106354,0.4172607362270355,0.445783406496048,0.445783406496048,0.3361418545246124,0.24062155187129974,0.004306390881538391,0.0217003702629073,1691089.125,316,nan,-1.0,True,,False,0.05099974945187569,0.0,0.46653226017951965,10.0,10.0,1.0,0.0,0.0,0.0,0.0,0.0
404,1697904.0,267.9453430175781,0.2565486431121826,0.6754147410392761,8485.8505859375,8485.8505859375,8485.8505859375,0.4372083246707916,0.4372083246707916,0.39948782324790955,0.39948782324790955,0.4372083246707916,0.39948782324790955,0.4372083246707916,0.39948782324790955,0.414208322763443,0.3764878213405609,0.02,0.274109056,0.0,0.4454385042190552,0.9988629221916199,0.010658681392669678,0.10639098286628723,0.13109606504440308,0.2686835527420044,0.41637662053108215,0.41685351729393005,0.4454385042190552,0.4454385042190552,0.3361164629459381,0.24113468825817108,0.004934936761856079,0.02253061314210451,1691089.125,316,nan,-1.0,True,,False,0.05099974945187569,0.0,0.46653226017951965,10.0,10.0,1.0,0.0,0.0,0.0,0.0,0.0
405,1697751.0,267.77606201171875,0.1946973204612732,0.6718124747276306,8485.25,8485.25,8485.25,0.43701255321502686,0.43701255321502686,0.39936891198158264,0.39936891198158264,0.43701255321502686,0.39936891198158264,0.43701255321502686,0.39936891198158264,0.4140125513076782,0.376368910074234,0.02,0.2736455,0.0,0.4452638626098633,0.9988636374473572,0.01065018679946661,0.10958850383758545,0.13091178238391876,0.26868361234664917,0.416060209274292,0.4165380299091339,0.4452638626098633,0.4452638626098633,0.3357801139354706,0.2416462004184723,0.005587548017501831,0.028647521543057844,1691089.125,316,nan,-1.0,True,,False,0.05099974945187569,0.0,0.46653226017951965,10.0,10.0,1.0,0.0,0.0,0.0,0.0,0.0
406,1697731.125,267.41046142578125,0.13996347784996033,0.6674731373786926,8485.2998046875,8485.2998046875,8485.2998046875,0.4366919994354248,0.4366919994354248,0.39911186695098877,0.39911186695098877,0.4366919994354248,0.39911186695098877,0.4366919994354248,0.39911186695098877,0.41369199752807617,0.37611186504364014,0.02,0.273185664,0.0,0.4449678659439087,0.9988643527030945,0.01063462346792221,0.10878753662109375,0.13070952892303467,0.26868361234664917,0.4156900942325592,0.4161685109138489,0.4449678659439087,0.4449678659439087,0.33563894033432007,0.242157444357872,0.006258830428123474,0.031052487740655325,1691089.125,316,nan,-1.0,True,,False,0.05099974945187569,0.0,0.46653226017951965,10.0,10.0,1.0,0.0,0.0,0.0,0.0,0.0
407,1697579.375,267.0260314941406,0.0930691808462143,0.6641935706138611,8484.6689453125,8484.6689453125,8484.6689453125,0.4363551735877991,0.4363551735877991,0.39884141087532043,0.39884141087532043,0.4363551735877991,0.39884141087532043,0.4363551735877991,0.39884141087532043,0.41335517168045044,0.3758414089679718,0.02,0.27272957200000003,0.0,0.4446544945240021,0.9988651871681213,0.01062198355793953,0.11253988742828369,0.13061289489269257,0.2686835527420044,0.415282666683197,0.4157613217830658,0.4446544945240021,0.4446544945240021,0.33552050590515137,0.24266865849494934,0.006949275732040405,0.030968253060968384,1691089.125,316,nan,-1.0,True,,False,0.05099974945187569,0.0,0.46653226017951965,10.0,10.0,1.0,0.0,0.0,0.0,0.0,0.0
408,1697469.625,266.6120910644531,0.054924119263887405,0.6566101908683777,8484.236328125,8484.236328125,8484.236328125,0.4359987676143646,0.4359987676143646,0.39854997396469116,0.39854997396469116,0.4359987676143646,0.39854997396469116,0.4359987676143646,0.39854997396469116,0.412998765707016,0.37554997205734253,0.02,0.272277248,0.0,0.44431859254837036,0.9988660216331482,0.010617963969707489,0.11171436309814453,0.1304268091917038,0.26868361234664917,0.4148441255092621,0.41532254219055176,0.44431859254837036,0.44431859254837036,0.3354642689228058,0.24318023025989532,0.007656410336494446,0.02964922691979963,1691089.125,316,nan,-1.0,True,,False,0.05099974945187569,0.0,0.46653226017951965,10.0,10.0,1.0,0.0,0.0,0.0,0.0,0.0
409,1697242.0,266.0838317871094,0.026317082345485687,0.650943398475647,8483.1865234375,8483.1865234375,8483.1865234375,0.4355698227882385,0.4355698227882385,0.39817777276039124,0.39817777276039124,0.4355698227882385,0.39817777276039124,0.4355698227882385,0.39817777276039124,0.4125698208808899,0.3751777708530426,0.02,0.271828716,0.0,0.44390684366226196,0.9988669157028198,0.01060640998184681,0.10582095384597778,0.1301736980676651,0.2686835527420044,0.4143538177013397,0.41483181715011597,0.44390684366226196,0.44390684366226196,0.3354346454143524,0.24369214475154877,0.008377745747566223,0.029838562857346713,1691089.125,316,nan,-1.0,True,,False,0.05099974945187569,0.0,0.46653226017951965,10.0,10.0,1.0,0.0,0.0,0.0,0.0,0.0
410,1697184.0,265.5892639160156,0.007846045307815075,0.6539165377616882,8482.9375,8482.9375,8482.9375,0.4351586401462555,0.4351586401462555,0.3978289067745209,0.3978289067745209,0.4351586401462555,0.3978289067745209,0.4351586401462555,0.3978289067745209,0.41215863823890686,0.37482890486717224,0.02,0.271384,0.0,0.4435035288333893,0.9988678693771362,0.010599903762340546,0.11076077818870544,0.12998835742473602,0.2686835825443268,0.4138711988925934,0.41434821486473083,0.4435035288333893,0.4435035288333893,0.33535218238830566,0.2442043125629425,0.00911422073841095,0.030478873261017725,1691089.125,316,nan,-1.0,True,,False,0.05099974945187569,0.0,0.46653226017951965,10.0,10.0,1.0,0.0,0.0,0.0,0.0,0.0
411,1697031.0,265.05047607421875,0.00018923285824712366,0.6560057997703552,8482.189453125,8482.189453125,8482.189453125,0.4347246289253235,0.4347246289253235,0.3974485397338867,0.3974485397338867,0.4347246289253235,0.3974485397338867,0.4347246289253235,0.3974485397338867,0.41172462701797485,0.3744485378265381,0.02,0.270943124,0.0,0.4430674612522125,0.9988688826560974,0.010595174506306648,0.1089053750038147,0.12976427376270294,0.26868361234664917,0.41339001059532166,0.4138660430908203,0.4430674612522125,0.4430674612522125,0.3352397084236145,0.2447172850370407,0.009862437844276428,0.02964257201529108,1691089.125,316,nan,-1.0,True,,False,0.05099974945187569,0.0,0.46653226017951965,10.0,10.0,1.0,0.0,0.0,0.0,0.0,0.0
412,1697029.75,264.40008544921875,0.0,0.6540999412536621,8482.19140625,8482.19140625,8482.19140625,0.4342195689678192,0.4342195689678192,0.3969888389110565,0.3969888389110565,0.4342195689678192,0.3969888389110565,0.4342195689678192,0.3969888389110565,0.4112195670604706,0.3739888370037079,0.02,0.270506112,0.0,0.44254934787750244,0.9988698959350586,0.010581043548882008,0.11133983731269836,0.12947094440460205,0.2686835825443268,0.4128468632698059,0.4133223295211792,0.44254934787750244,0.44254934787750244,0.3351965844631195,0.2452312707901001,0.010618939995765686,0.027609334716948472,1691089.125,316,nan,-1.0,True,,False,0.05099974945187569,0.0,0.46653226017951965,10.0,10.0,1.0,0.0,0.0,0.0,0.0,0.0
413,1696756.75,263.7379150390625,0.0,0.6588307619094849,8480.818359375,8480.818359375,8480.818359375,0.4336767792701721,0.4336767792701721,0.3965202271938324,0.3965202271938324,0.4336767792701721,0.3965202271938324,0.4336767792701721,0.3965202271938324,0.4106767773628235,0.37352022528648376,0.02,0.270072988,0.0,0.44197794795036316,0.9988710284233093,0.010571714490652084,0.11182361841201782,0.1293119639158249,0.2686835825443268,0.4122717082500458,0.41274628043174744,0.44197794795036316,0.44197794795036316,0.33511272072792053,0.24574628472328186,0.011381402611732483,0.0280039850509234,1691089.125,316,nan,-1.0,True,,False,0.05099974945187569,0.0,0.46653226017951965,10.0,10.0,1.0,0.0,0.0,0.0,1.0,0.0
414,1696748.75,262.97576904296875,0.0,0.6604924201965332,8480.77734375,8480.77734375,8480.77734375,0.4331051707267761,0.4331051707267761,0.3959801495075226,0.3959801495075226,0.4331051707267761,0.3959801495075226,0.4331051707267761,0.3959801495075226,0.4101051688194275,0.37298014760017395,0.02,0.269643776,0.0,0.4413604736328125,0.9988721013069153,0.010557238012552261,0.11186951398849487,0.12892740964889526,0.2686835825443268,0.41168272495269775,0.41215652227401733,0.4413604736328125,0.4413604736328125,0.334873765707016,0.2462622970342636,0.012149587273597717,0.027439744596550655,1691089.125,316,nan,-1.0,True,,False,0.05099974945187569,0.0,0.46653226017951965,10.0,10.0,1.0,0.0,0.0,0.0,1.0,0.0
415,1696452.25,262.1773376464844,0.0,0.6546441912651062,8479.3134765625,8479.3134765625,8479.3134765625,0.4324885308742523,0.4324885308742523,0.39541348814964294,0.39541348814964294,0.4324885308742523,0.39541348814964294,0.4324885308742523,0.39541348814964294,0.4094885289669037,0.3724134862422943,0.02,0.2692185,0.0,0.4406895041465759,0.9988732933998108,0.010537945665419102,0.11378473043441772,0.12869760394096375,0.2686835527420044,0.41108885407447815,0.4115617275238037,0.4406895041465759,0.4406895041465759,0.3345012366771698,0.2467793971300125,0.012922778725624084,0.02786623826412122,1691089.125,316,nan,-1.0,True,,False,0.05099974945187569,0.0,0.46653226017951965,10.0,10.0,1.0,0.0,0.0,0.0,1.0,0.0
416,1695860.5,261.3522644042969,0.0,0.6540550589561462,8476.3603515625,8476.3603515625,8476.3603515625,0.43186381459236145,0.43186381459236145,0.3948270380496979,0.3948270380496979,0.43186381459236145,0.3948270380496979,0.43186381459236145,0.3948270380496979,0.4088638126850128,0.37182703614234924,0.02,0.26879718399999997,0.0,0.4400172531604767,0.9988744854927063,0.010516038164496422,0.10771766304969788,0.12833668291568756,0.2686835825443268,0.41045162081718445,0.41092321276664734,0.4400172531604767,0.4400172531604767,0.33398061990737915,0.24729779362678528,0.013700246810913086,0.027242473695271958,1691089.125,316,nan,-1.0,True,,False,0.05099974945187569,0.0,0.46653226017951965,10.0,10.0,1.0,0.0,0.0,0.0,1.0,0.0
417,1695457.5,260.539306640625,0.0,0.6487827301025391,8474.36328125,8474.36328125,8474.36328125,0.43122124671936035,0.43122124671936035,0.39424827694892883,0.39424827694892883,0.43122124671936035,0.39424827694892883,0.43122124671936035,0.39424827694892883,0.4082212448120117,0.3712482750415802,0.02,0.26837985200000003,0.0,0.43933969736099243,0.9988756775856018,0.01048998162150383,0.11340242624282837,0.12813660502433777,0.2686835527420044,0.4097846746444702,0.41025522351264954,0.43933969736099243,0.43933969736099243,0.3333940804004669,0.24781742691993713,0.014481306076049805,0.026972472087234363,1691089.125,316,nan,-1.0,True,,False,0.05099974945187569,0.0,0.46653226017951965,10.0,10.0,1.0,0.0,0.0,0.0,1.0,0.0
418,1694803.375,259.6927185058594,0.0,0.6422063708305359,8471.11328125,8471.11328125,8471.11328125,0.4305722117424011,0.4305722117424011,0.39364466071128845,0.39364466071128845,0.4305722117424011,0.39364466071128845,0.4305722117424011,0.39364466071128845,0.4075722098350525,0.3706446588039398,0.02,0.267966528,0.0,0.4386668801307678,0.9988768696784973,0.010455264709889889,0.11127892136573792,0.1278155893087387,0.26868361234664917,0.40910521149635315,0.4095746576786041,0.4386668801307678,0.4386668801307678,0.33275139331817627,0.24833837151527405,0.015265598893165588,0.027331764640014928,1691089.125,316,nan,-1.0,True,,False,0.05099974945187569,0.0,0.46653226017951965,10.0,10.0,1.0,0.0,0.0,0.0,1.0,0.0
419,1693804.0,258.7051696777344,0.0,0.6460475325584412,8466.111328125,8466.111328125,8466.111328125,0.4298328161239624,0.4298328161239624,0.3929392397403717,0.3929392397403717,0.4298328161239624,0.3929392397403717,0.4298328161239624,0.3929392397403717,0.40683281421661377,0.36993923783302307,0.02,0.26755723600000003,0.0,0.43791842460632324,0.9989029169082642,0.010431462898850441,0.11357998847961426,0.1274864822626114,0.26868361234664917,0.40839165449142456,0.40886029601097107,0.43791842460632324,0.43791842460632324,0.3319430351257324,0.24886079132556915,0.0160524845123291,0.028282443088957936,1691089.125,316,nan,-1.0,True,,False,0.05099974945187569,0.0,0.46653226017951965,10.0,10.0,1.0,0.0,0.0,0.0,1.0,0.0
420,1692691.25,257.71697998046875,0.0,0.6406336426734924,8460.56640625,8460.56640625,8460.56640625,0.4290919899940491,0.4290919899940491,0.3922320008277893,0.3922320008277893,0.4290919899940491,0.3922320008277893,0.4290919899940491,0.3922320008277893,0.40609198808670044,0.3692319989204407,0.02,0.26715200000000006,0.0,0.4371778964996338,0.9989172220230103,0.01041673868894577,0.11340004205703735,0.12721413373947144,0.26868361234664917,0.40764716267585754,0.40811505913734436,0.4371778964996338,0.4371778964996338,0.3310984969139099,0.24938467144966125,0.016841650009155273,0.02700228736406037,1691089.125,316,nan,-1.0,True,,False,0.05099974945187569,0.0,0.46653226017951965,10.0,10.0,1.0,0.0,0.0,0.0,1.0,0.0
421,1690997.75,256.7489013671875,0.0,0.6459911465644836,8452.08984375,8452.08984375,8452.08984375,0.42834800481796265,0.42834800481796265,0.3915378749370575,0.3915378749370575,0.42834800481796265,0.3915378749370575,0.42834800481796265,0.3915378749370575,0.405348002910614,0.36853787302970886,0.02,0.26675084400000004,0.0,0.4364405870437622,0.9988804459571838,0.010401015169918537,0.11059042811393738,0.12690262496471405,0.26868361234664917,0.40689617395401,0.40736398100852966,0.4364405870437622,0.4364405870437622,0.3301375210285187,0.24991002678871155,0.017632514238357544,0.026648433036623627,1690997.75,421,nan,-1.0,True,,False,0.05099974945187569,0.0,0.46653226017951965,10.0,10.0,1.0,0.0,0.0,0.0,1.0,0.0
422,1680046.0,255.7542724609375,0.0,0.6491439938545227,8397.328125,8397.328125,8397.328125,0.4275844693183899,0.4275844693183899,0.3908233344554901,0.3908233344554901,0.4275844693183899,0.3908233344554901,0.4275844693183899,0.3908233344554901,0.40458446741104126,0.3678233325481415,0.02,0.266353792,0.0,0.43568888306617737,0.9988816976547241,0.010367520153522491,0.11521998047828674,0.12655219435691833,0.2686835825443268,0.40611565113067627,0.40658333897590637,0.43568888306617737,0.43568888306617737,0.32912567257881165,0.25043684244155884,0.017351508140563965,0.028046697221321262,1680046.0,422,nan,-1.0,True,,False,0.05099974945187569,0.0,0.46653226017951965,10.0,10.0,1.0,0.0,0.0,0.0,1.0,0.0
423,1680269.375,254.7300262451172,0.0,0.6534380316734314,8398.439453125,8398.439453125,8398.439453125,0.4268004596233368,0.4268004596233368,0.3900860846042633,0.3900860846042633,0.4268004596233368,0.3900860846042633,0.4268004596233368,0.3900860846042633,0.40380045771598816,0.3670860826969147,0.02,0.265960868,0.0,0.4349212944507599,0.9988828897476196,0.010333784855902195,0.11013931035995483,0.12627333402633667,0.2686835527420044,0.4053380787372589,0.4058058559894562,0.4349212944507599,0.4349212944507599,0.32807838916778564,0.25096264481544495,0.014199316501617432,0.028343499835399497,1680046.0,422,nan,-1.0,True,,False,0.05099974945187569,0.0,0.46653226017951965,10.0,10.0,1.0,0.0,0.0,0.0,1.0,0.0
424,1685517.25,253.6227264404297,0.0,0.6576806902885437,8424.673828125,8424.673828125,8424.673828125,0.425972580909729,0.425972580909729,0.3892873525619507,0.3892873525619507,0.425972580909729,0.3892873525619507,0.425972580909729,0.3892873525619507,0.40297257900238037,0.36628735065460205,0.02,0.265572096,0.0,0.4341127872467041,0.9988841414451599,0.010313241742551327,0.11543363332748413,0.12589338421821594,0.26868361234664917,0.40454351902008057,0.40501120686531067,0.4341127872467041,0.4341127872467041,0.3272004723548889,0.2514871060848236,0.011049360036849976,0.03029169094224926,1680046.0,422,nan,-1.0,True,,False,0.05099974945187569,0.0,0.46653226017951965,10.0,10.0,1.0,0.0,0.0,0.0,1.0,0.0
425,1685646.375,252.51454162597656,0.04396992549300194,0.6585797667503357,8425.212890625,8425.212890625,8425.212890625,0.4251376688480377,0.4251376688480377,0.38848623633384705,0.38848623633384705,0.4251376688480377,0.38848623633384705,0.4251376688480377,0.38848623633384705,0.4021376669406891,0.3654862344264984,0.02,0.2651875,0.0,0.43329861760139465,0.9988853335380554,0.010305291973054409,0.11188766360282898,0.12549331784248352,0.26868361234664917,0.4037204384803772,0.4041885435581207,0.43329861760139465,0.43329861760139465,0.3264372944831848,0.2520097494125366,0.007903099060058594,0.025230178130894072,1680046.0,422,nan,-1.0,True,,False,0.05099974945187569,0.0,0.46653226017951965,10.0,10.0,1.0,0.0,0.0,0.0,1.0,0.0
426,1685876.0,251.4134063720703,0.2721082270145416,0.6638409495353699,8425.783203125,8425.783203125,8425.783203125,0.4242933392524719,0.4242933392524719,0.3876884877681732,0.3876884877681732,0.4242933392524719,0.3876884877681732,0.4242933392524719,0.3876884877681732,0.4012933373451233,0.3646884858608246,0.02,0.26480710399999996,0.0,0.4324755072593689,0.9988866448402405,0.010282885283231735,0.11080813407897949,0.12513123452663422,0.26868361234664917,0.40287259221076965,0.4033404588699341,0.4324754774570465,0.4324754774570465,0.32557111978530884,0.252530038356781,0.004783600568771362,0.022937514335757844,1680046.0,422,nan,-1.0,True,,False,0.05099974945187569,0.0,0.46653226017951965,10.0,10.0,1.0,0.0,0.0,0.0,0.0,0.0
427,1686189.0,250.360595703125,0.6897538304328918,0.6651811003684998,8426.3056640625,8426.3056640625,8426.3056640625,0.4234723150730133,0.4234723150730133,0.3869241178035736,0.3869241178035736,0.4234723150730133,0.3869241178035736,0.4234723150730133,0.3869241178035736,0.4004723131656647,0.363924115896225,0.02,0.264430932,0.0,0.4316745400428772,0.9988880753517151,0.010258671827614307,0.11049950122833252,0.12478174269199371,0.2686835527420044,0.402064710855484,0.40253114700317383,0.4316745400428772,0.4316745400428772,0.3245919942855835,0.25304803252220154,0.0016948580741882324,0.022102383726936143,1680046.0,422,nan,-1.0,True,,False,0.05099974945187569,0.0,0.46653226017951965,10.0,10.0,1.0,0.0,0.0,0.0,0.0,0.0
428,1686235.75,249.38168334960938,0.7460430264472961,0.6717098355293274,8426.3876953125,8426.3876953125,8426.3876953125,0.4227145314216614,0.4227145314216614,0.38621193170547485,0.38621193170547485,0.4227145314216614,0.38621193170547485,0.4227145314216614,0.38621193170547485,0.39971452951431274,0.3632119297981262,0.02,0.26405900800000004,0.0,0.4309377372264862,0.9988895058631897,0.010237490758299828,0.11182349920272827,0.12450863420963287,0.2686835527420044,0.4013496935367584,0.4018147885799408,0.4309377372264862,0.4309377372264862,0.3237297832965851,0.2535637319087982,0.001362621784210205,0.03309533663721393,1680046.0,422,nan,-1.0,True,,False,0.05099974945187569,0.0,0.46653226017951965,10.0,10.0,1.0,0.0,0.0,0.0,0.0,0.0
429,1686060.5,248.44534301757812,0.30889636278152466,0.6749453544616699,8426.6005859375,8426.6005859375,8426.6005859375,0.4220476448535919,0.4220476448535919,0.38552942872047424,0.38552942872047424,0.4220476448535919,0.38552942872047424,0.4220476448535919,0.38552942872047424,0.3990476429462433,0.3625294268131256,0.02,0.26369135600000004,0.0,0.43029385805130005,0.9988908171653748,0.010230316780507565,0.11601641774177551,0.12430756539106369,0.26868361234664917,0.4007747173309326,0.4012409746646881,0.43029385805130005,0.43029385805130005,0.3231465518474579,0.25407907366752625,0.004442155361175537,0.020820666518476274,1680046.0,422,nan,-1.0,True,,False,0.05099974945187569,0.0,0.46653226017951965,10.0,10.0,1.0,0.0,0.0,0.0,0.0,0.0
430,1685916.875,247.59837341308594,0.06009504944086075,0.6706130504608154,8426.51953125,8426.51953125,8426.51953125,0.42142412066459656,0.42142412066459656,0.3849109709262848,0.3849109709262848,0.42142412066459656,0.3849109709262848,0.42142412066459656,0.3849109709262848,0.3984241187572479,0.36191096901893616,0.02,0.263328,0.0,0.42969098687171936,0.9988922476768494,0.010212206281721592,0.11107435822486877,0.12410430610179901,0.2686835527420044,0.4002283811569214,0.400694340467453,0.42969098687171936,0.42969098687171936,0.32258743047714233,0.2545948922634125,0.00754857063293457,0.0270565605088551,1680046.0,422,nan,-1.0,True,,False,0.05099974945187569,0.0,0.46653226017951965,10.0,10.0,1.0,0.0,0.0,0.0,0.0,0.0
431,1685913.875,246.74618530273438,0.0,0.6772739887237549,8426.642578125,8426.642578125,8426.642578125,0.4207904636859894,0.4207904636859894,0.38428759574890137,0.38428759574890137,0.4207904636859894,0.38428759574890137,0.4207904636859894,0.38428759574890137,0.39779046177864075,0.36128759384155273,0.02,0.262968964,0.0,0.4290778934955597,0.9988935589790344,0.01020102109760046,0.1153886616230011,0.12396525591611862,0.2686835527420044,0.39968591928482056,0.4001513719558716,0.4290778934955597,0.4290778934955597,0.3219863772392273,0.25511106848716736,0.01068134605884552,0.03391639548418526,1680046.0,422,nan,-1.0,True,,False,0.05099974945187569,0.0,0.46653226017951965,10.0,10.0,1.0,0.0,0.0,0.0,0.0,0.0
432,1685953.625,245.87242126464844,0.0,0.6695334315299988,8426.865234375,8426.865234375,8426.865234375,0.4201473295688629,0.4201473295688629,0.3836473524570465,0.3836473524570465,0.4201473295688629,0.3836473524570465,0.4201473295688629,0.3836473524570465,0.3971473276615143,0.3606473505496979,0.02,0.262614272,0.0,0.42845532298088074,0.9988945722579956,0.0101896021515131,0.11293548345565796,0.1237923800945282,0.26868361234664917,0.39915263652801514,0.39961758255958557,0.42845532298088074,0.42845532298088074,0.3213585317134857,0.2556270360946655,0.013834163546562195,0.034103002381420486,1680046.0,422,nan,-1.0,True,,False,0.05099974945187569,0.0,0.46653226017951965,10.0,10.0,1.0,0.0,0.0,0.0,1.0,0.0
433,1688186.75,245.03936767578125,0.0,0.6704593896865845,8438.0322265625,8438.0322265625,8438.0322265625,0.41953572630882263,0.41953572630882263,0.3830358684062958,0.3830358684062958,0.41953572630882263,0.3830358684062958,0.41953572630882263,0.3830358684062958,0.396535724401474,0.36003586649894714,0.02,0.262263948,0.0,0.42786285281181335,0.9988954663276672,0.01017074566334486,0.10963448882102966,0.12358243763446808,0.2686835527420044,0.3986348807811737,0.3990992605686188,0.42786285281181335,0.42786285281181335,0.32071879506111145,0.25614267587661743,0.017006903886795044,0.03466373877664511,1680046.0,422,nan,-1.0,True,,False,0.05099974945187569,0.0,0.46653226017951965,10.0,10.0,1.0,0.0,0.0,0.0,1.0,0.0
434,1688181.5,244.22914123535156,0.0,0.6669325232505798,8438.0185546875,8438.0185546875,8438.0185546875,0.41892868280410767,0.41892868280410767,0.38244014978408813,0.38244014978408813,0.41892868280410767,0.38244014978408813,0.41892868280410767,0.38244014978408813,0.39592868089675903,0.3594401478767395,0.02,0.261918016,0.0,0.42727479338645935,0.9988962411880493,0.010151856578886509,0.11504966020584106,0.1234399825334549,0.26868361234664917,0.39814695715904236,0.3986110985279083,0.42727479338645935,0.42727479338645935,0.32007455825805664,0.2566581666469574,0.020198330283164978,0.03349389896094282,1680046.0,422,nan,-1.0,True,,False,0.05099974945187569,0.0,0.46653226017951965,10.0,10.0,1.0,0.0,0.0,0.0,1.0,0.0
435,1688181.625,243.4368133544922,0.0,0.6547590494155884,8438.0537109375,8438.0537109375,8438.0537109375,0.4183366000652313,0.4183366000652313,0.38185662031173706,0.38185662031173706,0.4183366000652313,0.38185662031173706,0.4183366000652313,0.38185662031173706,0.3953365981578827,0.3588566184043884,0.02,0.2615765,0.0,0.4267013669013977,0.998896598815918,0.01013884972780943,0.11112090945243835,0.12320602685213089,0.2686835825443268,0.3976386785507202,0.39810246229171753,0.4267013669013977,0.4267013669013977,0.31946632266044617,0.25717344880104065,0.023410633206367493,0.03516581062609071,1680046.0,422,nan,-1.0,True,,False,0.05099974945187569,0.0,0.46653226017951965,10.0,10.0,1.0,0.0,0.0,0.0,1.0,0.0
436,1688200.0,242.63848876953125,0.0,0.6607521772384644,8438.134765625,8438.134765625,8438.134765625,0.41773128509521484,0.41773128509521484,0.3812677264213562,0.3812677264213562,0.41773128509521484,0.3812677264213562,0.41773128509521484,0.3812677264213562,0.3947312831878662,0.35826772451400757,0.02,0.261239424,0.0,0.4261150658130646,0.9988965392112732,0.010132433846592903,0.11433950066566467,0.12304795533418655,0.2686835527420044,0.3971219062805176,0.3975852131843567,0.4261150658130646,0.4261150658130646,0.31890448927879333,0.2576886713504791,0.026645049452781677,0.03585343419722954,1680046.0,422,nan,-1.0,True,,False,0.05099974945187569,0.0,0.46653226017951965,10.0,10.0,1.0,0.0,0.0,0.0,1.0,0.0
437,1688215.375,241.86570739746094,0.0,0.6582281589508057,8438.2216796875,8438.2216796875,8438.2216796875,0.4171391427516937,0.4171391427516937,0.38069674372673035,0.38069674372673035,0.4171391427516937,0.38069674372673035,0.4171391427516937,0.38069674372673035,0.3941391408443451,0.3576967418193817,0.02,0.260906812,0.0,0.4255404472351074,0.9988959431648254,0.010121455416083336,0.11327394843101501,0.12289538234472275,0.26868361234664917,0.39663180708885193,0.3970944583415985,0.4255404472351074,0.4255404472351074,0.3183740973472595,0.2582029402256012,0.029898017644882202,0.03543126907445387,1680046.0,422,nan,-1.0,True,,False,0.05099974945187569,0.0,0.46653226017951965,10.0,10.0,1.0,0.0,0.0,0.0,1.0,0.0
438,1688231.25,241.10174560546875,0.0,0.6506444215774536,8438.32421875,8438.32421875,8438.32421875,0.4165581166744232,0.4165581166744232,0.38013139367103577,0.38013139367103577,0.4165581166744232,0.38013139367103577,0.4165581166744232,0.38013139367103577,0.3935581147670746,0.35713139176368713,0.02,0.26057868800000006,0.0,0.4249762296676636,0.9988946318626404,0.01010612677782774,0.10794904828071594,0.12271418422460556,0.26868361234664917,0.39614224433898926,0.3966042399406433,0.4249762296676636,0.4249762296676636,0.3178219199180603,0.25871673226356506,0.031207844614982605,0.036971526807368114,1680046.0,422,nan,-1.0,True,,False,0.05099974945187569,0.0,0.46653226017951965,10.0,10.0,1.0,0.0,0.0,0.0,1.0,0.0
439,1688238.375,240.3602294921875,0.0,0.6599065065383911,8438.33984375,8438.33984375,8438.33984375,0.4159904420375824,0.4159904420375824,0.3795817792415619,0.3795817792415619,0.4159904420375824,0.3795817792415619,0.4159904420375824,0.3795817792415619,0.39299044013023376,0.35658177733421326,0.02,0.260255076,0.0,0.4244239628314972,0.9988930225372314,0.010102037340402603,0.11312469840049744,0.12251373380422592,0.2686835825443268,0.3956454396247864,0.39610669016838074,0.4244239628314972,0.4244239628314972,0.3173189163208008,0.2592298090457916,0.03200612962245941,0.03571917628546038,1680046.0,422,nan,-1.0,True,,False,0.05099974945187569,0.0,0.46653226017951965,10.0,10.0,1.0,0.0,0.0,0.0,1.0,0.0
440,1688270.5,239.6434326171875,0.0,0.6625853776931763,8438.498046875,8438.498046875,8438.498046875,0.41543108224868774,0.41543108224868774,0.379049688577652,0.379049688577652,0.41543108224868774,0.379049688577652,0.41543108224868774,0.379049688577652,0.3924310803413391,0.35604968667030334,0.02,0.259936,0.0,0.4238786995410919,0.9988912343978882,0.010091446340084076,0.1134621798992157,0.12233981490135193,0.2686835825443268,0.39516210556030273,0.3956225514411926,0.4238786995410919,0.4238786995410919,0.3168986141681671,0.25974223017692566,0.032803550362586975,0.034027794822274395,1680046.0,422,nan,-1.0,True,,False,0.05099974945187569,0.0,0.46653226017951965,10.0,10.0,1.0,0.0,0.0,0.0,1.0,0.0
441,1688292.75,238.9100799560547,0.0,0.6570045948028564,8438.626953125,8438.626953125,8438.626953125,0.4148527979850769,0.4148527979850769,0.3785044848918915,0.3785044848918915,0.4148527979850769,0.3785044848918915,0.4148527979850769,0.3785044848918915,0.39185279607772827,0.35550448298454285,0.02,0.25962148399999996,0.0,0.42331403493881226,0.9988892674446106,0.010078025050461292,0.11151710152626038,0.12221238762140274,0.26868361234664917,0.3946937024593353,0.3951537013053894,0.42331403493881226,0.42331403493881226,0.31650885939598083,0.26025399565696716,0.033600836992263794,0.03417337644754702,1680046.0,422,nan,-1.0,True,,False,0.05099974945187569,0.0,0.46653226017951965,10.0,10.0,1.0,0.0,0.0,0.0,1.0,0.0
442,1688334.625,238.22569274902344,0.0,0.664749801158905,8438.8203125,8438.8203125,8438.8203125,0.4143114387989044,0.4143114387989044,0.37799492478370667,0.37799492478370667,0.4143114387989044,0.37799492478370667,0.4143114387989044,0.37799492478370667,0.3913114368915558,0.35499492287635803,0.02,0.259311552,0.0,0.4227859675884247,0.9988869428634644,0.010061399079859257,0.11415079236030579,0.12209459394216537,0.2686835527420044,0.39422816038131714,0.3946874439716339,0.42278599739074707,0.42278599739074707,0.3161314129829407,0.2607651352882385,0.03439772129058838,0.03405715881348846,1680046.0,422,nan,-1.0,True,,False,0.05099974945187569,0.0,0.46653226017951965,10.0,10.0,1.0,0.0,0.0,0.0,1.0,0.0
443,1688339.25,237.60511779785156,0.0,0.6676948070526123,8438.8388671875,8438.8388671875,8438.8388671875,0.41380947828292847,0.41380947828292847,0.3775322437286377,0.3775322437286377,0.41380947828292847,0.3775322437286377,0.41380947828292847,0.3775322437286377,0.39080947637557983,0.35453224182128906,0.02,0.259006228,0.0,0.4222976863384247,0.9988847374916077,0.010040548630058765,0.11995270848274231,0.12199516594409943,0.26868361234664917,0.3937876522541046,0.3942461311817169,0.4222976863384247,0.4222976863384247,0.3158423602581024,0.26127520203590393,0.03519450128078461,0.03217509494990938,1680046.0,422,nan,-1.0,True,,False,0.05099974945187569,0.0,0.46653226017951965,10.0,10.0,1.0,0.0,0.0,0.0,1.0,0.0
444,1688356.875,236.9651336669922,0.0,0.6580839157104492,8438.9541015625,8438.9541015625,8438.9541015625,0.41329050064086914,0.41329050064086914,0.37705445289611816,0.37705445289611816,0.41329050064086914,0.37705445289611816,0.41329050064086914,0.37705445289611816,0.3902904987335205,0.35405445098876953,0.02,0.258705536,0.0,0.4217938482761383,0.9988823533058167,0.010027864947915077,0.12589100003242493,0.1218758299946785,0.2686835825443268,0.3933582305908203,0.39381617307662964,0.4217938482761383,0.4217938482761383,0.3156110346317291,0.2617846131324768,0.03599053621292114,0.03401920903383547,1680046.0,422,nan,-1.0,True,,False,0.05099974945187569,0.0,0.46653226017951965,10.0,10.0,1.0,0.0,0.0,0.0,1.0,0.0
445,1688387.0,236.3153533935547,0.0,0.6608418822288513,8439.1015625,8439.1015625,8439.1015625,0.41276755928993225,0.41276755928993225,0.3765687048435211,0.3765687048435211,0.41276755928993225,0.3765687048435211,0.41276755928993225,0.3765687048435211,0.3897675573825836,0.3535687029361725,0.02,0.25840949999999996,0.0,0.42128708958625793,0.9988798499107361,0.010025359690189362,0.12436783313751221,0.12177956104278564,0.26868361234664917,0.39290502667427063,0.39336246252059937,0.42128708958625793,0.42128708958625793,0.315418541431427,0.26229292154312134,0.036786213517189026,0.03421363745130495,1680046.0,422,nan,-1.0,True,,False,0.05099974945187569,0.0,0.46653226017951965,10.0,10.0,1.0,0.0,0.0,0.0,1.0,0.0
446,1688392.125,235.69729614257812,0.0,0.6635134816169739,8439.123046875,8439.123046875,8439.123046875,0.41226881742477417,0.41226881742477417,0.37610602378845215,0.37610602378845215,0.41226881742477417,0.37610602378845215,0.41226881742477417,0.37610602378845215,0.38926881551742554,0.3531060218811035,0.02,0.258118144,0.0,0.42080503702163696,0.9988772869110107,0.010018197819590569,0.12011522054672241,0.12167401611804962,0.26868361234664917,0.3924671411514282,0.39292407035827637,0.42080503702163696,0.42080503702163696,0.3152855336666107,0.26279962062835693,0.03758244216442108,0.035673749030037366,1680046.0,422,nan,-1.0,True,,False,0.05099974945187569,0.0,0.46653226017951965,10.0,10.0,1.0,0.0,0.0,0.0,1.0,0.0
447,1688401.375,235.09434509277344,0.0,0.653213620185852,8439.1982421875,8439.1982421875,8439.1982421875,0.41177088022232056,0.41177088022232056,0.37565410137176514,0.37565410137176514,0.41177088022232056,0.37565410137176514,0.41177088022232056,0.37565410137176514,0.3887708783149719,0.3526540994644165,0.02,0.257831492,0.0,0.42032286524772644,0.9988746047019958,0.010005044750869274,0.11629372835159302,0.12153496593236923,0.2686835825443268,0.39204904437065125,0.3925055265426636,0.42032286524772644,0.42032286524772644,0.3151838481426239,0.263305127620697,0.0383760929107666,0.03575971950582849,1680046.0,422,nan,-1.0,True,,False,0.05099974945187569,0.0,0.46653226017951965,10.0,10.0,1.0,0.0,0.0,0.0,1.0,0.0
448,1688404.75,234.50770568847656,0.0,0.6558748483657837,8439.2109375,8439.2109375,8439.2109375,0.41128069162368774,0.41128069162368774,0.3752138316631317,0.3752138316631317,0.41128069162368774,0.3752138316631317,0.41128069162368774,0.3752138316631317,0.3882806897163391,0.3522138297557831,0.02,0.25754956799999995,0.0,0.4198448657989502,0.9988846778869629,0.009997628629207611,0.11231142282485962,0.1213892474770546,0.26868361234664917,0.3916265070438385,0.39208266139030457,0.4198448359966278,0.4198448359966278,0.31509238481521606,0.2638092041015625,0.03916853666305542,0.032526793163722485,1680046.0,422,nan,-1.0,True,,False,0.05099974945187569,0.0,0.46653226017951965,10.0,10.0,1.0,0.0,0.0,0.0,1.0,0.0
449,1688422.125,233.89694213867188,0.0,0.655444324016571,8439.302734375,8439.302734375,8439.302734375,0.41076958179473877,0.41076958179473877,0.3747548758983612,0.3747548758983612,0.41076958179473877,0.3747548758983612,0.41076958179473877,0.3747548758983612,0.38776957988739014,0.3517548739910126,0.02,0.257272396,0.0,0.4193435311317444,0.9989035129547119,0.009988820180296898,0.10916107892990112,0.12129685282707214,0.26868361234664917,0.39120858907699585,0.3916643559932709,0.4193435609340668,0.4193435609340668,0.31509318947792053,0.26431113481521606,0.03995874524116516,0.038406987347924665,1680046.0,422,nan,-1.0,True,,False,0.05099974945187569,0.0,0.46653226017951965,10.0,10.0,1.0,0.0,0.0,0.0,1.0,0.0
450,1688433.125,233.2645263671875,0.0,0.651596188545227,8439.3701171875,8439.3701171875,8439.3701171875,0.4102425277233124,0.4102425277233124,0.3742789924144745,0.3742789924144745,0.4102425277233124,0.3742789924144745,0.4102425277233124,0.3742789924144745,0.38724252581596375,0.35127899050712585,0.02,0.257,0.0,0.41882607340812683,0.9989111423492432,0.009977745823562145,0.11327683925628662,0.12120956182479858,0.2686835527420044,0.3907759189605713,0.39123135805130005,0.41882607340812683,0.41882607340812683,0.3151037395000458,0.2648111879825592,0.04074627161026001,0.03950780376584993,1680046.0,422,nan,-1.0,True,,False,0.05099974945187569,0.0,0.46653226017951965,10.0,10.0,1.0,0.0,0.0,0.0,1.0,0.0
451,1688458.125,232.63101196289062,0.0,0.659558117389679,8439.478515625,8439.478515625,8439.478515625,0.4097170829772949,0.4097170829772949,0.37380164861679077,0.37380164861679077,0.4097170829772949,0.37380164861679077,0.4097170829772949,0.37380164861679077,0.3867170810699463,0.35080164670944214,0.02,0.256732404,0.0,0.41831138730049133,0.998902440071106,0.009969320148229599,0.11024972796440125,0.12107880413532257,0.26868361234664917,0.3903370201587677,0.3907920718193054,0.41831138730049133,0.41831138730049133,0.3151915967464447,0.2653137743473053,0.0415365993976593,0.04021192366781179,1680046.0,422,nan,-1.0,True,,False,0.05099974945187569,0.0,0.46653226017951965,10.0,10.0,1.0,0.0,0.0,0.0,1.0,0.0
452,1688472.0,231.98312377929688,0.0,0.6554665565490723,8439.5615234375,8439.5615234375,8439.5615234375,0.40918004512786865,0.40918004512786865,0.3733128309249878,0.3733128309249878,0.40918004512786865,0.3733128309249878,0.40918004512786865,0.3733128309249878,0.38618004322052,0.35031282901763916,0.02,0.256469632,0.0,0.4177875816822052,0.9988664984703064,0.009959302842617035,0.1102706789970398,0.12097535282373428,0.26868361234664917,0.3899132311344147,0.39036789536476135,0.4177875816822052,0.4177875816822052,0.31525248289108276,0.2658625543117523,0.042326733469963074,0.04148522779966394,1680046.0,422,nan,-1.0,True,,False,0.05099974945187569,0.0,0.46653226017951965,10.0,10.0,1.0,0.0,0.0,0.0,1.0,0.0
453,1688489.75,231.36917114257812,0.0,0.6660758852958679,8439.626953125,8439.626953125,8439.626953125,0.4086446464061737,0.4086446464061737,0.3728489577770233,0.3728489577770233,0.4086446464061737,0.3728489577770233,0.4086446464061737,0.3728489577770233,0.3856446444988251,0.3498489558696747,0.02,0.25621170800000004,0.0,0.4172671437263489,0.9988970756530762,0.009949303232133389,0.11263126134872437,0.12093362957239151,0.2686835825443268,0.3894765377044678,0.3899309039115906,0.4172671139240265,0.4172671139240265,0.31532472372055054,0.266419380903244,0.04311639070510864,0.04156777062032941,1680046.0,422,nan,-1.0,True,,False,0.05099974945187569,0.0,0.46653226017951965,10.0,10.0,1.0,0.0,0.0,0.0,1.0,0.0
454,1688503.75,230.73536682128906,0.0,0.6624572277069092,8439.708984375,8439.708984375,8439.708984375,0.4080984890460968,0.4080984890460968,0.3723694384098053,0.3723694384098053,0.4080984890460968,0.3723694384098053,0.4080984890460968,0.3723694384098053,0.38509848713874817,0.34936943650245667,0.02,0.255958656,0.0,0.41673794388771057,0.9989132881164551,0.009934121742844582,0.1102856993675232,0.1208287701010704,0.2686834931373596,0.389042466878891,0.3894965350627899,0.41673794388771057,0.41673794388771057,0.31541794538497925,0.2669752538204193,0.0439055860042572,0.041176080601871945,1680046.0,422,nan,-1.0,True,,False,0.05099974945187569,0.0,0.46653226017951965,10.0,10.0,1.0,0.0,0.0,0.0,1.0,0.0
455,1688525.0,230.09811401367188,0.0,0.6718208193778992,8439.794921875,8439.794921875,8439.794921875,0.40755730867385864,0.40755730867385864,0.371886670589447,0.371886670589447,0.40755730867385864,0.371886670589447,0.40755730867385864,0.371886670589447,0.38455730676651,0.3488866686820984,0.02,0.2557105,0.0,0.4162164032459259,0.9988986253738403,0.009921565651893616,0.10669949650764465,0.12071141600608826,0.26868361234664917,0.38862133026123047,0.3890755772590637,0.4162164032459259,0.4162164032459259,0.3154424726963043,0.2675301730632782,0.044694364070892334,0.04169115667011485,1680046.0,422,nan,-1.0,True,,False,0.05099974945187569,0.0,0.46653226017951965,10.0,10.0,1.0,0.0,0.0,0.0,1.0,0.0
456,1688555.125,229.4755096435547,0.0,0.6715864539146423,8439.94921875,8439.94921875,8439.94921875,0.40701326727867126,0.40701326727867126,0.37141433358192444,0.37141433358192444,0.40701326727867126,0.37141433358192444,0.40701326727867126,0.37141433358192444,0.38401326537132263,0.3484143316745758,0.02,0.25546726399999997,0.0,0.4156945049762726,0.9988954067230225,0.00990725215524435,0.11069878935813904,0.12067794054746628,0.26868361234664917,0.3882007896900177,0.3886551260948181,0.4156945049762726,0.4156945049762726,0.3154190480709076,0.2680841386318207,0.045482635498046875,0.04195058501661859,1680046.0,422,nan,-1.0,True,,False,0.05099974945187569,0.0,0.46653226017951965,10.0,10.0,1.0,0.0,0.0,0.0,1.0,0.0
457,1688575.125,228.83363342285156,0.0,0.6786508560180664,8440.03515625,8440.03515625,8440.03515625,0.4064595401287079,0.4064595401287079,0.37092670798301697,0.37092670798301697,0.4064595401287079,0.37092670798301697,0.4064595401287079,0.37092670798301697,0.38345953822135925,0.34792670607566833,0.02,0.255228972,0.0,0.41516441106796265,0.9988905191421509,0.00989485252648592,0.11161181330680847,0.1206054762005806,0.2686835527420044,0.3877682387828827,0.3882225453853607,0.41516441106796265,0.41516441106796265,0.3153637647628784,0.2686372697353363,0.04627089202404022,0.04273085813232077,1680046.0,422,nan,-1.0,True,,False,0.05099974945187569,0.0,0.46653226017951965,10.0,10.0,1.0,0.0,0.0,0.0,1.0,0.0
458,1688592.125,228.16175842285156,0.0,0.6848867535591125,8440.107421875,8440.107421875,8440.107421875,0.4058900475502014,0.4058900475502014,0.3704155683517456,0.3704155683517456,0.4058900475502014,0.3704155683517456,0.4058900475502014,0.3704155683517456,0.3828900456428528,0.347415566444397,0.02,0.254995648,0.0,0.41461941599845886,0.9988920092582703,0.009883435443043709,0.11462676525115967,0.12045378237962723,0.26868361234664917,0.38730767369270325,0.3877619802951813,0.41461941599845886,0.41461941599845886,0.3152833878993988,0.2691894471645355,0.04705868661403656,0.04386782796710678,1680046.0,422,nan,-1.0,True,,False,0.05099974945187569,0.0,0.46653226017951965,10.0,10.0,1.0,0.0,0.0,0.0,1.0,0.0
459,1688594.75,227.5037384033203,0.0,0.6833643913269043,8440.1279296875,8440.1279296875,8440.1279296875,0.4053177237510681,0.4053177237510681,0.3699142336845398,0.3699142336845398,0.4053177237510681,0.3699142336845398,0.4053177237510681,0.3699142336845398,0.3823177218437195,0.34691423177719116,0.02,0.254767316,0.0,0.4140718877315521,0.9988865256309509,0.00987421814352274,0.11340898275375366,0.12042704224586487,0.2686835527420044,0.3868766129016876,0.3873307704925537,0.4140718877315521,0.4140718877315521,0.31518664956092834,0.2697407305240631,0.047845691442489624,0.04527381028876536,1680046.0,422,nan,-1.0,True,,False,0.05099974945187569,0.0,0.46653226017951965,10.0,10.0,1.0,0.0,0.0,0.0,1.0,0.0
460,1688597.125,226.87838745117188,0.0,0.6863535642623901,8440.1357421875,8440.1357421875,8440.1357421875,0.4047794044017792,0.4047794044017792,0.3694370985031128,0.3694370985031128,0.4047794044017792,0.3694370985031128,0.4047794044017792,0.3694370985031128,0.38177940249443054,0.34643709659576416,0.02,0.254544,0.0,0.41355791687965393,0.9988837838172913,0.00985440332442522,0.10947704315185547,0.12039140611886978,0.2686835825443268,0.3864578604698181,0.38691216707229614,0.41355791687965393,0.41355791687965393,0.3150622248649597,0.2702908217906952,0.04863244295120239,0.04476893480427356,1680046.0,422,nan,-1.0,True,,False,0.05099974945187569,0.0,0.46653226017951965,10.0,10.0,1.0,0.0,0.0,0.0,1.0,0.0
461,1688613.625,226.23944091796875,0.0,0.6888375878334045,8440.21484375,8440.21484375,8440.21484375,0.404238760471344,0.404238760471344,0.36894893646240234,0.36894893646240234,0.404238760471344,0.36894893646240234,0.404238760471344,0.36894893646240234,0.38123875856399536,0.3459489345550537,0.02,0.254325724,0.0,0.4130401015281677,0.9988783597946167,0.009843526408076286,0.11456817388534546,0.1202738955616951,0.2686835527420044,0.38603994250297546,0.386494517326355,0.4130401015281677,0.4130401015281677,0.31487736105918884,0.2708398699760437,0.049419105052948,0.0442959178536613,1680046.0,422,nan,-1.0,True,,False,0.05099974945187569,0.0,0.46653226017951965,10.0,10.0,1.0,0.0,0.0,0.0,1.0,0.0
462,1688618.5,225.5835723876953,0.0,0.6871305108070374,8440.2470703125,8440.2470703125,8440.2470703125,0.40367376804351807,0.40367376804351807,0.36844712495803833,0.36844712495803833,0.40367376804351807,0.36844712495803833,0.40367376804351807,0.36844712495803833,0.38067376613616943,0.3454471230506897,0.02,0.25411251199999996,0.0,0.41249552369117737,0.9988547563552856,0.009828196838498116,0.11987033486366272,0.12027496099472046,0.2686835527420044,0.38562098145484924,0.38607561588287354,0.41249552369117737,0.41249552369117737,0.3146383762359619,0.2713877260684967,0.05020564794540405,0.04518365157451222,1680046.0,422,nan,-1.0,True,,False,0.05099974945187569,0.0,0.46653226017951965,10.0,10.0,1.0,0.0,0.0,0.0,1.0,0.0
463,1688626.5,224.9065704345703,0.0,0.6849800944328308,8440.2958984375,8440.2958984375,8440.2958984375,0.4030953645706177,0.4030953645706177,0.3679283559322357,0.3679283559322357,0.4030953645706177,0.3679283559322357,0.4030953645706177,0.3679283559322357,0.38009536266326904,0.3449283540248871,0.02,0.253904388,0.0,0.4119342267513275,0.9988252520561218,0.009812481701374054,0.11824694275856018,0.12018315494060516,0.26868361234664917,0.3851800560951233,0.38563477993011475,0.4119342565536499,0.4119342565536499,0.31434664130210876,0.27193447947502136,0.05099205672740936,0.04129595005522586,1680046.0,422,nan,-1.0,True,,False,0.05099974945187569,0.0,0.46653226017951965,10.0,10.0,1.0,0.0,0.0,0.0,1.0,0.0
464,1688643.125,224.197021484375,0.0,0.6820881366729736,8440.3896484375,8440.3896484375,8440.3896484375,0.4025024473667145,0.4025024473667145,0.36738383769989014,0.36738383769989014,0.4025024473667145,0.36738383769989014,0.4025024473667145,0.36738383769989014,0.37950244545936584,0.3443838357925415,0.02,0.253701376,0.0,0.411355584859848,0.9988259077072144,0.009806335903704166,0.11171284317970276,0.12005366384983063,0.26868361234664917,0.3847410976886749,0.38519608974456787,0.41135555505752563,0.41135555505752563,0.3139828145503998,0.2724803388118744,0.051778122782707214,0.03954895069182385,1680046.0,422,nan,-1.0,True,,False,0.05099974945187569,0.0,0.46653226017951965,10.0,10.0,1.0,0.0,0.0,0.0,1.0,0.0
465,1688644.625,223.5745849609375,0.0,0.6800073981285095,8440.4052734375,8440.4052734375,8440.4052734375,0.4019668698310852,0.4019668698310852,0.36690545082092285,0.36690545082092285,0.4019668698310852,0.36690545082092285,0.4019668698310852,0.36690545082092285,0.3789668679237366,0.3439054489135742,0.02,0.2535035,0.0,0.41083088517189026,0.9988301396369934,0.009786853566765785,0.11222860217094421,0.12001341581344604,0.2686835825443268,0.38433530926704407,0.3847905993461609,0.41083088517189026,0.41083088517189026,0.3136528432369232,0.2730252742767334,0.05256436765193939,0.0365716392940764,1680046.0,422,nan,-1.0,True,,False,0.05099974945187569,0.0,0.46653226017951965,10.0,10.0,1.0,0.0,0.0,0.0,1.0,0.0
466,1689624.875,222.95742797851562,0.0,0.6776341795921326,8445.3154296875,8445.3154296875,8445.3154296875,0.4014335870742798,0.4014335870742798,0.36643046140670776,0.36643046140670776,0.4014335870742798,0.36643046140670776,0.4014335870742798,0.36643046140670776,0.37843358516693115,0.34343045949935913,0.02,0.253310784,0.0,0.41030749678611755,0.9988343119621277,0.009769879281520844,0.10782334208488464,0.11996704339981079,0.26868361234664917,0.38394805788993835,0.38440361618995667,0.41030749678611755,0.41030749678611755,0.3133223354816437,0.2735694944858551,0.053351446986198425,0.04151317532523535,1680046.0,422,nan,-1.0,True,,False,0.05099974945187569,0.0,0.46653226017951965,10.0,10.0,1.0,0.0,0.0,0.0,1.0,0.0
467,1689660.75,222.29803466796875,0.0,0.6761751174926758,8445.501953125,8445.501953125,8445.501953125,0.40087416768074036,0.40087416768074036,0.3659222424030304,0.3659222424030304,0.40087416768074036,0.3659222424030304,0.40087416768074036,0.3659222424030304,0.3778741657733917,0.34292224049568176,0.02,0.25312325199999997,0.0,0.40975862741470337,0.9988383054733276,0.009750469587743282,0.10823547840118408,0.11984916776418686,0.26868361234664917,0.38353684544563293,0.3839922249317169,0.40975862741470337,0.40975862741470337,0.3129611313343048,0.27411291003227234,0.05413912236690521,0.039000577587608456,1680046.0,422,nan,-1.0,True,,False,0.05099974945187569,0.0,0.46653226017951965,10.0,10.0,1.0,0.0,0.0,0.0,1.0,0.0
468,1689680.875,221.6266632080078,0.0,0.6747438311576843,8445.609375,8445.609375,8445.609375,0.4003075659275055,0.4003075659275055,0.36540400981903076,0.36540400981903076,0.4003075659275055,0.36540400981903076,0.4003075659275055,0.36540400981903076,0.37730756402015686,0.34240400791168213,0.02,0.252940928,0.0,0.4092029631137848,0.9988424181938171,0.009737033396959305,0.11106067895889282,0.11976958811283112,0.2686835527420044,0.38311606645584106,0.3835713863372803,0.4092029631137848,0.4092029631137848,0.31254270672798157,0.27465537190437317,0.05492784082889557,0.03907843472067422,1680046.0,422,nan,-1.0,True,,False,0.05099974945187569,0.0,0.46653226017951965,10.0,10.0,1.0,0.0,0.0,0.0,1.0,0.0
469,1689687.625,220.95001220703125,0.0,0.6731054186820984,8445.650390625,8445.650390625,8445.650390625,0.39974215626716614,0.39974215626716614,0.36488091945648193,0.36488091945648193,0.39974215626716614,0.36488091945648193,0.39974215626716614,0.36488091945648193,0.3767421543598175,0.3418809175491333,0.02,0.252763836,0.0,0.4086484909057617,0.9988464713096619,0.009730431251227856,0.10661923885345459,0.11966967582702637,0.2686835527420044,0.38270097970962524,0.38315626978874207,0.4086484909057617,0.4086484909057617,0.31206759810447693,0.27519699931144714,0.05571775138378143,0.03870755802523086,1680046.0,422,nan,-1.0,True,,False,0.05099974945187569,0.0,0.46653226017951965,10.0,10.0,1.0,0.0,0.0,0.0,1.0,0.0
470,1689703.125,220.3163299560547,0.0,0.6712115406990051,8445.736328125,8445.736328125,8445.736328125,0.39920052886009216,0.39920052886009216,0.3643903136253357,0.3643903136253357,0.39920052886009216,0.3643903136253357,0.39920052886009216,0.3643903136253357,0.37620052695274353,0.34139031171798706,0.02,0.252592,0.0,0.4081169366836548,0.9988539218902588,0.009717519395053387,0.10567006468772888,0.11957085132598877,0.2686835527420044,0.3822938799858093,0.3827489912509918,0.4081169366836548,0.4081169366836548,0.3115553557872772,0.2757377028465271,0.05650895833969116,0.038130868905379124,1680046.0,422,nan,-1.0,True,,False,0.05099974945187569,0.0,0.46653226017951965,10.0,10.0,1.0,0.0,0.0,0.0,1.0,0.0
471,1689714.375,219.70846557617188,0.0,0.6691657304763794,8445.80078125,8445.80078125,8445.80078125,0.3986869752407074,0.3986869752407074,0.3639190196990967,0.3639190196990967,0.3986869752407074,0.3639190196990967,0.3986869752407074,0.3639190196990967,0.37568697333335876,0.34091901779174805,0.02,0.252425444,0.0,0.407612681388855,0.9988617300987244,0.009700656868517399,0.10560184717178345,0.11948303133249283,0.26868361234664917,0.3819054961204529,0.3823604881763458,0.407612681388855,0.407612681388855,0.3110056519508362,0.2762776017189026,0.05730152130126953,0.03612746036540355,1680046.0,422,nan,-1.0,True,,False,0.05099974945187569,0.0,0.46653226017951965,10.0,10.0,1.0,0.0,0.0,0.0,1.0,0.0
472,1689717.5,219.0648193359375,0.0,0.6671016812324524,8445.82421875,8445.82421875,8445.82421875,0.398150771856308,0.398150771856308,0.3634192943572998,0.3634192943572998,0.398150771856308,0.3634192943572998,0.398150771856308,0.3634192943572998,0.37515076994895935,0.34041929244995117,0.02,0.252264192,0.0,0.40708598494529724,0.9988690614700317,0.009693739004433155,0.1097114086151123,0.1193806603550911,0.26868361234664917,0.3815001845359802,0.38195502758026123,0.40708598494529724,0.40708598494529724,0.3104308545589447,0.27681660652160645,0.058095335960388184,0.042945200944409914,1680046.0,422,nan,-1.0,True,,False,0.05099974945187569,0.0,0.46653226017951965,10.0,10.0,1.0,0.0,0.0,0.0,1.0,0.0
473,1689725.0,218.4158935546875,0.0,0.6672682166099548,8445.865234375,8445.865234375,8445.865234375,0.39761194586753845,0.39761194586753845,0.36291471123695374,0.36291471123695374,0.39761194586753845,0.36291471123695374,0.39761194586753845,0.36291471123695374,0.3746119439601898,0.3399147093296051,0.02,0.25210826799999997,0.0,0.40655627846717834,0.9988750219345093,0.009692952036857605,0.11343809962272644,0.11930488795042038,0.2686835825443268,0.3811061680316925,0.38156062364578247,0.40655627846717834,0.40655627846717834,0.3098316490650177,0.27735471725463867,0.058890536427497864,0.04322953973961477,1680046.0,422,nan,-1.0,True,,False,0.05099974945187569,0.0,0.46653226017951965,10.0,10.0,1.0,0.0,0.0,0.0,1.0,0.0
474,1689734.0,217.8054656982422,0.0,0.6676262617111206,8445.912109375,8445.912109375,8445.912109375,0.3970967233181,0.3970967233181,0.3624393939971924,0.3624393939971924,0.3970967233181,0.3624393939971924,0.3970967233181,0.3624393939971924,0.37409672141075134,0.33943939208984375,0.02,0.25195769599999995,0.0,0.40604913234710693,0.9988797307014465,0.009680199436843395,0.1108696460723877,0.11919694393873215,0.26868361234664917,0.380728155374527,0.38118237257003784,0.40604913234710693,0.40604913234710693,0.30922481417655945,0.2778920829296112,0.059687256813049316,0.04288228120357315,1680046.0,422,nan,-1.0,True,,False,0.05099974945187569,0.0,0.46653226017951965,10.0,10.0,1.0,0.0,0.0,0.0,1.0,0.0
475,1689736.5,217.20748901367188,0.0,0.6641666889190674,8445.9365234375,8445.9365234375,8445.9365234375,0.39658480882644653,0.39658480882644653,0.3619731068611145,0.3619731068611145,0.39658480882644653,0.3619731068611145,0.39658480882644653,0.3619731068611145,0.3735848069190979,0.33897310495376587,0.02,0.2518125,0.0,0.40554505586624146,0.9988833069801331,0.00966665055602789,0.1075441837310791,0.11912953108549118,0.2686835527420044,0.38034799695014954,0.3808020353317261,0.40554505586624146,0.40554505586624146,0.3086090385913849,0.27842867374420166,0.060485705733299255,0.037280054774277635,1680046.0,422,nan,-1.0,True,,False,0.05099974945187569,0.0,0.46653226017951965,10.0,10.0,1.0,0.0,0.0,0.0,1.0,0.0
476,1689735.375,216.65179443359375,0.0,0.6581313610076904,8445.9482421875,8445.9482421875,8445.9482421875,0.3961045444011688,0.3961045444011688,0.36153921484947205,0.36153921484947205,0.3961045444011688,0.36153921484947205,0.3961045444011688,0.36153921484947205,0.3731045424938202,0.3385392129421234,0.02,0.251672704,0.0,0.40507230162620544,0.9988864660263062,0.009652861393988132,0.10569208860397339,0.11903699487447739,0.2686835527420044,0.37998443841934204,0.38043832778930664,0.40507230162620544,0.40507230162620544,0.3080451190471649,0.2789645791053772,0.06128568947315216,0.04039963424373935,1680046.0,422,nan,-1.0,True,,False,0.05099974945187569,0.0,0.46653226017951965,10.0,10.0,1.0,0.0,0.0,0.0,1.0,0.0
477,1689754.875,216.0918426513672,0.0,0.6554450988769531,8446.0546875,8446.0546875,8446.0546875,0.3956332504749298,0.3956332504749298,0.3611014485359192,0.3611014485359192,0.3956332504749298,0.3611014485359192,0.3956332504749298,0.3611014485359192,0.3726332485675812,0.33810144662857056,0.02,0.251538332,0.0,0.4046092629432678,0.9988892078399658,0.009647047147154808,0.10684973001480103,0.11892733722925186,0.2686835527420044,0.37962931394577026,0.38008278608322144,0.4046092629432678,0.4046092629432678,0.30743759870529175,0.27949973940849304,0.062087178230285645,0.04104261495457548,1680046.0,422,nan,-1.0,True,,False,0.05099974945187569,0.0,0.46653226017951965,10.0,10.0,1.0,0.0,0.0,0.0,1.0,0.0
478,1689762.0,215.5531768798828,0.0,0.6492113471031189,8446.109375,8446.109375,8446.109375,0.39517921209335327,0.39517921209335327,0.3606797754764557,0.3606797754764557,0.39517921209335327,0.3606797754764557,0.39517921209335327,0.3606797754764557,0.37217921018600464,0.33767977356910706,0.02,0.251409408,0.0,0.4041632413864136,0.998891294002533,0.009634099900722504,0.10776668787002563,0.11884328722953796,0.26868361234664917,0.3792797923088074,0.37973275780677795,0.4041632413864136,0.4041632413864136,0.30685868859291077,0.28003421425819397,0.06289011240005493,0.039579867721638747,1680046.0,422,nan,-1.0,True,,False,0.05099974945187569,0.0,0.46653226017951965,10.0,10.0,1.0,0.0,0.0,0.0,1.0,0.0
479,1689773.625,214.99571228027344,0.0,0.6461421847343445,8446.177734375,8446.177734375,8446.177734375,0.39471280574798584,0.39471280574798584,0.3602428436279297,0.3602428436279297,0.39471280574798584,0.3602428436279297,0.39471280574798584,0.3602428436279297,0.3717128038406372,0.33724284172058105,0.02,0.25128595600000003,0.0,0.4037051498889923,0.9988930225372314,0.009625994600355625,0.10832583904266357,0.1187906265258789,0.26868361234664917,0.37893491983413696,0.37938743829727173,0.4037051498889923,0.4037051498889923,0.3062436580657959,0.28056809306144714,0.06369449198246002,0.044386605284267314,1680046.0,422,nan,-1.0,True,,False,0.05099974945187569,0.0,0.46653226017951965,10.0,10.0,1.0,0.0,0.0,0.0,1.0,0.0
480,1689783.875,214.4375457763672,0.0,0.6431100964546204,8446.2392578125,8446.2392578125,8446.2392578125,0.3942471742630005,0.3942471742630005,0.35980477929115295,0.35980477929115295,0.3942471742630005,0.35980477929115295,0.3942471742630005,0.35980477929115295,0.37124717235565186,0.3368047773838043,0.02,0.251168,0.0,0.4032471477985382,0.9988945722579956,0.009620449505746365,0.10849738121032715,0.11869480460882187,0.2686835527420044,0.3785794675350189,0.37903159856796265,0.4032471477985382,0.4032471477985382,0.30565017461776733,0.28110119700431824,0.06449966132640839,0.04338057765724241,1680046.0,422,nan,-1.0,True,,False,0.05099974945187569,0.0,0.46653226017951965,10.0,10.0,1.0,0.0,0.0,0.0,1.0,0.0
481,1689793.375,213.91258239746094,0.0,0.642802894115448,8446.2900390625,8446.2900390625,8446.2900390625,0.3938021659851074,0.3938021659851074,0.3593922555446625,0.3593922555446625,0.3938021659851074,0.3593922555446625,0.3938021659851074,0.3593922555446625,0.3708021640777588,0.33639225363731384,0.02,0.251055564,0.0,0.40280836820602417,0.9988960027694702,0.009608798660337925,0.10850107669830322,0.11864305287599564,0.26868361234664917,0.3782503604888916,0.3787020146846771,0.40280836820602417,0.40280836820602417,0.30506712198257446,0.28163376450538635,0.06530560553073883,0.0427302523215379,1680046.0,422,nan,-1.0,True,,False,0.05099974945187569,0.0,0.46653226017951965,10.0,10.0,1.0,0.0,0.0,0.0,1.0,0.0
482,1689795.375,213.45626831054688,0.0,0.6400589942932129,8446.3095703125,8446.3095703125,8446.3095703125,0.3934048116207123,0.3934048116207123,0.3590332865715027,0.3590332865715027,0.3934048116207123,0.3590332865715027,0.3934048116207123,0.3590332865715027,0.37040480971336365,0.33603328466415405,0.02,0.25094867200000004,0.0,0.4024152159690857,0.9988973140716553,0.009590333327651024,0.10803401470184326,0.11857374757528305,0.2686835527420044,0.37794438004493713,0.3783954083919525,0.40241527557373047,0.40241527557373047,0.30448997020721436,0.2821657359600067,0.06611266732215881,0.04190799011525491,1680046.0,422,nan,-1.0,True,,False,0.05099974945187569,0.0,0.46653226017951965,10.0,10.0,1.0,0.0,0.0,0.0,1.0,0.0
483,1689808.625,213.00662231445312,0.0,0.6406386494636536,8446.3759765625,8446.3759765625,8446.3759765625,0.3930214047431946,0.3930214047431946,0.3586791753768921,0.3586791753768921,0.3930214047431946,0.3586791753768921,0.3930214047431946,0.3586791753768921,0.37002140283584595,0.33567917346954346,0.02,0.25084734799999997,0.0,0.40203505754470825,0.9988985657691956,0.00957668200135231,0.10734784603118896,0.11851278692483902,0.26868361234664917,0.37765178084373474,0.37810224294662476,0.40203505754470825,0.40203505754470825,0.3039007782936096,0.2826971411705017,0.06692057847976685,0.041725584630815625,1680046.0,422,nan,-1.0,True,,False,0.05099974945187569,0.0,0.46653226017951965,10.0,10.0,1.0,0.0,0.0,0.0,1.0,0.0
484,1689786.875,212.52821350097656,0.0,0.6431516408920288,8446.263671875,8446.263671875,8446.263671875,0.39262011647224426,0.39262011647224426,0.3583019971847534,0.3583019971847534,0.39262011647224426,0.3583019971847534,0.39262011647224426,0.3583019971847534,0.36962011456489563,0.3353019952774048,0.02,0.25075161599999995,0.0,0.40163692831993103,0.9988992214202881,0.009576852433383465,0.1063503623008728,0.11847405880689621,0.2686835527420044,0.3773415684700012,0.3777916431427002,0.40163692831993103,0.40163692831993103,0.3033357262611389,0.2832280099391937,0.06772902607917786,0.046168114933405176,1680046.0,422,nan,-1.0,True,,False,0.05099974945187569,0.0,0.46653226017951965,10.0,10.0,1.0,0.0,0.0,0.0,1.0,0.0
485,1689786.875,212.07077026367188,0.0,0.6456024050712585,8446.259765625,8446.259765625,8446.259765625,0.3922358751296997,0.3922358751296997,0.3579409420490265,0.3579409420490265,0.3922358751296997,0.3579409420490265,0.3922358751296997,0.3579409420490265,0.3692358732223511,0.33494094014167786,0.02,0.2506615,0.0,0.4012543857097626,0.9988990426063538,0.009567846544086933,0.1096419095993042,0.11839218437671661,0.26868361234664917,0.3770519495010376,0.37750130891799927,0.4012543857097626,0.4012543857097626,0.30280601978302,0.28375816345214844,0.06853817403316498,0.048049001977132216,1680046.0,422,nan,-1.0,True,,False,0.05099974945187569,0.0,0.46653226017951965,10.0,10.0,1.0,0.0,0.0,0.0,1.0,0.0
486,1689788.25,211.66590881347656,0.0,0.6496800184249878,8446.2587890625,8446.2587890625,8446.2587890625,0.39189204573631287,0.39189204573631287,0.35762107372283936,0.35762107372283936,0.39189204573631287,0.35762107372283936,0.39189204573631287,0.35762107372283936,0.36889204382896423,0.3346210718154907,0.02,0.25057702400000004,0.0,0.40091046690940857,0.9988968968391418,0.009566063992679119,0.10616016387939453,0.11834118515253067,0.26868361234664917,0.3767707347869873,0.3772197663784027,0.40091046690940857,0.40091046690940857,0.3022818863391876,0.2842875123023987,0.0693477988243103,0.045472629864687204,1680046.0,422,nan,-1.0,True,,False,0.05099974945187569,0.0,0.46653226017951965,10.0,10.0,1.0,0.0,0.0,0.0,1.0,0.0
487,1689789.375,211.27357482910156,0.0,0.6539718508720398,8446.255859375,8446.255859375,8446.255859375,0.3915627598762512,0.3915627598762512,0.35731080174446106,0.35731080174446106,0.3915627598762512,0.35731080174446106,0.3915627598762512,0.35731080174446106,0.3685627579689026,0.3343107998371124,0.02,0.250498212,0.0,0.4005800485610962,0.998891294002533,0.009564400650560856,0.10955709218978882,0.1182749941945076,0.26868361234664917,0.3764941096305847,0.37694257497787476,0.4005800485610962,0.4005800485610962,0.30174675583839417,0.28481611609458923,0.07015790045261383,0.04480962878410032,1680046.0,422,nan,-1.0,True,,False,0.05099974945187569,0.0,0.46653226017951965,10.0,10.0,1.0,0.0,0.0,0.0,1.0,0.0
488,1689795.375,210.89161682128906,0.0,0.6580535769462585,8446.27734375,8446.27734375,8446.27734375,0.39123964309692383,0.39123964309692383,0.3570084869861603,0.3570084869861603,0.39123964309692383,0.3570084869861603,0.39123964309692383,0.3570084869861603,0.3682396411895752,0.33400848507881165,0.02,0.25042508799999996,0.0,0.4002549946308136,0.9988829493522644,0.00955150555819273,0.11298245191574097,0.11818547546863556,0.2686835527420044,0.3762202560901642,0.3766680061817169,0.4002549946308136,0.4002549946308136,0.3012264370918274,0.2853439748287201,0.07096858322620392,0.04707683432368665,1680046.0,422,nan,-1.0,True,,False,0.05099974945187569,0.0,0.46653226017951965,10.0,10.0,1.0,0.0,0.0,0.0,1.0,0.0
489,1689821.375,210.50445556640625,0.0,0.6618791222572327,8446.3994140625,8446.3994140625,8446.3994140625,0.3909159004688263,0.3909159004688263,0.3567017614841461,0.3567017614841461,0.3909159004688263,0.3567017614841461,0.3909159004688263,0.3567017614841461,0.36791589856147766,0.3337017595767975,0.02,0.25035767600000003,0.0,0.39992883801460266,0.9988730549812317,0.009540831670165062,0.10900998115539551,0.11812955141067505,0.26868361234664917,0.37594375014305115,0.3763909935951233,0.39992883801460266,0.39992883801460266,0.300725519657135,0.28587114810943604,0.07177980244159698,0.048351462493883446,1680046.0,422,nan,-1.0,True,,False,0.05099974945187569,0.0,0.46653226017951965,10.0,10.0,1.0,0.0,0.0,0.0,1.0,0.0
490,1689829.5,210.1315155029297,0.0,0.6656414270401001,8446.4326171875,8446.4326171875,8446.4326171875,0.3905978798866272,0.3905978798866272,0.35640600323677063,0.35640600323677063,0.3905978798866272,0.35640600323677063,0.3905978798866272,0.35640600323677063,0.36759787797927856,0.333406001329422,0.02,0.250296,0.0,0.39960747957229614,0.9988622665405273,0.00953012052923441,0.10858434438705444,0.11805166304111481,0.26868361234664917,0.3756622076034546,0.37610921263694763,0.39960747957229614,0.39960747957229614,0.30020421743392944,0.2863975167274475,0.07259057462215424,0.04140408009536461,1680046.0,422,nan,-1.0,True,,False,0.05099974945187569,0.0,0.46653226017951965,10.0,10.0,1.0,0.0,0.0,0.0,1.0,0.0
491,1689829.75,209.75941467285156,0.0,0.6696599125862122,8446.42578125,8446.42578125,8446.42578125,0.3902833163738251,0.3902833163738251,0.35611069202423096,0.35611069202423096,0.3902833163738251,0.35611069202423096,0.3902833163738251,0.35611069202423096,0.36728331446647644,0.3331106901168823,0.02,0.250240084,0.0,0.39928895235061646,0.9988706111907959,0.009527614340186119,0.10913407802581787,0.11799760162830353,0.26868361234664917,0.3753662109375,0.3758130669593811,0.39928895235061646,0.39928895235061646,0.29967764019966125,0.2869231104850769,0.07340015470981598,0.04586379811128912,1680046.0,422,nan,-1.0,True,,False,0.05099974945187569,0.0,0.46653226017951965,10.0,10.0,1.0,0.0,0.0,0.0,1.0,0.0
492,1689828.5,209.42446899414062,0.0,0.6725979447364807,8446.4140625,8446.4140625,8446.4140625,0.3899843394756317,0.3899843394756317,0.3558446168899536,0.3558446168899536,0.3899843394756317,0.3558446168899536,0.3899843394756317,0.3558446168899536,0.3669843375682831,0.332844614982605,0.02,0.250189952,0.0,0.3989858329296112,0.9988481402397156,0.009522550739347935,0.10680657625198364,0.11799678951501846,0.26868361234664917,0.3750929534435272,0.3755393326282501,0.3989858329296112,0.3989858329296112,0.2991288900375366,0.2873367667198181,0.07420949637889862,0.04032980137304144,1680046.0,422,nan,-1.0,True,,False,0.05099974945187569,0.0,0.46653226017951965,10.0,10.0,1.0,0.0,0.0,0.0,1.0,0.0
493,1689823.625,209.0928955078125,0.0,0.6735984683036804,8446.388671875,8446.388671875,8446.388671875,0.389670729637146,0.389670729637146,0.35558104515075684,0.35558104515075684,0.389670729637146,0.35558104515075684,0.389670729637146,0.35558104515075684,0.36667072772979736,0.3325810432434082,0.02,0.250145628,0.0,0.39866939187049866,0.9988595247268677,0.009514209814369678,0.10879015922546387,0.11797365546226501,0.26868361234664917,0.37482720613479614,0.37527310848236084,0.39866939187049866,0.39866939187049866,0.2985922694206238,0.28766536712646484,0.07501836121082306,0.045489921663021154,1680046.0,422,nan,-1.0,True,,False,0.05099974945187569,0.0,0.46653226017951965,10.0,10.0,1.0,0.0,0.0,0.0,1.0,0.0
494,1689841.25,208.7469024658203,0.0,0.674597442150116,8446.4765625,8446.4765625,8446.4765625,0.38933509588241577,0.38933509588241577,0.3553057610988617,0.3553057610988617,0.38933509588241577,0.3553057610988617,0.38933509588241577,0.3553057610988617,0.36633509397506714,0.33230575919151306,0.02,0.250107136,0.0,0.39833253622055054,0.998866856098175,0.009501885622739792,0.11076724529266357,0.11795492470264435,0.26868361234664917,0.3745648264884949,0.37501004338264465,0.39833253622055054,0.39833253622055054,0.2980249524116516,0.2879934310913086,0.07582660019397736,0.04498684583328819,1680046.0,422,nan,-1.0,True,,False,0.05099974945187569,0.0,0.46653226017951965,10.0,10.0,1.0,0.0,0.0,0.0,1.0,0.0
495,1689839.125,208.4155731201172,0.0,0.6739735007286072,8446.46875,8446.46875,8446.46875,0.38900914788246155,0.38900914788246155,0.3550419211387634,0.3550419211387634,0.38900914788246155,0.3550419211387634,0.38900914788246155,0.3550419211387634,0.3660091459751129,0.3320419192314148,0.02,0.2500745,0.0,0.3980056643486023,0.9988747835159302,0.009495563805103302,0.11268192529678345,0.11794434487819672,0.26868361234664917,0.3743002712726593,0.3747449219226837,0.3980056643486023,0.3980056643486023,0.29749444127082825,0.2883208394050598,0.07663315534591675,0.02872099040056734,1680046.0,422,nan,-1.0,True,,False,0.05099974945187569,0.0,0.46653226017951965,10.0,10.0,1.0,0.0,0.0,0.0,1.0,0.0
496,1689837.625,208.06312561035156,0.0,0.6724604964256287,8446.466796875,8446.466796875,8446.466796875,0.3886792063713074,0.3886792063713074,0.3547610640525818,0.3547610640525818,0.3886792063713074,0.3547610640525818,0.3886792063713074,0.3547610640525818,0.36567920446395874,0.33176106214523315,0.02,0.250047744,0.0,0.39767569303512573,0.9988786578178406,0.009487394243478775,0.11877390742301941,0.11789791285991669,0.2686835527420044,0.37403208017349243,0.3744761347770691,0.39767569303512573,0.39767569303512573,0.29698148369789124,0.2886480987071991,0.07744200527667999,0.03097651595210967,1680046.0,422,nan,-1.0,True,,False,0.05099974945187569,0.0,0.46653226017951965,10.0,10.0,1.0,0.0,0.0,0.0,1.0,0.0
497,1689829.0,207.68927001953125,0.0,0.6710285544395447,8446.4287109375,8446.4287109375,8446.4287109375,0.38834071159362793,0.38834071159362793,0.3544628620147705,0.3544628620147705,0.38834071159362793,0.3544628620147705,0.38834071159362793,0.3544628620147705,0.3653407096862793,0.3314628601074219,0.02,0.250026892,0.0,0.3973373472690582,0.9988821148872375,0.009480307810008526,0.1191282570362091,0.11783502995967865,0.26868361234664917,0.37376731634140015,0.37421077489852905,0.3973373472690582,0.3973373472690582,0.2964968681335449,0.2889750599861145,0.0782511830329895,0.021920136059634387,1680046.0,422,nan,-1.0,True,,False,0.05099974945187569,0.0,0.46653226017951965,10.0,10.0,1.0,0.0,0.0,0.0,1.0,0.0
498,1689850.125,207.3093719482422,0.0,0.6696726083755493,8446.5400390625,8446.5400390625,8446.5400390625,0.3879958689212799,0.3879958689212799,0.35415956377983093,0.35415956377983093,0.3879958689212799,0.35415956377983093,0.3879958689212799,0.35415956377983093,0.3649958670139313,0.3311595618724823,0.02,0.25001196800000003,0.0,0.396992564201355,0.998884379863739,0.009474645368754864,0.11041969060897827,0.11782670766115189,0.26868361234664917,0.3734961748123169,0.37393900752067566,0.396992564201355,0.396992564201355,0.29599955677986145,0.28930193185806274,0.07906259596347809,0.03257954520005216,1680046.0,422,nan,-1.0,True,,False,0.05099974945187569,0.0,0.46653226017951965,10.0,10.0,1.0,0.0,0.0,0.0,1.0,0.0
499,1689860.625,206.9181671142578,0.0,0.66841059923172,8446.59765625,8446.59765625,8446.59765625,0.38763999938964844,0.38763999938964844,0.3538469672203064,0.3538469672203064,0.38763999938964844,0.3538469672203064,0.38763999938964844,0.3538469672203064,0.3646399974822998,0.33084696531295776,0.02,0.250002996,0.0,0.3966369330883026,0.9988858699798584,0.009459014050662518,0.10860002040863037,0.11779867112636566,0.26868361234664917,0.3732409179210663,0.37368324398994446,0.3966369330883026,0.3966369330883026,0.2955172061920166,0.28962835669517517,0.0798720121383667,0.042391243423076555,1680046.0,422,nan,-1.0,True,,False,0.05099974945187569,0.0,0.46653226017951965,10.0,10.0,1.0,0.0,0.0,0.0,1.0,0.0
