step,L_total,loss_vol,loss_rep,loss_bnd,loss_curve_length,curve_length_min,curve_length_max,curve_length_mean,curve_length_std,curve_length_cv,curve_length_ratio,minimum_length,maximum_length,mean_length,standard_deviation,coefficient_of_variation,maximum_minimum_ratio,minimum_seed_distance,number_of_edges,topology_identifier,loss_cell_edge_uniform,loss_fem,loss_comp,comp,stress_max,stress_p95,stress_p99,stress_norm,disp_field_max,disp_field_p95,disp_field_p99,disp_mean,disp_max,disp_p95,disp_p99,disp_norm,VolFrac,L_FEM_initial,L_FEM_best,L_FEM_norm,compliance_reduction_pct,vol_dev,vol_dev_eff,seed_offset_scale,rho_min,rho_mean,rho_max,filter_delta_mean,filter_delta_max,projection_delta_mean,projection_delta_max,rho_raw_mean,rho_filtered_mean,rho_projected_mean,rho_final_mean,drho,dseed,min_seed_dist,grad_mean,best_score,best_step,best_hard_score,best_hard_step,fem_valid,fem_failure_reason,optimizer_step_skipped,w_geo_mean,centerline_radius_mean,active_units_total,active_units_mean,active_units_frac_mean,inactive_units_total,inactive_units_mean,inactive_units_frac_mean,anchor_update_allowed,collapse_active
0,17.738515853881836,0.0,0.0002621460007503629,0.0,1.773799180984497,0.0012945211492478848,3.6413352489471436,1.0152015686035156,0.67912757396698,0.6689583576010131,2812.882007422401,0.0012945211492478848,3.6413352489471436,1.0152015686035156,0.67912757396698,0.6689583576010131,2812.882007422401,0.04149385169148445,121,44e61ccfd73a4e51,0.0,0.0,0.0,0.0,nan,nan,nan,nan,nan,nan,nan,nan,nan,nan,nan,nan,0.0,0.0,0.0,nan,nan,0.20000000298023224,0.20000000298023224,0.1,0.0,0.0,0.0,0.0,0.0,0.0,0.0,0.0,0.0,0.0,0.0,0.0,0.0,0.04149385169148445,0.00041115417820947187,17.738515853881836,0,nan,-1.0,True,,False,0.07780987024307251,0.07780987024307251,40.0,40.0,1.0,0.0,0.0,0.0,1.0,0.0
1,17.739971160888672,0.0,0.00026212690863758326,0.0,1.773944616317749,0.0013562182430177927,3.6412830352783203,1.0151984691619873,0.6791603565216064,0.6689926917268018,2684.8798517677433,0.0013562182430177927,3.6412830352783203,1.0151984691619873,0.6791603565216064,0.6689926917268018,2684.8798517677433,0.04149385169148445,121,44e61ccfd73a4e51,0.0,0.0,0.0,0.0,nan,nan,nan,nan,nan,nan,nan,nan,nan,nan,nan,nan,0.0,0.0,0.0,nan,nan,0.20000000298023224,0.20000000298023224,0.09999999040128,0.0,0.0,0.0,0.0,0.0,0.0,0.0,0.0,0.0,0.0,0.0,0.0,1.1466909199953079e-07,0.04149385169148445,0.00041134752768812177,17.738515853881836,0,nan,-1.0,True,,False,0.07780987024307251,0.07780987024307251,40.0,40.0,1.0,0.0,0.0,0.0,0.0,0.0
2,17.727401733398438,0.0,0.0002621841267682612,0.0,1.7726877927780151,0.0014026209246367216,3.6410951614379883,1.0151994228363037,0.6791504621505737,0.6689823170438146,2595.9224602192717,0.0014026209246367216,3.6410951614379883,1.0151994228363037,0.6791504621505737,0.6689823170438146,2595.9224602192717,0.04149385169148445,121,44e61ccfd73a4e51,0.0,0.0,0.0,0.0,nan,nan,nan,nan,nan,nan,nan,nan,nan,nan,nan,nan,0.0,0.0,0.0,nan,nan,0.20000000298023224,0.20000000298023224,0.09999996161024,0.0,0.0,0.0,0.0,0.0,0.0,0.0,0.0,0.0,0.0,0.0,0.0,2.3170723295606876e-07,0.04149385169148445,0.0004117013770610356,17.727401733398438,2,nan,-1.0,True,,False,0.07780987024307251,0.07780987024307251,40.0,40.0,1.0,0.0,0.0,0.0,0.0,0.0
3,17.770524978637695,0.0,0.0002622795000206679,0.0,1.7769999504089355,0.0012991497060284019,3.6410343647003174,1.0151828527450562,0.6791055798530579,0.6689490253078598,2802.6287869711587,0.0012991497060284019,3.6410343647003174,1.0151828527450562,0.6791055798530579,0.6689490253078598,2802.6287869711587,0.04149313271045685,121,44e61ccfd73a4e51,0.0,0.0,0.0,0.0,nan,nan,nan,nan,nan,nan,nan,nan,nan,nan,nan,nan,0.0,0.0,0.0,nan,nan,0.20000000298023224,0.20000000298023224,0.09999991363456001,0.0,0.0,0.0,0.0,0.0,0.0,0.0,0.0,0.0,0.0,0.0,0.0,3.429013304412365e-07,0.04149313271045685,0.00041105939021690574,17.727401733398438,2,nan,-1.0,True,,False,0.07780987024307251,0.07780987024307251,40.0,40.0,1.0,0.0,0.0,0.0,0.0,0.0
4,17.894969940185547,0.0,0.00026238441932946444,0.0,1.7894445657730103,0.0012112834956496954,3.641033887863159,1.0151903629302979,0.6791305541992188,0.6689686772034964,3005.9304043519724,0.0012112834956496954,3.641033887863159,1.0151903629302979,0.6791305541992188,0.6689686772034964,3005.9304043519724,0.04149241745471954,121,44e61ccfd73a4e51,0.0,0.0,0.0,0.0,nan,nan,nan,nan,nan,nan,nan,nan,nan,nan,nan,nan,0.0,0.0,0.0,nan,nan,0.20000000298023224,0.20000000298023224,0.09999984648192001,0.0,0.0,0.0,0.0,0.0,0.0,0.0,0.0,0.0,0.0,0.0,0.0,4.5516645741372486e-07,0.04149241745471954,0.0004107850968466664,17.727401733398438,2,nan,-1.0,True,,False,0.07780987024307251,0.07780987024307251,40.0,40.0,1.0,0.0,0.0,0.0,0.0,0.0
5,17.79574966430664,0.0,0.00026229859213344753,0.0,1.7795225381851196,0.0012587194796651602,3.6409900188446045,1.0151846408843994,0.6791021227836609,0.6689444416653574,2892.6143415315755,0.0012587194796651602,3.6409900188446045,1.0151846408843994,0.6791021227836609,0.6689444416653574,2892.6143415315755,0.04149313271045685,121,44e61ccfd73a4e51,0.0,0.0,0.0,0.0,nan,nan,nan,nan,nan,nan,nan,nan,nan,nan,nan,nan,0.0,0.0,0.0,nan,nan,0.20000000298023224,0.20000000298023224,0.09999976016,0.0,0.0,0.0,0.0,0.0,0.0,0.0,0.0,0.0,0.0,0.0,0.0,5.682581445398682e-07,0.04149313271045685,0.0004108054015432572,17.727401733398438,2,nan,-1.0,True,,False,0.07780987024307251,0.07780987024307251,40.0,40.0,1.0,0.0,0.0,0.0,0.0,0.0
6,17.015178680419922,0.0,0.0002668523811735213,0.0,1.7014644145965576,0.002293144352734089,3.6402320861816406,1.0152093172073364,0.6791622042655945,0.6689873632502222,1587.44131473513,0.002293144352734089,3.6402320861816406,1.0152093172073364,0.6791622042655945,0.6689873632502222,1587.44131473513,0.04146295785903931,121,44e61ccfd73a4e51,0.0,0.0,0.0,0.0,nan,nan,nan,nan,nan,nan,nan,nan,nan,nan,nan,nan,0.0,0.0,0.0,nan,nan,0.20000000298023224,0.20000000298023224,0.09999965467648,0.0,0.0,0.0,0.0,0.0,0.0,0.0,0.0,0.0,0.0,0.0,0.0,6.5228232415393e-05,0.04146295785903931,0.00041569920222173096,17.015178680419922,6,nan,-1.0,True,,False,0.07780987024307251,0.07780987024307251,40.0,40.0,1.0,0.0,0.0,0.0,0.0,0.0
7,17.992626190185547,0.0,0.00027165887877345085,0.0,1.7992082834243774,0.0012491610832512379,3.6408042907714844,1.015203833580017,0.6792284846305847,0.6690562645290177,2914.5995176982524,0.0012491610832512379,3.6408042907714844,1.015203833580017,0.6792284846305847,0.6690562645290177,2914.5995176982524,0.04143203794956207,121,44e61ccfd73a4e51,0.0,0.0,0.0,0.0,nan,nan,nan,nan,nan,nan,nan,nan,nan,nan,nan,nan,0.0,0.0,0.0,nan,nan,0.20000000298023224,0.20000000298023224,0.09999953003904001,0.0,0.0,0.0,0.0,0.0,0.0,0.0,0.0,0.0,0.0,0.0,0.0,0.00013048030086793005,0.04143203794956207,0.000411591196552763,17.015178680419922,6,nan,-1.0,True,,False,0.07780987024307251,0.07780987024307251,40.0,40.0,1.0,0.0,0.0,0.0,0.0,0.0
8,18.134233474731445,0.0,0.0002763366501312703,0.0,1.8133680820465088,0.0012047712225466967,3.640848159790039,1.0151984691619873,0.6792557835578918,0.6690866901312361,3022.0245069382213,0.0012047712225466967,3.640848159790039,1.0151984691619873,0.6792557835578918,0.6690866901312361,3022.0245069382213,0.04140253737568855,121,44e61ccfd73a4e51,0.0,0.0,0.0,0.0,nan,nan,nan,nan,nan,nan,nan,nan,nan,nan,nan,nan,0.0,0.0,0.0,nan,nan,0.20000000298023224,0.20000000298023224,0.09999938625536,0.0,0.0,0.0,0.0,0.0,0.0,0.0,0.0,0.0,0.0,0.0,0.0,0.00019570186850614846,0.04140253737568855,0.0004118300562367949,17.015178680419922,6,nan,-1.0,True,,False,0.07780987024307251,0.07780987024307251,40.0,40.0,1.0,0.0,0.0,0.0,0.0,0.0
9,17.998188018798828,0.0,0.0002816581691149622,0.0,1.799762487411499,0.0013809100491926074,3.640645742416382,1.0152002573013306,0.6792864799499512,0.6691157484097506,2636.4104921569656,0.0013809100491926074,3.640645742416382,1.0152002573013306,0.6792864799499512,0.6691157484097506,2636.4104921569656,0.04137013107538223,121,44e61ccfd73a4e51,0.0,0.0,0.0,0.0,nan,nan,nan,nan,nan,nan,nan,nan,nan,nan,nan,nan,0.0,0.0,0.0,nan,nan,0.20000000298023224,0.20000000298023224,0.09999922333312,0.0,0.0,0.0,0.0,0.0,0.0,0.0,0.0,0.0,0.0,0.0,0.0,0.00026090451865457,0.04137013107538223,0.0004133329384785611,17.015178680419922,6,nan,-1.0,True,,False,0.07780987024307251,0.07780987024307251,40.0,40.0,1.0,0.0,0.0,0.0,0.0,0.0
10,18.334033966064453,0.0,0.0002864933048840612,0.0,1.8333461284637451,0.0012257685884833336,3.6404671669006348,1.0152063369750977,0.679336428642273,0.6691609418696296,2969.9465307762966,0.0012257685884833336,3.6404671669006348,1.0152063369750977,0.679336428642273,0.6691609418696296,2969.9465307762966,0.041341304779052734,121,44e61ccfd73a4e51,0.0,0.0,0.0,0.0,nan,nan,nan,nan,nan,nan,nan,nan,nan,nan,nan,nan,0.0,0.0,0.0,nan,nan,0.20000000298023224,0.20000000298023224,0.09999904128,0.0,0.0,0.0,0.0,0.0,0.0,0.0,0.0,0.0,0.0,0.0,0.0,0.0003260802186559886,0.041341304779052734,0.00041342543113387364,17.015178680419922,6,nan,-1.0,True,,False,0.07780987024307251,0.07780987024307251,40.0,40.0,1.0,0.0,0.0,0.0,0.0,0.0
11,18.47770118713379,0.0,0.00029217719566076994,0.0,1.8477118015289307,0.001243008067831397,3.6403791904449463,1.0152195692062378,0.6794160604476929,0.6692306581313271,2928.6850863294085,0.001243008067831397,3.6403791904449463,1.0152195692062378,0.6794160604476929,0.6692306581313271,2928.6850863294085,0.04130813106894493,121,44e61ccfd73a4e51,0.0,0.0,0.0,0.0,nan,nan,nan,nan,nan,nan,nan,nan,nan,nan,nan,nan,0.0,0.0,0.0,nan,nan,0.20000000298023224,0.20000000298023224,0.09999884010368,0.0,0.0,0.0,0.0,0.0,0.0,0.0,0.0,0.0,0.0,0.0,0.0,0.0003912326938007027,0.04130813106894493,0.00041472159568911593,17.015178680419922,6,nan,-1.0,True,,False,0.07780987024307251,0.07780987024307251,40.0,40.0,1.0,0.0,0.0,0.0,0.0,0.0
12,18.575897216796875,0.0,0.0002972316578961909,0.0,1.8575302362442017,0.0012650447897613049,3.6402459144592285,1.015220046043396,0.6794365644454956,0.6692505404059494,2877.56286885786,0.0012650447897613049,3.6402459144592285,1.015220046043396,0.6794365644454956,0.6692505404059494,2877.56286885786,0.04127926379442215,121,44e61ccfd73a4e51,0.0,0.0,0.0,0.0,nan,nan,nan,nan,nan,nan,nan,nan,nan,nan,nan,nan,0.0,0.0,0.0,nan,nan,0.20000000298023224,0.20000000298023224,0.09999861981184,0.0,0.0,0.0,0.0,0.0,0.0,0.0,0.0,0.0,0.0,0.0,0.0,0.00045635789865627885,0.04127926379442215,0.00041609032359701814,17.015178680419922,6,nan,-1.0,True,,False,0.07780987024307251,0.07780987024307251,40.0,40.0,1.0,0.0,0.0,0.0,0.0,0.0
13,18.42026138305664,0.0,0.0003028583596460521,0.0,1.8419654369354248,0.0016034545842558146,3.6401169300079346,1.0152348279953003,0.6794942617416382,0.6692976275088779,2270.1715195116444,0.0016034545842558146,3.6401169300079346,1.0152348279953003,0.6794942617416382,0.6692976275088779,2270.1715195116444,0.04124820604920387,121,44e61ccfd73a4e51,0.0,0.0,0.0,0.0,nan,nan,nan,nan,nan,nan,nan,nan,nan,nan,nan,nan,0.0,0.0,0.0,nan,nan,0.20000000298023224,0.20000000298023224,0.09999838041216001,0.0,0.0,0.0,0.0,0.0,0.0,0.0,0.0,0.0,0.0,0.0,0.0,0.0005214603152126074,0.04124820604920387,0.00042123363573409733,17.015178680419922,6,nan,-1.0,True,,False,0.07780987024307251,0.07780987024307251,40.0,40.0,1.0,0.0,0.0,0.0,0.0,0.0
14,18.961931228637695,0.0,0.00030875205993652344,0.0,1.8961313962936401,0.0016601781826466322,3.6398024559020996,1.0152415037155151,0.6795865297317505,0.669384109342106,2192.416750170502,0.0016601781826466322,3.6398024559020996,1.0152415037155151,0.6795865297317505,0.669384109342106,2192.416750170502,0.0412164032459259,121,44e61ccfd73a4e51,0.0,0.0,0.0,0.0,nan,nan,nan,nan,nan,nan,nan,nan,nan,nan,nan,nan,0.0,0.0,0.0,nan,nan,0.20000000298023224,0.20000000298023224,0.09999812191232,0.0,0.0,0.0,0.0,0.0,0.0,0.0,0.0,0.0,0.0,0.0,0.0,0.0005865425337105989,0.0412164032459259,0.0004292006017294625,17.015178680419922,6,nan,-1.0,True,,False,0.07780987024307251,0.07780987024307251,40.0,40.0,1.0,0.0,0.0,0.0,0.0,0.0
15,19.759828567504883,0.0,0.00031451223185285926,0.0,1.9759199619293213,0.0014391163131222129,3.6397228240966797,1.0152497291564941,0.6796376705169678,0.6694290586825717,2529.137353880851,0.0014391163131222129,3.6397228240966797,1.0152497291564941,0.6796376705169678,0.6694290586825717,2529.137353880851,0.041186023503541946,121,44e61ccfd73a4e51,0.0,0.0,0.0,0.0,nan,nan,nan,nan,nan,nan,nan,nan,nan,nan,nan,nan,0.0,0.0,0.0,nan,nan,0.20000000298023224,0.20000000298023224,0.09999784432000001,0.0,0.0,0.0,0.0,0.0,0.0,0.0,0.0,0.0,0.0,0.0,0.0,0.0006515919230878353,0.041186023503541946,0.0004341468247730518,17.015178680419922,6,nan,-1.0,True,,False,0.07780987024307251,0.07780987024307251,40.0,40.0,1.0,0.0,0.0,0.0,0.0,0.0
16,19.422494888305664,0.0,0.0003205585526302457,0.0,1.942185401916504,0.0017877706559374928,3.6394433975219727,1.015241265296936,0.6796358823776245,0.6694328782812485,2035.7440063325557,0.0017877706559374928,3.6394433975219727,1.015241265296936,0.6796358823776245,0.6694328782812485,2035.7440063325557,0.0411548987030983,121,44e61ccfd73a4e51,0.0,0.0,0.0,0.0,nan,nan,nan,nan,nan,nan,nan,nan,nan,nan,nan,nan,0.0,0.0,0.0,nan,nan,0.20000000298023224,0.20000000298023224,0.09999754764288,0.0,0.0,0.0,0.0,0.0,0.0,0.0,0.0,0.0,0.0,0.0,0.0,0.000716624257620424,0.0411548987030983,0.0004381781257052353,17.015178680419922,6,nan,-1.0,True,,False,0.07780987024307251,0.07780987024307251,40.0,40.0,1.0,0.0,0.0,0.0,0.0,0.0
17,23.364606857299805,0.0,0.00032681465381756425,0.0,2.336395263671875,0.00033639188040979207,3.6392147541046143,1.0152649879455566,0.6797258853912354,0.6695058861102827,10818.378700672944,0.00033639188040979207,3.6392147541046143,1.0152649879455566,0.6797258853912354,0.6695058861102827,10818.378700672944,0.04112374782562256,121,44e61ccfd73a4e51,0.0,0.0,0.0,0.0,nan,nan,nan,nan,nan,nan,nan,nan,nan,nan,nan,nan,0.0,0.0,0.0,nan,nan,0.20000000298023224,0.20000000298023224,0.09999723188864001,0.0,0.0,0.0,0.0,0.0,0.0,0.0,0.0,0.0,0.0,0.0,0.0,0.000781636219471693,0.04112374782562256,0.00042448035060260736,17.015178680419922,6,nan,-1.0,True,,False,0.07780987024307251,0.07780987024307251,40.0,40.0,1.0,0.0,0.0,0.0,0.0,0.0
18,24.80105972290039,0.0,0.0003331899642944336,0.0,2.480039358139038,0.0001661056885495782,3.639010429382324,1.015278935432434,0.6797716617584229,0.6695417761906881,21907.80135923024,0.0001661056885495782,3.639010429382324,1.015278935432434,0.6797716617584229,0.6695417761906881,21907.80135923024,0.04109257459640503,121,44e61ccfd73a4e51,0.0,0.0,0.0,0.0,nan,nan,nan,nan,nan,nan,nan,nan,nan,nan,nan,nan,0.0,0.0,0.0,nan,nan,0.20000000298023224,0.20000000298023224,0.09999689706496001,0.0,0.0,0.0,0.0,0.0,0.0,0.0,0.0,0.0,0.0,0.0,0.0,0.0008466193685308099,0.04109257459640503,0.00042042535778819,17.015178680419922,6,nan,-1.0,True,,False,0.07780987024307251,0.07780987024307251,40.0,40.0,1.0,0.0,0.0,0.0,0.0,0.0
19,21.05034828186035,0.0,0.0003394174564164132,0.0,2.104966878890991,0.0012792980996891856,3.6389694213867188,1.015254020690918,0.6797056794166565,0.6694932160466517,2844.5046719531842,0.0012792980996891856,3.6389694213867188,1.015254020690918,0.6797056794166565,0.6694932160466517,2844.5046719531842,0.04106282815337181,121,5311782dc511853e,0.0,0.0,0.0,0.0,nan,nan,nan,nan,nan,nan,nan,nan,nan,nan,nan,nan,0.0,0.0,0.0,nan,nan,0.20000000298023224,0.20000000298023224,0.09999654317952,0.0,0.0,0.0,0.0,0.0,0.0,0.0,0.0,0.0,0.0,0.0,0.0,0.0009115892462432384,0.04106282815337181,0.0004215804403884249,17.015178680419922,6,nan,-1.0,True,,False,0.07780987024307251,0.07780987024307251,40.0,40.0,1.0,0.0,0.0,0.0,0.0,0.0
20,19.84099006652832,0.0,0.0003461265587247908,0.0,1.984029769897461,0.002191313775256276,3.6387133598327637,1.0152517557144165,0.679713785648346,0.669502694107672,1660.5168100160429,0.002191313775256276,3.6387133598327637,1.0152517557144165,0.679713785648346,0.669502694107672,1660.5168100160429,0.0410316064953804,121,fcb728db75633fe1,0.0,0.0,0.0,0.0,nan,nan,nan,nan,nan,nan,nan,nan,nan,nan,nan,nan,0.0,0.0,0.0,nan,nan,0.20000000298023224,0.20000000298023224,0.09999617024000002,0.0,0.0,0.0,0.0,0.0,0.0,0.0,0.0,0.0,0.0,0.0,0.0,0.0009765365393832326,0.0410316064953804,0.000425900368099974,17.015178680419922,6,nan,-1.0,True,,False,0.07780987024307251,0.07780987024307251,40.0,40.0,1.0,0.0,0.0,0.0,0.0,0.0
21,18.601896286010742,0.0,0.0003532409609761089,0.0,1.860119104385376,0.0028936099261045456,3.637580633163452,1.015216588973999,0.6795879006385803,0.6694018872616998,1257.1081541942524,0.0028936099261045456,3.637580633163452,1.015216588973999,0.6795879006385803,0.6694018872616998,1257.1081541942524,0.040999636054039,121,fcb728db75633fe1,0.0,0.0,0.0,0.0,nan,nan,nan,nan,nan,nan,nan,nan,nan,nan,nan,nan,0.0,0.0,0.0,nan,nan,0.20000000298023224,0.20000000298023224,0.09999577825408001,0.0,0.0,0.0,0.0,0.0,0.0,0.0,0.0,0.0,0.0,0.0,0.0,0.001041465438902378,0.040999636054039,0.00042838802528422093,17.015178680419922,6,nan,-1.0,True,,False,0.07780987024307251,0.07780987024307251,40.0,40.0,1.0,0.0,0.0,0.0,0.0,0.0
22,18.820693969726562,0.0,0.0003601741627790034,0.0,1.8819972276687622,0.002130669541656971,3.638282060623169,1.0152181386947632,0.6796359419822693,0.6694481866291886,1707.5768858054655,0.002130669541656971,3.638282060623169,1.0152181386947632,0.6796359419822693,0.6694481866291886,1707.5768858054655,0.04096909612417221,121,fcb728db75633fe1,0.0,0.0,0.0,0.0,nan,nan,nan,nan,nan,nan,nan,nan,nan,nan,nan,nan,0.0,0.0,0.0,nan,nan,0.20000000298023224,0.20000000298023224,0.09999536722944001,0.0,0.0,0.0,0.0,0.0,0.0,0.0,0.0,0.0,0.0,0.0,0.0,0.0011063740821555257,0.04096909612417221,0.00042191747616016073,17.015178680419922,6,nan,-1.0,True,,False,0.07780987024307251,0.07780987024307251,40.0,40.0,1.0,0.0,0.0,0.0,0.0,0.0
23,17.707468032836914,0.0,0.0003673076571431011,0.0,1.7706732749938965,0.003317309310659766,3.6371521949768066,1.015215516090393,0.6795798540115356,0.6693946686597203,1096.416358670343,0.003317309310659766,3.6371521949768066,1.015215516090393,0.6795798540115356,0.6693946686597203,1096.416358670343,0.04093853384256363,121,fcb728db75633fe1,0.0,0.0,0.0,0.0,nan,nan,nan,nan,nan,nan,nan,nan,nan,nan,nan,nan,0.0,0.0,0.0,nan,nan,0.20000000298023224,0.20000000298023224,0.09999493717376001,0.0,0.0,0.0,0.0,0.0,0.0,0.0,0.0,0.0,0.0,0.0,0.0,0.0011712639825418591,0.04093853384256363,0.0004284398689833324,17.015178680419922,6,nan,-1.0,True,,False,0.07780987024307251,0.07780987024307251,40.0,40.0,1.0,0.0,0.0,0.0,0.0,0.0
24,17.902196884155273,0.0,0.00037457465077750385,0.0,1.7901448011398315,0.0027134933043271303,3.637576103210449,1.0151830911636353,0.6795606017112732,0.6693970847488596,1340.5509781099186,0.0027134933043271303,3.637576103210449,1.0151830911636353,0.6795606017112732,0.6693970847488596,1340.5509781099186,0.04090794548392296,121,fcb728db75633fe1,0.0,0.0,0.0,0.0,nan,nan,nan,nan,nan,nan,nan,nan,nan,nan,nan,nan,0.0,0.0,0.0,nan,nan,0.20000000298023224,0.20000000298023224,0.09999448809472,0.0,0.0,0.0,0.0,0.0,0.0,0.0,0.0,0.0,0.0,0.0,0.0,0.0012361350236460567,0.04090794548392296,0.00042464058242330793,17.015178680419922,6,nan,-1.0,True,,False,0.07780987024307251,0.07780987024307251,40.0,40.0,1.0,0.0,0.0,0.0,0.0,0.0
25,17.651519775390625,0.0,0.0003822564904112369,0.0,1.7650755643844604,0.0028667596634477377,3.6374425888061523,1.0151925086975098,0.6795697212219238,0.6693998580562918,1268.8341597605518,0.0028667596634477377,3.6374425888061523,1.0151925086975098,0.6795697212219238,0.6693998580562918,1268.8341597605518,0.0408766083419323,121,fcb728db75633fe1,0.0,0.0,0.0,0.0,nan,nan,nan,nan,nan,nan,nan,nan,nan,nan,nan,nan,0.0,0.0,0.0,nan,nan,0.20000000298023224,0.20000000298023224,0.09999402,0.0,0.0,0.0,0.0,0.0,0.0,0.0,0.0,0.0,0.0,0.0,0.0,0.0013009834801778197,0.0408766083419323,0.0004254058062542754,17.015178680419922,6,nan,-1.0,True,,False,0.07780987024307251,0.07780987024307251,40.0,40.0,1.0,0.0,0.0,0.0,0.0,0.0
26,17.573999404907227,0.0,0.0003901672316715121,0.0,1.7573219537734985,0.00285745644941926,3.637023687362671,1.0151827335357666,0.6795516610145569,0.6693885135809544,1272.8185894493151,0.00285745644941926,3.637023687362671,1.0151827335357666,0.6795516610145569,0.6693885135809544,1272.8185894493151,0.040845245122909546,121,fcb728db75633fe1,0.0,0.0,0.0,0.0,nan,nan,nan,nan,nan,nan,nan,nan,nan,nan,nan,nan,0.0,0.0,0.0,nan,nan,0.20000000298023224,0.20000000298023224,0.09999353289728001,0.0,0.0,0.0,0.0,0.0,0.0,0.0,0.0,0.0,0.0,0.0,0.0,0.0013658179668709636,0.040845245122909546,0.000425667257331952,17.015178680419922,6,nan,-1.0,True,,False,0.07780987024307251,0.07780987024307251,40.0,40.0,1.0,0.0,0.0,0.0,0.0,0.0
27,17.523954391479492,0.0,0.00039825437124818563,0.0,1.7523157596588135,0.002917263191193342,3.6368284225463867,1.0151557922363281,0.6794940829277039,0.6693495600619277,1246.6576322373908,0.002917263191193342,3.6368284225463867,1.0151557922363281,0.6794940829277039,0.6693495600619277,1246.6576322373908,0.040813859552145004,121,fcb728db75633fe1,0.0,0.0,0.0,0.0,nan,nan,nan,nan,nan,nan,nan,nan,nan,nan,nan,nan,0.0,0.0,0.0,nan,nan,0.20000000298023224,0.20000000298023224,0.09999302679424,0.0,0.0,0.0,0.0,0.0,0.0,0.0,0.0,0.0,0.0,0.0,0.0,0.001430635224096477,0.040813859552145004,0.0004266054388608609,17.015178680419922,6,nan,-1.0,True,,False,0.07780987024307251,0.07780987024307251,40.0,40.0,1.0,0.0,0.0,0.0,0.0,0.0
28,17.336227416992188,0.0,0.0004061794315930456,0.0,1.733541488647461,0.003107822500169277,3.636593818664551,1.0151588916778564,0.6794866323471069,0.6693401771067091,1170.142058777962,0.003107822500169277,3.636593818664551,1.0151588916778564,0.6794866323471069,0.6693401771067091,1170.142058777962,0.04078390821814537,121,fcb728db75633fe1,0.0,0.0,0.0,0.0,nan,nan,nan,nan,nan,nan,nan,nan,nan,nan,nan,nan,0.0,0.0,0.0,nan,nan,0.20000000298023224,0.20000000298023224,0.09999250169856,0.0,0.0,0.0,0.0,0.0,0.0,0.0,0.0,0.0,0.0,0.0,0.0,0.001495428616181016,0.04078390821814537,0.0004285806473944831,17.015178680419922,6,nan,-1.0,True,,False,0.07780987024307251,0.07780987024307251,40.0,40.0,1.0,0.0,0.0,0.0,0.0,0.0
29,17.19378089904785,0.0,0.0004149484448134899,0.0,1.7192951440811157,0.003467245027422905,3.6361470222473145,1.0151365995407104,0.6794610619544983,0.6693296865288025,1048.7136021505664,0.003467245027422905,3.6361470222473145,1.0151365995407104,0.6794610619544983,0.6693296865288025,1048.7136021505664,0.04075174406170845,121,fcb728db75633fe1,0.0,0.0,0.0,0.0,nan,nan,nan,nan,nan,nan,nan,nan,nan,nan,nan,nan,0.0,0.0,0.0,nan,nan,0.20000000298023224,0.20000000298023224,0.09999195761792001,0.0,0.0,0.0,0.0,0.0,0.0,0.0,0.0,0.0,0.0,0.0,0.0,0.001560215256176889,0.04075174406170845,0.0004325089364556334,17.015178680419922,6,nan,-1.0,True,,False,0.07780987024307251,0.07780987024307251,40.0,40.0,1.0,0.0,0.0,0.0,0.0,0.0
30,17.00147247314453,0.0,0.0004237318062223494,0.0,1.7000625133514404,0.003786936402320862,3.6358518600463867,1.0151463747024536,0.6794477105140686,0.669310089112242,960.1037550612465,0.003786936402320862,3.6358518600463867,1.0151463747024536,0.6794477105140686,0.669310089112242,960.1037550612465,0.04072028398513794,121,fcb728db75633fe1,0.0,0.0,0.0,0.0,nan,nan,nan,nan,nan,nan,nan,nan,nan,nan,nan,nan,0.0,0.0,0.0,nan,nan,0.20000000298023224,0.20000000298023224,0.09999139456,0.0,0.0,0.0,0.0,0.0,0.0,0.0,0.0,0.0,0.0,0.0,0.0,0.0016249738400802016,0.04072028398513794,0.00043598274532996584,17.00147247314453,30,nan,-1.0,True,,False,0.07780987024307251,0.07780987024307251,40.0,40.0,1.0,0.0,0.0,0.0,0.0,0.0
31,17.06835174560547,0.0,0.000432271946920082,0.0,1.7067487239837646,0.0037245836574584246,3.6356191635131836,1.0151363611221313,0.679440975189209,0.669310056471778,976.114244670786,0.0037245836574584246,3.6356191635131836,1.0151363611221313,0.679440975189209,0.669310056471778,976.114244670786,0.04069026559591293,121,fcb728db75633fe1,0.0,0.0,0.0,0.0,nan,nan,nan,nan,nan,nan,nan,nan,nan,nan,nan,nan,0.0,0.0,0.0,nan,nan,0.20000000298023224,0.20000000298023224,0.09999081253248,0.0,0.0,0.0,0.0,0.0,0.0,0.0,0.0,0.0,0.0,0.0,0.0,0.0016897177556529641,0.04069026559591293,0.00043662856683113205,17.00147247314453,30,nan,-1.0,True,,False,0.07780987024307251,0.07780987024307251,40.0,40.0,1.0,0.0,0.0,0.0,0.0,0.0
32,16.962236404418945,0.0,0.0004413652350194752,0.0,1.696135401725769,0.004056210163980722,3.6352577209472656,1.0151201486587524,0.6793745756149292,0.6692553354522283,896.2202583161178,0.004056210163980722,3.6352577209472656,1.0151201486587524,0.6793745756149292,0.6692553354522283,896.2202583161178,0.04065949469804764,121,fcb728db75633fe1,0.0,0.0,0.0,0.0,nan,nan,nan,nan,nan,nan,nan,nan,nan,nan,nan,nan,0.0,0.0,0.0,nan,nan,0.20000000298023224,0.20000000298023224,0.09999021154304,0.0,0.0,0.0,0.0,0.0,0.0,0.0,0.0,0.0,0.0,0.0,0.0,0.0017544415313750505,0.04065949469804764,0.00044107686653660494,16.962236404418945,32,nan,-1.0,True,,False,0.07780987024307251,0.07780987024307251,40.0,40.0,1.0,0.0,0.0,0.0,0.0,0.0
33,16.8904972076416,0.0,0.0004508209240157157,0.0,1.6889595985412598,0.0044759842567145824,3.6347570419311523,1.0151127576828003,0.6793674230575562,0.6692531621889467,812.0576019628587,0.0044759842567145824,3.6347570419311523,1.0151127576828003,0.6793674230575562,0.6692531621889467,812.0576019628587,0.040627963840961456,121,fcb728db75633fe1,0.0,0.0,0.0,0.0,nan,nan,nan,nan,nan,nan,nan,nan,nan,nan,nan,nan,0.0,0.0,0.0,nan,nan,0.20000000298023224,0.20000000298023224,0.09998959159936,0.0,0.0,0.0,0.0,0.0,0.0,0.0,0.0,0.0,0.0,0.0,0.0,0.0018191483104601502,0.040627963840961456,0.0004466110290195502,16.8904972076416,33,nan,-1.0,True,,False,0.07780987024307251,0.07780987024307251,40.0,40.0,1.0,0.0,0.0,0.0,0.0,0.0
34,16.93463897705078,0.0,0.0004601478576660156,0.0,1.6933720111846924,0.00452983845025301,3.63440203666687,1.0151009559631348,0.679319441318512,0.6692136750811835,802.3248680013907,0.00452983845025301,3.63440203666687,1.0151009559631348,0.679319441318512,0.6692136750811835,802.3248680013907,0.04059787839651108,121,fcb728db75633fe1,0.0,0.0,0.0,0.0,nan,nan,nan,nan,nan,nan,nan,nan,nan,nan,nan,nan,0.0,0.0,0.0,nan,nan,0.20000000298023224,0.20000000298023224,0.09998895270911999,0.0,0.0,0.0,0.0,0.0,0.0,0.0,0.0,0.0,0.0,0.0,0.0,0.0018838417017832398,0.04059787839651108,0.00044915425064573355,16.8904972076416,33,nan,-1.0,True,,False,0.07780987024307251,0.07780987024307251,40.0,40.0,1.0,0.0,0.0,0.0,0.0,0.0
35,16.982017517089844,0.0,0.000470418919576332,0.0,1.6981077194213867,0.004783283453434706,3.6340301036834717,1.0150880813598633,0.6792923808097839,0.6691955045908622,759.7354702184759,0.004783283453434706,3.6340301036834717,1.0150880813598633,0.6792923808097839,0.6691955045908622,759.7354702184759,0.04056556522846222,121,fcb728db75633fe1,0.0,0.0,0.0,0.0,nan,nan,nan,nan,nan,nan,nan,nan,nan,nan,nan,nan,0.0,0.0,0.0,nan,nan,0.20000000298023224,0.20000000298023224,0.09998829488000001,0.0,0.0,0.0,0.0,0.0,0.0,0.0,0.0,0.0,0.0,0.0,0.0,0.0019485108787193894,0.04056556522846222,0.00045436927098307933,16.8904972076416,33,nan,-1.0,True,,False,0.07780987024307251,0.07780987024307251,40.0,40.0,1.0,0.0,0.0,0.0,0.0,0.0
36,17.029991149902344,0.0,0.0004804706550203264,0.0,1.702902913093567,0.004946857690811157,3.6336612701416016,1.0150777101516724,0.6792606711387634,0.6691711032027968,734.5392766990584,0.004946857690811157,3.6336612701416016,1.0150777101516724,0.6792606711387634,0.6691711032027968,734.5392766990584,0.040534697473049164,121,fcb728db75633fe1,0.0,0.0,0.0,0.0,nan,nan,nan,nan,nan,nan,nan,nan,nan,nan,nan,nan,0.0,0.0,0.0,nan,nan,0.20000000298023224,0.20000000298023224,0.09998761811968,0.0,0.0,0.0,0.0,0.0,0.0,0.0,0.0,0.0,0.0,0.0,0.0,0.0020131615456193686,0.040534697473049164,0.0004582915660193976,16.8904972076416,33,nan,-1.0,True,,False,0.07780987024307251,0.07780987024307251,40.0,40.0,1.0,0.0,0.0,0.0,0.0,0.0
37,17.25054359436035,0.0,0.0004908275441266596,0.0,1.7249560356140137,0.005225949455052614,3.6332602500915527,1.0150885581970215,0.6793056130409241,0.6692082257803124,695.2344796559028,0.005225949455052614,3.6332602500915527,1.0150885581970215,0.6793056130409241,0.6692082257803124,695.2344796559028,0.04050380364060402,121,fcb728db75633fe1,0.0,0.0,0.0,0.0,nan,nan,nan,nan,nan,nan,nan,nan,nan,nan,nan,nan,0.0,0.0,0.0,nan,nan,0.20000000298023224,0.20000000298023224,0.09998692243584001,0.0,0.0,0.0,0.0,0.0,0.0,0.0,0.0,0.0,0.0,0.0,0.0,0.0020778020843863487,0.04050380364060402,0.00046401035501730803,16.8904972076416,33,nan,-1.0,True,,False,0.07780987024307251,0.07780987024307251,40.0,40.0,1.0,0.0,0.0,0.0,0.0,0.0
38,17.316383361816406,0.0,0.0005014323978684843,0.0,1.7315380573272705,0.004522517789155245,3.632974624633789,1.0150574445724487,0.6791890859603882,0.6691139398977254,803.3079788752777,0.004522517789155245,3.632974624633789,1.0150574445724487,0.6791890859603882,0.6691139398977254,803.3079788752777,0.04047289118170738,121,fcb728db75633fe1,0.0,0.0,0.0,0.0,nan,nan,nan,nan,nan,nan,nan,nan,nan,nan,nan,nan,0.0,0.0,0.0,nan,nan,0.20000000298023224,0.20000000298023224,0.09998620783616001,0.0,0.0,0.0,0.0,0.0,0.0,0.0,0.0,0.0,0.0,0.0,0.0,0.002142420271411538,0.04047289118170738,0.00046929065706535766,16.8904972076416,33,nan,-1.0,True,,False,0.07780987024307251,0.07780987024307251,40.0,40.0,1.0,0.0,0.0,0.0,0.0,0.0
39,17.850927352905273,0.0,0.0005123328883200884,0.0,1.7849903106689453,0.0030198972672224045,3.6325807571411133,1.0150601863861084,0.6792022585868835,0.6691251097188918,1202.882229329024,0.0030198972672224045,3.6325807571411133,1.0150601863861084,0.6792022585868835,0.6691251097188918,1202.882229329024,0.040441952645778656,121,fcb728db75633fe1,0.0,0.0,0.0,0.0,nan,nan,nan,nan,nan,nan,nan,nan,nan,nan,nan,nan,0.0,0.0,0.0,nan,nan,0.20000000298023224,0.20000000298023224,0.09998547432832,0.0,0.0,0.0,0.0,0.0,0.0,0.0,0.0,0.0,0.0,0.0,0.0,0.0022070189006626606,0.040441952645778656,0.00046409088304244506,16.8904972076416,33,nan,-1.0,True,,False,0.07780987024307251,0.07780987024307251,40.0,40.0,1.0,0.0,0.0,0.0,0.0,0.0
40,18.460681915283203,0.0,0.0005238294252194464,0.0,1.845963478088379,0.0018321475945413113,3.631992816925049,1.0150319337844849,0.6791405081748962,0.6690828983505595,1982.3691212139158,0.0018321475945413113,3.631992816925049,1.0150319337844849,0.6791405081748962,0.6690828983505595,1982.3691212139158,0.040410250425338745,121,fcb728db75633fe1,0.0,0.0,0.0,0.0,nan,nan,nan,nan,nan,nan,nan,nan,nan,nan,nan,nan,0.0,0.0,0.0,nan,nan,0.20000000298023224,0.20000000298023224,0.09998472192000002,0.0,0.0,0.0,0.0,0.0,0.0,0.0,0.0,0.0,0.0,0.0,0.0,0.0022715958766639233,0.040410250425338745,0.00045293222729014815,16.8904972076416,33,nan,-1.0,True,,False,0.07780987024307251,0.07780987024307251,40.0,40.0,1.0,0.0,0.0,0.0,0.0,0.0
41,20.16264533996582,0.0,0.0005353355081751943,0.0,2.016157627105713,0.0006141053745523095,3.6315784454345703,1.0150307416915894,0.6791005730628967,0.669044340402093,5913.607983128362,0.0006141053745523095,3.6315784454345703,1.0150307416915894,0.6791005730628967,0.669044340402093,5913.607983128362,0.04037926346063614,121,fcb728db75633fe1,0.0,0.0,0.0,0.0,nan,nan,nan,nan,nan,nan,nan,nan,nan,nan,nan,nan,0.0,0.0,0.0,nan,nan,0.20000000298023224,0.20000000298023224,0.09998395061888,0.0,0.0,0.0,0.0,0.0,0.0,0.0,0.0,0.0,0.0,0.0,0.0,0.002336151897907257,0.04037926346063614,0.0004313979420658143,16.8904972076416,33,nan,-1.0,True,,False,0.07780987024307251,0.07780987024307251,40.0,40.0,1.0,0.0,0.0,0.0,0.0,0.0
42,19.502521514892578,0.0,0.0005471754120662808,0.0,1.9501426219940186,0.0008466099970974028,3.6311707496643066,1.015024185180664,0.6790469884872437,0.6689958706416244,4289.071428537051,0.0008466099970974028,3.6311707496643066,1.015024185180664,0.6790469884872437,0.6689958706416244,4289.071428537051,0.04034825414419174,121,37c3351bb4cc31aa,0.0,0.0,0.0,0.0,nan,nan,nan,nan,nan,nan,nan,nan,nan,nan,nan,nan,0.0,0.0,0.0,nan,nan,0.20000000298023224,0.20000000298023224,0.09998316043264001,0.0,0.0,0.0,0.0,0.0,0.0,0.0,0.0,0.0,0.0,0.0,0.0,0.0024006832391023636,0.04034825414419174,0.0004291661366551125,16.8904972076416,33,nan,-1.0,True,,False,0.07780987024307251,0.07780987024307251,40.0,40.0,1.0,0.0,0.0,0.0,0.0,0.0
43,17.864540100097656,0.0,0.0005590248038060963,0.0,1.7863422632217407,0.0020432453602552414,3.6300275325775146,1.0150237083435059,0.6789152026176453,0.6688663496595744,1776.5989357852025,0.0020432453602552414,3.6300275325775146,1.0150237083435059,0.6789152026176453,0.6688663496595744,1776.5989357852025,0.04031796008348465,121,37c3351bb4cc31aa,0.0,0.0,0.0,0.0,nan,nan,nan,nan,nan,nan,nan,nan,nan,nan,nan,nan,0.0,0.0,0.0,nan,nan,0.20000000298023224,0.20000000298023224,0.09998235136896,0.0,0.0,0.0,0.0,0.0,0.0,0.0,0.0,0.0,0.0,0.0,0.0,0.0024652122519910336,0.04031796008348465,0.00045199329565548396,16.8904972076416,33,nan,-1.0,True,,False,0.07780987024307251,0.07780987024307251,40.0,40.0,1.0,0.0,0.0,0.0,0.0,0.0
44,17.290668487548828,0.0,0.0005712127313017845,0.0,1.7289526462554932,0.0031844251789152622,3.6304221153259277,1.015008568763733,0.6788554787635803,0.6688174855414446,1140.0557122094447,0.0031844251789152622,3.6304221153259277,1.015008568763733,0.6788554787635803,0.6688174855414446,1140.0557122094447,0.04028763994574547,121,37c3351bb4cc31aa,0.0,0.0,0.0,0.0,nan,nan,nan,nan,nan,nan,nan,nan,nan,nan,nan,nan,0.0,0.0,0.0,nan,nan,0.20000000298023224,0.20000000298023224,0.09998152343552001,0.0,0.0,0.0,0.0,0.0,0.0,0.0,0.0,0.0,0.0,0.0,0.0,0.0025297265965491533,0.04028763994574547,0.0004700362737821706,16.8904972076416,33,nan,-1.0,True,,False,0.07780987024307251,0.07780987024307251,40.0,40.0,1.0,0.0,0.0,0.0,0.0,0.0
45,16.675424575805664,0.0,0.0005850028828717768,0.0,1.6674256324768066,0.004522570408880711,3.629965305328369,1.0149983167648315,0.6787692308425903,0.6687392674759053,802.6332322434197,0.004522570408880711,3.629965305328369,1.0149983167648315,0.6787692308425903,0.6687392674759053,802.6332322434197,0.04025433957576752,121,37c3351bb4cc31aa,0.0,0.0,0.0,0.0,nan,nan,nan,nan,nan,nan,nan,nan,nan,nan,nan,nan,0.0,0.0,0.0,nan,nan,0.20000000298023224,0.20000000298023224,0.09998067664,0.0,0.0,0.0,0.0,0.0,0.0,0.0,0.0,0.0,0.0,0.0,0.0,0.0025942318607121706,0.04025433957576752,0.00048390586061941576,16.675424575805664,45,nan,-1.0,True,,False,0.07780987024307251,0.07780987024307251,40.0,40.0,1.0,0.0,0.0,0.0,0.0,0.0
46,16.316190719604492,0.0,0.0005978631670586765,0.0,1.6314995288848877,0.0056889913976192474,3.6294214725494385,1.0149897336959839,0.6786779761314392,0.6686550155143944,637.9727475187067,0.0056889913976192474,3.6294214725494385,1.0149897336959839,0.6786779761314392,0.6686550155143944,637.9727475187067,0.040223974734544754,121,37c3351bb4cc31aa,0.0,0.0,0.0,0.0,nan,nan,nan,nan,nan,nan,nan,nan,nan,nan,nan,nan,0.0,0.0,0.0,nan,nan,0.20000000298023224,0.20000000298023224,0.09997981099008,0.0,0.0,0.0,0.0,0.0,0.0,0.0,0.0,0.0,0.0,0.0,0.0,0.0026587333995848894,0.040223974734544754,0.0004931343542011746,16.316190719604492,46,nan,-1.0,True,,False,0.07780987024307251,0.07780987024307251,40.0,40.0,1.0,0.0,0.0,0.0,0.0,0.0
47,15.955881118774414,0.0,0.0006117677548900247,0.0,1.5954657793045044,0.0069495560601353645,3.6290221214294434,1.0150055885314941,0.6786125898361206,0.6685801511870831,522.1948121616788,0.0069495560601353645,3.6290221214294434,1.0150055885314941,0.6786125898361206,0.6685801511870831,522.1948121616788,0.040192101150751114,121,37c3351bb4cc31aa,0.0,0.0,0.0,0.0,nan,nan,nan,nan,nan,nan,nan,nan,nan,nan,nan,nan,0.0,0.0,0.0,nan,nan,0.20000000298023224,0.20000000298023224,0.09997892649344,0.0,0.0,0.0,0.0,0.0,0.0,0.0,0.0,0.0,0.0,0.0,0.0,0.002723230514675379,0.040192101150751114,0.0005042845400566875,15.955881118774414,47,nan,-1.0,True,,False,0.07780987024307251,0.07780987024307251,40.0,40.0,1.0,0.0,0.0,0.0,0.0,0.0
48,15.66679573059082,0.0,0.0006249808939173818,0.0,1.5665545463562012,0.008239012211561203,3.6283974647521973,1.0149801969528198,0.6784737706184387,0.6684601065669626,440.3922911609152,0.008239012211561203,3.6283974647521973,1.0149801969528198,0.6784737706184387,0.6684601065669626,440.3922911609152,0.04016243293881416,121,37c3351bb4cc31aa,0.0,0.0,0.0,0.0,nan,nan,nan,nan,nan,nan,nan,nan,nan,nan,nan,nan,0.0,0.0,0.0,nan,nan,0.20000000298023224,0.20000000298023224,0.09997802315776,0.0,0.0,0.0,0.0,0.0,0.0,0.0,0.0,0.0,0.0,0.0,0.0,0.0027877113316208124,0.04016243293881416,0.0005146237199369352,15.66679573059082,48,nan,-1.0,True,,False,0.07780987024307251,0.07780987024307251,40.0,40.0,1.0,0.0,0.0,0.0,0.0,0.0
49,15.389514923095703,0.0,0.0006393241928890347,0.0,1.5388236045837402,0.009385287761688232,3.6279120445251465,1.0149879455566406,0.678357720375061,0.6683406668470683,386.55309636159257,0.009385287761688232,3.6279120445251465,1.0149879455566406,0.678357720375061,0.6683406668470683,386.55309636159257,0.04013125225901604,121,37c3351bb4cc31aa,0.0,0.0,0.0,0.0,nan,nan,nan,nan,nan,nan,nan,nan,nan,nan,nan,nan,0.0,0.0,0.0,nan,nan,0.20000000298023224,0.20000000298023224,0.09997710099072,0.0,0.0,0.0,0.0,0.0,0.0,0.0,0.0,0.0,0.0,0.0,0.0,0.002852190285921097,0.04013125225901604,0.0005248228749223927,15.389514923095703,49,nan,-1.0,True,,False,0.07780987024307251,0.07780987024307251,40.0,40.0,1.0,0.0,0.0,0.0,0.0,0.0
50,15.167282104492188,0.0,0.000654354109428823,0.0,1.5165973901748657,0.009666898287832737,3.627427101135254,1.014981746673584,0.6782797574996948,0.6682679365640141,375.24208832329634,0.009666898287832737,3.627427101135254,1.014981746673584,0.6782797574996948,0.6682679365640141,375.24208832329634,0.040099307894706726,121,37c3351bb4cc31aa,0.0,0.0,0.0,0.0,nan,nan,nan,nan,nan,nan,nan,nan,nan,nan,nan,nan,0.0,0.0,0.0,nan,nan,0.20000000298023224,0.20000000298023224,0.09997616000000001,0.0,0.0,0.0,0.0,0.0,0.0,0.0,0.0,0.0,0.0,0.0,0.0,0.0029166596941649914,0.040099307894706726,0.0005333213925950986,15.167282104492188,50,nan,-1.0,True,,False,0.07780987024307251,0.07780987024307251,40.0,40.0,1.0,0.0,0.0,0.0,0.0,0.0
51,14.968427658081055,0.0,0.0006694745970889926,0.0,1.496708869934082,0.010145410895347595,3.626913547515869,1.0149567127227783,0.6781408190727234,0.668147528433509,357.49301678644395,0.010145410895347595,3.626913547515869,1.0149567127227783,0.6781408190727234,0.668147528433509,357.49301678644395,0.04006808251142502,121,37c3351bb4cc31aa,0.0,0.0,0.0,0.0,nan,nan,nan,nan,nan,nan,nan,nan,nan,nan,nan,nan,0.0,0.0,0.0,nan,nan,0.20000000298023224,0.20000000298023224,0.09997520019328,0.0,0.0,0.0,0.0,0.0,0.0,0.0,0.0,0.0,0.0,0.0,0.0,0.0029811214189976454,0.04006808251142502,0.0005427852497632557,14.968427658081055,51,nan,-1.0,True,,False,0.07780987024307251,0.07780987024307251,40.0,40.0,1.0,0.0,0.0,0.0,0.0,0.0
52,14.83818531036377,0.0,0.0006846427568234503,0.0,1.483681559562683,0.01026139035820961,3.626553773880005,1.0149585008621216,0.6780767440795898,0.6680832206475643,353.4173876329133,0.01026139035820961,3.626553773880005,1.0149585008621216,0.6780767440795898,0.6680832206475643,353.4173876329133,0.040037572383880615,121,37c3351bb4cc31aa,0.0,0.0,0.0,0.0,nan,nan,nan,nan,nan,nan,nan,nan,nan,nan,nan,nan,0.0,0.0,0.0,nan,nan,0.20000000298023224,0.20000000298023224,0.09997422157824001,0.0,0.0,0.0,0.0,0.0,0.0,0.0,0.0,0.0,0.0,0.0,0.0,0.0030455791857093573,0.040037572383880615,0.0005487617386279453,14.83818531036377,52,nan,-1.0,True,,False,0.07780987024307251,0.07780987024307251,40.0,40.0,1.0,0.0,0.0,0.0,0.0,0.0
53,14.672645568847656,0.0,0.0007009792025201023,0.0,1.467124342918396,0.010688161477446556,3.6259074211120605,1.0149506330490112,0.6779663562774658,0.6679796378280867,339.2451946729293,0.010688161477446556,3.6259074211120605,1.0149506330490112,0.6779663562774658,0.6679796378280867,339.2451946729293,0.040005553513765335,121,37c3351bb4cc31aa,0.0,0.0,0.0,0.0,nan,nan,nan,nan,nan,nan,nan,nan,nan,nan,nan,nan,0.0,0.0,0.0,nan,nan,0.20000000298023224,0.20000000298023224,0.09997322416256,0.0,0.0,0.0,0.0,0.0,0.0,0.0,0.0,0.0,0.0,0.0,0.0,0.0031100295018404722,0.040005553513765335,0.000558910080599162,14.672645568847656,53,nan,-1.0,True,,False,0.07780987024307251,0.07780987024307251,40.0,40.0,1.0,0.0,0.0,0.0,0.0,0.0
54,14.488495826721191,0.0,0.0007173824124038219,0.0,1.4487061500549316,0.011244391091167927,3.625363826751709,1.0149400234222412,0.677872896194458,0.6678945361803369,322.41530887335506,0.011244391091167927,3.625363826751709,1.0149400234222412,0.677872896194458,0.6678945361803369,322.41530887335506,0.03997425362467766,121,37c3351bb4cc31aa,0.0,0.0,0.0,0.0,nan,nan,nan,nan,nan,nan,nan,nan,nan,nan,nan,nan,0.0,0.0,0.0,nan,nan,0.20000000298023224,0.20000000298023224,0.09997220795392,0.0,0.0,0.0,0.0,0.0,0.0,0.0,0.0,0.0,0.0,0.0,0.0,0.0031744695734232664,0.03997425362467766,0.0005698239547200501,14.488495826721191,54,nan,-1.0,True,,False,0.07780987024307251,0.07780987024307251,40.0,40.0,1.0,0.0,0.0,0.0,0.0,0.0
55,14.354713439941406,0.0,0.0007338571595028043,0.0,1.4353245496749878,0.011657876893877983,3.6248257160186768,1.0149418115615845,0.6778008937835693,0.6678224170710912,310.9336072953573,0.011657876893877983,3.6248257160186768,1.0149418115615845,0.6778008937835693,0.6678224170710912,310.9336072953573,0.039943672716617584,121,37c3351bb4cc31aa,0.0,0.0,0.0,0.0,nan,nan,nan,nan,nan,nan,nan,nan,nan,nan,nan,nan,0.0,0.0,0.0,nan,nan,0.20000000298023224,0.20000000298023224,0.09997117296000001,0.0,0.0,0.0,0.0,0.0,0.0,0.0,0.0,0.0,0.0,0.0,0.0,0.0032389075495302677,0.039943672716617584,0.0005809095755466842,14.354713439941406,55,nan,-1.0,True,,False,0.07780987024307251,0.07780987024307251,40.0,40.0,1.0,0.0,0.0,0.0,0.0,0.0
56,14.204278945922852,0.0,0.0007516145706176758,0.0,1.4202775955200195,0.012082105502486229,3.6244075298309326,1.0149399042129517,0.6776942610740662,0.6677186090141889,299.98145017729814,0.012082105502486229,3.6244075298309326,1.0149399042129517,0.6776942610740662,0.6677186090141889,299.98145017729814,0.039911579340696335,121,37c3351bb4cc31aa,0.0,0.0,0.0,0.0,nan,nan,nan,nan,nan,nan,nan,nan,nan,nan,nan,nan,0.0,0.0,0.0,nan,nan,0.20000000298023224,0.20000000298023224,0.09997011918848,0.0,0.0,0.0,0.0,0.0,0.0,0.0,0.0,0.0,0.0,0.0,0.0,0.0033033385407179594,0.039911579340696335,0.0005915788583479298,14.204278945922852,56,nan,-1.0,True,,False,0.07780987024307251,0.07780987024307251,40.0,40.0,1.0,0.0,0.0,0.0,0.0,0.0
57,14.110509872436523,0.0,0.0007694530067965388,0.0,1.4108970165252686,0.012330438010394573,3.623732805252075,1.0149294137954712,0.6776292324066162,0.6676614385157352,293.8851646792486,0.012330438010394573,3.623732805252075,1.0149294137954712,0.6776292324066162,0.6676614385157352,293.8851646792486,0.03988020494580269,121,4d74e5fbe21200af,0.0,0.0,0.0,0.0,nan,nan,nan,nan,nan,nan,nan,nan,nan,nan,nan,nan,0.0,0.0,0.0,nan,nan,0.20000000298023224,0.20000000298023224,0.09996904664704001,0.0,0.0,0.0,0.0,0.0,0.0,0.0,0.0,0.0,0.0,0.0,0.0,0.0033677599858492613,0.03988020494580269,0.0005988052871543914,14.110509872436523,57,nan,-1.0,True,,False,0.07780987024307251,0.07780987024307251,40.0,40.0,1.0,0.0,0.0,0.0,0.0,0.0
58,13.966997146606445,0.0,0.0007882213685661554,0.0,1.3965420722961426,0.013053128495812416,3.6231977939605713,1.0149502754211426,0.6775465607643127,0.667566261296074,277.57313467977673,0.013053128495812416,3.6231977939605713,1.0149502754211426,0.6775465607643127,0.667566261296074,277.57313467977673,0.03984805941581726,121,4d74e5fbe21200af,0.0,0.0,0.0,0.0,nan,nan,nan,nan,nan,nan,nan,nan,nan,nan,nan,nan,0.0,0.0,0.0,nan,nan,0.20000000298023224,0.20000000298023224,0.09996795534336,0.0,0.0,0.0,0.0,0.0,0.0,0.0,0.0,0.0,0.0,0.0,0.0,0.003432177472859621,0.03984805941581726,0.0006146036412246758,13.966997146606445,58,nan,-1.0,True,,False,0.07780987024307251,0.07780987024307251,40.0,40.0,1.0,0.0,0.0,0.0,0.0,0.0
59,13.81906795501709,0.0,0.0008066129521466792,0.0,1.381745457649231,0.01337173581123352,3.6225643157958984,1.0149266719818115,0.6774076819419861,0.6674449501058397,270.91204664338363,0.01337173581123352,3.6225643157958984,1.0149266719818115,0.6774076819419861,0.6674449501058397,270.91204664338363,0.03981738165020943,121,4d74e5fbe21200af,0.0,0.0,0.0,0.0,nan,nan,nan,nan,nan,nan,nan,nan,nan,nan,nan,nan,0.0,0.0,0.0,nan,nan,0.20000000298023224,0.20000000298023224,0.09996684528512001,0.0,0.0,0.0,0.0,0.0,0.0,0.0,0.0,0.0,0.0,0.0,0.0,0.0034965877421200275,0.03981738165020943,0.0006257909203668532,13.81906795501709,59,nan,-1.0,True,,False,0.07780987024307251,0.07780987024307251,40.0,40.0,1.0,0.0,0.0,0.0,0.0,0.0
60,13.675409317016602,0.0,0.0008259820751845837,0.0,1.3673757314682007,0.014680225402116776,3.621394395828247,1.0149390697479248,0.6772961020469666,0.6673268595475225,246.68520384612555,0.014680225402116776,3.621394395828247,1.0149390697479248,0.6772961020469666,0.6673268595475225,246.68520384612555,0.03978593274950981,121,4d74e5fbe21200af,0.0,0.0,0.0,0.0,nan,nan,nan,nan,nan,nan,nan,nan,nan,nan,nan,nan,0.0,0.0,0.0,nan,nan,0.20000000298023224,0.20000000298023224,0.09996571648000001,0.0,0.0,0.0,0.0,0.0,0.0,0.0,0.0,0.0,0.0,0.0,0.0,0.0035609938204288483,0.03978593274950981,0.0006506575064122444,13.675409317016602,60,nan,-1.0,True,,False,0.07780987024307251,0.07780987024307251,40.0,40.0,1.0,0.0,0.0,0.0,0.0,0.0
61,13.620255470275879,0.0,0.0008459281525574625,0.0,1.3618563413619995,0.014150862582027912,3.6214053630828857,1.0149037837982178,0.6771802306175232,0.6672358911533623,255.9141071500614,0.014150862582027912,3.6214053630828857,1.0149037837982178,0.6771802306175232,0.6672358911533623,255.9141071500614,0.039754461497068405,121,4d74e5fbe21200af,0.0,0.0,0.0,0.0,nan,nan,nan,nan,nan,nan,nan,nan,nan,nan,nan,nan,0.0,0.0,0.0,nan,nan,0.20000000298023224,0.20000000298023224,0.09996456893568001,0.0,0.0,0.0,0.0,0.0,0.0,0.0,0.0,0.0,0.0,0.0,0.0,0.0036253933794796467,0.039754461497068405,0.0006475039845099673,13.620255470275879,61,nan,-1.0,True,,False,0.07780987024307251,0.07780987024307251,40.0,40.0,1.0,0.0,0.0,0.0,0.0,0.0
62,13.533677101135254,0.0,0.0008663844782859087,0.0,1.3531944751739502,0.014718269929289818,3.620800018310547,1.0148950815200806,0.6770873665809631,0.6671501112872094,246.00717582336506,0.014718269929289818,3.620800018310547,1.0148950815200806,0.6770873665809631,0.6671501112872094,246.00717582336506,0.03972296416759491,121,4d74e5fbe21200af,0.0,0.0,0.0,0.0,nan,nan,nan,nan,nan,nan,nan,nan,nan,nan,nan,nan,0.0,0.0,0.0,nan,nan,0.20000000298023224,0.20000000298023224,0.09996340265984001,0.0,0.0,0.0,0.0,0.0,0.0,0.0,0.0,0.0,0.0,0.0,0.0,0.0036897906102240086,0.03972296416759491,0.0006580664453395002,13.533677101135254,62,nan,-1.0,True,,False,0.07780987024307251,0.07780987024307251,40.0,40.0,1.0,0.0,0.0,0.0,0.0,0.0
63,13.403263092041016,0.0,0.0008879470406100154,0.0,1.340148687362671,0.015291698276996613,3.6201937198638916,1.0148892402648926,0.676982581615448,0.6670507034233127,236.74242417598373,0.015291698276996613,3.6201937198638916,1.0148892402648926,0.676982581615448,0.6670507034233127,236.74242417598373,0.039690688252449036,121,4d74e5fbe21200af,0.0,0.0,0.0,0.0,nan,nan,nan,nan,nan,nan,nan,nan,nan,nan,nan,nan,0.0,0.0,0.0,nan,nan,0.20000000298023224,0.20000000298023224,0.09996221766016,0.0,0.0,0.0,0.0,0.0,0.0,0.0,0.0,0.0,0.0,0.0,0.0,0.003754178062081337,0.039690688252449036,0.0006753618431503128,13.403263092041016,63,nan,-1.0,True,,False,0.07780987024307251,0.07780987024307251,40.0,40.0,1.0,0.0,0.0,0.0,0.0,0.0
64,13.328911781311035,0.0,0.0009090995299629867,0.0,1.3327093124389648,0.015885338187217712,3.6195573806762695,1.0148932933807373,0.6769123673439026,0.6669788555691626,227.85522964747332,0.015885338187217712,3.6195573806762695,1.0148932933807373,0.6769123673439026,0.6669788555691626,227.85522964747332,0.03965989127755165,121,4d74e5fbe21200af,0.0,0.0,0.0,0.0,nan,nan,nan,nan,nan,nan,nan,nan,nan,nan,nan,nan,0.0,0.0,0.0,nan,nan,0.20000000298023224,0.20000000298023224,0.09996101394432,0.0,0.0,0.0,0.0,0.0,0.0,0.0,0.0,0.0,0.0,0.0,0.0,0.003818559693172574,0.03965989127755165,0.0006877410983179288,13.328911781311035,64,nan,-1.0,True,,False,0.07780987024307251,0.07780987024307251,40.0,40.0,1.0,0.0,0.0,0.0,0.0,0.0
65,13.228315353393555,0.0,0.0009308242588303983,0.0,1.3226454257965088,0.01637956127524376,3.6189329624176025,1.014878273010254,0.6767824292182922,0.6668606937567717,220.94199604035157,0.01637956127524376,3.6189329624176025,1.014878273010254,0.6767824292182922,0.6668606937567717,220.94199604035157,0.03962906822562218,121,4d74e5fbe21200af,0.0,0.0,0.0,0.0,nan,nan,nan,nan,nan,nan,nan,nan,nan,nan,nan,nan,0.0,0.0,0.0,nan,nan,0.20000000298023224,0.20000000298023224,0.09995979152000002,0.0,0.0,0.0,0.0,0.0,0.0,0.0,0.0,0.0,0.0,0.0,0.0,0.003882932709529996,0.03962906822562218,0.0007003363853073097,13.228315353393555,65,nan,-1.0,True,,False,0.07780987024307251,0.07780987024307251,40.0,40.0,1.0,0.0,0.0,0.0,0.0,0.0
66,13.140146255493164,0.0,0.0009548091911710799,0.0,1.3138236999511719,0.016697071492671967,3.618316173553467,1.0148578882217407,0.6766554117202759,0.6667489306369075,216.70364022466325,0.016697071492671967,3.618316173553467,1.0148578882217407,0.6766554117202759,0.6667489306369075,216.70364022466325,0.039595965296030045,121,4d74e5fbe21200af,0.0,0.0,0.0,0.0,nan,nan,nan,nan,nan,nan,nan,nan,nan,nan,nan,nan,0.0,0.0,0.0,nan,nan,0.20000000298023224,0.20000000298023224,0.09995855039488,0.0,0.0,0.0,0.0,0.0,0.0,0.0,0.0,0.0,0.0,0.0,0.0,0.003947311546653509,0.039595965296030045,0.0007119535457604798,13.140146255493164,66,nan,-1.0,True,,False,0.07780987024307251,0.07780987024307251,40.0,40.0,1.0,0.0,0.0,0.0,0.0,0.0
67,13.023713111877441,0.0,0.0009778117528185248,0.0,1.302175760269165,0.01811673864722252,3.616946220397949,1.0148816108703613,0.6765822172164917,0.666661224294187,199.64665223850673,0.01811673864722252,3.616946220397949,1.0148816108703613,0.6765822172164917,0.666661224294187,199.64665223850673,0.03956509381532669,121,4d74e5fbe21200af,0.0,0.0,0.0,0.0,nan,nan,nan,nan,nan,nan,nan,nan,nan,nan,nan,nan,0.0,0.0,0.0,nan,nan,0.20000000298023224,0.20000000298023224,0.09995729057664,0.0,0.0,0.0,0.0,0.0,0.0,0.0,0.0,0.0,0.0,0.0,0.0,0.004011679440736771,0.03956509381532669,0.0007392040461127181,13.023713111877441,67,nan,-1.0,True,,False,0.07780987024307251,0.07780987024307251,40.0,40.0,1.0,0.0,0.0,0.0,0.0,0.0
68,12.947891235351562,0.0,0.0010014342842623591,0.0,1.2945888042449951,0.01775343157351017,3.6170127391815186,1.0148690938949585,0.6764978766441345,0.6665863417397099,203.7359777012603,0.01775343157351017,3.6170127391815186,1.0148690938949585,0.6764978766441345,0.6665863417397099,203.7359777012603,0.039534199982881546,121,4d74e5fbe21200af,0.0,0.0,0.0,0.0,nan,nan,nan,nan,nan,nan,nan,nan,nan,nan,nan,nan,0.0,0.0,0.0,nan,nan,0.20000000298023224,0.20000000298023224,0.09995601207296001,0.0,0.0,0.0,0.0,0.0,0.0,0.0,0.0,0.0,0.0,0.0,0.0,0.004076047334820032,0.039534199982881546,0.0007429026613863243,12.947891235351562,68,nan,-1.0,True,,False,0.07780987024307251,0.07780987024307251,40.0,40.0,1.0,0.0,0.0,0.0,0.0,0.0
69,12.858284950256348,0.0,0.0010257147951051593,0.0,1.28562331199646,0.018434712663292885,3.6164207458496094,1.0148733854293823,0.6763981580734253,0.666485265831706,196.17451120085045,0.018434712663292885,3.6164207458496094,1.0148733854293823,0.6763981580734253,0.666485265831706,196.17451120085045,0.03950328007340431,121,4d74e5fbe21200af,0.0,0.0,0.0,0.0,nan,nan,nan,nan,nan,nan,nan,nan,nan,nan,nan,nan,0.0,0.0,0.0,nan,nan,0.20000000298023224,0.20000000298023224,0.09995471489152001,0.0,0.0,0.0,0.0,0.0,0.0,0.0,0.0,0.0,0.0,0.0,0.0,0.004140408243983984,0.03950328007340431,0.0007585234880025382,12.858284950256348,69,nan,-1.0,True,,False,0.07780987024307251,0.07780987024307251,40.0,40.0,1.0,0.0,0.0,0.0,0.0,0.0
70,12.796205520629883,0.0,0.0010512828594073653,0.0,1.2794102430343628,0.018910031765699387,3.615679979324341,1.0148627758026123,0.6762921810150146,0.6663878084208612,191.2043313371248,0.018910031765699387,3.615679979324341,1.0148627758026123,0.6762921810150146,0.6663878084208612,191.2043313371248,0.0394715815782547,121,4d74e5fbe21200af,0.0,0.0,0.0,0.0,nan,nan,nan,nan,nan,nan,nan,nan,nan,nan,nan,nan,0.0,0.0,0.0,nan,nan,0.20000000298023224,0.20000000298023224,0.09995339904,0.0,0.0,0.0,0.0,0.0,0.0,0.0,0.0,0.0,0.0,0.0,0.0,0.004204762168228626,0.0394715815782547,0.0007691175924264826,12.796205520629883,70,nan,-1.0,True,,False,0.07780987024307251,0.07780987024307251,40.0,40.0,1.0,0.0,0.0,0.0,0.0,0.0
71,12.754999160766602,0.0,0.0010795020498335361,0.0,1.2752840518951416,0.0194571353495121,3.6150054931640625,1.014855980873108,0.6761986613273621,0.6663001194963744,185.79330555228475,0.0194571353495121,3.6150054931640625,1.014855980873108,0.6761986613273621,0.6663001194963744,185.79330555228475,0.03943759202957153,121,4d74e5fbe21200af,0.0,0.0,0.0,0.0,nan,nan,nan,nan,nan,nan,nan,nan,nan,nan,nan,nan,0.0,0.0,0.0,nan,nan,0.20000000298023224,0.20000000298023224,0.09995206452608,0.0,0.0,0.0,0.0,0.0,0.0,0.0,0.0,0.0,0.0,0.0,0.0,0.004269117023795843,0.03943759202957153,0.0007817033024366538,12.754999160766602,71,nan,-1.0,True,,False,0.07780987024307251,0.07780987024307251,40.0,40.0,1.0,0.0,0.0,0.0,0.0,0.0
72,12.65233325958252,0.0,0.001105294213630259,0.0,1.265012264251709,0.019823383539915085,3.6143932342529297,1.0148497819900513,0.6760744452476501,0.6661817908872328,182.3297837614462,0.019823383539915085,3.6143932342529297,1.0148497819900513,0.6760744452476501,0.6661817908872328,182.3297837614462,0.03940735384821892,121,4d74e5fbe21200af,0.0,0.0,0.0,0.0,nan,nan,nan,nan,nan,nan,nan,nan,nan,nan,nan,nan,0.0,0.0,0.0,nan,nan,0.20000000298023224,0.20000000298023224,0.09995071135744,0.0,0.0,0.0,0.0,0.0,0.0,0.0,0.0,0.0,0.0,0.0,0.0,0.004333463031798601,0.03940735384821892,0.0007909414325695252,12.65233325958252,72,nan,-1.0,True,,False,0.07780987024307251,0.07780987024307251,40.0,40.0,1.0,0.0,0.0,0.0,0.0,0.0
73,12.565509796142578,0.0,0.0011331129353493452,0.0,1.2563244104385376,0.020472601056098938,3.6136484146118164,1.0148450136184692,0.6760021448135376,0.6661136781893678,176.5114459422968,0.020472601056098938,3.6136484146118164,1.0148450136184692,0.6760021448135376,0.6661136781893678,176.5114459422968,0.03937557712197304,121,4d74e5fbe21200af,0.0,0.0,0.0,0.0,nan,nan,nan,nan,nan,nan,nan,nan,nan,nan,nan,nan,0.0,0.0,0.0,nan,nan,0.20000000298023224,0.20000000298023224,0.09994933954176,0.0,0.0,0.0,0.0,0.0,0.0,0.0,0.0,0.0,0.0,0.0,0.0,0.004397811368107796,0.03937557712197304,0.0008088627450888453,12.565509796142578,73,nan,-1.0,True,,False,0.07780987024307251,0.07780987024307251,40.0,40.0,1.0,0.0,0.0,0.0,0.0,0.0
74,12.4957914352417,0.0,0.00116106984205544,0.0,1.2493469715118408,0.02113022655248642,3.6130003929138184,1.0148307085037231,0.6758744716644287,0.6659972604307027,170.98730029890154,0.02113022655248642,3.6130003929138184,1.0148307085037231,0.6758744716644287,0.6659972604307027,170.98730029890154,0.039344530552625656,121,4d74e5fbe21200af,0.0,0.0,0.0,0.0,nan,nan,nan,nan,nan,nan,nan,nan,nan,nan,nan,nan,0.0,0.0,0.0,nan,nan,0.20000000298023224,0.20000000298023224,0.09994794908672,0.0,0.0,0.0,0.0,0.0,0.0,0.0,0.0,0.0,0.0,0.0,0.0,0.004462152253836393,0.039344530552625656,0.0008245567855738045,12.4957914352417,74,nan,-1.0,True,,False,0.07780987024307251,0.07780987024307251,40.0,40.0,1.0,0.0,0.0,0.0,0.0,0.0
75,12.449915885925293,0.0,0.0011890983441844583,0.0,1.2447537183761597,0.02172229439020157,3.612351894378662,1.0148290395736694,0.6757752895355225,0.6659006228471903,166.2969771742027,0.02172229439020157,3.612351894378662,1.0148290395736694,0.6757752895355225,0.6659006228471903,166.2969771742027,0.03931422159075737,121,4d74e5fbe21200af,0.0,0.0,0.0,0.0,nan,nan,nan,nan,nan,nan,nan,nan,nan,nan,nan,nan,0.0,0.0,0.0,nan,nan,0.20000000298023224,0.20000000298023224,0.09994654,0.0,0.0,0.0,0.0,0.0,0.0,0.0,0.0,0.0,0.0,0.0,0.0,0.004526493139564991,0.03931422159075737,0.0008377083436243993,12.449915885925293,75,nan,-1.0,True,,False,0.07780987024307251,0.07780987024307251,40.0,40.0,1.0,0.0,0.0,0.0,0.0,0.0
76,12.345934867858887,0.0,0.0012207698309794068,0.0,1.2343493700027466,0.022208578884601593,3.611649513244629,1.0148218870162964,0.6756603121757507,0.6657920181070166,162.6240711758815,0.022208578884601593,3.611649513244629,1.0148218870162964,0.6756603121757507,0.6657920181070166,162.6240711758815,0.03928085416555405,121,4d74e5fbe21200af,0.0,0.0,0.0,0.0,nan,nan,nan,nan,nan,nan,nan,nan,nan,nan,nan,nan,0.0,0.0,0.0,nan,nan,0.20000000298023224,0.20000000298023224,0.09994511228928,0.0,0.0,0.0,0.0,0.0,0.0,0.0,0.0,0.0,0.0,0.0,0.0,0.004590831231325865,0.03928085416555405,0.0008555807744414778,12.345934867858887,76,nan,-1.0,True,,False,0.07780987024307251,0.07780987024307251,40.0,40.0,1.0,0.0,0.0,0.0,0.0,0.0
77,12.298200607299805,0.0,0.0012511347886174917,0.0,1.2295697927474976,0.0228049848228693,3.6107945442199707,1.0148274898529053,0.6755977869033813,0.6657267305611777,158.33356488792717,0.0228049848228693,3.6107945442199707,1.0148274898529053,0.6755977869033813,0.6657267305611777,158.33356488792717,0.039249733090400696,121,4d74e5fbe21200af,0.0,0.0,0.0,0.0,nan,nan,nan,nan,nan,nan,nan,nan,nan,nan,nan,nan,0.0,0.0,0.0,nan,nan,0.20000000298023224,0.20000000298023224,0.09994366596224001,0.0,0.0,0.0,0.0,0.0,0.0,0.0,0.0,0.0,0.0,0.0,0.0,0.0046551586128771305,0.039249733090400696,0.0008658060414745705,12.298200607299805,77,nan,-1.0,True,,False,0.07780987024307251,0.07780987024307251,40.0,40.0,1.0,0.0,0.0,0.0,0.0,0.0
78,12.212862968444824,0.0,0.0012831258354708552,0.0,1.2210296392440796,0.02358304336667061,3.6100616455078125,1.0148138999938965,0.675480306148529,0.6656198798150003,153.07870105559965,0.02358304336667061,3.6100616455078125,1.0148138999938965,0.675480306148529,0.6656198798150003,153.07870105559965,0.03921782970428467,121,4d74e5fbe21200af,0.0,0.0,0.0,0.0,nan,nan,nan,nan,nan,nan,nan,nan,nan,nan,nan,nan,0.0,0.0,0.0,nan,nan,0.20000000298023224,0.20000000298023224,0.09994220102656,0.0,0.0,0.0,0.0,0.0,0.0,0.0,0.0,0.0,0.0,0.0,0.0,0.004719491582363844,0.03921782970428467,0.0008861088208504952,12.212862968444824,78,nan,-1.0,True,,False,0.07780987024307251,0.07780987024307251,40.0,40.0,1.0,0.0,0.0,0.0,0.0,0.0
79,12.162886619567871,0.0,0.001314468332566321,0.0,1.216025710105896,0.024120613932609558,3.609316349029541,1.0148074626922607,0.6753654479980469,0.6655109198806224,149.63617257477728,0.024120613932609558,3.609316349029541,1.0148074626922607,0.6753654479980469,0.6655109198806224,149.63617257477728,0.03918742388486862,121,98b2ec346da2e3b0,0.0,0.0,0.0,0.0,nan,nan,nan,nan,nan,nan,nan,nan,nan,nan,nan,nan,0.0,0.0,0.0,nan,nan,0.20000000298023224,0.20000000298023224,0.09994071748992,0.0,0.0,0.0,0.0,0.0,0.0,0.0,0.0,0.0,0.0,0.0,0.0,0.0047838217578828335,0.03918742388486862,0.0008917526556615485,12.162886619567871,79,nan,-1.0,True,,False,0.07780987024307251,0.07780987024307251,40.0,40.0,1.0,0.0,0.0,0.0,0.0,0.0
80,12.101587295532227,0.0,0.0013482857029885054,0.0,1.2098890542984009,0.02480975165963173,3.6085739135742188,1.0147936344146729,0.6752593517303467,0.6654154389920197,145.44982001757705,0.02480975165963173,3.6085739135742188,1.0147936344146729,0.6752593517303467,0.6654154389920197,145.44982001757705,0.039155468344688416,121,98b2ec346da2e3b0,0.0,0.0,0.0,0.0,nan,nan,nan,nan,nan,nan,nan,nan,nan,nan,nan,nan,0.0,0.0,0.0,nan,nan,0.20000000298023224,0.20000000298023224,0.09993921536,0.0,0.0,0.0,0.0,0.0,0.0,0.0,0.0,0.0,0.0,0.0,0.0,0.0048481496050953865,0.039155468344688416,0.0009064698388101533,12.101587295532227,80,nan,-1.0,True,,False,0.07780987024307251,0.07780987024307251,40.0,40.0,1.0,0.0,0.0,0.0,0.0,0.0
81,12.05720043182373,0.0,0.0013830566313117743,0.0,1.2054435014724731,0.025164753198623657,3.6078054904937744,1.0147861242294312,0.6751489639282227,0.6653115841930644,143.36741004442266,0.025164753198623657,3.6078054904937744,1.0147861242294312,0.6751489639282227,0.6653115841930644,143.36741004442266,0.03912348672747612,121,98b2ec346da2e3b0,0.0,0.0,0.0,0.0,nan,nan,nan,nan,nan,nan,nan,nan,nan,nan,nan,nan,0.0,0.0,0.0,nan,nan,0.20000000298023224,0.20000000298023224,0.09993769464448,0.0,0.0,0.0,0.0,0.0,0.0,0.0,0.0,0.0,0.0,0.0,0.0,0.004912474658340216,0.03912348672747612,0.0009134321680903668,12.05720043182373,81,nan,-1.0,True,,False,0.07780987024307251,0.07780987024307251,40.0,40.0,1.0,0.0,0.0,0.0,0.0,0.0
82,11.989027976989746,0.0,0.0014188098721206188,0.0,1.1986191272735596,0.025319373235106468,3.6070637702941895,1.014776587486267,0.6750444769859314,0.665214871243831,142.46260113946386,0.025319373235106468,3.6070637702941895,1.014776587486267,0.6750444769859314,0.665214871243831,142.46260113946386,0.039091482758522034,121,98b2ec346da2e3b0,0.0,0.0,0.0,0.0,nan,nan,nan,nan,nan,nan,nan,nan,nan,nan,nan,nan,0.0,0.0,0.0,nan,nan,0.20000000298023224,0.20000000298023224,0.09993615535104,0.0,0.0,0.0,0.0,0.0,0.0,0.0,0.0,0.0,0.0,0.0,0.0,0.004976800177246332,0.039091482758522034,0.0009297419178437849,11.989027976989746,82,nan,-1.0,True,,False,0.07780987024307251,0.07780987024307251,40.0,40.0,1.0,0.0,0.0,0.0,0.0,0.0
83,11.935186386108398,0.0,0.0014547014143317938,0.0,1.1932276487350464,0.025419821962714195,3.6063127517700195,1.0147743225097656,0.6749401092529297,0.6651135077833371,141.8701026726214,0.025419821962714195,3.6063127517700195,1.0147743225097656,0.6749401092529297,0.6651135077833371,141.8701026726214,0.039060212671756744,121,98b2ec346da2e3b0,0.0,0.0,0.0,0.0,nan,nan,nan,nan,nan,nan,nan,nan,nan,nan,nan,nan,0.0,0.0,0.0,nan,nan,0.20000000298023224,0.20000000298023224,0.09993459748736,0.0,0.0,0.0,0.0,0.0,0.0,0.0,0.0,0.0,0.0,0.0,0.0,0.005041154567152262,0.039060212671756744,0.0009449606109228625,11.935186386108398,83,nan,-1.0,True,,False,0.07780987024307251,0.07780987024307251,40.0,40.0,1.0,0.0,0.0,0.0,0.0,0.0
84,11.841620445251465,0.0,0.0014915942447260022,0.0,1.1838637590408325,0.026372982189059258,3.605501651763916,1.0147666931152344,0.6748417615890503,0.6650215918275285,136.71194353058965,0.026372982189059258,3.605501651763916,1.0147666931152344,0.6748417615890503,0.6650215918275285,136.71194353058965,0.039028916507959366,121,98b2ec346da2e3b0,0.0,0.0,0.0,0.0,nan,nan,nan,nan,nan,nan,nan,nan,nan,nan,nan,nan,0.0,0.0,0.0,nan,nan,0.20000000298023224,0.20000000298023224,0.09993302106112001,0.0,0.0,0.0,0.0,0.0,0.0,0.0,0.0,0.0,0.0,0.0,0.0,0.005105507560074329,0.039028916507959366,0.0009627858398744138,11.841620445251465,84,nan,-1.0,True,,False,0.07780987024307251,0.07780987024307251,40.0,40.0,1.0,0.0,0.0,0.0,0.0,0.0
85,11.767910957336426,0.0,0.001529483706690371,0.0,1.1764851808547974,0.027214068919420242,3.6047322750091553,1.0147613286972046,0.6747385263442993,0.6649233738642351,132.45840912958008,0.027214068919420242,3.6047322750091553,1.0147613286972046,0.6747385263442993,0.6649233738642351,132.45840912958008,0.0389975979924202,121,98b2ec346da2e3b0,0.0,0.0,0.0,0.0,nan,nan,nan,nan,nan,nan,nan,nan,nan,nan,nan,nan,0.0,0.0,0.0,nan,nan,0.20000000298023224,0.20000000298023224,0.09993142608000001,0.0,0.0,0.0,0.0,0.0,0.0,0.0,0.0,0.0,0.0,0.0,0.0,0.005169855896383524,0.0389975979924202,0.0009834815209615044,11.767910957336426,85,nan,-1.0,True,,False,0.07780987024307251,0.07780987024307251,40.0,40.0,1.0,0.0,0.0,0.0,0.0,0.0
86,11.720431327819824,0.0,0.001568489009514451,0.0,1.1717294454574585,0.026335090398788452,3.6032376289367676,1.0147650241851807,0.6746100783348083,0.6647943733343545,136.82267933671247,0.026335090398788452,3.6032376289367676,1.0147650241851807,0.6746100783348083,0.6647943733343545,136.82267933671247,0.03896624967455864,121,98b2ec346da2e3b0,0.0,0.0,0.0,0.0,nan,nan,nan,nan,nan,nan,nan,nan,nan,nan,nan,nan,0.0,0.0,0.0,nan,nan,0.20000000298023224,0.20000000298023224,0.09992981255168,0.0,0.0,0.0,0.0,0.0,0.0,0.0,0.0,0.0,0.0,0.0,0.0,0.005234211217612028,0.03896624967455864,0.0009980028880818281,11.720431327819824,86,nan,-1.0,True,,False,0.07780987024307251,0.07780987024307251,40.0,40.0,1.0,0.0,0.0,0.0,0.0,0.0
87,11.667342185974121,0.0,0.0016085433308035135,0.0,1.166412591934204,0.026825789362192154,3.603137969970703,1.0147590637207031,0.6745507121086121,0.6647397754057133,134.31619555802928,0.026825789362192154,3.603137969970703,1.0147590637207031,0.6745507121086121,0.6647397754057133,134.31619555802928,0.03893487900495529,121,98b2ec346da2e3b0,0.0,0.0,0.0,0.0,nan,nan,nan,nan,nan,nan,nan,nan,nan,nan,nan,nan,0.0,0.0,0.0,nan,nan,0.20000000298023224,0.20000000298023224,0.09992818048384,0.0,0.0,0.0,0.0,0.0,0.0,0.0,0.0,0.0,0.0,0.0,0.0,0.005298571195453405,0.03893487900495529,0.0010018724437941273,11.667342185974121,87,nan,-1.0,True,,False,0.07780987024307251,0.07780987024307251,40.0,40.0,1.0,0.0,0.0,0.0,0.0,0.0
88,11.63486385345459,0.0,0.0016497134929522872,0.0,1.1631563901901245,0.026215096935629845,3.6024818420410156,1.0147665739059448,0.674480140209198,0.6646653107749223,137.42012287373075,0.026215096935629845,3.6024818420410156,1.0147665739059448,0.674480140209198,0.6646653107749223,137.42012287373075,0.03890348598361015,121,98b2ec346da2e3b0,0.0,0.0,0.0,0.0,nan,nan,nan,nan,nan,nan,nan,nan,nan,nan,nan,nan,0.0,0.0,0.0,nan,nan,0.20000000298023224,0.20000000298023224,0.09992652988416001,0.0,0.0,0.0,0.0,0.0,0.0,0.0,0.0,0.0,0.0,0.0,0.0,0.0053629265166819096,0.03890348598361015,0.0010107223088198225,11.63486385345459,88,nan,-1.0,True,,False,0.07780987024307251,0.07780987024307251,40.0,40.0,1.0,0.0,0.0,0.0,0.0,0.0
89,11.543183326721191,0.0,0.0016930627170950174,0.0,1.1539796590805054,0.02756524458527565,3.601691722869873,1.0147546529769897,0.6743466258049011,0.6645415459062619,130.66061183414152,0.02756524458527565,3.601691722869873,1.0147546529769897,0.6743466258049011,0.6645415459062619,130.66061183414152,0.038871295750141144,121,98b2ec346da2e3b0,0.0,0.0,0.0,0.0,nan,nan,nan,nan,nan,nan,nan,nan,nan,nan,nan,nan,0.0,0.0,0.0,nan,nan,0.20000000298023224,0.20000000298023224,0.09992486076032,0.0,0.0,0.0,0.0,0.0,0.0,0.0,0.0,0.0,0.0,0.0,0.0,0.005427283234894276,0.038871295750141144,0.001038040464209189,11.543183326721191,89,nan,-1.0,True,,False,0.07780987024307251,0.07780987024307251,40.0,40.0,1.0,0.0,0.0,0.0,0.0,0.0
90,11.513609886169434,0.0,0.0017355155432596803,0.0,1.1510138511657715,0.026577312499284744,3.600857973098755,1.0147544145584106,0.6742391586303711,0.664435797427675,135.4861584742875,0.026577312499284744,3.600857973098755,1.0147544145584106,0.6742391586303711,0.664435797427675,135.4861584742875,0.03884061798453331,121,98b2ec346da2e3b0,0.0,0.0,0.0,0.0,nan,nan,nan,nan,nan,nan,nan,nan,nan,nan,nan,nan,0.0,0.0,0.0,nan,nan,0.20000000298023224,0.20000000298023224,0.09992317312,0.0,0.0,0.0,0.0,0.0,0.0,0.0,0.0,0.0,0.0,0.0,0.0,0.005491635296493769,0.03884061798453331,0.0010317704618501011,11.513609886169434,90,nan,-1.0,True,,False,0.07780987024307251,0.07780987024307251,40.0,40.0,1.0,0.0,0.0,0.0,0.0,0.0
91,11.437692642211914,0.0,0.0017790889833122492,0.0,1.1434134244918823,0.027560874819755554,3.6000442504882812,1.0147404670715332,0.6741256713867188,0.6643330913294472,130.6215522559458,0.027560874819755554,3.6000442504882812,1.0147404670715332,0.6741256713867188,0.6643330913294472,130.6215522559458,0.03880991414189339,121,98b2ec346da2e3b0,0.0,0.0,0.0,0.0,nan,nan,nan,nan,nan,nan,nan,nan,nan,nan,nan,nan,0.0,0.0,0.0,nan,nan,0.20000000298023224,0.20000000298023224,0.09992146697088,0.0,0.0,0.0,0.0,0.0,0.0,0.0,0.0,0.0,0.0,0.0,0.0,0.005555990617722273,0.03880991414189339,0.001054916865996347,11.437692642211914,91,nan,-1.0,True,,False,0.07780987024307251,0.07780987024307251,40.0,40.0,1.0,0.0,0.0,0.0,0.0,0.0
92,11.407654762268066,0.0,0.0018272923771291971,0.0,1.1404000520706177,0.026973145082592964,3.5990896224975586,1.0147178173065186,0.6740036010742188,0.6642276203085736,133.43233098984143,0.026973145082592964,3.5990896224975586,1.0147178173065186,0.6740036010742188,0.6642276203085736,133.43233098984143,0.03877687826752663,121,d380e6ec60175ff4,0.0,0.0,0.0,0.0,nan,nan,nan,nan,nan,nan,nan,nan,nan,nan,nan,nan,0.0,0.0,0.0,nan,nan,0.20000000298023224,0.20000000298023224,0.09991974232064,0.0,0.0,0.0,0.0,0.0,0.0,0.0,0.0,0.0,0.0,0.0,0.0,0.005620346404612064,0.03877687826752663,0.0010583863240754,11.407654762268066,92,nan,-1.0,True,,False,0.07780987024307251,0.07780987024307251,40.0,40.0,1.0,0.0,0.0,0.0,0.0,0.0
93,11.289693832397461,0.0,0.001874523120932281,0.0,1.1285945177078247,0.028694327920675278,3.5976829528808594,1.0147305727005005,0.6738756895065308,0.664093216106761,125.37958591769636,0.028694327920675278,3.5976829528808594,1.0147305727005005,0.6738756895065308,0.664093216106761,125.37958591769636,0.03874535486102104,121,d380e6ec60175ff4,0.0,0.0,0.0,0.0,nan,nan,nan,nan,nan,nan,nan,nan,nan,nan,nan,nan,0.0,0.0,0.0,nan,nan,0.20000000298023224,0.20000000298023224,0.09991799917696001,0.0,0.0,0.0,0.0,0.0,0.0,0.0,0.0,0.0,0.0,0.0,0.0,0.005684704054147005,0.03874535486102104,0.0011002070837093925,11.289693832397461,93,nan,-1.0,True,,False,0.07780987024307251,0.07780987024307251,40.0,40.0,1.0,0.0,0.0,0.0,0.0,0.0
94,11.258034706115723,0.0,0.0019218730740249157,0.0,1.1254191398620605,0.028134986758232117,3.5967230796813965,1.0147353410720825,0.6737820506095886,0.663997816315068,127.83809392158389,0.028134986758232117,3.5967230796813965,1.0147353410720825,0.6737820506095886,0.663997816315068,127.83809392158389,0.03871457651257515,121,d380e6ec60175ff4,0.0,0.0,0.0,0.0,nan,nan,nan,nan,nan,nan,nan,nan,nan,nan,nan,nan,0.0,0.0,0.0,nan,nan,0.20000000298023224,0.20000000298023224,0.09991623754752,0.0,0.0,0.0,0.0,0.0,0.0,0.0,0.0,0.0,0.0,0.0,0.0,0.005749059375375509,0.03871457651257515,0.0010961136986225029,11.258034706115723,94,nan,-1.0,True,,False,0.07780987024307251,0.07780987024307251,40.0,40.0,1.0,0.0,0.0,0.0,0.0,0.0
95,11.222983360290527,0.0,0.0019717072136700153,0.0,1.1219040155410767,0.028446553274989128,3.596703052520752,1.0147104263305664,0.6737026572227478,0.6639358774098897,126.43721781517401,0.028446553274989128,3.596703052520752,1.0147104263305664,0.6737026572227478,0.6639358774098897,126.43721781517401,0.038683000952005386,121,d380e6ec60175ff4,0.0,0.0,0.0,0.0,nan,nan,nan,nan,nan,nan,nan,nan,nan,nan,nan,nan,0.0,0.0,0.0,nan,nan,0.20000000298023224,0.20000000298023224,0.09991445744,0.0,0.0,0.0,0.0,0.0,0.0,0.0,0.0,0.0,0.0,0.0,0.0,0.005813423078507185,0.038683000952005386,0.0011061891264034784,11.222983360290527,95,nan,-1.0,True,,False,0.07780987024307251,0.07780987024307251,40.0,40.0,1.0,0.0,0.0,0.0,0.0,0.0
96,11.172922134399414,0.0,0.00202038767747581,0.0,1.116888165473938,0.02860778197646141,3.595848560333252,1.014714241027832,0.6735965013504028,0.6638287649024206,125.69476946139794,0.02860778197646141,3.595848560333252,1.014714241027832,0.6735965013504028,0.6638287649024206,125.69476946139794,0.0386529415845871,121,d380e6ec60175ff4,0.0,0.0,0.0,0.0,nan,nan,nan,nan,nan,nan,nan,nan,nan,nan,nan,nan,0.0,0.0,0.0,nan,nan,0.20000000298023224,0.20000000298023224,0.09991265886208,0.0,0.0,0.0,0.0,0.0,0.0,0.0,0.0,0.0,0.0,0.0,0.0,0.005877780262380838,0.0386529415845871,0.0011171397022735619,11.172922134399414,96,nan,-1.0,True,,False,0.07780987024307251,0.07780987024307251,40.0,40.0,1.0,0.0,0.0,0.0,0.0,0.0
97,11.120295524597168,0.0,0.0020742607302963734,0.0,1.11161470413208,0.028598006814718246,3.5948522090911865,1.0146961212158203,0.6734718680381775,0.6637177909295799,125.70289364505852,0.028598006814718246,3.5948522090911865,1.0146961212158203,0.6734718680381775,0.6637177909295799,125.70289364505852,0.03862054646015167,121,d380e6ec60175ff4,0.0,0.0,0.0,0.0,nan,nan,nan,nan,nan,nan,nan,nan,nan,nan,nan,nan,0.0,0.0,0.0,nan,nan,0.20000000298023224,0.20000000298023224,0.09991084182144,0.0,0.0,0.0,0.0,0.0,0.0,0.0,0.0,0.0,0.0,0.0,0.0,0.0059421430341899395,0.03862054646015167,0.001125832657180581,11.120295524597168,97,nan,-1.0,True,,False,0.07780987024307251,0.07780987024307251,40.0,40.0,1.0,0.0,0.0,0.0,0.0,0.0
98,11.08944320678711,0.0,0.0021256350446492434,0.0,1.108519196510315,0.02838869020342827,3.5940744876861572,1.0146863460540771,0.6733725666999817,0.6636263209006408,126.60233571650059,0.02838869020342827,3.5940744876861572,1.0146863460540771,0.6733725666999817,0.6636263209006408,126.60233571650059,0.0385904386639595,121,d380e6ec60175ff4,0.0,0.0,0.0,0.0,nan,nan,nan,nan,nan,nan,nan,nan,nan,nan,nan,nan,0.0,0.0,0.0,nan,nan,0.20000000298023224,0.20000000298023224,0.09990900632576001,0.0,0.0,0.0,0.0,0.0,0.0,0.0,0.0,0.0,0.0,0.0,0.0,0.006006509996950626,0.0385904386639595,0.001130290266701195,11.08944320678711,98,nan,-1.0,True,,False,0.07780987024307251,0.07780987024307251,40.0,40.0,1.0,0.0,0.0,0.0,0.0,0.0
99,10.99705982208252,0.0,0.002178349532186985,0.0,1.0992703437805176,0.030131321400403976,3.593259572982788,1.0147000551223755,0.6732844710350037,0.6635305355865028,119.2533020783686,0.030131321400403976,3.593259572982788,1.0147000551223755,0.6732844710350037,0.6635305355865028,119.2533020783686,0.03856030851602554,121,d380e6ec60175ff4,0.0,0.0,0.0,0.0,nan,nan,nan,nan,nan,nan,nan,nan,nan,nan,nan,nan,0.0,0.0,0.0,nan,nan,0.20000000298023224,0.20000000298023224,0.09990715238272001,0.0,0.0,0.0,0.0,0.0,0.0,0.0,0.0,0.0,0.0,0.0,0.0,0.0060708774253726006,0.03856030851602554,0.0011684314822559827,10.99705982208252,99,nan,-1.0,True,,False,0.07780987024307251,0.07780987024307251,40.0,40.0,1.0,0.0,0.0,0.0,0.0,0.0
100,10.991911888122559,0.0,0.0022366333287209272,0.0,1.0987437963485718,0.028937004506587982,3.592371940612793,1.01468825340271,0.6731947660446167,0.6634498465780887,124.14456858500785,0.028937004506587982,3.592371940612793,1.01468825340271,0.6731947660446167,0.6634498465780887,124.14456858500785,0.03852783516049385,121,d380e6ec60175ff4,0.0,0.0,0.0,0.0,nan,nan,nan,nan,nan,nan,nan,nan,nan,nan,nan,nan,0.0,0.0,0.0,nan,nan,0.20000000298023224,0.20000000298023224,0.09990528000000001,0.0,0.0,0.0,0.0,0.0,0.0,0.0,0.0,0.0,0.0,0.0,0.0,0.006135243456810713,0.03852783516049385,0.0011584790954657365,10.991911888122559,100,nan,-1.0,True,,False,0.07780987024307251,0.07780987024307251,40.0,40.0,1.0,0.0,0.0,0.0,0.0,0.0
101,10.92898178100586,0.0,0.0022936773020774126,0.0,1.0924394130706787,0.0292019285261631,3.5915253162384033,1.0146832466125488,0.6730518937110901,0.6633123154028887,122.9893194560976,0.0292019285261631,3.5915253162384033,1.0146832466125488,0.6730518937110901,0.6633123154028887,122.9893194560976,0.03849688172340393,121,d380e6ec60175ff4,0.0,0.0,0.0,0.0,nan,nan,nan,nan,nan,nan,nan,nan,nan,nan,nan,nan,0.0,0.0,0.0,nan,nan,0.20000000298023224,0.20000000298023224,0.09990338918528001,0.0,0.0,0.0,0.0,0.0,0.0,0.0,0.0,0.0,0.0,0.0,0.0,0.006199609022587538,0.03849688172340393,0.0011662350375445385,10.92898178100586,101,nan,-1.0,True,,False,0.07780987024307251,0.07780987024307251,40.0,40.0,1.0,0.0,0.0,0.0,0.0,0.0
102,10.868844032287598,0.0,0.002352228155359626,0.0,1.0864139795303345,0.03020389936864376,3.5905191898345947,1.014679193496704,0.6729767918586731,0.6632409496242017,118.87601484866883,0.03020389936864376,3.5905191898345947,1.014679193496704,0.6729767918586731,0.6632409496242017,118.87601484866883,0.03846590220928192,121,e8edd9d39a7f5617,0.0,0.0,0.0,0.0,nan,nan,nan,nan,nan,nan,nan,nan,nan,nan,nan,nan,0.0,0.0,0.0,nan,nan,0.20000000298023224,0.20000000298023224,0.09990147994624,0.0,0.0,0.0,0.0,0.0,0.0,0.0,0.0,0.0,0.0,0.0,0.0,0.00626398017629981,0.03846590220928192,0.001185714404527971,10.868844032287598,102,nan,-1.0,True,,False,0.07780987024307251,0.07780987024307251,40.0,40.0,1.0,0.0,0.0,0.0,0.0,0.0
103,10.821637153625488,-0.0,0.0024123573675751686,-0.0,1.081681251525879,0.030494682490825653,3.589622735977173,1.014670491218567,0.6728733777999878,0.663144719022923,117.71307135455874,0.030494682490825653,3.589622735977173,1.014670491218567,0.6728733777999878,0.663144719022923,117.71307135455874,0.03843490034341812,121,e8edd9d39a7f5617,-0.0,0.0,0.0,0.0,nan,nan,nan,nan,nan,nan,nan,nan,nan,nan,nan,nan,0.0,0.0,0.0,nan,nan,0.20000000298023224,0.20000000298023224,0.09989955229056001,0.0,0.0,0.0,0.0,0.0,0.0,0.0,0.0,0.0,0.0,0.0,0.0,0.0063283564522862434,0.03843490034341812,0.001197915155444207,10.821637153625488,103,nan,-1.0,True,,False,0.07780987024307251,0.07780987024307251,40.0,40.0,1.0,0.0,0.0,0.0,0.0,0.0
104,10.790045738220215,-0.0,0.0024740409571677446,-0.0,1.07850980758667,0.030102308839559555,3.588749408721924,1.014674425125122,0.6727999448776245,0.6630697770811163,119.21841038338218,0.030102308839559555,3.588749408721924,1.014674425125122,0.6727999448776245,0.6630697770811163,119.21841038338218,0.03840387240052223,121,e8edd9d39a7f5617,-0.0,0.0,0.0,0.0,nan,nan,nan,nan,nan,nan,nan,nan,nan,nan,nan,nan,0.0,0.0,0.0,nan,nan,0.20000000298023224,0.20000000298023224,0.09989760622592,0.0,0.0,0.0,0.0,0.0,0.0,0.0,0.0,0.0,0.0,0.0,0.0,0.006392731796950102,0.03840387240052223,0.0011963398178522766,10.790045738220215,104,nan,-1.0,True,,False,0.07780987024307251,0.07780987024307251,40.0,40.0,1.0,0.0,0.0,0.0,0.0,0.0
105,10.700220108032227,-0.0,0.002540593035519123,-0.0,1.0695139169692993,0.03158392757177353,3.587160110473633,1.014655351638794,0.672592043876648,0.6628773433169486,113.57549191188838,0.03158392757177353,3.587160110473633,1.014655351638794,0.672592043876648,0.6628773433169486,113.57549191188838,0.038371264934539795,121,e8edd9d39a7f5617,-0.0,0.0,0.0,0.0,nan,nan,nan,nan,nan,nan,nan,nan,nan,nan,nan,nan,0.0,0.0,0.0,nan,nan,0.20000000298023224,0.20000000298023224,0.09989564176,0.0,0.0,0.0,0.0,0.0,0.0,0.0,0.0,0.0,0.0,0.0,0.0,0.0064571090042591095,0.038371264934539795,0.0012384560041027726,10.700220108032227,105,nan,-1.0,True,,False,0.07780987024307251,0.07780987024307251,40.0,40.0,1.0,0.0,0.0,0.0,0.0,0.0
106,10.670965194702148,-0.0,0.0026023865211755037,-0.0,1.0665760040283203,0.03143036738038063,3.5869274139404297,1.0146504640579224,0.6725307106971741,0.6628200888092058,114.12298719038998,0.03143036738038063,3.5869274139404297,1.0146504640579224,0.6725307106971741,0.6628200888092058,114.12298719038998,0.038341738283634186,121,e8edd9d39a7f5617,-0.0,0.0,0.0,0.0,nan,nan,nan,nan,nan,nan,nan,nan,nan,nan,nan,nan,0.0,0.0,0.0,nan,nan,0.20000000298023224,0.20000000298023224,0.09989365890048,0.0,0.0,0.0,0.0,0.0,0.0,0.0,0.0,0.0,0.0,0.0,0.0,0.006521487142890692,0.038341738283634186,0.0012384630417727749,10.670965194702148,106,nan,-1.0,True,,False,0.07780987024307251,0.07780987024307251,40.0,40.0,1.0,0.0,0.0,0.0,0.0,0.0
107,10.628949165344238,-0.0,0.0026724720373749733,-0.0,1.062360405921936,0.03182706981897354,3.5860114097595215,1.014654278755188,0.6724696755409241,0.6627574432208895,112.67174232991249,0.03182706981897354,3.5860114097595215,1.014654278755188,0.6724696755409241,0.6627574432208895,112.67174232991249,0.03830907866358757,121,e8edd9d39a7f5617,-0.0,0.0,0.0,0.0,nan,nan,nan,nan,nan,nan,nan,nan,nan,nan,nan,nan,0.0,0.0,0.0,nan,nan,0.20000000298023224,0.20000000298023224,0.09989165765504,0.0,0.0,0.0,0.0,0.0,0.0,0.0,0.0,0.0,0.0,0.0,0.0,0.006585872266441584,0.03830907866358757,0.0012443835071280773,10.628949165344238,107,nan,-1.0,True,,False,0.07780987024307251,0.07780987024307251,40.0,40.0,1.0,0.0,0.0,0.0,0.0,0.0
108,10.557775497436523,-0.0,0.002737517235800624,-0.0,1.0552300214767456,0.03256583958864212,3.5844414234161377,1.0146410465240479,0.67228102684021,0.6625801598933011,110.06752685308538,0.03256583958864212,3.5844414234161377,1.0146410465240479,0.67228102684021,0.6625801598933011,110.06752685308538,0.03827950730919838,121,e8edd9d39a7f5617,-0.0,0.0,0.0,0.0,nan,nan,nan,nan,nan,nan,nan,nan,nan,nan,nan,nan,0.0,0.0,0.0,nan,nan,0.20000000298023224,0.20000000298023224,0.09988963803136001,0.0,0.0,0.0,0.0,0.0,0.0,0.0,0.0,0.0,0.0,0.0,0.0,0.0066502573899924755,0.03827950730919838,0.0012736920161842136,10.557775497436523,108,nan,-1.0,True,,False,0.07780987024307251,0.07780987024307251,40.0,40.0,1.0,0.0,0.0,0.0,0.0,0.0
109,10.556229591369629,-0.0,0.002807779237627983,-0.0,1.0550614595413208,0.03174703195691109,3.5841784477233887,1.0146384239196777,0.6722382307052612,0.6625396938037484,112.89806406432083,0.03174703195691109,3.5841784477233887,1.0146384239196777,0.6722382307052612,0.6625396938037484,112.89806406432083,0.03824835270643234,121,e8edd9d39a7f5617,-0.0,0.0,0.0,0.0,nan,nan,nan,nan,nan,nan,nan,nan,nan,nan,nan,nan,0.0,0.0,0.0,nan,nan,0.20000000298023224,0.20000000298023224,0.09988760003712,0.0,0.0,0.0,0.0,0.0,0.0,0.0,0.0,0.0,0.0,0.0,0.0,0.00671464204788208,0.03824835270643234,0.0012552774551295443,10.556229591369629,109,nan,-1.0,True,,False,0.07780987024307251,0.07780987024307251,40.0,40.0,1.0,0.0,0.0,0.0,0.0,0.0
110,10.463441848754883,-0.0,0.002879819832742214,-0.0,1.0457682609558105,0.033568017184734344,3.5832955837249756,1.0146273374557495,0.6721005439758301,0.6624112313602452,106.7473114067203,0.033568017184734344,3.5832955837249756,1.0146273374557495,0.6721005439758301,0.6624112313602452,106.7473114067203,0.038217172026634216,121,e8edd9d39a7f5617,-0.0,0.0,0.0,0.0,nan,nan,nan,nan,nan,nan,nan,nan,nan,nan,nan,nan,0.0,0.0,0.0,nan,nan,0.20000000298023224,0.20000000298023224,0.09988554368000001,0.0,0.0,0.0,0.0,0.0,0.0,0.0,0.0,0.0,0.0,0.0,0.0,0.006779038812965155,0.038217172026634216,0.0012887008660982247,10.463441848754883,110,nan,-1.0,True,,False,0.07780987024307251,0.07780987024307251,40.0,40.0,1.0,0.0,0.0,0.0,0.0,0.0
111,10.442011833190918,-0.0,0.002951884176582098,-0.0,1.0436108112335205,0.03290605917572975,3.5816807746887207,1.0146374702453613,0.6720060110092163,0.6623114469118815,108.84563099948569,0.03290605917572975,3.5816807746887207,1.0146374702453613,0.6720060110092163,0.6623114469118815,108.84563099948569,0.03818674758076668,121,e8edd9d39a7f5617,-0.0,0.0,0.0,0.0,nan,nan,nan,nan,nan,nan,nan,nan,nan,nan,nan,nan,0.0,0.0,0.0,nan,nan,0.20000000298023224,0.20000000298023224,0.09988346896768001,0.0,0.0,0.0,0.0,0.0,0.0,0.0,0.0,0.0,0.0,0.0,0.0,0.0068434299901127815,0.03818674758076668,0.0012847713360315538,10.442011833190918,111,nan,-1.0,True,,False,0.07780987024307251,0.07780987024307251,40.0,40.0,1.0,0.0,0.0,0.0,0.0,0.0
112,10.418279647827148,-0.0,0.003027687082067132,-0.0,1.041222333908081,0.0328100323677063,3.581533908843994,1.014618992805481,0.6719163060188293,0.662235095916095,109.15971885383343,0.0328100323677063,3.581533908843994,1.014618992805481,0.6719163060188293,0.662235095916095,109.15971885383343,0.03815551847219467,121,e8edd9d39a7f5617,-0.0,0.0,0.0,0.0,nan,nan,nan,nan,nan,nan,nan,nan,nan,nan,nan,nan,0.0,0.0,0.0,nan,nan,0.20000000298023224,0.20000000298023224,0.09988137590784002,0.0,0.0,0.0,0.0,0.0,0.0,0.0,0.0,0.0,0.0,0.0,0.0,0.006907823961228132,0.03815551847219467,0.001289457461098209,10.418279647827148,112,nan,-1.0,True,,False,0.07780987024307251,0.07780987024307251,40.0,40.0,1.0,0.0,0.0,0.0,0.0,0.0
113,10.353469848632812,-0.0,0.003101510927081108,-0.0,1.0347267389297485,0.03398537635803223,3.5805115699768066,1.0146137475967407,0.6718088984489441,0.6621326588962752,105.3544775334105,0.03398537635803223,3.5805115699768066,1.0146137475967407,0.6718088984489441,0.6621326588962752,105.3544775334105,0.03812582418322563,121,e8edd9d39a7f5617,-0.0,0.0,0.0,0.0,nan,nan,nan,nan,nan,nan,nan,nan,nan,nan,nan,nan,0.0,0.0,0.0,nan,nan,0.20000000298023224,0.20000000298023224,0.09987926450816001,0.0,0.0,0.0,0.0,0.0,0.0,0.0,0.0,0.0,0.0,0.0,0.0,0.006972223520278931,0.03812582418322563,0.0013146703749953303,10.353469848632812,113,nan,-1.0,True,,False,0.07780987024307251,0.07780987024307251,40.0,40.0,1.0,0.0,0.0,0.0,0.0,0.0
114,10.30899715423584,-0.0,0.003179101971909404,-0.0,1.030263900756836,0.034287773072719574,3.5795352458953857,1.0146185159683228,0.6717032790184021,0.6620254494146973,104.39684252178442,0.034287773072719574,3.5795352458953857,1.0146185159683228,0.6717032790184021,0.6620254494146973,104.39684252178442,0.038095325231552124,121,e8edd9d39a7f5617,-0.0,0.0,0.0,0.0,nan,nan,nan,nan,nan,nan,nan,nan,nan,nan,nan,nan,0.0,0.0,0.0,nan,nan,0.20000000298023224,0.20000000298023224,0.09987713477632,0.0,0.0,0.0,0.0,0.0,0.0,0.0,0.0,0.0,0.0,0.0,0.0,0.007036624010652304,0.038095325231552124,0.001317641894274857,10.30899715423584,114,nan,-1.0,True,,False,0.07780987024307251,0.07780987024307251,40.0,40.0,1.0,0.0,0.0,0.0,0.0,0.0
115,10.274590492248535,-0.0,0.003262796439230442,-0.0,1.0268064737319946,0.03442656993865967,3.578598976135254,1.0146023035049438,0.6715937852859497,0.6619281101234729,103.94875186553598,0.03442656993865967,3.578598976135254,1.0146023035049438,0.6715937852859497,0.6619281101234729,103.94875186553598,0.03806323930621147,121,e8edd9d39a7f5617,-0.0,0.0,0.0,0.0,nan,nan,nan,nan,nan,nan,nan,nan,nan,nan,nan,nan,0.0,0.0,0.0,nan,nan,0.20000000298023224,0.20000000298023224,0.09987498672,0.0,0.0,0.0,0.0,0.0,0.0,0.0,0.0,0.0,0.0,0.0,0.0,0.007101032882928848,0.03806323930621147,0.0013229807996140153,10.274590492248535,115,nan,-1.0,True,,False,0.07780987024307251,0.07780987024307251,40.0,40.0,1.0,0.0,0.0,0.0,0.0,0.0
116,10.225178718566895,-0.0,0.003342285053804517,-0.0,1.0218493938446045,0.0348370335996151,3.577671527862549,1.0146045684814453,0.6714886426925659,0.6618230033180122,102.69736421823463,0.0348370335996151,3.577671527862549,1.0146045684814453,0.6714886426925659,0.6618230033180122,102.69736421823463,0.03803347423672676,121,e8edd9d39a7f5617,-0.0,0.0,0.0,0.0,nan,nan,nan,nan,nan,nan,nan,nan,nan,nan,nan,nan,0.0,0.0,0.0,nan,nan,0.20000000298023224,0.20000000298023224,0.09987282034688,0.0,0.0,0.0,0.0,0.0,0.0,0.0,0.0,0.0,0.0,0.0,0.0,0.007165445480495691,0.03803347423672676,0.0013376531105677714,10.225178718566895,116,nan,-1.0,True,,False,0.07780987024307251,0.07780987024307251,40.0,40.0,1.0,0.0,0.0,0.0,0.0,0.0
117,10.17946720123291,-0.0,0.003425879403948784,-0.0,1.0172615051269531,0.035571858286857605,3.5768585205078125,1.0146156549453735,0.6713944673538208,0.6617229530032911,100.55304088033321,0.035571858286857605,3.5768585205078125,1.0146156549453735,0.6713944673538208,0.6617229530032911,100.55304088033321,0.038002900779247284,121,e8edd9d39a7f5617,-0.0,0.0,0.0,0.0,nan,nan,nan,nan,nan,nan,nan,nan,nan,nan,nan,nan,0.0,0.0,0.0,nan,nan,0.20000000298023224,0.20000000298023224,0.09987063566464001,0.0,0.0,0.0,0.0,0.0,0.0,0.0,0.0,0.0,0.0,0.0,0.0,0.007229859475046396,0.038002900779247284,0.0013560354113906214,10.17946720123291,117,nan,-1.0,True,,False,0.07780987024307251,0.07780987024307251,40.0,40.0,1.0,0.0,0.0,0.0,0.0,0.0
118,10.13595962524414,-0.0,0.0035092926118522882,-0.0,1.0128940343856812,0.03587851673364639,3.5757389068603516,1.014601707458496,0.6712811589241028,0.6616203718064042,99.66239500383446,0.03587851673364639,3.5757389068603516,1.014601707458496,0.6712811589241028,0.6616203718064042,99.66239500383446,0.03797309100627899,121,e8edd9d39a7f5617,-0.0,0.0,0.0,0.0,nan,nan,nan,nan,nan,nan,nan,nan,nan,nan,nan,nan,0.0,0.0,0.0,nan,nan,0.20000000298023224,0.20000000298023224,0.09986843268096,0.0,0.0,0.0,0.0,0.0,0.0,0.0,0.0,0.0,0.0,0.0,0.0,0.007294280920177698,0.03797309100627899,0.0013568989247687568,10.13595962524414,118,nan,-1.0,True,,False,0.07780987024307251,0.07780987024307251,40.0,40.0,1.0,0.0,0.0,0.0,0.0,0.0
119,10.095934867858887,-0.0,0.0035969638265669346,-0.0,1.0088741779327393,0.03632518649101257,3.5749454498291016,1.0145944356918335,0.6711901426315308,0.6615354066808561,98.4150611508519,0.03632518649101257,3.5749454498291016,1.0145944356918335,0.6711901426315308,0.6615354066808561,98.4150611508519,0.037942469120025635,121,e8edd9d39a7f5617,-0.0,0.0,0.0,0.0,nan,nan,nan,nan,nan,nan,nan,nan,nan,nan,nan,nan,0.0,0.0,0.0,nan,nan,0.20000000298023224,0.20000000298023224,0.09986621140352,0.0,0.0,0.0,0.0,0.0,0.0,0.0,0.0,0.0,0.0,0.0,0.0,0.0073587060905992985,0.037942469120025635,0.0013648091194227163,10.095934867858887,119,nan,-1.0,True,,False,0.07780987024307251,0.07780987024307251,40.0,40.0,1.0,0.0,0.0,0.0,0.0,0.0
120,10.05087661743164,-0.0,0.003686771262437105,-0.0,1.0043503046035767,0.03675561398267746,3.5739238262176514,1.0145965814590454,0.6710715889930725,0.6614171595453583,97.23477420080657,0.03675561398267746,3.5739238262176514,1.0145965814590454,0.6710715889930725,0.6614171595453583,97.23477420080657,0.03791182488203049,121,e8edd9d39a7f5617,-0.0,0.0,0.0,0.0,nan,nan,nan,nan,nan,nan,nan,nan,nan,nan,nan,nan,0.0,0.0,0.0,nan,nan,0.20000000298023224,0.20000000298023224,0.09986397184000001,0.0,0.0,0.0,0.0,0.0,0.0,0.0,0.0,0.0,0.0,0.0,0.0,0.007423138711601496,0.03791182488203049,0.001377792184939608,10.05087661743164,120,nan,-1.0,True,,False,0.07780987024307251,0.07780987024307251,40.0,40.0,1.0,0.0,0.0,0.0,0.0,0.0
121,10.01199722290039,-0.0,0.003776349825784564,-0.0,1.0004444122314453,0.0371997207403183,3.572995662689209,1.0145809650421143,0.6709660887718201,0.6613233560359265,96.04899154032296,0.0371997207403183,3.572995662689209,1.0145809650421143,0.6709660887718201,0.6613233560359265,96.04899154032296,0.037881940603256226,121,e8edd9d39a7f5617,-0.0,0.0,0.0,0.0,nan,nan,nan,nan,nan,nan,nan,nan,nan,nan,nan,nan,0.0,0.0,0.0,nan,nan,0.20000000298023224,0.20000000298023224,0.09986171399808,0.0,0.0,0.0,0.0,0.0,0.0,0.0,0.0,0.0,0.0,0.0,0.0,0.007487574126571417,0.037881940603256226,0.0013908334431107505,10.01199722290039,121,nan,-1.0,True,,False,0.07780987024307251,0.07780987024307251,40.0,40.0,1.0,0.0,0.0,0.0,0.0,0.0
122,9.955997467041016,-0.0,0.0038680648431181908,-0.0,0.9948261380195618,0.03841549903154373,3.5719034671783447,1.0145717859268188,0.6708657741546631,0.6612304653650725,92.98079049410197,0.03841549903154373,3.5719034671783447,1.0145717859268188,0.6708657741546631,0.6612304653650725,92.98079049410197,0.03785203397274017,121,e8edd9d39a7f5617,-0.0,0.0,0.0,0.0,nan,nan,nan,nan,nan,nan,nan,nan,nan,nan,nan,nan,0.0,0.0,0.0,nan,nan,0.20000000298023224,0.20000000298023224,0.09985943788544,0.0,0.0,0.0,0.0,0.0,0.0,0.0,0.0,0.0,0.0,0.0,0.0,0.007552016526460648,0.03785203397274017,0.0014126120395303587,9.955997467041016,122,nan,-1.0,True,,False,0.07780987024307251,0.07780987024307251,40.0,40.0,1.0,0.0,0.0,0.0,0.0,0.0
123,9.947542190551758,-0.0,0.003971900790929794,-0.0,0.9939597845077515,0.03740225359797478,3.570909023284912,1.0145678520202637,0.6707707047462463,0.6611393248963788,95.47309800279699,0.03740225359797478,3.570909023284912,1.0145678520202637,0.6707707047462463,0.6611393248963788,95.47309800279699,0.03781894966959953,121,e8edd9d39a7f5617,-0.0,0.0,0.0,0.0,nan,nan,nan,nan,nan,nan,nan,nan,nan,nan,nan,nan,0.0,0.0,0.0,nan,nan,0.20000000298023224,0.20000000298023224,0.09985714350976001,0.0,0.0,0.0,0.0,0.0,0.0,0.0,0.0,0.0,0.0,0.0,0.0,0.007616458926349878,0.03781894966959953,0.001392997744915192,9.947542190551758,123,nan,-1.0,True,,False,0.07780987024307251,0.07780987024307251,40.0,40.0,1.0,0.0,0.0,0.0,0.0,0.0
124,9.882486343383789,-0.0,0.0040630195289850235,-0.0,0.9874359965324402,0.03932587802410126,3.569917678833008,1.0145658254623413,0.6706631779670715,0.6610346624492777,90.77782514214046,0.03932587802410126,3.569917678833008,1.0145658254623413,0.6706631779670715,0.6610346624492777,90.77782514214046,0.03779057040810585,121,e8edd9d39a7f5617,-0.0,0.0,0.0,0.0,nan,nan,nan,nan,nan,nan,nan,nan,nan,nan,nan,nan,0.0,0.0,0.0,nan,nan,0.20000000298023224,0.20000000298023224,0.09985483087872,0.0,0.0,0.0,0.0,0.0,0.0,0.0,0.0,0.0,0.0,0.0,0.0,0.00768091157078743,0.03779057040810585,0.001432645717613923,9.882486343383789,124,nan,-1.0,True,,False,0.07780987024307251,0.07780987024307251,40.0,40.0,1.0,0.0,0.0,0.0,0.0,0.0
125,9.835309028625488,-0.0,0.004161362536251545,-0.0,0.9826986193656921,0.03949915990233421,3.5684266090393066,1.0145775079727173,0.6705244779586792,0.6608903437042388,90.34183556973396,0.03949915990233421,3.5684266090393066,1.0145775079727173,0.6705244779586792,0.6608903437042388,90.34183556973396,0.03776059299707413,121,e8edd9d39a7f5617,-0.0,0.0,0.0,0.0,nan,nan,nan,nan,nan,nan,nan,nan,nan,nan,nan,nan,0.0,0.0,0.0,nan,nan,0.20000000298023224,0.20000000298023224,0.09985250000000001,0.0,0.0,0.0,0.0,0.0,0.0,0.0,0.0,0.0,0.0,0.0,0.0,0.007745362818241119,0.03776059299707413,0.0014407257049242617,9.835309028625488,125,nan,-1.0,True,,False,0.07780987024307251,0.07780987024307251,40.0,40.0,1.0,0.0,0.0,0.0,0.0,0.0
126,9.794533729553223,-0.0,0.004261956084519625,-0.0,0.9786009788513184,0.040281638503074646,3.568009853363037,1.0145624876022339,0.670438826084137,0.6608157055644927,88.57658193548149,0.040281638503074646,3.568009853363037,1.0145624876022339,0.670438826084137,0.6608157055644927,88.57658193548149,0.037730589509010315,121,e8edd9d39a7f5617,-0.0,0.0,0.0,0.0,nan,nan,nan,nan,nan,nan,nan,nan,nan,nan,nan,nan,0.0,0.0,0.0,nan,nan,0.20000000298023224,0.20000000298023224,0.09985015088128,0.0,0.0,0.0,0.0,0.0,0.0,0.0,0.0,0.0,0.0,0.0,0.0,0.007809820119291544,0.037730589509010315,0.0014470351893578481,9.794533729553223,126,nan,-1.0,True,,False,0.07780987024307251,0.07780987024307251,40.0,40.0,1.0,0.0,0.0,0.0,0.0,0.0
127,9.770492553710938,-0.0,0.0043675899505615234,-0.0,0.9761757850646973,0.04001452773809433,3.567122220993042,1.0145769119262695,0.6703655123710632,0.6607340503129638,89.14567839812581,0.04001452773809433,3.567122220993042,1.0145769119262695,0.6703655123710632,0.6607340503129638,89.14567839812581,0.03769977018237114,121,e8edd9d39a7f5617,-0.0,0.0,0.0,0.0,nan,nan,nan,nan,nan,nan,nan,nan,nan,nan,nan,nan,0.0,0.0,0.0,nan,nan,0.20000000298023224,0.20000000298023224,0.09984778353024,0.0,0.0,0.0,0.0,0.0,0.0,0.0,0.0,0.0,0.0,0.0,0.0,0.007874293252825737,0.03769977018237114,0.0014407001203835534,9.770492553710938,127,nan,-1.0,True,,False,0.07780987024307251,0.07780987024307251,40.0,40.0,1.0,0.0,0.0,0.0,0.0,0.0
128,9.745576858520508,-0.0,0.004470071755349636,-0.0,0.9736636877059937,0.03978753834962845,3.5654566287994385,1.0145715475082397,0.6702508330345154,0.6606245115789352,89.6123956568611,0.03978753834962845,3.5654566287994385,1.0145715475082397,0.6702508330345154,0.6606245115789352,89.6123956568611,0.03767051175236702,121,e8edd9d39a7f5617,-0.0,0.0,0.0,0.0,nan,nan,nan,nan,nan,nan,nan,nan,nan,nan,nan,nan,0.0,0.0,0.0,nan,nan,0.20000000298023224,0.20000000298023224,0.09984539795456,0.0,0.0,0.0,0.0,0.0,0.0,0.0,0.0,0.0,0.0,0.0,0.0,0.007938764989376068,0.03767051175236702,0.0014397335658031807,9.745576858520508,128,nan,-1.0,True,,False,0.07780987024307251,0.07780987024307251,40.0,40.0,1.0,0.0,0.0,0.0,0.0,0.0
129,9.671660423278809,-0.0,0.004583391826599836,-0.0,0.9662493467330933,0.041778676211833954,3.5644588470458984,1.0145668983459473,0.670116662979126,0.6604952951566033,85.31765891702076,0.041778676211833954,3.5644588470458984,1.0145668983459473,0.670116662979126,0.6604952951566033,85.31765891702076,0.03763885051012039,121,e8edd9d39a7f5617,-0.0,0.0,0.0,0.0,nan,nan,nan,nan,nan,nan,nan,nan,nan,nan,nan,nan,0.0,0.0,0.0,nan,nan,0.20000000298023224,0.20000000298023224,0.09984299416192,0.0,0.0,0.0,0.0,0.0,0.0,0.0,0.0,0.0,0.0,0.0,0.0,0.008003242313861847,0.03763885051012039,0.0014737207998223312,9.671660423278809,129,nan,-1.0,True,,False,0.07780987024307251,0.07780987024307251,40.0,40.0,1.0,0.0,0.0,0.0,0.0,0.0
130,9.647956848144531,-0.0,0.004687638022005558,-0.0,0.9638581275939941,0.04226033762097359,3.5640134811401367,1.014560341835022,0.6700602173805237,0.6604439280256063,84.33471386587634,0.04226033762097359,3.5640134811401367,1.014560341835022,0.6700602173805237,0.6604439280256063,84.33471386587634,0.037610337138175964,121,e8edd9d39a7f5617,-0.0,0.0,0.0,0.0,nan,nan,nan,nan,nan,nan,nan,nan,nan,nan,nan,nan,0.0,0.0,0.0,nan,nan,0.20000000298023224,0.20000000298023224,0.09984057216,0.0,0.0,0.0,0.0,0.0,0.0,0.0,0.0,0.0,0.0,0.0,0.0,0.008067725226283073,0.037610337138175964,0.0014791143344154989,9.647956848144531,130,nan,-1.0,True,,False,0.07780987024307251,0.07780987024307251,40.0,40.0,1.0,0.0,0.0,0.0,0.0,0.0
131,9.622671127319336,-0.0,0.004797105677425861,-0.0,0.9613077640533447,0.042025648057460785,3.563000202178955,1.0145487785339355,0.6699546575546265,0.6603474093406709,84.78156475558306,0.042025648057460785,3.563000202178955,1.0145487785339355,0.6699546575546265,0.6603474093406709,84.78156475558306,0.037581007927656174,121,e8edd9d39a7f5617,-0.0,0.0,0.0,0.0,nan,nan,nan,nan,nan,nan,nan,nan,nan,nan,nan,nan,0.0,0.0,0.0,nan,nan,0.20000000298023224,0.20000000298023224,0.09983813195647999,0.0,0.0,0.0,0.0,0.0,0.0,0.0,0.0,0.0,0.0,0.0,0.0,0.008132216520607471,0.037581007927656174,0.0014741144250365323,9.622671127319336,131,nan,-1.0,True,,False,0.07780987024307251,0.07780987024307251,40.0,40.0,1.0,0.0,0.0,0.0,0.0,0.0
132,9.57669448852539,-0.0,0.004914999008178711,-0.0,0.9566864371299744,0.04302047938108444,3.5619559288024902,1.014564037322998,0.6698775887489319,0.6602615153957686,82.79675122282893,0.04302047938108444,3.5619559288024902,1.014564037322998,0.6698775887489319,0.6602615153957686,82.79675122282893,0.03755006566643715,121,e8edd9d39a7f5617,-0.0,0.0,0.0,0.0,nan,nan,nan,nan,nan,nan,nan,nan,nan,nan,nan,nan,0.0,0.0,0.0,nan,nan,0.20000000298023224,0.20000000298023224,0.09983567355904001,0.0,0.0,0.0,0.0,0.0,0.0,0.0,0.0,0.0,0.0,0.0,0.0,0.008196713402867317,0.03755006566643715,0.0014917309617885621,9.57669448852539,132,nan,-1.0,True,,False,0.07780987024307251,0.07780987024307251,40.0,40.0,1.0,0.0,0.0,0.0,0.0,0.0
133,9.563404083251953,-0.0,0.00502932071685791,-0.0,0.9553346037864685,0.042369529604911804,3.5609376430511475,1.014549732208252,0.6697946786880493,0.6601891040177847,84.04477642910474,0.042369529604911804,3.5609376430511475,1.014549732208252,0.6697946786880493,0.6601891040177847,84.04477642910474,0.03752068802714348,121,e8edd9d39a7f5617,-0.0,0.0,0.0,0.0,nan,nan,nan,nan,nan,nan,nan,nan,nan,nan,nan,nan,0.0,0.0,0.0,nan,nan,0.20000000298023224,0.20000000298023224,0.09983319697536001,0.0,0.0,0.0,0.0,0.0,0.0,0.0,0.0,0.0,0.0,0.0,0.0,0.008261213079094887,0.03752068802714348,0.0014765856294616242,9.563404083251953,133,nan,-1.0,True,,False,0.07780987024307251,0.07780987024307251,40.0,40.0,1.0,0.0,0.0,0.0,0.0,0.0
134,9.50688362121582,-0.0,0.00514921173453331,-0.0,0.9496585130691528,0.043680813163518906,3.5599143505096436,1.0145217180252075,0.6696028709411621,0.6600182717079347,81.4983534574579,0.043680813163518906,3.5599143505096436,1.0145217180252075,0.6696028709411621,0.6600182717079347,81.4983534574579,0.037490494549274445,121,e8edd9d39a7f5617,-0.0,0.0,0.0,0.0,nan,nan,nan,nan,nan,nan,nan,nan,nan,nan,nan,nan,0.0,0.0,0.0,nan,nan,0.20000000298023224,0.20000000298023224,0.09983070221312002,0.0,0.0,0.0,0.0,0.0,0.0,0.0,0.0,0.0,0.0,0.0,0.0,0.008325721137225628,0.037490494549274445,0.0014981713256929652,9.50688362121582,134,nan,-1.0,True,,False,0.07780987024307251,0.07780987024307251,40.0,40.0,1.0,0.0,0.0,0.0,0.0,0.0
135,9.463024139404297,-0.0,0.00526845920830965,-0.0,0.9452486634254456,0.04462911933660507,3.559020519256592,1.0145432949066162,0.6695274114608765,0.659929856933807,79.74659980210413,0.04462911933660507,3.559020519256592,1.0145432949066162,0.6695274114608765,0.659929856933807,79.74659980210413,0.037461068481206894,121,e8edd9d39a7f5617,-0.0,0.0,0.0,0.0,nan,nan,nan,nan,nan,nan,nan,nan,nan,nan,nan,nan,0.0,0.0,0.0,nan,nan,0.20000000298023224,0.20000000298023224,0.09982818928000001,0.0,0.0,0.0,0.0,0.0,0.0,0.0,0.0,0.0,0.0,0.0,0.0,0.008390232920646667,0.037461068481206894,0.0015134277582546929,9.463024139404297,135,nan,-1.0,True,,False,0.07780987024307251,0.07780987024307251,40.0,40.0,1.0,0.0,0.0,0.0,0.0,0.0
136,9.425226211547852,-0.0,0.005393495317548513,-0.0,0.941443920135498,0.045473214238882065,3.5579304695129395,1.0145282745361328,0.6694024801254272,0.6598164850866226,78.24233516509848,0.045473214238882065,3.5579304695129395,1.0145282745361328,0.6694024801254272,0.6598164850866226,78.24233516509848,0.03743082657456398,121,e8edd9d39a7f5617,-0.0,0.0,0.0,0.0,nan,nan,nan,nan,nan,nan,nan,nan,nan,nan,nan,nan,0.0,0.0,0.0,nan,nan,0.20000000298023224,0.20000000298023224,0.09982565818368,0.0,0.0,0.0,0.0,0.0,0.0,0.0,0.0,0.0,0.0,0.0,0.0,0.008454760536551476,0.03743082657456398,0.001534416897357005,9.425226211547852,136,nan,-1.0,True,,False,0.07780987024307251,0.07780987024307251,40.0,40.0,1.0,0.0,0.0,0.0,0.0,0.0
137,9.408472061157227,-0.0,0.005517825949937105,-0.0,0.9397436380386353,0.04528004676103592,3.5569028854370117,1.014542579650879,0.669363796710968,0.6597690527107372,78.55342783121358,0.04528004676103592,3.5569028854370117,1.014542579650879,0.669363796710968,0.6597690527107372,78.55342783121358,0.03740135580301285,121,e8edd9d39a7f5617,-0.0,0.0,0.0,0.0,nan,nan,nan,nan,nan,nan,nan,nan,nan,nan,nan,nan,0.0,0.0,0.0,nan,nan,0.20000000298023224,0.20000000298023224,0.09982310893184,0.0,0.0,0.0,0.0,0.0,0.0,0.0,0.0,0.0,0.0,0.0,0.0,0.008519287221133709,0.03740135580301285,0.0015255182506734855,9.408472061157227,137,nan,-1.0,True,,False,0.07780987024307251,0.07780987024307251,40.0,40.0,1.0,0.0,0.0,0.0,0.0,0.0
138,9.387625694274902,-0.0,0.005644673947244883,-0.0,0.9376335740089417,0.045170314610004425,3.5559115409851074,1.0145329236984253,0.6692845821380615,0.6596972523062342,78.72231069644877,0.045170314610004425,3.5559115409851074,1.0145329236984253,0.6692845821380615,0.6596972523062342,78.72231069644877,0.037371862679719925,121,e8edd9d39a7f5617,-0.0,0.0,0.0,0.0,nan,nan,nan,nan,nan,nan,nan,nan,nan,nan,nan,nan,0.0,0.0,0.0,nan,nan,0.20000000298023224,0.20000000298023224,0.09982054153216001,0.0,0.0,0.0,0.0,0.0,0.0,0.0,0.0,0.0,0.0,0.0,0.0,0.00858382135629654,0.037371862679719925,0.0015243017901411804,9.387625694274902,138,nan,-1.0,True,,False,0.07780987024307251,0.07780987024307251,40.0,40.0,1.0,0.0,0.0,0.0,0.0,0.0
139,9.337250709533691,-0.0,0.005774106830358505,-0.0,0.9325702786445618,0.04640752077102661,3.5548014640808105,1.0145288705825806,0.6691480278968811,0.6595652891697712,76.59968481445281,0.04640752077102661,3.5548014640808105,1.0145288705825806,0.6691480278968811,0.6595652891697712,76.59968481445281,0.03734234347939491,121,e8edd9d39a7f5617,-0.0,0.0,0.0,0.0,nan,nan,nan,nan,nan,nan,nan,nan,nan,nan,nan,nan,0.0,0.0,0.0,nan,nan,0.20000000298023224,0.20000000298023224,0.09981795599232,0.0,0.0,0.0,0.0,0.0,0.0,0.0,0.0,0.0,0.0,0.0,0.0,0.008648362942039967,0.03734234347939491,0.0015409314496537263,9.337250709533691,139,nan,-1.0,True,,False,0.07780987024307251,0.07780987024307251,40.0,40.0,1.0,0.0,0.0,0.0,0.0,0.0
140,9.306575775146484,-0.0,0.005913353059440851,-0.0,0.9294748902320862,0.046782996505498886,3.553764820098877,1.0145280361175537,0.6690635085105896,0.6594825226033132,75.9627447053582,0.046782996505498886,3.553764820098877,1.0145280361175537,0.6690635085105896,0.6594825226033132,75.9627447053582,0.03731120750308037,121,e8edd9d39a7f5617,-0.0,0.0,0.0,0.0,nan,nan,nan,nan,nan,nan,nan,nan,nan,nan,nan,nan,0.0,0.0,0.0,nan,nan,0.20000000298023224,0.20000000298023224,0.09981535232,0.0,0.0,0.0,0.0,0.0,0.0,0.0,0.0,0.0,0.0,0.0,0.0,0.008712910115718842,0.03731120750308037,0.0015419049577758415,9.306575775146484,140,nan,-1.0,True,,False,0.07780987024307251,0.07780987024307251,40.0,40.0,1.0,0.0,0.0,0.0,0.0,0.0
141,9.27262020111084,-0.0,0.006037158891558647,-0.0,0.9260545969009399,0.04739411920309067,3.5527162551879883,1.0145292282104492,0.6689650416374207,0.6593846909836427,74.96111996435855,0.04739411920309067,3.5527162551879883,1.0145292282104492,0.6689650416374207,0.6593846909836427,74.96111996435855,0.037284038960933685,121,e8edd9d39a7f5617,-0.0,0.0,0.0,0.0,nan,nan,nan,nan,nan,nan,nan,nan,nan,nan,nan,nan,0.0,0.0,0.0,nan,nan,0.20000000298023224,0.20000000298023224,0.09981273052288,0.0,0.0,0.0,0.0,0.0,0.0,0.0,0.0,0.0,0.0,0.0,0.0,0.008777468465268612,0.037284038960933685,0.0015540375034106546,9.27262020111084,141,nan,-1.0,True,,False,0.07780987024307251,0.07780987024307251,40.0,40.0,1.0,0.0,0.0,0.0,0.0,0.0
142,9.23363971710205,-0.0,0.0061819362454116344,-0.0,0.9221276044845581,0.04820336401462555,3.5518393516540527,1.014546513557434,0.6688663959503174,0.6592762253994503,73.6844704568,0.04820336401462555,3.5518393516540527,1.014546513557434,0.6688663959503174,0.6592762253994503,73.6844704568,0.03725285083055496,121,e8edd9d39a7f5617,-0.0,0.0,0.0,0.0,nan,nan,nan,nan,nan,nan,nan,nan,nan,nan,nan,nan,0.0,0.0,0.0,nan,nan,0.20000000298023224,0.20000000298023224,0.09981009060864,0.0,0.0,0.0,0.0,0.0,0.0,0.0,0.0,0.0,0.0,0.0,0.0,0.008842031471431255,0.03725285083055496,0.0015671562650823034,9.23363971710205,142,nan,-1.0,True,,False,0.07780987024307251,0.07780987024307251,40.0,40.0,1.0,0.0,0.0,0.0,0.0,0.0
143,9.207043647766113,-0.0,0.006314410828053951,-0.0,0.9194415211677551,0.04857481271028519,3.5507497787475586,1.0145153999328613,0.6687455773353577,0.6591773544094195,73.09857888542565,0.04857481271028519,3.5507497787475586,1.0145153999328613,0.6687455773353577,0.6591773544094195,73.09857888542565,0.03722484037280083,121,e8edd9d39a7f5617,-0.0,0.0,0.0,0.0,nan,nan,nan,nan,nan,nan,nan,nan,nan,nan,nan,nan,0.0,0.0,0.0,nan,nan,0.20000000298023224,0.20000000298023224,0.09980743258496,0.0,0.0,0.0,0.0,0.0,0.0,0.0,0.0,0.0,0.0,0.0,0.0,0.00890660285949707,0.03722484037280083,0.0015684585459894151,9.207043647766113,143,nan,-1.0,True,,False,0.07780987024307251,0.07780987024307251,40.0,40.0,1.0,0.0,0.0,0.0,0.0,0.0
144,9.177542686462402,-0.0,0.006460986100137234,-0.0,0.9164620637893677,0.04871334508061409,3.549752712249756,1.0145331621170044,0.6686789393424988,0.6591001302975458,72.87023107067249,0.04871334508061409,3.549752712249756,1.0145331621170044,0.6686789393424988,0.6591001302975458,72.87023107067249,0.03719440475106239,121,dd9949a5335a4511,-0.0,0.0,0.0,0.0,nan,nan,nan,nan,nan,nan,nan,nan,nan,nan,nan,nan,0.0,0.0,0.0,nan,nan,0.20000000298023224,0.20000000298023224,0.09980475645952,0.0,0.0,0.0,0.0,0.0,0.0,0.0,0.0,0.0,0.0,0.0,0.0,0.008971179835498333,0.03719440475106239,0.0015619886776221392,9.177542686462402,144,nan,-1.0,True,,False,0.07780987024307251,0.07780987024307251,40.0,40.0,1.0,0.0,0.0,0.0,0.0,0.0
145,9.132400512695312,-0.0,0.00660252058878541,-0.0,0.9119195938110352,0.04979696497321129,3.547969341278076,1.0145090818405151,0.6684938073158264,0.658933290279718,71.2487064861631,0.04979696497321129,3.547969341278076,1.0145090818405151,0.6684938073158264,0.658933290279718,71.2487064861631,0.03716554865241051,121,dd9949a5335a4511,-0.0,0.0,0.0,0.0,nan,nan,nan,nan,nan,nan,nan,nan,nan,nan,nan,nan,0.0,0.0,0.0,nan,nan,0.20000000298023224,0.20000000298023224,0.09980206224,0.0,0.0,0.0,0.0,0.0,0.0,0.0,0.0,0.0,0.0,0.0,0.0,0.009035764262080193,0.03716554865241051,0.0015824948304725694,9.132400512695312,145,nan,-1.0,True,,False,0.07780987024307251,0.07780987024307251,40.0,40.0,1.0,0.0,0.0,0.0,0.0,0.0
146,9.097734451293945,-0.0,0.006750731263309717,-0.0,0.9084233641624451,0.05141988769173622,3.547513008117676,1.014526128768921,0.6684836745262146,0.6589122306168572,68.9910687745007,0.05141988769173622,3.547513008117676,1.014526128768921,0.6684836745262146,0.6589122306168572,68.9910687745007,0.03713586926460266,121,689973eb3238b06f,-0.0,0.0,0.0,0.0,nan,nan,nan,nan,nan,nan,nan,nan,nan,nan,nan,nan,0.0,0.0,0.0,nan,nan,0.20000000298023224,0.20000000298023224,0.09979934993408002,0.0,0.0,0.0,0.0,0.0,0.0,0.0,0.0,0.0,0.0,0.0,0.0,0.009100357070565224,0.03713586926460266,0.001602722663392342,9.097734451293945,146,nan,-1.0,True,,False,0.07780987024307251,0.07780987024307251,40.0,40.0,1.0,0.0,0.0,0.0,0.0,0.0
147,9.083057403564453,-0.0,0.006893515586853027,-0.0,0.9069270491600037,0.050577130168676376,3.5464162826538086,1.0145056247711182,0.6683469414710999,0.6587907697622525,70.11897019119897,0.050577130168676376,3.5464162826538086,1.0145056247711182,0.6683469414710999,0.6587907697622525,70.11897019119897,0.03710776939988136,121,689973eb3238b06f,-0.0,0.0,0.0,0.0,nan,nan,nan,nan,nan,nan,nan,nan,nan,nan,nan,nan,0.0,0.0,0.0,nan,nan,0.20000000298023224,0.20000000298023224,0.09979661954944001,0.0,0.0,0.0,0.0,0.0,0.0,0.0,0.0,0.0,0.0,0.0,0.0,0.009164957329630852,0.03710776939988136,0.0015879114016570384,9.083057403564453,147,nan,-1.0,True,,False,0.07780987024307251,0.07780987024307251,40.0,40.0,1.0,0.0,0.0,0.0,0.0,0.0
148,9.040969848632812,-0.0,0.00704300869256258,-0.0,0.9026883840560913,0.05191914364695549,3.5454041957855225,1.0145072937011719,0.6682603359222412,0.6587043189056466,68.2870314636521,0.05191914364695549,3.5454041957855225,1.0145072937011719,0.6682603359222412,0.6587043189056466,68.2870314636521,0.037078846246004105,121,689973eb3238b06f,-0.0,0.0,0.0,0.0,nan,nan,nan,nan,nan,nan,nan,nan,nan,nan,nan,nan,0.0,0.0,0.0,nan,nan,0.20000000298023224,0.20000000298023224,0.09979387109376,0.0,0.0,0.0,0.0,0.0,0.0,0.0,0.0,0.0,0.0,0.0,0.0,0.009229570627212524,0.037078846246004105,0.0015987522369869112,9.040969848632812,148,nan,-1.0,True,,False,0.07780987024307251,0.07780987024307251,40.0,40.0,1.0,0.0,0.0,0.0,0.0,0.0
149,9.008667945861816,-0.0,0.007190952077507973,-0.0,0.8994285464286804,0.05258557200431824,3.54437518119812,1.0145196914672852,0.6681708693504333,0.658608083184731,67.40204672314037,0.05258557200431824,3.54437518119812,1.0145196914672852,0.6681708693504333,0.658608083184731,67.40204672314037,0.037050701677799225,121,689973eb3238b06f,-0.0,0.0,0.0,0.0,nan,nan,nan,nan,nan,nan,nan,nan,nan,nan,nan,nan,0.0,0.0,0.0,nan,nan,0.20000000298023224,0.20000000298023224,0.09979110457472001,0.0,0.0,0.0,0.0,0.0,0.0,0.0,0.0,0.0,0.0,0.0,0.0,0.009294189512729645,0.037050701677799225,0.0016059492104432138,9.008667945861816,149,nan,-1.0,True,,False,0.07780987024307251,0.07780987024307251,40.0,40.0,1.0,0.0,0.0,0.0,0.0,0.0
150,8.98921012878418,-0.0,0.007350096479058266,-0.0,0.8974509835243225,0.05252422019839287,3.5432119369506836,1.0145024061203003,0.6680729985237122,0.6585228329606265,67.45863001044799,0.05252422019839287,3.5432119369506836,1.0145024061203003,0.6680729985237122,0.6585228329606265,67.45863001044799,0.03702092915773392,121,689973eb3238b06f,-0.0,0.0,0.0,0.0,nan,nan,nan,nan,nan,nan,nan,nan,nan,nan,nan,nan,0.0,0.0,0.0,nan,nan,0.20000000298023224,0.20000000298023224,0.09978832,0.0,0.0,0.0,0.0,0.0,0.0,0.0,0.0,0.0,0.0,0.0,0.0,0.009358813054859638,0.03702092915773392,0.0016013364102036576,8.98921012878418,150,nan,-1.0,True,,False,0.07780987024307251,0.07780987024307251,40.0,40.0,1.0,0.0,0.0,0.0,0.0,0.0
151,8.938484191894531,-0.0,0.007516541518270969,-0.0,0.892345130443573,0.05466819927096367,3.5422556400299072,1.0145069360733032,0.667959451675415,0.6584079693538454,64.7955426970014,0.05466819927096367,3.5422556400299072,1.0145069360733032,0.667959451675415,0.6584079693538454,64.7955426970014,0.03699032589793205,121,689973eb3238b06f,-0.0,0.0,0.0,0.0,nan,nan,nan,nan,nan,nan,nan,nan,nan,nan,nan,nan,0.0,0.0,0.0,nan,nan,0.20000000298023224,0.20000000298023224,0.09978551737728,0.0,0.0,0.0,0.0,0.0,0.0,0.0,0.0,0.0,0.0,0.0,0.0,0.009423444978892803,0.03699032589793205,0.0016280349132102856,8.938484191894531,151,nan,-1.0,True,,False,0.07780987024307251,0.07780987024307251,40.0,40.0,1.0,0.0,0.0,0.0,0.0,0.0
152,8.913725852966309,-0.0,0.007672567386180162,-0.0,0.8898379802703857,0.05505283549427986,3.541152238845825,1.0145111083984375,0.6678734421730042,0.658320482293531,64.32279476710623,0.05505283549427986,3.541152238845825,1.0145111083984375,0.6678734421730042,0.658320482293531,64.32279476710623,0.0369621179997921,121,689973eb3238b06f,-0.0,0.0,0.0,0.0,nan,nan,nan,nan,nan,nan,nan,nan,nan,nan,nan,nan,0.0,0.0,0.0,nan,nan,0.20000000298023224,0.20000000298023224,0.09978269671424,0.0,0.0,0.0,0.0,0.0,0.0,0.0,0.0,0.0,0.0,0.0,0.0,0.009488088078796864,0.0369621179997921,0.0016328530077771575,8.913725852966309,152,nan,-1.0,True,,False,0.07780987024307251,0.07780987024307251,40.0,40.0,1.0,0.0,0.0,0.0,0.0,0.0
153,8.886748313903809,-0.0,0.007826652377843857,-0.0,0.8871094584465027,0.055305711925029755,3.5400519371032715,1.0145018100738525,0.6677932143211365,0.6582474350366346,64.00879427973057,0.055305711925029755,3.5400519371032715,1.0145018100738525,0.6677932143211365,0.6582474350366346,64.00879427973057,0.03693469241261482,121,689973eb3238b06f,-0.0,0.0,0.0,0.0,nan,nan,nan,nan,nan,nan,nan,nan,nan,nan,nan,nan,0.0,0.0,0.0,nan,nan,0.20000000298023224,0.20000000298023224,0.09977985801856,0.0,0.0,0.0,0.0,0.0,0.0,0.0,0.0,0.0,0.0,0.0,0.0,0.009552735835313797,0.03693469241261482,0.0016304258115269477,8.886748313903809,153,nan,-1.0,True,,False,0.07780987024307251,0.07780987024307251,40.0,40.0,1.0,0.0,0.0,0.0,0.0,0.0
154,8.854392051696777,-0.0,0.007997135631740093,-0.0,0.8838398456573486,0.05590563267469406,3.5383293628692627,1.0145044326782227,0.6676377654075623,0.6580925069445424,63.291106702221505,0.05590563267469406,3.5383293628692627,1.0145044326782227,0.6676377654075623,0.6580925069445424,63.291106702221505,0.03690482676029205,121,689973eb3238b06f,-0.0,0.0,0.0,0.0,nan,nan,nan,nan,nan,nan,nan,nan,nan,nan,nan,nan,0.0,0.0,0.0,nan,nan,0.20000000298023224,0.20000000298023224,0.09977700129792,0.0,0.0,0.0,0.0,0.0,0.0,0.0,0.0,0.0,0.0,0.0,0.0,0.009617394767701626,0.03690482676029205,0.0016470474433845084,8.854392051696777,154,nan,-1.0,True,,False,0.07780987024307251,0.07780987024307251,40.0,40.0,1.0,0.0,0.0,0.0,0.0,0.0
155,8.825881004333496,-0.0,0.00816113967448473,-0.0,0.8809559345245361,0.05659974366426468,3.537292957305908,1.0145081281661987,0.6675379276275635,0.6579916997157919,62.49662504283116,0.05659974366426468,3.537292957305908,1.0145081281661987,0.6675379276275635,0.6579916997157919,62.49662504283116,0.03687655180692673,121,689973eb3238b06f,-0.0,0.0,0.0,0.0,nan,nan,nan,nan,nan,nan,nan,nan,nan,nan,nan,nan,0.0,0.0,0.0,nan,nan,0.20000000298023224,0.20000000298023224,0.09977412656000001,0.0,0.0,0.0,0.0,0.0,0.0,0.0,0.0,0.0,0.0,0.0,0.0,0.00968206487596035,0.03687655180692673,0.0016513556738573243,8.825881004333496,155,nan,-1.0,True,,False,0.07780987024307251,0.07780987024307251,40.0,40.0,1.0,0.0,0.0,0.0,0.0,0.0
156,8.804037094116211,-0.0,0.008327794261276722,-0.0,0.8787381052970886,0.0565955713391304,3.5362701416015625,1.0145111083984375,0.6674547791481018,0.6579078076353272,62.48316004112095,0.0565955713391304,3.5362701416015625,1.0145111083984375,0.6674547791481018,0.6579078076353272,62.48316004112095,0.03684825450181961,121,689973eb3238b06f,-0.0,0.0,0.0,0.0,nan,nan,nan,nan,nan,nan,nan,nan,nan,nan,nan,nan,0.0,0.0,0.0,nan,nan,0.20000000298023224,0.20000000298023224,0.09977123381248,0.0,0.0,0.0,0.0,0.0,0.0,0.0,0.0,0.0,0.0,0.0,0.0,0.00974674429744482,0.03684825450181961,0.0016441839852632256,8.804037094116211,156,nan,-1.0,True,,False,0.07780987024307251,0.07780987024307251,40.0,40.0,1.0,0.0,0.0,0.0,0.0,0.0
157,8.773599624633789,-0.0,0.008492269553244114,-0.0,0.8756614923477173,0.05781174823641777,3.5357117652893066,1.0144871473312378,0.6673789620399475,0.6578486122723083,61.15905284217007,0.05781174823641777,3.5357117652893066,1.0144871473312378,0.6673789620399475,0.6578486122723083,61.15905284217007,0.03682074323296547,121,689973eb3238b06f,-0.0,0.0,0.0,0.0,nan,nan,nan,nan,nan,nan,nan,nan,nan,nan,nan,nan,0.0,0.0,0.0,nan,nan,0.20000000298023224,0.20000000298023224,0.09976832306304001,0.0,0.0,0.0,0.0,0.0,0.0,0.0,0.0,0.0,0.0,0.0,0.0,0.009811430238187313,0.03682074323296547,0.0016530613725080912,8.773599624633789,157,nan,-1.0,True,,False,0.07780987024307251,0.07780987024307251,40.0,40.0,1.0,0.0,0.0,0.0,0.0,0.0
158,8.747480392456055,-0.0,0.008664197288453579,-0.0,0.8730152249336243,0.05800408869981766,3.5346646308898926,1.0145022869110107,0.667263925075531,0.6577254025786751,60.93819780847629,0.05800408869981766,3.5346646308898926,1.0145022869110107,0.667263925075531,0.6577254025786751,60.93819780847629,0.03679240494966507,121,689973eb3238b06f,-0.0,0.0,0.0,0.0,nan,nan,nan,nan,nan,nan,nan,nan,nan,nan,nan,nan,0.0,0.0,0.0,nan,nan,0.20000000298023224,0.20000000298023224,0.09976539431936,0.0,0.0,0.0,0.0,0.0,0.0,0.0,0.0,0.0,0.0,0.0,0.0,0.009876119904220104,0.03679240494966507,0.001652074393859948,8.747480392456055,158,nan,-1.0,True,,False,0.07780987024307251,0.07780987024307251,40.0,40.0,1.0,0.0,0.0,0.0,0.0,0.0
159,8.709447860717773,-0.0,0.008843855932354927,-0.0,0.8691760301589966,0.05989747494459152,3.5334761142730713,1.0145074129104614,0.6671937108039856,0.6576528690804854,58.99207132757653,0.05989747494459152,3.5334761142730713,1.0145074129104614,0.6671937108039856,0.6576528690804854,58.99207132757653,0.036763232201337814,121,689973eb3238b06f,-0.0,0.0,0.0,0.0,nan,nan,nan,nan,nan,nan,nan,nan,nan,nan,nan,nan,0.0,0.0,0.0,nan,nan,0.20000000298023224,0.20000000298023224,0.09976244758912002,0.0,0.0,0.0,0.0,0.0,0.0,0.0,0.0,0.0,0.0,0.0,0.0,0.00994082447141409,0.036763232201337814,0.001675284393968468,8.709447860717773,159,nan,-1.0,True,,False,0.07780987024307251,0.07780987024307251,40.0,40.0,1.0,0.0,0.0,0.0,0.0,0.0
160,8.689867973327637,-0.0,0.009021253325045109,-0.0,0.8671824932098389,0.05948205292224884,3.5317957401275635,1.014497995376587,0.6670555472373962,0.6575227849413164,59.37582122029484,0.05948205292224884,3.5317957401275635,1.014497995376587,0.6670555472373962,0.6575227849413164,59.37582122029484,0.03673484921455383,121,689973eb3238b06f,-0.0,0.0,0.0,0.0,nan,nan,nan,nan,nan,nan,nan,nan,nan,nan,nan,nan,0.0,0.0,0.0,nan,nan,0.20000000298023224,0.20000000298023224,0.09975948288,0.0,0.0,0.0,0.0,0.0,0.0,0.0,0.0,0.0,0.0,0.0,0.0,0.010005532763898373,0.03673484921455383,0.001668226193942246,8.689867973327637,160,nan,-1.0,True,,False,0.07780987024307251,0.07780987024307251,40.0,40.0,1.0,0.0,0.0,0.0,0.0,0.0
161,8.657501220703125,-0.0,0.009206556715071201,-0.0,0.8639087677001953,0.060941316187381744,3.53144907951355,1.0145004987716675,0.6669979095458984,0.6574643485670862,57.9483559011933,0.060941316187381744,3.53144907951355,1.0145004987716675,0.6669979095458984,0.6574643485670862,57.9483559011933,0.036705631762742996,121,689973eb3238b06f,-0.0,0.0,0.0,0.0,nan,nan,nan,nan,nan,nan,nan,nan,nan,nan,nan,nan,0.0,0.0,0.0,nan,nan,0.20000000298023224,0.20000000298023224,0.09975650019968,0.0,0.0,0.0,0.0,0.0,0.0,0.0,0.0,0.0,0.0,0.0,0.0,0.010070253163576126,0.036705631762742996,0.0016762995619501453,8.657501220703125,161,nan,-1.0,True,,False,0.07780987024307251,0.07780987024307251,40.0,40.0,1.0,0.0,0.0,0.0,0.0,0.0
162,8.630587577819824,-0.0,0.00938947219401598,-0.0,0.8611809015274048,0.061608705669641495,3.53022837638855,1.014495849609375,0.6669098138809204,0.6573805246593267,57.300804131779,0.061608705669641495,3.53022837638855,1.014495849609375,0.6669098138809204,0.6573805246593267,57.300804131779,0.03667720407247543,121,689973eb3238b06f,-0.0,0.0,0.0,0.0,nan,nan,nan,nan,nan,nan,nan,nan,nan,nan,nan,nan,0.0,0.0,0.0,nan,nan,0.20000000298023224,0.20000000298023224,0.09975349955584001,0.0,0.0,0.0,0.0,0.0,0.0,0.0,0.0,0.0,0.0,0.0,0.0,0.010134986601769924,0.03667720407247543,0.001673497771662369,8.630587577819824,162,nan,-1.0,True,,False,0.07780987024307251,0.07780987024307251,40.0,40.0,1.0,0.0,0.0,0.0,0.0,0.0
163,8.60922908782959,-0.0,0.009569773450493813,-0.0,0.8590089678764343,0.061690911650657654,3.52909779548645,1.0144977569580078,0.6667973399162292,0.6572684220767867,57.20612163216149,0.061690911650657654,3.52909779548645,1.0144977569580078,0.6667973399162292,0.6572684220767867,57.20612163216149,0.036649566143751144,121,689973eb3238b06f,-0.0,0.0,0.0,0.0,nan,nan,nan,nan,nan,nan,nan,nan,nan,nan,nan,nan,0.0,0.0,0.0,nan,nan,0.20000000298023224,0.20000000298023224,0.09975048095616,0.0,0.0,0.0,0.0,0.0,0.0,0.0,0.0,0.0,0.0,0.0,0.0,0.01019972562789917,0.036649566143751144,0.0016736365155338717,8.60922908782959,163,nan,-1.0,True,,False,0.07780987024307251,0.07780987024307251,40.0,40.0,1.0,0.0,0.0,0.0,0.0,0.0
164,8.57372760772705,-0.0,0.009758071973919868,-0.0,0.8554211258888245,0.0631951317191124,3.527381420135498,1.014489769935608,0.6666772365570068,0.6571552087699439,55.81729674706408,0.0631951317191124,3.527381420135498,1.014489769935608,0.6666772365570068,0.6571552087699439,55.81729674706408,0.03662109375,121,689973eb3238b06f,-0.0,0.0,0.0,0.0,nan,nan,nan,nan,nan,nan,nan,nan,nan,nan,nan,nan,0.0,0.0,0.0,nan,nan,0.20000000298023224,0.20000000298023224,0.09974744440832001,0.0,0.0,0.0,0.0,0.0,0.0,0.0,0.0,0.0,0.0,0.0,0.0,0.010264471173286438,0.03662109375,0.0016880342968761397,8.57372760772705,164,nan,-1.0,True,,False,0.07780987024307251,0.07780987024307251,40.0,40.0,1.0,0.0,0.0,0.0,0.0,0.0
165,8.545722007751465,-0.0,0.009932627901434898,-0.0,0.8525856733322144,0.06460651755332947,3.5270028114318848,1.0145173072814941,0.6666389107704163,0.6570995940490609,54.59205889747144,0.06460651755332947,3.5270028114318848,1.0145173072814941,0.6666389107704163,0.6570995940490609,54.59205889747144,0.036595042794942856,121,689973eb3238b06f,-0.0,0.0,0.0,0.0,nan,nan,nan,nan,nan,nan,nan,nan,nan,nan,nan,nan,0.0,0.0,0.0,nan,nan,0.20000000298023224,0.20000000298023224,0.09974438992000001,0.0,0.0,0.0,0.0,0.0,0.0,0.0,0.0,0.0,0.0,0.0,0.0,0.010329230688512325,0.036595042794942856,0.001703213361906819,8.545722007751465,165,nan,-1.0,True,,False,0.07780987024307251,0.07780987024307251,40.0,40.0,1.0,0.0,0.0,0.0,0.0,0.0
166,8.527637481689453,-0.0,0.010131730698049068,-0.0,0.8507373332977295,0.06439647078514099,3.5258169174194336,1.0145153999328613,0.6665411591529846,0.6570044764200672,54.751710372193095,0.06439647078514099,3.5258169174194336,1.0145153999328613,0.6665411591529846,0.6570044764200672,54.751710372193095,0.036565713584423065,121,689973eb3238b06f,-0.0,0.0,0.0,0.0,nan,nan,nan,nan,nan,nan,nan,nan,nan,nan,nan,nan,0.0,0.0,0.0,nan,nan,0.20000000298023224,0.20000000298023224,0.09974131749888,0.0,0.0,0.0,0.0,0.0,0.0,0.0,0.0,0.0,0.0,0.0,0.0,0.010393998585641384,0.036565713584423065,0.0016899524998734705,8.527637481689453,166,nan,-1.0,True,,False,0.07780987024307251,0.07780987024307251,40.0,40.0,1.0,0.0,0.0,0.0,0.0,0.0
167,8.510549545288086,-0.0,0.010328092612326145,-0.0,0.8489892482757568,0.06467550992965698,3.5246167182922363,1.014496088027954,0.6664513349533081,0.6569284424238649,54.49692970531991,0.06467550992965698,3.5246167182922363,1.014496088027954,0.6664513349533081,0.6569284424238649,54.49692970531991,0.03653717413544655,121,689973eb3238b06f,-0.0,0.0,0.0,0.0,nan,nan,nan,nan,nan,nan,nan,nan,nan,nan,nan,nan,0.0,0.0,0.0,nan,nan,0.20000000298023224,0.20000000298023224,0.09973822715264001,0.0,0.0,0.0,0.0,0.0,0.0,0.0,0.0,0.0,0.0,0.0,0.0,0.010458769276738167,0.03653717413544655,0.0016929302355492837,8.510549545288086,167,nan,-1.0,True,,False,0.07780987024307251,0.07780987024307251,40.0,40.0,1.0,0.0,0.0,0.0,0.0,0.0
168,8.479700088500977,-0.0,0.010521454736590385,-0.0,0.8458657264709473,0.06543931365013123,3.5236012935638428,1.0144983530044556,0.666333794593811,0.6568111151885572,53.84532778571978,0.06543931365013123,3.5236012935638428,1.0144983530044556,0.666333794593811,0.6568111151885572,53.84532778571978,0.0365094318985939,121,9115878d85c9aa70,-0.0,0.0,0.0,0.0,nan,nan,nan,nan,nan,nan,nan,nan,nan,nan,nan,nan,0.0,0.0,0.0,nan,nan,0.20000000298023224,0.20000000298023224,0.09973511888896,0.0,0.0,0.0,0.0,0.0,0.0,0.0,0.0,0.0,0.0,0.0,0.0,0.010523554868996143,0.0365094318985939,0.0016933907922975777,8.479700088500977,168,nan,-1.0,True,,False,0.07780987024307251,0.07780987024307251,40.0,40.0,1.0,0.0,0.0,0.0,0.0,0.0
169,8.443731307983398,-0.0,0.010717415250837803,-0.0,0.8422296047210693,0.06768825650215149,3.5224661827087402,1.0145084857940674,0.6662610173225403,0.656732818554051,52.03954666193504,0.06768825650215149,3.5224661827087402,1.0145084857940674,0.6662610173225403,0.656732818554051,52.03954666193504,0.036481667309999466,121,9115878d85c9aa70,-0.0,0.0,0.0,0.0,nan,nan,nan,nan,nan,nan,nan,nan,nan,nan,nan,nan,0.0,0.0,0.0,nan,nan,0.20000000298023224,0.20000000298023224,0.09973199271552001,0.0,0.0,0.0,0.0,0.0,0.0,0.0,0.0,0.0,0.0,0.0,0.0,0.010588349774479866,0.036481667309999466,0.0017151962410935084,8.443731307983398,169,nan,-1.0,True,,False,0.07780987024307251,0.07780987024307251,40.0,40.0,1.0,0.0,0.0,0.0,0.0,0.0
170,8.425500869750977,-0.0,0.010915947146713734,-0.0,0.8403668999671936,0.0677204430103302,3.521409749984741,1.0145149230957031,0.666159451007843,0.6566285382723756,51.99921313934079,0.0677204430103302,3.521409749984741,1.0145149230957031,0.666159451007843,0.6566285382723756,51.99921313934079,0.03645388409495354,121,9115878d85c9aa70,-0.0,0.0,0.0,0.0,nan,nan,nan,nan,nan,nan,nan,nan,nan,nan,nan,nan,0.0,0.0,0.0,nan,nan,0.20000000298023224,0.20000000298023224,0.09972884864,0.0,0.0,0.0,0.0,0.0,0.0,0.0,0.0,0.0,0.0,0.0,0.0,0.010653156787157059,0.03645388409495354,0.0017138523562607588,8.425500869750977,170,nan,-1.0,True,,False,0.07780987024307251,0.07780987024307251,40.0,40.0,1.0,0.0,0.0,0.0,0.0,0.0
171,8.397052764892578,-0.0,0.011123032309114933,-0.0,0.8374806046485901,0.06849871575832367,3.5201797485351562,1.0145118236541748,0.6660459637641907,0.6565186804478598,51.39044885096841,0.06849871575832367,3.5201797485351562,1.0145118236541748,0.6660459637641907,0.6565186804478598,51.39044885096841,0.036425258964300156,121,9115878d85c9aa70,-0.0,0.0,0.0,0.0,nan,nan,nan,nan,nan,nan,nan,nan,nan,nan,nan,nan,0.0,0.0,0.0,nan,nan,0.20000000298023224,0.20000000298023224,0.09972568667008,0.0,0.0,0.0,0.0,0.0,0.0,0.0,0.0,0.0,0.0,0.0,0.0,0.01071797776967287,0.036425258964300156,0.0017117096849688096,8.397052764892578,171,nan,-1.0,True,,False,0.07780987024307251,0.07780987024307251,40.0,40.0,1.0,0.0,0.0,0.0,0.0,0.0
172,8.372928619384766,-0.0,0.011326846666634083,-0.0,0.8350274562835693,0.069373719394207,3.5189733505249023,1.0144928693771362,0.6659398674964905,0.6564263659195108,50.72487652750461,0.069373719394207,3.5189733505249023,1.0144928693771362,0.6659398674964905,0.6564263659195108,50.72487652750461,0.03639742732048035,121,9115878d85c9aa70,-0.0,0.0,0.0,0.0,nan,nan,nan,nan,nan,nan,nan,nan,nan,nan,nan,nan,0.0,0.0,0.0,nan,nan,0.20000000298023224,0.20000000298023224,0.09972250681344,0.0,0.0,0.0,0.0,0.0,0.0,0.0,0.0,0.0,0.0,0.0,0.0,0.010782799683511257,0.03639742732048035,0.001717301614007738,8.372928619384766,172,nan,-1.0,True,,False,0.07780987024307251,0.07780987024307251,40.0,40.0,1.0,0.0,0.0,0.0,0.0,0.0
173,8.353265762329102,-0.0,0.01152713317424059,-0.0,0.8330211639404297,0.07009813189506531,3.5178542137145996,1.0145184993743896,0.6658786535263062,0.6563494445265662,50.18470704726791,0.07009813189506531,3.5178542137145996,1.0145184993743896,0.6658786535263062,0.6563494445265662,50.18470704726791,0.03637039661407471,121,9115878d85c9aa70,-0.0,0.0,0.0,0.0,nan,nan,nan,nan,nan,nan,nan,nan,nan,nan,nan,nan,0.0,0.0,0.0,nan,nan,0.20000000298023224,0.20000000298023224,0.09971930907776,0.0,0.0,0.0,0.0,0.0,0.0,0.0,0.0,0.0,0.0,0.0,0.0,0.010847635567188263,0.03637039661407471,0.0017268395240535028,8.353265762329102,173,nan,-1.0,True,,False,0.07780987024307251,0.07780987024307251,40.0,40.0,1.0,0.0,0.0,0.0,0.0,0.0
174,8.325285911560059,-0.0,0.011729826219379902,-0.0,0.8301826119422913,0.07093197852373123,3.516193151473999,1.0145058631896973,0.6657450199127197,0.656225896831742,49.571338973684625,0.07093197852373123,3.516193151473999,1.0145058631896973,0.6657450199127197,0.656225896831742,49.571338973684625,0.036343347281217575,121,9115878d85c9aa70,-0.0,0.0,0.0,0.0,nan,nan,nan,nan,nan,nan,nan,nan,nan,nan,nan,nan,0.0,0.0,0.0,nan,nan,0.20000000298023224,0.20000000298023224,0.09971609347072001,0.0,0.0,0.0,0.0,0.0,0.0,0.0,0.0,0.0,0.0,0.0,0.0,0.010912487283349037,0.036343347281217575,0.0017249651259589882,8.325285911560059,174,nan,-1.0,True,,False,0.07780987024307251,0.07780987024307251,40.0,40.0,1.0,0.0,0.0,0.0,0.0,0.0
175,8.303833961486816,-0.0,0.011941203847527504,-0.0,0.8279951214790344,0.0717310756444931,3.515566349029541,1.0145158767700195,0.6656849980354309,0.6561602566091087,49.010367089057254,0.0717310756444931,3.515566349029541,1.0145158767700195,0.6656849980354309,0.6561602566091087,49.010367089057254,0.03631545603275299,121,9115878d85c9aa70,-0.0,0.0,0.0,0.0,nan,nan,nan,nan,nan,nan,nan,nan,nan,nan,nan,nan,0.0,0.0,0.0,nan,nan,0.20000000298023224,0.20000000298023224,0.09971286000000001,0.0,0.0,0.0,0.0,0.0,0.0,0.0,0.0,0.0,0.0,0.0,0.0,0.010977338068187237,0.03631545603275299,0.0017285182325394999,8.303833961486816,175,nan,-1.0,True,,False,0.07780987024307251,0.07780987024307251,40.0,40.0,1.0,0.0,0.0,0.0,0.0,0.0
176,8.281227111816406,-0.0,0.01214881893247366,-0.0,0.8256929516792297,0.07254527509212494,3.5146005153656006,1.0145153999328613,0.6656063795089722,0.6560830713393022,48.44699411370932,0.07254527509212494,3.5146005153656006,1.0145153999328613,0.6656063795089722,0.6560830713393022,48.44699411370932,0.036288365721702576,121,9115878d85c9aa70,-0.0,0.0,0.0,0.0,nan,nan,nan,nan,nan,nan,nan,nan,nan,nan,nan,nan,0.0,0.0,0.0,nan,nan,0.20000000298023224,0.20000000298023224,0.09970960867328,0.0,0.0,0.0,0.0,0.0,0.0,0.0,0.0,0.0,0.0,0.0,0.0,0.011042207479476929,0.036288365721702576,0.0017347019743283454,8.281227111816406,176,nan,-1.0,True,,False,0.07780987024307251,0.07780987024307251,40.0,40.0,1.0,0.0,0.0,0.0,0.0,0.0
177,8.26119613647461,-0.0,0.012352466583251953,-0.0,0.8236491084098816,0.07343153655529022,3.5132813453674316,1.0145193338394165,0.665526807308197,0.6560020939073993,47.844311996959355,0.07343153655529022,3.5132813453674316,1.0145193338394165,0.665526807308197,0.6560020939073993,47.844311996959355,0.03626207634806633,121,9115878d85c9aa70,-0.0,0.0,0.0,0.0,nan,nan,nan,nan,nan,nan,nan,nan,nan,nan,nan,nan,0.0,0.0,0.0,nan,nan,0.20000000298023224,0.20000000298023224,0.09970633949824001,0.0,0.0,0.0,0.0,0.0,0.0,0.0,0.0,0.0,0.0,0.0,0.0,0.011107087135314941,0.03626207634806633,0.001737914551540598,8.26119613647461,177,nan,-1.0,True,,False,0.07780987024307251,0.07780987024307251,40.0,40.0,1.0,0.0,0.0,0.0,0.0,0.0
178,8.235284805297852,-0.0,0.012564844451844692,-0.0,0.8210155367851257,0.0742097795009613,3.5122017860412598,1.0145126581192017,0.6654103398323059,0.6558916091455239,47.32801808144118,0.0742097795009613,3.5122017860412598,1.0145126581192017,0.6654103398323059,0.6558916091455239,47.32801808144118,0.03623494505882263,121,9115878d85c9aa70,-0.0,0.0,0.0,0.0,nan,nan,nan,nan,nan,nan,nan,nan,nan,nan,nan,nan,0.0,0.0,0.0,nan,nan,0.20000000298023224,0.20000000298023224,0.09970305248256002,0.0,0.0,0.0,0.0,0.0,0.0,0.0,0.0,0.0,0.0,0.0,0.0,0.011171974241733551,0.03623494505882263,0.001733117681396834,8.235284805297852,178,nan,-1.0,True,,False,0.07780987024307251,0.07780987024307251,40.0,40.0,1.0,0.0,0.0,0.0,0.0,0.0
179,8.21280288696289,-0.0,0.01278617326170206,-0.0,0.8187230229377747,0.07503832131624222,3.511094570159912,1.0145319700241089,0.6653419733047485,0.6558117368040532,46.79068652619135,0.07503832131624222,3.511094570159912,1.0145319700241089,0.6653419733047485,0.6558117368040532,46.79068652619135,0.03620696812868118,121,9115878d85c9aa70,-0.0,0.0,0.0,0.0,nan,nan,nan,nan,nan,nan,nan,nan,nan,nan,nan,nan,0.0,0.0,0.0,nan,nan,0.20000000298023224,0.20000000298023224,0.09969974763392,0.0,0.0,0.0,0.0,0.0,0.0,0.0,0.0,0.0,0.0,0.0,0.0,0.011236872524023056,0.03620696812868118,0.0017371993676533748,8.21280288696289,179,nan,-1.0,True,,False,0.07780987024307251,0.07780987024307251,40.0,40.0,1.0,0.0,0.0,0.0,0.0,0.0
180,8.18418025970459,-0.0,0.012996806763112545,-0.0,0.815818727016449,0.07663433253765106,3.509843349456787,1.014506220817566,0.6652055382728577,0.6556938978026026,45.79988150522969,0.07663433253765106,3.509843349456787,1.014506220817566,0.6652055382728577,0.6556938978026026,45.79988150522969,0.03618061915040016,121,9115878d85c9aa70,-0.0,0.0,0.0,0.0,nan,nan,nan,nan,nan,nan,nan,nan,nan,nan,nan,nan,0.0,0.0,0.0,nan,nan,0.20000000298023224,0.20000000298023224,0.09969642496,0.0,0.0,0.0,0.0,0.0,0.0,0.0,0.0,0.0,0.0,0.0,0.0,0.011301735416054726,0.03618061915040016,0.0017427000425414008,8.18418025970459,180,nan,-1.0,True,,False,0.07780987024307251,0.07780987024307251,40.0,40.0,1.0,0.0,0.0,0.0,0.0,0.0
181,8.167656898498535,-0.0,0.013223052024841309,-0.0,0.8141210079193115,0.07678469270467758,3.5087289810180664,1.014516830444336,0.665128767490387,0.6556113684176883,45.69568305121733,0.07678469270467758,3.5087289810180664,1.014516830444336,0.665128767490387,0.6556113684176883,45.69568305121733,0.03615260124206543,121,9115878d85c9aa70,-0.0,0.0,0.0,0.0,nan,nan,nan,nan,nan,nan,nan,nan,nan,nan,nan,nan,0.0,0.0,0.0,nan,nan,0.20000000298023224,0.20000000298023224,0.09969308446848,0.0,0.0,0.0,0.0,0.0,0.0,0.0,0.0,0.0,0.0,0.0,0.0,0.011366569437086582,0.03615260124206543,0.001731153607579472,8.167656898498535,181,nan,-1.0,True,,False,0.07780987024307251,0.07780987024307251,40.0,40.0,1.0,0.0,0.0,0.0,0.0,0.0
182,8.15697193145752,-0.0,0.013445062562823296,-0.0,0.8130082488059998,0.0768805667757988,3.507641315460205,1.0145292282104492,0.6650935411453247,0.6555686348420913,45.62455068378052,0.0768805667757988,3.507641315460205,1.0145292282104492,0.6650935411453247,0.6555686348420913,45.62455068378052,0.036125387996435165,121,9115878d85c9aa70,-0.0,0.0,0.0,0.0,nan,nan,nan,nan,nan,nan,nan,nan,nan,nan,nan,nan,0.0,0.0,0.0,nan,nan,0.20000000298023224,0.20000000298023224,0.09968972616704,0.0,0.0,0.0,0.0,0.0,0.0,0.0,0.0,0.0,0.0,0.0,0.0,0.011431403458118439,0.036125387996435165,0.0017241654281860974,8.15697193145752,182,nan,-1.0,True,,False,0.07780987024307251,0.07780987024307251,40.0,40.0,1.0,0.0,0.0,0.0,0.0,0.0
183,8.126644134521484,-0.0,0.013662595301866531,-0.0,0.8099318146705627,0.07852781563997269,3.5063724517822266,1.014517903327942,0.6649506688117981,0.6554351250288911,44.651343262340696,0.07852781563997269,3.5063724517822266,1.014517903327942,0.6649506688117981,0.6554351250288911,44.651343262340696,0.03609897941350937,121,9115878d85c9aa70,-0.0,0.0,0.0,0.0,nan,nan,nan,nan,nan,nan,nan,nan,nan,nan,nan,nan,0.0,0.0,0.0,nan,nan,0.20000000298023224,0.20000000298023224,0.09968635006336,0.0,0.0,0.0,0.0,0.0,0.0,0.0,0.0,0.0,0.0,0.0,0.0,0.011496233753859997,0.03609897941350937,0.0017254566278097627,8.126644134521484,183,nan,-1.0,True,,False,0.07780987024307251,0.07780987024307251,40.0,40.0,1.0,0.0,0.0,0.0,0.0,0.0
184,8.11008071899414,-0.0,0.013889264315366745,-0.0,0.8082301616668701,0.07935958355665207,3.5053186416625977,1.014526128768921,0.6648851037025452,0.6553651846397998,44.17007353825479,0.07935958355665207,3.5053186416625977,1.014526128768921,0.6648851037025452,0.6553651846397998,44.17007353825479,0.03607172518968582,121,9115878d85c9aa70,-0.0,0.0,0.0,0.0,nan,nan,nan,nan,nan,nan,nan,nan,nan,nan,nan,nan,0.0,0.0,0.0,nan,nan,0.20000000298023224,0.20000000298023224,0.09968295616512,0.0,0.0,0.0,0.0,0.0,0.0,0.0,0.0,0.0,0.0,0.0,0.0,0.011561061255633831,0.03607172518968582,0.0017324299674328358,8.11008071899414,184,nan,-1.0,True,,False,0.07780987024307251,0.07780987024307251,40.0,40.0,1.0,0.0,0.0,0.0,0.0,0.0
185,8.093557357788086,-0.0,0.014111299067735672,-0.0,0.8065334558486938,0.07949115335941315,3.504102945327759,1.0145455598831177,0.6648358106613159,0.6553040464125726,44.08167195013798,0.07949115335941315,3.504102945327759,1.0145455598831177,0.6648358106613159,0.6553040464125726,44.08167195013798,0.03604527935385704,121,9115878d85c9aa70,-0.0,0.0,0.0,0.0,nan,nan,nan,nan,nan,nan,nan,nan,nan,nan,nan,nan,0.0,0.0,0.0,nan,nan,0.20000000298023224,0.20000000298023224,0.09967954448,0.0,0.0,0.0,0.0,0.0,0.0,0.0,0.0,0.0,0.0,0.0,0.0,0.011625885963439941,0.03604527935385704,0.0017170231062664243,8.093557357788086,185,nan,-1.0,True,,False,0.07780987024307251,0.07780987024307251,40.0,40.0,1.0,0.0,0.0,0.0,0.0,0.0
186,8.075042724609375,-0.0,0.014342565089464188,-0.0,0.8046357035636902,0.0803685113787651,3.5029397010803223,1.01454496383667,0.664735734462738,0.6552057899424484,43.585972179719455,0.0803685113787651,3.5029397010803223,1.01454496383667,0.664735734462738,0.6552057899424484,43.585972179719455,0.03601798415184021,121,9115878d85c9aa70,-0.0,0.0,0.0,0.0,nan,nan,nan,nan,nan,nan,nan,nan,nan,nan,nan,nan,0.0,0.0,0.0,nan,nan,0.20000000298023224,0.20000000298023224,0.09967611501568001,0.0,0.0,0.0,0.0,0.0,0.0,0.0,0.0,0.0,0.0,0.0,0.0,0.011690711602568626,0.03601798415184021,0.0017120517131843371,8.075042724609375,186,nan,-1.0,True,,False,0.07780987024307251,0.07780987024307251,40.0,40.0,1.0,0.0,0.0,0.0,0.0,0.0
187,8.044181823730469,-0.0,0.014554853551089764,-0.0,0.8015071749687195,0.08186741173267365,3.5017035007476807,1.01454496383667,0.6646191477775574,0.6550908746953806,42.77286195613456,0.08186741173267365,3.5017035007476807,1.01454496383667,0.6646191477775574,0.6550908746953806,42.77286195613456,0.03599315136671066,121,9115878d85c9aa70,-0.0,0.0,0.0,0.0,nan,nan,nan,nan,nan,nan,nan,nan,nan,nan,nan,nan,0.0,0.0,0.0,nan,nan,0.20000000298023224,0.20000000298023224,0.09967266777984002,0.0,0.0,0.0,0.0,0.0,0.0,0.0,0.0,0.0,0.0,0.0,0.0,0.011755526065826416,0.03599315136671066,0.001721846523196291,8.044181823730469,187,nan,-1.0,True,,False,0.07780987024307251,0.07780987024307251,40.0,40.0,1.0,0.0,0.0,0.0,0.0,0.0
188,8.01933479309082,-0.0,0.014797735027968884,-0.0,0.7989739179611206,0.0821872353553772,3.5005979537963867,1.0145167112350464,0.6644715070724487,0.6549635897702841,42.5929639640489,0.0821872353553772,3.5005979537963867,1.0145167112350464,0.6644715070724487,0.6549635897702841,42.5929639640489,0.03596498817205429,121,9115878d85c9aa70,-0.0,0.0,0.0,0.0,nan,nan,nan,nan,nan,nan,nan,nan,nan,nan,nan,nan,0.0,0.0,0.0,nan,nan,0.20000000298023224,0.20000000298023224,0.09966920278015999,0.0,0.0,0.0,0.0,0.0,0.0,0.0,0.0,0.0,0.0,0.0,0.0,0.01182034146040678,0.03596498817205429,0.0017212151888088556,8.01933479309082,188,nan,-1.0,True,,False,0.07780987024307251,0.07780987024307251,40.0,40.0,1.0,0.0,0.0,0.0,0.0,0.0
189,8.01099967956543,-0.0,0.015028581023216248,-0.0,0.7980942130088806,0.08231261372566223,3.499392032623291,1.0145524740219116,0.6644443869590759,0.6549137713154162,42.51343596360981,0.08231261372566223,3.499392032623291,1.0145524740219116,0.6644443869590759,0.6549137713154162,42.51343596360981,0.035938460379838943,121,9115878d85c9aa70,-0.0,0.0,0.0,0.0,nan,nan,nan,nan,nan,nan,nan,nan,nan,nan,nan,nan,0.0,0.0,0.0,nan,nan,0.20000000298023224,0.20000000298023224,0.09966572002431999,0.0,0.0,0.0,0.0,0.0,0.0,0.0,0.0,0.0,0.0,0.0,0.0,0.011885150335729122,0.035938460379838943,0.0017198909627040848,8.01099967956543,189,nan,-1.0,True,,False,0.07780987024307251,0.07780987024307251,40.0,40.0,1.0,0.0,0.0,0.0,0.0,0.0
190,7.991726398468018,-0.0,0.01524694450199604,-0.0,0.7961232662200928,0.08252716809511185,3.4981789588928223,1.0145481824874878,0.6643556952476501,0.6548291216872231,42.388210326824755,0.08252716809511185,3.4981789588928223,1.0145481824874878,0.6643556952476501,0.6548291216872231,42.388210326824755,0.03591357544064522,121,9115878d85c9aa70,-0.0,0.0,0.0,0.0,nan,nan,nan,nan,nan,nan,nan,nan,nan,nan,nan,nan,0.0,0.0,0.0,nan,nan,0.20000000298023224,0.20000000298023224,0.09966221952,0.0,0.0,0.0,0.0,0.0,0.0,0.0,0.0,0.0,0.0,0.0,0.0,0.011949963867664337,0.03591357544064522,0.0017191178785651573,7.991726398468018,190,nan,-1.0,True,,False,0.07780987024307251,0.07780987024307251,40.0,40.0,1.0,0.0,0.0,0.0,0.0,0.0
191,7.973884105682373,-0.0,0.015489310957491398,-0.0,0.7942905426025391,0.08245088905096054,3.4971704483032227,1.0145511627197266,0.6642730832099915,0.654745770956747,42.415193924006346,0.08245088905096054,3.4971704483032227,1.0145511627197266,0.6642730832099915,0.654745770956747,42.415193924006346,0.03588617965579033,121,5c143a0d8549dd1f,-0.0,0.0,0.0,0.0,nan,nan,nan,nan,nan,nan,nan,nan,nan,nan,nan,nan,0.0,0.0,0.0,nan,nan,0.20000000298023224,0.20000000298023224,0.09965870127488001,0.0,0.0,0.0,0.0,0.0,0.0,0.0,0.0,0.0,0.0,0.0,0.0,0.012014766223728657,0.03588617965579033,0.0017086395141632238,7.973884105682373,191,nan,-1.0,True,,False,0.07780987024307251,0.07780987024307251,40.0,40.0,1.0,0.0,0.0,0.0,0.0,0.0
192,7.953336715698242,-0.0,0.01571905054152012,-0.0,0.79218989610672,0.0827738493680954,3.496005058288574,1.0145522356033325,0.6641735434532166,0.6546469665588452,42.23562254235436,0.0827738493680954,3.496005058288574,1.0145522356033325,0.6641735434532166,0.6546469665588452,42.23562254235436,0.03586042672395706,121,5c143a0d8549dd1f,-0.0,0.0,0.0,0.0,nan,nan,nan,nan,nan,nan,nan,nan,nan,nan,nan,nan,0.0,0.0,0.0,nan,nan,0.20000000298023224,0.20000000298023224,0.09965516529664001,0.0,0.0,0.0,0.0,0.0,0.0,0.0,0.0,0.0,0.0,0.0,0.0,0.012079569511115551,0.03586042672395706,0.0017206667048412783,7.953336715698242,192,nan,-1.0,True,,False,0.07780987024307251,0.07780987024307251,40.0,40.0,1.0,0.0,0.0,0.0,0.0,0.0
193,7.9388628005981445,-0.0,0.015950774773955345,-0.0,0.7906961441040039,0.08295666426420212,3.4947237968444824,1.0145494937896729,0.664082407951355,0.6545589071961299,42.12710127440049,0.08295666426420212,3.4947237968444824,1.0145494937896729,0.664082407951355,0.6545589071961299,42.12710127440049,0.0358346551656723,121,5c143a0d8549dd1f,-0.0,0.0,0.0,0.0,nan,nan,nan,nan,nan,nan,nan,nan,nan,nan,nan,nan,0.0,0.0,0.0,nan,nan,0.20000000298023224,0.20000000298023224,0.09965161159296,0.0,0.0,0.0,0.0,0.0,0.0,0.0,0.0,0.0,0.0,0.0,0.0,0.012144368141889572,0.0358346551656723,0.001701802271327324,7.9388628005981445,193,nan,-1.0,True,,False,0.07780987024307251,0.07780987024307251,40.0,40.0,1.0,0.0,0.0,0.0,0.0,0.0
194,7.912067890167236,-0.0,0.016184473410248756,-0.0,0.7879698872566223,0.0830773413181305,3.492908000946045,1.0145710706710815,0.6639911532402039,0.6544550425639587,42.04405130841333,0.0830773413181305,3.492908000946045,1.0145710706710815,0.6639911532402039,0.6544550425639587,42.04405130841333,0.03580886498093605,121,5c143a0d8549dd1f,-0.0,0.0,0.0,0.0,nan,nan,nan,nan,nan,nan,nan,nan,nan,nan,nan,nan,0.0,0.0,0.0,nan,nan,0.20000000298023224,0.20000000298023224,0.09964804017152001,0.0,0.0,0.0,0.0,0.0,0.0,0.0,0.0,0.0,0.0,0.0,0.0,0.012209165841341019,0.03580886498093605,0.0017111497095356754,7.912067890167236,194,nan,-1.0,True,,False,0.07780987024307251,0.07780987024307251,40.0,40.0,1.0,0.0,0.0,0.0,0.0,0.0
195,7.904317855834961,-0.0,0.016420144587755203,-0.0,0.7871477603912354,0.08305178582668304,3.4922428131103516,1.0145680904388428,0.6639405488967896,0.6544070872656834,42.04897918026895,0.08305178582668304,3.4922428131103516,1.0145680904388428,0.6639405488967896,0.6544070872656834,42.04897918026895,0.035783056169748306,121,5c143a0d8549dd1f,-0.0,0.0,0.0,0.0,nan,nan,nan,nan,nan,nan,nan,nan,nan,nan,nan,nan,0.0,0.0,0.0,nan,nan,0.20000000298023224,0.20000000298023224,0.09964445104000001,0.0,0.0,0.0,0.0,0.0,0.0,0.0,0.0,0.0,0.0,0.0,0.0,0.012273961678147316,0.035783056169748306,0.0017073847438950907,7.904317855834961,195,nan,-1.0,True,,False,0.07780987024307251,0.07780987024307251,40.0,40.0,1.0,0.0,0.0,0.0,0.0,0.0
196,7.885735988616943,-0.0,0.016673145815730095,-0.0,0.7852389812469482,0.08320258557796478,3.4911680221557617,1.0145652294158936,0.663828432559967,0.6542984258805586,41.95985014052684,0.08320258557796478,3.4911680221557617,1.0145652294158936,0.663828432559967,0.6542984258805586,41.95985014052684,0.03575555980205536,121,5c143a0d8549dd1f,-0.0,0.0,0.0,0.0,nan,nan,nan,nan,nan,nan,nan,nan,nan,nan,nan,nan,0.0,0.0,0.0,nan,nan,0.20000000298023224,0.20000000298023224,0.09964084420607999,0.0,0.0,0.0,0.0,0.0,0.0,0.0,0.0,0.0,0.0,0.0,0.0,0.01233875472098589,0.03575555980205536,0.0017121765363299346,7.885735988616943,196,nan,-1.0,True,,False,0.07780987024307251,0.07780987024307251,40.0,40.0,1.0,0.0,0.0,0.0,0.0,0.0
197,7.870413780212402,-0.0,0.016905078664422035,-0.0,0.783660352230072,0.08354391157627106,3.4899392127990723,1.0145800113677979,0.6637694835662842,0.6542307911935192,41.77371093778566,0.08354391157627106,3.4899392127990723,1.0145800113677979,0.6637694835662842,0.6542307911935192,41.77371093778566,0.03573054447770119,121,5c143a0d8549dd1f,-0.0,0.0,0.0,0.0,nan,nan,nan,nan,nan,nan,nan,nan,nan,nan,nan,nan,0.0,0.0,0.0,nan,nan,0.20000000298023224,0.20000000298023224,0.09963721967744,0.0,0.0,0.0,0.0,0.0,0.0,0.0,0.0,0.0,0.0,0.0,0.0,0.012403546832501888,0.03573054447770119,0.0017036771951097762,7.870413780212402,197,nan,-1.0,True,,False,0.07780987024307251,0.07780987024307251,40.0,40.0,1.0,0.0,0.0,0.0,0.0,0.0
198,7.851417064666748,-0.0,0.01713879592716694,-0.0,0.7817139625549316,0.08357435464859009,3.4886655807495117,1.0145853757858276,0.6636772751808167,0.654136449253251,41.743254798897404,0.08357435464859009,3.4886655807495117,1.0145853757858276,0.6636772751808167,0.654136449253251,41.743254798897404,0.03570551425218582,121,5c143a0d8549dd1f,-0.0,0.0,0.0,0.0,nan,nan,nan,nan,nan,nan,nan,nan,nan,nan,nan,nan,0.0,0.0,0.0,nan,nan,0.20000000298023224,0.20000000298023224,0.09963357746176,0.0,0.0,0.0,0.0,0.0,0.0,0.0,0.0,0.0,0.0,0.0,0.0,0.012468334287405014,0.03570551425218582,0.0016998155133478576,7.851417064666748,198,nan,-1.0,True,,False,0.07780987024307251,0.07780987024307251,40.0,40.0,1.0,0.0,0.0,0.0,0.0,0.0
199,7.829342842102051,-0.0,0.017382163554430008,-0.0,0.7794578671455383,0.08368182927370071,3.4869420528411865,1.0145864486694336,0.6635478138923645,0.6540081574739794,41.669046710682416,0.08368182927370071,3.4869420528411865,1.0145864486694336,0.6635478138923645,0.6540081574739794,41.669046710682416,0.03567963093519211,121,5c143a0d8549dd1f,-0.0,0.0,0.0,0.0,nan,nan,nan,nan,nan,nan,nan,nan,nan,nan,nan,nan,0.0,0.0,0.0,nan,nan,0.20000000298023224,0.20000000298023224,0.09962991756672002,0.0,0.0,0.0,0.0,0.0,0.0,0.0,0.0,0.0,0.0,0.0,0.0,0.012533122673630714,0.03567963093519211,0.0017021078233483422,7.829342842102051,199,nan,-1.0,True,,False,0.07780987024307251,0.07780987024307251,40.0,40.0,1.0,0.0,0.0,0.0,0.0,0.0
200,7.823590278625488,-0.0,0.01761949434876442,-0.0,0.778835117816925,0.08408689498901367,3.4864420890808105,1.0145834684371948,0.6634971499443054,0.6539601428419859,41.46237162802039,0.08408689498901367,3.4864420890808105,1.0145834684371948,0.6634971499443054,0.6539601428419859,41.46237162802039,0.03565456345677376,121,5c143a0d8549dd1f,-0.0,0.0,0.0,0.0,nan,nan,nan,nan,nan,nan,nan,nan,nan,nan,nan,nan,0.0,0.0,0.0,nan,nan,0.20000000298023224,0.20000000298023224,0.09962624,0.0,0.0,0.0,0.0,0.0,0.0,0.0,0.0,0.0,0.0,0.0,0.0,0.012597905471920967,0.03565456345677376,0.0016982911729428452,7.823590278625488,200,nan,-1.0,True,,False,0.07780987024307251,0.07780987024307251,40.0,40.0,1.0,0.0,0.0,0.0,0.0,0.0
201,7.795572757720947,-0.0,0.017874611541628838,-0.0,0.7759823203086853,0.0842510536313057,3.485133647918701,1.014569878578186,0.663360059261322,0.6538337804695641,41.3660541643803,0.0842510536313057,3.485133647918701,1.014569878578186,0.663360059261322,0.6538337804695641,41.3660541643803,0.035627804696559906,121,5c143a0d8549dd1f,-0.0,0.0,0.0,0.0,nan,nan,nan,nan,nan,nan,nan,nan,nan,nan,nan,nan,0.0,0.0,0.0,nan,nan,0.20000000298023224,0.20000000298023224,0.09962254476928001,0.0,0.0,0.0,0.0,0.0,0.0,0.0,0.0,0.0,0.0,0.0,0.0,0.01266268827021122,0.035627804696559906,0.0016994546317619097,7.795572757720947,201,nan,-1.0,True,,False,0.07780987024307251,0.07780987024307251,40.0,40.0,1.0,0.0,0.0,0.0,0.0,0.0
202,7.79182243347168,-0.0,0.01812361739575863,-0.0,0.7755575180053711,0.08442115783691406,3.483898639678955,1.0146105289459229,0.663368284702301,0.6538156916146663,41.26807460292357,0.08442115783691406,3.483898639678955,1.0146105289459229,0.663368284702301,0.6538156916146663,41.26807460292357,0.035601865500211716,121,5c143a0d8549dd1f,-0.0,0.0,0.0,0.0,nan,nan,nan,nan,nan,nan,nan,nan,nan,nan,nan,nan,0.0,0.0,0.0,nan,nan,0.20000000298023224,0.20000000298023224,0.09961883188224001,0.0,0.0,0.0,0.0,0.0,0.0,0.0,0.0,0.0,0.0,0.0,0.0,0.012727469205856323,0.035601865500211716,0.0017007273982017068,7.79182243347168,202,nan,-1.0,True,,False,0.07780987024307251,0.07780987024307251,40.0,40.0,1.0,0.0,0.0,0.0,0.0,0.0
203,7.772917747497559,-0.0,0.018366413190960884,-0.0,0.7736185193061829,0.0844091847538948,3.482729434967041,1.0146024227142334,0.6632485389709473,0.653702892997875,41.260076674373295,0.0844091847538948,3.482729434967041,1.0146024227142334,0.6632485389709473,0.653702892997875,41.260076674373295,0.03557674214243889,121,4bcf6497e8391dda,-0.0,0.0,0.0,0.0,nan,nan,nan,nan,nan,nan,nan,nan,nan,nan,nan,nan,0.0,0.0,0.0,nan,nan,0.20000000298023224,0.20000000298023224,0.09961510134656,0.0,0.0,0.0,0.0,0.0,0.0,0.0,0.0,0.0,0.0,0.0,0.0,0.012792243622243404,0.03557674214243889,0.0016969348066595558,7.772917747497559,203,nan,-1.0,True,,False,0.07780987024307251,0.07780987024307251,40.0,40.0,1.0,0.0,0.0,0.0,0.0,0.0
204,7.75734281539917,-0.0,0.01860271394252777,-0.0,0.772013783454895,0.08457536995410919,3.4814329147338867,1.0146214962005615,0.6632025837898254,0.6536453113533575,41.16367349764974,0.08457536995410919,3.4814329147338867,1.0146214962005615,0.6632025837898254,0.6536453113533575,41.16367349764974,0.03555244207382202,121,4bcf6497e8391dda,-0.0,0.0,0.0,0.0,nan,nan,nan,nan,nan,nan,nan,nan,nan,nan,nan,nan,0.0,0.0,0.0,nan,nan,0.20000000298023224,0.20000000298023224,0.09961135316992001,0.0,0.0,0.0,0.0,0.0,0.0,0.0,0.0,0.0,0.0,0.0,0.0,0.012857015244662762,0.03555244207382202,0.0016956483736976224,7.75734281539917,204,nan,-1.0,True,,False,0.07780987024307251,0.07780987024307251,40.0,40.0,1.0,0.0,0.0,0.0,0.0,0.0
205,7.744258403778076,-0.0,0.01884886622428894,-0.0,0.7706560492515564,0.08487480878829956,3.4798121452331543,1.0146148204803467,0.6630644798278809,0.6535134973821571,40.99935180900066,0.08487480878829956,3.4798121452331543,1.0146148204803467,0.6630644798278809,0.6535134973821571,40.99935180900066,0.03552728518843651,121,4bcf6497e8391dda,-0.0,0.0,0.0,0.0,nan,nan,nan,nan,nan,nan,nan,nan,nan,nan,nan,nan,0.0,0.0,0.0,nan,nan,0.20000000298023224,0.20000000298023224,0.09960758736,0.0,0.0,0.0,0.0,0.0,0.0,0.0,0.0,0.0,0.0,0.0,0.0,0.012921789661049843,0.03552728518843651,0.0016967702540569007,7.744258403778076,205,nan,-1.0,True,,False,0.07780987024307251,0.07780987024307251,40.0,40.0,1.0,0.0,0.0,0.0,0.0,0.0
206,7.72699499130249,-0.0,0.01909671723842621,-0.0,0.7688801884651184,0.08505773544311523,3.47908353805542,1.0146092176437378,0.6629676818847656,0.6534217020267158,40.90261185453445,0.08505773544311523,3.47908353805542,1.0146092176437378,0.6629676818847656,0.6534217020267158,40.90261185453445,0.0355021096765995,121,4bcf6497e8391dda,-0.0,0.0,0.0,0.0,nan,nan,nan,nan,nan,nan,nan,nan,nan,nan,nan,nan,0.0,0.0,0.0,nan,nan,0.20000000298023224,0.20000000298023224,0.09960380392448001,0.0,0.0,0.0,0.0,0.0,0.0,0.0,0.0,0.0,0.0,0.0,0.0,0.012986557558178902,0.0355021096765995,0.0016874369866854977,7.72699499130249,206,nan,-1.0,True,,False,0.07780987024307251,0.07780987024307251,40.0,40.0,1.0,0.0,0.0,0.0,0.0,0.0
207,7.712902545928955,-0.0,0.01935459114611149,-0.0,0.7674193382263184,0.08525557816028595,3.4777886867523193,1.0146220922470093,0.6629255414009094,0.6533718775359767,40.792506036541724,0.08525557816028595,3.4777886867523193,1.0146220922470093,0.6629255414009094,0.6533718775359767,40.792506036541724,0.03547607734799385,121,4bcf6497e8391dda,-0.0,0.0,0.0,0.0,nan,nan,nan,nan,nan,nan,nan,nan,nan,nan,nan,nan,0.0,0.0,0.0,nan,nan,0.20000000298023224,0.20000000298023224,0.09960000287104001,0.0,0.0,0.0,0.0,0.0,0.0,0.0,0.0,0.0,0.0,0.0,0.0,0.013051323592662811,0.03547607734799385,0.001694193280854961,7.712902545928955,207,nan,-1.0,True,,False,0.07780987024307251,0.07780987024307251,40.0,40.0,1.0,0.0,0.0,0.0,0.0,0.0
208,7.701946258544922,-0.0,0.019597463309764862,-0.0,0.7662751078605652,0.08547109365463257,3.4766557216644287,1.0146383047103882,0.6628584861755371,0.6532953497795839,40.67639213454703,0.08547109365463257,3.4766557216644287,1.0146383047103882,0.6628584861755371,0.6532953497795839,40.67639213454703,0.03545170649886131,121,4bcf6497e8391dda,-0.0,0.0,0.0,0.0,nan,nan,nan,nan,nan,nan,nan,nan,nan,nan,nan,nan,0.0,0.0,0.0,nan,nan,0.20000000298023224,0.20000000298023224,0.09959618420736,0.0,0.0,0.0,0.0,0.0,0.0,0.0,0.0,0.0,0.0,0.0,0.0,0.013116094283759594,0.03545170649886131,0.001687111403043673,7.701946258544922,208,nan,-1.0,True,,False,0.07780987024307251,0.07780987024307251,40.0,40.0,1.0,0.0,0.0,0.0,0.0,0.0
209,7.685507774353027,-0.0,0.01985033042728901,-0.0,0.7645807266235352,0.08562928438186646,3.4753451347351074,1.014628529548645,0.6627378463745117,0.6531827433132883,40.585941594895246,0.08562928438186646,3.4753451347351074,1.014628529548645,0.6627378463745117,0.6531827433132883,40.585941594895246,0.03542647883296013,121,4bcf6497e8391dda,-0.0,0.0,0.0,0.0,nan,nan,nan,nan,nan,nan,nan,nan,nan,nan,nan,nan,0.0,0.0,0.0,nan,nan,0.20000000298023224,0.20000000298023224,0.09959234794112,0.0,0.0,0.0,0.0,0.0,0.0,0.0,0.0,0.0,0.0,0.0,0.0,0.013180861249566078,0.03542647883296013,0.0016818719650473213,7.685507774353027,209,nan,-1.0,True,,False,0.07780987024307251,0.07780987024307251,40.0,40.0,1.0,0.0,0.0,0.0,0.0,0.0
210,7.676719665527344,-0.0,0.02009632997214794,-0.0,0.7636526823043823,0.08567610383033752,3.4741289615631104,1.0146539211273193,0.662701427936554,0.6531305050299981,40.54956757187337,0.08567610383033752,3.4741289615631104,1.0146539211273193,0.662701427936554,0.6531305050299981,40.54956757187337,0.035402074456214905,121,4bcf6497e8391dda,-0.0,0.0,0.0,0.0,nan,nan,nan,nan,nan,nan,nan,nan,nan,nan,nan,nan,0.0,0.0,0.0,nan,nan,0.20000000298023224,0.20000000298023224,0.09958849408,0.0,0.0,0.0,0.0,0.0,0.0,0.0,0.0,0.0,0.0,0.0,0.0,0.013245624490082264,0.035402074456214905,0.0016840857779243379,7.676719665527344,210,nan,-1.0,True,,False,0.07780987024307251,0.07780987024307251,40.0,40.0,1.0,0.0,0.0,0.0,0.0,0.0
211,7.663049221038818,-0.0,0.020343875512480736,-0.0,0.7622361779212952,0.0860496461391449,3.4729361534118652,1.0146512985229492,0.6626163125038147,0.6530483068108228,40.35967966441166,0.0860496461391449,3.4729361534118652,1.0146512985229492,0.6626163125038147,0.6530483068108228,40.35967966441166,0.03537765145301819,121,4bcf6497e8391dda,-0.0,0.0,0.0,0.0,nan,nan,nan,nan,nan,nan,nan,nan,nan,nan,nan,nan,0.0,0.0,0.0,nan,nan,0.20000000298023224,0.20000000298023224,0.09958462263168,0.0,0.0,0.0,0.0,0.0,0.0,0.0,0.0,0.0,0.0,0.0,0.0,0.013310383073985577,0.03537765145301819,0.0016852722592375358,7.663049221038818,211,nan,-1.0,True,,False,0.07780987024307251,0.07780987024307251,40.0,40.0,1.0,0.0,0.0,0.0,0.0,0.0
212,7.647022247314453,-0.0,0.020601529628038406,-0.0,0.760581910610199,0.0862412080168724,3.4717535972595215,1.0146574974060059,0.6625078916549683,0.6529374624922047,40.256319190012974,0.0862412080168724,3.4717535972595215,1.0146574974060059,0.6625078916549683,0.6529374624922047,40.256319190012974,0.035352371633052826,121,4bcf6497e8391dda,-0.0,0.0,0.0,0.0,nan,nan,nan,nan,nan,nan,nan,nan,nan,nan,nan,nan,0.0,0.0,0.0,nan,nan,0.20000000298023224,0.20000000298023224,0.09958073360384001,0.0,0.0,0.0,0.0,0.0,0.0,0.0,0.0,0.0,0.0,0.0,0.0,0.013375147245824337,0.035352371633052826,0.0016778993954176258,7.647022247314453,212,nan,-1.0,True,,False,0.07780987024307251,0.07780987024307251,40.0,40.0,1.0,0.0,0.0,0.0,0.0,0.0
213,7.637750625610352,-0.0,0.020852144807577133,-0.0,0.7596046328544617,0.08643626421689987,3.4705252647399902,1.0146623849868774,0.6624365448951721,0.6528640015602227,40.15126401149391,0.08643626421689987,3.4705252647399902,1.0146623849868774,0.6624365448951721,0.6528640015602227,40.15126401149391,0.03532791510224342,121,4bcf6497e8391dda,-0.0,0.0,0.0,0.0,nan,nan,nan,nan,nan,nan,nan,nan,nan,nan,nan,nan,0.0,0.0,0.0,nan,nan,0.20000000298023224,0.20000000298023224,0.09957682700416,0.0,0.0,0.0,0.0,0.0,0.0,0.0,0.0,0.0,0.0,0.0,0.0,0.013439903035759926,0.03532791510224342,0.0016745069251555833,7.637750625610352,213,nan,-1.0,True,,False,0.07780987024307251,0.07780987024307251,40.0,40.0,1.0,0.0,0.0,0.0,0.0,0.0
214,7.624122619628906,-0.0,0.0211042407900095,-0.0,0.7581914067268372,0.08662958443164825,3.4694011211395264,1.0146684646606445,0.662379801273346,0.6528041664277786,40.04868710731175,0.08662958443164825,3.4694011211395264,1.0146684646606445,0.662379801273346,0.6528041664277786,40.04868710731175,0.03530344367027283,121,4bcf6497e8391dda,-0.0,0.0,0.0,0.0,nan,nan,nan,nan,nan,nan,nan,nan,nan,nan,nan,nan,0.0,0.0,0.0,nan,nan,0.20000000298023224,0.20000000298023224,0.09957290284032,0.0,0.0,0.0,0.0,0.0,0.0,0.0,0.0,0.0,0.0,0.0,0.0,0.013504658825695515,0.03530344367027283,0.0016783349155957694,7.624122619628906,214,nan,-1.0,True,,False,0.07780987024307251,0.07780987024307251,40.0,40.0,1.0,0.0,0.0,0.0,0.0,0.0
215,7.607351779937744,-0.0,0.02134905755519867,-0.0,0.7564653754234314,0.0867653489112854,3.467482328414917,1.014654517173767,0.6622092127799988,0.6526450151964293,39.963906927410605,0.0867653489112854,3.467482328414917,1.014654517173767,0.6622092127799988,0.6526450151964293,39.963906927410605,0.03527979925274849,121,4bcf6497e8391dda,-0.0,0.0,0.0,0.0,nan,nan,nan,nan,nan,nan,nan,nan,nan,nan,nan,nan,0.0,0.0,0.0,nan,nan,0.20000000298023224,0.20000000298023224,0.09956896112000001,0.0,0.0,0.0,0.0,0.0,0.0,0.0,0.0,0.0,0.0,0.0,0.0,0.013569413684308529,0.03527979925274849,0.0016802382265268534,7.607351779937744,215,nan,-1.0,True,,False,0.07780987024307251,0.07780987024307251,40.0,40.0,1.0,0.0,0.0,0.0,0.0,0.0
216,7.598980903625488,-0.0,0.021604042500257492,-0.0,0.7555772662162781,0.0869818776845932,3.466843366622925,1.0146771669387817,0.6621848344802856,0.6526064210925888,39.85707665675048,0.0869818776845932,3.466843366622925,1.0146771669387817,0.6621848344802856,0.6526064210925888,39.85707665675048,0.03525529429316521,121,4bcf6497e8391dda,-0.0,0.0,0.0,0.0,nan,nan,nan,nan,nan,nan,nan,nan,nan,nan,nan,nan,0.0,0.0,0.0,nan,nan,0.20000000298023224,0.20000000298023224,0.09956500185088,0.0,0.0,0.0,0.0,0.0,0.0,0.0,0.0,0.0,0.0,0.0,0.0,0.013634164817631245,0.03525529429316521,0.0016799540444480954,7.598980903625488,216,nan,-1.0,True,,False,0.07780987024307251,0.07780987024307251,40.0,40.0,1.0,0.0,0.0,0.0,0.0,0.0
217,7.588184356689453,-0.0,0.021851643919944763,-0.0,0.7544481158256531,0.08719444274902344,3.465500831604004,1.0146733522415161,0.6620932221412659,0.6525185870690651,39.744514929454226,0.08719444274902344,3.465500831604004,1.0146733522415161,0.6620932221412659,0.6525185870690651,39.744514929454226,0.03523161634802818,121,4bcf6497e8391dda,-0.0,0.0,0.0,0.0,nan,nan,nan,nan,nan,nan,nan,nan,nan,nan,nan,nan,0.0,0.0,0.0,nan,nan,0.20000000298023224,0.20000000298023224,0.09956102504064,0.0,0.0,0.0,0.0,0.0,0.0,0.0,0.0,0.0,0.0,0.0,0.0,0.013698908500373363,0.03523161634802818,0.0016676207051204983,7.588184356689453,217,nan,-1.0,True,,False,0.07780987024307251,0.07780987024307251,40.0,40.0,1.0,0.0,0.0,0.0,0.0,0.0
218,7.5724053382873535,-0.0,0.022109517827630043,-0.0,0.7528186440467834,0.08739720284938812,3.4637742042541504,1.0146774053573608,0.6619861721992493,0.6524104791375573,39.632552202194425,0.08739720284938812,3.4637742042541504,1.0146774053573608,0.6619861721992493,0.6524104791375573,39.632552202194425,0.035207074135541916,121,bcf8145e0104067e,-0.0,0.0,0.0,0.0,nan,nan,nan,nan,nan,nan,nan,nan,nan,nan,nan,nan,0.0,0.0,0.0,nan,nan,0.20000000298023224,0.20000000298023224,0.09955703069696001,0.0,0.0,0.0,0.0,0.0,0.0,0.0,0.0,0.0,0.0,0.0,0.0,0.013763654045760632,0.035207074135541916,0.0016693978832336143,7.5724053382873535,218,nan,-1.0,True,,False,0.07780987024307251,0.07780987024307251,40.0,40.0,1.0,0.0,0.0,0.0,0.0,0.0
219,7.56514835357666,-0.0,0.02235981822013855,-0.0,0.7520428895950317,0.08746135234832764,3.4630942344665527,1.0147006511688232,0.6619694232940674,0.6523790267913513,39.59570875001192,0.08746135234832764,3.4630942344665527,1.0147006511688232,0.6619694232940674,0.6523790267913513,39.59570875001192,0.035183366388082504,121,bcf8145e0104067e,-0.0,0.0,0.0,0.0,nan,nan,nan,nan,nan,nan,nan,nan,nan,nan,nan,nan,0.0,0.0,0.0,nan,nan,0.20000000298023224,0.20000000298023224,0.09955301882752,0.0,0.0,0.0,0.0,0.0,0.0,0.0,0.0,0.0,0.0,0.0,0.0,0.013828398659825325,0.035183366388082504,0.0016608617029305606,7.56514835357666,219,nan,-1.0,True,,False,0.07780987024307251,0.07780987024307251,40.0,40.0,1.0,0.0,0.0,0.0,0.0,0.0
220,7.55488395690918,-0.0,0.022611483931541443,-0.0,0.7509661316871643,0.08786503970623016,3.4618823528289795,1.0147026777267456,0.661899745464325,0.6523090556409976,39.39999759180113,0.08786503970623016,3.4618823528289795,1.0147026777267456,0.661899745464325,0.6523090556409976,39.39999759180113,0.0351596400141716,121,bcf8145e0104067e,-0.0,0.0,0.0,0.0,nan,nan,nan,nan,nan,nan,nan,nan,nan,nan,nan,nan,0.0,0.0,0.0,nan,nan,0.20000000298023224,0.20000000298023224,0.09954898944000001,0.0,0.0,0.0,0.0,0.0,0.0,0.0,0.0,0.0,0.0,0.0,0.0,0.013893145136535168,0.0351596400141716,0.0016585865987508441,7.55488395690918,220,nan,-1.0,True,,False,0.07780987024307251,0.07780987024307251,40.0,40.0,1.0,0.0,0.0,0.0,0.0,0.0
221,7.546953201293945,-0.0,0.0228644460439682,-0.0,0.7501224279403687,0.08788846433162689,3.460531234741211,1.0147216320037842,0.6618310213088989,0.6522291438706914,39.37412333982413,0.08788846433162689,3.460531234741211,1.0147216320037842,0.6618310213088989,0.6522291438706914,39.37412333982413,0.0351358987390995,121,bcf8145e0104067e,-0.0,0.0,0.0,0.0,nan,nan,nan,nan,nan,nan,nan,nan,nan,nan,nan,nan,0.0,0.0,0.0,nan,nan,0.20000000298023224,0.20000000298023224,0.09954494254208,0.0,0.0,0.0,0.0,0.0,0.0,0.0,0.0,0.0,0.0,0.0,0.0,0.013957885093986988,0.0351358987390995,0.001657913388498855,7.546953201293945,221,nan,-1.0,True,,False,0.07780987024307251,0.07780987024307251,40.0,40.0,1.0,0.0,0.0,0.0,0.0,0.0
222,7.529785633087158,-0.0,0.02311871387064457,-0.0,0.7483547925949097,0.0882960632443428,3.459379196166992,1.0147173404693604,0.661706805229187,0.6521094878728619,39.179314105928015,0.0882960632443428,3.459379196166992,1.0147173404693604,0.661706805229187,0.6521094878728619,39.179314105928015,0.03511214256286621,121,bcf8145e0104067e,-0.0,0.0,0.0,0.0,nan,nan,nan,nan,nan,nan,nan,nan,nan,nan,nan,nan,0.0,0.0,0.0,nan,nan,0.20000000298023224,0.20000000298023224,0.09954087814144,0.0,0.0,0.0,0.0,0.0,0.0,0.0,0.0,0.0,0.0,0.0,0.0,0.014022625982761383,0.03511214256286621,0.0016552319625589007,7.529785633087158,222,nan,-1.0,True,,False,0.07780987024307251,0.07780987024307251,40.0,40.0,1.0,0.0,0.0,0.0,0.0,0.0
223,7.521705150604248,-0.0,0.023374298587441444,-0.0,0.7474956512451172,0.08832960575819016,3.4581074714660645,1.0147243738174438,0.6616581678390503,0.6520570362864737,39.15003856049046,0.08832960575819016,3.4581074714660645,1.0147243738174438,0.6616581678390503,0.6520570362864737,39.15003856049046,0.03508836776018143,121,bcf8145e0104067e,-0.0,0.0,0.0,0.0,nan,nan,nan,nan,nan,nan,nan,nan,nan,nan,nan,nan,0.0,0.0,0.0,nan,nan,0.20000000298023224,0.20000000298023224,0.09953679624576,0.0,0.0,0.0,0.0,0.0,0.0,0.0,0.0,0.0,0.0,0.0,0.0,0.01408736314624548,0.03508836776018143,0.0016582503144491056,7.521705150604248,223,nan,-1.0,True,,False,0.07780987024307251,0.07780987024307251,40.0,40.0,1.0,0.0,0.0,0.0,0.0,0.0
224,7.518743515014648,-0.0,0.023612774908542633,-0.0,0.747151792049408,0.08873411267995834,3.4567761421203613,1.0147439241409302,0.6615974307060242,0.6519846189432713,38.95656402840342,0.08873411267995834,3.4567761421203613,1.0147439241409302,0.6615974307060242,0.6519846189432713,38.95656402840342,0.03506627678871155,121,bcf8145e0104067e,-0.0,0.0,0.0,0.0,nan,nan,nan,nan,nan,nan,nan,nan,nan,nan,nan,nan,0.0,0.0,0.0,nan,nan,0.20000000298023224,0.20000000298023224,0.09953269686272,0.0,0.0,0.0,0.0,0.0,0.0,0.0,0.0,0.0,0.0,0.0,0.0,0.014152090065181255,0.03506627678871155,0.001648625550842553,7.518743515014648,224,nan,-1.0,True,,False,0.07780987024307251,0.07780987024307251,40.0,40.0,1.0,0.0,0.0,0.0,0.0,0.0
225,7.508240222930908,-0.0,0.023870820179581642,-0.0,0.7460498809814453,0.08877032995223999,3.4555273056030273,1.014763593673706,0.6615336537361145,0.6519091321961916,38.926602024146604,0.08877032995223999,3.4555273056030273,1.014763593673706,0.6615336537361145,0.6519091321961916,38.926602024146604,0.035042472183704376,121,bcf8145e0104067e,-0.0,0.0,0.0,0.0,nan,nan,nan,nan,nan,nan,nan,nan,nan,nan,nan,nan,0.0,0.0,0.0,nan,nan,0.20000000298023224,0.20000000298023224,0.09952858,0.0,0.0,0.0,0.0,0.0,0.0,0.0,0.0,0.0,0.0,0.0,0.0,0.014216825366020203,0.035042472183704376,0.0016439256851299433,7.508240222930908,225,nan,-1.0,True,,False,0.07780987024307251,0.07780987024307251,40.0,40.0,1.0,0.0,0.0,0.0,0.0,0.0
226,7.4946184158325195,-0.0,0.024139404296875,-0.0,0.7446339726448059,0.08895695209503174,3.454261302947998,1.0147510766983032,0.6614160537719727,0.6518012830535966,38.830706556333546,0.08895695209503174,3.454261302947998,1.0147510766983032,0.6614160537719727,0.6518012830535966,38.830706556333546,0.03501779958605766,121,bcf8145e0104067e,-0.0,0.0,0.0,0.0,nan,nan,nan,nan,nan,nan,nan,nan,nan,nan,nan,nan,0.0,0.0,0.0,nan,nan,0.20000000298023224,0.20000000298023224,0.09952444566528001,0.0,0.0,0.0,0.0,0.0,0.0,0.0,0.0,0.0,0.0,0.0,0.0,0.014281551353633404,0.03501779958605766,0.0016427442701569817,7.4946184158325195,226,nan,-1.0,True,,False,0.07780987024307251,0.07780987024307251,40.0,40.0,1.0,0.0,0.0,0.0,0.0,0.0
227,7.487302780151367,-0.0,0.024390676990151405,-0.0,0.7438521385192871,0.08922469615936279,3.453105926513672,1.014764428138733,0.6613514423370361,0.6517290358217207,38.70123491758532,0.08922469615936279,3.453105926513672,1.014764428138733,0.6613514423370361,0.6517290358217207,38.70123491758532,0.03499481454491615,121,bcf8145e0104067e,-0.0,0.0,0.0,0.0,nan,nan,nan,nan,nan,nan,nan,nan,nan,nan,nan,nan,0.0,0.0,0.0,nan,nan,0.20000000298023224,0.20000000298023224,0.09952029386624,0.0,0.0,0.0,0.0,0.0,0.0,0.0,0.0,0.0,0.0,0.0,0.0,0.01434627640992403,0.03499481454491615,0.0016390936998504912,7.487302780151367,227,nan,-1.0,True,,False,0.07780987024307251,0.07780987024307251,40.0,40.0,1.0,0.0,0.0,0.0,0.0,0.0
228,7.4816670417785645,-0.0,0.02463376894593239,-0.0,0.7432399392127991,0.08941470086574554,3.4517605304718018,1.0147837400436401,0.6613056659698486,0.6516715235715244,38.603948758432395,0.08941470086574554,3.4517605304718018,1.0147837400436401,0.6613056659698486,0.6516715235715244,38.603948758432395,0.0349726639688015,121,bcf8145e0104067e,-0.0,0.0,0.0,0.0,nan,nan,nan,nan,nan,nan,nan,nan,nan,nan,nan,nan,0.0,0.0,0.0,nan,nan,0.20000000298023224,0.20000000298023224,0.09951612461056002,0.0,0.0,0.0,0.0,0.0,0.0,0.0,0.0,0.0,0.0,0.0,0.0,0.014411005191504955,0.0349726639688015,0.001631045636258932,7.4816670417785645,228,nan,-1.0,True,,False,0.07780987024307251,0.07780987024307251,40.0,40.0,1.0,0.0,0.0,0.0,0.0,0.0
229,7.463244438171387,-0.0,0.02487790957093239,-0.0,0.7413488626480103,0.08988745510578156,3.450016975402832,1.0147874355316162,0.6611610054969788,0.6515265979329126,38.38151799205768,0.08988745510578156,3.450016975402832,1.0147874355316162,0.6611610054969788,0.6515265979329126,38.38151799205768,0.03495050221681595,121,bcf8145e0104067e,-0.0,0.0,0.0,0.0,nan,nan,nan,nan,nan,nan,nan,nan,nan,nan,nan,nan,0.0,0.0,0.0,nan,nan,0.20000000298023224,0.20000000298023224,0.09951193790592,0.0,0.0,0.0,0.0,0.0,0.0,0.0,0.0,0.0,0.0,0.0,0.0,0.014475727453827858,0.03495050221681595,0.001623700170966913,7.463244438171387,229,nan,-1.0,True,,False,0.07780987024307251,0.07780987024307251,40.0,40.0,1.0,0.0,0.0,0.0,0.0,0.0
230,7.458470344543457,-0.0,0.025132549926638603,-0.0,0.7408205270767212,0.09006259590387344,3.449331521987915,1.0147783756256104,0.6611058115959167,0.6514780246360151,38.29926827414004,0.09006259590387344,3.449331521987915,1.0147783756256104,0.6611058115959167,0.6514780246360151,38.29926827414004,0.03492747247219086,121,bcf8145e0104067e,-0.0,0.0,0.0,0.0,nan,nan,nan,nan,nan,nan,nan,nan,nan,nan,nan,nan,0.0,0.0,0.0,nan,nan,0.20000000298023224,0.20000000298023224,0.09950773376,0.0,0.0,0.0,0.0,0.0,0.0,0.0,0.0,0.0,0.0,0.0,0.0,0.014540445990860462,0.03492747247219086,0.0016236633973676362,7.458470344543457,230,nan,-1.0,True,,False,0.07780987024307251,0.07780987024307251,40.0,40.0,1.0,0.0,0.0,0.0,0.0,0.0
231,7.447632789611816,-0.0,0.025388363748788834,-0.0,0.739685595035553,0.09016744047403336,3.448054313659668,1.014794945716858,0.6610466837882996,0.6514091212006695,38.24056993890879,0.09016744047403336,3.448054313659668,1.014794945716858,0.6610466837882996,0.6514091212006695,38.24056993890879,0.03490442410111427,121,bcf8145e0104067e,-0.0,0.0,0.0,0.0,nan,nan,nan,nan,nan,nan,nan,nan,nan,nan,nan,nan,0.0,0.0,0.0,nan,nan,0.20000000298023224,0.20000000298023224,0.09950351218048,0.0,0.0,0.0,0.0,0.0,0.0,0.0,0.0,0.0,0.0,0.0,0.0,0.014605163596570492,0.03490442410111427,0.0016157937698153546,7.447632789611816,231,nan,-1.0,True,,False,0.07780987024307251,0.07780987024307251,40.0,40.0,1.0,0.0,0.0,0.0,0.0,0.0
232,7.449250221252441,-0.0,0.0256357379257679,-0.0,0.7397978901863098,0.09040014445781708,3.4468271732330322,1.014823317527771,0.6610211133956909,0.6513657126109559,38.12855824407898,0.09040014445781708,3.4468271732330322,1.014823317527771,0.6610211133956909,0.6513657126109559,38.12855824407898,0.03488221764564514,121,bcf8145e0104067e,-0.0,0.0,0.0,0.0,nan,nan,nan,nan,nan,nan,nan,nan,nan,nan,nan,nan,0.0,0.0,0.0,nan,nan,0.20000000298023224,0.20000000298023224,0.09949927317504,0.0,0.0,0.0,0.0,0.0,0.0,0.0,0.0,0.0,0.0,0.0,0.0,0.014669877476990223,0.03488221764564514,0.0016164637945621507,7.447632789611816,231,nan,-1.0,True,,False,0.07780987024307251,0.07780987024307251,40.0,40.0,1.0,0.0,0.0,0.0,0.0,0.0
233,7.437884330749512,-0.0,0.025893716141581535,-0.0,0.7386096715927124,0.09084263443946838,3.4455535411834717,1.0148133039474487,0.6609035134315491,0.6512562565555146,37.92881572010513,0.09084263443946838,3.4455535411834717,1.0148133039474487,0.6609035134315491,0.6512562565555146,37.92881572010513,0.03485914319753647,121,ce980153ecbcd914,-0.0,0.0,0.0,0.0,nan,nan,nan,nan,nan,nan,nan,nan,nan,nan,nan,nan,0.0,0.0,0.0,nan,nan,0.20000000298023224,0.20000000298023224,0.09949501675136001,0.0,0.0,0.0,0.0,0.0,0.0,0.0,0.0,0.0,0.0,0.0,0.0,0.014734587632119656,0.03485914319753647,0.0016129301543514885,7.437884330749512,233,nan,-1.0,True,,False,0.07780987024307251,0.07780987024307251,40.0,40.0,1.0,0.0,0.0,0.0,0.0,0.0
234,7.424497604370117,-0.0,0.0261335838586092,-0.0,0.7372230291366577,0.09108830988407135,3.4442670345306396,1.0148130655288696,0.6608075499534607,0.6511618468462278,37.81239369699777,0.09108830988407135,3.4442670345306396,1.0148130655288696,0.6608075499534607,0.6511618468462278,37.81239369699777,0.034837763756513596,121,05e4038d605860b4,-0.0,0.0,0.0,0.0,nan,nan,nan,nan,nan,nan,nan,nan,nan,nan,nan,nan,0.0,0.0,0.0,nan,nan,0.20000000298023224,0.20000000298023224,0.09949074291712001,0.0,0.0,0.0,0.0,0.0,0.0,0.0,0.0,0.0,0.0,0.0,0.0,0.014799299649894238,0.034837763756513596,0.0016007234739845444,7.424497604370117,234,nan,-1.0,True,,False,0.07780987024307251,0.07780987024307251,40.0,40.0,1.0,0.0,0.0,0.0,0.0,0.0
235,7.424692630767822,-0.0,0.026384038850665092,-0.0,0.7371924519538879,0.09109675139188766,3.4429807662963867,1.014847993850708,0.6607834696769714,0.6511157076536309,37.7947699966279,0.09109675139188766,3.4429807662963867,1.014847993850708,0.6607834696769714,0.6511157076536309,37.7947699966279,0.03481551632285118,121,05e4038d605860b4,-0.0,0.0,0.0,0.0,nan,nan,nan,nan,nan,nan,nan,nan,nan,nan,nan,nan,0.0,0.0,0.0,nan,nan,0.20000000298023224,0.20000000298023224,0.09948645168,0.0,0.0,0.0,0.0,0.0,0.0,0.0,0.0,0.0,0.0,0.0,0.0,0.014864007011055946,0.03481551632285118,0.001586882289757341,7.424497604370117,234,nan,-1.0,True,,False,0.07780987024307251,0.07780987024307251,40.0,40.0,1.0,0.0,0.0,0.0,0.0,0.0
236,7.418901443481445,-0.0,0.026654928922653198,-0.0,0.7365591526031494,0.09134603291749954,3.4417457580566406,1.0148429870605469,0.6606832146644592,0.6510201312797188,37.67810870522535,0.09134603291749954,3.4417457580566406,1.0148429870605469,0.6606832146644592,0.6510201312797188,37.67810870522535,0.03479153662919998,121,704874ee745b01a9,-0.0,0.0,0.0,0.0,nan,nan,nan,nan,nan,nan,nan,nan,nan,nan,nan,nan,0.0,0.0,0.0,nan,nan,0.20000000298023224,0.20000000298023224,0.09948214304768001,0.0,0.0,0.0,0.0,0.0,0.0,0.0,0.0,0.0,0.0,0.0,0.0,0.014928707852959633,0.03479153662919998,0.0015912209360067209,7.418901443481445,236,nan,-1.0,True,,False,0.07780987024307251,0.07780987024307251,40.0,40.0,1.0,0.0,0.0,0.0,0.0,0.0
237,7.408634185791016,-0.0,0.02689775452017784,-0.0,0.7354838848114014,0.09165645390748978,3.440444231033325,1.0148565769195557,0.6606205105781555,0.6509496273684008,37.53630087528607,0.09165645390748978,3.440444231033325,1.0148565769195557,0.6606205105781555,0.6509496273684008,37.53630087528607,0.034770116209983826,121,704874ee745b01a9,-0.0,0.0,0.0,0.0,nan,nan,nan,nan,nan,nan,nan,nan,nan,nan,nan,nan,0.0,0.0,0.0,nan,nan,0.20000000298023224,0.20000000298023224,0.09947781702784,0.0,0.0,0.0,0.0,0.0,0.0,0.0,0.0,0.0,0.0,0.0,0.0,0.014993409626185894,0.034770116209983826,0.0015783046173964976,7.408634185791016,237,nan,-1.0,True,,False,0.07780987024307251,0.07780987024307251,40.0,40.0,1.0,0.0,0.0,0.0,0.0,0.0
238,7.405599594116211,-0.0,0.027141522616147995,-0.0,0.7351316213607788,0.09205161035060883,3.438692092895508,1.0148831605911255,0.6605393290519714,0.6508525855008136,37.356131846016794,0.09205161035060883,3.438692092895508,1.0148831605911255,0.6605393290519714,0.6508525855008136,37.356131846016794,0.034748680889606476,121,704874ee745b01a9,-0.0,0.0,0.0,0.0,nan,nan,nan,nan,nan,nan,nan,nan,nan,nan,nan,nan,0.0,0.0,0.0,nan,nan,0.20000000298023224,0.20000000298023224,0.09947347362816,0.0,0.0,0.0,0.0,0.0,0.0,0.0,0.0,0.0,0.0,0.0,0.0,0.01505811046808958,0.034748680889606476,0.0015755377685309213,7.405599594116211,238,nan,-1.0,True,,False,0.07780987024307251,0.07780987024307251,40.0,40.0,1.0,0.0,0.0,0.0,0.0,0.0
239,7.396449089050293,-0.0,0.027395963668823242,-0.0,0.7341657280921936,0.0921115055680275,3.4377825260162354,1.0148570537567139,0.6604461073875427,0.6507774715096653,37.321966510224016,0.0921115055680275,3.4377825260162354,1.0148570537567139,0.6604461073875427,0.6507774715096653,37.321966510224016,0.034726377576589584,121,704874ee745b01a9,-0.0,0.0,0.0,0.0,nan,nan,nan,nan,nan,nan,nan,nan,nan,nan,nan,nan,0.0,0.0,0.0,nan,nan,0.20000000298023224,0.20000000298023224,0.09946911285632,0.0,0.0,0.0,0.0,0.0,0.0,0.0,0.0,0.0,0.0,0.0,0.0,0.01512280385941267,0.034726377576589584,0.0015627778448106255,7.396449089050293,239,nan,-1.0,True,,False,0.07780987024307251,0.07780987024307251,40.0,40.0,1.0,0.0,0.0,0.0,0.0,0.0
240,7.38603401184082,-0.0,0.027661314234137535,-0.0,0.7330711483955383,0.09261028468608856,3.436612129211426,1.0148851871490479,0.6604022979736328,0.6507162645942185,37.108320537617956,0.09261028468608856,3.436612129211426,1.0148851871490479,0.6604022979736328,0.6507162645942185,37.108320537617956,0.034703195095062256,121,704874ee745b01a9,-0.0,0.0,0.0,0.0,nan,nan,nan,nan,nan,nan,nan,nan,nan,nan,nan,nan,0.0,0.0,0.0,nan,nan,0.20000000298023224,0.20000000298023224,0.09946473472,0.0,0.0,0.0,0.0,0.0,0.0,0.0,0.0,0.0,0.0,0.0,0.0,0.015187493525445461,0.034703195095062256,0.0015590557959512807,7.38603401184082,240,nan,-1.0,True,,False,0.07780987024307251,0.07780987024307251,40.0,40.0,1.0,0.0,0.0,0.0,0.0,0.0
241,7.387950897216797,-0.0,0.027888145297765732,-0.0,0.7332174777984619,0.09287743270397186,3.4353299140930176,1.0149016380310059,0.660365641117096,0.650669598285663,36.987778560185234,0.09287743270397186,3.4353299140930176,1.0149016380310059,0.660365641117096,0.650669598285663,36.987778560185234,0.03468343988060951,121,704874ee745b01a9,-0.0,0.0,0.0,0.0,nan,nan,nan,nan,nan,nan,nan,nan,nan,nan,nan,nan,0.0,0.0,0.0,nan,nan,0.20000000298023224,0.20000000298023224,0.09946033922688001,0.0,0.0,0.0,0.0,0.0,0.0,0.0,0.0,0.0,0.0,0.0,0.0,0.015252182260155678,0.03468343988060951,0.0015459925152754295,7.38603401184082,240,nan,-1.0,True,,False,0.07780987024307251,0.07780987024307251,40.0,40.0,1.0,0.0,0.0,0.0,0.0,0.0
242,7.382438659667969,-0.0,0.028155412524938583,-0.0,0.7326127886772156,0.09310165792703629,3.433581590652466,1.0149234533309937,0.6602747440338135,0.6505660519192675,36.87991886614266,0.09310165792703629,3.433581590652466,1.0149234533309937,0.6602747440338135,0.6505660519192675,36.87991886614266,0.034660231322050095,121,704874ee745b01a9,-0.0,0.0,0.0,0.0,nan,nan,nan,nan,nan,nan,nan,nan,nan,nan,nan,nan,0.0,0.0,0.0,nan,nan,0.20000000298023224,0.20000000298023224,0.09945592638464001,0.0,0.0,0.0,0.0,0.0,0.0,0.0,0.0,0.0,0.0,0.0,0.0,0.015316858887672424,0.034660231322050095,0.0015342917722591665,7.382438659667969,242,nan,-1.0,True,,False,0.07780987024307251,0.07780987024307251,40.0,40.0,1.0,0.0,0.0,0.0,0.0,0.0
243,7.381838798522949,-0.0,0.028393859043717384,-0.0,0.7325051426887512,0.09336677938699722,3.4321999549865723,1.0149403810501099,0.6602158546447754,0.6504971789196937,36.76039783658383,0.09336677938699722,3.4321999549865723,1.0149403810501099,0.6602158546447754,0.6504971789196937,36.76039783658383,0.03463958948850632,121,704874ee745b01a9,-0.0,0.0,0.0,0.0,nan,nan,nan,nan,nan,nan,nan,nan,nan,nan,nan,nan,0.0,0.0,0.0,nan,nan,0.20000000298023224,0.20000000298023224,0.09945149620096,0.0,0.0,0.0,0.0,0.0,0.0,0.0,0.0,0.0,0.0,0.0,0.0,0.015381543897092342,0.03463958948850632,0.0015295425232579873,7.381838798522949,243,nan,-1.0,True,,False,0.07780987024307251,0.07780987024307251,40.0,40.0,1.0,0.0,0.0,0.0,0.0,0.0
244,7.370758056640625,-0.0,0.028633154928684235,-0.0,0.7313491702079773,0.09344838559627533,3.431466579437256,1.0149301290512085,0.6601381301879883,0.650427168622049,36.72044795147352,0.09344838559627533,3.431466579437256,1.0149301290512085,0.6601381301879883,0.650427168622049,36.72044795147352,0.034618932753801346,121,704874ee745b01a9,-0.0,0.0,0.0,0.0,nan,nan,nan,nan,nan,nan,nan,nan,nan,nan,nan,nan,0.0,0.0,0.0,nan,nan,0.20000000298023224,0.20000000298023224,0.09944704868352,0.0,0.0,0.0,0.0,0.0,0.0,0.0,0.0,0.0,0.0,0.0,0.0,0.015446217730641365,0.034618932753801346,0.0015202198342194606,7.370758056640625,244,nan,-1.0,True,,False,0.07780987024307251,0.07780987024307251,40.0,40.0,1.0,0.0,0.0,0.0,0.0,0.0
245,7.3677897453308105,-0.0,0.028883246704936028,-0.0,0.7310023307800293,0.09371902048587799,3.430173635482788,1.0149555206298828,0.6600776314735413,0.6503512893490112,36.60061338348775,0.09371902048587799,3.430173635482788,1.0149555206298828,0.6600776314735413,0.6503512893490112,36.60061338348775,0.034597404301166534,121,704874ee745b01a9,-0.0,0.0,0.0,0.0,nan,nan,nan,nan,nan,nan,nan,nan,nan,nan,nan,nan,0.0,0.0,0.0,nan,nan,0.20000000298023224,0.20000000298023224,0.09944258384,0.0,0.0,0.0,0.0,0.0,0.0,0.0,0.0,0.0,0.0,0.0,0.0,0.015510886907577515,0.034597404301166534,0.0015111034417714109,7.3677897453308105,245,nan,-1.0,True,,False,0.07780987024307251,0.07780987024307251,40.0,40.0,1.0,0.0,0.0,0.0,0.0,0.0
246,7.35983943939209,-0.0,0.029124174267053604,-0.0,0.7301591038703918,0.09405078738927841,3.4288976192474365,1.014959454536438,0.6600066423416138,0.6502788258108875,36.45793633874801,0.09405078738927841,3.4288976192474365,1.014959454536438,0.6600066423416138,0.6502788258108875,36.45793633874801,0.03457672521471977,121,704874ee745b01a9,-0.0,0.0,0.0,0.0,nan,nan,nan,nan,nan,nan,nan,nan,nan,nan,nan,nan,0.0,0.0,0.0,nan,nan,0.20000000298023224,0.20000000298023224,0.09943810167808001,0.0,0.0,0.0,0.0,0.0,0.0,0.0,0.0,0.0,0.0,0.0,0.0,0.01557555515319109,0.03457672521471977,0.0015011950617918046,7.35983943939209,246,nan,-1.0,True,,False,0.07780987024307251,0.07780987024307251,40.0,40.0,1.0,0.0,0.0,0.0,0.0,0.0
247,7.362125873565674,-0.0,0.02937598153948784,-0.0,0.730337381362915,0.09446730464696884,3.427703380584717,1.014977216720581,0.659957230091095,0.6502187627653699,36.28454726631921,0.09446730464696884,3.427703380584717,1.014977216720581,0.659957230091095,0.6502187627653699,36.28454726631921,0.03455517068505287,121,704874ee745b01a9,-0.0,0.0,0.0,0.0,nan,nan,nan,nan,nan,nan,nan,nan,nan,nan,nan,nan,0.0,0.0,0.0,nan,nan,0.20000000298023224,0.20000000298023224,0.09943360220544001,0.0,0.0,0.0,0.0,0.0,0.0,0.0,0.0,0.0,0.0,0.0,0.0,0.015640217810869217,0.03455517068505287,0.0014820629780842864,7.35983943939209,246,nan,-1.0,True,,False,0.07780987024307251,0.07780987024307251,40.0,40.0,1.0,0.0,0.0,0.0,0.0,0.0
248,7.3516764640808105,-0.0,0.029618538916110992,-0.0,0.7292439341545105,0.09475089609622955,3.426309108734131,1.014988660812378,0.6598577499389648,0.6501134203911471,36.161231712831,0.09475089609622955,3.426309108734131,1.014988660812378,0.6598577499389648,0.6501134203911471,36.161231712831,0.03453446552157402,121,704874ee745b01a9,-0.0,0.0,0.0,0.0,nan,nan,nan,nan,nan,nan,nan,nan,nan,nan,nan,nan,0.0,0.0,0.0,nan,nan,0.20000000298023224,0.20000000298023224,0.09942908542976,0.0,0.0,0.0,0.0,0.0,0.0,0.0,0.0,0.0,0.0,0.0,0.0,0.01570487767457962,0.03453446552157402,0.0014768439732506522,7.3516764640808105,248,nan,-1.0,True,,False,0.07780987024307251,0.07780987024307251,40.0,40.0,1.0,0.0,0.0,0.0,0.0,0.0
249,7.348525524139404,-0.0,0.029882201924920082,-0.0,0.7288761138916016,0.09484519064426422,3.4249255657196045,1.0149818658828735,0.6597650647163391,0.6500264555391322,36.11069304046707,0.09484519064426422,3.4249255657196045,1.0149818658828735,0.6597650647163391,0.6500264555391322,36.11069304046707,0.03451202064752579,121,704874ee745b01a9,-0.0,0.0,0.0,0.0,nan,nan,nan,nan,nan,nan,nan,nan,nan,nan,nan,nan,0.0,0.0,0.0,nan,nan,0.20000000298023224,0.20000000298023224,0.09942455135872,0.0,0.0,0.0,0.0,0.0,0.0,0.0,0.0,0.0,0.0,0.0,0.0,0.015769531950354576,0.03451202064752579,0.0014644529874203727,7.348525524139404,249,nan,-1.0,True,,False,0.07780987024307251,0.07780987024307251,40.0,40.0,1.0,0.0,0.0,0.0,0.0,0.0
250,7.3451738357543945,-0.0,0.03011622279882431,-0.0,0.7284941077232361,0.09512163698673248,3.423643112182617,1.015016794204712,0.6597272753715515,0.6499668568424648,35.992264437797104,0.09512163698673248,3.423643112182617,1.015016794204712,0.6597272753715515,0.6499668568424648,35.992264437797104,0.03449215367436409,121,704874ee745b01a9,-0.0,0.0,0.0,0.0,nan,nan,nan,nan,nan,nan,nan,nan,nan,nan,nan,nan,0.0,0.0,0.0,nan,nan,0.20000000298023224,0.20000000298023224,0.09942000000000001,0.0,0.0,0.0,0.0,0.0,0.0,0.0,0.0,0.0,0.0,0.0,0.0,0.015834180638194084,0.03449215367436409,0.001456922427223617,7.3451738357543945,250,nan,-1.0,True,,False,0.07780987024307251,0.07780987024307251,40.0,40.0,1.0,0.0,0.0,0.0,0.0,0.0
251,7.342126369476318,-0.0,0.03035097010433674,-0.0,0.7281424403190613,0.09562772512435913,3.422361373901367,1.0150185823440552,0.6596404314041138,0.6498801528152902,35.78838009009161,0.09562772512435913,3.422361373901367,1.0150185823440552,0.6596404314041138,0.6498801528152902,35.78838009009161,0.0344722755253315,121,e2b686e0d9f728fb,-0.0,0.0,0.0,0.0,nan,nan,nan,nan,nan,nan,nan,nan,nan,nan,nan,nan,0.0,0.0,0.0,nan,nan,0.20000000298023224,0.20000000298023224,0.09941543136127999,0.0,0.0,0.0,0.0,0.0,0.0,0.0,0.0,0.0,0.0,0.0,0.0,0.015898827463388443,0.0344722755253315,0.001439721779206593,7.342126369476318,251,nan,-1.0,True,,False,0.07780987024307251,0.07780987024307251,40.0,40.0,1.0,0.0,0.0,0.0,0.0,0.0
252,7.345582485198975,-0.0,0.030586423352360725,-0.0,0.7284409403800964,0.09574806690216064,3.421123504638672,1.0150480270385742,0.6596274971961975,0.6498485585166603,35.7304707585848,0.09574806690216064,3.421123504638672,1.0150480270385742,0.6596274971961975,0.6498485585166603,35.7304707585848,0.03445238620042801,121,e2b686e0d9f728fb,-0.0,0.0,0.0,0.0,nan,nan,nan,nan,nan,nan,nan,nan,nan,nan,nan,nan,0.0,0.0,0.0,nan,nan,0.20000000298023224,0.20000000298023224,0.09941084545024001,0.0,0.0,0.0,0.0,0.0,0.0,0.0,0.0,0.0,0.0,0.0,0.0,0.015963464975357056,0.03445238620042801,0.001419376945705153,7.342126369476318,251,nan,-1.0,True,,False,0.07780987024307251,0.07780987024307251,40.0,40.0,1.0,0.0,0.0,0.0,0.0,0.0
253,7.344109535217285,-0.0,0.030832890421152115,-0.0,0.7282443642616272,0.09616091847419739,3.4197473526000977,1.0150541067123413,0.659545361995697,0.649763749177764,35.56275675047457,0.09616091847419739,3.4197473526000977,1.0150541067123413,0.659545361995697,0.649763749177764,35.56275675047457,0.034431617707014084,121,e2b686e0d9f728fb,-0.0,0.0,0.0,0.0,nan,nan,nan,nan,nan,nan,nan,nan,nan,nan,nan,nan,0.0,0.0,0.0,nan,nan,0.20000000298023224,0.20000000298023224,0.09940624227456002,0.0,0.0,0.0,0.0,0.0,0.0,0.0,0.0,0.0,0.0,0.0,0.0,0.01602810062468052,0.034431617707014084,0.0014094418570493872,7.342126369476318,251,nan,-1.0,True,,False,0.07780987024307251,0.07780987024307251,40.0,40.0,1.0,0.0,0.0,0.0,0.0,0.0
254,7.343700885772705,-0.0,0.031080111861228943,-0.0,0.7281540632247925,0.0964839830994606,3.418445348739624,1.0150779485702515,0.6594933867454529,0.6496972845034774,35.43018477186744,0.0964839830994606,3.418445348739624,1.0150779485702515,0.6594933867454529,0.6496972845034774,35.43018477186744,0.03441083803772926,121,e2b686e0d9f728fb,-0.0,0.0,0.0,0.0,nan,nan,nan,nan,nan,nan,nan,nan,nan,nan,nan,nan,0.0,0.0,0.0,nan,nan,0.20000000298023224,0.20000000298023224,0.09940162184192002,0.0,0.0,0.0,0.0,0.0,0.0,0.0,0.0,0.0,0.0,0.0,0.0,0.016092730686068535,0.03441083803772926,0.0013952801723462471,7.342126369476318,251,nan,-1.0,True,,False,0.07780987024307251,0.07780987024307251,40.0,40.0,1.0,0.0,0.0,0.0,0.0,0.0
255,7.335037708282471,-0.0,0.03132810443639755,-0.0,0.727238118648529,0.0967702865600586,3.4173378944396973,1.0150866508483887,0.659434974193573,0.6496341702872663,35.313917276857424,0.0967702865600586,3.4173378944396973,1.0150866508483887,0.659434974193573,0.6496341702872663,35.313917276857424,0.03439004719257355,121,e2b686e0d9f728fb,-0.0,0.0,0.0,0.0,nan,nan,nan,nan,nan,nan,nan,nan,nan,nan,nan,nan,0.0,0.0,0.0,nan,nan,0.20000000298023224,0.20000000298023224,0.09939698416000001,0.0,0.0,0.0,0.0,0.0,0.0,0.0,0.0,0.0,0.0,0.0,0.0,0.016157357022166252,0.03439004719257355,0.0013902469308959553,7.335037708282471,255,nan,-1.0,True,,False,0.07780987024307251,0.07780987024307251,40.0,40.0,1.0,0.0,0.0,0.0,0.0,0.0
256,7.3362202644348145,-0.0,0.03156648576259613,-0.0,0.7273087501525879,0.09687113761901855,3.4158740043640137,1.0150909423828125,0.6593500375747681,0.6495477499060504,35.26204077212551,0.09687113761901855,3.4158740043640137,1.0150909423828125,0.6593500375747681,0.6495477499060504,35.26204077212551,0.03437010943889618,121,e2b686e0d9f728fb,-0.0,0.0,0.0,0.0,nan,nan,nan,nan,nan,nan,nan,nan,nan,nan,nan,nan,0.0,0.0,0.0,nan,nan,0.20000000298023224,0.20000000298023224,0.09939232923648,0.0,0.0,0.0,0.0,0.0,0.0,0.0,0.0,0.0,0.0,0.0,0.0,0.016221975907683372,0.03437010943889618,0.0013725169410463423,7.335037708282471,255,nan,-1.0,True,,False,0.07780987024307251,0.07780987024307251,40.0,40.0,1.0,0.0,0.0,0.0,0.0,0.0
257,7.333958625793457,-0.0,0.03180556371808052,-0.0,0.7270347476005554,0.0972210019826889,3.4146504402160645,1.015120506286621,0.6593090295791626,0.649488435605502,35.122559638133275,0.0972210019826889,3.4146504402160645,1.015120506286621,0.6593090295791626,0.649488435605502,35.122559638133275,0.034350160509347916,121,e2b686e0d9f728fb,-0.0,0.0,0.0,0.0,nan,nan,nan,nan,nan,nan,nan,nan,nan,nan,nan,nan,0.0,0.0,0.0,nan,nan,0.20000000298023224,0.20000000298023224,0.09938765707904001,0.0,0.0,0.0,0.0,0.0,0.0,0.0,0.0,0.0,0.0,0.0,0.0,0.016286589205265045,0.034350160509347916,0.0013577509730566817,7.333958625793457,257,nan,-1.0,True,,False,0.07780987024307251,0.07780987024307251,40.0,40.0,1.0,0.0,0.0,0.0,0.0,0.0
258,7.33786678314209,-0.0,0.032034873962402344,-0.0,0.7273796796798706,0.09765530377626419,3.413343906402588,1.0151159763336182,0.6592282652854919,0.6494117723045632,34.95298027255971,0.09765530377626419,3.413343906402588,1.0151159763336182,0.6592282652854919,0.6494117723045632,34.95298027255971,0.0343310683965683,121,e2b686e0d9f728fb,-0.0,0.0,0.0,0.0,nan,nan,nan,nan,nan,nan,nan,nan,nan,nan,nan,nan,0.0,0.0,0.0,nan,nan,0.20000000298023224,0.20000000298023224,0.09938296769536,0.0,0.0,0.0,0.0,0.0,0.0,0.0,0.0,0.0,0.0,0.0,0.0,0.01635119877755642,0.0343310683965683,0.001335825670594204,7.333958625793457,257,nan,-1.0,True,,False,0.07780987024307251,0.07780987024307251,40.0,40.0,1.0,0.0,0.0,0.0,0.0,0.0
259,7.332006931304932,-0.0,0.03226486220955849,-0.0,0.7267476916313171,0.097978875041008,3.412137985229492,1.0151340961456299,0.659168541431427,0.6493413470537822,34.82524150028645,0.097978875041008,3.412137985229492,1.0151340961456299,0.659168541431427,0.6493413470537822,34.82524150028645,0.034311965107917786,121,e2b686e0d9f728fb,-0.0,0.0,0.0,0.0,nan,nan,nan,nan,nan,nan,nan,nan,nan,nan,nan,nan,0.0,0.0,0.0,nan,nan,0.20000000298023224,0.20000000298023224,0.09937826109312001,0.0,0.0,0.0,0.0,0.0,0.0,0.0,0.0,0.0,0.0,0.0,0.0,0.016415799036622047,0.034311965107917786,0.0013265836173559364,7.332006931304932,259,nan,-1.0,True,,False,0.07780987024307251,0.07780987024307251,40.0,40.0,1.0,0.0,0.0,0.0,0.0,0.0
260,7.332558631896973,-0.0,0.03250594064593315,-0.0,0.7267546653747559,0.09808706492185593,3.410733699798584,1.0151480436325073,0.6590883731842041,0.6492534535414028,34.77251258885001,0.09808706492185593,3.410733699798584,1.0151480436325073,0.6590883731842041,0.6492534535414028,34.77251258885001,0.034291982650756836,121,e2b686e0d9f728fb,-0.0,0.0,0.0,0.0,nan,nan,nan,nan,nan,nan,nan,nan,nan,nan,nan,nan,0.0,0.0,0.0,nan,nan,0.20000000298023224,0.20000000298023224,0.09937353728000001,0.0,0.0,0.0,0.0,0.0,0.0,0.0,0.0,0.0,0.0,0.0,0.0,0.016480395570397377,0.034291982650756836,0.001313096942340053,7.332006931304932,259,nan,-1.0,True,,False,0.07780987024307251,0.07780987024307251,40.0,40.0,1.0,0.0,0.0,0.0,0.0,0.0
261,7.3307600021362305,-0.0,0.032747697085142136,-0.0,0.7265264391899109,0.09841035306453705,3.4094722270965576,1.0151656866073608,0.6590505838394165,0.6492049450981097,34.64546280878234,0.09841035306453705,3.4094722270965576,1.0151656866073608,0.6590505838394165,0.6492049450981097,34.64546280878234,0.03427198901772499,121,e2b686e0d9f728fb,-0.0,0.0,0.0,0.0,nan,nan,nan,nan,nan,nan,nan,nan,nan,nan,nan,nan,0.0,0.0,0.0,nan,nan,0.20000000298023224,0.20000000298023224,0.09936879626368,0.0,0.0,0.0,0.0,0.0,0.0,0.0,0.0,0.0,0.0,0.0,0.0,0.01654498279094696,0.03427198901772499,0.001305484495787823,7.3307600021362305,261,nan,-1.0,True,,False,0.07780987024307251,0.07780987024307251,40.0,40.0,1.0,0.0,0.0,0.0,0.0,0.0
262,7.3365044593811035,-0.0,0.03299017995595932,-0.0,0.7270523905754089,0.09891022741794586,3.408226251602173,1.0152150392532349,0.6590262055397034,0.6491493723580627,34.457773888242,0.09891022741794586,3.408226251602173,1.0152150392532349,0.6590262055397034,0.6491493723580627,34.457773888242,0.03425198048353195,121,e2b686e0d9f728fb,-0.0,0.0,0.0,0.0,nan,nan,nan,nan,nan,nan,nan,nan,nan,nan,nan,nan,0.0,0.0,0.0,nan,nan,0.20000000298023224,0.20000000298023224,0.09936403805184,0.0,0.0,0.0,0.0,0.0,0.0,0.0,0.0,0.0,0.0,0.0,0.0,0.016609568148851395,0.03425198048353195,0.0012797237905033398,7.3307600021362305,261,nan,-1.0,True,,False,0.07780987024307251,0.07780987024307251,40.0,40.0,1.0,0.0,0.0,0.0,0.0,0.0
263,7.338744163513184,-0.0,0.033212147653102875,-0.0,0.7272319793701172,0.0990278348326683,3.4063806533813477,1.015217900276184,0.6589435338973999,0.6490661105543334,34.398213988392854,0.0990278348326683,3.4063806533813477,1.015217900276184,0.6589435338973999,0.6490661105543334,34.398213988392854,0.0342337042093277,121,e2b686e0d9f728fb,-0.0,0.0,0.0,0.0,nan,nan,nan,nan,nan,nan,nan,nan,nan,nan,nan,nan,0.0,0.0,0.0,nan,nan,0.20000000298023224,0.20000000298023224,0.09935926265216,0.0,0.0,0.0,0.0,0.0,0.0,0.0,0.0,0.0,0.0,0.0,0.0,0.016674146056175232,0.0342337042093277,0.0012579793929035077,7.3307600021362305,261,nan,-1.0,True,,False,0.07780987024307251,0.07780987024307251,40.0,40.0,1.0,0.0,0.0,0.0,0.0,0.0
264,7.341320037841797,-0.0,0.03343469649553299,-0.0,0.7274450659751892,0.09939900040626526,3.40553617477417,1.015238881111145,0.6589074730873108,0.6490171774805932,34.261271852382876,0.09939900040626526,3.40553617477417,1.015238881111145,0.6589074730873108,0.6490171774805932,34.261271852382876,0.03421541675925255,121,e2b686e0d9f728fb,-0.0,0.0,0.0,0.0,nan,nan,nan,nan,nan,nan,nan,nan,nan,nan,nan,nan,0.0,0.0,0.0,nan,nan,0.20000000298023224,0.20000000298023224,0.09935447007232001,0.0,0.0,0.0,0.0,0.0,0.0,0.0,0.0,0.0,0.0,0.0,0.0,0.016738712787628174,0.03421541675925255,0.0012474822633521399,7.3307600021362305,261,nan,-1.0,True,,False,0.07780987024307251,0.07780987024307251,40.0,40.0,1.0,0.0,0.0,0.0,0.0,0.0
265,7.3413825035095215,-0.0,0.03368965908885002,-0.0,0.7274003028869629,0.09985888004302979,3.4043073654174805,1.015244483947754,0.6588214635848999,0.6489288777251844,34.09118311712032,0.09985888004302979,3.4043073654174805,1.015244483947754,0.6588214635848999,0.6489288777251844,34.09118311712032,0.03419450670480728,121,e2b686e0d9f728fb,-0.0,0.0,0.0,0.0,nan,nan,nan,nan,nan,nan,nan,nan,nan,nan,nan,nan,0.0,0.0,0.0,nan,nan,0.20000000298023224,0.20000000298023224,0.09934966032,0.0,0.0,0.0,0.0,0.0,0.0,0.0,0.0,0.0,0.0,0.0,0.0,0.016803281381726265,0.03419450670480728,0.001232628810157621,7.3307600021362305,261,nan,-1.0,True,,False,0.07780987024307251,0.07780987024307251,40.0,40.0,1.0,0.0,0.0,0.0,0.0,0.0
266,7.336479187011719,-0.0,0.03392402455210686,-0.0,0.7268630862236023,0.10019932687282562,3.4029014110565186,1.0152442455291748,0.6587542295455933,0.6488628056219431,33.96132007329279,0.10019932687282562,3.4029014110565186,1.0152442455291748,0.6587542295455933,0.6488628056219431,33.96132007329279,0.0341753289103508,121,e2b686e0d9f728fb,-0.0,0.0,0.0,0.0,nan,nan,nan,nan,nan,nan,nan,nan,nan,nan,nan,nan,0.0,0.0,0.0,nan,nan,0.20000000298023224,0.20000000298023224,0.09934483340288,0.0,0.0,0.0,0.0,0.0,0.0,0.0,0.0,0.0,0.0,0.0,0.0,0.01686784066259861,0.0341753289103508,0.0012285612701816717,7.3307600021362305,261,nan,-1.0,True,,False,0.07780987024307251,0.07780987024307251,40.0,40.0,1.0,0.0,0.0,0.0,0.0,0.0
267,7.347707271575928,-0.0,0.03414837643504143,-0.0,0.7279410362243652,0.10048860311508179,3.4016308784484863,1.0153026580810547,0.6587809324264526,0.6488517755597761,33.85091217312338,0.10048860311508179,3.4016308784484863,1.0153026580810547,0.6587809324264526,0.6488517755597761,33.85091217312338,0.034157007932662964,121,e2b686e0d9f728fb,-0.0,0.0,0.0,0.0,nan,nan,nan,nan,nan,nan,nan,nan,nan,nan,nan,nan,0.0,0.0,0.0,nan,nan,0.20000000298023224,0.20000000298023224,0.09933998932864001,0.0,0.0,0.0,0.0,0.0,0.0,0.0,0.0,0.0,0.0,0.0,0.0,0.01693239063024521,0.034157007932662964,0.001199537744923873,7.3307600021362305,261,nan,-1.0,True,,False,0.07780987024307251,0.07780987024307251,40.0,40.0,1.0,0.0,0.0,0.0,0.0,0.0
268,7.352879047393799,-0.0,0.03436250612139702,-0.0,0.7284153699874878,0.100812628865242,3.400184154510498,1.0152984857559204,0.6586821675300598,0.648757165278003,33.72776003148954,0.100812628865242,3.400184154510498,1.0152984857559204,0.6586821675300598,0.648757165278003,33.72776003148954,0.03413955494761467,121,e2b686e0d9f728fb,-0.0,0.0,0.0,0.0,nan,nan,nan,nan,nan,nan,nan,nan,nan,nan,nan,nan,0.0,0.0,0.0,nan,nan,0.20000000298023224,0.20000000298023224,0.09933512810496,0.0,0.0,0.0,0.0,0.0,0.0,0.0,0.0,0.0,0.0,0.0,0.0,0.01699693500995636,0.03413955494761467,0.001185058135433792,7.3307600021362305,261,nan,-1.0,True,,False,0.07780987024307251,0.07780987024307251,40.0,40.0,1.0,0.0,0.0,0.0,0.0,0.0
269,7.351529121398926,-0.0,0.03460937365889549,-0.0,0.7282310724258423,0.10094322264194489,3.3988656997680664,1.015323519706726,0.6586183905601501,0.6486783550039209,33.67106389919968,0.10094322264194489,3.3988656997680664,1.015323519706726,0.6586183905601501,0.6486783550039209,33.67106389919968,0.03411947190761566,121,e2b686e0d9f728fb,-0.0,0.0,0.0,0.0,nan,nan,nan,nan,nan,nan,nan,nan,nan,nan,nan,nan,0.0,0.0,0.0,nan,nan,0.20000000298023224,0.20000000298023224,0.09933024973952,0.0,0.0,0.0,0.0,0.0,0.0,0.0,0.0,0.0,0.0,0.0,0.0,0.017061466351151466,0.03411947190761566,0.0011714987158484291,7.3307600021362305,261,nan,-1.0,True,,False,0.07780987024307251,0.07780987024307251,40.0,40.0,1.0,0.0,0.0,0.0,0.0,0.0
270,7.347955226898193,-0.0,0.034835346043109894,-0.0,0.7278284430503845,0.10151906311511993,3.397749900817871,1.015313982963562,0.6585210561752319,0.6485885816849478,33.469082520638636,0.10151906311511993,3.397749900817871,1.015313982963562,0.6585210561752319,0.6485885816849478,33.469082520638636,0.03410112485289574,121,e2b686e0d9f728fb,-0.0,0.0,0.0,0.0,nan,nan,nan,nan,nan,nan,nan,nan,nan,nan,nan,nan,0.0,0.0,0.0,nan,nan,0.20000000298023224,0.20000000298023224,0.09932535424,0.0,0.0,0.0,0.0,0.0,0.0,0.0,0.0,0.0,0.0,0.0,0.0,0.017125993967056274,0.03410112485289574,0.0011652482780846185,7.3307600021362305,261,nan,-1.0,True,,False,0.07780987024307251,0.07780987024307251,40.0,40.0,1.0,0.0,0.0,0.0,0.0,0.0
271,7.35072135925293,-0.0,0.0350726880133152,-0.0,0.7280575633049011,0.10160128772258759,3.3963897228240967,1.0153403282165527,0.658485472202301,0.6485367062676729,33.42860901623224,0.10160128772258759,3.3963897228240967,1.0153403282165527,0.658485472202301,0.6485367062676729,33.42860901623224,0.03408189117908478,121,e2b686e0d9f728fb,-0.0,0.0,0.0,0.0,nan,nan,nan,nan,nan,nan,nan,nan,nan,nan,nan,nan,0.0,0.0,0.0,nan,nan,0.20000000298023224,0.20000000298023224,0.09932044161408,0.0,0.0,0.0,0.0,0.0,0.0,0.0,0.0,0.0,0.0,0.0,0.0,0.017190515995025635,0.03408189117908478,0.0011510121717037691,7.3307600021362305,261,nan,-1.0,True,,False,0.07780987024307251,0.07780987024307251,40.0,40.0,1.0,0.0,0.0,0.0,0.0,0.0
272,7.352907180786133,-0.0,0.0352889709174633,-0.0,0.7282329201698303,0.10212378203868866,3.394598960876465,1.0153555870056152,0.6583957672119141,0.648438611692273,33.240043534526095,0.10212378203868866,3.394598960876465,1.0153555870056152,0.6583957672119141,0.648438611692273,33.240043534526095,0.0340643972158432,121,e2b686e0d9f728fb,-0.0,0.0,0.0,0.0,nan,nan,nan,nan,nan,nan,nan,nan,nan,nan,nan,nan,0.0,0.0,0.0,nan,nan,0.20000000298023224,0.20000000298023224,0.09931551186944,0.0,0.0,0.0,0.0,0.0,0.0,0.0,0.0,0.0,0.0,0.0,0.0,0.017255032435059547,0.0340643972158432,0.0011354927196407516,7.3307600021362305,261,nan,-1.0,True,,False,0.07780987024307251,0.07780987024307251,40.0,40.0,1.0,0.0,0.0,0.0,0.0,0.0
273,7.358853816986084,-0.0,0.035516586154699326,-0.0,0.728782057762146,0.10245855152606964,3.3932042121887207,1.0153557062149048,0.6583138704299927,0.6483578773433883,33.11782337002247,0.10245855152606964,3.3932042121887207,1.0153557062149048,0.6583138704299927,0.6483578773433883,33.11782337002247,0.03404602035880089,121,e2b686e0d9f728fb,-0.0,0.0,0.0,0.0,nan,nan,nan,nan,nan,nan,nan,nan,nan,nan,nan,nan,0.0,0.0,0.0,nan,nan,0.20000000298023224,0.20000000298023224,0.09931056501376001,0.0,0.0,0.0,0.0,0.0,0.0,0.0,0.0,0.0,0.0,0.0,0.0,0.017319533973932266,0.03404602035880089,0.0011168624405399896,7.3307600021362305,261,nan,-1.0,True,,False,0.07780987024307251,0.07780987024307251,40.0,40.0,1.0,0.0,0.0,0.0,0.0,0.0
274,7.363064289093018,-0.0,0.03574475273489952,-0.0,0.7291575074195862,0.1028379276394844,3.3923096656799316,1.0153874158859253,0.6583131551742554,0.6483369252709098,32.986950860894844,0.1028379276394844,3.3923096656799316,1.0153874158859253,0.6583131551742554,0.6483369252709098,32.986950860894844,0.03402763232588768,121,e2b686e0d9f728fb,-0.0,0.0,0.0,0.0,nan,nan,nan,nan,nan,nan,nan,nan,nan,nan,nan,nan,0.0,0.0,0.0,nan,nan,0.20000000298023224,0.20000000298023224,0.09930560105472,0.0,0.0,0.0,0.0,0.0,0.0,0.0,0.0,0.0,0.0,0.0,0.0,0.017384031787514687,0.03402763232588768,0.001108154272515094,7.3307600021362305,261,nan,-1.0,True,,False,0.07780987024307251,0.07780987024307251,40.0,40.0,1.0,0.0,0.0,0.0,0.0,0.0
275,7.364055633544922,-0.0,0.03595166280865669,-0.0,0.7292152643203735,0.10297849774360657,3.3910117149353027,1.015405297279358,0.6582508683204651,0.648264166125743,32.92931815123351,0.10297849774360657,3.3910117149353027,1.015405297279358,0.6582508683204651,0.648264166125743,32.92931815123351,0.03401098772883415,121,e2b686e0d9f728fb,-0.0,0.0,0.0,0.0,nan,nan,nan,nan,nan,nan,nan,nan,nan,nan,nan,nan,0.0,0.0,0.0,nan,nan,0.20000000298023224,0.20000000298023224,0.09930062000000002,0.0,0.0,0.0,0.0,0.0,0.0,0.0,0.0,0.0,0.0,0.0,0.0,0.01744852028787136,0.03401098772883415,0.0010934236074717774,7.3307600021362305,261,nan,-1.0,True,,False,0.07780987024307251,0.07780987024307251,40.0,40.0,1.0,0.0,0.0,0.0,0.0,0.0
276,7.372411251068115,-0.0,0.03620263934135437,-0.0,0.7300006151199341,0.10345721244812012,3.389822483062744,1.0154246091842651,0.6582115888595581,0.6482131542865878,32.76545349375822,0.10345721244812012,3.389822483062744,1.0154246091842651,0.6582115888595581,0.6482131542865878,32.76545349375822,0.033990830183029175,121,e2b686e0d9f728fb,-0.0,0.0,0.0,0.0,nan,nan,nan,nan,nan,nan,nan,nan,nan,nan,nan,nan,0.0,0.0,0.0,nan,nan,0.20000000298023224,0.20000000298023224,0.09929562185728001,0.0,0.0,0.0,0.0,0.0,0.0,0.0,0.0,0.0,0.0,0.0,0.0,0.017513005062937737,0.033990830183029175,0.0010747205660663894,7.3307600021362305,261,nan,-1.0,True,,False,0.07780987024307251,0.07780987024307251,40.0,40.0,1.0,0.0,0.0,0.0,0.0,0.0
277,7.381320953369141,-0.0,0.03641052171587944,-0.0,0.7308499813079834,0.10380467772483826,3.38840651512146,1.015456199645996,0.6581857800483704,0.6481675726415617,32.6421370345499,0.10380467772483826,3.38840651512146,1.015456199645996,0.6581857800483704,0.6481675726415617,32.6421370345499,0.033974166959524155,121,e2b686e0d9f728fb,-0.0,0.0,0.0,0.0,nan,nan,nan,nan,nan,nan,nan,nan,nan,nan,nan,nan,0.0,0.0,0.0,nan,nan,0.20000000298023224,0.20000000298023224,0.09929060663424,0.0,0.0,0.0,0.0,0.0,0.0,0.0,0.0,0.0,0.0,0.0,0.0,0.01757747307419777,0.033974166959524155,0.001054281161941617,7.3307600021362305,261,nan,-1.0,True,,False,0.07780987024307251,0.07780987024307251,40.0,40.0,1.0,0.0,0.0,0.0,0.0,0.0
278,7.39393949508667,-0.0,0.03662979230284691,-0.0,0.7320680022239685,0.10393834859132767,3.3871982097625732,1.015490174293518,0.6581634283065796,0.648123876495868,32.58853210262754,0.10393834859132767,3.3871982097625732,1.015490174293518,0.6581634283065796,0.648123876495868,32.58853210262754,0.0339566171169281,121,e2b686e0d9f728fb,-0.0,0.0,0.0,0.0,nan,nan,nan,nan,nan,nan,nan,nan,nan,nan,nan,nan,0.0,0.0,0.0,nan,nan,0.20000000298023224,0.20000000298023224,0.09928557433856,0.0,0.0,0.0,0.0,0.0,0.0,0.0,0.0,0.0,0.0,0.0,0.0,0.017641937360167503,0.0339566171169281,0.0010354675232520094,7.3307600021362305,261,nan,-1.0,True,,False,0.07780987024307251,0.07780987024307251,40.0,40.0,1.0,0.0,0.0,0.0,0.0,0.0
279,7.401462554931641,-0.0,0.03686055913567543,-0.0,0.7327741384506226,0.10310206562280655,3.3854291439056396,1.0155123472213745,0.6580842733383179,0.6480317793663026,32.8357062824624,0.10310206562280655,3.3854291439056396,1.0155123472213745,0.6580842733383179,0.6480317793663026,32.8357062824624,0.03393818065524101,121,e2b686e0d9f728fb,-0.0,0.0,0.0,0.0,nan,nan,nan,nan,nan,nan,nan,nan,nan,nan,nan,nan,0.0,0.0,0.0,nan,nan,0.20000000298023224,0.20000000298023224,0.09928052497791999,0.0,0.0,0.0,0.0,0.0,0.0,0.0,0.0,0.0,0.0,0.0,0.0,0.01770639605820179,0.03393818065524101,0.0010134177146028378,7.3307600021362305,261,nan,-1.0,True,,False,0.07780987024307251,0.07780987024307251,40.0,40.0,1.0,0.0,0.0,0.0,0.0,0.0
280,7.396550178527832,-0.0,0.03706980496644974,-0.0,0.7322410345077515,0.10347665846347809,3.384032726287842,1.0155143737792969,0.6579985618591309,0.6479460841212422,32.703343696416624,0.10347665846347809,3.384032726287842,1.0155143737792969,0.6579985618591309,0.6479460841212422,32.703343696416624,0.0339214913547039,121,e2b686e0d9f728fb,-0.0,0.0,0.0,0.0,nan,nan,nan,nan,nan,nan,nan,nan,nan,nan,nan,nan,0.0,0.0,0.0,nan,nan,0.20000000298023224,0.20000000298023224,0.09927545856,0.0,0.0,0.0,0.0,0.0,0.0,0.0,0.0,0.0,0.0,0.0,0.0,0.017770841717720032,0.0339214913547039,0.0010119772368852864,7.3307600021362305,261,nan,-1.0,True,,False,0.07780987024307251,0.07780987024307251,40.0,40.0,1.0,0.0,0.0,0.0,0.0,0.0
281,7.403285026550293,-0.0,0.037312593311071396,-0.0,0.7328659892082214,0.10268297046422958,3.383268117904663,1.0155292749404907,0.6579569578170776,0.6478956087756638,32.9486778830892,0.10268297046422958,3.383268117904663,1.0155292749404907,0.6579569578170776,0.6478956087756638,32.9486778830892,0.033902157098054886,121,e2b686e0d9f728fb,-0.0,0.0,0.0,0.0,nan,nan,nan,nan,nan,nan,nan,nan,nan,nan,nan,nan,0.0,0.0,0.0,nan,nan,0.20000000298023224,0.20000000298023224,0.09927037509248,0.0,0.0,0.0,0.0,0.0,0.0,0.0,0.0,0.0,0.0,0.0,0.0,0.017835283651947975,0.033902157098054886,0.0010023557647400594,7.3307600021362305,261,nan,-1.0,True,,False,0.07780987024307251,0.07780987024307251,40.0,40.0,1.0,0.0,0.0,0.0,0.0,0.0
282,7.409265995025635,-0.0,0.03752274438738823,-0.0,0.733422040939331,0.10120341181755066,3.381956100463867,1.0155633687973022,0.6579325199127197,0.6478497946335808,33.417411920468176,0.10120341181755066,3.381956100463867,1.0155633687973022,0.6579325199127197,0.6478497946335808,33.417411920468176,0.03388545289635658,121,e2b686e0d9f728fb,-0.0,0.0,0.0,0.0,nan,nan,nan,nan,nan,nan,nan,nan,nan,nan,nan,nan,0.0,0.0,0.0,nan,nan,0.20000000298023224,0.20000000298023224,0.09926527458304,0.0,0.0,0.0,0.0,0.0,0.0,0.0,0.0,0.0,0.0,0.0,0.0,0.017899712547659874,0.03388545289635658,0.0009870793473965023,7.3307600021362305,261,nan,-1.0,True,,False,0.07780987024307251,0.07780987024307251,40.0,40.0,1.0,0.0,0.0,0.0,0.0,0.0
283,7.417815208435059,-0.0,0.03773334249854088,-0.0,0.7342348694801331,0.09934909641742706,3.380091667175293,1.0155792236328125,0.6578536629676819,0.6477620333886743,34.02236949366338,0.09934909641742706,3.380091667175293,1.0155792236328125,0.6578536629676819,0.6477620333886743,34.02236949366338,0.033868737518787384,121,e2b686e0d9f728fb,-0.0,0.0,0.0,0.0,nan,nan,nan,nan,nan,nan,nan,nan,nan,nan,nan,nan,0.0,0.0,0.0,nan,nan,0.20000000298023224,0.20000000298023224,0.09926015703936,0.0,0.0,0.0,0.0,0.0,0.0,0.0,0.0,0.0,0.0,0.0,0.0,0.017964137718081474,0.033868737518787384,0.0009721884921418678,7.3307600021362305,261,nan,-1.0,True,,False,0.07780987024307251,0.07780987024307251,40.0,40.0,1.0,0.0,0.0,0.0,0.0,0.0
284,7.424037933349609,-0.0,0.037955474108457565,-0.0,0.7348126769065857,0.09826142340898514,3.379291534423828,1.0155880451202393,0.6578174233436584,0.6477207234807268,34.39082619797284,0.09826142340898514,3.379291534423828,1.0155880451202393,0.6578174233436584,0.6477207234807268,34.39082619797284,0.03385113552212715,121,e2b686e0d9f728fb,-0.0,0.0,0.0,0.0,nan,nan,nan,nan,nan,nan,nan,nan,nan,nan,nan,nan,0.0,0.0,0.0,nan,nan,0.20000000298023224,0.20000000298023224,0.09925502246912,0.0,0.0,0.0,0.0,0.0,0.0,0.0,0.0,0.0,0.0,0.0,0.0,0.018028557300567627,0.03385113552212715,0.0009602179916328168,7.3307600021362305,261,nan,-1.0,True,,False,0.07780987024307251,0.07780987024307251,40.0,40.0,1.0,0.0,0.0,0.0,0.0,0.0
285,7.430929660797119,-0.0,0.03817807883024216,-0.0,0.7354573607444763,0.09643545746803284,3.377969264984131,1.015612006187439,0.6577461361885071,0.6476352506481841,35.02829098004628,0.09643545746803284,3.377969264984131,1.015612006187439,0.6577461361885071,0.6476352506481841,35.02829098004628,0.033833522349596024,121,e2b686e0d9f728fb,-0.0,0.0,0.0,0.0,nan,nan,nan,nan,nan,nan,nan,nan,nan,nan,nan,nan,0.0,0.0,0.0,nan,nan,0.20000000298023224,0.20000000298023224,0.09924987088000001,0.0,0.0,0.0,0.0,0.0,0.0,0.0,0.0,0.0,0.0,0.0,0.0,0.018092961981892586,0.033833522349596024,0.0009454693076804688,7.3307600021362305,261,nan,-1.0,True,,False,0.07780987024307251,0.07780987024307251,40.0,40.0,1.0,0.0,0.0,0.0,0.0,0.0
286,7.445075511932373,-0.0,0.038401152938604355,-0.0,0.7368273138999939,0.0949937254190445,3.3765642642974854,1.0156265497207642,0.6577162146568298,0.6475965155082466,35.54512942199597,0.0949937254190445,3.3765642642974854,1.0156265497207642,0.6577162146568298,0.6475965155082466,35.54512942199597,0.0338159017264843,121,e2b686e0d9f728fb,-0.0,0.0,0.0,0.0,nan,nan,nan,nan,nan,nan,nan,nan,nan,nan,nan,nan,0.0,0.0,0.0,nan,nan,0.20000000298023224,0.20000000298023224,0.09924470227968002,0.0,0.0,0.0,0.0,0.0,0.0,0.0,0.0,0.0,0.0,0.0,0.0,0.0181573573499918,0.0338159017264843,0.0009339232519778307,7.3307600021362305,261,nan,-1.0,True,,False,0.07780987024307251,0.07780987024307251,40.0,40.0,1.0,0.0,0.0,0.0,0.0,0.0
287,7.4507365226745605,-0.0,0.03861352801322937,-0.0,0.7373509407043457,0.09398214519023895,3.3752551078796387,1.0156461000442505,0.6576666831970215,0.6475352814020235,35.913790870036394,0.09398214519023895,3.3752551078796387,1.0156461000442505,0.6576666831970215,0.6475352814020235,35.913790870036394,0.033799152821302414,121,e2b686e0d9f728fb,-0.0,0.0,0.0,0.0,nan,nan,nan,nan,nan,nan,nan,nan,nan,nan,nan,nan,0.0,0.0,0.0,nan,nan,0.20000000298023224,0.20000000298023224,0.09923951667584001,0.0,0.0,0.0,0.0,0.0,0.0,0.0,0.0,0.0,0.0,0.0,0.0,0.018221741542220116,0.033799152821302414,0.0009241517445843783,7.3307600021362305,261,nan,-1.0,True,,False,0.07780987024307251,0.07780987024307251,40.0,40.0,1.0,0.0,0.0,0.0,0.0,0.0
288,7.475598335266113,-0.0,0.0388263501226902,-0.0,0.7397945523262024,0.08997735381126404,3.3739430904388428,1.0156890153884888,0.6576592922210693,0.6475006446432057,37.497691891628705,0.08997735381126404,3.3739430904388428,1.0156890153884888,0.6576592922210693,0.6475006446432057,37.497691891628705,0.033782392740249634,121,e2b686e0d9f728fb,-0.0,0.0,0.0,0.0,nan,nan,nan,nan,nan,nan,nan,nan,nan,nan,nan,nan,0.0,0.0,0.0,nan,nan,0.20000000298023224,0.20000000298023224,0.09923431407616001,0.0,0.0,0.0,0.0,0.0,0.0,0.0,0.0,0.0,0.0,0.0,0.0,0.018286122009158134,0.033782392740249634,0.0008944000369410787,7.3307600021362305,261,nan,-1.0,True,,False,0.07780987024307251,0.07780987024307251,40.0,40.0,1.0,0.0,0.0,0.0,0.0,0.0
289,7.482761859893799,-0.0,0.039017073810100555,-0.0,0.7404727935791016,0.0892755314707756,3.372765064239502,1.0157161951065063,0.6576279997825623,0.6474525098160953,37.77927735264817,0.0892755314707756,3.372765064239502,1.0157161951065063,0.6576279997825623,0.6474525098160953,37.77927735264817,0.033767394721508026,121,e2b686e0d9f728fb,-0.0,0.0,0.0,0.0,nan,nan,nan,nan,nan,nan,nan,nan,nan,nan,nan,nan,0.0,0.0,0.0,nan,nan,0.20000000298023224,0.20000000298023224,0.09922909448832001,0.0,0.0,0.0,0.0,0.0,0.0,0.0,0.0,0.0,0.0,0.0,0.0,0.01835048943758011,0.033767394721508026,0.0008844423045957228,7.3307600021362305,261,nan,-1.0,True,,False,0.07780987024307251,0.07780987024307251,40.0,40.0,1.0,0.0,0.0,0.0,0.0,0.0
290,7.478137493133545,-0.0,0.039253175258636475,-0.0,0.7399631142616272,0.09014401584863663,3.3713130950927734,1.0157119035720825,0.6575362086296082,0.6473648741509944,37.399189101511084,0.09014401584863663,3.3713130950927734,1.0157119035720825,0.6575362086296082,0.6473648741509944,37.399189101511084,0.03374885395169258,121,e2b686e0d9f728fb,-0.0,0.0,0.0,0.0,nan,nan,nan,nan,nan,nan,nan,nan,nan,nan,nan,nan,0.0,0.0,0.0,nan,nan,0.20000000298023224,0.20000000298023224,0.09922385792,0.0,0.0,0.0,0.0,0.0,0.0,0.0,0.0,0.0,0.0,0.0,0.0,0.018414849415421486,0.03374885395169258,0.0008837956711431616,7.3307600021362305,261,nan,-1.0,True,,False,0.07780987024307251,0.07780987024307251,40.0,40.0,1.0,0.0,0.0,0.0,0.0,0.0
291,7.489012718200684,-0.0,0.039467230439186096,-0.0,0.7410078048706055,0.0887857973575592,3.3700265884399414,1.0157341957092285,0.6574771404266357,0.6472925133406161,37.956820671082454,0.0887857973575592,3.3700265884399414,1.0157341957092285,0.6574771404266357,0.6472925133406161,37.956820671082454,0.03373207151889801,121,e2b686e0d9f728fb,-0.0,0.0,0.0,0.0,nan,nan,nan,nan,nan,nan,nan,nan,nan,nan,nan,nan,0.0,0.0,0.0,nan,nan,0.20000000298023224,0.20000000298023224,0.09921860437888001,0.0,0.0,0.0,0.0,0.0,0.0,0.0,0.0,0.0,0.0,0.0,0.0,0.018479198217391968,0.03373207151889801,0.0008714046166460321,7.3307600021362305,261,nan,-1.0,True,,False,0.07780987024307251,0.07780987024307251,40.0,40.0,1.0,0.0,0.0,0.0,0.0,0.0
292,7.501681327819824,-0.0,0.03968169167637825,-0.0,0.7422317862510681,0.08743268251419067,3.3687710762023926,1.015764594078064,0.6574751734733582,0.6472712056577448,38.52988355533559,0.08743268251419067,3.3687710762023926,1.015764594078064,0.6574751734733582,0.6472712056577448,38.52988355533559,0.03371528163552284,121,e2b686e0d9f728fb,-0.0,0.0,0.0,0.0,nan,nan,nan,nan,nan,nan,nan,nan,nan,nan,nan,nan,0.0,0.0,0.0,nan,nan,0.20000000298023224,0.20000000298023224,0.09921333387264,0.0,0.0,0.0,0.0,0.0,0.0,0.0,0.0,0.0,0.0,0.0,0.0,0.018543539568781853,0.03371528163552284,0.000860687868680543,7.3307600021362305,261,nan,-1.0,True,,False,0.07780987024307251,0.07780987024307251,40.0,40.0,1.0,0.0,0.0,0.0,0.0,0.0
293,7.527809143066406,-0.0,0.03989659994840622,-0.0,0.7448016405105591,0.08387362957000732,3.3675670623779297,1.0158058404922485,0.6574644446372986,0.6472343615574196,40.15048686508912,0.08387362957000732,3.3675670623779297,1.0158058404922485,0.6574644446372986,0.6472343615574196,40.15048686508912,0.03369848057627678,121,e2b686e0d9f728fb,-0.0,0.0,0.0,0.0,nan,nan,nan,nan,nan,nan,nan,nan,nan,nan,nan,nan,0.0,0.0,0.0,nan,nan,0.20000000298023224,0.20000000298023224,0.09920804640896,0.0,0.0,0.0,0.0,0.0,0.0,0.0,0.0,0.0,0.0,0.0,0.0,0.01860787346959114,0.03369848057627678,0.0008356114467460429,7.3307600021362305,261,nan,-1.0,True,,False,0.07780987024307251,0.07780987024307251,40.0,40.0,1.0,0.0,0.0,0.0,0.0,0.0
294,7.52632999420166,-0.0,0.0401005744934082,-0.0,0.7446128726005554,0.08478575944900513,3.3662641048431396,1.015814185142517,0.6574075222015381,0.6471730084270332,39.70317806574344,0.08478575944900513,3.3662641048431396,1.015814185142517,0.6574075222015381,0.6471730084270332,39.70317806574344,0.03368255868554115,121,e2b686e0d9f728fb,-0.0,0.0,0.0,0.0,nan,nan,nan,nan,nan,nan,nan,nan,nan,nan,nan,nan,0.0,0.0,0.0,nan,nan,0.20000000298023224,0.20000000298023224,0.09920274199552,0.0,0.0,0.0,0.0,0.0,0.0,0.0,0.0,0.0,0.0,0.0,0.0,0.01867220178246498,0.03368255868554115,0.0008387977532038349,7.3307600021362305,261,nan,-1.0,True,,False,0.07780987024307251,0.07780987024307251,40.0,40.0,1.0,0.0,0.0,0.0,0.0,0.0
295,7.555604457855225,-0.0,0.04030489921569824,-0.0,0.7474994659423828,0.08126441389322281,3.364948272705078,1.0158480405807495,0.6573913097381592,0.647135480383794,41.40740222560941,0.08126441389322281,3.364948272705078,1.0158480405807495,0.6573913097381592,0.647135480383794,41.40740222560941,0.03366662934422493,121,e2b686e0d9f728fb,-0.0,0.0,0.0,0.0,nan,nan,nan,nan,nan,nan,nan,nan,nan,nan,nan,nan,0.0,0.0,0.0,nan,nan,0.20000000298023224,0.20000000298023224,0.09919742064,0.0,0.0,0.0,0.0,0.0,0.0,0.0,0.0,0.0,0.0,0.0,0.0,0.01873651333153248,0.03366662934422493,0.0008167887035597232,7.3307600021362305,261,nan,-1.0,True,,False,0.07780987024307251,0.07780987024307251,40.0,40.0,1.0,0.0,0.0,0.0,0.0,0.0
296,7.564271926879883,-0.0,0.04050961509346962,-0.0,0.7483252286911011,0.0799788385629654,3.363563060760498,1.0158597230911255,0.6573079824447632,0.647046011869299,42.05566273774339,0.0799788385629654,3.363563060760498,1.0158597230911255,0.6573079824447632,0.647046011869299,42.05566273774339,0.03365069255232811,121,e2b686e0d9f728fb,-0.0,0.0,0.0,0.0,nan,nan,nan,nan,nan,nan,nan,nan,nan,nan,nan,nan,0.0,0.0,0.0,nan,nan,0.20000000298023224,0.20000000298023224,0.09919208235008001,0.0,0.0,0.0,0.0,0.0,0.0,0.0,0.0,0.0,0.0,0.0,0.0,0.01880081743001938,0.03365069255232811,0.0008041313867579447,7.3307600021362305,261,nan,-1.0,True,,False,0.07780987024307251,0.07780987024307251,40.0,40.0,1.0,0.0,0.0,0.0,0.0,0.0
297,7.581223487854004,-0.0,0.040726080536842346,-0.0,0.7499771118164062,0.07871498912572861,3.36173677444458,1.0158895254135132,0.6572684645652771,0.6469881302277813,42.70770804624008,0.07871498912572861,3.36173677444458,1.0158895254135132,0.6572684645652771,0.6469881302277813,42.70770804624008,0.03363386169075966,121,e2b686e0d9f728fb,-0.0,0.0,0.0,0.0,nan,nan,nan,nan,nan,nan,nan,nan,nan,nan,nan,nan,0.0,0.0,0.0,nan,nan,0.20000000298023224,0.20000000298023224,0.09918672713344001,0.0,0.0,0.0,0.0,0.0,0.0,0.0,0.0,0.0,0.0,0.0,0.0,0.018865108489990234,0.03363386169075966,0.0007950811827868165,7.3307600021362305,261,nan,-1.0,True,,False,0.07780987024307251,0.07780987024307251,40.0,40.0,1.0,0.0,0.0,0.0,0.0,0.0
298,7.582497596740723,-0.0,0.04092017933726311,-0.0,0.7500656843185425,0.07866936177015305,3.360930919647217,1.0158905982971191,0.6571900248527527,0.6469102341869919,42.722234476323734,0.07866936177015305,3.360930919647217,1.0158905982971191,0.6571900248527527,0.6469102341869919,42.722234476323734,0.03361879289150238,121,e2b686e0d9f728fb,-0.0,0.0,0.0,0.0,nan,nan,nan,nan,nan,nan,nan,nan,nan,nan,nan,nan,0.0,0.0,0.0,nan,nan,0.20000000298023224,0.20000000298023224,0.09918135499776,0.0,0.0,0.0,0.0,0.0,0.0,0.0,0.0,0.0,0.0,0.0,0.0,0.01892939768731594,0.03361879289150238,0.0007893352067185333,7.3307600021362305,261,nan,-1.0,True,,False,0.07780987024307251,0.07780987024307251,40.0,40.0,1.0,0.0,0.0,0.0,0.0,0.0
299,7.597226619720459,-0.0,0.04111455753445625,-0.0,0.7514997720718384,0.07736925035715103,3.3596367835998535,1.0159077644348145,0.6571674942970276,0.6468771253683971,43.42341134353942,0.07736925035715103,3.3596367835998535,1.0159077644348145,0.6571674942970276,0.6468771253683971,43.42341134353942,0.0336037203669548,121,e2b686e0d9f728fb,-0.0,0.0,0.0,0.0,nan,nan,nan,nan,nan,nan,nan,nan,nan,nan,nan,nan,0.0,0.0,0.0,nan,nan,0.20000000298023224,0.20000000298023224,0.09917596595072001,0.0,0.0,0.0,0.0,0.0,0.0,0.0,0.0,0.0,0.0,0.0,0.0,0.018993670120835304,0.0336037203669548,0.0007808176073922368,7.3307600021362305,261,nan,-1.0,True,,False,0.07780987024307251,0.07780987024307251,40.0,40.0,1.0,0.0,0.0,0.0,0.0,0.0
300,7.609270095825195,-0.0,0.04132073372602463,-0.0,0.7526628375053406,0.07598081231117249,3.3583216667175293,1.0159196853637695,0.6570980548858643,0.6468011835508214,44.199602038522954,0.07598081231117249,3.3583216667175293,1.0159196853637695,0.6570980548858643,0.6468011835508214,44.199602038522954,0.033587753772735596,121,e2b686e0d9f728fb,-0.0,0.0,0.0,0.0,nan,nan,nan,nan,nan,nan,nan,nan,nan,nan,nan,nan,0.0,0.0,0.0,nan,nan,0.20000000298023224,0.20000000298023224,0.09917056,0.0,0.0,0.0,0.0,0.0,0.0,0.0,0.0,0.0,0.0,0.0,0.0,0.01905793510377407,0.033587753772735596,0.0007722399177509942,7.3307600021362305,261,nan,-1.0,True,,False,0.07780987024307251,0.07780987024307251,40.0,40.0,1.0,0.0,0.0,0.0,0.0,0.0
301,7.632582187652588,-0.0,0.04153876379132271,-0.0,0.7549504637718201,0.07440434396266937,3.357095241546631,1.0159815549850464,0.6571386456489563,0.6468017479496745,45.119613489650206,0.07440434396266937,3.357095241546631,1.0159815549850464,0.6571386456489563,0.6468017479496745,45.119613489650206,0.03357088938355446,121,e2b686e0d9f728fb,-0.0,0.0,0.0,0.0,nan,nan,nan,nan,nan,nan,nan,nan,nan,nan,nan,nan,0.0,0.0,0.0,nan,nan,0.20000000298023224,0.20000000298023224,0.09916513715328,0.0,0.0,0.0,0.0,0.0,0.0,0.0,0.0,0.0,0.0,0.0,0.0,0.019122188910841942,0.03357088938355446,0.0007617054075126362,7.3307600021362305,261,nan,-1.0,True,,False,0.07780987024307251,0.07780987024307251,40.0,40.0,1.0,0.0,0.0,0.0,0.0,0.0
302,7.655200958251953,-0.0,0.04174568131566048,-0.0,0.7571709752082825,0.07254736125469208,3.3557863235473633,1.0160083770751953,0.6570910215377808,0.646737798982881,46.256490456850685,0.07254736125469208,3.3557863235473633,1.0160083770751953,0.6570910215377808,0.646737798982881,46.256490456850685,0.03355490788817406,121,e2b686e0d9f728fb,-0.0,0.0,0.0,0.0,nan,nan,nan,nan,nan,nan,nan,nan,nan,nan,nan,nan,0.0,0.0,0.0,nan,nan,0.20000000298023224,0.20000000298023224,0.09915969741824,0.0,0.0,0.0,0.0,0.0,0.0,0.0,0.0,0.0,0.0,0.0,0.0,0.019186440855264664,0.03355490788817406,0.0007431804169755196,7.3307600021362305,261,nan,-1.0,True,,False,0.07780987024307251,0.07780987024307251,40.0,40.0,1.0,0.0,0.0,0.0,0.0,0.0
303,7.674839496612549,-0.0,0.041941478848457336,-0.0,0.7590956687927246,0.07135248929262161,3.354487895965576,1.0160466432571411,0.6570811867713928,0.6467037622062186,47.01290633615575,0.07135248929262161,3.354487895965576,1.0160466432571411,0.6570811867713928,0.6467037622062186,47.01290633615575,0.03353980556130409,121,e2b686e0d9f728fb,-0.0,0.0,0.0,0.0,nan,nan,nan,nan,nan,nan,nan,nan,nan,nan,nan,nan,0.0,0.0,0.0,nan,nan,0.20000000298023224,0.20000000298023224,0.09915424080256001,0.0,0.0,0.0,0.0,0.0,0.0,0.0,0.0,0.0,0.0,0.0,0.0,0.019250672310590744,0.03353980556130409,0.0007350145265263563,7.3307600021362305,261,nan,-1.0,True,,False,0.07780987024307251,0.07780987024307251,40.0,40.0,1.0,0.0,0.0,0.0,0.0,0.0
304,7.679096698760986,-0.0,0.04216066375374794,-0.0,0.7594774961471558,0.06986617296934128,3.353095054626465,1.0160467624664307,0.6569937467575073,0.6466176272858444,47.9931118611273,0.06986617296934128,3.353095054626465,1.0160467624664307,0.6569937467575073,0.6466176272858444,47.9931118611273,0.033522918820381165,121,e2b686e0d9f728fb,-0.0,0.0,0.0,0.0,nan,nan,nan,nan,nan,nan,nan,nan,nan,nan,nan,nan,0.0,0.0,0.0,nan,nan,0.20000000298023224,0.20000000298023224,0.09914876731392,0.0,0.0,0.0,0.0,0.0,0.0,0.0,0.0,0.0,0.0,0.0,0.0,0.019314898177981377,0.033522918820381165,0.0007324184475692164,7.3307600021362305,261,nan,-1.0,True,,False,0.07780987024307251,0.07780987024307251,40.0,40.0,1.0,0.0,0.0,0.0,0.0,0.0
305,7.691929817199707,-0.0,0.042368706315755844,-0.0,0.7607192397117615,0.06850384175777435,3.3513684272766113,1.0160760879516602,0.6569417715072632,0.6465478120163352,48.92234276621824,0.06850384175777435,3.3513684272766113,1.0160760879516602,0.6569417715072632,0.6465478120163352,48.92234276621824,0.033506911247968674,121,e2b686e0d9f728fb,-0.0,0.0,0.0,0.0,nan,nan,nan,nan,nan,nan,nan,nan,nan,nan,nan,nan,0.0,0.0,0.0,nan,nan,0.20000000298023224,0.20000000298023224,0.09914327696000001,0.0,0.0,0.0,0.0,0.0,0.0,0.0,0.0,0.0,0.0,0.0,0.0,0.019379116594791412,0.033506911247968674,0.0007285743249667576,7.3307600021362305,261,nan,-1.0,True,,False,0.07780987024307251,0.07780987024307251,40.0,40.0,1.0,0.0,0.0,0.0,0.0,0.0
306,7.706634521484375,-0.0,0.04256554692983627,-0.0,0.7621503472328186,0.06702345609664917,3.350550651550293,1.0160863399505615,0.6569148302078247,0.6465147737738384,49.990717379878646,0.06702345609664917,3.350550651550293,1.0160863399505615,0.6569148302078247,0.6465147737738384,49.990717379878646,0.03349178656935692,121,e2b686e0d9f728fb,-0.0,0.0,0.0,0.0,nan,nan,nan,nan,nan,nan,nan,nan,nan,nan,nan,nan,0.0,0.0,0.0,nan,nan,0.20000000298023224,0.20000000298023224,0.09913776974848,0.0,0.0,0.0,0.0,0.0,0.0,0.0,0.0,0.0,0.0,0.0,0.0,0.019443321973085403,0.03349178656935692,0.0007212323425846989,7.3307600021362305,261,nan,-1.0,True,,False,0.07780987024307251,0.07780987024307251,40.0,40.0,1.0,0.0,0.0,0.0,0.0,0.0
307,7.747479438781738,-0.0,0.04276265949010849,-0.0,0.7661954164505005,0.06541670858860016,3.349062919616699,1.0161396265029907,0.6569240689277649,0.6464899623967488,51.19583347854838,0.06541670858860016,3.349062919616699,1.0161396265029907,0.6569240689277649,0.6464899623967488,51.19583347854838,0.033476658165454865,121,e2b686e0d9f728fb,-0.0,0.0,0.0,0.0,nan,nan,nan,nan,nan,nan,nan,nan,nan,nan,nan,nan,0.0,0.0,0.0,nan,nan,0.20000000298023224,0.20000000298023224,0.09913224568704,0.0,0.0,0.0,0.0,0.0,0.0,0.0,0.0,0.0,0.0,0.0,0.0,0.019507521763443947,0.033476658165454865,0.0007014590119069908,7.3307600021362305,261,nan,-1.0,True,,False,0.07780987024307251,0.07780987024307251,40.0,40.0,1.0,0.0,0.0,0.0,0.0,0.0
308,7.770838737487793,-0.0,0.04296015575528145,-0.0,0.7684918642044067,0.06407883763313293,3.3478760719299316,1.016152262687683,0.656865119934082,0.6464239111141665,52.24620476259796,0.06407883763313293,3.3478760719299316,1.016152262687683,0.656865119934082,0.6464239111141665,52.24620476259796,0.033461518585681915,121,e2b686e0d9f728fb,-0.0,0.0,0.0,0.0,nan,nan,nan,nan,nan,nan,nan,nan,nan,nan,nan,nan,0.0,0.0,0.0,nan,nan,0.20000000298023224,0.20000000298023224,0.09912670478336,0.0,0.0,0.0,0.0,0.0,0.0,0.0,0.0,0.0,0.0,0.0,0.0,0.019571702927350998,0.033461518585681915,0.0006913427023391705,7.3307600021362305,261,nan,-1.0,True,,False,0.07780987024307251,0.07780987024307251,40.0,40.0,1.0,0.0,0.0,0.0,0.0,0.0
309,7.788597106933594,-0.0,0.04315795749425888,-0.0,0.7702280879020691,0.06249092519283295,3.3465962409973145,1.016198754310608,0.65688157081604,0.6464105255292015,53.55331563215732,0.06249092519283295,3.3465962409973145,1.016198754310608,0.65688157081604,0.6464105255292015,53.55331563215732,0.03344637528061867,121,e2b686e0d9f728fb,-0.0,0.0,0.0,0.0,nan,nan,nan,nan,nan,nan,nan,nan,nan,nan,nan,nan,0.0,0.0,0.0,nan,nan,0.20000000298023224,0.20000000298023224,0.09912114704512,0.0,0.0,0.0,0.0,0.0,0.0,0.0,0.0,0.0,0.0,0.0,0.0,0.0196358785033226,0.03344637528061867,0.0006864603119538515,7.3307600021362305,261,nan,-1.0,True,,False,0.07780987024307251,0.07780987024307251,40.0,40.0,1.0,0.0,0.0,0.0,0.0,0.0
310,7.792987823486328,-0.0,0.04335607588291168,-0.0,0.7706275582313538,0.06114988029003143,3.3451485633850098,1.0161893367767334,0.6567590832710266,0.6462959799934634,54.70409013916469,0.06114988029003143,3.3451485633850098,1.0161893367767334,0.6567590832710266,0.6462959799934634,54.70409013916469,0.03343122452497482,121,e2b686e0d9f728fb,-0.0,0.0,0.0,0.0,nan,nan,nan,nan,nan,nan,nan,nan,nan,nan,nan,nan,0.0,0.0,0.0,nan,nan,0.20000000298023224,0.20000000298023224,0.09911557248000001,0.0,0.0,0.0,0.0,0.0,0.0,0.0,0.0,0.0,0.0,0.0,0.0,0.01970004476606846,0.03343122452497482,0.0006839718762421398,7.3307600021362305,261,nan,-1.0,True,,False,0.07780987024307251,0.07780987024307251,40.0,40.0,1.0,0.0,0.0,0.0,0.0,0.0
311,7.834561347961426,-0.0,0.04355452582240105,-0.0,0.7747452259063721,0.059706173837184906,3.3439884185791016,1.0162506103515625,0.6568119525909424,0.6463090362757316,56.00741437054657,0.059706173837184906,3.3439884185791016,1.0162506103515625,0.6568119525909424,0.6463090362757316,56.00741437054657,0.03341606631875038,121,e2b686e0d9f728fb,-0.0,0.0,0.0,0.0,nan,nan,nan,nan,nan,nan,nan,nan,nan,nan,nan,nan,0.0,0.0,0.0,nan,nan,0.20000000298023224,0.20000000298023224,0.09910998109568,0.0,0.0,0.0,0.0,0.0,0.0,0.0,0.0,0.0,0.0,0.0,0.0,0.019764205440878868,0.03341606631875038,0.0006682496818939399,7.3307600021362305,261,nan,-1.0,True,,False,0.07780987024307251,0.07780987024307251,40.0,40.0,1.0,0.0,0.0,0.0,0.0,0.0
312,7.85812520980835,-0.0,0.043729934841394424,-0.0,0.7770665287971497,0.05825287476181984,3.3425469398498535,1.0162630081176758,0.656756579875946,0.6462466651151574,57.37994826034971,0.05825287476181984,3.3425469398498535,1.0162630081176758,0.656756579875946,0.6462466651151574,57.37994826034971,0.033402685075998306,121,e2b686e0d9f728fb,-0.0,0.0,0.0,0.0,nan,nan,nan,nan,nan,nan,nan,nan,nan,nan,nan,nan,0.0,0.0,0.0,nan,nan,0.20000000298023224,0.20000000298023224,0.09910437289984,0.0,0.0,0.0,0.0,0.0,0.0,0.0,0.0,0.0,0.0,0.0,0.0,0.019828349351882935,0.033402685075998306,0.0006602751641366922,7.3307600021362305,261,nan,-1.0,True,,False,0.07780987024307251,0.07780987024307251,40.0,40.0,1.0,0.0,0.0,0.0,0.0,0.0
313,7.8540263175964355,-0.0,0.043940696865320206,-0.0,0.7766144871711731,0.05680627375841141,3.3413872718811035,1.0162705183029175,0.6566711068153381,0.6461577847519587,58.82074374551522,0.05680627375841141,3.3413872718811035,1.0162705183029175,0.6566711068153381,0.6461577847519587,58.82074374551522,0.03338662162423134,121,e2b686e0d9f728fb,-0.0,0.0,0.0,0.0,nan,nan,nan,nan,nan,nan,nan,nan,nan,nan,nan,nan,0.0,0.0,0.0,nan,nan,0.20000000298023224,0.20000000298023224,0.09909874790016,0.0,0.0,0.0,0.0,0.0,0.0,0.0,0.0,0.0,0.0,0.0,0.0,0.019892489537596703,0.03338662162423134,0.0006643056381108181,7.3307600021362305,261,nan,-1.0,True,,False,0.07780987024307251,0.07780987024307251,40.0,40.0,1.0,0.0,0.0,0.0,0.0,0.0
314,7.877022743225098,-0.0,0.04412837699055672,-0.0,0.7788766026496887,0.05524620786309242,3.3400676250457764,1.0163120031356812,0.6566718220710754,0.6461321130174702,60.457862254055804,0.05524620786309242,3.3400676250457764,1.0163120031356812,0.6566718220710754,0.6461321130174702,60.457862254055804,0.03337233513593674,121,e2b686e0d9f728fb,-0.0,0.0,0.0,0.0,nan,nan,nan,nan,nan,nan,nan,nan,nan,nan,nan,nan,0.0,0.0,0.0,nan,nan,0.20000000298023224,0.20000000298023224,0.09909310610432,0.0,0.0,0.0,0.0,0.0,0.0,0.0,0.0,0.0,0.0,0.0,0.0,0.019956616684794426,0.03337233513593674,0.0006592687136617315,7.3307600021362305,261,nan,-1.0,True,,False,0.07780987024307251,0.07780987024307251,40.0,40.0,1.0,0.0,0.0,0.0,0.0,0.0
315,7.895982265472412,-0.0,0.044328078627586365,-0.0,0.7807326316833496,0.053943827748298645,3.3386425971984863,1.0163321495056152,0.656629204750061,0.6460773725100322,61.89109554436068,0.053943827748298645,3.3386425971984863,1.0163321495056152,0.656629204750061,0.6460773725100322,61.89109554436068,0.033357150852680206,121,e2b686e0d9f728fb,-0.0,0.0,0.0,0.0,nan,nan,nan,nan,nan,nan,nan,nan,nan,nan,nan,nan,0.0,0.0,0.0,nan,nan,0.20000000298023224,0.20000000298023224,0.09908744752,0.0,0.0,0.0,0.0,0.0,0.0,0.0,0.0,0.0,0.0,0.0,0.0,0.020020736381411552,0.033357150852680206,0.0006549437794092228,7.3307600021362305,261,nan,-1.0,True,,False,0.07780987024307251,0.07780987024307251,40.0,40.0,1.0,0.0,0.0,0.0,0.0,0.0
316,7.92272424697876,-0.0,0.04451632499694824,-0.0,0.7833691835403442,0.052385881543159485,3.337458610534668,1.0163544416427612,0.6566168069839478,0.6460510035481718,63.7091237604738,0.052385881543159485,3.337458610534668,1.0163544416427612,0.6566168069839478,0.6460510035481718,63.7091237604738,0.03334285318851471,121,e2b686e0d9f728fb,-0.0,0.0,0.0,0.0,nan,nan,nan,nan,nan,nan,nan,nan,nan,nan,nan,nan,0.0,0.0,0.0,nan,nan,0.20000000298023224,0.20000000298023224,0.09908177215488001,0.0,0.0,0.0,0.0,0.0,0.0,0.0,0.0,0.0,0.0,0.0,0.0,0.020084846764802933,0.03334285318851471,0.000647324666260829,7.3307600021362305,261,nan,-1.0,True,,False,0.07780987024307251,0.07780987024307251,40.0,40.0,1.0,0.0,0.0,0.0,0.0,0.0
317,7.954139709472656,-0.0,0.04471666365861893,-0.0,0.7864706516265869,0.051024775952100754,3.3357608318328857,1.016385555267334,0.6565629839897156,0.6459782713234483,65.37531561068126,0.051024775952100754,3.3357608318328857,1.016385555267334,0.6565629839897156,0.6459782713234483,65.37531561068126,0.033327654004096985,121,196e6b7e6c0744af,-0.0,0.0,0.0,0.0,nan,nan,nan,nan,nan,nan,nan,nan,nan,nan,nan,nan,0.0,0.0,0.0,nan,nan,0.20000000298023224,0.20000000298023224,0.09907608001664,0.0,0.0,0.0,0.0,0.0,0.0,0.0,0.0,0.0,0.0,0.0,0.0,0.02014893852174282,0.033327654004096985,0.0006382974770531291,7.3307600021362305,261,nan,-1.0,True,,False,0.07780987024307251,0.07780987024307251,40.0,40.0,1.0,0.0,0.0,0.0,0.0,0.0
318,7.97251033782959,-0.0,0.044917285442352295,-0.0,0.7882675528526306,0.04967542737722397,3.334460973739624,1.0164166688919067,0.6565245389938354,0.6459206731719342,67.12495794789002,0.04967542737722397,3.334460973739624,1.0164166688919067,0.6565245389938354,0.6459206731719342,67.12495794789002,0.03331245109438896,121,196e6b7e6c0744af,-0.0,0.0,0.0,0.0,nan,nan,nan,nan,nan,nan,nan,nan,nan,nan,nan,nan,0.0,0.0,0.0,nan,nan,0.20000000298023224,0.20000000298023224,0.09907037111296,0.0,0.0,0.0,0.0,0.0,0.0,0.0,0.0,0.0,0.0,0.0,0.0,0.020213022828102112,0.03331245109438896,0.0006354110400934587,7.3307600021362305,261,nan,-1.0,True,,False,0.07780987024307251,0.07780987024307251,40.0,40.0,1.0,0.0,0.0,0.0,0.0,0.0
319,8.007233619689941,-0.0,0.045094624161720276,-0.0,0.7917044162750244,0.04814465343952179,3.3330819606781006,1.0164459943771362,0.6565009951591492,0.6458788748156205,69.23057333593732,0.04814465343952179,3.3330819606781006,1.0164459943771362,0.6565009951591492,0.6458788748156205,69.23057333593732,0.033299028873443604,121,196e6b7e6c0744af,-0.0,0.0,0.0,0.0,nan,nan,nan,nan,nan,nan,nan,nan,nan,nan,nan,nan,0.0,0.0,0.0,nan,nan,0.20000000298023224,0.20000000298023224,0.09906464545152,0.0,0.0,0.0,0.0,0.0,0.0,0.0,0.0,0.0,0.0,0.0,0.0,0.020277095958590508,0.033299028873443604,0.0006253701130845002,7.3307600021362305,261,nan,-1.0,True,,False,0.07780987024307251,0.07780987024307251,40.0,40.0,1.0,0.0,0.0,0.0,0.0,0.0
320,8.06985092163086,-0.0,0.045284051448106766,-0.0,0.7979282140731812,0.04674545302987099,3.3321609497070312,1.0164765119552612,0.6565369963645935,0.6458949013014578,71.28310314112764,0.04674545302987099,3.3321609497070312,1.0164765119552612,0.6565369963645935,0.6458949013014578,71.28310314112764,0.03328470513224602,121,196e6b7e6c0744af,-0.0,0.0,0.0,0.0,nan,nan,nan,nan,nan,nan,nan,nan,nan,nan,nan,nan,0.0,0.0,0.0,nan,nan,0.20000000298023224,0.20000000298023224,0.09905890304000001,0.0,0.0,0.0,0.0,0.0,0.0,0.0,0.0,0.0,0.0,0.0,0.0,0.020341163501143456,0.03328470513224602,0.0006111790999057121,7.3307600021362305,261,nan,-1.0,True,,False,0.07780987024307251,0.07780987024307251,40.0,40.0,1.0,0.0,0.0,0.0,0.0,0.0
321,8.055288314819336,-0.0,0.04548561945557594,-0.0,0.7964317202568054,0.045395076274871826,3.330526113510132,1.0164999961853027,0.6564276814460754,0.6457724386714233,73.36756289037727,0.045395076274871826,3.330526113510132,1.0164999961853027,0.6564276814460754,0.6457724386714233,73.36756289037727,0.033269479870796204,121,196e6b7e6c0744af,-0.0,0.0,0.0,0.0,nan,nan,nan,nan,nan,nan,nan,nan,nan,nan,nan,nan,0.0,0.0,0.0,nan,nan,0.20000000298023224,0.20000000298023224,0.09905314388608,0.0,0.0,0.0,0.0,0.0,0.0,0.0,0.0,0.0,0.0,0.0,0.0,0.02040521800518036,0.033269479870796204,0.0006172178536871797,7.3307600021362305,261,nan,-1.0,True,,False,0.07780987024307251,0.07780987024307251,40.0,40.0,1.0,0.0,0.0,0.0,0.0,0.0
322,8.0858736038208,-0.0,0.045687492936849594,-0.0,0.7994498610496521,0.04408840090036392,3.3296799659729004,1.0165300369262695,0.6564515233039856,0.6457768088082566,75.5228109428985,0.04408840090036392,3.3296799659729004,1.0165300369262695,0.6564515233039856,0.6457768088082566,75.5228109428985,0.03325424715876579,121,196e6b7e6c0744af,-0.0,0.0,0.0,0.0,nan,nan,nan,nan,nan,nan,nan,nan,nan,nan,nan,nan,0.0,0.0,0.0,nan,nan,0.20000000298023224,0.20000000298023224,0.09904736799744,0.0,0.0,0.0,0.0,0.0,0.0,0.0,0.0,0.0,0.0,0.0,0.0,0.020469266921281815,0.03325424715876579,0.0006117664966041048,7.3307600021362305,261,nan,-1.0,True,,False,0.07780987024307251,0.07780987024307251,40.0,40.0,1.0,0.0,0.0,0.0,0.0,0.0
323,8.149529457092285,-0.0,0.04587780684232712,-0.0,0.8057773113250732,0.04269801080226898,3.327937126159668,1.0165809392929077,0.6564586162567139,0.6457514506550946,77.94126854225304,0.04269801080226898,3.327937126159668,1.0165809392929077,0.6564586162567139,0.6457514506550946,77.94126854225304,0.033239904791116714,121,196e6b7e6c0744af,-0.0,0.0,0.0,0.0,nan,nan,nan,nan,nan,nan,nan,nan,nan,nan,nan,nan,0.0,0.0,0.0,nan,nan,0.20000000298023224,0.20000000298023224,0.09904157538176,0.0,0.0,0.0,0.0,0.0,0.0,0.0,0.0,0.0,0.0,0.0,0.0,0.020533302798867226,0.033239904791116714,0.000598220628035051,7.3307600021362305,261,nan,-1.0,True,,False,0.07780987024307251,0.07780987024307251,40.0,40.0,1.0,0.0,0.0,0.0,0.0,0.0
324,8.189520835876465,-0.0,0.046056490391492844,-0.0,0.8097407817840576,0.04131905734539032,3.3271024227142334,1.016605019569397,0.6564403176307678,0.6457181550301768,80.52222476671325,0.04131905734539032,3.3271024227142334,1.016605019569397,0.6564403176307678,0.6457181550301768,80.52222476671325,0.03322645276784897,121,196e6b7e6c0744af,-0.0,0.0,0.0,0.0,nan,nan,nan,nan,nan,nan,nan,nan,nan,nan,nan,nan,0.0,0.0,0.0,nan,nan,0.20000000298023224,0.20000000298023224,0.09903576604672,0.0,0.0,0.0,0.0,0.0,0.0,0.0,0.0,0.0,0.0,0.0,0.0,0.02059733122587204,0.03322645276784897,0.0005901557265133306,7.3307600021362305,261,nan,-1.0,True,,False,0.07780987024307251,0.07780987024307251,40.0,40.0,1.0,0.0,0.0,0.0,0.0,0.0
325,8.223946571350098,-0.0,0.04625926911830902,-0.0,0.8131427764892578,0.03994787484407425,3.325704336166382,1.0166324377059937,0.656403660774231,0.645664683152733,83.25109531226308,0.03994787484407425,3.325704336166382,1.0166324377059937,0.656403660774231,0.645664683152733,83.25109531226308,0.033211201429367065,121,196e6b7e6c0744af,-0.0,0.0,0.0,0.0,nan,nan,nan,nan,nan,nan,nan,nan,nan,nan,nan,nan,0.0,0.0,0.0,nan,nan,0.20000000298023224,0.20000000298023224,0.09902994,0.0,0.0,0.0,0.0,0.0,0.0,0.0,0.0,0.0,0.0,0.0,0.0,0.02066134475171566,0.033211201429367065,0.0005847489790085092,7.3307600021362305,261,nan,-1.0,True,,False,0.07780987024307251,0.07780987024307251,40.0,40.0,1.0,0.0,0.0,0.0,0.0,0.0
326,8.217816352844238,-0.0,0.046450402587652206,-0.0,0.8124915361404419,0.038580648601055145,3.3245322704315186,1.016638159751892,0.6563587784767151,0.6456169013338018,86.17097925980943,0.038580648601055145,3.3245322704315186,1.016638159751892,0.6563587784767151,0.6456169013338018,86.17097925980943,0.033196840435266495,121,1f1f39eaf0e6111d,-0.0,0.0,0.0,0.0,nan,nan,nan,nan,nan,nan,nan,nan,nan,nan,nan,nan,0.0,0.0,0.0,nan,nan,0.20000000298023224,0.20000000298023224,0.09902409724928,0.0,0.0,0.0,0.0,0.0,0.0,0.0,0.0,0.0,0.0,0.0,0.0,0.020725352689623833,0.033196840435266495,0.0005908469970563601,7.3307600021362305,261,nan,-1.0,True,,False,0.07780987024307251,0.07780987024307251,40.0,40.0,1.0,0.0,0.0,0.0,0.0,0.0
327,8.258257865905762,-0.0,0.04661791771650314,-0.0,0.8165021538734436,0.03722256422042847,3.3231472969055176,1.0166752338409424,0.6563454866409302,0.6455802844348765,89.27776381084756,0.03722256422042847,3.3231472969055176,1.0166752338409424,0.6563454866409302,0.6455802844348765,89.27776381084756,0.033184271305799484,121,1f1f39eaf0e6111d,-0.0,0.0,0.0,0.0,nan,nan,nan,nan,nan,nan,nan,nan,nan,nan,nan,nan,0.0,0.0,0.0,nan,nan,0.20000000298023224,0.20000000298023224,0.09901823780224002,0.0,0.0,0.0,0.0,0.0,0.0,0.0,0.0,0.0,0.0,0.0,0.0,0.02078934572637081,0.033184271305799484,0.0005845094428877928,7.3307600021362305,261,nan,-1.0,True,,False,0.07780987024307251,0.07780987024307251,40.0,40.0,1.0,0.0,0.0,0.0,0.0,0.0
328,8.34218692779541,-0.0,0.046797625720500946,-0.0,0.8248591423034668,0.035750892013311386,3.3219571113586426,1.0167193412780762,0.6563910841941833,0.645597125524396,92.91955876574364,0.035750892013311386,3.3219571113586426,1.0167193412780762,0.6563910841941833,0.645597125524396,92.91955876574364,0.03317079693078995,121,1f1f39eaf0e6111d,-0.0,0.0,0.0,0.0,nan,nan,nan,nan,nan,nan,nan,nan,nan,nan,nan,nan,0.0,0.0,0.0,nan,nan,0.20000000298023224,0.20000000298023224,0.09901236166656001,0.0,0.0,0.0,0.0,0.0,0.0,0.0,0.0,0.0,0.0,0.0,0.0,0.020853331312537193,0.03317079693078995,0.0005708041921934637,7.3307600021362305,261,nan,-1.0,True,,False,0.07780987024307251,0.07780987024307251,40.0,40.0,1.0,0.0,0.0,0.0,0.0,0.0
329,8.379709243774414,-0.0,0.046989601105451584,-0.0,0.8285729885101318,0.03441489487886429,3.3205676078796387,1.0167486667633057,0.6563377976417542,0.6455260961699855,96.48635044702537,0.03441489487886429,3.3205676078796387,1.0167486667633057,0.6563377976417542,0.6455260961699855,96.48635044702537,0.03315597027540207,121,1f1f39eaf0e6111d,-0.0,0.0,0.0,0.0,nan,nan,nan,nan,nan,nan,nan,nan,nan,nan,nan,nan,0.0,0.0,0.0,nan,nan,0.20000000298023224,0.20000000298023224,0.09900646884992,0.0,0.0,0.0,0.0,0.0,0.0,0.0,0.0,0.0,0.0,0.0,0.0,0.020917309448122978,0.03315597027540207,0.0005666341023697896,7.3307600021362305,261,nan,-1.0,True,,False,0.07780987024307251,0.07780987024307251,40.0,40.0,1.0,0.0,0.0,0.0,0.0,0.0
330,8.372998237609863,-0.0,0.047193802893161774,-0.0,0.8278610706329346,0.03306865319609642,3.3193697929382324,1.0167659521102905,0.6562950611114502,0.6454730901927965,100.378136758532,0.03306865319609642,3.3193697929382324,1.0167659521102905,0.6562950611114502,0.6454730901927965,100.378136758532,0.033141136169433594,121,1f1f39eaf0e6111d,-0.0,0.0,0.0,0.0,nan,nan,nan,nan,nan,nan,nan,nan,nan,nan,nan,nan,0.0,0.0,0.0,nan,nan,0.20000000298023224,0.20000000298023224,0.09900055936000002,0.0,0.0,0.0,0.0,0.0,0.0,0.0,0.0,0.0,0.0,0.0,0.0,0.02098126895725727,0.033141136169433594,0.0005698473783013469,7.3307600021362305,261,nan,-1.0,True,,False,0.07780987024307251,0.07780987024307251,40.0,40.0,1.0,0.0,0.0,0.0,0.0,0.0
331,8.413857460021973,-0.0,0.04737432301044464,-0.0,0.8319109082221985,0.03186613321304321,3.3179733753204346,1.0167889595031738,0.6562353372573853,0.645399747040956,104.12224643441665,0.03186613321304321,3.3179733753204346,1.0167889595031738,0.6562353372573853,0.645399747040956,104.12224643441665,0.033127643167972565,121,1f1f39eaf0e6111d,-0.0,0.0,0.0,0.0,nan,nan,nan,nan,nan,nan,nan,nan,nan,nan,nan,nan,0.0,0.0,0.0,nan,nan,0.20000000298023224,0.20000000298023224,0.09899463320448,0.0,0.0,0.0,0.0,0.0,0.0,0.0,0.0,0.0,0.0,0.0,0.0,0.021045222878456116,0.033127643167972565,0.0005658253016918025,7.3307600021362305,261,nan,-1.0,True,,False,0.07780987024307251,0.07780987024307251,40.0,40.0,1.0,0.0,0.0,0.0,0.0,0.0
332,8.458972930908203,-0.0,0.04754306748509407,-0.0,0.8363886475563049,0.030543141067028046,3.3167638778686523,1.0168312788009644,0.6562352776527405,0.6453728276598312,108.59275640936511,0.030543141067028046,3.3167638778686523,1.0168312788009644,0.6562352776527405,0.6453728276598312,108.59275640936511,0.033115044236183167,121,1f1f39eaf0e6111d,-0.0,0.0,0.0,0.0,nan,nan,nan,nan,nan,nan,nan,nan,nan,nan,nan,nan,0.0,0.0,0.0,nan,nan,0.20000000298023224,0.20000000298023224,0.09898869039104001,0.0,0.0,0.0,0.0,0.0,0.0,0.0,0.0,0.0,0.0,0.0,0.0,0.021109167486429214,0.033115044236183167,0.0005607308626167651,7.3307600021362305,261,nan,-1.0,True,,False,0.07780987024307251,0.07780987024307251,40.0,40.0,1.0,0.0,0.0,0.0,0.0,0.0
333,8.54256820678711,-0.0,0.047724008560180664,-0.0,0.84471195936203,0.029144350439310074,3.31551456451416,1.01687490940094,0.6562870144844055,0.6453960152001749,113.76182740522411,0.029144350439310074,3.31551456451416,1.01687490940094,0.6562870144844055,0.6453960152001749,113.76182740522411,0.03310154378414154,121,1f1f39eaf0e6111d,-0.0,0.0,0.0,0.0,nan,nan,nan,nan,nan,nan,nan,nan,nan,nan,nan,nan,0.0,0.0,0.0,nan,nan,0.20000000298023224,0.20000000298023224,0.09898273092736,0.0,0.0,0.0,0.0,0.0,0.0,0.0,0.0,0.0,0.0,0.0,0.0,0.021173102781176567,0.03310154378414154,0.0005506958113983274,7.3307600021362305,261,nan,-1.0,True,,False,0.07780987024307251,0.07780987024307251,40.0,40.0,1.0,0.0,0.0,0.0,0.0,0.0
334,8.549346923828125,-0.0,0.047917336225509644,-0.0,0.8453512191772461,0.02779068797826767,3.3141987323760986,1.0168784856796265,0.6561897993087769,0.6452981438290684,119.25572821255103,0.02779068797826767,3.3141987323760986,1.0168784856796265,0.6561897993087769,0.6452981438290684,119.25572821255103,0.03308713436126709,121,1f1f39eaf0e6111d,-0.0,0.0,0.0,0.0,nan,nan,nan,nan,nan,nan,nan,nan,nan,nan,nan,nan,0.0,0.0,0.0,nan,nan,0.20000000298023224,0.20000000298023224,0.09897675482112,0.0,0.0,0.0,0.0,0.0,0.0,0.0,0.0,0.0,0.0,0.0,0.0,0.021237028762698174,0.03308713436126709,0.000550223474874656,7.3307600021362305,261,nan,-1.0,True,,False,0.07780987024307251,0.07780987024307251,40.0,40.0,1.0,0.0,0.0,0.0,0.0,0.0
335,8.656378746032715,-0.0,0.048098791390657425,-0.0,0.8560181856155396,0.026482418179512024,3.3129374980926514,1.016932487487793,0.6562544107437134,0.6453274124075921,125.09950849789416,0.026482418179512024,3.3129374980926514,1.016932487487793,0.6562544107437134,0.6453274124075921,125.09950849789416,0.03307362273335457,121,1f1f39eaf0e6111d,-0.0,0.0,0.0,0.0,nan,nan,nan,nan,nan,nan,nan,nan,nan,nan,nan,nan,0.0,0.0,0.0,nan,nan,0.20000000298023224,0.20000000298023224,0.09897076208,0.0,0.0,0.0,0.0,0.0,0.0,0.0,0.0,0.0,0.0,0.0,0.0,0.021300941705703735,0.03307362273335457,0.0005394874051489751,7.3307600021362305,261,nan,-1.0,True,,False,0.07780987024307251,0.07780987024307251,40.0,40.0,1.0,0.0,0.0,0.0,0.0,0.0
336,8.655641555786133,-0.0,0.04826844111084938,-0.0,0.8559104800224304,0.025314796715974808,3.3115482330322266,1.0169435739517212,0.6561710238456726,0.645238379643691,130.81472745710363,0.025314796715974808,3.3115482330322266,1.0169435739517212,0.6561710238456726,0.645238379643691,130.81472745710363,0.03306100517511368,121,1f1f39eaf0e6111d,-0.0,0.0,0.0,0.0,nan,nan,nan,nan,nan,nan,nan,nan,nan,nan,nan,nan,0.0,0.0,0.0,nan,nan,0.20000000298023224,0.20000000298023224,0.09896475271168,0.0,0.0,0.0,0.0,0.0,0.0,0.0,0.0,0.0,0.0,0.0,0.0,0.021364843472838402,0.03306100517511368,0.0005396239671426883,7.3307600021362305,261,nan,-1.0,True,,False,0.07780987024307251,0.07780987024307251,40.0,40.0,1.0,0.0,0.0,0.0,0.0,0.0
337,8.711329460144043,-0.0,0.04845044016838074,-0.0,0.8614428639411926,0.024033404886722565,3.3103864192962646,1.016983151435852,0.6561720967292786,0.6452143241535971,137.74104979711436,0.024033404886722565,3.3103864192962646,1.016983151435852,0.6561720967292786,0.6452143241535971,137.74104979711436,0.03304747864603996,121,1f1f39eaf0e6111d,-0.0,0.0,0.0,0.0,nan,nan,nan,nan,nan,nan,nan,nan,nan,nan,nan,nan,0.0,0.0,0.0,nan,nan,0.20000000298023224,0.20000000298023224,0.09895872672384,0.0,0.0,0.0,0.0,0.0,0.0,0.0,0.0,0.0,0.0,0.0,0.0,0.02142874337732792,0.03304747864603996,0.0005345451581888483,7.3307600021362305,261,nan,-1.0,True,,False,0.07780987024307251,0.07780987024307251,40.0,40.0,1.0,0.0,0.0,0.0,0.0,0.0
338,8.765371322631836,-0.0,0.048644788563251495,-0.0,0.8668081164360046,0.022689608857035637,3.3091320991516113,1.0170077085494995,0.6561321020126343,0.6451594186522326,145.84350572114465,0.022689608857035637,3.3091320991516113,1.0170077085494995,0.6561321020126343,0.6451594186522326,145.84350572114465,0.03303304687142372,121,f14096176c8e0b5e,-0.0,0.0,0.0,0.0,nan,nan,nan,nan,nan,nan,nan,nan,nan,nan,nan,nan,0.0,0.0,0.0,nan,nan,0.20000000298023224,0.20000000298023224,0.09895268412416,0.0,0.0,0.0,0.0,0.0,0.0,0.0,0.0,0.0,0.0,0.0,0.0,0.021492622792720795,0.03303304687142372,0.0005289184177854622,7.3307600021362305,261,nan,-1.0,True,,False,0.07780987024307251,0.07780987024307251,40.0,40.0,1.0,0.0,0.0,0.0,0.0,0.0
339,8.874442100524902,-0.0,0.04881511628627777,-0.0,0.8776811957359314,0.021365724503993988,3.307363510131836,1.017059326171875,0.6561635136604309,0.645157560405227,154.79762970422914,0.021365724503993988,3.307363510131836,1.017059326171875,0.6561635136604309,0.645157560405227,154.79762970422914,0.03302041441202164,121,f14096176c8e0b5e,-0.0,0.0,0.0,0.0,nan,nan,nan,nan,nan,nan,nan,nan,nan,nan,nan,nan,0.0,0.0,0.0,nan,nan,0.20000000298023224,0.20000000298023224,0.09894662492032001,0.0,0.0,0.0,0.0,0.0,0.0,0.0,0.0,0.0,0.0,0.0,0.0,0.021556494757533073,0.03302041441202164,0.0005205003503760963,7.3307600021362305,261,nan,-1.0,True,,False,0.07780987024307251,0.07780987024307251,40.0,40.0,1.0,0.0,0.0,0.0,0.0,0.0
340,8.902146339416504,-0.0,0.04898563399910927,-0.0,0.88041752576828,0.02022717520594597,3.3060855865478516,1.0170743465423584,0.6561005115509033,0.6450860881324751,163.44771590132845,0.02022717520594597,3.3060855865478516,1.0170743465423584,0.6561005115509033,0.6450860881324751,163.44771590132845,0.033007778227329254,121,f37a6232828be61d,-0.0,0.0,0.0,0.0,nan,nan,nan,nan,nan,nan,nan,nan,nan,nan,nan,nan,0.0,0.0,0.0,nan,nan,0.20000000298023224,0.20000000298023224,0.09894054912,0.0,0.0,0.0,0.0,0.0,0.0,0.0,0.0,0.0,0.0,0.0,0.0,0.021620366722345352,0.033007778227329254,0.0005165575794308097,7.3307600021362305,261,nan,-1.0,True,,False,0.07780987024307251,0.07780987024307251,40.0,40.0,1.0,0.0,0.0,0.0,0.0,0.0
341,9.023528099060059,-0.0,0.04916861280798912,-0.0,0.8925190567970276,0.018971068784594536,3.305372714996338,1.0171207189559937,0.656150758266449,0.6451060784013365,174.2322877285895,0.018971068784594536,3.305372714996338,1.0171207189559937,0.656150758266449,0.6451060784013365,174.2322877285895,0.03299422934651375,121,386dae823997bb5c,-0.0,0.0,0.0,0.0,nan,nan,nan,nan,nan,nan,nan,nan,nan,nan,nan,nan,0.0,0.0,0.0,nan,nan,0.20000000298023224,0.20000000298023224,0.09893445673088001,0.0,0.0,0.0,0.0,0.0,0.0,0.0,0.0,0.0,0.0,0.0,0.0,0.021684223785996437,0.03299422934651375,0.0005087248996460403,7.3307600021362305,261,nan,-1.0,True,,False,0.07780987024307251,0.07780987024307251,40.0,40.0,1.0,0.0,0.0,0.0,0.0,0.0
342,9.032768249511719,-0.0,0.04933958873152733,-0.0,0.8934088945388794,0.0177319198846817,3.3040425777435303,1.017134666442871,0.6560753583908081,0.6450231026784667,186.33304228933696,0.0177319198846817,3.3040425777435303,1.017134666442871,0.6560753583908081,0.6450231026784667,186.33304228933696,0.03298158198595047,121,386dae823997bb5c,-0.0,0.0,0.0,0.0,nan,nan,nan,nan,nan,nan,nan,nan,nan,nan,nan,nan,0.0,0.0,0.0,nan,nan,0.20000000298023224,0.20000000298023224,0.09892834776064001,0.0,0.0,0.0,0.0,0.0,0.0,0.0,0.0,0.0,0.0,0.0,0.0,0.02174806222319603,0.03298158198595047,0.0005052173846706864,7.3307600021362305,261,nan,-1.0,True,,False,0.07780987024307251,0.07780987024307251,40.0,40.0,1.0,0.0,0.0,0.0,0.0,0.0
343,9.134360313415527,-0.0,0.04951077327132225,-0.0,0.9035338759422302,0.016504861414432526,3.3026208877563477,1.0171778202056885,0.656075656414032,0.6449960305675597,200.09988601712226,0.016504861414432526,3.3026208877563477,1.0171778202056885,0.656075656414032,0.6449960305675597,200.09988601712226,0.03296893090009689,121,386dae823997bb5c,-0.0,0.0,0.0,0.0,nan,nan,nan,nan,nan,nan,nan,nan,nan,nan,nan,nan,0.0,0.0,0.0,nan,nan,0.20000000298023224,0.20000000298023224,0.09892222221696001,0.0,0.0,0.0,0.0,0.0,0.0,0.0,0.0,0.0,0.0,0.0,0.0,0.021811900660395622,0.03296893090009689,0.0004981115844202577,7.3307600021362305,261,nan,-1.0,True,,False,0.07780987024307251,0.07780987024307251,40.0,40.0,1.0,0.0,0.0,0.0,0.0,0.0
344,9.198549270629883,-0.0,0.04970669746398926,-0.0,0.9099135994911194,0.015279051847755909,3.300992488861084,1.0172065496444702,0.6560381054878235,0.6449408979101827,216.04694595927515,0.015279051847755909,3.300992488861084,1.0172065496444702,0.6560381054878235,0.6449408979101827,216.04694595927515,0.03295446187257767,121,7666b9a33968ad26,-0.0,0.0,0.0,0.0,nan,nan,nan,nan,nan,nan,nan,nan,nan,nan,nan,nan,0.0,0.0,0.0,nan,nan,0.20000000298023224,0.20000000298023224,0.09891608010752001,0.0,0.0,0.0,0.0,0.0,0.0,0.0,0.0,0.0,0.0,0.0,0.0,0.02187572978436947,0.03295446187257767,0.0004912944636998873,7.3307600021362305,261,nan,-1.0,True,,False,0.07780987024307251,0.07780987024307251,40.0,40.0,1.0,0.0,0.0,0.0,0.0,0.0
345,9.298528671264648,-0.0,0.049853838980197906,-0.0,0.9198821187019348,0.014053961262106895,3.300200939178467,1.0172443389892578,0.6560889482498169,0.6449669200437254,234.82354032643164,0.014053961262106895,3.300200939178467,1.0172443389892578,0.6560889482498169,0.6449669200437254,234.82354032643164,0.03294361010193825,121,7666b9a33968ad26,-0.0,0.0,0.0,0.0,nan,nan,nan,nan,nan,nan,nan,nan,nan,nan,nan,nan,0.0,0.0,0.0,nan,nan,0.20000000298023224,0.20000000298023224,0.09890992144,0.0,0.0,0.0,0.0,0.0,0.0,0.0,0.0,0.0,0.0,0.0,0.0,0.02193954400718212,0.03294361010193825,0.00048443022342326003,7.3307600021362305,261,nan,-1.0,True,,False,0.07780987024307251,0.07780987024307251,40.0,40.0,1.0,0.0,0.0,0.0,0.0,0.0
346,9.424744606018066,-0.0,0.05005024001002312,-0.0,0.9324644207954407,0.012852097861468792,3.298943042755127,1.0172744989395142,0.6560803651809692,0.6449393608754749,256.6851792068528,0.012852097861468792,3.298943042755127,1.0172744989395142,0.6560803651809692,0.6449393608754749,256.6851792068528,0.032929129898548126,121,7666b9a33968ad26,-0.0,0.0,0.0,0.0,nan,nan,nan,nan,nan,nan,nan,nan,nan,nan,nan,nan,0.0,0.0,0.0,nan,nan,0.20000000298023224,0.20000000298023224,0.09890374622208001,0.0,0.0,0.0,0.0,0.0,0.0,0.0,0.0,0.0,0.0,0.0,0.0,0.022003350779414177,0.032929129898548126,0.00047752951832080726,7.3307600021362305,261,nan,-1.0,True,,False,0.07780987024307251,0.07780987024307251,40.0,40.0,1.0,0.0,0.0,0.0,0.0,0.0
347,9.569066047668457,-0.0,0.05023462325334549,-0.0,0.9468596577644348,0.011660154908895493,3.297656774520874,1.0173306465148926,0.6561233401298523,0.6449460088296352,282.814147863945,0.011660154908895493,3.297656774520874,1.0173306465148926,0.6561233401298523,0.6449460088296352,282.814147863945,0.03291555121541023,121,7666b9a33968ad26,-0.0,0.0,0.0,0.0,nan,nan,nan,nan,nan,nan,nan,nan,nan,nan,nan,nan,0.0,0.0,0.0,nan,nan,0.20000000298023224,0.20000000298023224,0.09889755446144,0.0,0.0,0.0,0.0,0.0,0.0,0.0,0.0,0.0,0.0,0.0,0.0,0.022067144513130188,0.03291555121541023,0.00046919134956624475,7.3307600021362305,261,nan,-1.0,True,,False,0.07780987024307251,0.07780987024307251,40.0,40.0,1.0,0.0,0.0,0.0,0.0,0.0
348,9.65782642364502,-0.0,0.05038236454129219,-0.0,0.9557061791419983,0.010474659502506256,3.2962746620178223,1.017338752746582,0.6560320258140564,0.644851111827717,314.69038790512735,0.010474659502506256,3.2962746620178223,1.017338752746582,0.6560320258140564,0.644851111827717,314.69038790512735,0.03290468454360962,121,7666b9a33968ad26,-0.0,0.0,0.0,0.0,nan,nan,nan,nan,nan,nan,nan,nan,nan,nan,nan,nan,0.0,0.0,0.0,nan,nan,0.20000000298023224,0.20000000298023224,0.09889134616576002,0.0,0.0,0.0,0.0,0.0,0.0,0.0,0.0,0.0,0.0,0.0,0.0,0.022130927070975304,0.03290468454360962,0.0004618715697688458,7.3307600021362305,261,nan,-1.0,True,,False,0.07780987024307251,0.07780987024307251,40.0,40.0,1.0,0.0,0.0,0.0,0.0,0.0
349,9.873379707336426,-0.0,0.050579462200403214,-0.0,0.9772220253944397,0.009179780259728432,3.294675827026367,1.0174003839492798,0.6560824513435364,0.6448616117057058,358.9057399859629,0.009179780259728432,3.294675827026367,1.0174003839492798,0.6560824513435364,0.6448616117057058,358.9057399859629,0.0328901931643486,121,7666b9a33968ad26,-0.0,0.0,0.0,0.0,nan,nan,nan,nan,nan,nan,nan,nan,nan,nan,nan,nan,0.0,0.0,0.0,nan,nan,0.20000000298023224,0.20000000298023224,0.09888512134272001,0.0,0.0,0.0,0.0,0.0,0.0,0.0,0.0,0.0,0.0,0.0,0.0,0.02219470590353012,0.0328901931643486,0.0004540966424428916,7.3307600021362305,261,nan,-1.0,True,,False,0.07780987024307251,0.07780987024307251,40.0,40.0,1.0,0.0,0.0,0.0,0.0,0.0
350,10.008706092834473,-0.0,0.050715234130620956,-0.0,0.9907275438308716,0.008140058256685734,3.293811321258545,1.0174392461776733,0.6561119556427002,0.6448659790818848,404.6422295016396,0.008140058256685734,3.293811321258545,1.0174392461776733,0.6561119556427002,0.6448659790818848,404.6422295016396,0.03288022428750992,121,7666b9a33968ad26,-0.0,0.0,0.0,0.0,nan,nan,nan,nan,nan,nan,nan,nan,nan,nan,nan,nan,0.0,0.0,0.0,nan,nan,0.20000000298023224,0.20000000298023224,0.09887888,0.0,0.0,0.0,0.0,0.0,0.0,0.0,0.0,0.0,0.0,0.0,0.0,0.022258469834923744,0.03288022428750992,0.0004466480886549107,7.3307600021362305,261,nan,-1.0,True,,False,0.07780987024307251,0.07780987024307251,40.0,40.0,1.0,0.0,0.0,0.0,0.0,0.0
351,10.179924964904785,-0.0,0.05088816583156586,-0.0,1.007814884185791,0.006867477670311928,3.2921230792999268,1.0174486637115479,0.6560117602348328,0.6447615330701497,479.3787817515241,0.006867477670311928,3.2921230792999268,1.0174486637115479,0.6560117602348328,0.6447615330701497,479.3787817515241,0.03286753222346306,121,7666b9a33968ad26,-0.0,0.0,0.0,0.0,nan,nan,nan,nan,nan,nan,nan,nan,nan,nan,nan,nan,0.0,0.0,0.0,nan,nan,0.20000000298023224,0.20000000298023224,0.09887262214528,0.0,0.0,0.0,0.0,0.0,0.0,0.0,0.0,0.0,0.0,0.0,0.0,0.02232222817838192,0.03286753222346306,0.00043667405111591506,7.3307600021362305,261,nan,-1.0,True,,False,0.07780987024307251,0.07780987024307251,40.0,40.0,1.0,0.0,0.0,0.0,0.0,0.0
352,10.452455520629883,-0.0,0.051073674112558365,-0.0,1.0350308418273926,0.005845395848155022,3.291419744491577,1.0175000429153442,0.6560747027397156,0.6447908354479557,563.0790163732788,0.005845395848155022,3.291419744491577,1.0175000429153442,0.6560747027397156,0.6447908354479557,563.0790163732788,0.03285347297787666,121,7666b9a33968ad26,-0.0,0.0,0.0,0.0,nan,nan,nan,nan,nan,nan,nan,nan,nan,nan,nan,nan,0.0,0.0,0.0,nan,nan,0.20000000298023224,0.20000000298023224,0.09886634778624,0.0,0.0,0.0,0.0,0.0,0.0,0.0,0.0,0.0,0.0,0.0,0.0,0.0223859753459692,0.03285347297787666,0.0004302389611439139,7.3307600021362305,261,nan,-1.0,True,,False,0.07780987024307251,0.07780987024307251,40.0,40.0,1.0,0.0,0.0,0.0,0.0,0.0
353,10.723838806152344,-0.0,0.05122233182191849,-0.0,1.0621393918991089,0.004715643357485533,3.2900633811950684,1.017528772354126,0.6560629606246948,0.6447610902508889,697.6913077984316,0.004715643357485533,3.2900633811950684,1.017528772354126,0.6560629606246948,0.6447610902508889,697.6913077984316,0.03284303843975067,121,7666b9a33968ad26,-0.0,0.0,0.0,0.0,nan,nan,nan,nan,nan,nan,nan,nan,nan,nan,nan,nan,0.0,0.0,0.0,nan,nan,0.20000000298023224,0.20000000298023224,0.09886005693056,0.0,0.0,0.0,0.0,0.0,0.0,0.0,0.0,0.0,0.0,0.0,0.0,0.022449715062975883,0.03284303843975067,0.00042229349742228806,7.3307600021362305,261,nan,-1.0,True,,False,0.07780987024307251,0.07780987024307251,40.0,40.0,1.0,0.0,0.0,0.0,0.0,0.0
354,11.065528869628906,-0.0,0.051383502781391144,-0.0,1.0962761640548706,0.003596958238631487,3.2887096405029297,1.0175461769104004,0.655986487865448,0.6446749078820534,914.3029811083281,0.003596958238631487,3.2887096405029297,1.0175461769104004,0.655986487865448,0.6446749078820534,914.3029811083281,0.03283124044537544,121,7666b9a33968ad26,-0.0,0.0,0.0,0.0,nan,nan,nan,nan,nan,nan,nan,nan,nan,nan,nan,nan,0.0,0.0,0.0,nan,nan,0.20000000298023224,0.20000000298023224,0.09885374958592001,0.0,0.0,0.0,0.0,0.0,0.0,0.0,0.0,0.0,0.0,0.0,0.0,0.022513439878821373,0.03283124044537544,0.0004145714631249575,7.3307600021362305,261,nan,-1.0,True,,False,0.07780987024307251,0.07780987024307251,40.0,40.0,1.0,0.0,0.0,0.0,0.0,0.0
355,11.588822364807129,-0.0,0.051569659262895584,-0.0,1.1485683917999268,0.0024999596644192934,3.2871150970458984,1.0175728797912598,0.6559666395187378,0.6446384849145151,1314.867253192043,0.0024999596644192934,3.2871150970458984,1.0175728797912598,0.6559666395187378,0.6446384849145151,1314.867253192043,0.032817620784044266,121,7666b9a33968ad26,-0.0,0.0,0.0,0.0,nan,nan,nan,nan,nan,nan,nan,nan,nan,nan,nan,nan,0.0,0.0,0.0,nan,nan,0.20000000298023224,0.20000000298023224,0.09884742576,0.0,0.0,0.0,0.0,0.0,0.0,0.0,0.0,0.0,0.0,0.0,0.0,0.022577159106731415,0.032817620784044266,0.0004072100086887076,7.3307600021362305,261,nan,-1.0,True,,False,0.07780987024307251,0.07780987024307251,40.0,40.0,1.0,0.0,0.0,0.0,0.0,0.0
356,12.566292762756348,-0.0,0.05173120275139809,-0.0,1.2462830543518066,0.001399410655722022,3.2863736152648926,1.0176420211791992,0.6560505628585815,0.6446771548391631,2348.398307406983,0.001399410655722022,3.2863736152648926,1.0176420211791992,0.6560505628585815,0.6446771548391631,2348.398307406983,0.03280581533908844,121,7666b9a33968ad26,-0.0,0.0,0.0,0.0,nan,nan,nan,nan,nan,nan,nan,nan,nan,nan,nan,nan,0.0,0.0,0.0,nan,nan,0.20000000298023224,0.20000000298023224,0.09884108546048001,0.0,0.0,0.0,0.0,0.0,0.0,0.0,0.0,0.0,0.0,0.0,0.0,0.02264086715877056,0.03280581533908844,0.0004005370094546379,7.3307600021362305,261,nan,-1.0,True,,False,0.07780987024307251,0.07780987024307251,40.0,40.0,1.0,0.0,0.0,0.0,0.0,0.0
357,16.195438385009766,-0.0,0.051892995834350586,-0.0,1.6091651916503906,0.00019966067338827997,3.285038471221924,1.017686367034912,0.6560718417167664,0.6446699719760121,16453.107241772705,0.00019966067338827997,3.285038471221924,1.017686367034912,0.6560718417167664,0.6446699719760121,16453.107241772705,0.03279400244355202,121,7666b9a33968ad26,-0.0,0.0,0.0,0.0,nan,nan,nan,nan,nan,nan,nan,nan,nan,nan,nan,nan,0.0,0.0,0.0,nan,nan,0.20000000298023224,0.20000000298023224,0.09883472869504001,0.0,0.0,0.0,0.0,0.0,0.0,0.0,0.0,0.0,0.0,0.0,0.0,0.02270456962287426,0.03279400244355202,0.00039696662247479253,7.3307600021362305,261,nan,-1.0,True,,False,0.07780987024307251,0.07780987024307251,40.0,40.0,1.0,0.0,0.0,0.0,0.0,0.0
358,14.041444778442383,-0.0,0.052067384123802185,-0.0,1.3937309980392456,0.0005763359367847443,3.2838001251220703,1.0176916122436523,0.6559364795684814,0.6445336403258469,5697.718839886496,0.0005763359367847443,3.2838001251220703,1.0176916122436523,0.6559364795684814,0.6445336403258469,5697.718839886496,0.03278127685189247,121,14337f3bcf5a24ad,-0.0,0.0,0.0,0.0,nan,nan,nan,nan,nan,nan,nan,nan,nan,nan,nan,nan,0.0,0.0,0.0,nan,nan,0.20000000298023224,0.20000000298023224,0.09882835547136,0.0,0.0,0.0,0.0,0.0,0.0,0.0,0.0,0.0,0.0,0.0,0.0,0.022768262773752213,0.03278127685189247,0.0004013907348507928,7.3307600021362305,261,nan,-1.0,True,,False,0.07780987024307251,0.07780987024307251,40.0,40.0,1.0,0.0,0.0,0.0,0.0,0.0
359,12.544051170349121,-0.0,0.05221708118915558,-0.0,1.2439616918563843,0.001449022558517754,3.282613754272461,1.017724633216858,0.6559066772460938,0.6444834445766358,2265.3986544076574,0.001449022558517754,3.282613754272461,1.017724633216858,0.6559066772460938,0.6444834445766358,2265.3986544076574,0.032770365476608276,121,14337f3bcf5a24ad,-0.0,0.0,0.0,0.0,nan,nan,nan,nan,nan,nan,nan,nan,nan,nan,nan,nan,0.0,0.0,0.0,nan,nan,0.20000000298023224,0.20000000298023224,0.09882196579711999,0.0,0.0,0.0,0.0,0.0,0.0,0.0,0.0,0.0,0.0,0.0,0.0,0.02283194288611412,0.032770365476608276,0.0004098484764654131,7.3307600021362305,261,nan,-1.0,True,,False,0.07780987024307251,0.07780987024307251,40.0,40.0,1.0,0.0,0.0,0.0,0.0,0.0
360,11.737839698791504,-0.0,0.052366942167282104,-0.0,1.1633106470108032,0.00233719265088439,3.281344413757324,1.0177444219589233,0.6557937860488892,0.6443599904842882,1403.9683089520536,0.00233719265088439,3.281344413757324,1.0177444219589233,0.6557937860488892,0.6443599904842882,1403.9683089520536,0.03275945037603378,121,14337f3bcf5a24ad,-0.0,0.0,0.0,0.0,nan,nan,nan,nan,nan,nan,nan,nan,nan,nan,nan,nan,0.0,0.0,0.0,nan,nan,0.20000000298023224,0.20000000298023224,0.09881555968,0.0,0.0,0.0,0.0,0.0,0.0,0.0,0.0,0.0,0.0,0.0,0.0,0.02289561927318573,0.03275945037603378,0.00041771963060455164,7.3307600021362305,261,nan,-1.0,True,,False,0.07780987024307251,0.07780987024307251,40.0,40.0,1.0,0.0,0.0,0.0,0.0,0.0
361,11.273395538330078,-0.0,0.05254190415143967,-0.0,1.1168311834335327,0.0031856985297054052,3.2795557975769043,1.017788290977478,0.6556975841522217,0.6442376965473767,1029.462068364698,0.0031856985297054052,3.2795557975769043,1.017788290977478,0.6556975841522217,0.6442376965473767,1029.462068364698,0.03274671360850334,121,14337f3bcf5a24ad,-0.0,0.0,0.0,0.0,nan,nan,nan,nan,nan,nan,nan,nan,nan,nan,nan,nan,0.0,0.0,0.0,nan,nan,0.20000000298023224,0.20000000298023224,0.09880913712768001,0.0,0.0,0.0,0.0,0.0,0.0,0.0,0.0,0.0,0.0,0.0,0.0,0.02295929379761219,0.03274671360850334,0.0004257990151472768,7.3307600021362305,261,nan,-1.0,True,,False,0.07780987024307251,0.07780987024307251,40.0,40.0,1.0,0.0,0.0,0.0,0.0,0.0
362,11.036441802978516,-0.0,0.052704617381095886,-0.0,1.0931031703948975,0.004072966054081917,3.2783079147338867,1.0178511142730713,0.6557034850120544,0.6442037306019404,804.8944850518394,0.004072966054081917,3.2783079147338867,1.0178511142730713,0.6557034850120544,0.6442037306019404,804.8944850518394,0.03273487836122513,121,14337f3bcf5a24ad,-0.0,0.0,0.0,0.0,nan,nan,nan,nan,nan,nan,nan,nan,nan,nan,nan,nan,0.0,0.0,0.0,nan,nan,0.20000000298023224,0.20000000298023224,0.09880269814784,0.0,0.0,0.0,0.0,0.0,0.0,0.0,0.0,0.0,0.0,0.0,0.0,0.023022962734103203,0.03273487836122513,0.0004365055403923179,7.3307600021362305,261,nan,-1.0,True,,False,0.07780987024307251,0.07780987024307251,40.0,40.0,1.0,0.0,0.0,0.0,0.0,0.0
363,10.687891960144043,-0.0,0.05286745727062225,-0.0,1.0582157373428345,0.004967237822711468,3.2775039672851562,1.0178718566894531,0.6556124687194824,0.6441011846538419,659.8242492637617,0.004967237822711468,3.2775039672851562,1.0178718566894531,0.6556124687194824,0.6441011846538419,659.8242492637617,0.032723043113946915,121,14337f3bcf5a24ad,-0.0,0.0,0.0,0.0,nan,nan,nan,nan,nan,nan,nan,nan,nan,nan,nan,nan,0.0,0.0,0.0,nan,nan,0.20000000298023224,0.20000000298023224,0.09879624274816001,0.0,0.0,0.0,0.0,0.0,0.0,0.0,0.0,0.0,0.0,0.0,0.0,0.023086626082658768,0.032723043113946915,0.0004429880375482753,7.3307600021362305,261,nan,-1.0,True,,False,0.07780987024307251,0.07780987024307251,40.0,40.0,1.0,0.0,0.0,0.0,0.0,0.0
364,10.568660736083984,-0.0,0.05303054675459862,-0.0,1.0462599992752075,0.005829987116158009,3.276324510574341,1.0179102420806885,0.6555976867675781,0.6440623737388524,561.9780018885283,0.005829987116158009,3.276324510574341,1.0179102420806885,0.6555976867675781,0.6440623737388524,561.9780018885283,0.032711200416088104,121,14337f3bcf5a24ad,-0.0,0.0,0.0,0.0,nan,nan,nan,nan,nan,nan,nan,nan,nan,nan,nan,nan,0.0,0.0,0.0,nan,nan,0.20000000298023224,0.20000000298023224,0.09878977093632,0.0,0.0,0.0,0.0,0.0,0.0,0.0,0.0,0.0,0.0,0.0,0.0,0.023150280117988586,0.032711200416088104,0.00045420960418596223,7.3307600021362305,261,nan,-1.0,True,,False,0.07780987024307251,0.07780987024307251,40.0,40.0,1.0,0.0,0.0,0.0,0.0,0.0
365,10.395425796508789,-0.0,0.0531812459230423,-0.0,1.0289063453674316,0.00673148687928915,3.2748701572418213,1.0179485082626343,0.6554875373840332,0.6439299552614651,486.50026598397676,0.00673148687928915,3.2748701572418213,1.0179485082626343,0.6554875373840332,0.6439299552614651,486.50026598397676,0.03270026668906212,121,14337f3bcf5a24ad,-0.0,0.0,0.0,0.0,nan,nan,nan,nan,nan,nan,nan,nan,nan,nan,nan,nan,0.0,0.0,0.0,nan,nan,0.20000000298023224,0.20000000298023224,0.09878328272,0.0,0.0,0.0,0.0,0.0,0.0,0.0,0.0,0.0,0.0,0.0,0.0,0.023213930428028107,0.03270026668906212,0.0004627055232049315,7.3307600021362305,261,nan,-1.0,True,,False,0.07780987024307251,0.07780987024307251,40.0,40.0,1.0,0.0,0.0,0.0,0.0,0.0
366,10.263071060180664,-0.0,0.053357236087322235,-0.0,1.0156357288360596,0.007593152578920126,3.2737865447998047,1.0179872512817383,0.6554620862007141,0.6438804468085705,431.14984333231877,0.007593152578920126,3.2737865447998047,1.0179872512817383,0.6554620862007141,0.6438804468085705,431.14984333231877,0.03268750384449959,121,14337f3bcf5a24ad,-0.0,0.0,0.0,0.0,nan,nan,nan,nan,nan,nan,nan,nan,nan,nan,nan,nan,0.0,0.0,0.0,nan,nan,0.20000000298023224,0.20000000298023224,0.09877677810688,0.0,0.0,0.0,0.0,0.0,0.0,0.0,0.0,0.0,0.0,0.0,0.0,0.02327757142484188,0.03268750384449959,0.0004699475105098827,7.3307600021362305,261,nan,-1.0,True,,False,0.07780987024307251,0.07780987024307251,40.0,40.0,1.0,0.0,0.0,0.0,0.0,0.0
367,10.093050003051758,-0.0,0.053520869463682175,-0.0,0.9986009001731873,0.008483387529850006,3.272392749786377,1.017999529838562,0.6553304195404053,0.6437433420468572,385.74127826555105,0.008483387529850006,3.272392749786377,1.017999529838562,0.6553304195404053,0.6437433420468572,385.74127826555105,0.03267564997076988,121,14337f3bcf5a24ad,-0.0,0.0,0.0,0.0,nan,nan,nan,nan,nan,nan,nan,nan,nan,nan,nan,nan,0.0,0.0,0.0,nan,nan,0.20000000298023224,0.20000000298023224,0.09877025710464,0.0,0.0,0.0,0.0,0.0,0.0,0.0,0.0,0.0,0.0,0.0,0.0,0.02334120124578476,0.03267564997076988,0.00047578699491168663,7.3307600021362305,261,nan,-1.0,True,,False,0.07780987024307251,0.07780987024307251,40.0,40.0,1.0,0.0,0.0,0.0,0.0,0.0
368,9.962484359741211,-0.0,0.05368471145629883,-0.0,0.9855114817619324,0.009403004311025143,3.27078914642334,1.0180459022521973,0.6552717089653015,0.6436563494000226,347.84511824463357,0.009403004311025143,3.27078914642334,1.0180459022521973,0.6552717089653015,0.6436563494000226,347.84511824463357,0.03266378864645958,121,14337f3bcf5a24ad,-0.0,0.0,0.0,0.0,nan,nan,nan,nan,nan,nan,nan,nan,nan,nan,nan,nan,0.0,0.0,0.0,nan,nan,0.20000000298023224,0.20000000298023224,0.09876371972096,0.0,0.0,0.0,0.0,0.0,0.0,0.0,0.0,0.0,0.0,0.0,0.0,0.023404834792017937,0.03266378864645958,0.0004819371108624182,7.3307600021362305,261,nan,-1.0,True,,False,0.07780987024307251,0.07780987024307251,40.0,40.0,1.0,0.0,0.0,0.0,0.0,0.0
369,9.961089134216309,-0.0,0.05382350832223892,-0.0,0.9853442311286926,0.010302084498107433,3.2698638439178467,1.018079400062561,0.6552197933197021,0.6435841775007322,317.39827454517035,0.010302084498107433,3.2698638439178467,1.018079400062561,0.6552197933197021,0.6435841775007322,317.39827454517035,0.03265375271439552,121,14337f3bcf5a24ad,-0.0,0.0,0.0,0.0,nan,nan,nan,nan,nan,nan,nan,nan,nan,nan,nan,nan,0.0,0.0,0.0,nan,nan,0.20000000298023224,0.20000000298023224,0.09875716596352001,0.0,0.0,0.0,0.0,0.0,0.0,0.0,0.0,0.0,0.0,0.0,0.0,0.02346845716238022,0.03265375271439552,0.00048690557719055505,7.3307600021362305,261,nan,-1.0,True,,False,0.07780987024307251,0.07780987024307251,40.0,40.0,1.0,0.0,0.0,0.0,0.0,0.0
370,9.883140563964844,-0.0,0.05402548611164093,-0.0,0.9775089025497437,0.011179700493812561,3.268367052078247,1.0181397199630737,0.6551929712295532,0.6435197040081257,292.34835529691827,0.011179700493812561,3.268367052078247,1.0181397199630737,0.6551929712295532,0.6435197040081257,292.34835529691827,0.032639145851135254,121,14337f3bcf5a24ad,-0.0,0.0,0.0,0.0,nan,nan,nan,nan,nan,nan,nan,nan,nan,nan,nan,nan,0.0,0.0,0.0,nan,nan,0.20000000298023224,0.20000000298023224,0.09875059584000001,0.0,0.0,0.0,0.0,0.0,0.0,0.0,0.0,0.0,0.0,0.0,0.0,0.023532072082161903,0.032639145851135254,0.000489960448931015,7.3307600021362305,261,nan,-1.0,True,,False,0.07780987024307251,0.07780987024307251,40.0,40.0,1.0,0.0,0.0,0.0,0.0,0.0
371,9.732779502868652,-0.0,0.054177265614271164,-0.0,0.9624424576759338,0.012109441682696342,3.2675085067749023,1.018161416053772,0.6551198363304138,0.6434341608323283,269.83147467847124,0.012109441682696342,3.2675085067749023,1.018161416053772,0.6551198363304138,0.6434341608323283,269.83147467847124,0.03262818604707718,121,14337f3bcf5a24ad,-0.0,0.0,0.0,0.0,nan,nan,nan,nan,nan,nan,nan,nan,nan,nan,nan,nan,0.0,0.0,0.0,nan,nan,0.20000000298023224,0.20000000298023224,0.09874400935808,0.0,0.0,0.0,0.0,0.0,0.0,0.0,0.0,0.0,0.0,0.0,0.0,0.02359568513929844,0.03262818604707718,0.0004941662134569924,7.3307600021362305,261,nan,-1.0,True,,False,0.07780987024307251,0.07780987024307251,40.0,40.0,1.0,0.0,0.0,0.0,0.0,0.0
372,9.711190223693848,-0.0,0.054354455322027206,-0.0,0.9602480530738831,0.013026762753725052,3.265784502029419,1.018201470375061,0.6550371050834656,0.6433275968872628,250.6980869898437,0.013026762753725052,3.265784502029419,1.018201470375061,0.6550371050834656,0.6433275968872628,250.6980869898437,0.03261539712548256,121,14337f3bcf5a24ad,-0.0,0.0,0.0,0.0,nan,nan,nan,nan,nan,nan,nan,nan,nan,nan,nan,nan,0.0,0.0,0.0,nan,nan,0.20000000298023224,0.20000000298023224,0.09873740652544,0.0,0.0,0.0,0.0,0.0,0.0,0.0,0.0,0.0,0.0,0.0,0.0,0.02365928329527378,0.03261539712548256,0.0004956933757966908,7.3307600021362305,261,nan,-1.0,True,,False,0.07780987024307251,0.07780987024307251,40.0,40.0,1.0,0.0,0.0,0.0,0.0,0.0
373,9.678133964538574,-0.0,0.054506585001945496,-0.0,0.9569120407104492,0.013915395364165306,3.264936923980713,1.0182592868804932,0.6550362706184387,0.6432902494070907,234.627679525982,0.013915395364165306,3.264936923980713,1.0182592868804932,0.6550362706184387,0.6432902494070907,234.627679525982,0.03260442987084389,121,14337f3bcf5a24ad,-0.0,0.0,0.0,0.0,nan,nan,nan,nan,nan,nan,nan,nan,nan,nan,nan,nan,0.0,0.0,0.0,nan,nan,0.20000000298023224,0.20000000298023224,0.09873078734976,0.0,0.0,0.0,0.0,0.0,0.0,0.0,0.0,0.0,0.0,0.0,0.0,0.023722875863313675,0.03260442987084389,0.0004950730956352345,7.3307600021362305,261,nan,-1.0,True,,False,0.07780987024307251,0.07780987024307251,40.0,40.0,1.0,0.0,0.0,0.0,0.0,0.0
374,9.542777061462402,-0.0,0.05468418076634407,-0.0,0.9433408975601196,0.014846072532236576,3.263606309890747,1.0182631015777588,0.6549222469329834,0.6431758608538471,219.8296083226182,0.014846072532236576,3.263606309890747,1.0182631015777588,0.6549222469329834,0.6431758608538471,219.8296083226182,0.03259162977337837,121,14337f3bcf5a24ad,-0.0,0.0,0.0,0.0,nan,nan,nan,nan,nan,nan,nan,nan,nan,nan,nan,nan,0.0,0.0,0.0,nan,nan,0.20000000298023224,0.20000000298023224,0.09872415183872,0.0,0.0,0.0,0.0,0.0,0.0,0.0,0.0,0.0,0.0,0.0,0.0,0.02378646284341812,0.03259162977337837,0.0004993016318621812,7.3307600021362305,261,nan,-1.0,True,,False,0.07780987024307251,0.07780987024307251,40.0,40.0,1.0,0.0,0.0,0.0,0.0,0.0
375,9.472739219665527,-0.0,0.05483665317296982,-0.0,0.9363065361976624,0.015766244381666183,3.262037992477417,1.018294095993042,0.6547873616218567,0.6430238220946445,206.9001287504262,0.015766244381666183,3.262037992477417,1.018294095993042,0.6547873616218567,0.6430238220946445,206.9001287504262,0.0325806550681591,121,14337f3bcf5a24ad,-0.0,0.0,0.0,0.0,nan,nan,nan,nan,nan,nan,nan,nan,nan,nan,nan,nan,0.0,0.0,0.0,nan,nan,0.20000000298023224,0.20000000298023224,0.0987175,0.0,0.0,0.0,0.0,0.0,0.0,0.0,0.0,0.0,0.0,0.0,0.0,0.0238500889390707,0.0325806550681591,0.0005010789861898957,7.3307600021362305,261,nan,-1.0,True,,False,0.07780987024307251,0.07780987024307251,40.0,40.0,1.0,0.0,0.0,0.0,0.0,0.0
376,9.492667198181152,-0.0,0.05502735823392868,-0.0,0.9382612705230713,0.016689341515302658,3.2613139152526855,1.018367886543274,0.6548491716384888,0.6430379240073003,195.41297733420743,0.016689341515302658,3.2613139152526855,1.018367886543274,0.6548491716384888,0.6430379240073003,195.41297733420743,0.03256693109869957,121,14337f3bcf5a24ad,-0.0,0.0,0.0,0.0,nan,nan,nan,nan,nan,nan,nan,nan,nan,nan,nan,nan,0.0,0.0,0.0,nan,nan,0.20000000298023224,0.20000000298023224,0.09871083184128,0.0,0.0,0.0,0.0,0.0,0.0,0.0,0.0,0.0,0.0,0.0,0.0,0.023913731798529625,0.03256693109869957,0.0004964098377513437,7.3307600021362305,261,nan,-1.0,True,,False,0.07780987024307251,0.07780987024307251,40.0,40.0,1.0,0.0,0.0,0.0,0.0,0.0
377,9.355025291442871,-0.0,0.055192869156599045,-0.0,0.9244639277458191,0.0176258385181427,3.2599329948425293,1.0183656215667725,0.6547133922576904,0.6429060235266023,184.95193811556834,0.0176258385181427,3.2599329948425293,1.0183656215667725,0.6547133922576904,0.6429060235266023,184.95193811556834,0.03255503252148628,121,14337f3bcf5a24ad,-0.0,0.0,0.0,0.0,nan,nan,nan,nan,nan,nan,nan,nan,nan,nan,nan,nan,0.0,0.0,0.0,nan,nan,0.20000000298023224,0.20000000298023224,0.09870414737024001,0.0,0.0,0.0,0.0,0.0,0.0,0.0,0.0,0.0,0.0,0.0,0.0,0.02397736720740795,0.03255503252148628,0.0005013832117128914,7.3307600021362305,261,nan,-1.0,True,,False,0.07780987024307251,0.07780987024307251,40.0,40.0,1.0,0.0,0.0,0.0,0.0,0.0
378,9.35290813446045,-0.0,0.055371321737766266,-0.0,0.9242165684700012,0.0185275599360466,3.2587409019470215,1.0184028148651123,0.6546838283538818,0.642853514147636,175.88613466616962,0.0185275599360466,3.2587409019470215,1.0184028148651123,0.6546838283538818,0.642853514147636,175.88613466616962,0.032542213797569275,121,14337f3bcf5a24ad,-0.0,0.0,0.0,0.0,nan,nan,nan,nan,nan,nan,nan,nan,nan,nan,nan,nan,0.0,0.0,0.0,nan,nan,0.20000000298023224,0.20000000298023224,0.09869744659456,0.0,0.0,0.0,0.0,0.0,0.0,0.0,0.0,0.0,0.0,0.0,0.0,0.02404099516570568,0.032542213797569275,0.0004980371729743638,7.3307600021362305,261,nan,-1.0,True,,False,0.07780987024307251,0.07780987024307251,40.0,40.0,1.0,0.0,0.0,0.0,0.0,0.0
379,9.394670486450195,-0.0,0.055511731654405594,-0.0,0.9283646941184998,0.01947723887860775,3.257382392883301,1.0184632539749146,0.654678463935852,0.64281009784176,167.24046016917472,0.01947723887860775,3.257382392883301,1.0184632539749146,0.654678463935852,0.64281009784176,167.24046016917472,0.032532140612602234,121,14337f3bcf5a24ad,-0.0,0.0,0.0,0.0,nan,nan,nan,nan,nan,nan,nan,nan,nan,nan,nan,nan,0.0,0.0,0.0,nan,nan,0.20000000298023224,0.20000000298023224,0.09869072952192,0.0,0.0,0.0,0.0,0.0,0.0,0.0,0.0,0.0,0.0,0.0,0.0,0.024104615673422813,0.032532140612602234,0.0004909361700811132,7.3307600021362305,261,nan,-1.0,True,,False,0.07780987024307251,0.07780987024307251,40.0,40.0,1.0,0.0,0.0,0.0,0.0,0.0
380,9.248870849609375,-0.0,0.05570334196090698,-0.0,0.9137464165687561,0.020396137610077858,3.25624942779541,1.018493413925171,0.6545931696891785,0.6427073172387462,159.65029703400694,0.020396137610077858,3.25624942779541,1.018493413925171,0.6545931696891785,0.6427073172387462,159.65029703400694,0.0325179360806942,121,14337f3bcf5a24ad,-0.0,0.0,0.0,0.0,nan,nan,nan,nan,nan,nan,nan,nan,nan,nan,nan,nan,0.0,0.0,0.0,nan,nan,0.20000000298023224,0.20000000298023224,0.09868399616000001,0.0,0.0,0.0,0.0,0.0,0.0,0.0,0.0,0.0,0.0,0.0,0.0,0.02416822873055935,0.0325179360806942,0.000498058526090972,7.3307600021362305,261,nan,-1.0,True,,False,0.07780987024307251,0.07780987024307251,40.0,40.0,1.0,0.0,0.0,0.0,0.0,0.0
381,9.208024024963379,-0.0,0.05588241294026375,-0.0,0.9096259474754333,0.021323461085557938,3.2549941539764404,1.018541932106018,0.6545177698135376,0.6426026746490493,152.64849082970866,0.021323461085557938,3.2549941539764404,1.018541932106018,0.6545177698135376,0.6426026746490493,152.64849082970866,0.032505102455616,121,14337f3bcf5a24ad,-0.0,0.0,0.0,0.0,nan,nan,nan,nan,nan,nan,nan,nan,nan,nan,nan,nan,0.0,0.0,0.0,nan,nan,0.20000000298023224,0.20000000298023224,0.09867724651648001,0.0,0.0,0.0,0.0,0.0,0.0,0.0,0.0,0.0,0.0,0.0,0.0,0.024231834337115288,0.032505102455616,0.0004970119862264255,7.3307600021362305,261,nan,-1.0,True,,False,0.07780987024307251,0.07780987024307251,40.0,40.0,1.0,0.0,0.0,0.0,0.0,0.0
382,9.202963829040527,-0.0,0.05604889616370201,-0.0,0.9090866446495056,0.02226579375565052,3.2538225650787354,1.0185621976852417,0.6544764041900635,0.6425492774789893,146.1354848062847,0.02226579375565052,3.2538225650787354,1.0185621976852417,0.6544764041900635,0.6425492774789893,146.1354848062847,0.03249363973736763,121,14337f3bcf5a24ad,-0.0,0.0,0.0,0.0,nan,nan,nan,nan,nan,nan,nan,nan,nan,nan,nan,nan,0.0,0.0,0.0,nan,nan,0.20000000298023224,0.20000000298023224,0.09867048059904,0.0,0.0,0.0,0.0,0.0,0.0,0.0,0.0,0.0,0.0,0.0,0.0,0.024295439943671227,0.03249363973736763,0.0004935946151363169,7.3307600021362305,261,nan,-1.0,True,,False,0.07780987024307251,0.07780987024307251,40.0,40.0,1.0,0.0,0.0,0.0,0.0,0.0
383,9.169516563415527,-0.0,0.05622833967208862,-0.0,0.905705988407135,0.023240987211465836,3.2525033950805664,1.0186097621917725,0.6544402837753296,0.6424838128069293,139.94686910184086,0.023240987211465836,3.2525033950805664,1.0186097621917725,0.6544402837753296,0.6424838128069293,139.94686910184086,0.03248079866170883,121,14337f3bcf5a24ad,-0.0,0.0,0.0,0.0,nan,nan,nan,nan,nan,nan,nan,nan,nan,nan,nan,nan,0.0,0.0,0.0,nan,nan,0.20000000298023224,0.20000000298023224,0.09866369841536,0.0,0.0,0.0,0.0,0.0,0.0,0.0,0.0,0.0,0.0,0.0,0.0,0.024359026923775673,0.03248079866170883,0.0004924213649246667,7.3307600021362305,261,nan,-1.0,True,,False,0.07780987024307251,0.07780987024307251,40.0,40.0,1.0,0.0,0.0,0.0,0.0,0.0
384,9.231481552124023,-0.0,0.05639525130391121,-0.0,0.9118691682815552,0.02142750658094883,3.2512478828430176,1.0186688899993896,0.6544551849365234,0.6424611484276461,151.73244122270847,0.02142750658094883,3.2512478828430176,1.0186688899993896,0.6544551849365234,0.6424611484276461,151.73244122270847,0.03246886655688286,121,14337f3bcf5a24ad,-0.0,0.0,0.0,0.0,nan,nan,nan,nan,nan,nan,nan,nan,nan,nan,nan,nan,0.0,0.0,0.0,nan,nan,0.20000000298023224,0.20000000298023224,0.09865689997312,0.0,0.0,0.0,0.0,0.0,0.0,0.0,0.0,0.0,0.0,0.0,0.0,0.02442261576652527,0.03246886655688286,0.00048411531201963953,7.3307600021362305,261,nan,-1.0,True,,False,0.07780987024307251,0.07780987024307251,40.0,40.0,1.0,0.0,0.0,0.0,0.0,0.0
385,9.17179012298584,-0.0,0.05657515302300453,-0.0,0.9058639407157898,0.022034596651792526,3.249561309814453,1.0187245607376099,0.6543866991996765,0.6423588125978491,147.4754160998041,0.022034596651792526,3.249561309814453,1.0187245607376099,0.6543866991996765,0.6423588125978491,147.4754160998041,0.032456014305353165,121,14337f3bcf5a24ad,-0.0,0.0,0.0,0.0,nan,nan,nan,nan,nan,nan,nan,nan,nan,nan,nan,nan,0.0,0.0,0.0,nan,nan,0.20000000298023224,0.20000000298023224,0.09865008528000001,0.0,0.0,0.0,0.0,0.0,0.0,0.0,0.0,0.0,0.0,0.0,0.0,0.024486195296049118,0.032456014305353165,0.00048552320140515803,7.3307600021362305,261,nan,-1.0,True,,False,0.07780987024307251,0.07780987024307251,40.0,40.0,1.0,0.0,0.0,0.0,0.0,0.0
386,9.16576099395752,-0.0,0.05674241855740547,-0.0,0.9052276611328125,0.021274615079164505,3.248319625854492,1.0187466144561768,0.6542951464653015,0.642255038869086,152.6852360791131,0.021274615079164505,3.248319625854492,1.0187466144561768,0.6542951464653015,0.642255038869086,152.6852360791131,0.032444074749946594,121,14337f3bcf5a24ad,-0.0,0.0,0.0,0.0,nan,nan,nan,nan,nan,nan,nan,nan,nan,nan,nan,nan,0.0,0.0,0.0,nan,nan,0.20000000298023224,0.20000000298023224,0.09864325434368,0.0,0.0,0.0,0.0,0.0,0.0,0.0,0.0,0.0,0.0,0.0,0.0,0.024549759924411774,0.032444074749946594,0.00048220631401818537,7.3307600021362305,261,nan,-1.0,True,,False,0.07780987024307251,0.07780987024307251,40.0,40.0,1.0,0.0,0.0,0.0,0.0,0.0
387,9.005535125732422,-0.0,0.05690988525748253,-0.0,0.8891714811325073,0.02448597550392151,3.2475130558013916,1.0187677145004272,0.6542328596115112,0.642180597499919,132.62747303170715,0.02448597550392151,3.2475130558013916,1.0187677145004272,0.6542328596115112,0.642180597499919,132.62747303170715,0.032432131469249725,121,14337f3bcf5a24ad,-0.0,0.0,0.0,0.0,nan,nan,nan,nan,nan,nan,nan,nan,nan,nan,nan,nan,0.0,0.0,0.0,nan,nan,0.20000000298023224,0.20000000298023224,0.09863640717184001,0.0,0.0,0.0,0.0,0.0,0.0,0.0,0.0,0.0,0.0,0.0,0.0,0.02461332455277443,0.032432131469249725,0.0004923623052945914,7.3307600021362305,261,nan,-1.0,True,,False,0.07780987024307251,0.07780987024307251,40.0,40.0,1.0,0.0,0.0,0.0,0.0,0.0
388,9.080121994018555,-0.0,0.05710326135158539,-0.0,0.8965915441513062,0.021868005394935608,3.2462844848632812,1.0188237428665161,0.6542136073112488,0.642126385345696,148.44904353348502,0.021868005394935608,3.2462844848632812,1.0188237428665161,0.6542136073112488,0.642126385345696,148.44904353348502,0.03241834416985512,121,04c20edb802f9e46,-0.0,0.0,0.0,0.0,nan,nan,nan,nan,nan,nan,nan,nan,nan,nan,nan,nan,0.0,0.0,0.0,nan,nan,0.20000000298023224,0.20000000298023224,0.09862954377216,0.0,0.0,0.0,0.0,0.0,0.0,0.0,0.0,0.0,0.0,0.0,0.0,0.02467687427997589,0.03241834416985512,0.0004825336980047723,7.3307600021362305,261,nan,-1.0,True,,False,0.07780987024307251,0.07780987024307251,40.0,40.0,1.0,0.0,0.0,0.0,0.0,0.0
389,9.08278751373291,-0.0,0.057258281856775284,-0.0,0.8968271613121033,0.02112959325313568,3.244593620300293,1.0188605785369873,0.6541469097137451,0.6420377071149955,153.55684235988724,0.02112959325313568,3.244593620300293,1.0188605785369873,0.6541469097137451,0.6420377071149955,153.55684235988724,0.032407309859991074,121,04c20edb802f9e46,-0.0,0.0,0.0,0.0,nan,nan,nan,nan,nan,nan,nan,nan,nan,nan,nan,nan,0.0,0.0,0.0,nan,nan,0.20000000298023224,0.20000000298023224,0.09862266415232,0.0,0.0,0.0,0.0,0.0,0.0,0.0,0.0,0.0,0.0,0.0,0.0,0.024740418419241905,0.032407309859991074,0.0004795438599103363,7.3307600021362305,261,nan,-1.0,True,,False,0.07780987024307251,0.07780987024307251,40.0,40.0,1.0,0.0,0.0,0.0,0.0,0.0
390,8.948282241821289,-0.0,0.057452086359262466,-0.0,0.8833377361297607,0.023718049749732018,3.243659019470215,1.0188802480697632,0.6540768146514893,0.6419565163723778,136.75909502242544,0.023718049749732018,3.243659019470215,1.0188802480697632,0.6540768146514893,0.6419565163723778,136.75909502242544,0.03239351511001587,121,04c20edb802f9e46,-0.0,0.0,0.0,0.0,nan,nan,nan,nan,nan,nan,nan,nan,nan,nan,nan,nan,0.0,0.0,0.0,nan,nan,0.20000000298023224,0.20000000298023224,0.09861576832,0.0,0.0,0.0,0.0,0.0,0.0,0.0,0.0,0.0,0.0,0.0,0.0,0.02480395883321762,0.03239351511001587,0.00048725776855462755,7.3307600021362305,261,nan,-1.0,True,,False,0.07780987024307251,0.07780987024307251,40.0,40.0,1.0,0.0,0.0,0.0,0.0,0.0
391,9.033239364624023,-0.0,0.057607438415288925,-0.0,0.8918023705482483,0.021161451935768127,3.242487907409668,1.0189595222473145,0.6541520357131958,0.641980394148007,153.22615467273565,0.021161451935768127,3.242487907409668,1.0189595222473145,0.6541520357131958,0.641980394148007,153.22615467273565,0.03238247334957123,121,04c20edb802f9e46,-0.0,0.0,0.0,0.0,nan,nan,nan,nan,nan,nan,nan,nan,nan,nan,nan,nan,0.0,0.0,0.0,nan,nan,0.20000000298023224,0.20000000298023224,0.09860885628288,0.0,0.0,0.0,0.0,0.0,0.0,0.0,0.0,0.0,0.0,0.0,0.0,0.024867486208677292,0.03238247334957123,0.0004788339977039868,7.3307600021362305,261,nan,-1.0,True,,False,0.07780987024307251,0.07780987024307251,40.0,40.0,1.0,0.0,0.0,0.0,0.0,0.0
392,8.913768768310547,-0.0,0.057801730930805206,-0.0,0.8798165321350098,0.023358479142189026,3.2411692142486572,1.0189919471740723,0.6540471315383911,0.6418570169786254,138.75771596767208,0.023358479142189026,3.2411692142486572,1.0189919471740723,0.6540471315383911,0.6418570169786254,138.75771596767208,0.03236866369843483,121,04c20edb802f9e46,-0.0,0.0,0.0,0.0,nan,nan,nan,nan,nan,nan,nan,nan,nan,nan,nan,nan,0.0,0.0,0.0,nan,nan,0.20000000298023224,0.20000000298023224,0.09860192804864,0.0,0.0,0.0,0.0,0.0,0.0,0.0,0.0,0.0,0.0,0.0,0.0,0.024931013584136963,0.03236866369843483,0.00048489191453882086,7.3307600021362305,261,nan,-1.0,True,,False,0.07780987024307251,0.07780987024307251,40.0,40.0,1.0,0.0,0.0,0.0,0.0,0.0
393,8.984448432922363,-0.0,0.05798335000872612,-0.0,0.8868481516838074,0.021178513765335083,3.2399280071258545,1.0190352201461792,0.6540405750274658,0.6418233267086143,152.98184013407766,0.021178513765335083,3.2399280071258545,1.0190352201461792,0.6540405750274658,0.6418233267086143,152.98184013407766,0.03235577046871185,121,04c20edb802f9e46,-0.0,0.0,0.0,0.0,nan,nan,nan,nan,nan,nan,nan,nan,nan,nan,nan,nan,0.0,0.0,0.0,nan,nan,0.20000000298023224,0.20000000298023224,0.09859498362496,0.0,0.0,0.0,0.0,0.0,0.0,0.0,0.0,0.0,0.0,0.0,0.0,0.024994531646370888,0.03235577046871185,0.00047701556945867196,7.3307600021362305,261,nan,-1.0,True,,False,0.07780987024307251,0.07780987024307251,40.0,40.0,1.0,0.0,0.0,0.0,0.0,0.0
394,8.837733268737793,-0.0,0.05813922733068466,-0.0,0.8721454739570618,0.024170050397515297,3.238677501678467,1.0190677642822266,0.6539766192436218,0.6417400708423407,133.99547987750185,0.024170050397515297,3.238677501678467,1.0190677642822266,0.6539766192436218,0.6417400708423407,133.99547987750185,0.03234425559639931,121,04c20edb802f9e46,-0.0,0.0,0.0,0.0,nan,nan,nan,nan,nan,nan,nan,nan,nan,nan,nan,nan,0.0,0.0,0.0,nan,nan,0.20000000298023224,0.20000000298023224,0.09858802301952001,0.0,0.0,0.0,0.0,0.0,0.0,0.0,0.0,0.0,0.0,0.0,0.0,0.02505803108215332,0.03234425559639931,0.0004858813292685227,7.3307600021362305,261,nan,-1.0,True,,False,0.07780987024307251,0.07780987024307251,40.0,40.0,1.0,0.0,0.0,0.0,0.0,0.0
395,8.818920135498047,-0.0,0.058321256190538406,-0.0,0.8702277541160583,0.02400221675634384,3.2374472618103027,1.0191011428833008,0.6538984179496765,0.6416423163844451,134.88117762933868,0.02400221675634384,3.2374472618103027,1.0191011428833008,0.6538984179496765,0.6416423163844451,134.88117762933868,0.032331813126802444,121,04c20edb802f9e46,-0.0,0.0,0.0,0.0,nan,nan,nan,nan,nan,nan,nan,nan,nan,nan,nan,nan,0.0,0.0,0.0,nan,nan,0.20000000298023224,0.20000000298023224,0.09858104624000001,0.0,0.0,0.0,0.0,0.0,0.0,0.0,0.0,0.0,0.0,0.0,0.0,0.025121530517935753,0.032331813126802444,0.0004848043342917663,7.3307600021362305,261,nan,-1.0,True,,False,0.07780987024307251,0.07780987024307251,40.0,40.0,1.0,0.0,0.0,0.0,0.0,0.0
396,8.899609565734863,-0.0,0.05849047377705574,-0.0,0.8782629370689392,0.021485585719347,3.236342430114746,1.0191617012023926,0.6539313793182373,0.6416365318150578,150.62854103160592,0.021485585719347,3.236342430114746,1.0191617012023926,0.6539313793182373,0.6416365318150578,150.62854103160592,0.03231982886791229,121,04c20edb802f9e46,-0.0,0.0,0.0,0.0,nan,nan,nan,nan,nan,nan,nan,nan,nan,nan,nan,nan,0.0,0.0,0.0,nan,nan,0.20000000298023224,0.20000000298023224,0.09857405329408,0.0,0.0,0.0,0.0,0.0,0.0,0.0,0.0,0.0,0.0,0.0,0.0,0.025185024365782738,0.03231982886791229,0.00047598624155398284,7.3307600021362305,261,nan,-1.0,True,,False,0.07780987024307251,0.07780987024307251,40.0,40.0,1.0,0.0,0.0,0.0,0.0,0.0
397,8.878049850463867,-0.0,0.058659885078668594,-0.0,0.8760729432106018,0.021640589460730553,3.2351672649383545,1.0192097425460815,0.6539030075073242,0.6415784506472761,149.49533933948305,0.021640589460730553,3.2351672649383545,1.0192097425460815,0.6539030075073242,0.6415784506472761,149.49533933948305,0.03230784088373184,121,04c20edb802f9e46,-0.0,0.0,0.0,0.0,nan,nan,nan,nan,nan,nan,nan,nan,nan,nan,nan,nan,0.0,0.0,0.0,nan,nan,0.20000000298023224,0.20000000298023224,0.09856704418944001,0.0,0.0,0.0,0.0,0.0,0.0,0.0,0.0,0.0,0.0,0.0,0.0,0.02524850331246853,0.03230784088373184,0.0004766190722875763,7.3307600021362305,261,nan,-1.0,True,,False,0.07780987024307251,0.07780987024307251,40.0,40.0,1.0,0.0,0.0,0.0,0.0,0.0
398,8.760467529296875,-0.0,0.058868568390607834,-0.0,0.8642730712890625,0.02400878444314003,3.2337307929992676,1.019235610961914,0.6538151502609253,0.6414759680971905,134.68948420348843,0.02400878444314003,3.2337307929992676,1.019235610961914,0.6538151502609253,0.6414759680971905,134.68948420348843,0.03229307755827904,121,04c20edb802f9e46,-0.0,0.0,0.0,0.0,nan,nan,nan,nan,nan,nan,nan,nan,nan,nan,nan,nan,0.0,0.0,0.0,nan,nan,0.20000000298023224,0.20000000298023224,0.09856001893376,0.0,0.0,0.0,0.0,0.0,0.0,0.0,0.0,0.0,0.0,0.0,0.0,0.025311976671218872,0.03229307755827904,0.00048344673155042983,7.3307600021362305,261,nan,-1.0,True,,False,0.07780987024307251,0.07780987024307251,40.0,40.0,1.0,0.0,0.0,0.0,0.0,0.0
399,8.69450855255127,-0.0,0.05902537330985069,-0.0,0.8576457500457764,0.025294039398431778,3.232630729675293,1.019283413887024,0.6537712812423706,0.6414028447193332,127.80207537257631,0.025294039398431778,3.232630729675293,1.019283413887024,0.6537712812423706,0.6414028447193332,127.80207537257631,0.0322815403342247,121,04c20edb802f9e46,-0.0,0.0,0.0,0.0,nan,nan,nan,nan,nan,nan,nan,nan,nan,nan,nan,nan,0.0,0.0,0.0,nan,nan,0.20000000298023224,0.20000000298023224,0.09855297753472,0.0,0.0,0.0,0.0,0.0,0.0,0.0,0.0,0.0,0.0,0.0,0.0,0.02537544071674347,0.0322815403342247,0.0004868713208452391,7.3307600021362305,261,nan,-1.0,True,,False,0.07780987024307251,0.07780987024307251,40.0,40.0,1.0,0.0,0.0,0.0,0.0,0.0
400,8.770525932312012,-0.0,0.0591953843832016,-0.0,0.8652134537696838,0.02289704792201519,3.2313241958618164,1.0193431377410889,0.6538031101226807,0.6413964894800178,141.12405262317435,0.02289704792201519,3.2313241958618164,1.0193431377410889,0.6538031101226807,0.6413964894800178,141.12405262317435,0.032269999384880066,121,04c20edb802f9e46,-0.0,0.0,0.0,0.0,nan,nan,nan,nan,nan,nan,nan,nan,nan,nan,nan,nan,0.0,0.0,0.0,nan,nan,0.20000000298023224,0.20000000298023224,0.09854592000000001,0.0,0.0,0.0,0.0,0.0,0.0,0.0,0.0,0.0,0.0,0.0,0.0,0.025438902899622917,0.032269999384880066,0.00047834994984441437,7.3307600021362305,261,nan,-1.0,True,,False,0.07780987024307251,0.07780987024307251,40.0,40.0,1.0,0.0,0.0,0.0,0.0,0.0
401,8.668754577636719,-0.0,0.059378691017627716,-0.0,0.8549997806549072,0.02501925826072693,3.230135917663574,1.0193699598312378,0.6537203788757324,0.6412984535898619,129.10598243969378,0.02501925826072693,3.230135917663574,1.0193699598312378,0.6537203788757324,0.6412984535898619,129.10598243969378,0.032257065176963806,121,04c20edb802f9e46,-0.0,0.0,0.0,0.0,nan,nan,nan,nan,nan,nan,nan,nan,nan,nan,nan,nan,0.0,0.0,0.0,nan,nan,0.20000000298023224,0.20000000298023224,0.09853884633728,0.0,0.0,0.0,0.0,0.0,0.0,0.0,0.0,0.0,0.0,0.0,0.0,0.025502348318696022,0.032257065176963806,0.00048490700305592327,7.3307600021362305,261,nan,-1.0,True,,False,0.07780987024307251,0.07780987024307251,40.0,40.0,1.0,0.0,0.0,0.0,0.0,0.0
402,8.74905776977539,-0.0,0.05957525968551636,-0.0,0.8629907965660095,0.02255220152437687,3.228480815887451,1.0194309949874878,0.6537196040153503,0.6412592978138495,143.1559048635566,0.02255220152437687,3.228480815887451,1.0194309949874878,0.6537196040153503,0.6412592978138495,143.1559048635566,0.03224320337176323,121,04c20edb802f9e46,-0.0,0.0,0.0,0.0,nan,nan,nan,nan,nan,nan,nan,nan,nan,nan,nan,nan,0.0,0.0,0.0,nan,nan,0.20000000298023224,0.20000000298023224,0.09853175655424001,0.0,0.0,0.0,0.0,0.0,0.0,0.0,0.0,0.0,0.0,0.0,0.0,0.02556578814983368,0.03224320337176323,0.0004758067004786426,7.3307600021362305,261,nan,-1.0,True,,False,0.07780987024307251,0.07780987024307251,40.0,40.0,1.0,0.0,0.0,0.0,0.0,0.0
403,8.633220672607422,-0.0,0.059732817113399506,-0.0,0.8513754606246948,0.025084465742111206,3.227318286895752,1.0194628238677979,0.6536211967468262,0.6411427483613533,128.6580435906118,0.025084465742111206,3.227318286895752,1.0194628238677979,0.6536211967468262,0.6411427483613533,128.6580435906118,0.03223210945725441,121,04c20edb802f9e46,-0.0,0.0,0.0,0.0,nan,nan,nan,nan,nan,nan,nan,nan,nan,nan,nan,nan,0.0,0.0,0.0,nan,nan,0.20000000298023224,0.20000000298023224,0.09852465065856,0.0,0.0,0.0,0.0,0.0,0.0,0.0,0.0,0.0,0.0,0.0,0.0,0.025629227980971336,0.03223210945725441,0.0004831487135561474,7.3307600021362305,261,nan,-1.0,True,,False,0.07780987024307251,0.07780987024307251,40.0,40.0,1.0,0.0,0.0,0.0,0.0,0.0
404,8.56760025024414,-0.0,0.059929780662059784,-0.0,0.844774067401886,0.026508217677474022,3.226517677307129,1.0195035934448242,0.6536041498184204,0.6411003884841076,121.71763928319247,0.026508217677474022,3.226517677307129,1.0195035934448242,0.6536041498184204,0.6411003884841076,121.71763928319247,0.032218240201473236,121,04c20edb802f9e46,-0.0,0.0,0.0,0.0,nan,nan,nan,nan,nan,nan,nan,nan,nan,nan,nan,nan,0.0,0.0,0.0,nan,nan,0.20000000298023224,0.20000000298023224,0.09851752865792002,0.0,0.0,0.0,0.0,0.0,0.0,0.0,0.0,0.0,0.0,0.0,0.0,0.02569265477359295,0.032218240201473236,0.00048681142493478546,7.3307600021362305,261,nan,-1.0,True,,False,0.07780987024307251,0.07780987024307251,40.0,40.0,1.0,0.0,0.0,0.0,0.0,0.0
405,8.6650390625,-0.0,0.06010083854198456,-0.0,0.8544837236404419,0.023484928533434868,3.224792718887329,1.0195578336715698,0.6536183953285217,0.6410802543439353,137.31328644650876,0.023484928533434868,3.224792718887329,1.0195578336715698,0.6536183953285217,0.6410802543439353,137.31328644650876,0.0322062112390995,121,04c20edb802f9e46,-0.0,0.0,0.0,0.0,nan,nan,nan,nan,nan,nan,nan,nan,nan,nan,nan,nan,0.0,0.0,0.0,nan,nan,0.20000000298023224,0.20000000298023224,0.09851039056000001,0.0,0.0,0.0,0.0,0.0,0.0,0.0,0.0,0.0,0.0,0.0,0.0,0.025756074115633965,0.0322062112390995,0.0004769947445311118,7.3307600021362305,261,nan,-1.0,True,,False,0.07780987024307251,0.07780987024307251,40.0,40.0,1.0,0.0,0.0,0.0,0.0,0.0
406,8.538054466247559,-0.0,0.06028517708182335,-0.0,0.8417484760284424,0.026687780395150185,3.224036693572998,1.0196075439453125,0.6535950899124146,0.641026141669535,120.80572628508602,0.026687780395150185,3.224036693572998,1.0196075439453125,0.6535950899124146,0.641026141669535,120.80572628508602,0.03219325467944145,121,04c20edb802f9e46,-0.0,0.0,0.0,0.0,nan,nan,nan,nan,nan,nan,nan,nan,nan,nan,nan,nan,0.0,0.0,0.0,nan,nan,0.20000000298023224,0.20000000298023224,0.09850323637248,0.0,0.0,0.0,0.0,0.0,0.0,0.0,0.0,0.0,0.0,0.0,0.0,0.025819484144449234,0.03219325467944145,0.00048627165620018786,7.3307600021362305,261,nan,-1.0,True,,False,0.07780987024307251,0.07780987024307251,40.0,40.0,1.0,0.0,0.0,0.0,0.0,0.0
407,8.49661636352539,-0.0,0.06046978011727333,-0.0,0.8375677466392517,0.02747924253344536,3.222679853439331,1.0196369886398315,0.653533399105072,0.6409471276408559,117.2768808862531,0.02747924253344536,3.222679853439331,1.0196369886398315,0.653533399105072,0.6409471276408559,117.2768808862531,0.032180290669202805,121,04c20edb802f9e46,-0.0,0.0,0.0,0.0,nan,nan,nan,nan,nan,nan,nan,nan,nan,nan,nan,nan,0.0,0.0,0.0,nan,nan,0.20000000298023224,0.20000000298023224,0.09849606610304001,0.0,0.0,0.0,0.0,0.0,0.0,0.0,0.0,0.0,0.0,0.0,0.0,0.025882882997393608,0.032180290669202805,0.0004885609480425046,7.3307600021362305,261,nan,-1.0,True,,False,0.07780987024307251,0.07780987024307251,40.0,40.0,1.0,0.0,0.0,0.0,0.0,0.0
408,8.58823013305664,-0.0,0.060641419142484665,-0.0,0.8466947674751282,0.02442838065326214,3.2215726375579834,1.0197001695632935,0.6535572409629822,0.6409307956111068,131.87827237855728,0.02442838065326214,3.2215726375579834,1.0197001695632935,0.6535572409629822,0.6409307956111068,131.87827237855728,0.032168250530958176,121,04c20edb802f9e46,-0.0,0.0,0.0,0.0,nan,nan,nan,nan,nan,nan,nan,nan,nan,nan,nan,nan,0.0,0.0,0.0,nan,nan,0.20000000298023224,0.20000000298023224,0.09848887975936,0.0,0.0,0.0,0.0,0.0,0.0,0.0,0.0,0.0,0.0,0.0,0.0,0.025946274399757385,0.032168250530958176,0.0004784594495959027,7.3307600021362305,261,nan,-1.0,True,,False,0.07780987024307251,0.07780987024307251,40.0,40.0,1.0,0.0,0.0,0.0,0.0,0.0
409,8.565584182739258,-0.0,0.060813263058662415,-0.0,0.8443957567214966,0.02482975646853447,3.2202627658843994,1.01975679397583,0.6535694003105164,0.6409071301818726,129.6936911147429,0.02482975646853447,3.2202627658843994,1.01975679397583,0.6535694003105164,0.6409071301818726,129.6936911147429,0.03215620294213295,121,04c20edb802f9e46,-0.0,0.0,0.0,0.0,nan,nan,nan,nan,nan,nan,nan,nan,nan,nan,nan,nan,0.0,0.0,0.0,nan,nan,0.20000000298023224,0.20000000298023224,0.09848167734912,0.0,0.0,0.0,0.0,0.0,0.0,0.0,0.0,0.0,0.0,0.0,0.0,0.026009662076830864,0.03215620294213295,0.00047925373223733914,7.3307600021362305,261,nan,-1.0,True,,False,0.07780987024307251,0.07780987024307251,40.0,40.0,1.0,0.0,0.0,0.0,0.0,0.0
410,8.536772727966309,-0.0,0.061024874448776245,-0.0,0.841472327709198,0.025278417393565178,3.2189154624938965,1.0197972059249878,0.6535302400588989,0.6408433326370282,127.33848849704084,0.025278417393565178,3.2189154624938965,1.0197972059249878,0.6535302400588989,0.6408433326370282,127.33848849704084,0.032141368836164474,121,04c20edb802f9e46,-0.0,0.0,0.0,0.0,nan,nan,nan,nan,nan,nan,nan,nan,nan,nan,nan,nan,0.0,0.0,0.0,nan,nan,0.20000000298023224,0.20000000298023224,0.09847445888,0.0,0.0,0.0,0.0,0.0,0.0,0.0,0.0,0.0,0.0,0.0,0.0,0.026073036715388298,0.032141368836164474,0.0004803161748441198,7.3307600021362305,261,nan,-1.0,True,,False,0.07780987024307251,0.07780987024307251,40.0,40.0,1.0,0.0,0.0,0.0,0.0,0.0
411,8.482643127441406,-0.0,0.061183929443359375,-0.0,0.8360275626182556,0.026431526988744736,3.2177884578704834,1.0198373794555664,0.6534961462020874,0.6407846577960813,121.74054337612448,0.026431526988744736,3.2177884578704834,1.0198373794555664,0.6534961462020874,0.6407846577960813,121.74054337612448,0.03213024139404297,121,04c20edb802f9e46,-0.0,0.0,0.0,0.0,nan,nan,nan,nan,nan,nan,nan,nan,nan,nan,nan,nan,0.0,0.0,0.0,nan,nan,0.20000000298023224,0.20000000298023224,0.09846722435968001,0.0,0.0,0.0,0.0,0.0,0.0,0.0,0.0,0.0,0.0,0.0,0.0,0.026136402040719986,0.03213024139404297,0.00048171750677283853,7.3307600021362305,261,nan,-1.0,True,,False,0.07780987024307251,0.07780987024307251,40.0,40.0,1.0,0.0,0.0,0.0,0.0,0.0
412,8.409920692443848,-0.0,0.06136956065893173,-0.0,0.8287181854248047,0.028385596349835396,3.2165608406066895,1.0198670625686646,0.6534096002578735,0.6406811478078119,113.31665542497372,0.028385596349835396,3.2165608406066895,1.0198670625686646,0.6534096002578735,0.6406811478078119,113.31665542497372,0.03211725503206253,121,04c20edb802f9e46,-0.0,0.0,0.0,0.0,nan,nan,nan,nan,nan,nan,nan,nan,nan,nan,nan,nan,0.0,0.0,0.0,nan,nan,0.20000000298023224,0.20000000298023224,0.09845997379584001,0.0,0.0,0.0,0.0,0.0,0.0,0.0,0.0,0.0,0.0,0.0,0.0,0.02619972638785839,0.03211725503206253,0.0004874318899510399,7.3307600021362305,261,nan,-1.0,True,,False,0.07780987024307251,0.07780987024307251,40.0,40.0,1.0,0.0,0.0,0.0,0.0,0.0
413,8.353142738342285,-0.0,0.06155545264482498,-0.0,0.8230032324790955,0.029994044452905655,3.2153263092041016,1.0199209451675415,0.6534131169319153,0.6406507484995121,107.19882456174125,0.029994044452905655,3.2153263092041016,1.0199209451675415,0.6534131169319153,0.6406507484995121,107.19882456174125,0.032104261219501495,121,04c20edb802f9e46,-0.0,0.0,0.0,0.0,nan,nan,nan,nan,nan,nan,nan,nan,nan,nan,nan,nan,0.0,0.0,0.0,nan,nan,0.20000000298023224,0.20000000298023224,0.09845270719616,0.0,0.0,0.0,0.0,0.0,0.0,0.0,0.0,0.0,0.0,0.0,0.0,0.02626294456422329,0.032104261219501495,0.0004917800793009519,7.3307600021362305,261,nan,-1.0,True,,False,0.07780987024307251,0.07780987024307251,40.0,40.0,1.0,0.0,0.0,0.0,0.0,0.0
414,8.342108726501465,-0.0,0.061728283762931824,-0.0,0.8218651413917542,0.030055534094572067,3.214181900024414,1.01997709274292,0.6534157991409302,0.6406181117104953,106.94143347813224,0.030055534094572067,3.214181900024414,1.01997709274292,0.6534157991409302,0.6406181117104953,106.94143347813224,0.03209219127893448,121,04c20edb802f9e46,-0.0,0.0,0.0,0.0,nan,nan,nan,nan,nan,nan,nan,nan,nan,nan,nan,nan,0.0,0.0,0.0,nan,nan,0.20000000298023224,0.20000000298023224,0.09844542456832002,0.0,0.0,0.0,0.0,0.0,0.0,0.0,0.0,0.0,0.0,0.0,0.0,0.026326140388846397,0.03209219127893448,0.0004917083665532118,7.3307600021362305,261,nan,-1.0,True,,False,0.07780987024307251,0.07780987024307251,40.0,40.0,1.0,0.0,0.0,0.0,0.0,0.0
415,8.403728485107422,-0.0,0.06191462278366089,-0.0,0.827989935874939,0.027629494667053223,3.2124528884887695,1.020018219947815,0.6533950567245483,0.6405719466050093,116.26897006985283,0.027629494667053223,3.2124528884887695,1.020018219947815,0.6533950567245483,0.6405719466050093,116.26897006985283,0.03207918629050255,121,04c20edb802f9e46,-0.0,0.0,0.0,0.0,nan,nan,nan,nan,nan,nan,nan,nan,nan,nan,nan,nan,0.0,0.0,0.0,nan,nan,0.20000000298023224,0.20000000298023224,0.09843812592000001,0.0,0.0,0.0,0.0,0.0,0.0,0.0,0.0,0.0,0.0,0.0,0.0,0.02638930082321167,0.03207918629050255,0.0004829393274121685,7.3307600021362305,261,nan,-1.0,True,,False,0.07780987024307251,0.07780987024307251,40.0,40.0,1.0,0.0,0.0,0.0,0.0,0.0
416,8.381235122680664,-0.0,0.06210116297006607,-0.0,0.8257032632827759,0.028167899698019028,3.2115838527679443,1.020073413848877,0.6534304618835449,0.6405719951253921,114.01573731795865,0.028167899698019028,3.2115838527679443,1.020073413848877,0.6534304618835449,0.6405719951253921,114.01573731795865,0.03206617757678032,121,04c20edb802f9e46,-0.0,0.0,0.0,0.0,nan,nan,nan,nan,nan,nan,nan,nan,nan,nan,nan,nan,0.0,0.0,0.0,nan,nan,0.20000000298023224,0.20000000298023224,0.09843081125888001,0.0,0.0,0.0,0.0,0.0,0.0,0.0,0.0,0.0,0.0,0.0,0.0,0.026452435180544853,0.03206617757678032,0.0004840638434870925,7.3307600021362305,261,nan,-1.0,True,,False,0.07780987024307251,0.07780987024307251,40.0,40.0,1.0,0.0,0.0,0.0,0.0,0.0
417,8.27466106414795,-0.0,0.06227464601397514,-0.0,0.815011203289032,0.03135593980550766,3.210280418395996,1.0201009511947632,0.6533269286155701,0.6404532099008242,102.38189122407077,0.03135593980550766,3.210280418395996,1.0201009511947632,0.6533269286155701,0.6404532099008242,102.38189122407077,0.03205409273505211,121,04c20edb802f9e46,-0.0,0.0,0.0,0.0,nan,nan,nan,nan,nan,nan,nan,nan,nan,nan,nan,nan,0.0,0.0,0.0,nan,nan,0.20000000298023224,0.20000000298023224,0.09842348059264,0.0,0.0,0.0,0.0,0.0,0.0,0.0,0.0,0.0,0.0,0.0,0.0,0.0265155341476202,0.03205409273505211,0.0004932224398999097,7.3307600021362305,261,nan,-1.0,True,,False,0.07780987024307251,0.07780987024307251,40.0,40.0,1.0,0.0,0.0,0.0,0.0,0.0
418,8.266210556030273,-0.0,0.062434956431388855,-0.0,0.8141340017318726,0.03150829300284386,3.2091236114501953,1.0201441049575806,0.653336763381958,0.6404357582491984,101.85012597034527,0.03150829300284386,3.2091236114501953,1.0201441049575806,0.653336763381958,0.6404357582491984,101.85012597034527,0.032042935490608215,121,04c20edb802f9e46,-0.0,0.0,0.0,0.0,nan,nan,nan,nan,nan,nan,nan,nan,nan,nan,nan,nan,0.0,0.0,0.0,nan,nan,0.20000000298023224,0.20000000298023224,0.09841613392896001,0.0,0.0,0.0,0.0,0.0,0.0,0.0,0.0,0.0,0.0,0.0,0.0,0.026578614488244057,0.032042935490608215,0.0004932274775910628,7.3307600021362305,261,nan,-1.0,True,,False,0.07780987024307251,0.07780987024307251,40.0,40.0,1.0,0.0,0.0,0.0,0.0,0.0
419,8.283345222473145,-0.0,0.06263542175292969,-0.0,0.8158074617385864,0.030597928911447525,3.20797061920166,1.0202208757400513,0.6534144282341003,0.6404636915120212,104.84273718282515,0.030597928911447525,3.20797061920166,1.0202208757400513,0.6534144282341003,0.6404636915120212,104.84273718282515,0.03202851489186287,121,04c20edb802f9e46,-0.0,0.0,0.0,0.0,nan,nan,nan,nan,nan,nan,nan,nan,nan,nan,nan,nan,0.0,0.0,0.0,nan,nan,0.20000000298023224,0.20000000298023224,0.09840877127552,0.0,0.0,0.0,0.0,0.0,0.0,0.0,0.0,0.0,0.0,0.0,0.0,0.02664165571331978,0.03202851489186287,0.0004899878119886125,7.3307600021362305,261,nan,-1.0,True,,False,0.07780987024307251,0.07780987024307251,40.0,40.0,1.0,0.0,0.0,0.0,0.0,0.0
420,8.189038276672363,-0.0,0.062809519469738,-0.0,0.8063418865203857,0.03384571522474289,3.206737756729126,1.020240068435669,0.6533135771751404,0.6403527928253829,94.7457524663223,0.03384571522474289,3.206737756729126,1.020240068435669,0.6533135771751404,0.6403527928253829,94.7457524663223,0.03201688081026077,121,04c20edb802f9e46,-0.0,0.0,0.0,0.0,nan,nan,nan,nan,nan,nan,nan,nan,nan,nan,nan,nan,0.0,0.0,0.0,nan,nan,0.20000000298023224,0.20000000298023224,0.09840139264000002,0.0,0.0,0.0,0.0,0.0,0.0,0.0,0.0,0.0,0.0,0.0,0.0,0.02670466899871826,0.03201688081026077,0.0004989148583263159,7.3307600021362305,261,nan,-1.0,True,,False,0.07780987024307251,0.07780987024307251,40.0,40.0,1.0,0.0,0.0,0.0,0.0,0.0
421,8.189217567443848,-0.0,0.06299714744091034,-0.0,0.8063222765922546,0.0337723046541214,3.2055768966674805,1.0202950239181519,0.6533438563346863,0.6403479787892189,94.91732736327452,0.0337723046541214,3.2055768966674805,1.0202950239181519,0.6533438563346863,0.6403479787892189,94.91732736327452,0.03200338035821915,121,04c20edb802f9e46,-0.0,0.0,0.0,0.0,nan,nan,nan,nan,nan,nan,nan,nan,nan,nan,nan,nan,0.0,0.0,0.0,nan,nan,0.20000000298023224,0.20000000298023224,0.09839399803008,0.0,0.0,0.0,0.0,0.0,0.0,0.0,0.0,0.0,0.0,0.0,0.0,0.026767659932374954,0.03200338035821915,0.00049821382913251,7.3307600021362305,261,nan,-1.0,True,,False,0.07780987024307251,0.07780987024307251,40.0,40.0,1.0,0.0,0.0,0.0,0.0,0.0
422,8.147175788879395,-0.0,0.06319830566644669,-0.0,0.8020779490470886,0.035153284668922424,3.2041594982147217,1.020343542098999,0.6533082723617554,0.6402826552102272,91.14822493521886,0.035153284668922424,3.2041594982147217,1.020343542098999,0.6533082723617554,0.6402826552102272,91.14822493521886,0.03198987618088722,121,04c20edb802f9e46,-0.0,0.0,0.0,0.0,nan,nan,nan,nan,nan,nan,nan,nan,nan,nan,nan,nan,0.0,0.0,0.0,nan,nan,0.20000000298023224,0.20000000298023224,0.09838658745344,0.0,0.0,0.0,0.0,0.0,0.0,0.0,0.0,0.0,0.0,0.0,0.0,0.02683061920106411,0.03198987618088722,0.000501925830349137,7.3307600021362305,261,nan,-1.0,True,,False,0.07780987024307251,0.07780987024307251,40.0,40.0,1.0,0.0,0.0,0.0,0.0,0.0
423,8.141375541687012,-0.0,0.06335967034101486,-0.0,0.8014655709266663,0.035103604197502136,3.202709436416626,1.0203922986984253,0.6533090472221375,0.6402528204647118,91.23591464845997,0.035103604197502136,3.202709436416626,1.0203922986984253,0.6533090472221375,0.6402528204647118,91.23591464845997,0.03197869285941124,121,04c20edb802f9e46,-0.0,0.0,0.0,0.0,nan,nan,nan,nan,nan,nan,nan,nan,nan,nan,nan,nan,0.0,0.0,0.0,nan,nan,0.20000000298023224,0.20000000298023224,0.09837916091776,0.0,0.0,0.0,0.0,0.0,0.0,0.0,0.0,0.0,0.0,0.0,0.0,0.026893556118011475,0.03197869285941124,0.0005013329885059647,7.3307600021362305,261,nan,-1.0,True,,False,0.07780987024307251,0.07780987024307251,40.0,40.0,1.0,0.0,0.0,0.0,0.0,0.0
424,8.187487602233887,-0.0,0.06353451311588287,-0.0,0.8060418367385864,0.03313756361603737,3.2018990516662598,1.0204747915267944,0.6534236669540405,0.6403133839067339,96.62445582199223,0.03313756361603737,3.2018990516662598,1.0204747915267944,0.6534236669540405,0.6403133839067339,96.62445582199223,0.03196657821536064,121,04c20edb802f9e46,-0.0,0.0,0.0,0.0,nan,nan,nan,nan,nan,nan,nan,nan,nan,nan,nan,nan,0.0,0.0,0.0,nan,nan,0.20000000298023224,0.20000000298023224,0.09837171843072001,0.0,0.0,0.0,0.0,0.0,0.0,0.0,0.0,0.0,0.0,0.0,0.0,0.026956453919410706,0.03196657821536064,0.0004947671820900723,7.3307600021362305,261,nan,-1.0,True,,False,0.07780987024307251,0.07780987024307251,40.0,40.0,1.0,0.0,0.0,0.0,0.0,0.0
425,8.14379596710205,-0.0,0.06373634934425354,-0.0,0.801632285118103,0.03458225727081299,3.200248956680298,1.0205215215682983,0.653360903263092,0.6402225621455117,92.54019862321913,0.03458225727081299,3.200248956680298,1.0205215215682983,0.653360903263092,0.6402225621455117,92.54019862321913,0.03195258975028992,121,04c20edb802f9e46,-0.0,0.0,0.0,0.0,nan,nan,nan,nan,nan,nan,nan,nan,nan,nan,nan,nan,0.0,0.0,0.0,nan,nan,0.20000000298023224,0.20000000298023224,0.09836426000000001,0.0,0.0,0.0,0.0,0.0,0.0,0.0,0.0,0.0,0.0,0.0,0.0,0.027019331231713295,0.03195258975028992,0.000499114535159606,7.3307600021362305,261,nan,-1.0,True,,False,0.07780987024307251,0.07780987024307251,40.0,40.0,1.0,0.0,0.0,0.0,0.0,0.0
426,8.063451766967773,-0.0,0.06393852084875107,-0.0,0.7935574650764465,0.037980563938617706,3.199448347091675,1.0205435752868652,0.6533254384994507,0.6401739762222373,84.23909535051833,0.037980563938617706,3.199448347091675,1.0205435752868652,0.6533254384994507,0.6401739762222373,84.23909535051833,0.031938593834638596,121,04c20edb802f9e46,-0.0,0.0,0.0,0.0,nan,nan,nan,nan,nan,nan,nan,nan,nan,nan,nan,nan,0.0,0.0,0.0,nan,nan,0.20000000298023224,0.20000000298023224,0.09835678563328,0.0,0.0,0.0,0.0,0.0,0.0,0.0,0.0,0.0,0.0,0.0,0.0,0.027082178741693497,0.031938593834638596,0.0005098075264413637,7.3307600021362305,261,nan,-1.0,True,,False,0.07780987024307251,0.07780987024307251,40.0,40.0,1.0,0.0,0.0,0.0,0.0,0.0
427,8.04306697845459,-0.0,0.0641140267252922,-0.0,0.7914838790893555,0.03874452784657478,3.1981394290924072,1.020599603652954,0.6533517837524414,0.6401646457768054,82.54428707343608,0.03874452784657478,3.1981394290924072,1.020599603652954,0.6533517837524414,0.6401646457768054,82.54428707343608,0.031926464289426804,121,2f0e412259cd596a,-0.0,0.0,0.0,0.0,nan,nan,nan,nan,nan,nan,nan,nan,nan,nan,nan,nan,0.0,0.0,0.0,nan,nan,0.20000000298023224,0.20000000298023224,0.09834929533824,0.0,0.0,0.0,0.0,0.0,0.0,0.0,0.0,0.0,0.0,0.0,0.0,0.02714500203728676,0.031926464289426804,0.000511408536340241,7.3307600021362305,261,nan,-1.0,True,,False,0.07780987024307251,0.07780987024307251,40.0,40.0,1.0,0.0,0.0,0.0,0.0,0.0
428,8.034650802612305,-0.0,0.0642763152718544,-0.0,0.7906097769737244,0.038801006972789764,3.1965274810791016,1.0206369161605835,0.653290331363678,0.6400810327547387,82.38259082607705,0.038801006972789764,3.1965274810791016,1.0206369161605835,0.653290331363678,0.6400810327547387,82.38259082607705,0.03191525861620903,121,2f0e412259cd596a,-0.0,0.0,0.0,0.0,nan,nan,nan,nan,nan,nan,nan,nan,nan,nan,nan,nan,0.0,0.0,0.0,nan,nan,0.20000000298023224,0.20000000298023224,0.09834178912256,0.0,0.0,0.0,0.0,0.0,0.0,0.0,0.0,0.0,0.0,0.0,0.0,0.027207791805267334,0.03191525861620903,0.000511132343490317,7.3307600021362305,261,nan,-1.0,True,,False,0.07780987024307251,0.07780987024307251,40.0,40.0,1.0,0.0,0.0,0.0,0.0,0.0
429,8.000678062438965,-0.0,0.06446566432714462,-0.0,0.787174642086029,0.04030598700046539,3.1955623626708984,1.0206739902496338,0.6533027291297913,0.6400699296452221,79.28257314810331,0.04030598700046539,3.1955623626708984,1.0206739902496338,0.6533027291297913,0.6400699296452221,79.28257314810331,0.03190218284726143,121,2f0e412259cd596a,-0.0,0.0,0.0,0.0,nan,nan,nan,nan,nan,nan,nan,nan,nan,nan,nan,nan,0.0,0.0,0.0,nan,nan,0.20000000298023224,0.20000000298023224,0.09833426699391999,0.0,0.0,0.0,0.0,0.0,0.0,0.0,0.0,0.0,0.0,0.0,0.0,0.027270564809441566,0.03190218284726143,0.0005139965373928135,7.3307600021362305,261,nan,-1.0,True,,False,0.07780987024307251,0.07780987024307251,40.0,40.0,1.0,0.0,0.0,0.0,0.0,0.0
430,7.993314266204834,-0.0,0.06465525180101395,-0.0,0.7864003777503967,0.040440987795591354,3.1940670013427734,1.0207284688949585,0.6532905101776123,0.6400237968133339,78.9809343304659,0.040440987795591354,3.1940670013427734,1.0207284688949585,0.6532905101776123,0.6400237968133339,78.9809343304659,0.03188910335302353,121,2f0e412259cd596a,-0.0,0.0,0.0,0.0,nan,nan,nan,nan,nan,nan,nan,nan,nan,nan,nan,nan,0.0,0.0,0.0,nan,nan,0.20000000298023224,0.20000000298023224,0.09832672896,0.0,0.0,0.0,0.0,0.0,0.0,0.0,0.0,0.0,0.0,0.0,0.0,0.027333304286003113,0.03188910335302353,0.0005138782926223939,7.3307600021362305,261,nan,-1.0,True,,False,0.07780987024307251,0.07780987024307251,40.0,40.0,1.0,0.0,0.0,0.0,0.0,0.0
431,7.969229221343994,-0.0,0.06484504789113998,-0.0,0.7839539051055908,0.041563086211681366,3.1931228637695312,1.0207961797714233,0.6533576250076294,0.6400470906483302,76.82593269197848,0.041563086211681366,3.1931228637695312,1.0207961797714233,0.6533576250076294,0.6400470906483302,76.82593269197848,0.03187601640820503,121,86257d5e20253ba0,-0.0,0.0,0.0,0.0,nan,nan,nan,nan,nan,nan,nan,nan,nan,nan,nan,nan,0.0,0.0,0.0,nan,nan,0.20000000298023224,0.20000000298023224,0.09831917502848,0.0,0.0,0.0,0.0,0.0,0.0,0.0,0.0,0.0,0.0,0.0,0.0,0.02739601768553257,0.03187601640820503,0.000516455782644698,7.3307600021362305,261,nan,-1.0,True,,False,0.07780987024307251,0.07780987024307251,40.0,40.0,1.0,0.0,0.0,0.0,0.0,0.0
432,7.998090744018555,-0.0,0.06503510475158691,-0.0,0.7868020534515381,0.04017171263694763,3.1916890144348145,1.020875334739685,0.6534432172775269,0.6400813057591891,79.45115617249742,0.04017171263694763,3.1916890144348145,1.020875334739685,0.6534432172775269,0.6400813057591891,79.45115617249742,0.03186292201280594,121,86257d5e20253ba0,-0.0,0.0,0.0,0.0,nan,nan,nan,nan,nan,nan,nan,nan,nan,nan,nan,nan,0.0,0.0,0.0,nan,nan,0.20000000298023224,0.20000000298023224,0.09831160520704,0.0,0.0,0.0,0.0,0.0,0.0,0.0,0.0,0.0,0.0,0.0,0.0,0.027458706870675087,0.03186292201280594,0.0005120185389841936,7.3307600021362305,261,nan,-1.0,True,,False,0.07780987024307251,0.07780987024307251,40.0,40.0,1.0,0.0,0.0,0.0,0.0,0.0
433,7.935209274291992,-0.0,0.06519833207130432,-0.0,0.780481219291687,0.043026845902204514,3.190739631652832,1.0208919048309326,0.6533545851707458,0.6399840982958389,74.1569493358878,0.043026845902204514,3.190739631652832,1.0208919048309326,0.6533545851707458,0.6399840982958389,74.1569493358878,0.03185169771313667,121,86257d5e20253ba0,-0.0,0.0,0.0,0.0,nan,nan,nan,nan,nan,nan,nan,nan,nan,nan,nan,nan,0.0,0.0,0.0,nan,nan,0.20000000298023224,0.20000000298023224,0.09830401950336001,0.0,0.0,0.0,0.0,0.0,0.0,0.0,0.0,0.0,0.0,0.0,0.0,0.027521375566720963,0.03185169771313667,0.0005189515215988649,7.3307600021362305,261,nan,-1.0,True,,False,0.07780987024307251,0.07780987024307251,40.0,40.0,1.0,0.0,0.0,0.0,0.0,0.0
434,7.903842926025391,-0.0,0.06538879871368408,-0.0,0.7773065567016602,0.0446203276515007,3.189586639404297,1.0209425687789917,0.6533798575401306,0.6399770932478092,71.48281528356331,0.0446203276515007,3.189586639404297,1.0209425687789917,0.6533798575401306,0.6399770932478092,71.48281528356331,0.03183859586715698,121,86257d5e20253ba0,-0.0,0.0,0.0,0.0,nan,nan,nan,nan,nan,nan,nan,nan,nan,nan,nan,nan,0.0,0.0,0.0,nan,nan,0.20000000298023224,0.20000000298023224,0.09829641792512,0.0,0.0,0.0,0.0,0.0,0.0,0.0,0.0,0.0,0.0,0.0,0.0,0.02758401446044445,0.03183859586715698,0.000522938890298974,7.3307600021362305,261,nan,-1.0,True,,False,0.07780987024307251,0.07780987024307251,40.0,40.0,1.0,0.0,0.0,0.0,0.0,0.0
435,7.935667514801025,-0.0,0.06559304893016815,-0.0,0.7804481387138367,0.04287724196910858,3.1883761882781982,1.0210171937942505,0.6534520983695984,0.64000107181474,74.36057082625095,0.04287724196910858,3.1883761882781982,1.0210171937942505,0.6534520983695984,0.64000107181474,74.36057082625095,0.03182455152273178,121,86257d5e20253ba0,-0.0,0.0,0.0,0.0,nan,nan,nan,nan,nan,nan,nan,nan,nan,nan,nan,nan,0.0,0.0,0.0,nan,nan,0.20000000298023224,0.20000000298023224,0.09828880048000001,0.0,0.0,0.0,0.0,0.0,0.0,0.0,0.0,0.0,0.0,0.0,0.0,0.027646629139780998,0.03182455152273178,0.0005174590476144658,7.3307600021362305,261,nan,-1.0,True,,False,0.07780987024307251,0.07780987024307251,40.0,40.0,1.0,0.0,0.0,0.0,0.0,0.0
436,7.93162202835083,-0.0,0.06578397750854492,-0.0,0.7800053954124451,0.04306960850954056,3.1871557235717773,1.0210769176483154,0.6535123586654663,0.640022653896239,74.00010898324685,0.04306960850954056,3.1871557235717773,1.0210769176483154,0.6535123586654663,0.640022653896239,74.00010898324685,0.031811438500881195,121,86257d5e20253ba0,-0.0,0.0,0.0,0.0,nan,nan,nan,nan,nan,nan,nan,nan,nan,nan,nan,nan,0.0,0.0,0.0,nan,nan,0.20000000298023224,0.20000000298023224,0.09828116717568001,0.0,0.0,0.0,0.0,0.0,0.0,0.0,0.0,0.0,0.0,0.0,0.0,0.027709219604730606,0.031811438500881195,0.0005167197966784443,7.3307600021362305,261,nan,-1.0,True,,False,0.07780987024307251,0.07780987024307251,40.0,40.0,1.0,0.0,0.0,0.0,0.0,0.0
437,7.877171993255615,-0.0,0.0659615695476532,-0.0,0.7745248675346375,0.04626791179180145,3.185528516769409,1.0211104154586792,0.6534671783447266,0.6399574115118505,68.84962803386938,0.04626791179180145,3.185528516769409,1.0211104154586792,0.6534671783447266,0.6399574115118505,68.84962803386938,0.031799256801605225,121,86257d5e20253ba0,-0.0,0.0,0.0,0.0,nan,nan,nan,nan,nan,nan,nan,nan,nan,nan,nan,nan,0.0,0.0,0.0,nan,nan,0.20000000298023224,0.20000000298023224,0.09827351801984001,0.0,0.0,0.0,0.0,0.0,0.0,0.0,0.0,0.0,0.0,0.0,0.0,0.027771783992648125,0.031799256801605225,0.0005252798689525662,7.3307600021362305,261,nan,-1.0,True,,False,0.07780987024307251,0.07780987024307251,40.0,40.0,1.0,0.0,0.0,0.0,0.0,0.0
438,7.88860559463501,-0.0,0.06612568348646164,-0.0,0.7756354212760925,0.045050401240587234,3.1842825412750244,1.0211695432662964,0.6534890532493591,0.6399417780901686,70.68266771409375,0.045050401240587234,3.1842825412750244,1.0211695432662964,0.6534890532493591,0.6399417780901686,70.68266771409375,0.03178801015019417,121,86257d5e20253ba0,-0.0,0.0,0.0,0.0,nan,nan,nan,nan,nan,nan,nan,nan,nan,nan,nan,nan,0.0,0.0,0.0,nan,nan,0.20000000298023224,0.20000000298023224,0.09826585302016,0.0,0.0,0.0,0.0,0.0,0.0,0.0,0.0,0.0,0.0,0.0,0.0,0.027834326028823853,0.03178801015019417,0.0005213399117565132,7.3307600021362305,261,nan,-1.0,True,,False,0.07780987024307251,0.07780987024307251,40.0,40.0,1.0,0.0,0.0,0.0,0.0,0.0
439,7.878206729888916,-0.0,0.06634454429149628,-0.0,0.7745517492294312,0.04603353887796402,3.183534622192383,1.0212273597717285,0.6535509824752808,0.6399661899201043,69.15685171700588,0.04603353887796402,3.183534622192383,1.0212273597717285,0.6535509824752808,0.6399661899201043,69.15685171700588,0.031773004680871964,121,86257d5e20253ba0,-0.0,0.0,0.0,0.0,nan,nan,nan,nan,nan,nan,nan,nan,nan,nan,nan,nan,0.0,0.0,0.0,nan,nan,0.20000000298023224,0.20000000298023224,0.09825817218432001,0.0,0.0,0.0,0.0,0.0,0.0,0.0,0.0,0.0,0.0,0.0,0.0,0.027896840125322342,0.031773004680871964,0.000523750950151225,7.3307600021362305,261,nan,-1.0,True,,False,0.07780987024307251,0.07780987024307251,40.0,40.0,1.0,0.0,0.0,0.0,0.0,0.0
440,7.814945697784424,-0.0,0.06650914251804352,-0.0,0.768192708492279,0.04974856227636337,3.1821131706237793,1.0212528705596924,0.6534860730171204,0.6398866449785161,63.963922272697936,0.04974856227636337,3.1821131706237793,1.0212528705596924,0.6534860730171204,0.6398866449785161,63.963922272697936,0.03176174685359001,121,86257d5e20253ba0,-0.0,0.0,0.0,0.0,nan,nan,nan,nan,nan,nan,nan,nan,nan,nan,nan,nan,0.0,0.0,0.0,nan,nan,0.20000000298023224,0.20000000298023224,0.09825047552,0.0,0.0,0.0,0.0,0.0,0.0,0.0,0.0,0.0,0.0,0.0,0.0,0.02795933187007904,0.03176174685359001,0.0005333887568212958,7.3307600021362305,261,nan,-1.0,True,,False,0.07780987024307251,0.07780987024307251,40.0,40.0,1.0,0.0,0.0,0.0,0.0,0.0
441,7.8050689697265625,-0.0,0.06670116633176804,-0.0,0.7671666741371155,0.05080512538552284,3.181107997894287,1.0213024616241455,0.6535396575927734,0.6399080411041698,62.61391884687207,0.05080512538552284,3.181107997894287,1.0213024616241455,0.6535396575927734,0.6399080411041698,62.61391884687207,0.031748607754707336,121,86257d5e20253ba0,-0.0,0.0,0.0,0.0,nan,nan,nan,nan,nan,nan,nan,nan,nan,nan,nan,nan,0.0,0.0,0.0,nan,nan,0.20000000298023224,0.20000000298023224,0.09824276303488,0.0,0.0,0.0,0.0,0.0,0.0,0.0,0.0,0.0,0.0,0.0,0.0,0.02802180126309395,0.031748607754707336,0.0005360503455449361,7.3307600021362305,261,nan,-1.0,True,,False,0.07780987024307251,0.07780987024307251,40.0,40.0,1.0,0.0,0.0,0.0,0.0,0.0
442,7.818973064422607,-0.0,0.0668797641992569,-0.0,0.7685213685035706,0.04985926300287247,3.1794023513793945,1.0213960409164429,0.6536272764205933,0.639935196766701,63.76753605836942,0.04985926300287247,3.1794023513793945,1.0213960409164429,0.6536272764205933,0.639935196766701,63.76753605836942,0.031736403703689575,121,86257d5e20253ba0,-0.0,0.0,0.0,0.0,nan,nan,nan,nan,nan,nan,nan,nan,nan,nan,nan,nan,0.0,0.0,0.0,nan,nan,0.20000000298023224,0.20000000298023224,0.09823503473664001,0.0,0.0,0.0,0.0,0.0,0.0,0.0,0.0,0.0,0.0,0.0,0.0,0.02808423899114132,0.031736403703689575,0.0005320827467585332,7.3307600021362305,261,nan,-1.0,True,,False,0.07780987024307251,0.07780987024307251,40.0,40.0,1.0,0.0,0.0,0.0,0.0,0.0
443,7.774936199188232,-0.0,0.06707226485013962,-0.0,0.764079213142395,0.052506864070892334,3.1781842708587646,1.021418571472168,0.653567373752594,0.6398624344675944,60.52892944754285,0.052506864070892334,3.1781842708587646,1.021418571472168,0.653567373752594,0.6398624344675944,60.52892944754285,0.031723253428936005,121,86257d5e20253ba0,-0.0,0.0,0.0,0.0,nan,nan,nan,nan,nan,nan,nan,nan,nan,nan,nan,nan,0.0,0.0,0.0,nan,nan,0.20000000298023224,0.20000000298023224,0.09822729063296001,0.0,0.0,0.0,0.0,0.0,0.0,0.0,0.0,0.0,0.0,0.0,0.0,0.0281466543674469,0.031723253428936005,0.0005392930022480869,7.3307600021362305,261,nan,-1.0,True,,False,0.07780987024307251,0.07780987024307251,40.0,40.0,1.0,0.0,0.0,0.0,0.0,0.0
444,7.761803150177002,-0.0,0.06726494431495667,-0.0,0.7627273201942444,0.05354359745979309,3.177239418029785,1.0214711427688599,0.6535889506340027,0.6398506264820619,59.339296736937314,0.05354359745979309,3.177239418029785,1.0214711427688599,0.6535889506340027,0.6398506264820619,59.339296736937314,0.031710099428892136,121,86257d5e20253ba0,-0.0,0.0,0.0,0.0,nan,nan,nan,nan,nan,nan,nan,nan,nan,nan,nan,nan,0.0,0.0,0.0,nan,nan,0.20000000298023224,0.20000000298023224,0.09821953073152001,0.0,0.0,0.0,0.0,0.0,0.0,0.0,0.0,0.0,0.0,0.0,0.0,0.028209049254655838,0.031710099428892136,0.0005402701071943738,7.3307600021362305,261,nan,-1.0,True,,False,0.07780987024307251,0.07780987024307251,40.0,40.0,1.0,0.0,0.0,0.0,0.0,0.0
445,7.743474006652832,-0.0,0.06743049621582031,-0.0,0.7608612775802612,0.05514558404684067,3.176156759262085,1.021525502204895,0.6536681056022644,0.6398940645058446,57.59584949837972,0.05514558404684067,3.176156759262085,1.021525502204895,0.6536681056022644,0.6398940645058446,57.59584949837972,0.03169881924986839,121,86257d5e20253ba0,-0.0,0.0,0.0,0.0,nan,nan,nan,nan,nan,nan,nan,nan,nan,nan,nan,nan,0.0,0.0,0.0,nan,nan,0.20000000298023224,0.20000000298023224,0.09821175504000001,0.0,0.0,0.0,0.0,0.0,0.0,0.0,0.0,0.0,0.0,0.0,0.0,0.028271419927477837,0.03169881924986839,0.0005437791623990051,7.3307600021362305,261,nan,-1.0,True,,False,0.07780987024307251,0.07780987024307251,40.0,40.0,1.0,0.0,0.0,0.0,0.0,0.0
446,7.751301288604736,-0.0,0.06763739138841629,-0.0,0.7616026401519775,0.054330598562955856,3.174805164337158,1.0215990543365479,0.6537272930145264,0.6399059300608626,58.43493810690005,0.054330598562955856,3.174805164337158,1.0215990543365479,0.6537272930145264,0.6399059300608626,58.43493810690005,0.03168471157550812,121,86257d5e20253ba0,-0.0,0.0,0.0,0.0,nan,nan,nan,nan,nan,nan,nan,nan,nan,nan,nan,nan,0.0,0.0,0.0,nan,nan,0.20000000298023224,0.20000000298023224,0.09820396356608001,0.0,0.0,0.0,0.0,0.0,0.0,0.0,0.0,0.0,0.0,0.0,0.0,0.028333766385912895,0.03168471157550812,0.0005422905746854667,7.3307600021362305,261,nan,-1.0,True,,False,0.07780987024307251,0.07780987024307251,40.0,40.0,1.0,0.0,0.0,0.0,0.0,0.0
447,7.748401165008545,-0.0,0.06781701743602753,-0.0,0.7612767219543457,0.05471355840563774,3.173304319381714,1.0216492414474487,0.6537453532218933,0.6398921730668368,57.99850004006929,0.05471355840563774,3.173304319381714,1.0216492414474487,0.6537453532218933,0.6398921730668368,57.99850004006929,0.03167248144745827,121,86257d5e20253ba0,-0.0,0.0,0.0,0.0,nan,nan,nan,nan,nan,nan,nan,nan,nan,nan,nan,nan,0.0,0.0,0.0,nan,nan,0.20000000298023224,0.20000000298023224,0.09819615631744,0.0,0.0,0.0,0.0,0.0,0.0,0.0,0.0,0.0,0.0,0.0,0.0,0.028396088629961014,0.03167248144745827,0.000543521176723516,7.3307600021362305,261,nan,-1.0,True,,False,0.07780987024307251,0.07780987024307251,40.0,40.0,1.0,0.0,0.0,0.0,0.0,0.0
448,7.698767185211182,-0.0,0.06801064312458038,-0.0,0.7562745809555054,0.058634448796510696,3.172151565551758,1.0216959714889526,0.6537330150604248,0.6398508297020269,54.10047558493516,0.058634448796510696,3.172151565551758,1.0216959714889526,0.6537330150604248,0.6398508297020269,54.10047558493516,0.03165930509567261,121,86257d5e20253ba0,-0.0,0.0,0.0,0.0,nan,nan,nan,nan,nan,nan,nan,nan,nan,nan,nan,nan,0.0,0.0,0.0,nan,nan,0.20000000298023224,0.20000000298023224,0.09818833330176001,0.0,0.0,0.0,0.0,0.0,0.0,0.0,0.0,0.0,0.0,0.0,0.0,0.02845839038491249,0.03165930509567261,0.0005527587497908826,7.3307600021362305,261,nan,-1.0,True,,False,0.07780987024307251,0.07780987024307251,40.0,40.0,1.0,0.0,0.0,0.0,0.0,0.0
449,7.680957794189453,-0.0,0.06817691028118134,-0.0,0.7544603943824768,0.06055775284767151,3.1708641052246094,1.0217455625534058,0.6537500619888306,0.6398364582617501,52.36099353291197,0.06055775284767151,3.1708641052246094,1.0217455625534058,0.6537500619888306,0.6398364582617501,52.36099353291197,0.03164801001548767,121,86257d5e20253ba0,-0.0,0.0,0.0,0.0,nan,nan,nan,nan,nan,nan,nan,nan,nan,nan,nan,nan,0.0,0.0,0.0,nan,nan,0.20000000298023224,0.20000000298023224,0.09818049452672001,0.0,0.0,0.0,0.0,0.0,0.0,0.0,0.0,0.0,0.0,0.0,0.0,0.028520667925477028,0.03164801001548767,0.0005554275746817439,7.3307600021362305,261,nan,-1.0,True,,False,0.07780987024307251,0.07780987024307251,40.0,40.0,1.0,0.0,0.0,0.0,0.0,0.0
450,7.700627326965332,-0.0,0.0683848112821579,-0.0,0.7563857436180115,0.0591011717915535,3.1699106693267822,1.0218337774276733,0.6538975238800049,0.6399255322388171,53.63532690192469,0.0591011717915535,3.1699106693267822,1.0218337774276733,0.6538975238800049,0.6399255322388171,53.63532690192469,0.031633410602808,121,86257d5e20253ba0,-0.0,0.0,0.0,0.0,nan,nan,nan,nan,nan,nan,nan,nan,nan,nan,nan,nan,0.0,0.0,0.0,nan,nan,0.20000000298023224,0.20000000298023224,0.09817264,0.0,0.0,0.0,0.0,0.0,0.0,0.0,0.0,0.0,0.0,0.0,0.0,0.028582924976944923,0.031633410602808,0.0005507077737547661,7.3307600021362305,261,nan,-1.0,True,,False,0.07780987024307251,0.07780987024307251,40.0,40.0,1.0,0.0,0.0,0.0,0.0,0.0
451,7.699004173278809,-0.0,0.06855150312185287,-0.0,0.7561901211738586,0.05954457446932793,3.1688880920410156,1.0218899250030518,0.6539534330368042,0.6399450831603524,53.21875452604578,0.05954457446932793,3.1688880920410156,1.0218899250030518,0.6539534330368042,0.6399450831603524,53.21875452604578,0.03162257373332977,121,86257d5e20253ba0,-0.0,0.0,0.0,0.0,nan,nan,nan,nan,nan,nan,nan,nan,nan,nan,nan,nan,0.0,0.0,0.0,nan,nan,0.20000000298023224,0.20000000298023224,0.09816476972928001,0.0,0.0,0.0,0.0,0.0,0.0,0.0,0.0,0.0,0.0,0.0,0.0,0.02864515222609043,0.03162257373332977,0.0005511232282060519,7.3307600021362305,261,nan,-1.0,True,,False,0.07780987024307251,0.07780987024307251,40.0,40.0,1.0,0.0,0.0,0.0,0.0,0.0
452,7.687359809875488,-0.0,0.06874601542949677,-0.0,0.7549867630004883,0.06086491048336029,3.1675972938537598,1.02194082736969,0.6539968252182007,0.639955668374149,52.043078166027065,0.06086491048336029,3.1675972938537598,1.02194082736969,0.6539968252182007,0.639955668374149,52.043078166027065,0.03160937502980232,121,86257d5e20253ba0,-0.0,0.0,0.0,0.0,nan,nan,nan,nan,nan,nan,nan,nan,nan,nan,nan,nan,0.0,0.0,0.0,nan,nan,0.20000000298023224,0.20000000298023224,0.09815688372224,0.0,0.0,0.0,0.0,0.0,0.0,0.0,0.0,0.0,0.0,0.0,0.0,0.028707358986139297,0.03160937502980232,0.0005545993558371265,7.3307600021362305,261,nan,-1.0,True,,False,0.07780987024307251,0.07780987024307251,40.0,40.0,1.0,0.0,0.0,0.0,0.0,0.0
453,7.666960716247559,-0.0,0.06892691552639008,-0.0,0.7529107332229614,0.06283268332481384,3.1663856506347656,1.0220142602920532,0.6540641784667969,0.6399755892641752,50.393926903712206,0.06283268332481384,3.1663856506347656,1.0220142602920532,0.6540641784667969,0.6399755892641752,50.393926903712206,0.031597115099430084,121,86257d5e20253ba0,-0.0,0.0,0.0,0.0,nan,nan,nan,nan,nan,nan,nan,nan,nan,nan,nan,nan,0.0,0.0,0.0,nan,nan,0.20000000298023224,0.20000000298023224,0.09814898198656001,0.0,0.0,0.0,0.0,0.0,0.0,0.0,0.0,0.0,0.0,0.0,0.0,0.028769541531801224,0.031597115099430084,0.000559223865138847,7.3307600021362305,261,nan,-1.0,True,,False,0.07780987024307251,0.07780987024307251,40.0,40.0,1.0,0.0,0.0,0.0,0.0,0.0
454,7.635464668273926,-0.0,0.06912180781364441,-0.0,0.7497221231460571,0.0628780722618103,3.165159225463867,1.0220448970794678,0.6540581583976746,0.6399505151551274,50.33804491150505,0.0628780722618103,3.165159225463867,1.0220448970794678,0.6540581583976746,0.6399505151551274,50.33804491150505,0.03158390894532204,121,86257d5e20253ba0,-0.0,0.0,0.0,0.0,nan,nan,nan,nan,nan,nan,nan,nan,nan,nan,nan,nan,0.0,0.0,0.0,nan,nan,0.20000000298023224,0.20000000298023224,0.09814106452992,0.0,0.0,0.0,0.0,0.0,0.0,0.0,0.0,0.0,0.0,0.0,0.0,0.02883169986307621,0.03158390894532204,0.0005666081756316999,7.3307600021362305,261,nan,-1.0,True,,False,0.07780987024307251,0.07780987024307251,40.0,40.0,1.0,0.0,0.0,0.0,0.0,0.0
455,7.622608661651611,-0.0,0.06931701302528381,-0.0,0.7483974695205688,0.0627351775765419,3.1638147830963135,1.022094488143921,0.6540594696998596,0.6399207483132046,50.43127166152049,0.0627351775765419,3.1638147830963135,1.022094488143921,0.6540594696998596,0.6399207483132046,50.43127166152049,0.03157069534063339,121,86257d5e20253ba0,-0.0,0.0,0.0,0.0,nan,nan,nan,nan,nan,nan,nan,nan,nan,nan,nan,nan,0.0,0.0,0.0,nan,nan,0.20000000298023224,0.20000000298023224,0.09813313136,0.0,0.0,0.0,0.0,0.0,0.0,0.0,0.0,0.0,0.0,0.0,0.0,0.028893841430544853,0.03157069534063339,0.0005675529364452814,7.3307600021362305,261,nan,-1.0,True,,False,0.07780987024307251,0.07780987024307251,40.0,40.0,1.0,0.0,0.0,0.0,0.0,0.0
456,7.608989238739014,-0.0,0.06951246410608292,-0.0,0.7469964623451233,0.062323711812496185,3.1623916625976562,1.0221481323242188,0.6541098952293396,0.6399364970143684,50.741388319615176,0.062323711812496185,3.1623916625976562,1.0221481323242188,0.6541098952293396,0.6399364970143684,50.741388319615176,0.031557004898786545,121,86257d5e20253ba0,-0.0,0.0,0.0,0.0,nan,nan,nan,nan,nan,nan,nan,nan,nan,nan,nan,nan,0.0,0.0,0.0,nan,nan,0.20000000298023224,0.20000000298023224,0.09812518248448,0.0,0.0,0.0,0.0,0.0,0.0,0.0,0.0,0.0,0.0,0.0,0.0,0.02895595133304596,0.031557004898786545,0.0005719417331420118,7.3307600021362305,261,nan,-1.0,True,,False,0.07780987024307251,0.07780987024307251,40.0,40.0,1.0,0.0,0.0,0.0,0.0,0.0
457,7.598748683929443,-0.0,0.0696803629398346,-0.0,0.745938777923584,0.06201443076133728,3.1613693237304688,1.0222114324569702,0.6541546583175659,0.6399406595808176,50.977962466462166,0.06201443076133728,3.1613693237304688,1.0222114324569702,0.6541546583175659,0.6399406595808176,50.977962466462166,0.03154614195227623,121,86257d5e20253ba0,-0.0,0.0,0.0,0.0,nan,nan,nan,nan,nan,nan,nan,nan,nan,nan,nan,nan,0.0,0.0,0.0,nan,nan,0.20000000298023224,0.20000000298023224,0.09811721791104,0.0,0.0,0.0,0.0,0.0,0.0,0.0,0.0,0.0,0.0,0.0,0.0,0.02901804819703102,0.03154614195227623,0.0005741805962315993,7.3307600021362305,261,nan,-1.0,True,,False,0.07780987024307251,0.07780987024307251,40.0,40.0,1.0,0.0,0.0,0.0,0.0,0.0
458,7.612470626831055,-0.0,0.06987619400024414,-0.0,0.7472718358039856,0.06185681372880936,3.1598715782165527,1.0223009586334229,0.6542920470237732,0.6400190095668193,51.08364604859797,0.06185681372880936,3.1598715782165527,1.0223009586334229,0.6542920470237732,0.6400190095668193,51.08364604859797,0.03153244033455849,121,86257d5e20253ba0,-0.0,0.0,0.0,0.0,nan,nan,nan,nan,nan,nan,nan,nan,nan,nan,nan,nan,0.0,0.0,0.0,nan,nan,0.20000000298023224,0.20000000298023224,0.09810923764736,0.0,0.0,0.0,0.0,0.0,0.0,0.0,0.0,0.0,0.0,0.0,0.0,0.029080117121338844,0.03153244033455849,0.0005703584752154711,7.3307600021362305,261,nan,-1.0,True,,False,0.07780987024307251,0.07780987024307251,40.0,40.0,1.0,0.0,0.0,0.0,0.0,0.0
459,7.588697910308838,-0.0,0.07007227838039398,-0.0,0.7448553442955017,0.06148185208439827,3.1589112281799316,1.0223103761672974,0.6542416214942932,0.639963788636367,51.37957171237432,0.06148185208439827,3.1589112281799316,1.0223103761672974,0.6542416214942932,0.639963788636367,51.37957171237432,0.031519681215286255,121,86257d5e20253ba0,-0.0,0.0,0.0,0.0,nan,nan,nan,nan,nan,nan,nan,nan,nan,nan,nan,nan,0.0,0.0,0.0,nan,nan,0.20000000298023224,0.20000000298023224,0.09810124170112,0.0,0.0,0.0,0.0,0.0,0.0,0.0,0.0,0.0,0.0,0.0,0.0,0.029142161831259727,0.031519681215286255,0.0005770490670329309,7.3307600021362305,261,nan,-1.0,True,,False,0.07780987024307251,0.07780987024307251,40.0,40.0,1.0,0.0,0.0,0.0,0.0,0.0
460,7.576237678527832,-0.0,0.07026855647563934,-0.0,0.7435700297355652,0.06127297133207321,3.157835006713867,1.0223758220672607,0.6543018221855164,0.639981705418764,51.537161297430096,0.06127297133207321,3.157835006713867,1.0223758220672607,0.6543018221855164,0.639981705418764,51.537161297430096,0.03150644153356552,121,86257d5e20253ba0,-0.0,0.0,0.0,0.0,nan,nan,nan,nan,nan,nan,nan,nan,nan,nan,nan,nan,0.0,0.0,0.0,nan,nan,0.20000000298023224,0.20000000298023224,0.09809323008,0.0,0.0,0.0,0.0,0.0,0.0,0.0,0.0,0.0,0.0,0.0,0.0,0.029204189777374268,0.03150644153356552,0.0005793919674488279,7.3307600021362305,261,nan,-1.0,True,,False,0.07780987024307251,0.07780987024307251,40.0,40.0,1.0,0.0,0.0,0.0,0.0,0.0
461,7.586684226989746,-0.0,0.07043734192848206,-0.0,0.7445809245109558,0.06098414957523346,3.1566033363342285,1.0224593877792358,0.6544384956359863,0.6400630709229591,51.76104542443551,0.06098414957523346,3.1566033363342285,1.0224593877792358,0.6544384956359863,0.6400630709229591,51.76104542443551,0.03149508684873581,121,86257d5e20253ba0,-0.0,0.0,0.0,0.0,nan,nan,nan,nan,nan,nan,nan,nan,nan,nan,nan,nan,0.0,0.0,0.0,nan,nan,0.20000000298023224,0.20000000298023224,0.09808520279168001,0.0,0.0,0.0,0.0,0.0,0.0,0.0,0.0,0.0,0.0,0.0,0.0,0.029266193509101868,0.03149508684873581,0.0005756591133376787,7.3307600021362305,261,nan,-1.0,True,,False,0.07780987024307251,0.07780987024307251,40.0,40.0,1.0,0.0,0.0,0.0,0.0,0.0
462,7.585882663726807,-0.0,0.07060622423887253,-0.0,0.74446702003479,0.060801923274993896,3.1552445888519287,1.0225178003311157,0.6545029282569885,0.6400895202460484,51.89382866363359,0.060801923274993896,3.1552445888519287,1.0225178003311157,0.6545029282569885,0.6400895202460484,51.89382866363359,0.031483255326747894,121,86257d5e20253ba0,-0.0,0.0,0.0,0.0,nan,nan,nan,nan,nan,nan,nan,nan,nan,nan,nan,nan,0.0,0.0,0.0,nan,nan,0.20000000298023224,0.20000000298023224,0.09807715984384001,0.0,0.0,0.0,0.0,0.0,0.0,0.0,0.0,0.0,0.0,0.0,0.0,0.02932816557586193,0.031483255326747894,0.0005759598177519365,7.3307600021362305,261,nan,-1.0,True,,False,0.07780987024307251,0.07780987024307251,40.0,40.0,1.0,0.0,0.0,0.0,0.0,0.0
463,7.552605152130127,-0.0,0.07081717252731323,-0.0,0.741097092628479,0.06091529130935669,3.1542248725891113,1.0225731134414673,0.6545137166976929,0.6400654467580598,51.78051035774357,0.06091529130935669,3.1542248725891113,1.0225731134414673,0.6545137166976929,0.6400654467580598,51.78051035774357,0.03146952763199806,121,86257d5e20253ba0,-0.0,0.0,0.0,0.0,nan,nan,nan,nan,nan,nan,nan,nan,nan,nan,nan,nan,0.0,0.0,0.0,nan,nan,0.20000000298023224,0.20000000298023224,0.09806910124416002,0.0,0.0,0.0,0.0,0.0,0.0,0.0,0.0,0.0,0.0,0.0,0.0,0.02939012460410595,0.03146952763199806,0.000585020850166984,7.3307600021362305,261,nan,-1.0,True,,False,0.07780987024307251,0.07780987024307251,40.0,40.0,1.0,0.0,0.0,0.0,0.0,0.0
464,7.537644863128662,-0.0,0.0710143968462944,-0.0,0.7395616173744202,0.06066920980811119,3.1529579162597656,1.0226424932479858,0.6545696258544922,0.6400766936405431,51.969655221028276,0.06066920980811119,3.1529579162597656,1.0226424932479858,0.6545696258544922,0.6400766936405431,51.969655221028276,0.03145626559853554,121,86257d5e20253ba0,-0.0,0.0,0.0,0.0,nan,nan,nan,nan,nan,nan,nan,nan,nan,nan,nan,nan,0.0,0.0,0.0,nan,nan,0.20000000298023224,0.20000000298023224,0.09806102700032,0.0,0.0,0.0,0.0,0.0,0.0,0.0,0.0,0.0,0.0,0.0,0.0,0.029452061280608177,0.03145626559853554,0.0005897602898130572,7.3307600021362305,261,nan,-1.0,True,,False,0.07780987024307251,0.07780987024307251,40.0,40.0,1.0,0.0,0.0,0.0,0.0,0.0
465,7.540768623352051,-0.0,0.07118385285139084,-0.0,0.7398400902748108,0.06000561639666557,3.1517157554626465,1.022679090499878,0.6546179056167603,0.6401009971728159,52.52367936075035,0.06000561639666557,3.1517157554626465,1.022679090499878,0.6546179056167603,0.6401009971728159,52.52367936075035,0.03144489601254463,121,86257d5e20253ba0,-0.0,0.0,0.0,0.0,nan,nan,nan,nan,nan,nan,nan,nan,nan,nan,nan,nan,0.0,0.0,0.0,nan,nan,0.20000000298023224,0.20000000298023224,0.09805293712000002,0.0,0.0,0.0,0.0,0.0,0.0,0.0,0.0,0.0,0.0,0.0,0.0,0.029513973742723465,0.03144489601254463,0.0005878303604731627,7.3307600021362305,261,nan,-1.0,True,,False,0.07780987024307251,0.07780987024307251,40.0,40.0,1.0,0.0,0.0,0.0,0.0,0.0
466,7.554216384887695,-0.0,0.0713815689086914,-0.0,0.7411453127861023,0.05978661775588989,3.150493621826172,1.0227727890014648,0.6547735929489136,0.6401945769286357,52.6956322347872,0.05978661775588989,3.150493621826172,1.0227727890014648,0.6547735929489136,0.6401945769286357,52.6956322347872,0.03143162280321121,121,86257d5e20253ba0,-0.0,0.0,0.0,0.0,nan,nan,nan,nan,nan,nan,nan,nan,nan,nan,nan,nan,0.0,0.0,0.0,nan,nan,0.20000000298023224,0.20000000298023224,0.09804483161088001,0.0,0.0,0.0,0.0,0.0,0.0,0.0,0.0,0.0,0.0,0.0,0.0,0.02957586757838726,0.03143162280321121,0.0005855024835454969,7.3307600021362305,261,nan,-1.0,True,,False,0.07780987024307251,0.07780987024307251,40.0,40.0,1.0,0.0,0.0,0.0,0.0,0.0
467,7.549300670623779,-0.0,0.07156544178724289,-0.0,0.7406169772148132,0.05966605246067047,3.149261474609375,1.0228333473205566,0.6548619866371155,0.6402430937088731,52.78146189887868,0.05966605246067047,3.149261474609375,1.0228333473205566,0.6548619866371155,0.6402430937088731,52.78146189887868,0.0314192958176136,121,86257d5e20253ba0,-0.0,0.0,0.0,0.0,nan,nan,nan,nan,nan,nan,nan,nan,nan,nan,nan,nan,0.0,0.0,0.0,nan,nan,0.20000000298023224,0.20000000298023224,0.09803671048064,0.0,0.0,0.0,0.0,0.0,0.0,0.0,0.0,0.0,0.0,0.0,0.0,0.029637739062309265,0.0314192958176136,0.0005868320754416345,7.3307600021362305,261,nan,-1.0,True,,False,0.07780987024307251,0.07780987024307251,40.0,40.0,1.0,0.0,0.0,0.0,0.0,0.0
468,7.523260116577148,-0.0,0.07176359742879868,-0.0,0.7379733324050903,0.059385720640420914,3.148033618927002,1.0228859186172485,0.6548748016357422,0.6402227166456755,53.00994220459609,0.059385720640420914,3.148033618927002,1.0228859186172485,0.6548748016357422,0.6402227166456755,53.00994220459609,0.031406011432409286,121,86257d5e20253ba0,-0.0,0.0,0.0,0.0,nan,nan,nan,nan,nan,nan,nan,nan,nan,nan,nan,nan,0.0,0.0,0.0,nan,nan,0.20000000298023224,0.20000000298023224,0.09802857373696,0.0,0.0,0.0,0.0,0.0,0.0,0.0,0.0,0.0,0.0,0.0,0.0,0.029699591919779778,0.031406011432409286,0.0005916942041039874,7.3307600021362305,261,nan,-1.0,True,,False,0.07780987024307251,0.07780987024307251,40.0,40.0,1.0,0.0,0.0,0.0,0.0,0.0
469,7.530916213989258,-0.0,0.07194799184799194,-0.0,0.7387019991874695,0.059272028505802155,3.1464147567749023,1.0229769945144653,0.6549971103668213,0.6402852790230166,53.084310358416346,0.059272028505802155,3.1464147567749023,1.0229769945144653,0.6549971103668213,0.6402852790230166,53.084310358416346,0.03139367327094078,121,86257d5e20253ba0,-0.0,0.0,0.0,0.0,nan,nan,nan,nan,nan,nan,nan,nan,nan,nan,nan,nan,0.0,0.0,0.0,nan,nan,0.20000000298023224,0.20000000298023224,0.09802042138752001,0.0,0.0,0.0,0.0,0.0,0.0,0.0,0.0,0.0,0.0,0.0,0.0,0.02976141683757305,0.03139367327094078,0.0005912761407671496,7.3307600021362305,261,nan,-1.0,True,,False,0.07780987024307251,0.07780987024307251,40.0,40.0,1.0,0.0,0.0,0.0,0.0,0.0
470,7.5086283683776855,-0.0,0.07211841642856598,-0.0,0.7364391088485718,0.059075407683849335,3.1456503868103027,1.022995948791504,0.6549580693244934,0.6402352522492539,53.248052110697394,0.059075407683849335,3.1456503868103027,1.022995948791504,0.6549580693244934,0.6402352522492539,53.248052110697394,0.031382281333208084,121,86257d5e20253ba0,-0.0,0.0,0.0,0.0,nan,nan,nan,nan,nan,nan,nan,nan,nan,nan,nan,nan,0.0,0.0,0.0,nan,nan,0.20000000298023224,0.20000000298023224,0.09801225344,0.0,0.0,0.0,0.0,0.0,0.0,0.0,0.0,0.0,0.0,0.0,0.0,0.029823211953043938,0.031382281333208084,0.0005953717914053414,7.3307600021362305,261,nan,-1.0,True,,False,0.07780987024307251,0.07780987024307251,40.0,40.0,1.0,0.0,0.0,0.0,0.0,0.0
471,7.515774250030518,-0.0,0.07231728732585907,-0.0,0.7371139526367188,0.05922575294971466,3.14421010017395,1.0230939388275146,0.6551223993301392,0.6403345523490463,53.08856272107721,0.05922575294971466,3.14421010017395,1.0230939388275146,0.6551223993301392,0.6403345523490463,53.08856272107721,0.031368982046842575,121,86257d5e20253ba0,-0.0,0.0,0.0,0.0,nan,nan,nan,nan,nan,nan,nan,nan,nan,nan,nan,nan,0.0,0.0,0.0,nan,nan,0.20000000298023224,0.20000000298023224,0.09800406990208,0.0,0.0,0.0,0.0,0.0,0.0,0.0,0.0,0.0,0.0,0.0,0.0,0.029884999617934227,0.031368982046842575,0.000594253630424646,7.3307600021362305,261,nan,-1.0,True,,False,0.07780987024307251,0.07780987024307251,40.0,40.0,1.0,0.0,0.0,0.0,0.0,0.0
472,7.5161638259887695,-0.0,0.0725022479891777,-0.0,0.7371159791946411,0.059047333896160126,3.1431150436401367,1.0231595039367676,0.6552058458328247,0.640375076722463,53.23043118538727,0.059047333896160126,3.1431150436401367,1.0231595039367676,0.6552058458328247,0.640375076722463,53.23043118538727,0.031356628984212875,121,86257d5e20253ba0,-0.0,0.0,0.0,0.0,nan,nan,nan,nan,nan,nan,nan,nan,nan,nan,nan,nan,0.0,0.0,0.0,nan,nan,0.20000000298023224,0.20000000298023224,0.09799587078144002,0.0,0.0,0.0,0.0,0.0,0.0,0.0,0.0,0.0,0.0,0.0,0.0,0.029946759343147278,0.031356628984212875,0.0005957726548331266,7.3307600021362305,261,nan,-1.0,True,,False,0.07780987024307251,0.07780987024307251,40.0,40.0,1.0,0.0,0.0,0.0,0.0,0.0
473,7.496062278747559,-0.0,0.07267333567142487,-0.0,0.7350715398788452,0.058474939316511154,3.1415138244628906,1.0231953859329224,0.6552131772041321,0.6403597848584179,53.724105765353805,0.058474939316511154,3.1415138244628906,1.0231953859329224,0.6552131772041321,0.6403597848584179,53.724105765353805,0.031345222145318985,121,86257d5e20253ba0,-0.0,0.0,0.0,0.0,nan,nan,nan,nan,nan,nan,nan,nan,nan,nan,nan,nan,0.0,0.0,0.0,nan,nan,0.20000000298023224,0.20000000298023224,0.09798765608576,0.0,0.0,0.0,0.0,0.0,0.0,0.0,0.0,0.0,0.0,0.0,0.0,0.030008498579263687,0.031345222145318985,0.0005970865472590958,7.3307600021362305,261,nan,-1.0,True,,False,0.07780987024307251,0.07780987024307251,40.0,40.0,1.0,0.0,0.0,0.0,0.0,0.0
474,7.495288372039795,-0.0,0.0728728175163269,-0.0,0.7349542379379272,0.05839911475777626,3.140690326690674,1.0232698917388916,0.6553192734718323,0.6404168428704736,53.77975915760724,0.05839911475777626,3.140690326690674,1.0232698917388916,0.6553192734718323,0.6404168428704736,53.77975915760724,0.03133190795779228,121,86257d5e20253ba0,-0.0,0.0,0.0,0.0,nan,nan,nan,nan,nan,nan,nan,nan,nan,nan,nan,nan,0.0,0.0,0.0,nan,nan,0.20000000298023224,0.20000000298023224,0.09797942582272001,0.0,0.0,0.0,0.0,0.0,0.0,0.0,0.0,0.0,0.0,0.0,0.0,0.030070209875702858,0.03133190795779228,0.0005982395005048602,7.3307600021362305,261,nan,-1.0,True,,False,0.07780987024307251,0.07780987024307251,40.0,40.0,1.0,0.0,0.0,0.0,0.0,0.0
475,7.4981207847595215,-0.0,0.07307258248329163,-0.0,0.7351975440979004,0.05812467634677887,3.1394405364990234,1.0233304500579834,0.6554160714149475,0.6404735355796465,54.012180949941815,0.05812467634677887,3.1394405364990234,1.0233304500579834,0.6554160714149475,0.6404735355796465,54.012180949941815,0.03131859004497528,121,86257d5e20253ba0,-0.0,0.0,0.0,0.0,nan,nan,nan,nan,nan,nan,nan,nan,nan,nan,nan,nan,0.0,0.0,0.0,nan,nan,0.20000000298023224,0.20000000298023224,0.09797118,0.0,0.0,0.0,0.0,0.0,0.0,0.0,0.0,0.0,0.0,0.0,0.0,0.030131904408335686,0.03131859004497528,0.000596517403209873,7.3307600021362305,261,nan,-1.0,True,,False,0.07780987024307251,0.07780987024307251,40.0,40.0,1.0,0.0,0.0,0.0,0.0,0.0
476,7.507754325866699,-0.0,0.07323019951581955,-0.0,0.7361294031143188,0.05799651890993118,3.1378397941589355,1.0234276056289673,0.6555457711219788,0.6405394651428231,54.103933359035096,0.05799651890993118,3.1378397941589355,1.0234276056289673,0.6555457711219788,0.6405394651428231,54.103933359035096,0.031308118253946304,121,86257d5e20253ba0,-0.0,0.0,0.0,0.0,nan,nan,nan,nan,nan,nan,nan,nan,nan,nan,nan,nan,0.0,0.0,0.0,nan,nan,0.20000000298023224,0.20000000298023224,0.09796291862528,0.0,0.0,0.0,0.0,0.0,0.0,0.0,0.0,0.0,0.0,0.0,0.0,0.030193572863936424,0.031308118253946304,0.0005958955089226947,7.3307600021362305,261,nan,-1.0,True,,False,0.07780987024307251,0.07780987024307251,40.0,40.0,1.0,0.0,0.0,0.0,0.0,0.0
477,7.50730562210083,-0.0,0.07343040406703949,-0.0,0.7360445261001587,0.057963937520980835,3.13683819770813,1.0234787464141846,0.6556189060211182,0.6405789160919227,54.11706540075385,0.057963937520980835,3.13683819770813,1.0234787464141846,0.6556189060211182,0.6405789160919227,54.11706540075385,0.0312943160533905,121,86257d5e20253ba0,-0.0,0.0,0.0,0.0,nan,nan,nan,nan,nan,nan,nan,nan,nan,nan,nan,nan,0.0,0.0,0.0,nan,nan,0.20000000298023224,0.20000000298023224,0.09795464170624,0.0,0.0,0.0,0.0,0.0,0.0,0.0,0.0,0.0,0.0,0.0,0.0,0.03025522269308567,0.0312943160533905,0.0005962620293757936,7.3307600021362305,261,nan,-1.0,True,,False,0.07780987024307251,0.07780987024307251,40.0,40.0,1.0,0.0,0.0,0.0,0.0,0.0
478,7.486359596252441,-0.0,0.07363075762987137,-0.0,0.7339097857475281,0.057784080505371094,3.1357522010803223,1.0235356092453003,0.655691921710968,0.64061466527231,54.26671452856035,0.057784080505371094,3.1357522010803223,1.0235356092453003,0.655691921710968,0.64061466527231,54.26671452856035,0.03128097951412201,121,86257d5e20253ba0,-0.0,0.0,0.0,0.0,nan,nan,nan,nan,nan,nan,nan,nan,nan,nan,nan,nan,0.0,0.0,0.0,nan,nan,0.20000000298023224,0.20000000298023224,0.09794634925056,0.0,0.0,0.0,0.0,0.0,0.0,0.0,0.0,0.0,0.0,0.0,0.0,0.030316857621073723,0.03128097951412201,0.000598774292939197,7.3307600021362305,261,nan,-1.0,True,,False,0.07780987024307251,0.07780987024307251,40.0,40.0,1.0,0.0,0.0,0.0,0.0,0.0
479,7.496239185333252,-0.0,0.07381733506917953,-0.0,0.7348604798316956,0.05772619694471359,3.1345205307006836,1.0236179828643799,0.6558011174201965,0.6406697893144422,54.299792756185276,0.05772619694471359,3.1345205307006836,1.0236179828643799,0.6558011174201965,0.6406697893144422,54.299792756185276,0.03126906603574753,121,86257d5e20253ba0,-0.0,0.0,0.0,0.0,nan,nan,nan,nan,nan,nan,nan,nan,nan,nan,nan,nan,0.0,0.0,0.0,nan,nan,0.20000000298023224,0.20000000298023224,0.09793804126592,0.0,0.0,0.0,0.0,0.0,0.0,0.0,0.0,0.0,0.0,0.0,0.0,0.030378466472029686,0.03126906603574753,0.000597918387484242,7.3307600021362305,261,nan,-1.0,True,,False,0.07780987024307251,0.07780987024307251,40.0,40.0,1.0,0.0,0.0,0.0,0.0,0.0
480,7.487795829772949,-0.0,0.0740182027220726,-0.0,0.7339759469032288,0.05753737688064575,3.1332874298095703,1.0236836671829224,0.6558973789215088,0.6407227153740515,54.45655675803907,0.05753737688064575,3.1332874298095703,1.0236836671829224,0.6558973789215088,0.6407227153740515,54.45655675803907,0.03125572204589844,121,86257d5e20253ba0,-0.0,0.0,0.0,0.0,nan,nan,nan,nan,nan,nan,nan,nan,nan,nan,nan,nan,0.0,0.0,0.0,nan,nan,0.20000000298023224,0.20000000298023224,0.09792971776,0.0,0.0,0.0,0.0,0.0,0.0,0.0,0.0,0.0,0.0,0.0,0.0,0.03044004738330841,0.03125572204589844,0.0005978546028018172,7.3307600021362305,261,nan,-1.0,True,,False,0.07780987024307251,0.07780987024307251,40.0,40.0,1.0,0.0,0.0,0.0,0.0,0.0
481,7.483288764953613,-0.0,0.07417675107717514,-0.0,0.7334935069084167,0.057512156665325165,3.131913185119629,1.023735761642456,0.6559097766876221,0.6407022214749017,54.456542176723836,0.057512156665325165,3.131913185119629,1.023735761642456,0.6559097766876221,0.6407022214749017,54.456542176723836,0.031244754791259766,121,86257d5e20253ba0,-0.0,0.0,0.0,0.0,nan,nan,nan,nan,nan,nan,nan,nan,nan,nan,nan,nan,0.0,0.0,0.0,nan,nan,0.20000000298023224,0.20000000298023224,0.09792137874048,0.0,0.0,0.0,0.0,0.0,0.0,0.0,0.0,0.0,0.0,0.0,0.0,0.03050161339342594,0.031244754791259766,0.0005971703149043606,7.3307600021362305,261,nan,-1.0,True,,False,0.07780987024307251,0.07780987024307251,40.0,40.0,1.0,0.0,0.0,0.0,0.0,0.0
482,7.494738578796387,-0.0,0.07436388731002808,-0.0,0.7346010804176331,0.057337865233421326,3.1307435035705566,1.0238336324691772,0.6560829281806946,0.6408100958731164,54.60167536453199,0.057337865233421326,3.1307435035705566,1.0238336324691772,0.6560829281806946,0.6408100958731164,54.60167536453199,0.03123282827436924,121,86257d5e20253ba0,-0.0,0.0,0.0,0.0,nan,nan,nan,nan,nan,nan,nan,nan,nan,nan,nan,nan,0.0,0.0,0.0,nan,nan,0.20000000298023224,0.20000000298023224,0.09791302421504,0.0,0.0,0.0,0.0,0.0,0.0,0.0,0.0,0.0,0.0,0.0,0.0,0.030563151463866234,0.03123282827436924,0.0005960207845419063,7.3307600021362305,261,nan,-1.0,True,,False,0.07780987024307251,0.07780987024307251,40.0,40.0,1.0,0.0,0.0,0.0,0.0,0.0
483,7.496218204498291,-0.0,0.07457970082759857,-0.0,0.7347058653831482,0.057246748358011246,3.129612445831299,1.0238964557647705,0.6562119126319885,0.6408967517539159,54.668824616190335,0.057246748358011246,3.129612445831299,1.0238964557647705,0.6562119126319885,0.6408967517539159,54.668824616190335,0.03121851198375225,121,86257d5e20253ba0,-0.0,0.0,0.0,0.0,nan,nan,nan,nan,nan,nan,nan,nan,nan,nan,nan,nan,0.0,0.0,0.0,nan,nan,0.20000000298023224,0.20000000298023224,0.09790465419136,0.0,0.0,0.0,0.0,0.0,0.0,0.0,0.0,0.0,0.0,0.0,0.0,0.03062467649579048,0.03121851198375225,0.0005973354873276548,7.3307600021362305,261,nan,-1.0,True,,False,0.07780987024307251,0.07780987024307251,40.0,40.0,1.0,0.0,0.0,0.0,0.0,0.0
484,7.492185592651367,-0.0,0.07473881542682648,-0.0,0.7342708110809326,0.05718470364809036,3.127985954284668,1.0239638090133667,0.6562702059745789,0.6409115246044912,54.69969685484458,0.05718470364809036,3.127985954284668,1.0239638090133667,0.6562702059745789,0.6409115246044912,54.69969685484458,0.031208010390400887,121,46a26a46d440a99a,-0.0,0.0,0.0,0.0,nan,nan,nan,nan,nan,nan,nan,nan,nan,nan,nan,nan,0.0,0.0,0.0,nan,nan,0.20000000298023224,0.20000000298023224,0.09789626867712001,0.0,0.0,0.0,0.0,0.0,0.0,0.0,0.0,0.0,0.0,0.0,0.0,0.03068617545068264,0.031208010390400887,0.0005976639108666859,7.3307600021362305,261,nan,-1.0,True,,False,0.07780987024307251,0.07780987024307251,40.0,40.0,1.0,0.0,0.0,0.0,0.0,0.0
485,7.483198642730713,-0.0,0.07492658495903015,-0.0,0.7333345413208008,0.05710775777697563,3.127133846282959,1.0239933729171753,0.6563059091567993,0.640927887342767,54.758477096849674,0.05710775777697563,3.127133846282959,1.0239933729171753,0.6563059091567993,0.640927887342767,54.758477096849674,0.031195593997836113,121,46a26a46d440a99a,-0.0,0.0,0.0,0.0,nan,nan,nan,nan,nan,nan,nan,nan,nan,nan,nan,nan,0.0,0.0,0.0,nan,nan,0.20000000298023224,0.20000000298023224,0.09788786768,0.0,0.0,0.0,0.0,0.0,0.0,0.0,0.0,0.0,0.0,0.0,0.0,0.030747657641768456,0.031195593997836113,0.0005971155419501883,7.3307600021362305,261,nan,-1.0,True,,False,0.07780987024307251,0.07780987024307251,40.0,40.0,1.0,0.0,0.0,0.0,0.0,0.0
486,7.497275352478027,-0.0,0.07510034739971161,-0.0,0.7347074747085571,0.057069115340709686,3.1258842945098877,1.0241000652313232,0.6565107107162476,0.6410610964739615,54.77365955031844,0.057069115340709686,3.1258842945098877,1.0241000652313232,0.6565107107162476,0.6410610964739615,54.77365955031844,0.031184127554297447,121,46a26a46d440a99a,-0.0,0.0,0.0,0.0,nan,nan,nan,nan,nan,nan,nan,nan,nan,nan,nan,nan,0.0,0.0,0.0,nan,nan,0.20000000298023224,0.20000000298023224,0.09787945120768,0.0,0.0,0.0,0.0,0.0,0.0,0.0,0.0,0.0,0.0,0.0,0.0,0.03080911934375763,0.031184127554297447,0.000594853195707401,7.3307600021362305,261,nan,-1.0,True,,False,0.07780987024307251,0.07780987024307251,40.0,40.0,1.0,0.0,0.0,0.0,0.0,0.0
487,7.48089075088501,-0.0,0.07531711459159851,-0.0,0.7330256700515747,0.05711347609758377,3.1242570877075195,1.0241625308990479,0.6565403938293457,0.641050979723902,54.70262539036201,0.05711347609758377,3.1242570877075195,1.0241625308990479,0.6565403938293457,0.641050979723902,54.70262539036201,0.031169788911938667,121,46a26a46d440a99a,-0.0,0.0,0.0,0.0,nan,nan,nan,nan,nan,nan,nan,nan,nan,nan,nan,nan,0.0,0.0,0.0,nan,nan,0.20000000298023224,0.20000000298023224,0.09787101926784,0.0,0.0,0.0,0.0,0.0,0.0,0.0,0.0,0.0,0.0,0.0,0.0,0.030870560556650162,0.031169788911938667,0.0005961132374068256,7.3307600021362305,261,nan,-1.0,True,,False,0.07780987024307251,0.07780987024307251,40.0,40.0,1.0,0.0,0.0,0.0,0.0,0.0
488,7.489502906799316,-0.0,0.07550571113824844,-0.0,0.7338491678237915,0.05707904323935509,3.1234679222106934,1.0242314338684082,0.6566656231880188,0.6411301210585442,54.721798841524944,0.05707904323935509,3.1234679222106934,1.0242314338684082,0.6566656231880188,0.6411301210585442,54.721798841524944,0.03115735575556755,121,46a26a46d440a99a,-0.0,0.0,0.0,0.0,nan,nan,nan,nan,nan,nan,nan,nan,nan,nan,nan,nan,0.0,0.0,0.0,nan,nan,0.20000000298023224,0.20000000298023224,0.09786257186816,0.0,0.0,0.0,0.0,0.0,0.0,0.0,0.0,0.0,0.0,0.0,0.0,0.030931979417800903,0.03115735575556755,0.0005947581289547088,7.3307600021362305,261,nan,-1.0,True,,False,0.07780987024307251,0.07780987024307251,40.0,40.0,1.0,0.0,0.0,0.0,0.0,0.0
489,7.497291088104248,-0.0,0.07566569000482559,-0.0,0.7345959544181824,0.05707801133394241,3.1221704483032227,1.0243169069290161,0.6568212509155273,0.6412285558038184,54.700056560074486,0.05707801133394241,3.1221704483032227,1.0243169069290161,0.6568212509155273,0.6412285558038184,54.700056560074486,0.031146833673119545,121,46a26a46d440a99a,-0.0,0.0,0.0,0.0,nan,nan,nan,nan,nan,nan,nan,nan,nan,nan,nan,nan,0.0,0.0,0.0,nan,nan,0.20000000298023224,0.20000000298023224,0.09785410901632001,0.0,0.0,0.0,0.0,0.0,0.0,0.0,0.0,0.0,0.0,0.0,0.0,0.030993377789855003,0.031146833673119545,0.0005969200969957456,7.3307600021362305,261,nan,-1.0,True,,False,0.07780987024307251,0.07780987024307251,40.0,40.0,1.0,0.0,0.0,0.0,0.0,0.0
490,7.488720893859863,-0.0,0.07585455477237701,-0.0,0.7337011694908142,0.0573873408138752,3.1208457946777344,1.024383783340454,0.6568778157234192,0.6412419118754301,54.38212941072836,0.0573873408138752,3.1208457946777344,1.024383783340454,0.6568778157234192,0.6412419118754301,54.38212941072836,0.031134391203522682,121,46a26a46d440a99a,-0.0,0.0,0.0,0.0,nan,nan,nan,nan,nan,nan,nan,nan,nan,nan,nan,nan,0.0,0.0,0.0,nan,nan,0.20000000298023224,0.20000000298023224,0.09784563072000001,0.0,0.0,0.0,0.0,0.0,0.0,0.0,0.0,0.0,0.0,0.0,0.0,0.03105475939810276,0.031134391203522682,0.0005952597466603038,7.3307600021362305,261,nan,-1.0,True,,False,0.07780987024307251,0.07780987024307251,40.0,40.0,1.0,0.0,0.0,0.0,0.0,0.0
491,7.500914096832275,-0.0,0.0760437473654747,-0.0,0.734882652759552,0.05738005042076111,3.119321823120117,1.024480938911438,0.6570554971694946,0.6413545359542255,54.36247964661062,0.05738005042076111,3.119321823120117,1.024480938911438,0.6570554971694946,0.6413545359542255,54.36247964661062,0.03112194500863552,121,46a26a46d440a99a,-0.0,0.0,0.0,0.0,nan,nan,nan,nan,nan,nan,nan,nan,nan,nan,nan,nan,0.0,0.0,0.0,nan,nan,0.20000000298023224,0.20000000298023224,0.09783713698688001,0.0,0.0,0.0,0.0,0.0,0.0,0.0,0.0,0.0,0.0,0.0,0.0,0.031116118654608727,0.03112194500863552,0.0005946640612819465,7.3307600021362305,261,nan,-1.0,True,,False,0.07780987024307251,0.07780987024307251,40.0,40.0,1.0,0.0,0.0,0.0,0.0,0.0
492,7.511547088623047,-0.0,0.07623302936553955,-0.0,0.7359081506729126,0.056977495551109314,3.1185145378112793,1.0245485305786133,0.6571965217590332,0.6414498700104345,54.73239052801021,0.056977495551109314,3.1185145378112793,1.0245485305786133,0.6571965217590332,0.6414498700104345,54.73239052801021,0.03110901452600956,121,46a26a46d440a99a,-0.0,0.0,0.0,0.0,nan,nan,nan,nan,nan,nan,nan,nan,nan,nan,nan,nan,0.0,0.0,0.0,nan,nan,0.20000000298023224,0.20000000298023224,0.09782862782464001,0.0,0.0,0.0,0.0,0.0,0.0,0.0,0.0,0.0,0.0,0.0,0.0,0.031177455559372902,0.03110901452600956,0.0005934574069215159,7.3307600021362305,261,nan,-1.0,True,,False,0.07780987024307251,0.07780987024307251,40.0,40.0,1.0,0.0,0.0,0.0,0.0,0.0
493,7.5135016441345215,-0.0,0.07642259448766708,-0.0,0.7360656261444092,0.0570124089717865,3.117204427719116,1.0246118307113647,0.6572955250740051,0.6415068666713127,54.675893966552344,0.0570124089717865,3.117204427719116,1.0246118307113647,0.6572955250740051,0.6415068666713127,54.675893966552344,0.031097037717700005,121,46a26a46d440a99a,-0.0,0.0,0.0,0.0,nan,nan,nan,nan,nan,nan,nan,nan,nan,nan,nan,nan,0.0,0.0,0.0,nan,nan,0.20000000298023224,0.20000000298023224,0.09782010324096001,0.0,0.0,0.0,0.0,0.0,0.0,0.0,0.0,0.0,0.0,0.0,0.0,0.031238773837685585,0.031097037717700005,0.000594479220580979,7.3307600021362305,261,nan,-1.0,True,,False,0.07780987024307251,0.07780987024307251,40.0,40.0,1.0,0.0,0.0,0.0,0.0,0.0
494,7.519890785217285,-0.0,0.07659809291362762,-0.0,0.7366694211959839,0.05710139870643616,3.11582612991333,1.0246902704238892,0.6574375033378601,0.6415963167737451,54.56654653823972,0.05710139870643616,3.11582612991333,1.0246902704238892,0.6574375033378601,0.6415963167737451,54.56654653823972,0.031085535883903503,121,46a26a46d440a99a,-0.0,0.0,0.0,0.0,nan,nan,nan,nan,nan,nan,nan,nan,nan,nan,nan,nan,0.0,0.0,0.0,nan,nan,0.20000000298023224,0.20000000298023224,0.09781156324352,0.0,0.0,0.0,0.0,0.0,0.0,0.0,0.0,0.0,0.0,0.0,0.0,0.031300075352191925,0.031085535883903503,0.0005932039953222557,7.3307600021362305,261,nan,-1.0,True,,False,0.07780987024307251,0.07780987024307251,40.0,40.0,1.0,0.0,0.0,0.0,0.0,0.0
495,7.511238098144531,-0.0,0.07677362859249115,-0.0,0.7357690930366516,0.05705459788441658,3.114570379257202,1.0247435569763184,0.6574786305427551,0.641603087979161,54.58929682699403,0.05705459788441658,3.114570379257202,1.0247435569763184,0.6574786305427551,0.641603087979161,54.58929682699403,0.031074028462171555,121,46a26a46d440a99a,-0.0,0.0,0.0,0.0,nan,nan,nan,nan,nan,nan,nan,nan,nan,nan,nan,nan,0.0,0.0,0.0,nan,nan,0.20000000298023224,0.20000000298023224,0.09780300784000001,0.0,0.0,0.0,0.0,0.0,0.0,0.0,0.0,0.0,0.0,0.0,0.0,0.031361352652311325,0.031074028462171555,0.0005917050571042637,7.3307600021362305,261,nan,-1.0,True,,False,0.07780987024307251,0.07780987024307251,40.0,40.0,1.0,0.0,0.0,0.0,0.0,0.0
496,7.517086505889893,-0.0,0.07694941014051437,-0.0,0.7363187670707703,0.05710626393556595,3.113112688064575,1.024821400642395,0.6575987935066223,0.6416716055055209,54.514382022559865,0.05710626393556595,3.113112688064575,1.024821400642395,0.6575987935066223,0.6416716055055209,54.514382022559865,0.031062517315149307,121,46a26a46d440a99a,-0.0,0.0,0.0,0.0,nan,nan,nan,nan,nan,nan,nan,nan,nan,nan,nan,nan,0.0,0.0,0.0,nan,nan,0.20000000298023224,0.20000000298023224,0.09779443703808,0.0,0.0,0.0,0.0,0.0,0.0,0.0,0.0,0.0,0.0,0.0,0.0,0.031422607600688934,0.031062517315149307,0.000592658914229105,7.3307600021362305,261,nan,-1.0,True,,False,0.07780987024307251,0.07780987024307251,40.0,40.0,1.0,0.0,0.0,0.0,0.0,0.0
497,7.522272109985352,-0.0,0.07712554931640625,-0.0,0.7368021011352539,0.05716114863753319,3.112236499786377,1.0249106884002686,0.6577768325805664,0.6417894164097919,54.44671029131172,0.05716114863753319,3.112236499786377,1.0249106884002686,0.6577768325805664,0.6417894164097919,54.44671029131172,0.03105052188038826,121,46a26a46d440a99a,-0.0,0.0,0.0,0.0,nan,nan,nan,nan,nan,nan,nan,nan,nan,nan,nan,nan,0.0,0.0,0.0,nan,nan,0.20000000298023224,0.20000000298023224,0.09778585084544,0.0,0.0,0.0,0.0,0.0,0.0,0.0,0.0,0.0,0.0,0.0,0.0,0.03148384392261505,0.03105052188038826,0.0005940483283666254,7.3307600021362305,261,nan,-1.0,True,,False,0.07780987024307251,0.07780987024307251,40.0,40.0,1.0,0.0,0.0,0.0,0.0,0.0
498,7.5406341552734375,-0.0,0.0773305594921112,-0.0,0.7385972738265991,0.05729673057794571,3.110673427581787,1.0250180959701538,0.6579714417457581,0.6419120250974737,54.29059208448322,0.05729673057794571,3.110673427581787,1.0250180959701538,0.6579714417457581,0.6419120250974737,54.29059208448322,0.03103756159543991,121,46a26a46d440a99a,-0.0,0.0,0.0,0.0,nan,nan,nan,nan,nan,nan,nan,nan,nan,nan,nan,nan,0.0,0.0,0.0,nan,nan,0.20000000298023224,0.20000000298023224,0.09777724926976,0.0,0.0,0.0,0.0,0.0,0.0,0.0,0.0,0.0,0.0,0.0,0.0,0.03154505416750908,0.03103756159543991,0.0005938739368502866,7.3307600021362305,261,nan,-1.0,True,,False,0.07780987024307251,0.07780987024307251,40.0,40.0,1.0,0.0,0.0,0.0,0.0,0.0
499,7.539465427398682,-0.0,0.07752153277397156,-0.0,0.7384422421455383,0.057299621403217316,3.1097447872161865,1.0250650644302368,0.658041775226593,0.641951226376399,54.271646322633075,0.057299621403217316,3.1097447872161865,1.0250650644302368,0.658041775226593,0.641951226376399,54.271646322633075,0.031025076285004616,121,46a26a46d440a99a,-0.0,0.0,0.0,0.0,nan,nan,nan,nan,nan,nan,nan,nan,nan,nan,nan,nan,0.0,0.0,0.0,nan,nan,0.20000000298023224,0.20000000298023224,0.09776863231872002,0.0,0.0,0.0,0.0,0.0,0.0,0.0,0.0,0.0,0.0,0.0,0.0,0.03160624951124191,0.031025076285004616,0.0005919113259551523,7.3307600021362305,261,nan,-1.0,True,,False,0.07780987024307251,0.07780987024307251,40.0,40.0,1.0,0.0,0.0,0.0,0.0,0.0
500,7.541930198669434,-0.0,0.07768364995718002,-0.0,0.7386562824249268,0.05738075077533722,3.108494281768799,1.025122880935669,0.658128559589386,0.6419996781153561,54.17311972684851,0.05738075077533722,3.108494281768799,1.025122880935669,0.658128559589386,0.6419996781153561,54.17311972684851,0.03101450949907303,121,46a26a46d440a99a,-0.0,0.0,0.0,0.0,nan,nan,nan,nan,nan,nan,nan,nan,nan,nan,nan,nan,0.0,0.0,0.0,nan,nan,0.20000000298023224,0.20000000298023224,0.09776000000000001,0.0,0.0,0.0,0.0,0.0,0.0,0.0,0.0,0.0,0.0,0.0,0.0,0.03166741877794266,0.03101450949907303,0.0005931257833253767,7.3307600021362305,261,nan,-1.0,True,,False,0.07780987024307251,0.07780987024307251,40.0,40.0,1.0,0.0,0.0,0.0,0.0,0.0
501,7.550204753875732,-0.0,0.07787507772445679,-0.0,0.7394454479217529,0.05791125446557999,3.106886863708496,1.0252410173416138,0.6583407521247864,0.6421326702591582,53.649103138580756,0.05791125446557999,3.106886863708496,1.0252410173416138,0.6583407521247864,0.6421326702591582,53.649103138580756,0.031002014875411987,121,46a26a46d440a99a,-0.0,0.0,0.0,0.0,nan,nan,nan,nan,nan,nan,nan,nan,nan,nan,nan,nan,0.0,0.0,0.0,nan,nan,0.20000000298023224,0.20000000298023224,0.09775135232128002,0.0,0.0,0.0,0.0,0.0,0.0,0.0,0.0,0.0,0.0,0.0,0.0,0.03172856941819191,0.031002014875411987,0.0005940289297541312,7.3307600021362305,261,nan,-1.0,True,,False,0.07780987024307251,0.07780987024307251,40.0,40.0,1.0,0.0,0.0,0.0,0.0,0.0
502,7.547149658203125,-0.0,0.07805211842060089,-0.0,0.7391045689582825,0.058060601353645325,3.105620861053467,1.025291085243225,0.658385157585144,0.6421446231817751,53.48929891609676,0.058060601353645325,3.105620861053467,1.025291085243225,0.658385157585144,0.6421446231817751,53.48929891609676,0.0309904757887125,121,46a26a46d440a99a,-0.0,0.0,0.0,0.0,nan,nan,nan,nan,nan,nan,nan,nan,nan,nan,nan,nan,0.0,0.0,0.0,nan,nan,0.20000000298023224,0.20000000298023224,0.09774268929024,0.0,0.0,0.0,0.0,0.0,0.0,0.0,0.0,0.0,0.0,0.0,0.0,0.03178969770669937,0.0309904757887125,0.0005937035343777097,7.3307600021362305,261,nan,-1.0,True,,False,0.07780987024307251,0.07780987024307251,40.0,40.0,1.0,0.0,0.0,0.0,0.0,0.0
503,7.574298858642578,-0.0,0.07822943478822708,-0.0,0.7417839765548706,0.057721953839063644,3.1043734550476074,1.0253980159759521,0.6586273312568665,0.6423138342334307,53.78150337223523,0.057721953839063644,3.1043734550476074,1.0253980159759521,0.6586273312568665,0.6423138342334307,53.78150337223523,0.030978454276919365,121,46a26a46d440a99a,-0.0,0.0,0.0,0.0,nan,nan,nan,nan,nan,nan,nan,nan,nan,nan,nan,nan,0.0,0.0,0.0,nan,nan,0.20000000298023224,0.20000000298023224,0.09773401091456001,0.0,0.0,0.0,0.0,0.0,0.0,0.0,0.0,0.0,0.0,0.0,0.0,0.03185081109404564,0.030978454276919365,0.0005922062282479601,7.3307600021362305,261,nan,-1.0,True,,False,0.07780987024307251,0.07780987024307251,40.0,40.0,1.0,0.0,0.0,0.0,0.0,0.0
504,7.571563243865967,-0.0,0.07842139899730682,-0.0,0.741472065448761,0.0578487403690815,3.1034960746765137,1.0254595279693604,0.6587292551994324,0.6423746985937747,53.64846416492145,0.0578487403690815,3.1034960746765137,1.0254595279693604,0.6587292551994324,0.6423746985937747,53.64846416492145,0.03096642531454563,121,287b5ef910aeb4ee,-0.0,0.0,0.0,0.0,nan,nan,nan,nan,nan,nan,nan,nan,nan,nan,nan,nan,0.0,0.0,0.0,nan,nan,0.20000000298023224,0.20000000298023224,0.09772531720192001,0.0,0.0,0.0,0.0,0.0,0.0,0.0,0.0,0.0,0.0,0.0,0.0,0.031911902129650116,0.03096642531454563,0.0005909035012336972,7.3307600021362305,261,nan,-1.0,True,,False,0.07780987024307251,0.07780987024307251,40.0,40.0,1.0,0.0,0.0,0.0,0.0,0.0
505,7.584856986999512,-0.0,0.07861368358135223,-0.0,0.7427629232406616,0.05806281790137291,3.102257490158081,1.0255478620529175,0.6588770151138306,0.6424634475809896,53.42933054726453,0.05806281790137291,3.102257490158081,1.0255478620529175,0.6588770151138306,0.6424634475809896,53.42933054726453,0.030953912064433098,121,287b5ef910aeb4ee,-0.0,0.0,0.0,0.0,nan,nan,nan,nan,nan,nan,nan,nan,nan,nan,nan,nan,0.0,0.0,0.0,nan,nan,0.20000000298023224,0.20000000298023224,0.09771660816,0.0,0.0,0.0,0.0,0.0,0.0,0.0,0.0,0.0,0.0,0.0,0.0,0.0319729708135128,0.030953912064433098,0.0005919085047025874,7.3307600021362305,261,nan,-1.0,True,,False,0.07780987024307251,0.07780987024307251,40.0,40.0,1.0,0.0,0.0,0.0,0.0,0.0
506,7.593326091766357,-0.0,0.07877705246210098,-0.0,0.7435771822929382,0.058231331408023834,3.101008176803589,1.02561616897583,0.659019947052002,0.6425600209775286,53.25325905868423,0.058231331408023834,3.101008176803589,1.02561616897583,0.659019947052002,0.6425600209775286,53.25325905868423,0.03094283863902092,121,287b5ef910aeb4ee,-0.0,0.0,0.0,0.0,nan,nan,nan,nan,nan,nan,nan,nan,nan,nan,nan,nan,0.0,0.0,0.0,nan,nan,0.20000000298023224,0.20000000298023224,0.09770788379648,0.0,0.0,0.0,0.0,0.0,0.0,0.0,0.0,0.0,0.0,0.0,0.0,0.032034024596214294,0.03094283863902092,0.0005915612082389998,7.3307600021362305,261,nan,-1.0,True,,False,0.07780987024307251,0.07780987024307251,40.0,40.0,1.0,0.0,0.0,0.0,0.0,0.0
507,7.597742080688477,-0.0,0.07895521819591522,-0.0,0.7439831495285034,0.05838928371667862,3.0994396209716797,1.0256750583648682,0.6591012477874756,0.6426023938207245,53.082336752254754,0.05838928371667862,3.0994396209716797,1.0256750583648682,0.6591012477874756,0.6426023938207245,53.082336752254754,0.030931759625673294,121,287b5ef910aeb4ee,-0.0,0.0,0.0,0.0,nan,nan,nan,nan,nan,nan,nan,nan,nan,nan,nan,nan,0.0,0.0,0.0,nan,nan,0.20000000298023224,0.20000000298023224,0.09769914411904,0.0,0.0,0.0,0.0,0.0,0.0,0.0,0.0,0.0,0.0,0.0,0.0,0.032095056027173996,0.030931759625673294,0.0005899259958823677,7.3307600021362305,261,nan,-1.0,True,,False,0.07780987024307251,0.07780987024307251,40.0,40.0,1.0,0.0,0.0,0.0,0.0,0.0
508,7.61469030380249,-0.0,0.07914821803569794,-0.0,0.7456393837928772,0.05858742818236351,3.098186492919922,1.0257792472839355,0.6592922806739807,0.6427233563358381,52.88142164691511,0.05858742818236351,3.098186492919922,1.0257792472839355,0.6592922806739807,0.6427233563358381,52.88142164691511,0.030919231474399567,121,287b5ef910aeb4ee,-0.0,0.0,0.0,0.0,nan,nan,nan,nan,nan,nan,nan,nan,nan,nan,nan,nan,0.0,0.0,0.0,nan,nan,0.20000000298023224,0.20000000298023224,0.09769038913536,0.0,0.0,0.0,0.0,0.0,0.0,0.0,0.0,0.0,0.0,0.0,0.0,0.032156068831682205,0.030919231474399567,0.0005903220812797372,7.3307600021362305,261,nan,-1.0,True,,False,0.07780987024307251,0.07780987024307251,40.0,40.0,1.0,0.0,0.0,0.0,0.0,0.0
509,7.625090599060059,-0.0,0.07931206375360489,-0.0,0.7466466426849365,0.058717042207717896,3.0968637466430664,1.025858759880066,0.65944904088974,0.6428263486942752,52.74216190399331,0.058717042207717896,3.0968637466430664,1.025858759880066,0.65944904088974,0.6428263486942752,52.74216190399331,0.030908627435564995,121,287b5ef910aeb4ee,-0.0,0.0,0.0,0.0,nan,nan,nan,nan,nan,nan,nan,nan,nan,nan,nan,nan,0.0,0.0,0.0,nan,nan,0.20000000298023224,0.20000000298023224,0.09768161885312,0.0,0.0,0.0,0.0,0.0,0.0,0.0,0.0,0.0,0.0,0.0,0.0,0.03221706673502922,0.030908627435564995,0.0005908538128096552,7.3307600021362305,261,nan,-1.0,True,,False,0.07780987024307251,0.07780987024307251,40.0,40.0,1.0,0.0,0.0,0.0,0.0,0.0
510,7.6400465965271,-0.0,0.07950551807880402,-0.0,0.7481035590171814,0.05879656970500946,3.0956368446350098,1.0259284973144531,0.6595860123634338,0.6429161623739036,52.64995662444678,0.05879656970500946,3.0956368446350098,1.0259284973144531,0.6595860123634338,0.6429161623739036,52.64995662444678,0.03089608997106552,121,287b5ef910aeb4ee,-0.0,0.0,0.0,0.0,nan,nan,nan,nan,nan,nan,nan,nan,nan,nan,nan,nan,0.0,0.0,0.0,nan,nan,0.20000000298023224,0.20000000298023224,0.09767283328000001,0.0,0.0,0.0,0.0,0.0,0.0,0.0,0.0,0.0,0.0,0.0,0.0,0.032278042286634445,0.03089608997106552,0.0005896206785109825,7.3307600021362305,261,nan,-1.0,True,,False,0.07780987024307251,0.07780987024307251,40.0,40.0,1.0,0.0,0.0,0.0,0.0,0.0
511,7.6589484214782715,-0.0,0.07966984808444977,-0.0,0.7499608397483826,0.05911720171570778,3.0944266319274902,1.026038646697998,0.659803569316864,0.6430591785604243,52.343929382998574,0.05911720171570778,3.0944266319274902,1.026038646697998,0.659803569316864,0.6430591785604243,52.343929382998574,0.030885478481650352,121,287b5ef910aeb4ee,-0.0,0.0,0.0,0.0,nan,nan,nan,nan,nan,nan,nan,nan,nan,nan,nan,nan,0.0,0.0,0.0,nan,nan,0.20000000298023224,0.20000000298023224,0.09766403242368,0.0,0.0,0.0,0.0,0.0,0.0,0.0,0.0,0.0,0.0,0.0,0.0,0.032339002937078476,0.030885478481650352,0.000588882464398921,7.3307600021362305,261,nan,-1.0,True,,False,0.07780987024307251,0.07780987024307251,40.0,40.0,1.0,0.0,0.0,0.0,0.0,0.0
512,7.6769700050354,-0.0,0.0798637717962265,-0.0,0.7517242431640625,0.05931912362575531,3.093106508255005,1.0261340141296387,0.6599955558776855,0.643186510523667,52.14349638355131,0.05931912362575531,3.093106508255005,1.0261340141296387,0.6599955558776855,0.643186510523667,52.14349638355131,0.030872931703925133,121,287b5ef910aeb4ee,-0.0,0.0,0.0,0.0,nan,nan,nan,nan,nan,nan,nan,nan,nan,nan,nan,nan,0.0,0.0,0.0,nan,nan,0.20000000298023224,0.20000000298023224,0.09765521629184,0.0,0.0,0.0,0.0,0.0,0.0,0.0,0.0,0.0,0.0,0.0,0.0,0.03239994868636131,0.030872931703925133,0.0005879500918126723,7.3307600021362305,261,nan,-1.0,True,,False,0.07780987024307251,0.07780987024307251,40.0,40.0,1.0,0.0,0.0,0.0,0.0,0.0
513,7.69316291809082,-0.0,0.08002860844135284,-0.0,0.7533105611801147,0.05946497619152069,3.0918631553649902,1.026206374168396,0.6601556539535522,0.6432971676759665,51.99469256334907,0.05946497619152069,3.0918631553649902,1.026206374168396,0.6601556539535522,0.6432971676759665,51.99469256334907,0.030862310901284218,121,287b5ef910aeb4ee,-0.0,0.0,0.0,0.0,nan,nan,nan,nan,nan,nan,nan,nan,nan,nan,nan,nan,0.0,0.0,0.0,nan,nan,0.20000000298023224,0.20000000298023224,0.09764638489216,0.0,0.0,0.0,0.0,0.0,0.0,0.0,0.0,0.0,0.0,0.0,0.0,0.03246086463332176,0.030862310901284218,0.0005855727904418018,7.3307600021362305,261,nan,-1.0,True,,False,0.07780987024307251,0.07780987024307251,40.0,40.0,1.0,0.0,0.0,0.0,0.0,0.0
514,7.695692539215088,-0.0,0.08020824939012527,-0.0,0.7535275816917419,0.059753213077783585,3.090815305709839,1.0262705087661743,0.6602371335029602,0.6433363600175213,51.72634485255845,0.059753213077783585,3.090815305709839,1.0262705087661743,0.6602371335029602,0.6433363600175213,51.72634485255845,0.030850237235426903,121,287b5ef910aeb4ee,-0.0,0.0,0.0,0.0,nan,nan,nan,nan,nan,nan,nan,nan,nan,nan,nan,nan,0.0,0.0,0.0,nan,nan,0.20000000298023224,0.20000000298023224,0.09763753823232,0.0,0.0,0.0,0.0,0.0,0.0,0.0,0.0,0.0,0.0,0.0,0.0,0.03252176567912102,0.030850237235426903,0.0005871996108908206,7.3307600021362305,261,nan,-1.0,True,,False,0.07780987024307251,0.07780987024307251,40.0,40.0,1.0,0.0,0.0,0.0,0.0,0.0
515,7.713412761688232,-0.0,0.08040276169776917,-0.0,0.755260705947876,0.0600002259016037,3.0895700454711914,1.0263615846633911,0.6604325175285339,0.6434696381832447,51.49264022001979,0.0600002259016037,3.0895700454711914,1.0263615846633911,0.6604325175285339,0.6434696381832447,51.49264022001979,0.03083815984427929,121,287b5ef910aeb4ee,-0.0,0.0,0.0,0.0,nan,nan,nan,nan,nan,nan,nan,nan,nan,nan,nan,nan,0.0,0.0,0.0,nan,nan,0.20000000298023224,0.20000000298023224,0.09762867632,0.0,0.0,0.0,0.0,0.0,0.0,0.0,0.0,0.0,0.0,0.0,0.0,0.03258265554904938,0.03083815984427929,0.0005832582273797016,7.3307600021362305,261,nan,-1.0,True,,False,0.07780987024307251,0.07780987024307251,40.0,40.0,1.0,0.0,0.0,0.0,0.0,0.0
516,7.741718769073486,-0.0,0.08058302104473114,-0.0,0.7580552697181702,0.060236092656850815,3.0884439945220947,1.0264647006988525,0.660694420337677,0.643660147190501,51.27231628578813,0.060236092656850815,3.0884439945220947,1.0264647006988525,0.660694420337677,0.643660147190501,51.27231628578813,0.030826076865196228,121,287b5ef910aeb4ee,-0.0,0.0,0.0,0.0,nan,nan,nan,nan,nan,nan,nan,nan,nan,nan,nan,nan,0.0,0.0,0.0,nan,nan,0.20000000298023224,0.20000000298023224,0.09761979916288001,0.0,0.0,0.0,0.0,0.0,0.0,0.0,0.0,0.0,0.0,0.0,0.0,0.03264352306723595,0.030826076865196228,0.0005809405329273432,7.3307600021362305,261,nan,-1.0,True,,False,0.07780987024307251,0.07780987024307251,40.0,40.0,1.0,0.0,0.0,0.0,0.0,0.0
517,7.751846790313721,-0.0,0.08073391020298004,-0.0,0.7590378522872925,0.06042029336094856,3.087259292602539,1.026534914970398,0.6607832908630371,0.6437026945957235,51.096396936694234,0.06042029336094856,3.087259292602539,1.026534914970398,0.6607832908630371,0.6437026945957235,51.096396936694234,0.03081640787422657,121,287b5ef910aeb4ee,-0.0,0.0,0.0,0.0,nan,nan,nan,nan,nan,nan,nan,nan,nan,nan,nan,nan,0.0,0.0,0.0,nan,nan,0.20000000298023224,0.20000000298023224,0.09761090676864,0.0,0.0,0.0,0.0,0.0,0.0,0.0,0.0,0.0,0.0,0.0,0.0,0.03270437940955162,0.03081640787422657,0.0005789017218376102,7.3307600021362305,261,nan,-1.0,True,,False,0.07780987024307251,0.07780987024307251,40.0,40.0,1.0,0.0,0.0,0.0,0.0,0.0
518,7.781014442443848,-0.0,0.08092912286520004,-0.0,0.7619156241416931,0.060737691819667816,3.085941791534424,1.0266380310058594,0.661009669303894,0.6438585454079301,50.807689575966855,0.060737691819667816,3.085941791534424,1.0266380310058594,0.661009669303894,0.6438585454079301,50.807689575966855,0.030804317444562912,121,287b5ef910aeb4ee,-0.0,0.0,0.0,0.0,nan,nan,nan,nan,nan,nan,nan,nan,nan,nan,nan,nan,0.0,0.0,0.0,nan,nan,0.20000000298023224,0.20000000298023224,0.09760199914496,0.0,0.0,0.0,0.0,0.0,0.0,0.0,0.0,0.0,0.0,0.0,0.0,0.0327652171254158,0.030804317444562912,0.0005780049509667151,7.3307600021362305,261,nan,-1.0,True,,False,0.07780987024307251,0.07780987024307251,40.0,40.0,1.0,0.0,0.0,0.0,0.0,0.0
519,7.800459384918213,-0.0,0.08110997825860977,-0.0,0.763823926448822,0.06094329059123993,3.0845160484313965,1.0267139673233032,0.6611570119857788,0.643954434270968,50.61288976205642,0.06094329059123993,3.0845160484313965,1.0267139673233032,0.6611570119857788,0.643954434270968,50.61288976205642,0.030792705714702606,121,287b5ef910aeb4ee,-0.0,0.0,0.0,0.0,nan,nan,nan,nan,nan,nan,nan,nan,nan,nan,nan,nan,0.0,0.0,0.0,nan,nan,0.20000000298023224,0.20000000298023224,0.09759307629952,0.0,0.0,0.0,0.0,0.0,0.0,0.0,0.0,0.0,0.0,0.0,0.0,0.03282603248953819,0.030792705714702606,0.0005742079874835326,7.3307600021362305,261,nan,-1.0,True,,False,0.07780987024307251,0.07780987024307251,40.0,40.0,1.0,0.0,0.0,0.0,0.0,0.0
520,7.812126636505127,-0.0,0.08129094541072845,-0.0,0.7649544477462769,0.06130211800336838,3.083252191543579,1.0267781019210815,0.6612765789031982,0.6440306602429121,50.29601410140777,0.06130211800336838,3.083252191543579,1.0267781019210815,0.6612765789031982,0.6440306602429121,50.29601410140777,0.030781088396906853,121,287b5ef910aeb4ee,-0.0,0.0,0.0,0.0,nan,nan,nan,nan,nan,nan,nan,nan,nan,nan,nan,nan,0.0,0.0,0.0,nan,nan,0.20000000298023224,0.20000000298023224,0.09758413824,0.0,0.0,0.0,0.0,0.0,0.0,0.0,0.0,0.0,0.0,0.0,0.0,0.03288683295249939,0.030781088396906853,0.0005721426591662748,7.3307600021362305,261,nan,-1.0,True,,False,0.07780987024307251,0.07780987024307251,40.0,40.0,1.0,0.0,0.0,0.0,0.0,0.0
521,7.841851711273193,-0.0,0.08147221058607101,-0.0,0.7678907513618469,0.06164414808154106,3.0819907188415527,1.0268893241882324,0.6615253686904907,0.6442031805262305,49.99648490177504,0.06164414808154106,3.0819907188415527,1.0268893241882324,0.6615253686904907,0.6442031805262305,49.99648490177504,0.0307694673538208,121,287b5ef910aeb4ee,-0.0,0.0,0.0,0.0,nan,nan,nan,nan,nan,nan,nan,nan,nan,nan,nan,nan,0.0,0.0,0.0,nan,nan,0.20000000298023224,0.20000000298023224,0.09757518497408,0.0,0.0,0.0,0.0,0.0,0.0,0.0,0.0,0.0,0.0,0.0,0.0,0.03294761851429939,0.0307694673538208,0.000569398516745423,7.3307600021362305,261,nan,-1.0,True,,False,0.07780987024307251,0.07780987024307251,40.0,40.0,1.0,0.0,0.0,0.0,0.0,0.0
522,7.861316204071045,-0.0,0.08165363222360611,-0.0,0.7698009014129639,0.06217125803232193,3.080880641937256,1.0269732475280762,0.6616842150688171,0.6443052111254997,49.55474184446374,0.06217125803232193,3.080880641937256,1.0269732475280762,0.6616842150688171,0.6443052111254997,49.55474184446374,0.03075784258544445,121,287b5ef910aeb4ee,-0.0,0.0,0.0,0.0,nan,nan,nan,nan,nan,nan,nan,nan,nan,nan,nan,nan,0.0,0.0,0.0,nan,nan,0.20000000298023224,0.20000000298023224,0.09756621650944,0.0,0.0,0.0,0.0,0.0,0.0,0.0,0.0,0.0,0.0,0.0,0.0,0.0330083929002285,0.03075784258544445,0.0005681405186805932,7.3307600021362305,261,nan,-1.0,True,,False,0.07780987024307251,0.07780987024307251,40.0,40.0,1.0,0.0,0.0,0.0,0.0,0.0
523,7.899941921234131,-0.0,0.08182059228420258,-0.0,0.7736300826072693,0.059897541999816895,3.0796351432800293,1.0270895957946777,0.6619663834571838,0.6445069506764972,51.41505044212739,0.059897541999816895,3.0796351432800293,1.0270895957946777,0.6619663834571838,0.6445069506764972,51.41505044212739,0.0307471826672554,121,287b5ef910aeb4ee,-0.0,0.0,0.0,0.0,nan,nan,nan,nan,nan,nan,nan,nan,nan,nan,nan,nan,0.0,0.0,0.0,nan,nan,0.20000000298023224,0.20000000298023224,0.09755723285376,0.0,0.0,0.0,0.0,0.0,0.0,0.0,0.0,0.0,0.0,0.0,0.0,0.03306914120912552,0.0307471826672554,0.0005658294985551038,7.3307600021362305,261,nan,-1.0,True,,False,0.07780987024307251,0.07780987024307251,40.0,40.0,1.0,0.0,0.0,0.0,0.0,0.0
524,7.92518949508667,-0.0,0.0820024311542511,-0.0,0.7761184573173523,0.05792773887515068,3.078357219696045,1.0271573066711426,0.6620911955833435,0.644585976542462,53.14133227831841,0.05792773887515068,3.078357219696045,1.0271573066711426,0.6620911955833435,0.644585976542462,53.14133227831841,0.030735550448298454,121,287b5ef910aeb4ee,-0.0,0.0,0.0,0.0,nan,nan,nan,nan,nan,nan,nan,nan,nan,nan,nan,nan,0.0,0.0,0.0,nan,nan,0.20000000298023224,0.20000000298023224,0.09754823401472,0.0,0.0,0.0,0.0,0.0,0.0,0.0,0.0,0.0,0.0,0.0,0.0,0.03312987834215164,0.030735550448298454,0.0005605920850939583,7.3307600021362305,261,nan,-1.0,True,,False,0.07780987024307251,0.07780987024307251,40.0,40.0,1.0,0.0,0.0,0.0,0.0,0.0
525,7.949902534484863,-0.0,0.08216975629329681,-0.0,0.7785562872886658,0.05553777515888214,3.0770907402038574,1.0272632837295532,0.662277340888977,0.6447006832411372,55.4053656524939,0.05553777515888214,3.0770907402038574,1.0272632837295532,0.662277340888977,0.6447006832411372,55.4053656524939,0.03072488121688366,121,1ec259c914c61953,-0.0,0.0,0.0,0.0,nan,nan,nan,nan,nan,nan,nan,nan,nan,nan,nan,nan,0.0,0.0,0.0,nan,nan,0.20000000298023224,0.20000000298023224,0.09753922000000001,0.0,0.0,0.0,0.0,0.0,0.0,0.0,0.0,0.0,0.0,0.0,0.0,0.03319060429930687,0.03072488121688366,0.000556079809939547,7.3307600021362305,261,nan,-1.0,True,,False,0.07780987024307251,0.07780987024307251,40.0,40.0,1.0,0.0,0.0,0.0,0.0,0.0
526,7.9885172843933105,-0.0,0.08233754336833954,-0.0,0.7823842167854309,0.05353899300098419,3.0759050846099854,1.027347445487976,0.6624947786331177,0.64485951811409,57.4516798355442,0.05353899300098419,3.0759050846099854,1.027347445487976,0.6624947786331177,0.64485951811409,57.4516798355442,0.030714210122823715,121,1ec259c914c61953,-0.0,0.0,0.0,0.0,nan,nan,nan,nan,nan,nan,nan,nan,nan,nan,nan,nan,0.0,0.0,0.0,nan,nan,0.20000000298023224,0.20000000298023224,0.09753019081728,0.0,0.0,0.0,0.0,0.0,0.0,0.0,0.0,0.0,0.0,0.0,0.0,0.033251307904720306,0.030714210122823715,0.0005532871873583645,7.3307600021362305,261,nan,-1.0,True,,False,0.07780987024307251,0.07780987024307251,40.0,40.0,1.0,0.0,0.0,0.0,0.0,0.0
527,8.013259887695312,-0.0,0.08253476768732071,-0.0,0.7848190665245056,0.05131329968571663,3.0746302604675293,1.027405023574829,0.6626220941543579,0.6449472982415265,59.9187789383845,0.05131329968571663,3.0746302604675293,1.027405023574829,0.6626220941543579,0.6449472982415265,59.9187789383845,0.030701594427227974,121,1ec259c914c61953,-0.0,0.0,0.0,0.0,nan,nan,nan,nan,nan,nan,nan,nan,nan,nan,nan,nan,0.0,0.0,0.0,nan,nan,0.20000000298023224,0.20000000298023224,0.09752114647424001,0.0,0.0,0.0,0.0,0.0,0.0,0.0,0.0,0.0,0.0,0.0,0.0,0.03331200033426285,0.030701594427227974,0.0005501009063664242,7.3307600021362305,261,nan,-1.0,True,,False,0.07780987024307251,0.07780987024307251,40.0,40.0,1.0,0.0,0.0,0.0,0.0,0.0
528,8.046258926391602,-0.0,0.08268819749355316,-0.0,0.7880882024765015,0.049178414046764374,3.0733606815338135,1.0275028944015503,0.6628034710884094,0.6450623883394965,62.494099110461676,0.049178414046764374,3.0733606815338135,1.0275028944015503,0.6628034710884094,0.6450623883394965,62.494099110461676,0.030691884458065033,121,1ec259c914c61953,-0.0,0.0,0.0,0.0,nan,nan,nan,nan,nan,nan,nan,nan,nan,nan,nan,nan,0.0,0.0,0.0,nan,nan,0.20000000298023224,0.20000000298023224,0.09751208697856001,0.0,0.0,0.0,0.0,0.0,0.0,0.0,0.0,0.0,0.0,0.0,0.0,0.0333726666867733,0.030691884458065033,0.000546853401374392,7.3307600021362305,261,nan,-1.0,True,,False,0.07780987024307251,0.07780987024307251,40.0,40.0,1.0,0.0,0.0,0.0,0.0,0.0
529,8.088984489440918,-0.0,0.08288594335317612,-0.0,0.7923212647438049,0.04712552949786186,3.0718860626220703,1.0276145935058594,0.6630819439888,0.6452632613230976,65.18517872062202,0.04712552949786186,3.0718860626220703,1.0276145935058594,0.6630819439888,0.6452632613230976,65.18517872062202,0.030679259449243546,121,1ec259c914c61953,-0.0,0.0,0.0,0.0,nan,nan,nan,nan,nan,nan,nan,nan,nan,nan,nan,nan,0.0,0.0,0.0,nan,nan,0.20000000298023224,0.20000000298023224,0.09750301233792001,0.0,0.0,0.0,0.0,0.0,0.0,0.0,0.0,0.0,0.0,0.0,0.0,0.03343331813812256,0.030679259449243546,0.0005420201309789263,7.3307600021362305,261,nan,-1.0,True,,False,0.07780987024307251,0.07780987024307251,40.0,40.0,1.0,0.0,0.0,0.0,0.0,0.0
530,8.133885383605957,-0.0,0.08306918293237686,-0.0,0.796774685382843,0.04486563801765442,3.070779323577881,1.0277119874954224,0.6633011102676392,0.6454153676694305,68.44390182013112,0.04486563801765442,3.070779323577881,1.0277119874954224,0.6633011102676392,0.6454153676694305,68.44390182013112,0.03066759929060936,121,1ec259c914c61953,-0.0,0.0,0.0,0.0,nan,nan,nan,nan,nan,nan,nan,nan,nan,nan,nan,nan,0.0,0.0,0.0,nan,nan,0.20000000298023224,0.20000000298023224,0.09749392256,0.0,0.0,0.0,0.0,0.0,0.0,0.0,0.0,0.0,0.0,0.0,0.0,0.03349396586418152,0.03066759929060936,0.000538269398475677,7.3307600021362305,261,nan,-1.0,True,,False,0.07780987024307251,0.07780987024307251,40.0,40.0,1.0,0.0,0.0,0.0,0.0,0.0
531,8.192178726196289,-0.0,0.0832381397485733,-0.0,0.8025702238082886,0.041813988238573074,3.0693552494049072,1.0278040170669556,0.6635130643844604,0.6455637975398537,73.4049866731787,0.041813988238573074,3.0693552494049072,1.0278040170669556,0.6635130643844604,0.6455637975398537,73.4049866731787,0.030656907707452774,121,1ec259c914c61953,-0.0,0.0,0.0,0.0,nan,nan,nan,nan,nan,nan,nan,nan,nan,nan,nan,nan,0.0,0.0,0.0,nan,nan,0.20000000298023224,0.20000000298023224,0.09748481765248002,0.0,0.0,0.0,0.0,0.0,0.0,0.0,0.0,0.0,0.0,0.0,0.0,0.03355459123849869,0.030656907707452774,0.0005314439649737324,7.3307600021362305,261,nan,-1.0,True,,False,0.07780987024307251,0.07780987024307251,40.0,40.0,1.0,0.0,0.0,0.0,0.0,0.0
532,8.22459888458252,-0.0,0.08339234441518784,-0.0,0.8057814240455627,0.040528930723667145,3.0681533813476562,1.0278900861740112,0.6637078523635864,0.6456992447840649,75.70279616471566,0.040528930723667145,3.0681533813476562,1.0278900861740112,0.6637078523635864,0.6456992447840649,75.70279616471566,0.030647186562418938,121,1ec259c914c61953,-0.0,0.0,0.0,0.0,nan,nan,nan,nan,nan,nan,nan,nan,nan,nan,nan,nan,0.0,0.0,0.0,nan,nan,0.20000000298023224,0.20000000298023224,0.09747569762304001,0.0,0.0,0.0,0.0,0.0,0.0,0.0,0.0,0.0,0.0,0.0,0.0,0.03361520543694496,0.030647186562418938,0.0005284570297590108,7.3307600021362305,261,nan,-1.0,True,,False,0.07780987024307251,0.07780987024307251,40.0,40.0,1.0,0.0,0.0,0.0,0.0,0.0
533,8.270878791809082,-0.0,0.08357641845941544,-0.0,0.8103726506233215,0.038448821753263474,3.066976547241211,1.0279861688613892,0.6639445424079895,0.6458691396046535,79.76776419633434,0.038448821753263474,3.066976547241211,1.0279861688613892,0.6639445424079895,0.6458691396046535,79.76776419633434,0.030635515227913857,121,01e1a255b89eeed4,-0.0,0.0,0.0,0.0,nan,nan,nan,nan,nan,nan,nan,nan,nan,nan,nan,nan,0.0,0.0,0.0,nan,nan,0.20000000298023224,0.20000000298023224,0.09746656247936002,0.0,0.0,0.0,0.0,0.0,0.0,0.0,0.0,0.0,0.0,0.0,0.0,0.03367580100893974,0.030635515227913857,0.0005227712199484813,7.3307600021362305,261,nan,-1.0,True,,False,0.07780987024307251,0.07780987024307251,40.0,40.0,1.0,0.0,0.0,0.0,0.0,0.0
534,8.314579963684082,-0.0,0.08374568819999695,-0.0,0.814708948135376,0.036558598279953,3.065347194671631,1.0280771255493164,0.6641023755073547,0.6459655204880813,83.84750342992558,0.036558598279953,3.065347194671631,1.0280771255493164,0.6641023755073547,0.6459655204880813,83.84750342992558,0.030624324455857277,121,2f11e9bde5d83210,-0.0,0.0,0.0,0.0,nan,nan,nan,nan,nan,nan,nan,nan,nan,nan,nan,nan,0.0,0.0,0.0,nan,nan,0.20000000298023224,0.20000000298023224,0.09745741222912001,0.0,0.0,0.0,0.0,0.0,0.0,0.0,0.0,0.0,0.0,0.0,0.0,0.03373638540506363,0.030624324455857277,0.0005189593782688462,7.3307600021362305,261,nan,-1.0,True,,False,0.07780987024307251,0.07780987024307251,40.0,40.0,1.0,0.0,0.0,0.0,0.0,0.0
535,8.373672485351562,-0.0,0.0839303731918335,-0.0,0.8205811381340027,0.034470852464437485,3.064289093017578,1.0281460285186768,0.6642792224884033,0.6460942357045115,88.89507725922678,0.034470852464437485,3.064289093017578,1.0281460285186768,0.6642792224884033,0.6460942357045115,88.89507725922678,0.030613131821155548,121,2f11e9bde5d83210,-0.0,0.0,0.0,0.0,nan,nan,nan,nan,nan,nan,nan,nan,nan,nan,nan,nan,0.0,0.0,0.0,nan,nan,0.20000000298023224,0.20000000298023224,0.09744824688,0.0,0.0,0.0,0.0,0.0,0.0,0.0,0.0,0.0,0.0,0.0,0.0,0.033796947449445724,0.030613131821155548,0.0005117546729707101,7.3307600021362305,261,nan,-1.0,True,,False,0.07780987024307251,0.07780987024307251,40.0,40.0,1.0,0.0,0.0,0.0,0.0,0.0
536,8.44151782989502,-0.0,0.08411510288715363,-0.0,0.8273287415504456,0.03218542039394379,3.063180446624756,1.0282505750656128,0.6645402312278748,0.6462823822738639,95.17292019591403,0.03218542039394379,3.063180446624756,1.0282505750656128,0.6645402312278748,0.6462823822738639,95.17292019591403,0.030601447448134422,121,2f11e9bde5d83210,-0.0,0.0,0.0,0.0,nan,nan,nan,nan,nan,nan,nan,nan,nan,nan,nan,nan,0.0,0.0,0.0,nan,nan,0.20000000298023224,0.20000000298023224,0.09743906643968,0.0,0.0,0.0,0.0,0.0,0.0,0.0,0.0,0.0,0.0,0.0,0.0,0.03385750204324722,0.030601447448134422,0.0005055728131537762,7.3307600021362305,261,nan,-1.0,True,,False,0.07780987024307251,0.07780987024307251,40.0,40.0,1.0,0.0,0.0,0.0,0.0,0.0
537,8.507975578308105,-0.0,0.08428533375263214,-0.0,0.8339405059814453,0.030307531356811523,3.061924457550049,1.0283546447753906,0.6647688746452332,0.6464393174306413,101.02850085353094,0.030307531356811523,3.061924457550049,1.0283546447753906,0.6647688746452332,0.6464393174306413,101.02850085353094,0.030590733513236046,121,2f11e9bde5d83210,-0.0,0.0,0.0,0.0,nan,nan,nan,nan,nan,nan,nan,nan,nan,nan,nan,nan,0.0,0.0,0.0,nan,nan,0.20000000298023224,0.20000000298023224,0.09742987091584,0.0,0.0,0.0,0.0,0.0,0.0,0.0,0.0,0.0,0.0,0.0,0.0,0.03391803801059723,0.030590733513236046,0.0005007327408748097,7.3307600021362305,261,nan,-1.0,True,,False,0.07780987024307251,0.07780987024307251,40.0,40.0,1.0,0.0,0.0,0.0,0.0,0.0
538,8.582737922668457,-0.0,0.0844559445977211,-0.0,0.8413825631141663,0.028009966015815735,3.0604946613311768,1.0284676551818848,0.6650232076644897,0.6466155783449312,109.26449034615317,0.028009966015815735,3.0604946613311768,1.0284676551818848,0.6650232076644897,0.6466155783449312,109.26449034615317,0.030579527840018272,121,2f11e9bde5d83210,-0.0,0.0,0.0,0.0,nan,nan,nan,nan,nan,nan,nan,nan,nan,nan,nan,nan,0.0,0.0,0.0,nan,nan,0.20000000298023224,0.20000000298023224,0.09742066031616001,0.0,0.0,0.0,0.0,0.0,0.0,0.0,0.0,0.0,0.0,0.0,0.0,0.03397857025265694,0.030579527840018272,0.0004930689751745376,7.3307600021362305,261,nan,-1.0,True,,False,0.07780987024307251,0.07780987024307251,40.0,40.0,1.0,0.0,0.0,0.0,0.0,0.0
539,8.659510612487793,-0.0,0.0846414566040039,-0.0,0.8490227460861206,0.026148928329348564,3.0594375133514404,1.0285589694976807,0.6652473211288452,0.646776063266196,117.00049328284112,0.026148928329348564,3.0594375133514404,1.0285589694976807,0.6652473211288452,0.646776063266196,117.00049328284112,0.03056831657886505,121,2f11e9bde5d83210,-0.0,0.0,0.0,0.0,nan,nan,nan,nan,nan,nan,nan,nan,nan,nan,nan,nan,0.0,0.0,0.0,nan,nan,0.20000000298023224,0.20000000298023224,0.09741143464832,0.0,0.0,0.0,0.0,0.0,0.0,0.0,0.0,0.0,0.0,0.0,0.0,0.034039076417684555,0.03056831657886505,0.0004873160282841127,7.3307600021362305,261,nan,-1.0,True,,False,0.07780987024307251,0.07780987024307251,40.0,40.0,1.0,0.0,0.0,0.0,0.0,0.0
540,8.745177268981934,-0.0,0.08482721447944641,-0.0,0.8575522303581238,0.024136502295732498,3.05775785446167,1.0286763906478882,0.6655200719833374,0.6469673825839192,126.68603830813973,0.024136502295732498,3.05775785446167,1.0286763906478882,0.6655200719833374,0.6469673825839192,126.68603830813973,0.030556615442037582,121,2f11e9bde5d83210,-0.0,0.0,0.0,0.0,nan,nan,nan,nan,nan,nan,nan,nan,nan,nan,nan,nan,0.0,0.0,0.0,nan,nan,0.20000000298023224,0.20000000298023224,0.09740219392,0.0,0.0,0.0,0.0,0.0,0.0,0.0,0.0,0.0,0.0,0.0,0.0,0.034099578857421875,0.030556615442037582,0.00048137180669982627,7.3307600021362305,261,nan,-1.0,True,,False,0.07780987024307251,0.07780987024307251,40.0,40.0,1.0,0.0,0.0,0.0,0.0,0.0
541,8.842541694641113,-0.0,0.08499813079833984,-0.0,0.8672545552253723,0.02187233790755272,3.056539535522461,1.0287599563598633,0.6657097339630127,0.6470991895121406,139.74452792570517,0.02187233790755272,3.056539535522461,1.0287599563598633,0.6657097339630127,0.6470991895121406,139.74452792570517,0.030545884743332863,121,2f11e9bde5d83210,-0.0,0.0,0.0,0.0,nan,nan,nan,nan,nan,nan,nan,nan,nan,nan,nan,nan,0.0,0.0,0.0,nan,nan,0.20000000298023224,0.20000000298023224,0.09739293813887999,0.0,0.0,0.0,0.0,0.0,0.0,0.0,0.0,0.0,0.0,0.0,0.0,0.034160058945417404,0.030545884743332863,0.00047438084311579587,7.3307600021362305,261,nan,-1.0,True,,False,0.07780987024307251,0.07780987024307251,40.0,40.0,1.0,0.0,0.0,0.0,0.0,0.0
542,8.94490909576416,-0.0,0.08518443256616592,-0.0,0.8774540424346924,0.019932948052883148,3.0555496215820312,1.0288527011871338,0.6659302115440369,0.6472551520501024,153.29140543965192,0.019932948052883148,3.0555496215820312,1.0288527011871338,0.6659302115440369,0.6472551520501024,153.29140543965192,0.030534174293279648,121,2f11e9bde5d83210,-0.0,0.0,0.0,0.0,nan,nan,nan,nan,nan,nan,nan,nan,nan,nan,nan,nan,0.0,0.0,0.0,nan,nan,0.20000000298023224,0.20000000298023224,0.09738366731264,0.0,0.0,0.0,0.0,0.0,0.0,0.0,0.0,0.0,0.0,0.0,0.0,0.034220531582832336,0.030534174293279648,0.0004682173616856744,7.3307600021362305,261,nan,-1.0,True,,False,0.07780987024307251,0.07780987024307251,40.0,40.0,1.0,0.0,0.0,0.0,0.0,0.0
543,9.069393157958984,-0.0,0.08534131199121475,-0.0,0.8898710012435913,0.01799607276916504,3.054316520690918,1.0289592742919922,0.6662298440933228,0.6474793130678016,169.72128085213498,0.01799607276916504,3.054316520690918,1.0289592742919922,0.6662298440933228,0.6474793130678016,169.72128085213498,0.030524414032697678,121,2f11e9bde5d83210,-0.0,0.0,0.0,0.0,nan,nan,nan,nan,nan,nan,nan,nan,nan,nan,nan,nan,0.0,0.0,0.0,nan,nan,0.20000000298023224,0.20000000298023224,0.09737438144896,0.0,0.0,0.0,0.0,0.0,0.0,0.0,0.0,0.0,0.0,0.0,0.0,0.03428099676966667,0.030524414032697678,0.00046176938917597,7.3307600021362305,261,nan,-1.0,True,,False,0.07780987024307251,0.07780987024307251,40.0,40.0,1.0,0.0,0.0,0.0,0.0,0.0
544,9.206141471862793,-0.0,0.0855284184217453,-0.0,0.9035084843635559,0.016023648902773857,3.0528900623321533,1.029052972793579,0.6664627194404602,0.647646658685809,190.5240236388147,0.016023648902773857,3.0528900623321533,1.029052972793579,0.6664627194404602,0.647646658685809,190.5240236388147,0.030512206256389618,121,2f11e9bde5d83210,-0.0,0.0,0.0,0.0,nan,nan,nan,nan,nan,nan,nan,nan,nan,nan,nan,nan,0.0,0.0,0.0,nan,nan,0.20000000298023224,0.20000000298023224,0.09736508055552001,0.0,0.0,0.0,0.0,0.0,0.0,0.0,0.0,0.0,0.0,0.0,0.0,0.034341443330049515,0.030512206256389618,0.00045518553770307335,7.3307600021362305,261,nan,-1.0,True,,False,0.07780987024307251,0.07780987024307251,40.0,40.0,1.0,0.0,0.0,0.0,0.0,0.0
545,9.372254371643066,-0.0,0.0857153907418251,-0.0,0.9200823903083801,0.01384781301021576,3.0513925552368164,1.029139757156372,0.6666768193244934,0.6478000822420813,220.35194676486128,0.01384781301021576,3.0513925552368164,1.029139757156372,0.6666768193244934,0.6478000822420813,220.35194676486128,0.030500972643494606,121,2f11e9bde5d83210,-0.0,0.0,0.0,0.0,nan,nan,nan,nan,nan,nan,nan,nan,nan,nan,nan,nan,0.0,0.0,0.0,nan,nan,0.20000000298023224,0.20000000298023224,0.09735576464000001,0.0,0.0,0.0,0.0,0.0,0.0,0.0,0.0,0.0,0.0,0.0,0.0,0.034401874989271164,0.030500972643494606,0.0004483017580696469,7.3307600021362305,261,nan,-1.0,True,,False,0.07780987024307251,0.07780987024307251,40.0,40.0,1.0,0.0,0.0,0.0,0.0,0.0
546,9.558215141296387,-0.0,0.08584272116422653,-0.0,0.9386529922485352,0.011886750347912312,3.050489902496338,1.0292394161224365,0.6669130921363831,0.6479669177934478,256.62942462925537,0.011886750347912312,3.050489902496338,1.0292394161224365,0.6669130921363831,0.6479669177934478,256.62942462925537,0.030492665246129036,121,2f11e9bde5d83210,-0.0,0.0,0.0,0.0,nan,nan,nan,nan,nan,nan,nan,nan,nan,nan,nan,nan,0.0,0.0,0.0,nan,nan,0.20000000298023224,0.20000000298023224,0.09734643371008,0.0,0.0,0.0,0.0,0.0,0.0,0.0,0.0,0.0,0.0,0.0,0.0,0.03446229174733162,0.030492665246129036,0.0004420849065809307,7.3307600021362305,261,nan,-1.0,True,,False,0.07780987024307251,0.07780987024307251,40.0,40.0,1.0,0.0,0.0,0.0,0.0,0.0
547,9.897506713867188,-0.0,0.08606050163507462,-0.0,0.9725385904312134,0.008998041041195393,3.049220085144043,1.0293707847595215,0.6672719717025757,0.6482328637862612,338.8759921391682,0.008998041041195393,3.049220085144043,1.0293707847595215,0.6672719717025757,0.6482328637862612,338.8759921391682,0.030479468405246735,121,2f11e9bde5d83210,-0.0,0.0,0.0,0.0,nan,nan,nan,nan,nan,nan,nan,nan,nan,nan,nan,nan,0.0,0.0,0.0,nan,nan,0.20000000298023224,0.20000000298023224,0.09733708777344001,0.0,0.0,0.0,0.0,0.0,0.0,0.0,0.0,0.0,0.0,0.0,0.0,0.03452269360423088,0.030479468405246735,0.00043282517322040803,7.3307600021362305,261,nan,-1.0,True,,False,0.07780987024307251,0.07780987024307251,40.0,40.0,1.0,0.0,0.0,0.0,0.0,0.0
548,10.06778335571289,-0.0,0.08623381704092026,-0.0,0.9895316362380981,0.007930738851428032,3.0476129055023193,1.0294383764266968,0.6674138903617859,0.64832816188421,384.27855999237164,0.007930738851428032,3.0476129055023193,1.0294383764266968,0.6674138903617859,0.64832816188421,384.27855999237164,0.030468221753835678,121,2f11e9bde5d83210,-0.0,0.0,0.0,0.0,nan,nan,nan,nan,nan,nan,nan,nan,nan,nan,nan,nan,0.0,0.0,0.0,nan,nan,0.20000000298023224,0.20000000298023224,0.09732772683776,0.0,0.0,0.0,0.0,0.0,0.0,0.0,0.0,0.0,0.0,0.0,0.0,0.03458308428525925,0.030468221753835678,0.00042916506208712235,7.3307600021362305,261,nan,-1.0,True,,False,0.07780987024307251,0.07780987024307251,40.0,40.0,1.0,0.0,0.0,0.0,0.0,0.0
549,10.444485664367676,-0.0,0.08640699833631516,-0.0,1.0271670818328857,0.005975954234600067,3.0463361740112305,1.0295647382736206,0.6677406430244446,0.6485659601591596,509.76564652609034,0.005975954234600067,3.0463361740112305,1.0295647382736206,0.6677406430244446,0.6485659601591596,509.76564652609034,0.03045794926583767,121,8ec2bcc19affdf05,-0.0,0.0,0.0,0.0,nan,nan,nan,nan,nan,nan,nan,nan,nan,nan,nan,nan,0.0,0.0,0.0,nan,nan,0.20000000298023224,0.20000000298023224,0.09731835091072,0.0,0.0,0.0,0.0,0.0,0.0,0.0,0.0,0.0,0.0,0.0,0.0,0.034643467515707016,0.03045794926583767,0.00042355476170996553,7.3307600021362305,261,nan,-1.0,True,,False,0.07780987024307251,0.07780987024307251,40.0,40.0,1.0,0.0,0.0,0.0,0.0,0.0
550,11.331720352172852,-0.0,0.08659537136554718,-0.0,1.115852952003479,0.003149473574012518,3.045413017272949,1.029636025428772,0.667949914932251,0.6487243049349367,966.9593808952038,0.003149473574012518,3.045413017272949,1.029636025428772,0.667949914932251,0.6487243049349367,966.9593808952038,0.030446205288171768,121,8ec2bcc19affdf05,-0.0,0.0,0.0,0.0,nan,nan,nan,nan,nan,nan,nan,nan,nan,nan,nan,nan,0.0,0.0,0.0,nan,nan,0.20000000298023224,0.20000000298023224,0.09730896,0.0,0.0,0.0,0.0,0.0,0.0,0.0,0.0,0.0,0.0,0.0,0.0,0.03470383211970329,0.030446205288171768,0.00041527538337504666,7.3307600021362305,261,nan,-1.0,True,,False,0.07780987024307251,0.07780987024307251,40.0,40.0,1.0,0.0,0.0,0.0,0.0,0.0
551,12.840518951416016,-0.0,0.08676943928003311,-0.0,1.2666980028152466,0.0012152809649705887,3.0439987182617188,1.0297796726226807,0.6682984232902527,0.6489722423712305,2504.7695191501557,0.0012152809649705887,3.0439987182617188,1.0297796726226807,0.6682984232902527,0.6489722423712305,2504.7695191501557,0.030435435473918915,121,8ec2bcc19affdf05,-0.0,0.0,0.0,0.0,nan,nan,nan,nan,nan,nan,nan,nan,nan,nan,nan,nan,0.0,0.0,0.0,nan,nan,0.20000000298023224,0.20000000298023224,0.09729955411328,0.0,0.0,0.0,0.0,0.0,0.0,0.0,0.0,0.0,0.0,0.0,0.0,0.034764181822538376,0.030435435473918915,0.00040926736369328864,7.3307600021362305,261,nan,-1.0,True,,False,0.07780987024307251,0.07780987024307251,40.0,40.0,1.0,0.0,0.0,0.0,0.0,0.0
552,13.261456489562988,-0.0,0.08694373816251755,-0.0,1.308756947517395,0.000969182001426816,3.042731523513794,1.029869794845581,0.6685509085655212,0.6491606141976073,3139.4841413009403,0.000969182001426816,3.042731523513794,1.029869794845581,0.6685509085655212,0.6491606141976073,3139.4841413009403,0.030424663797020912,121,dcd1c43971ffabf5,-0.0,0.0,0.0,0.0,nan,nan,nan,nan,nan,nan,nan,nan,nan,nan,nan,nan,0.0,0.0,0.0,nan,nan,0.20000000298023224,0.20000000298023224,0.09729013325824,0.0,0.0,0.0,0.0,0.0,0.0,0.0,0.0,0.0,0.0,0.0,0.0,0.03482452407479286,0.030424663797020912,0.00040582662791166513,7.3307600021362305,261,nan,-1.0,True,,False,0.07780987024307251,0.07780987024307251,40.0,40.0,1.0,0.0,0.0,0.0,0.0,0.0
553,11.941693305969238,-0.0,0.08711758255958557,-0.0,1.1767457723617554,0.002233792096376419,3.0414700508117676,1.0299614667892456,0.6686639785766602,0.6492126163332328,1361.5725723739179,0.002233792096376419,3.0414700508117676,1.0299614667892456,0.6686639785766602,0.6492126163332328,1361.5725723739179,0.030413396656513214,121,27f1dcd8c31bae14,-0.0,0.0,0.0,0.0,nan,nan,nan,nan,nan,nan,nan,nan,nan,nan,nan,nan,0.0,0.0,0.0,nan,nan,0.20000000298023224,0.20000000298023224,0.09728069744256,0.0,0.0,0.0,0.0,0.0,0.0,0.0,0.0,0.0,0.0,0.0,0.0,0.034884851425886154,0.030413396656513214,0.0004071511694974106,7.3307600021362305,261,nan,-1.0,True,,False,0.07780987024307251,0.07780987024307251,40.0,40.0,1.0,0.0,0.0,0.0,0.0,0.0
554,11.215106964111328,-0.0,0.08729252964258194,-0.0,1.104052186012268,0.0037868982180953026,3.040205478668213,1.0300136804580688,0.6687758564949036,0.6492883242069997,802.8220732579779,0.0037868982180953026,3.040205478668213,1.0300136804580688,0.6687758564949036,0.6492883242069997,802.8220732579779,0.030403105542063713,121,27f1dcd8c31bae14,-0.0,0.0,0.0,0.0,nan,nan,nan,nan,nan,nan,nan,nan,nan,nan,nan,nan,0.0,0.0,0.0,nan,nan,0.20000000298023224,0.20000000298023224,0.09727124667392001,0.0,0.0,0.0,0.0,0.0,0.0,0.0,0.0,0.0,0.0,0.0,0.0,0.03494517505168915,0.030403105542063713,0.00041367066660313867,7.3307600021362305,261,nan,-1.0,True,,False,0.07780987024307251,0.07780987024307251,40.0,40.0,1.0,0.0,0.0,0.0,0.0,0.0
555,10.780618667602539,-0.0,0.08746758848428726,-0.0,1.0605683326721191,0.005381046794354916,3.0388054847717285,1.0301090478897095,0.6689115166664124,0.6493599080958957,564.7238540946424,0.005381046794354916,3.0388054847717285,1.0301090478897095,0.6689115166664124,0.6493599080958957,564.7238540946424,0.030392320826649666,121,27f1dcd8c31bae14,-0.0,0.0,0.0,0.0,nan,nan,nan,nan,nan,nan,nan,nan,nan,nan,nan,nan,0.0,0.0,0.0,nan,nan,0.20000000298023224,0.20000000298023224,0.09726178096,0.0,0.0,0.0,0.0,0.0,0.0,0.0,0.0,0.0,0.0,0.0,0.0,0.03500548377633095,0.030392320826649666,0.00042146108648921654,7.3307600021362305,261,nan,-1.0,True,,False,0.07780987024307251,0.07780987024307251,40.0,40.0,1.0,0.0,0.0,0.0,0.0,0.0
556,10.49461555480957,-0.0,0.08764281868934631,-0.0,1.031933069229126,0.007075470872223377,3.03747820854187,1.0301882028579712,0.6690990328788757,0.6494920355549075,429.29697025060057,0.007075470872223377,3.03747820854187,1.0301882028579712,0.6690990328788757,0.6494920355549075,429.29697025060057,0.03038153238594532,121,27f1dcd8c31bae14,-0.0,0.0,0.0,0.0,nan,nan,nan,nan,nan,nan,nan,nan,nan,nan,nan,nan,0.0,0.0,0.0,nan,nan,0.20000000298023224,0.20000000298023224,0.09725230030848,0.0,0.0,0.0,0.0,0.0,0.0,0.0,0.0,0.0,0.0,0.0,0.0,0.03506578505039215,0.03038153238594532,0.00043106691896355187,7.3307600021362305,261,nan,-1.0,True,,False,0.07780987024307251,0.07780987024307251,40.0,40.0,1.0,0.0,0.0,0.0,0.0,0.0
557,10.279672622680664,-0.0,0.08783330023288727,-0.0,1.0104005336761475,0.008786768652498722,3.036419153213501,1.0302574634552002,0.6692427396774292,0.6495878587794677,345.5672128513392,0.008786768652498722,3.036419153213501,1.0302574634552002,0.6692427396774292,0.6495878587794677,345.5672128513392,0.03036975860595703,121,27f1dcd8c31bae14,-0.0,0.0,0.0,0.0,nan,nan,nan,nan,nan,nan,nan,nan,nan,nan,nan,nan,0.0,0.0,0.0,nan,nan,0.20000000298023224,0.20000000298023224,0.09724280472704,0.0,0.0,0.0,0.0,0.0,0.0,0.0,0.0,0.0,0.0,0.0,0.0,0.035126082599163055,0.03036975860595703,0.00044215568823346985,7.3307600021362305,261,nan,-1.0,True,,False,0.07780987024307251,0.07780987024307251,40.0,40.0,1.0,0.0,0.0,0.0,0.0,0.0
558,10.16702938079834,-0.0,0.08800876140594482,-0.0,0.9991011619567871,0.010337840765714645,3.0353643894195557,1.0303868055343628,0.6694920659065247,0.6497482909433446,293.61686431525567,0.010337840765714645,3.0353643894195557,1.0303868055343628,0.6694920659065247,0.6497482909433446,293.61686431525567,0.03035896271467209,121,27f1dcd8c31bae14,-0.0,0.0,0.0,0.0,nan,nan,nan,nan,nan,nan,nan,nan,nan,nan,nan,nan,0.0,0.0,0.0,nan,nan,0.20000000298023224,0.20000000298023224,0.09723329422336001,0.0,0.0,0.0,0.0,0.0,0.0,0.0,0.0,0.0,0.0,0.0,0.0,0.03518636152148247,0.03035896271467209,0.00045258440263751254,7.3307600021362305,261,nan,-1.0,True,,False,0.07780987024307251,0.07780987024307251,40.0,40.0,1.0,0.0,0.0,0.0,0.0,0.0
559,10.114800453186035,-0.0,0.08815531432628632,-0.0,0.9938490390777588,0.011554904282093048,3.034029722213745,1.0304642915725708,0.6696506142616272,0.6498532940328159,262.57506320633604,0.011554904282093048,3.034029722213745,1.0304642915725708,0.6696506142616272,0.6498532940328159,262.57506320633604,0.030350126326084137,121,f120613539cd11af,-0.0,0.0,0.0,0.0,nan,nan,nan,nan,nan,nan,nan,nan,nan,nan,nan,nan,0.0,0.0,0.0,nan,nan,0.20000000298023224,0.20000000298023224,0.09722376880512001,0.0,0.0,0.0,0.0,0.0,0.0,0.0,0.0,0.0,0.0,0.0,0.0,0.03524663671851158,0.030350126326084137,0.00046119167427605134,7.3307600021362305,261,nan,-1.0,True,,False,0.07780987024307251,0.07780987024307251,40.0,40.0,1.0,0.0,0.0,0.0,0.0,0.0
560,10.036881446838379,-0.0,0.08836153894662857,-0.0,0.986015796661377,0.013356950134038925,3.032762050628662,1.0305321216583252,0.6697995662689209,0.6499550593251611,227.05498038058514,0.013356950134038925,3.032762050628662,1.0305321216583252,0.6697995662689209,0.6499550593251611,227.05498038058514,0.03033735789358616,121,f120613539cd11af,-0.0,0.0,0.0,0.0,nan,nan,nan,nan,nan,nan,nan,nan,nan,nan,nan,nan,0.0,0.0,0.0,nan,nan,0.20000000298023224,0.20000000298023224,0.09721422848,0.0,0.0,0.0,0.0,0.0,0.0,0.0,0.0,0.0,0.0,0.0,0.0,0.0353069081902504,0.03033735789358616,0.0004713290809377213,7.3307600021362305,261,nan,-1.0,True,,False,0.07780987024307251,0.07780987024307251,40.0,40.0,1.0,0.0,0.0,0.0,0.0,0.0
561,10.02976131439209,-0.0,0.08853810280561447,-0.0,0.9852684736251831,0.014836540445685387,3.031578302383423,1.0306332111358643,0.6699919700622559,0.6500779936286504,204.33188676845725,0.014836540445685387,3.031578302383423,1.0306332111358643,0.6699919700622559,0.6500779936286504,204.33188676845725,0.030326059088110924,121,f120613539cd11af,-0.0,0.0,0.0,0.0,nan,nan,nan,nan,nan,nan,nan,nan,nan,nan,nan,nan,0.0,0.0,0.0,nan,nan,0.20000000298023224,0.20000000298023224,0.09720467325568001,0.0,0.0,0.0,0.0,0.0,0.0,0.0,0.0,0.0,0.0,0.0,0.0,0.03536716103553772,0.030326059088110924,0.00047856220589892473,7.3307600021362305,261,nan,-1.0,True,,False,0.07780987024307251,0.07780987024307251,40.0,40.0,1.0,0.0,0.0,0.0,0.0,0.0
562,10.038840293884277,-0.0,0.08870002627372742,-0.0,0.9861440658569336,0.016565021127462387,3.0299129486083984,1.0307304859161377,0.6701923608779907,0.6502110590842841,182.91029786767038,0.016565021127462387,3.0299129486083984,1.0307304859161377,0.6701923608779907,0.6502110590842841,182.91029786767038,0.03031672164797783,121,f120613539cd11af,-0.0,0.0,0.0,0.0,nan,nan,nan,nan,nan,nan,nan,nan,nan,nan,nan,nan,0.0,0.0,0.0,nan,nan,0.20000000298023224,0.20000000298023224,0.09719510313984,0.0,0.0,0.0,0.0,0.0,0.0,0.0,0.0,0.0,0.0,0.0,0.0,0.03542740270495415,0.03031672164797783,0.00047610563933631056,7.3307600021362305,261,nan,-1.0,True,,False,0.07780987024307251,0.07780987024307251,40.0,40.0,1.0,0.0,0.0,0.0,0.0,0.0
563,10.095327377319336,-0.0,0.08889202028512955,-0.0,0.9917543530464172,0.018047071993350983,3.028986930847168,1.0307947397232056,0.6703023910522461,0.6502772717216613,167.8381364003605,0.018047071993350983,3.028986930847168,1.0307947397232056,0.6703023910522461,0.6502772717216613,167.8381364003605,0.0303049236536026,121,f120613539cd11af,-0.0,0.0,0.0,0.0,nan,nan,nan,nan,nan,nan,nan,nan,nan,nan,nan,nan,0.0,0.0,0.0,nan,nan,0.20000000298023224,0.20000000298023224,0.09718551814016001,0.0,0.0,0.0,0.0,0.0,0.0,0.0,0.0,0.0,0.0,0.0,0.0,0.03548764809966087,0.0303049236536026,0.0004659080836972862,7.3307600021362305,261,nan,-1.0,True,,False,0.07780987024307251,0.07780987024307251,40.0,40.0,1.0,0.0,0.0,0.0,0.0,0.0
564,10.194708824157715,-0.0,0.08905458450317383,-0.0,1.0016599893569946,0.019728001207113266,3.027376890182495,1.0308841466903687,0.6705166101455688,0.6504286755192114,153.45583459772513,0.019728001207113266,3.027376890182495,1.0308841466903687,0.6705166101455688,0.6504286755192114,153.45583459772513,0.03029508702456951,121,f120613539cd11af,-0.0,0.0,0.0,0.0,nan,nan,nan,nan,nan,nan,nan,nan,nan,nan,nan,nan,0.0,0.0,0.0,nan,nan,0.20000000298023224,0.20000000298023224,0.09717591826432,0.0,0.0,0.0,0.0,0.0,0.0,0.0,0.0,0.0,0.0,0.0,0.0,0.03554787486791611,0.03029508702456951,0.00044961601702198095,7.3307600021362305,261,nan,-1.0,True,,False,0.07780987024307251,0.07780987024307251,40.0,40.0,1.0,0.0,0.0,0.0,0.0,0.0
565,10.379301071166992,-0.0,0.08921701461076736,-0.0,1.020086646080017,0.01960105076432228,3.0264697074890137,1.0309730768203735,0.6706835627555847,0.6505345074810697,154.4034421357541,0.01960105076432228,3.0264697074890137,1.0309730768203735,0.6706835627555847,0.6505345074810697,154.4034421357541,0.030284756794571877,121,f120613539cd11af,-0.0,0.0,0.0,0.0,nan,nan,nan,nan,nan,nan,nan,nan,nan,nan,nan,nan,0.0,0.0,0.0,nan,nan,0.20000000298023224,0.20000000298023224,0.09716630352,0.0,0.0,0.0,0.0,0.0,0.0,0.0,0.0,0.0,0.0,0.0,0.0,0.035608094185590744,0.030284756794571877,0.0004303277512462955,7.3307600021362305,261,nan,-1.0,True,,False,0.07780987024307251,0.07780987024307251,40.0,40.0,1.0,0.0,0.0,0.0,0.0,0.0
566,10.691559791564941,-0.0,0.0893952026963234,-0.0,1.0512769222259521,0.013552878983318806,3.025193929672241,1.0310721397399902,0.6709399223327637,0.6507206396847823,223.21411807747413,0.013552878983318806,3.025193929672241,1.0310721397399902,0.6709399223327637,0.6507206396847823,223.21411807747413,0.030273929238319397,121,f120613539cd11af,-0.0,0.0,0.0,0.0,nan,nan,nan,nan,nan,nan,nan,nan,nan,nan,nan,nan,0.0,0.0,0.0,nan,nan,0.20000000298023224,0.20000000298023224,0.09715667391488,0.0,0.0,0.0,0.0,0.0,0.0,0.0,0.0,0.0,0.0,0.0,0.0,0.03566829487681389,0.030273929238319397,0.0004116993354728038,7.3307600021362305,261,nan,-1.0,True,,False,0.07780987024307251,0.07780987024307251,40.0,40.0,1.0,0.0,0.0,0.0,0.0,0.0
567,11.176192283630371,-0.0,0.08957352489233017,-0.0,1.0997045040130615,0.008431056514382362,3.0239367485046387,1.0311452150344849,0.6710981726646423,0.6508279948156465,358.66640715148435,0.008431056514382362,3.0239367485046387,1.0311452150344849,0.6710981726646423,0.6508279948156465,358.66640715148435,0.030263591557741165,121,34e9ded0cb3609a7,-0.0,0.0,0.0,0.0,nan,nan,nan,nan,nan,nan,nan,nan,nan,nan,nan,nan,0.0,0.0,0.0,nan,nan,0.20000000298023224,0.20000000298023224,0.09714702945664,0.0,0.0,0.0,0.0,0.0,0.0,0.0,0.0,0.0,0.0,0.0,0.0,0.035728491842746735,0.030263591557741165,0.0003978341719630407,7.3307600021362305,261,nan,-1.0,True,,False,0.07780987024307251,0.07780987024307251,40.0,40.0,1.0,0.0,0.0,0.0,0.0,0.0
568,12.889039039611816,-0.0,0.0897672027349472,-0.0,1.2709505558013916,0.0022749074269086123,3.0223259925842285,1.0312323570251465,0.671252965927124,0.6509231031729114,1328.5490024054686,0.0022749074269086123,3.0223259925842285,1.0312323570251465,0.671252965927124,0.6509231031729114,1328.5490024054686,0.030251771211624146,121,34e9ded0cb3609a7,-0.0,0.0,0.0,0.0,nan,nan,nan,nan,nan,nan,nan,nan,nan,nan,nan,nan,0.0,0.0,0.0,nan,nan,0.20000000298023224,0.20000000298023224,0.09713737015296,0.0,0.0,0.0,0.0,0.0,0.0,0.0,0.0,0.0,0.0,0.0,0.0,0.035788681358098984,0.030251771211624146,0.00038445906761808146,7.3307600021362305,261,nan,-1.0,True,,False,0.07780987024307251,0.07780987024307251,40.0,40.0,1.0,0.0,0.0,0.0,0.0,0.0
569,12.788591384887695,-0.0,0.0899161621928215,-0.0,1.260875940322876,0.0023475077468901873,3.0214149951934814,1.0313042402267456,0.6712860465049744,0.6509098094635812,1287.0734928121276,0.0023475077468901873,3.0214149951934814,1.0313042402267456,0.6712860465049744,0.6509098094635812,1287.0734928121276,0.030242905020713806,121,e729698ff665b136,-0.0,0.0,0.0,0.0,nan,nan,nan,nan,nan,nan,nan,nan,nan,nan,nan,nan,0.0,0.0,0.0,nan,nan,0.20000000298023224,0.20000000298023224,0.09712769601152,0.0,0.0,0.0,0.0,0.0,0.0,0.0,0.0,0.0,0.0,0.0,0.0,0.035848844796419144,0.030242905020713806,0.0003791880592416419,7.3307600021362305,261,nan,-1.0,True,,False,0.07780987024307251,0.07780987024307251,40.0,40.0,1.0,0.0,0.0,0.0,0.0,0.0
570,11.61778736114502,-0.0,0.09012553840875626,-0.0,1.1437536478042603,0.0052008600905537605,3.0201447010040283,1.031339168548584,0.6711512804031372,0.6507570941455239,580.7010087599682,0.0052008600905537605,3.0201447010040283,1.031339168548584,0.6711512804031372,0.6507570941455239,580.7010087599682,0.030230091884732246,121,e729698ff665b136,-0.0,0.0,0.0,0.0,nan,nan,nan,nan,nan,nan,nan,nan,nan,nan,nan,nan,0.0,0.0,0.0,nan,nan,0.20000000298023224,0.20000000298023224,0.09711800704000001,0.0,0.0,0.0,0.0,0.0,0.0,0.0,0.0,0.0,0.0,0.0,0.0,0.035909004509449005,0.030230091884732246,0.0003774982058075693,7.3307600021362305,261,nan,-1.0,True,,False,0.07780987024307251,0.07780987024307251,40.0,40.0,1.0,0.0,0.0,0.0,0.0,0.0
571,11.032795906066895,-0.0,0.09027495980262756,-0.0,1.0852246284484863,0.00808705948293209,3.018904209136963,1.0313814878463745,0.6710917353630066,0.650672659215856,373.3006064204701,0.00808705948293209,3.018904209136963,1.0313814878463745,0.6710917353630066,0.650672659215856,373.3006064204701,0.03022121638059616,121,e729698ff665b136,-0.0,0.0,0.0,0.0,nan,nan,nan,nan,nan,nan,nan,nan,nan,nan,nan,nan,0.0,0.0,0.0,nan,nan,0.20000000298023224,0.20000000298023224,0.09710830324608,0.0,0.0,0.0,0.0,0.0,0.0,0.0,0.0,0.0,0.0,0.0,0.0,0.03596915677189827,0.03022121638059616,0.0003839755615899776,7.3307600021362305,261,nan,-1.0,True,,False,0.07780987024307251,0.07780987024307251,40.0,40.0,1.0,0.0,0.0,0.0,0.0,0.0
572,10.581439018249512,-0.0,0.09045474976301193,-0.0,1.0400530099868774,0.011475076898932457,3.0176358222961426,1.0314068794250488,0.6709350347518921,0.6505047117059182,262.9730370327085,0.011475076898932457,3.0176358222961426,1.0314068794250488,0.6709350347518921,0.6505047117059182,262.9730370327085,0.030209874734282494,121,e729698ff665b136,-0.0,0.0,0.0,0.0,nan,nan,nan,nan,nan,nan,nan,nan,nan,nan,nan,nan,0.0,0.0,0.0,nan,nan,0.20000000298023224,0.20000000298023224,0.09709858463744,0.0,0.0,0.0,0.0,0.0,0.0,0.0,0.0,0.0,0.0,0.0,0.0,0.03602930158376694,0.030209874734282494,0.0003945138603285159,7.3307600021362305,261,nan,-1.0,True,,False,0.07780987024307251,0.07780987024307251,40.0,40.0,1.0,0.0,0.0,0.0,0.0,0.0
573,10.338525772094727,-0.0,0.09062013775110245,-0.0,1.0157285928726196,0.013959938660264015,3.0162134170532227,1.0314311981201172,0.6707864999771118,0.650345365933942,216.06208239572445,0.013959938660264015,3.0162134170532227,1.0314311981201172,0.6707864999771118,0.650345365933942,216.06208239572445,0.030200501903891563,121,e729698ff665b136,-0.0,0.0,0.0,0.0,nan,nan,nan,nan,nan,nan,nan,nan,nan,nan,nan,nan,0.0,0.0,0.0,nan,nan,0.20000000298023224,0.20000000298023224,0.09708885122176002,0.0,0.0,0.0,0.0,0.0,0.0,0.0,0.0,0.0,0.0,0.0,0.0,0.03608943894505501,0.030200501903891563,0.0004021090969672514,7.3307600021362305,261,nan,-1.0,True,,False,0.07780987024307251,0.07780987024307251,40.0,40.0,1.0,0.0,0.0,0.0,0.0,0.0
574,10.128389358520508,-0.0,0.09080014377832413,-0.0,0.9946788549423218,0.01653449609875679,3.0151143074035645,1.0314728021621704,0.6706681251525879,0.6502043716002354,182.3529601020177,0.01653449609875679,3.0151143074035645,1.0314728021621704,0.6706681251525879,0.6502043716002354,182.3529601020177,0.030189644545316696,121,e729698ff665b136,-0.0,0.0,0.0,0.0,nan,nan,nan,nan,nan,nan,nan,nan,nan,nan,nan,nan,0.0,0.0,0.0,nan,nan,0.20000000298023224,0.20000000298023224,0.09707910300672001,0.0,0.0,0.0,0.0,0.0,0.0,0.0,0.0,0.0,0.0,0.0,0.0,0.03614956885576248,0.030189644545316696,0.0004096733462120028,7.3307600021362305,261,nan,-1.0,True,,False,0.07780987024307251,0.07780987024307251,40.0,40.0,1.0,0.0,0.0,0.0,0.0,0.0
575,9.95610237121582,-0.0,0.09098099172115326,-0.0,0.977414071559906,0.019025858491659164,3.013711452484131,1.0315135717391968,0.6705772876739502,0.6500906105804451,158.4008129675371,0.019025858491659164,3.013711452484131,1.0315135717391968,0.6705772876739502,0.6500906105804451,158.4008129675371,0.03017878346145153,121,e729698ff665b136,-0.0,0.0,0.0,0.0,nan,nan,nan,nan,nan,nan,nan,nan,nan,nan,nan,nan,0.0,0.0,0.0,nan,nan,0.20000000298023224,0.20000000298023224,0.09706934,0.0,0.0,0.0,0.0,0.0,0.0,0.0,0.0,0.0,0.0,0.0,0.0,0.03620969504117966,0.03017878346145153,0.0004175010178641969,7.3307600021362305,261,nan,-1.0,True,,False,0.07780987024307251,0.07780987024307251,40.0,40.0,1.0,0.0,0.0,0.0,0.0,0.0
576,9.77751350402832,-0.0,0.09113164991140366,-0.0,0.9595250487327576,0.022220008075237274,3.012593984603882,1.0315532684326172,0.6704543828964233,0.649946448151086,135.58023806306434,0.022220008075237274,3.012593984603882,1.0315532684326172,0.6704543828964233,0.649946448151086,135.58023806306434,0.030169401317834854,121,e729698ff665b136,-0.0,0.0,0.0,0.0,nan,nan,nan,nan,nan,nan,nan,nan,nan,nan,nan,nan,0.0,0.0,0.0,nan,nan,0.20000000298023224,0.20000000298023224,0.09705956220928001,0.0,0.0,0.0,0.0,0.0,0.0,0.0,0.0,0.0,0.0,0.0,0.0,0.036269813776016235,0.030169401317834854,0.0004297018306260725,7.3307600021362305,261,nan,-1.0,True,,False,0.07780987024307251,0.07780987024307251,40.0,40.0,1.0,0.0,0.0,0.0,0.0,0.0
577,9.606765747070312,-0.0,0.09131353348493576,-0.0,0.9424139261245728,0.025712210685014725,3.011343479156494,1.0315996408462524,0.670314610004425,0.6497817403799653,117.11725281216401,0.025712210685014725,3.011343479156494,1.0315996408462524,0.670314610004425,0.6497817403799653,117.11725281216401,0.03015853278338909,121,e729698ff665b136,-0.0,0.0,0.0,0.0,nan,nan,nan,nan,nan,nan,nan,nan,nan,nan,nan,nan,0.0,0.0,0.0,nan,nan,0.20000000298023224,0.20000000298023224,0.09704976964223999,0.0,0.0,0.0,0.0,0.0,0.0,0.0,0.0,0.0,0.0,0.0,0.0,0.03632992506027222,0.03015853278338909,0.0004423305024374713,7.3307600021362305,261,nan,-1.0,True,,False,0.07780987024307251,0.07780987024307251,40.0,40.0,1.0,0.0,0.0,0.0,0.0,0.0
578,9.501887321472168,-0.0,0.09149551391601562,-0.0,0.9318896532058716,0.028223995119333267,3.0101490020751953,1.031623363494873,0.6702324748039246,0.6496871809236177,106.65212310830019,0.028223995119333267,3.0101490020751953,1.031623363494873,0.6702324748039246,0.6496871809236177,106.65212310830019,0.030148154124617577,121,e729698ff665b136,-0.0,0.0,0.0,0.0,nan,nan,nan,nan,nan,nan,nan,nan,nan,nan,nan,nan,0.0,0.0,0.0,nan,nan,0.20000000298023224,0.20000000298023224,0.09703996230656001,0.0,0.0,0.0,0.0,0.0,0.0,0.0,0.0,0.0,0.0,0.0,0.0,0.0363900326192379,0.030148154124617577,0.0004508087056365184,7.3307600021362305,261,nan,-1.0,True,,False,0.07780987024307251,0.07780987024307251,40.0,40.0,1.0,0.0,0.0,0.0,0.0,0.0
579,9.400213241577148,-0.0,0.09166228026151657,-0.0,0.9216887950897217,0.031077593564987183,3.0085058212280273,1.031645655632019,0.6700679659843445,0.649513679746792,96.80626702762106,0.031077593564987183,3.0085058212280273,1.031645655632019,0.6700679659843445,0.649513679746792,96.80626702762106,0.03013826720416546,121,e729698ff665b136,-0.0,0.0,0.0,0.0,nan,nan,nan,nan,nan,nan,nan,nan,nan,nan,nan,nan,0.0,0.0,0.0,nan,nan,0.20000000298023224,0.20000000298023224,0.09703014020992001,0.0,0.0,0.0,0.0,0.0,0.0,0.0,0.0,0.0,0.0,0.0,0.0,0.03645012900233269,0.03013826720416546,0.0004616403828094917,7.3307600021362305,261,nan,-1.0,True,,False,0.07780987024307251,0.07780987024307251,40.0,40.0,1.0,0.0,0.0,0.0,0.0,0.0
580,9.31308364868164,-0.0,0.09183001518249512,-0.0,0.9129422903060913,0.03343518078327179,3.0075747966766357,1.0316779613494873,0.669960081577301,0.6493887692443863,89.95240121989646,0.03343518078327179,3.0075747966766357,1.0316779613494873,0.669960081577301,0.6493887692443863,89.95240121989646,0.03012837842106819,121,1e3633daccd14541,-0.0,0.0,0.0,0.0,nan,nan,nan,nan,nan,nan,nan,nan,nan,nan,nan,nan,0.0,0.0,0.0,nan,nan,0.20000000298023224,0.20000000298023224,0.09702030336,0.0,0.0,0.0,0.0,0.0,0.0,0.0,0.0,0.0,0.0,0.0,0.0,0.036510225385427475,0.03012837842106819,0.00046971333267720183,7.3307600021362305,261,nan,-1.0,True,,False,0.07780987024307251,0.07780987024307251,40.0,40.0,1.0,0.0,0.0,0.0,0.0,0.0
581,9.201857566833496,-0.0,0.09199784696102142,-0.0,0.9017862677574158,0.036846186965703964,3.006319522857666,1.0317070484161377,0.6697897911071777,0.6492054039326665,81.59106193690859,0.036846186965703964,3.006319522857666,1.0317070484161377,0.6697897911071777,0.6492054039326665,81.59106193690859,0.030118484050035477,121,1e3633daccd14541,-0.0,0.0,0.0,0.0,nan,nan,nan,nan,nan,nan,nan,nan,nan,nan,nan,nan,0.0,0.0,0.0,nan,nan,0.20000000298023224,0.20000000298023224,0.09701045176448,0.0,0.0,0.0,0.0,0.0,0.0,0.0,0.0,0.0,0.0,0.0,0.0,0.03657030686736107,0.030118484050035477,0.00048110797706613084,7.3307600021362305,261,nan,-1.0,True,,False,0.07780987024307251,0.07780987024307251,40.0,40.0,1.0,0.0,0.0,0.0,0.0,0.0
582,9.115735054016113,-0.0,0.09217984229326248,-0.0,0.893137514591217,0.04008396714925766,3.0047459602355957,1.0317742824554443,0.6696916222572327,0.6490679537616333,74.96129185634368,0.04008396714925766,3.0047459602355957,1.0317742824554443,0.6696916222572327,0.6490679537616333,74.96129185634368,0.030107596889138222,121,6bd192ed53f7c6bc,-0.0,0.0,0.0,0.0,nan,nan,nan,nan,nan,nan,nan,nan,nan,nan,nan,nan,0.0,0.0,0.0,nan,nan,0.20000000298023224,0.20000000298023224,0.09700058543104001,0.0,0.0,0.0,0.0,0.0,0.0,0.0,0.0,0.0,0.0,0.0,0.0,0.03663038834929466,0.030107596889138222,0.0004901305946987122,7.3307600021362305,261,nan,-1.0,True,,False,0.07780987024307251,0.07780987024307251,40.0,40.0,1.0,0.0,0.0,0.0,0.0,0.0
583,9.06811237335205,-0.0,0.09234876185655594,-0.0,0.88834148645401,0.04235231876373291,3.0038115978240967,1.0317925214767456,0.6696378588676453,0.6490043733881992,70.92437168744388,0.04235231876373291,3.0038115978240967,1.0317925214767456,0.6696378588676453,0.6490043733881992,70.92437168744388,0.03009769693017006,121,6bd192ed53f7c6bc,-0.0,0.0,0.0,0.0,nan,nan,nan,nan,nan,nan,nan,nan,nan,nan,nan,nan,0.0,0.0,0.0,nan,nan,0.20000000298023224,0.20000000298023224,0.09699070436736001,0.0,0.0,0.0,0.0,0.0,0.0,0.0,0.0,0.0,0.0,0.0,0.0,0.03669046238064766,0.03009769693017006,0.0004974295611646085,7.3307600021362305,261,nan,-1.0,True,,False,0.07780987024307251,0.07780987024307251,40.0,40.0,1.0,0.0,0.0,0.0,0.0,0.0
584,9.006717681884766,-0.0,0.09251713752746582,-0.0,0.8821684122085571,0.0450022928416729,3.0024590492248535,1.0318247079849243,0.6695243716239929,0.6488741415501897,66.71791279142393,0.0450022928416729,3.0024590492248535,1.0318247079849243,0.6695243716239929,0.6488741415501897,66.71791279142393,0.030087793245911598,121,6bd192ed53f7c6bc,-0.0,0.0,0.0,0.0,nan,nan,nan,nan,nan,nan,nan,nan,nan,nan,nan,nan,0.0,0.0,0.0,nan,nan,0.20000000298023224,0.20000000298023224,0.09698080858112001,0.0,0.0,0.0,0.0,0.0,0.0,0.0,0.0,0.0,0.0,0.0,0.0,0.03675052523612976,0.030087793245911598,0.0005072279391242773,7.3307600021362305,261,nan,-1.0,True,,False,0.07780987024307251,0.07780987024307251,40.0,40.0,1.0,0.0,0.0,0.0,0.0,0.0
585,8.939926147460938,-0.0,0.0926712229847908,-0.0,0.8754583597183228,0.047824446111917496,3.0013082027435303,1.0318918228149414,0.6694723963737488,0.6487815695132332,62.75677915265236,0.047824446111917496,3.0013082027435303,1.0318918228149414,0.6694723963737488,0.6487815695132332,62.75677915265236,0.03007887862622738,121,6bd192ed53f7c6bc,-0.0,0.0,0.0,0.0,nan,nan,nan,nan,nan,nan,nan,nan,nan,nan,nan,nan,0.0,0.0,0.0,nan,nan,0.20000000298023224,0.20000000298023224,0.09697089808,0.0,0.0,0.0,0.0,0.0,0.0,0.0,0.0,0.0,0.0,0.0,0.0,0.036810584366321564,0.03007887862622738,0.0005144972928974312,7.3307600021362305,261,nan,-1.0,True,,False,0.07780987024307251,0.07780987024307251,40.0,40.0,1.0,0.0,0.0,0.0,0.0,0.0
586,8.871262550354004,-0.0,0.09285502880811691,-0.0,0.8685553073883057,0.05169358849525452,3.000059127807617,1.0319117307662964,0.6692976355552673,0.648599696660341,58.035420158208275,0.05169358849525452,3.000059127807617,1.0319117307662964,0.6692976355552673,0.648599696660341,58.035420158208275,0.03006797656416893,121,6bd192ed53f7c6bc,-0.0,0.0,0.0,0.0,nan,nan,nan,nan,nan,nan,nan,nan,nan,nan,nan,nan,0.0,0.0,0.0,nan,nan,0.20000000298023224,0.20000000298023224,0.09696097287168,0.0,0.0,0.0,0.0,0.0,0.0,0.0,0.0,0.0,0.0,0.0,0.0,0.03687063977122307,0.03006797656416893,0.0005252174564702727,7.3307600021362305,261,nan,-1.0,True,,False,0.07780987024307251,0.07780987024307251,40.0,40.0,1.0,0.0,0.0,0.0,0.0,0.0
587,8.821179389953613,-0.0,0.09300994873046875,-0.0,0.8635159730911255,0.0546027272939682,2.998521327972412,1.0319466590881348,0.6691814661026001,0.6484651703741285,54.91522999994269,0.0546027272939682,2.998521327972412,1.0319466590881348,0.6691814661026001,0.6484651703741285,54.91522999994269,0.03005855903029442,121,6bd192ed53f7c6bc,-0.0,0.0,0.0,0.0,nan,nan,nan,nan,nan,nan,nan,nan,nan,nan,nan,nan,0.0,0.0,0.0,nan,nan,0.20000000298023224,0.20000000298023224,0.09695103296384,0.0,0.0,0.0,0.0,0.0,0.0,0.0,0.0,0.0,0.0,0.0,0.0,0.036930691450834274,0.03005855903029442,0.0005325048491613416,7.3307600021362305,261,nan,-1.0,True,,False,0.07780987024307251,0.07780987024307251,40.0,40.0,1.0,0.0,0.0,0.0,0.0,0.0
588,8.778613090515137,-0.0,0.09317991882562637,-0.0,0.859225332736969,0.05753147974610329,2.997598648071289,1.032013177871704,0.6691506505012512,0.6483935136189098,52.10362502929228,0.05753147974610329,2.997598648071289,1.032013177871704,0.6691506505012512,0.6483935136189098,52.10362502929228,0.030049139633774757,121,6bd192ed53f7c6bc,-0.0,0.0,0.0,0.0,nan,nan,nan,nan,nan,nan,nan,nan,nan,nan,nan,nan,0.0,0.0,0.0,nan,nan,0.20000000298023224,0.20000000298023224,0.09694107836416001,0.0,0.0,0.0,0.0,0.0,0.0,0.0,0.0,0.0,0.0,0.0,0.0,0.036990728229284286,0.030049139633774757,0.000539052813564922,7.3307600021362305,261,nan,-1.0,True,,False,0.07780987024307251,0.07780987024307251,40.0,40.0,1.0,0.0,0.0,0.0,0.0,0.0
589,8.72979736328125,-0.0,0.09335030615329742,-0.0,0.8543096780776978,0.060479555279016495,2.996134042739868,1.0320428609848022,0.6689975261688232,0.6482264947120978,49.53961762644414,0.060479555279016495,2.996134042739868,1.0320428609848022,0.6689975261688232,0.6482264947120978,49.53961762644414,0.030039219185709953,121,6bd192ed53f7c6bc,-0.0,0.0,0.0,0.0,nan,nan,nan,nan,nan,nan,nan,nan,nan,nan,nan,nan,0.0,0.0,0.0,nan,nan,0.20000000298023224,0.20000000298023224,0.09693110908032,0.0,0.0,0.0,0.0,0.0,0.0,0.0,0.0,0.0,0.0,0.0,0.0,0.0370507650077343,0.030039219185709953,0.0005446675463645079,7.3307600021362305,261,nan,-1.0,True,,False,0.07780987024307251,0.07780987024307251,40.0,40.0,1.0,0.0,0.0,0.0,0.0,0.0
590,8.69351863861084,-0.0,0.09353569149971008,-0.0,0.8506446480751038,0.062420837581157684,2.995055675506592,1.032083511352539,0.6689293384552002,0.6481348951874761,47.98166432183021,0.062420837581157684,2.995055675506592,1.032083511352539,0.6689293384552002,0.6481348951874761,47.98166432183021,0.03002830408513546,121,6bd192ed53f7c6bc,-0.0,0.0,0.0,0.0,nan,nan,nan,nan,nan,nan,nan,nan,nan,nan,nan,nan,0.0,0.0,0.0,nan,nan,0.20000000298023224,0.20000000298023224,0.09692112512,0.0,0.0,0.0,0.0,0.0,0.0,0.0,0.0,0.0,0.0,0.0,0.0,0.037110794335603714,0.03002830408513546,0.0005516055671250797,7.3307600021362305,261,nan,-1.0,True,,False,0.07780987024307251,0.07780987024307251,40.0,40.0,1.0,0.0,0.0,0.0,0.0,0.0
591,8.660931587219238,-0.0,0.09369159489870071,-0.0,0.8473548293113708,0.06434309482574463,2.9936323165893555,1.0321073532104492,0.6687508821487427,0.6479470183683331,46.526085272969475,0.06434309482574463,2.9936323165893555,1.0321073532104492,0.6687508821487427,0.6479470183683331,46.526085272969475,0.030019370838999748,121,6bd192ed53f7c6bc,-0.0,0.0,0.0,0.0,nan,nan,nan,nan,nan,nan,nan,nan,nan,nan,nan,nan,0.0,0.0,0.0,nan,nan,0.20000000298023224,0.20000000298023224,0.09691112649088,0.0,0.0,0.0,0.0,0.0,0.0,0.0,0.0,0.0,0.0,0.0,0.0,0.03717082366347313,0.030019370838999748,0.000556162722659792,7.3307600021362305,261,nan,-1.0,True,,False,0.07780987024307251,0.07780987024307251,40.0,40.0,1.0,0.0,0.0,0.0,0.0,0.0
592,8.620129585266113,-0.0,0.09383254498243332,-0.0,0.8432464599609375,0.06577425450086594,2.9925284385681152,1.0321695804595947,0.6687527894973755,0.6479098029604782,45.496957149529045,0.06577425450086594,2.9925284385681152,1.0321695804595947,0.6687527894973755,0.6479098029604782,45.496957149529045,0.030011428520083427,121,6bd192ed53f7c6bc,-0.0,0.0,0.0,0.0,nan,nan,nan,nan,nan,nan,nan,nan,nan,nan,nan,nan,0.0,0.0,0.0,nan,nan,0.20000000298023224,0.20000000298023224,0.09690111320064,0.0,0.0,0.0,0.0,0.0,0.0,0.0,0.0,0.0,0.0,0.0,0.0,0.03723083809018135,0.030011428520083427,0.0005615530189970741,7.3307600021362305,261,nan,-1.0,True,,False,0.07780987024307251,0.07780987024307251,40.0,40.0,1.0,0.0,0.0,0.0,0.0,0.0
593,8.582398414611816,-0.0,0.09403455257415771,-0.0,0.8394328951835632,0.06751780211925507,2.991271495819092,1.0321801900863647,0.6685460805892944,0.6477028788290887,44.30344889686547,0.06751780211925507,2.991271495819092,1.0321801900863647,0.6685460805892944,0.6477028788290887,44.30344889686547,0.0299995094537735,121,6bd192ed53f7c6bc,-0.0,0.0,0.0,0.0,nan,nan,nan,nan,nan,nan,nan,nan,nan,nan,nan,nan,0.0,0.0,0.0,nan,nan,0.20000000298023224,0.20000000298023224,0.09689108525696,0.0,0.0,0.0,0.0,0.0,0.0,0.0,0.0,0.0,0.0,0.0,0.0,0.03729085251688957,0.0299995094537735,0.0005651186388604401,7.3307600021362305,261,nan,-1.0,True,,False,0.07780987024307251,0.07780987024307251,40.0,40.0,1.0,0.0,0.0,0.0,0.0,0.0
594,8.565020561218262,-0.0,0.09417642652988434,-0.0,0.8376668095588684,0.06924934685230255,2.989755868911743,1.032245397567749,0.6684923768043518,0.6476099369195558,43.173777151839424,0.06924934685230255,2.989755868911743,1.032245397567749,0.6684923768043518,0.6476099369195558,43.173777151839424,0.02999155968427658,121,6bd192ed53f7c6bc,-0.0,0.0,0.0,0.0,nan,nan,nan,nan,nan,nan,nan,nan,nan,nan,nan,nan,0.0,0.0,0.0,nan,nan,0.20000000298023224,0.20000000298023224,0.09688104266752001,0.0,0.0,0.0,0.0,0.0,0.0,0.0,0.0,0.0,0.0,0.0,0.0,0.0373508594930172,0.02999155968427658,0.0005685317614734231,7.3307600021362305,261,nan,-1.0,True,,False,0.07780987024307251,0.07780987024307251,40.0,40.0,1.0,0.0,0.0,0.0,0.0,0.0
595,8.526439666748047,-0.0,0.0943489819765091,-0.0,0.8337741494178772,0.07131738215684891,2.988619804382324,1.032271385192871,0.6683450937271118,0.6474509545784195,41.90591008808243,0.07131738215684891,2.988619804382324,1.032271385192871,0.6683450937271118,0.6474509545784195,41.90591008808243,0.029981622472405434,121,6bd192ed53f7c6bc,-0.0,0.0,0.0,0.0,nan,nan,nan,nan,nan,nan,nan,nan,nan,nan,nan,nan,0.0,0.0,0.0,nan,nan,0.20000000298023224,0.20000000298023224,0.09687098544,0.0,0.0,0.0,0.0,0.0,0.0,0.0,0.0,0.0,0.0,0.0,0.0,0.037410855293273926,0.029981622472405434,0.0005711262901968439,7.3307600021362305,261,nan,-1.0,True,,False,0.07780987024307251,0.07780987024307251,40.0,40.0,1.0,0.0,0.0,0.0,0.0,0.0
596,8.504164695739746,-0.0,0.09450670331716537,-0.0,0.8315150737762451,0.0730741024017334,2.987203359603882,1.0323076248168945,0.6682338118553162,0.6473204263834088,40.879097538295895,0.0730741024017334,2.987203359603882,1.0323076248168945,0.6682338118553162,0.6473204263834088,40.879097538295895,0.029972674325108528,121,6bd192ed53f7c6bc,-0.0,0.0,0.0,0.0,nan,nan,nan,nan,nan,nan,nan,nan,nan,nan,nan,nan,0.0,0.0,0.0,nan,nan,0.20000000298023224,0.20000000298023224,0.09686091358208,0.0,0.0,0.0,0.0,0.0,0.0,0.0,0.0,0.0,0.0,0.0,0.0,0.03747085481882095,0.029972674325108528,0.0005719708851756877,7.3307600021362305,261,nan,-1.0,True,,False,0.07780987024307251,0.07780987024307251,40.0,40.0,1.0,0.0,0.0,0.0,0.0,0.0
597,8.485776901245117,-0.0,0.09466396272182465,-0.0,0.8296448588371277,0.07463137805461884,2.986281394958496,1.0323642492294312,0.6682220697402954,0.647273547334736,40.0137512236876,0.07463137805461884,2.986281394958496,1.0323642492294312,0.6682220697402954,0.647273547334736,40.0137512236876,0.029963724315166473,121,7193b471607b50a2,-0.0,0.0,0.0,0.0,nan,nan,nan,nan,nan,nan,nan,nan,nan,nan,nan,nan,0.0,0.0,0.0,nan,nan,0.20000000298023224,0.20000000298023224,0.09685082710144,0.0,0.0,0.0,0.0,0.0,0.0,0.0,0.0,0.0,0.0,0.0,0.0,0.03753083571791649,0.029963724315166473,0.0005750774635089329,7.3307600021362305,261,nan,-1.0,True,,False,0.07780987024307251,0.07780987024307251,40.0,40.0,1.0,0.0,0.0,0.0,0.0,0.0
598,8.46200942993164,-0.0,0.09482303261756897,-0.0,0.8272364139556885,0.07656478881835938,2.9847002029418945,1.0324004888534546,0.6680858731269836,0.647118904281937,38.98267400727418,0.07656478881835938,2.9847002029418945,1.0324004888534546,0.6680858731269836,0.647118904281937,38.98267400727418,0.02995477057993412,121,7193b471607b50a2,-0.0,0.0,0.0,0.0,nan,nan,nan,nan,nan,nan,nan,nan,nan,nan,nan,nan,0.0,0.0,0.0,nan,nan,0.20000000298023224,0.20000000298023224,0.09684072600576,0.0,0.0,0.0,0.0,0.0,0.0,0.0,0.0,0.0,0.0,0.0,0.0,0.03759080544114113,0.02995477057993412,0.0005728228570660576,7.3307600021362305,261,nan,-1.0,True,,False,0.07780987024307251,0.07780987024307251,40.0,40.0,1.0,0.0,0.0,0.0,0.0,0.0
599,8.448407173156738,-0.0,0.09498119354248047,-0.0,0.8258444666862488,0.07810894399881363,2.9838201999664307,1.0324379205703735,0.6680001020431519,0.6470123662971553,38.2007494559362,0.07810894399881363,2.9838201999664307,1.0324379205703735,0.6680001020431519,0.6470123662971553,38.2007494559362,0.029945814982056618,121,7193b471607b50a2,-0.0,0.0,0.0,0.0,nan,nan,nan,nan,nan,nan,nan,nan,nan,nan,nan,nan,0.0,0.0,0.0,nan,nan,0.20000000298023224,0.20000000298023224,0.09683061030272,0.0,0.0,0.0,0.0,0.0,0.0,0.0,0.0,0.0,0.0,0.0,0.0,0.037650782614946365,0.029945814982056618,0.0005751149433308456,7.3307600021362305,261,nan,-1.0,True,,False,0.07780987024307251,0.07780987024307251,40.0,40.0,1.0,0.0,0.0,0.0,0.0,0.0
600,8.423240661621094,-0.0,0.095140740275383,-0.0,0.8232958912849426,0.08003239333629608,2.982563018798828,1.0324937105178833,0.6679080128669739,0.6468882144879713,37.2669477253554,0.08003239333629608,2.982563018798828,1.0324937105178833,0.6679080128669739,0.6468882144879713,37.2669477253554,0.029936857521533966,121,7193b471607b50a2,-0.0,0.0,0.0,0.0,nan,nan,nan,nan,nan,nan,nan,nan,nan,nan,nan,nan,0.0,0.0,0.0,nan,nan,0.20000000298023224,0.20000000298023224,0.09682048,0.0,0.0,0.0,0.0,0.0,0.0,0.0,0.0,0.0,0.0,0.0,0.0,0.037710752338171005,0.029936857521533966,0.0005752796828346618,7.3307600021362305,261,nan,-1.0,True,,False,0.07780987024307251,0.07780987024307251,40.0,40.0,1.0,0.0,0.0,0.0,0.0,0.0
601,8.419500350952148,-0.0,0.09531417489051819,-0.0,0.8228871822357178,0.08188126981258392,2.981106758117676,1.0325279235839844,0.6677906513214111,0.6467531154057878,36.40767619922187,0.08188126981258392,2.981106758117676,1.0325279235839844,0.6677906513214111,0.6467531154057878,36.40767619922187,0.029926901683211327,121,7193b471607b50a2,-0.0,0.0,0.0,0.0,nan,nan,nan,nan,nan,nan,nan,nan,nan,nan,nan,nan,0.0,0.0,0.0,nan,nan,0.20000000298023224,0.20000000298023224,0.09681033510528,0.0,0.0,0.0,0.0,0.0,0.0,0.0,0.0,0.0,0.0,0.0,0.0,0.03777071461081505,0.029926901683211327,0.0005717868448300578,7.3307600021362305,261,nan,-1.0,True,,False,0.07780987024307251,0.07780987024307251,40.0,40.0,1.0,0.0,0.0,0.0,0.0,0.0
602,8.405830383300781,-0.0,0.09547523409128189,-0.0,0.8214880228042603,0.08350685983896255,2.9799070358276367,1.0325713157653809,0.6677176356315613,0.6466552241349294,35.684577788868964,0.08350685983896255,2.9799070358276367,1.0325713157653809,0.6677176356315613,0.6466552241349294,35.684577788868964,0.029917936772108078,121,7193b471607b50a2,-0.0,0.0,0.0,0.0,nan,nan,nan,nan,nan,nan,nan,nan,nan,nan,nan,nan,0.0,0.0,0.0,nan,nan,0.20000000298023224,0.20000000298023224,0.09680017562624,0.0,0.0,0.0,0.0,0.0,0.0,0.0,0.0,0.0,0.0,0.0,0.0,0.037830669432878494,0.029917936772108078,0.00057186116646335,7.3307600021362305,261,nan,-1.0,True,,False,0.07780987024307251,0.07780987024307251,40.0,40.0,1.0,0.0,0.0,0.0,0.0,0.0
603,8.406641006469727,-0.0,0.09561990201473236,-0.0,0.8215401768684387,0.08294679969549179,2.9787659645080566,1.0326266288757324,0.6676806211471558,0.6465847407732358,35.91176483533402,0.08294679969549179,2.9787659645080566,1.0326266288757324,0.6676806211471558,0.6465847407732358,35.91176483533402,0.029909469187259674,121,7193b471607b50a2,-0.0,0.0,0.0,0.0,nan,nan,nan,nan,nan,nan,nan,nan,nan,nan,nan,nan,0.0,0.0,0.0,nan,nan,0.20000000298023224,0.20000000298023224,0.09679000157056,0.0,0.0,0.0,0.0,0.0,0.0,0.0,0.0,0.0,0.0,0.0,0.0,0.03789061680436134,0.029909469187259674,0.0005673058726642921,7.3307600021362305,261,nan,-1.0,True,,False,0.07780987024307251,0.07780987024307251,40.0,40.0,1.0,0.0,0.0,0.0,0.0,0.0
604,8.375167846679688,-0.0,0.09579679369926453,-0.0,0.8183574676513672,0.08319751918315887,2.977509021759033,1.0326389074325562,0.6675182580947876,0.6464198213821268,35.78843517201593,0.08319751918315887,2.977509021759033,1.0326389074325562,0.6675182580947876,0.6464198213821268,35.78843517201593,0.029900001361966133,121,7193b471607b50a2,-0.0,0.0,0.0,0.0,nan,nan,nan,nan,nan,nan,nan,nan,nan,nan,nan,nan,0.0,0.0,0.0,nan,nan,0.20000000298023224,0.20000000298023224,0.09677981294592,0.0,0.0,0.0,0.0,0.0,0.0,0.0,0.0,0.0,0.0,0.0,0.0,0.03795056417584419,0.029900001361966133,0.0005642574951707502,7.3307600021362305,261,nan,-1.0,True,,False,0.07780987024307251,0.07780987024307251,40.0,40.0,1.0,0.0,0.0,0.0,0.0,0.0
605,8.384360313415527,-0.0,0.09595678001642227,-0.0,0.8192446827888489,0.07951811701059341,2.9762449264526367,1.032707691192627,0.6674595475196838,0.6463199153178236,37.428513631128126,0.07951811701059341,2.9762449264526367,1.032707691192627,0.6674595475196838,0.6463199153178236,37.428513631128126,0.029891029000282288,121,7193b471607b50a2,-0.0,0.0,0.0,0.0,nan,nan,nan,nan,nan,nan,nan,nan,nan,nan,nan,nan,0.0,0.0,0.0,nan,nan,0.20000000298023224,0.20000000298023224,0.09676960976,0.0,0.0,0.0,0.0,0.0,0.0,0.0,0.0,0.0,0.0,0.0,0.0,0.03801049664616585,0.029891029000282288,0.0005609238132819883,7.3307600021362305,261,nan,-1.0,True,,False,0.07780987024307251,0.07780987024307251,40.0,40.0,1.0,0.0,0.0,0.0,0.0,0.0
606,8.380392074584961,-0.0,0.0961034744977951,-0.0,0.8188184499740601,0.07777330279350281,2.974655866622925,1.0327619314193726,0.6674181818962097,0.6462459174680713,38.24777603339006,0.07777330279350281,2.974655866622925,1.0327619314193726,0.6674181818962097,0.6462459174680713,38.24777603339006,0.02988305129110813,121,4a6531a4ebba222b,-0.0,0.0,0.0,0.0,nan,nan,nan,nan,nan,nan,nan,nan,nan,nan,nan,nan,0.0,0.0,0.0,nan,nan,0.20000000298023224,0.20000000298023224,0.09675939202048002,0.0,0.0,0.0,0.0,0.0,0.0,0.0,0.0,0.0,0.0,0.0,0.0,0.038070421665906906,0.02988305129110813,0.0005544664254557574,7.3307600021362305,261,nan,-1.0,True,,False,0.07780987024307251,0.07780987024307251,40.0,40.0,1.0,0.0,0.0,0.0,0.0,0.0
607,8.357747077941895,-0.0,0.0962507575750351,-0.0,0.8165246248245239,0.07786589860916138,2.9737391471862793,1.032786250114441,0.667277991771698,0.6460949607895712,38.190519859182636,0.07786589860916138,2.9737391471862793,1.032786250114441,0.667277991771698,0.6460949607895712,38.190519859182636,0.029875071719288826,121,4a6531a4ebba222b,-0.0,0.0,0.0,0.0,nan,nan,nan,nan,nan,nan,nan,nan,nan,nan,nan,nan,0.0,0.0,0.0,nan,nan,0.20000000298023224,0.20000000298023224,0.09674915973503999,0.0,0.0,0.0,0.0,0.0,0.0,0.0,0.0,0.0,0.0,0.0,0.0,0.038130342960357666,0.029875071719288826,0.00055267582547458,7.3307600021362305,261,nan,-1.0,True,,False,0.07780987024307251,0.07780987024307251,40.0,40.0,1.0,0.0,0.0,0.0,0.0,0.0
608,8.348904609680176,-0.0,0.09642688184976578,-0.0,0.815605103969574,0.07679132372140884,2.972210168838501,1.0328333377838135,0.6671846508979797,0.645975131214859,38.70502583887444,0.07679132372140884,2.972210168838501,1.0328333377838135,0.6671846508979797,0.645975131214859,38.70502583887444,0.029865095391869545,121,4a6531a4ebba222b,-0.0,0.0,0.0,0.0,nan,nan,nan,nan,nan,nan,nan,nan,nan,nan,nan,nan,0.0,0.0,0.0,nan,nan,0.20000000298023224,0.20000000298023224,0.09673891291136,0.0,0.0,0.0,0.0,0.0,0.0,0.0,0.0,0.0,0.0,0.0,0.0,0.03819025680422783,0.029865095391869545,0.0005484722564688127,7.3307600021362305,261,nan,-1.0,True,,False,0.07780987024307251,0.07780987024307251,40.0,40.0,1.0,0.0,0.0,0.0,0.0,0.0
609,8.35991382598877,-0.0,0.09656108915805817,-0.0,0.8166792392730713,0.07311266660690308,2.970895290374756,1.0328483581542969,0.6670437455177307,0.6458293129397426,40.63448138676223,0.07311266660690308,2.970895290374756,1.0328483581542969,0.6670437455177307,0.6458293129397426,40.63448138676223,0.02985810860991478,121,4a6531a4ebba222b,-0.0,0.0,0.0,0.0,nan,nan,nan,nan,nan,nan,nan,nan,nan,nan,nan,nan,0.0,0.0,0.0,nan,nan,0.20000000298023224,0.20000000298023224,0.09672865155712,0.0,0.0,0.0,0.0,0.0,0.0,0.0,0.0,0.0,0.0,0.0,0.0,0.0382501594722271,0.02985810860991478,0.0005435126222437248,7.3307600021362305,261,nan,-1.0,True,,False,0.07780987024307251,0.07780987024307251,40.0,40.0,1.0,0.0,0.0,0.0,0.0,0.0
610,8.372072219848633,-0.0,0.09673883020877838,-0.0,0.817859411239624,0.07138987630605698,2.9699714183807373,1.0329132080078125,0.6670255661010742,0.6457711654085356,41.602137054392884,0.07138987630605698,2.9699714183807373,1.0329132080078125,0.6670255661010742,0.6457711654085356,41.602137054392884,0.02984812669456005,121,4a6531a4ebba222b,-0.0,0.0,0.0,0.0,nan,nan,nan,nan,nan,nan,nan,nan,nan,nan,nan,nan,0.0,0.0,0.0,nan,nan,0.20000000298023224,0.20000000298023224,0.09671837568000001,0.0,0.0,0.0,0.0,0.0,0.0,0.0,0.0,0.0,0.0,0.0,0.0,0.03831005468964577,0.02984812669456005,0.0005365554534364492,7.3307600021362305,261,nan,-1.0,True,,False,0.07780987024307251,0.07780987024307251,40.0,40.0,1.0,0.0,0.0,0.0,0.0,0.0
611,8.35759449005127,-0.0,0.09690242260694504,-0.0,0.8163790106773376,0.07159259915351868,2.968703269958496,1.0329337120056152,0.6668670773506165,0.6456049111377935,41.466622319334924,0.07159259915351868,2.968703269958496,1.0329337120056152,0.6668670773506165,0.6456049111377935,41.466622319334924,0.029839137569069862,121,4a6531a4ebba222b,-0.0,0.0,0.0,0.0,nan,nan,nan,nan,nan,nan,nan,nan,nan,nan,nan,nan,0.0,0.0,0.0,nan,nan,0.20000000298023224,0.20000000298023224,0.09670808528768,0.0,0.0,0.0,0.0,0.0,0.0,0.0,0.0,0.0,0.0,0.0,0.0,0.038369953632354736,0.029839137569069862,0.0005339567364899267,7.3307600021362305,261,nan,-1.0,True,,False,0.07780987024307251,0.07780987024307251,40.0,40.0,1.0,0.0,0.0,0.0,0.0,0.0
612,8.369544982910156,-0.0,0.09703775495290756,-0.0,0.8175469040870667,0.06947743147611618,2.9674394130706787,1.0330064296722412,0.6668897867202759,0.6455814480572699,42.710839333356425,0.06947743147611618,2.9674394130706787,1.0330064296722412,0.6668897867202759,0.6455814480572699,42.710839333356425,0.0298321470618248,121,4a6531a4ebba222b,-0.0,0.0,0.0,0.0,nan,nan,nan,nan,nan,nan,nan,nan,nan,nan,nan,nan,0.0,0.0,0.0,nan,nan,0.20000000298023224,0.20000000298023224,0.09669778038784001,0.0,0.0,0.0,0.0,0.0,0.0,0.0,0.0,0.0,0.0,0.0,0.0,0.03842983767390251,0.0298321470618248,0.0005268283280202013,7.3307600021362305,261,nan,-1.0,True,,False,0.07780987024307251,0.07780987024307251,40.0,40.0,1.0,0.0,0.0,0.0,0.0,0.0
613,8.355291366577148,-0.0,0.09720050543546677,-0.0,0.8160890340805054,0.06822042167186737,2.9661965370178223,1.0330328941345215,0.6667352914810181,0.6454153544061259,43.47959840067974,0.06822042167186737,2.9661965370178223,1.0330328941345215,0.6667352914810181,0.6454153544061259,43.47959840067974,0.02982315421104431,121,4a6531a4ebba222b,-0.0,0.0,0.0,0.0,nan,nan,nan,nan,nan,nan,nan,nan,nan,nan,nan,nan,0.0,0.0,0.0,nan,nan,0.20000000298023224,0.20000000298023224,0.09668746098816,0.0,0.0,0.0,0.0,0.0,0.0,0.0,0.0,0.0,0.0,0.0,0.0,0.03848971799015999,0.02982315421104431,0.0005246222972346004,7.3307600021362305,261,nan,-1.0,True,,False,0.07780987024307251,0.07780987024307251,40.0,40.0,1.0,0.0,0.0,0.0,0.0,0.0
614,8.386528015136719,-0.0,0.09735240787267685,-0.0,0.8191823363304138,0.06467707455158234,2.9649932384490967,1.0330603122711182,0.6666035652160645,0.6452707139146391,45.84303262022784,0.06467707455158234,2.9649932384490967,1.0330603122711182,0.6666035652160645,0.6452707139146391,45.84303262022784,0.029815157875418663,121,4a6531a4ebba222b,-0.0,0.0,0.0,0.0,nan,nan,nan,nan,nan,nan,nan,nan,nan,nan,nan,nan,0.0,0.0,0.0,nan,nan,0.20000000298023224,0.20000000298023224,0.09667712709632001,0.0,0.0,0.0,0.0,0.0,0.0,0.0,0.0,0.0,0.0,0.0,0.0,0.03854958713054657,0.029815157875418663,0.000518759069564112,7.3307600021362305,261,nan,-1.0,True,,False,0.07780987024307251,0.07780987024307251,40.0,40.0,1.0,0.0,0.0,0.0,0.0,0.0
615,8.400481224060059,-0.0,0.09751752763986588,-0.0,0.8205446004867554,0.06247205287218094,2.9633543491363525,1.0331230163574219,0.6665236353874207,0.6451541828362756,47.43488028478005,0.06247205287218094,2.9633543491363525,1.0331230163574219,0.6665236353874207,0.6451541828362756,47.43488028478005,0.029806161299347878,121,4a6531a4ebba222b,-0.0,0.0,0.0,0.0,nan,nan,nan,nan,nan,nan,nan,nan,nan,nan,nan,nan,0.0,0.0,0.0,nan,nan,0.20000000298023224,0.20000000298023224,0.09666677872000001,0.0,0.0,0.0,0.0,0.0,0.0,0.0,0.0,0.0,0.0,0.0,0.0,0.03860945254564285,0.029806161299347878,0.0005122399625179241,7.3307600021362305,261,nan,-1.0,True,,False,0.07780987024307251,0.07780987024307251,40.0,40.0,1.0,0.0,0.0,0.0,0.0,0.0
616,8.396829605102539,-0.0,0.09766864776611328,-0.0,0.8201491832733154,0.06088642030954361,2.9622719287872314,1.0331687927246094,0.6664660573005676,0.6450698685381352,48.65242386934861,0.06088642030954361,2.9622719287872314,1.0331687927246094,0.6664660573005676,0.6450698685381352,48.65242386934861,0.02979816123843193,121,4a6531a4ebba222b,-0.0,0.0,0.0,0.0,nan,nan,nan,nan,nan,nan,nan,nan,nan,nan,nan,nan,0.0,0.0,0.0,nan,nan,0.20000000298023224,0.20000000298023224,0.09665641586688002,0.0,0.0,0.0,0.0,0.0,0.0,0.0,0.0,0.0,0.0,0.0,0.0,0.03866931423544884,0.02979816123843193,0.0005098604387967498,7.3307600021362305,261,nan,-1.0,True,,False,0.07780987024307251,0.07780987024307251,40.0,40.0,1.0,0.0,0.0,0.0,0.0,0.0
617,8.417685508728027,-0.0,0.09779048711061478,-0.0,0.822210431098938,0.05969114974141121,2.9612107276916504,1.0332015752792358,0.6663909554481506,0.6449767125723265,49.608874021022366,0.05969114974141121,2.9612107276916504,1.0332015752792358,0.6663909554481506,0.6449767125723265,49.608874021022366,0.02979215979576111,121,4a6531a4ebba222b,-0.0,0.0,0.0,0.0,nan,nan,nan,nan,nan,nan,nan,nan,nan,nan,nan,nan,0.0,0.0,0.0,nan,nan,0.20000000298023224,0.20000000298023224,0.09664603854464,0.0,0.0,0.0,0.0,0.0,0.0,0.0,0.0,0.0,0.0,0.0,0.0,0.03872916102409363,0.02979215979576111,0.0005028892687732878,7.3307600021362305,261,nan,-1.0,True,,False,0.07780987024307251,0.07780987024307251,40.0,40.0,1.0,0.0,0.0,0.0,0.0,0.0
618,8.421658515930176,-0.0,0.09795883297920227,-0.0,0.8225740194320679,0.05748847872018814,2.9597487449645996,1.033274531364441,0.6663364768028259,0.6448784486373891,51.48420711166304,0.05748847872018814,2.9597487449645996,1.033274531364441,0.6663364768028259,0.6448784486373891,51.48420711166304,0.029783155769109726,121,4a6531a4ebba222b,-0.0,0.0,0.0,0.0,nan,nan,nan,nan,nan,nan,nan,nan,nan,nan,nan,nan,0.0,0.0,0.0,nan,nan,0.20000000298023224,0.20000000298023224,0.09663564676096,0.0,0.0,0.0,0.0,0.0,0.0,0.0,0.0,0.0,0.0,0.0,0.0,0.03878900408744812,0.029783155769109726,0.000502557606978371,7.3307600021362305,261,nan,-1.0,True,,False,0.07780987024307251,0.07780987024307251,40.0,40.0,1.0,0.0,0.0,0.0,0.0,0.0
619,8.422686576843262,-0.0,0.09811185300350189,-0.0,0.8226463198661804,0.058370016515254974,2.958635091781616,1.033311367034912,0.6662147045135498,0.6447376132377731,50.68758359882215,0.058370016515254974,2.958635091781616,1.033311367034912,0.6662147045135498,0.6447376132377731,50.68758359882215,0.029775148257613182,121,4a6531a4ebba222b,-0.0,0.0,0.0,0.0,nan,nan,nan,nan,nan,nan,nan,nan,nan,nan,nan,nan,0.0,0.0,0.0,nan,nan,0.20000000298023224,0.20000000298023224,0.09662524052352002,0.0,0.0,0.0,0.0,0.0,0.0,0.0,0.0,0.0,0.0,0.0,0.0,0.038848839700222015,0.029775148257613182,0.0004950425764036481,7.3307600021362305,261,nan,-1.0,True,,False,0.07780987024307251,0.07780987024307251,40.0,40.0,1.0,0.0,0.0,0.0,0.0,0.0
620,8.442543029785156,-0.0,0.09826473146677017,-0.0,0.8246013522148132,0.0566030889749527,2.9570579528808594,1.0333638191223145,0.6661447286605835,0.6446371706978983,52.24198902270829,0.0566030889749527,2.9570579528808594,1.0333638191223145,0.6661447286605835,0.6446371706978983,52.24198902270829,0.029767140746116638,121,4a6531a4ebba222b,-0.0,0.0,0.0,0.0,nan,nan,nan,nan,nan,nan,nan,nan,nan,nan,nan,nan,0.0,0.0,0.0,nan,nan,0.20000000298023224,0.20000000298023224,0.09661481984,0.0,0.0,0.0,0.0,0.0,0.0,0.0,0.0,0.0,0.0,0.0,0.0,0.038908667862415314,0.029767140746116638,0.0004923604801660986,7.3307600021362305,261,nan,-1.0,True,,False,0.07780987024307251,0.07780987024307251,40.0,40.0,1.0,0.0,0.0,0.0,0.0,0.0
621,8.46353816986084,-0.0,0.09841746836900711,-0.0,0.8266703486442566,0.05311309173703194,2.955803871154785,1.0333914756774902,0.6660152077674866,0.6444945825887017,55.651135614346394,0.05311309173703194,2.955803871154785,1.0333914756774902,0.6660152077674866,0.6444945825887017,55.651135614346394,0.029759129509329796,121,4a6531a4ebba222b,-0.0,0.0,0.0,0.0,nan,nan,nan,nan,nan,nan,nan,nan,nan,nan,nan,nan,0.0,0.0,0.0,nan,nan,0.20000000298023224,0.20000000298023224,0.09660438471808,0.0,0.0,0.0,0.0,0.0,0.0,0.0,0.0,0.0,0.0,0.0,0.0,0.03896848484873772,0.029759129509329796,0.0004880725646216888,7.3307600021362305,261,nan,-1.0,True,,False,0.07780987024307251,0.07780987024307251,40.0,40.0,1.0,0.0,0.0,0.0,0.0,0.0
622,8.485249519348145,-0.0,0.09858838468790054,-0.0,0.8288072943687439,0.0530104860663414,2.9548697471618652,1.033448576927185,0.6660189628601074,0.6444626058128812,55.74123096068038,0.0530104860663414,2.9548697471618652,1.033448576927185,0.6660189628601074,0.6444626058128812,55.74123096068038,0.029750116169452667,121,a485178b9cec6905,-0.0,0.0,0.0,0.0,nan,nan,nan,nan,nan,nan,nan,nan,nan,nan,nan,nan,0.0,0.0,0.0,nan,nan,0.20000000298023224,0.20000000298023224,0.09659393516544001,0.0,0.0,0.0,0.0,0.0,0.0,0.0,0.0,0.0,0.0,0.0,0.0,0.03902830556035042,0.029750116169452667,0.00048402844186057337,7.3307600021362305,261,nan,-1.0,True,,False,0.07780987024307251,0.07780987024307251,40.0,40.0,1.0,0.0,0.0,0.0,0.0,0.0
623,8.49920654296875,-0.0,0.09874238818883896,-0.0,0.8301721215248108,0.051814235746860504,2.9536547660827637,1.0335208177566528,0.6659532189369202,0.6443539476857658,57.00469617100798,0.051814235746860504,2.9536547660827637,1.0335208177566528,0.6659532189369202,0.6443539476857658,57.00469617100798,0.029742101207375526,121,7340e90458a8bd5e,-0.0,0.0,0.0,0.0,nan,nan,nan,nan,nan,nan,nan,nan,nan,nan,nan,nan,0.0,0.0,0.0,nan,nan,0.20000000298023224,0.20000000298023224,0.09658347118976,0.0,0.0,0.0,0.0,0.0,0.0,0.0,0.0,0.0,0.0,0.0,0.0,0.039088111370801926,0.029742101207375526,0.0004789491274550528,7.3307600021362305,261,nan,-1.0,True,,False,0.07780987024307251,0.07780987024307251,40.0,40.0,1.0,0.0,0.0,0.0,0.0,0.0
624,8.548725128173828,-0.0,0.09886905550956726,-0.0,0.8350987434387207,0.04819008335471153,2.952239513397217,1.033547282218933,0.6658360958099365,0.6442241272024307,61.26238653016517,0.04819008335471153,2.952239513397217,1.033547282218933,0.6658360958099365,0.6442241272024307,61.26238653016517,0.02973608672618866,121,7340e90458a8bd5e,-0.0,0.0,0.0,0.0,nan,nan,nan,nan,nan,nan,nan,nan,nan,nan,nan,nan,0.0,0.0,0.0,nan,nan,0.20000000298023224,0.20000000298023224,0.09657299279872,0.0,0.0,0.0,0.0,0.0,0.0,0.0,0.0,0.0,0.0,0.0,0.0,0.03914790600538254,0.02973608672618866,0.000474404793294525,7.3307600021362305,261,nan,-1.0,True,,False,0.07780987024307251,0.07780987024307251,40.0,40.0,1.0,0.0,0.0,0.0,0.0,0.0
625,8.572535514831543,-0.0,0.09902524948120117,-0.0,0.8374484777450562,0.04657278209924698,2.9510788917541504,1.0335806608200073,0.6657620668411255,0.644131698742247,63.3648830655076,0.04657278209924698,2.9510788917541504,1.0335806608200073,0.6657620668411255,0.644131698742247,63.3648830655076,0.02972806803882122,121,7340e90458a8bd5e,-0.0,0.0,0.0,0.0,nan,nan,nan,nan,nan,nan,nan,nan,nan,nan,nan,nan,0.0,0.0,0.0,nan,nan,0.20000000298023224,0.20000000298023224,0.0965625,0.0,0.0,0.0,0.0,0.0,0.0,0.0,0.0,0.0,0.0,0.0,0.0,0.03920769691467285,0.02972806803882122,0.00047278345891754725,7.3307600021362305,261,nan,-1.0,True,,False,0.07780987024307251,0.07780987024307251,40.0,40.0,1.0,0.0,0.0,0.0,0.0,0.0
626,8.587357521057129,-0.0,0.09918210655450821,-0.0,0.8388993144035339,0.044539980590343475,2.949552059173584,1.0336251258850098,0.6656346917152405,0.6439807576710281,66.2225717227426,0.044539980590343475,2.949552059173584,1.0336251258850098,0.6656346917152405,0.6439807576710281,66.2225717227426,0.029720047488808632,121,7340e90458a8bd5e,-0.0,0.0,0.0,0.0,nan,nan,nan,nan,nan,nan,nan,nan,nan,nan,nan,nan,0.0,0.0,0.0,nan,nan,0.20000000298023224,0.20000000298023224,0.09655199280128002,0.0,0.0,0.0,0.0,0.0,0.0,0.0,0.0,0.0,0.0,0.0,0.0,0.03926747664809227,0.029720047488808632,0.00047122540991040296,7.3307600021362305,261,nan,-1.0,True,,False,0.07780987024307251,0.07780987024307251,40.0,40.0,1.0,0.0,0.0,0.0,0.0,0.0
627,8.600990295410156,-0.0,0.09932626783847809,-0.0,0.8402338027954102,0.04539835453033447,2.948591947555542,1.0336722135543823,0.665613055229187,0.6439304902473985,64.94931320881551,0.04539835453033447,2.948591947555542,1.0336722135543823,0.665613055229187,0.6439304902473985,64.94931320881551,0.029712526127696037,121,7340e90458a8bd5e,-0.0,0.0,0.0,0.0,nan,nan,nan,nan,nan,nan,nan,nan,nan,nan,nan,nan,0.0,0.0,0.0,nan,nan,0.20000000298023224,0.20000000298023224,0.09654147121024,0.0,0.0,0.0,0.0,0.0,0.0,0.0,0.0,0.0,0.0,0.0,0.0,0.03932726010680199,0.029712526127696037,0.00046606474529653497,7.3307600021362305,261,nan,-1.0,True,,False,0.07780987024307251,0.07780987024307251,40.0,40.0,1.0,0.0,0.0,0.0,0.0,0.0
628,8.606354713439941,-0.0,0.09948280453681946,-0.0,0.840738832950592,0.04380682855844498,2.947291851043701,1.0337244272232056,0.665482223033905,0.6437714012636093,67.27927923637671,0.04380682855844498,2.947291851043701,1.0337244272232056,0.665482223033905,0.6437714012636093,67.27927923637671,0.029705002903938293,121,a59410c9155f7fa0,-0.0,0.0,0.0,0.0,nan,nan,nan,nan,nan,nan,nan,nan,nan,nan,nan,nan,0.0,0.0,0.0,nan,nan,0.20000000298023224,0.20000000298023224,0.09653093523456001,0.0,0.0,0.0,0.0,0.0,0.0,0.0,0.0,0.0,0.0,0.0,0.0,0.03938702493906021,0.029705002903938293,0.0004637559495677124,7.3307600021362305,261,nan,-1.0,True,,False,0.07780987024307251,0.07780987024307251,40.0,40.0,1.0,0.0,0.0,0.0,0.0,0.0
629,8.669209480285645,-0.0,0.0996427908539772,-0.0,0.8469924330711365,0.04221478849649429,2.945709705352783,1.0337761640548706,0.6654945015907288,0.6437510601718669,69.77909425265528,0.04221478849649429,2.945709705352783,1.0337761640548706,0.6654945015907288,0.6437510601718669,69.77909425265528,0.029696473851799965,121,a59410c9155f7fa0,-0.0,0.0,0.0,0.0,nan,nan,nan,nan,nan,nan,nan,nan,nan,nan,nan,nan,0.0,0.0,0.0,nan,nan,0.20000000298023224,0.20000000298023224,0.09652038488192,0.0,0.0,0.0,0.0,0.0,0.0,0.0,0.0,0.0,0.0,0.0,0.0,0.039446789771318436,0.029696473851799965,0.000459318863477165,7.3307600021362305,261,nan,-1.0,True,,False,0.07780987024307251,0.07780987024307251,40.0,40.0,1.0,0.0,0.0,0.0,0.0,0.0
630,8.744302749633789,-0.0,0.09978742152452469,-0.0,0.854472815990448,0.038217633962631226,2.944770097732544,1.0338139533996582,0.665347695350647,0.6435855244192402,77.05265324933268,0.038217633962631226,2.944770097732544,1.0338139533996582,0.665347695350647,0.6435855244192402,77.05265324933268,0.02968994900584221,121,a59410c9155f7fa0,-0.0,0.0,0.0,0.0,nan,nan,nan,nan,nan,nan,nan,nan,nan,nan,nan,nan,0.0,0.0,0.0,nan,nan,0.20000000298023224,0.20000000298023224,0.09650982016000001,0.0,0.0,0.0,0.0,0.0,0.0,0.0,0.0,0.0,0.0,0.0,0.0,0.039506543427705765,0.02968994900584221,0.00045736541028418287,7.3307600021362305,261,nan,-1.0,True,,False,0.07780987024307251,0.07780987024307251,40.0,40.0,1.0,0.0,0.0,0.0,0.0,0.0
631,8.73497200012207,-0.0,0.09993291646242142,-0.0,0.8535105586051941,0.039081327617168427,2.9431867599487305,1.0338431596755981,0.6652528047561646,0.6434755586765301,75.30928295935854,0.039081327617168427,2.9431867599487305,1.0338431596755981,0.6652528047561646,0.6434755586765301,75.30928295935854,0.02968292124569416,121,a59410c9155f7fa0,-0.0,0.0,0.0,0.0,nan,nan,nan,nan,nan,nan,nan,nan,nan,nan,nan,nan,0.0,0.0,0.0,nan,nan,0.20000000298023224,0.20000000298023224,0.09649924107648,0.0,0.0,0.0,0.0,0.0,0.0,0.0,0.0,0.0,0.0,0.0,0.0,0.039566297084093094,0.02968292124569416,0.00045410146981339494,7.3307600021362305,261,nan,-1.0,True,,False,0.07780987024307251,0.07780987024307251,40.0,40.0,1.0,0.0,0.0,0.0,0.0,0.0
632,8.75802993774414,-0.0,0.10011039674282074,-0.0,0.8557808995246887,0.037081629037857056,2.942247152328491,1.0339138507843018,0.6652212738990784,0.6434010661472982,79.34514282866908,0.037081629037857056,2.942247152328491,1.0339138507843018,0.6652212738990784,0.6434010661472982,79.34514282866908,0.029673883691430092,121,a59410c9155f7fa0,-0.0,0.0,0.0,0.0,nan,nan,nan,nan,nan,nan,nan,nan,nan,nan,nan,nan,0.0,0.0,0.0,nan,nan,0.20000000298023224,0.20000000298023224,0.09648864763904001,0.0,0.0,0.0,0.0,0.0,0.0,0.0,0.0,0.0,0.0,0.0,0.0,0.03962603211402893,0.029673883691430092,0.0004533853264092613,7.3307600021362305,261,nan,-1.0,True,,False,0.07780987024307251,0.07780987024307251,40.0,40.0,1.0,0.0,0.0,0.0,0.0,0.0
633,8.864452362060547,-0.0,0.1002705916762352,-0.0,0.866391122341156,0.03394318372011185,2.9406659603118896,1.033972144126892,0.6651741862297058,0.6433192518850621,86.63494811093695,0.03394318372011185,2.9406659603118896,1.033972144126892,0.6651741862297058,0.6433192518850621,86.63494811093695,0.02966584824025631,121,a59410c9155f7fa0,-0.0,0.0,0.0,0.0,nan,nan,nan,nan,nan,nan,nan,nan,nan,nan,nan,nan,0.0,0.0,0.0,nan,nan,0.20000000298023224,0.20000000298023224,0.09647803985536,0.0,0.0,0.0,0.0,0.0,0.0,0.0,0.0,0.0,0.0,0.0,0.0,0.03968576714396477,0.02966584824025631,0.0004492381856380234,7.3307600021362305,261,nan,-1.0,True,,False,0.07780987024307251,0.07780987024307251,40.0,40.0,1.0,0.0,0.0,0.0,0.0,0.0
634,8.909943580627441,-0.0,0.10040334612131119,-0.0,0.8709136843681335,0.032427769154310226,2.9396066665649414,1.033992052078247,0.6650726199150085,0.6432086383819509,90.65090640606758,0.032427769154310226,2.9396066665649414,1.033992052078247,0.6650726199150085,0.6432086383819509,90.65090640606758,0.029659820720553398,121,a59410c9155f7fa0,-0.0,0.0,0.0,0.0,nan,nan,nan,nan,nan,nan,nan,nan,nan,nan,nan,nan,0.0,0.0,0.0,nan,nan,0.20000000298023224,0.20000000298023224,0.09646741773312001,0.0,0.0,0.0,0.0,0.0,0.0,0.0,0.0,0.0,0.0,0.0,0.0,0.03974549099802971,0.029659820720553398,0.0004478161224596988,7.3307600021362305,261,nan,-1.0,True,,False,0.07780987024307251,0.07780987024307251,40.0,40.0,1.0,0.0,0.0,0.0,0.0,0.0
635,8.972602844238281,-0.0,0.10056823492050171,-0.0,0.8771466016769409,0.03043772466480732,2.938138484954834,1.0340559482574463,0.6649838089942932,0.6430830073700556,96.52950466274393,0.03043772466480732,2.938138484954834,1.0340559482574463,0.6649838089942932,0.6430830073700556,96.52950466274393,0.029651781544089317,121,a59410c9155f7fa0,-0.0,0.0,0.0,0.0,nan,nan,nan,nan,nan,nan,nan,nan,nan,nan,nan,nan,0.0,0.0,0.0,nan,nan,0.20000000298023224,0.20000000298023224,0.09645678128000001,0.0,0.0,0.0,0.0,0.0,0.0,0.0,0.0,0.0,0.0,0.0,0.0,0.03980521485209465,0.029651781544089317,0.000446142989630971,7.3307600021362305,261,nan,-1.0,True,,False,0.07780987024307251,0.07780987024307251,40.0,40.0,1.0,0.0,0.0,0.0,0.0,0.0
636,8.93378734588623,-0.0,0.10070495307445526,-0.0,0.8732377290725708,0.03124508634209633,2.9368739128112793,1.034105896949768,0.6648757457733154,0.6429474464215457,93.99474466660205,0.03124508634209633,2.9368739128112793,1.034105896949768,0.6648757457733154,0.6429474464215457,93.99474466660205,0.029645750299096107,121,a59410c9155f7fa0,-0.0,0.0,0.0,0.0,nan,nan,nan,nan,nan,nan,nan,nan,nan,nan,nan,nan,0.0,0.0,0.0,nan,nan,0.20000000298023224,0.20000000298023224,0.09644613050368,0.0,0.0,0.0,0.0,0.0,0.0,0.0,0.0,0.0,0.0,0.0,0.0,0.039864927530288696,0.029645750299096107,0.0004445679890068277,7.3307600021362305,261,nan,-1.0,True,,False,0.07780987024307251,0.07780987024307251,40.0,40.0,1.0,0.0,0.0,0.0,0.0,0.0
637,9.088449478149414,-0.0,0.10086727142333984,-0.0,0.8886715173721313,0.027411455288529396,2.9357662200927734,1.0341274738311768,0.6648205518722534,0.6428806590054744,107.09997660435324,0.027411455288529396,2.9357662200927734,1.0341274738311768,0.6648205518722534,0.6428806590054744,107.09997660435324,0.029637707397341728,121,a59410c9155f7fa0,-0.0,0.0,0.0,0.0,nan,nan,nan,nan,nan,nan,nan,nan,nan,nan,nan,nan,0.0,0.0,0.0,nan,nan,0.20000000298023224,0.20000000298023224,0.09643546541184,0.0,0.0,0.0,0.0,0.0,0.0,0.0,0.0,0.0,0.0,0.0,0.0,0.039924632757902145,0.029637707397341728,0.0004416995859628514,7.3307600021362305,261,nan,-1.0,True,,False,0.07780987024307251,0.07780987024307251,40.0,40.0,1.0,0.0,0.0,0.0,0.0,0.0
638,9.099364280700684,-0.0,0.10102098435163498,-0.0,0.889732301235199,0.02777446061372757,2.9346587657928467,1.0342034101486206,0.6647903919219971,0.6428042930417944,105.6603333042726,0.02777446061372757,2.9346587657928467,1.0342034101486206,0.6647903919219971,0.6428042930417944,105.6603333042726,0.029630666598677635,121,a59410c9155f7fa0,-0.0,0.0,0.0,0.0,nan,nan,nan,nan,nan,nan,nan,nan,nan,nan,nan,nan,0.0,0.0,0.0,nan,nan,0.20000000298023224,0.20000000298023224,0.09642478601216001,0.0,0.0,0.0,0.0,0.0,0.0,0.0,0.0,0.0,0.0,0.0,0.0,0.039984337985515594,0.029630666598677635,0.00043915182641285355,7.3307600021362305,261,nan,-1.0,True,,False,0.07780987024307251,0.07780987024307251,40.0,40.0,1.0,0.0,0.0,0.0,0.0,0.0
639,9.21212387084961,-0.0,0.1011849194765091,-0.0,0.9009754657745361,0.02478037402033806,2.9333977699279785,1.0342552661895752,0.6647830605506897,0.6427649752269546,118.37584725397782,0.02478037402033806,2.9333977699279785,1.0342552661895752,0.6647830605506897,0.6427649752269546,118.37584725397782,0.029622619971632957,121,a59410c9155f7fa0,-0.0,0.0,0.0,0.0,nan,nan,nan,nan,nan,nan,nan,nan,nan,nan,nan,nan,0.0,0.0,0.0,nan,nan,0.20000000298023224,0.20000000298023224,0.09641409231232001,0.0,0.0,0.0,0.0,0.0,0.0,0.0,0.0,0.0,0.0,0.0,0.0,0.04004402831196785,0.029622619971632957,0.00043771546256721194,7.3307600021362305,261,nan,-1.0,True,,False,0.07780987024307251,0.07780987024307251,40.0,40.0,1.0,0.0,0.0,0.0,0.0,0.0
640,9.212570190429688,-0.0,0.10135320574045181,-0.0,0.90098637342453,0.02530537359416485,2.932131767272949,1.0342844724655151,0.6646467447280884,0.642615027511446,115.86992605985742,0.02530537359416485,2.932131767272949,1.0342844724655151,0.6646467447280884,0.642615027511446,115.86992605985742,0.02961456961929798,121,a59410c9155f7fa0,-0.0,0.0,0.0,0.0,nan,nan,nan,nan,nan,nan,nan,nan,nan,nan,nan,nan,0.0,0.0,0.0,nan,nan,0.20000000298023224,0.20000000298023224,0.09640338432000001,0.0,0.0,0.0,0.0,0.0,0.0,0.0,0.0,0.0,0.0,0.0,0.0,0.04010371118783951,0.02961456961929798,0.00043647936172419577,7.3307600021362305,261,nan,-1.0,True,,False,0.07780987024307251,0.07780987024307251,40.0,40.0,1.0,0.0,0.0,0.0,0.0,0.0
641,9.245652198791504,-0.0,0.10149245709180832,-0.0,0.9042667150497437,0.023709919303655624,2.9308786392211914,1.0343289375305176,0.6645774841308594,0.6425204400812302,123.61402844459724,0.023709919303655624,2.9308786392211914,1.0343289375305176,0.6645774841308594,0.6425204400812302,123.61402844459724,0.029608530923724174,121,a59410c9155f7fa0,-0.0,0.0,0.0,0.0,nan,nan,nan,nan,nan,nan,nan,nan,nan,nan,nan,nan,0.0,0.0,0.0,nan,nan,0.20000000298023224,0.20000000298023224,0.09639266204288,0.0,0.0,0.0,0.0,0.0,0.0,0.0,0.0,0.0,0.0,0.0,0.0,0.04016338661313057,0.029608530923724174,0.00043685526293302246,7.3307600021362305,261,nan,-1.0,True,,False,0.07780987024307251,0.07780987024307251,40.0,40.0,1.0,0.0,0.0,0.0,0.0,0.0
642,9.384904861450195,-0.0,0.10164769738912582,-0.0,0.9181609153747559,0.021807316690683365,2.92960786819458,1.0343775749206543,0.6645155549049377,0.6424303571700226,134.34059356079248,0.021807316690683365,2.92960786819458,1.0343775749206543,0.6645155549049377,0.6424303571700226,134.34059356079248,0.029601484537124634,121,a59410c9155f7fa0,-0.0,0.0,0.0,0.0,nan,nan,nan,nan,nan,nan,nan,nan,nan,nan,nan,nan,0.0,0.0,0.0,nan,nan,0.20000000298023224,0.20000000298023224,0.09638192548864,0.0,0.0,0.0,0.0,0.0,0.0,0.0,0.0,0.0,0.0,0.0,0.0,0.04022306203842163,0.029601484537124634,0.00043351145609449304,7.3307600021362305,261,nan,-1.0,True,,False,0.07780987024307251,0.07780987024307251,40.0,40.0,1.0,0.0,0.0,0.0,0.0,0.0
643,9.421567916870117,-0.0,0.10180522501468658,-0.0,0.9217957258224487,0.02043663151562214,2.9280316829681396,1.034441590309143,0.664430558681488,0.6423084347207297,143.27369364808962,0.02043663151562214,2.9280316829681396,1.034441590309143,0.664430558681488,0.6423084347207297,143.27369364808962,0.029594436287879944,121,a59410c9155f7fa0,-0.0,0.0,0.0,0.0,nan,nan,nan,nan,nan,nan,nan,nan,nan,nan,nan,nan,0.0,0.0,0.0,nan,nan,0.20000000298023224,0.20000000298023224,0.09637117466496001,0.0,0.0,0.0,0.0,0.0,0.0,0.0,0.0,0.0,0.0,0.0,0.0,0.0402827262878418,0.029594436287879944,0.0004338013311553368,7.3307600021362305,261,nan,-1.0,True,,False,0.07780987024307251,0.07780987024307251,40.0,40.0,1.0,0.0,0.0,0.0,0.0,0.0
644,9.642864227294922,-0.0,0.10197620093822479,-0.0,0.943891167640686,0.017404705286026,2.9269771575927734,1.0344884395599365,0.6643737554550171,0.6422244367831086,168.17160127053708,0.017404705286026,2.9269771575927734,1.0344884395599365,0.6643737554550171,0.6422244367831086,168.17160127053708,0.02958637848496437,121,a59410c9155f7fa0,-0.0,0.0,0.0,0.0,nan,nan,nan,nan,nan,nan,nan,nan,nan,nan,nan,nan,0.0,0.0,0.0,nan,nan,0.20000000298023224,0.20000000298023224,0.09636040957952001,0.0,0.0,0.0,0.0,0.0,0.0,0.0,0.0,0.0,0.0,0.0,0.0,0.040342386811971664,0.02958637848496437,0.00043290218491165433,7.3307600021362305,261,nan,-1.0,True,,False,0.07780987024307251,0.07780987024307251,40.0,40.0,1.0,0.0,0.0,0.0,0.0,0.0
645,9.636404991149902,-0.0,0.10212507098913193,-0.0,0.9432154893875122,0.017940819263458252,2.925825595855713,1.0345240831375122,0.6643192768096924,0.6421496489428646,163.08205065166763,0.017940819263458252,2.925825595855713,1.0345240831375122,0.6643192768096924,0.6421496489428646,163.08205065166763,0.029579831287264824,121,a59410c9155f7fa0,-0.0,0.0,0.0,0.0,nan,nan,nan,nan,nan,nan,nan,nan,nan,nan,nan,nan,0.0,0.0,0.0,nan,nan,0.20000000298023224,0.20000000298023224,0.09634963024000001,0.0,0.0,0.0,0.0,0.0,0.0,0.0,0.0,0.0,0.0,0.0,0.0,0.04040203616023064,0.029579831287264824,0.00043022459249186795,7.3307600021362305,261,nan,-1.0,True,,False,0.07780987024307251,0.07780987024307251,40.0,40.0,1.0,0.0,0.0,0.0,0.0,0.0
646,9.700338363647461,-0.0,0.10229261219501495,-0.0,0.9495753645896912,0.016501620411872864,2.924565553665161,1.034596562385559,0.6642860770225525,0.6420725731881908,177.2289921031601,0.016501620411872864,2.924565553665161,1.034596562385559,0.6642860770225525,0.6420725731881908,177.2289921031601,0.029572272673249245,121,a59410c9155f7fa0,-0.0,0.0,0.0,0.0,nan,nan,nan,nan,nan,nan,nan,nan,nan,nan,nan,nan,0.0,0.0,0.0,nan,nan,0.20000000298023224,0.20000000298023224,0.09633883665408,0.0,0.0,0.0,0.0,0.0,0.0,0.0,0.0,0.0,0.0,0.0,0.0,0.04046168550848961,0.029572272673249245,0.00043134858196935966,7.3307600021362305,261,nan,-1.0,True,,False,0.07780987024307251,0.07780987024307251,40.0,40.0,1.0,0.0,0.0,0.0,0.0,0.0
647,9.82048225402832,-0.0,0.10245170444250107,-0.0,0.9615578651428223,0.014951338991522789,2.9233484268188477,1.0346132516860962,0.6641388535499573,0.6419199178703913,195.5241887349586,0.014951338991522789,2.9233484268188477,1.0346132516860962,0.6641388535499573,0.6419199178703913,195.5241887349586,0.029565218836069107,121,a59410c9155f7fa0,-0.0,0.0,0.0,0.0,nan,nan,nan,nan,nan,nan,nan,nan,nan,nan,nan,nan,0.0,0.0,0.0,nan,nan,0.20000000298023224,0.20000000298023224,0.09632802882944001,0.0,0.0,0.0,0.0,0.0,0.0,0.0,0.0,0.0,0.0,0.0,0.0,0.04052131995558739,0.029565218836069107,0.000430129550068159,7.3307600021362305,261,nan,-1.0,True,,False,0.07780987024307251,0.07780987024307251,40.0,40.0,1.0,0.0,0.0,0.0,0.0,0.0
648,10.169159889221191,-0.0,0.10260803252458572,-0.0,0.9963943362236023,0.011617355979979038,2.922037363052368,1.0346438884735107,0.6640618443489075,0.6418264793779903,251.52344200247538,0.011617355979979038,2.922037363052368,1.0346438884735107,0.6640618443489075,0.6418264793779903,251.52344200247538,0.029558666050434113,121,a59410c9155f7fa0,-0.0,0.0,0.0,0.0,nan,nan,nan,nan,nan,nan,nan,nan,nan,nan,nan,nan,0.0,0.0,0.0,nan,nan,0.20000000298023224,0.20000000298023224,0.09631720677376,0.0,0.0,0.0,0.0,0.0,0.0,0.0,0.0,0.0,0.0,0.0,0.0,0.040580958127975464,0.029558666050434113,0.00042925941511384735,7.3307600021362305,261,nan,-1.0,True,,False,0.07780987024307251,0.07780987024307251,40.0,40.0,1.0,0.0,0.0,0.0,0.0,0.0
649,10.349350929260254,-0.0,0.10276123136281967,-0.0,1.0143828392028809,0.01021287590265274,2.9204561710357666,1.0347113609313965,0.6640130281448364,0.641737447965319,285.9582549394528,0.01021287590265274,2.9204561710357666,1.0347113609313965,0.6640130281448364,0.641737447965319,285.9582549394528,0.02955211140215397,121,a59410c9155f7fa0,-0.0,0.0,0.0,0.0,nan,nan,nan,nan,nan,nan,nan,nan,nan,nan,nan,nan,0.0,0.0,0.0,nan,nan,0.20000000298023224,0.20000000298023224,0.09630637049472,0.0,0.0,0.0,0.0,0.0,0.0,0.0,0.0,0.0,0.0,0.0,0.0,0.04064058139920235,0.02955211140215397,0.0004280238667888625,7.3307600021362305,261,nan,-1.0,True,,False,0.07780987024307251,0.07780987024307251,40.0,40.0,1.0,0.0,0.0,0.0,0.0,0.0
650,10.36530590057373,-0.0,0.10292520374059677,-0.0,1.015945553779602,0.010382888838648796,2.91920804977417,1.0347907543182373,0.6640332937240601,0.6417077954678407,281.1556682479198,0.010382888838648796,2.91920804977417,1.0347907543182373,0.6640332937240601,0.6417077954678407,281.1556682479198,0.029545050114393234,121,a59410c9155f7fa0,-0.0,0.0,0.0,0.0,nan,nan,nan,nan,nan,nan,nan,nan,nan,nan,nan,nan,0.0,0.0,0.0,nan,nan,0.20000000298023224,0.20000000298023224,0.09629552000000001,0.0,0.0,0.0,0.0,0.0,0.0,0.0,0.0,0.0,0.0,0.0,0.0,0.04070019721984863,0.029545050114393234,0.0004270580857337336,7.3307600021362305,261,nan,-1.0,True,,False,0.07780987024307251,0.07780987024307251,40.0,40.0,1.0,0.0,0.0,0.0,0.0,0.0
651,10.443170547485352,-0.0,0.10308580100536346,-0.0,1.0236998796463013,0.00941784679889679,2.9182400703430176,1.034814476966858,0.663909375667572,0.6415733355543644,309.86276721817785,0.00941784679889679,2.9182400703430176,1.034814476966858,0.663909375667572,0.6415733355543644,309.86276721817785,0.0295379888266325,121,bafa3ced081074c6,-0.0,0.0,0.0,0.0,nan,nan,nan,nan,nan,nan,nan,nan,nan,nan,nan,nan,0.0,0.0,0.0,nan,nan,0.20000000298023224,0.20000000298023224,0.09628465529728002,0.0,0.0,0.0,0.0,0.0,0.0,0.0,0.0,0.0,0.0,0.0,0.0,0.04075981304049492,0.0295379888266325,0.00042753279944918177,7.3307600021362305,261,nan,-1.0,True,,False,0.07780987024307251,0.07780987024307251,40.0,40.0,1.0,0.0,0.0,0.0,0.0,0.0
652,11.185583114624023,-0.0,0.10323885083198547,-0.0,1.0979105234146118,0.0055700684897601604,2.9170351028442383,1.0348721742630005,0.6638712286949158,0.6415007043432214,523.6982468360711,0.0055700684897601604,2.9170351028442383,1.0348721742630005,0.6638712286949158,0.6415007043432214,523.6982468360711,0.0295319352298975,121,bafa3ced081074c6,-0.0,0.0,0.0,0.0,nan,nan,nan,nan,nan,nan,nan,nan,nan,nan,nan,nan,0.0,0.0,0.0,nan,nan,0.20000000298023224,0.20000000298023224,0.09627377639424001,0.0,0.0,0.0,0.0,0.0,0.0,0.0,0.0,0.0,0.0,0.0,0.0,0.04081942141056061,0.0295319352298975,0.0004228482598591654,7.3307600021362305,261,nan,-1.0,True,,False,0.07780987024307251,0.07780987024307251,40.0,40.0,1.0,0.0,0.0,0.0,0.0,0.0
653,11.392959594726562,-0.0,0.10341140627861023,-0.0,1.1186137199401855,0.00462725292891264,2.9154117107391357,1.034929871559143,0.6638392210006714,0.6414340133023545,630.0523778422956,0.00462725292891264,2.9154117107391357,1.034929871559143,0.6638392210006714,0.6414340133023545,630.0523778422956,0.029524365440011024,121,bafa3ced081074c6,-0.0,0.0,0.0,0.0,nan,nan,nan,nan,nan,nan,nan,nan,nan,nan,nan,nan,0.0,0.0,0.0,nan,nan,0.20000000298023224,0.20000000298023224,0.09626288329856,0.0,0.0,0.0,0.0,0.0,0.0,0.0,0.0,0.0,0.0,0.0,0.0,0.0408790223300457,0.029524365440011024,0.00041997967059614894,7.3307600021362305,261,nan,-1.0,True,,False,0.07780987024307251,0.07780987024307251,40.0,40.0,1.0,0.0,0.0,0.0,0.0,0.0
654,11.989361763000488,-0.0,0.10359325259923935,-0.0,1.1782175302505493,0.0032785588409751654,2.914154529571533,1.0349786281585693,0.6637848615646362,0.6413512738380309,888.8522887406087,0.0032785588409751654,2.914154529571533,1.0349786281585693,0.6637848615646362,0.6413512738380309,888.8522887406087,0.02951628901064396,121,bafa3ced081074c6,-0.0,0.0,0.0,0.0,nan,nan,nan,nan,nan,nan,nan,nan,nan,nan,nan,nan,0.0,0.0,0.0,nan,nan,0.20000000298023224,0.20000000298023224,0.09625197601792002,0.0,0.0,0.0,0.0,0.0,0.0,0.0,0.0,0.0,0.0,0.0,0.0,0.04093862697482109,0.02951628901064396,0.0004176290035502461,7.3307600021362305,261,nan,-1.0,True,,False,0.07780987024307251,0.07780987024307251,40.0,40.0,1.0,0.0,0.0,0.0,0.0,0.0
655,11.989067077636719,-0.0,0.10374212265014648,-0.0,1.1781582832336426,0.0033998675644397736,2.9128918647766113,1.0350286960601807,0.6637319922447205,0.6412691694164665,856.7662738523742,0.0033998675644397736,2.9128918647766113,1.0350286960601807,0.6637319922447205,0.6412691694164665,856.7662738523742,0.029510734602808952,121,bafa3ced081074c6,-0.0,0.0,0.0,0.0,nan,nan,nan,nan,nan,nan,nan,nan,nan,nan,nan,nan,0.0,0.0,0.0,nan,nan,0.20000000298023224,0.20000000298023224,0.09624105456,0.0,0.0,0.0,0.0,0.0,0.0,0.0,0.0,0.0,0.0,0.0,0.0,0.04099821671843529,0.029510734602808952,0.0004180414655365894,7.3307600021362305,261,nan,-1.0,True,,False,0.07780987024307251,0.07780987024307251,40.0,40.0,1.0,0.0,0.0,0.0,0.0,0.0
656,12.71250057220459,-0.0,0.10391351580619812,-0.0,1.2504674196243286,0.0021491290535777807,2.9116857051849365,1.0350725650787354,0.6636519432067871,0.6411646541479966,1354.8212473967924,0.0021491290535777807,2.9116857051849365,1.0350725650787354,0.6636519432067871,0.6411646541479966,1354.8212473967924,0.02950366400182247,121,bafa3ced081074c6,-0.0,0.0,0.0,0.0,nan,nan,nan,nan,nan,nan,nan,nan,nan,nan,nan,nan,0.0,0.0,0.0,nan,nan,0.20000000298023224,0.20000000298023224,0.09623011893248001,0.0,0.0,0.0,0.0,0.0,0.0,0.0,0.0,0.0,0.0,0.0,0.0,0.041057802736759186,0.02950366400182247,0.00041479563765278726,7.3307600021362305,261,nan,-1.0,True,,False,0.07780987024307251,0.07780987024307251,40.0,40.0,1.0,0.0,0.0,0.0,0.0,0.0
657,14.460698127746582,-0.0,0.10406991839408875,-0.0,1.4252558946609497,0.0007677469402551651,2.910733461380005,1.0351231098175049,0.6634926199913025,0.6409794291118456,3791.26676872539,0.0007677469402551651,2.910733461380005,1.0351231098175049,0.6634926199913025,0.6409794291118456,3791.26676872539,0.029497602954506874,121,bafa3ced081074c6,-0.0,0.0,0.0,0.0,nan,nan,nan,nan,nan,nan,nan,nan,nan,nan,nan,nan,0.0,0.0,0.0,nan,nan,0.20000000298023224,0.20000000298023224,0.09621916914304002,0.0,0.0,0.0,0.0,0.0,0.0,0.0,0.0,0.0,0.0,0.0,0.0,0.04111738130450249,0.029497602954506874,0.0004095232450254116,7.3307600021362305,261,nan,-1.0,True,,False,0.07780987024307251,0.07780987024307251,40.0,40.0,1.0,0.0,0.0,0.0,0.0,0.0
658,17.352909088134766,-0.0,0.10425861179828644,-0.0,1.7144392728805542,0.0001814154675230384,2.909113645553589,1.035159707069397,0.6634617447853088,0.6409269412771207,16035.642854896887,0.0001814154675230384,2.909113645553589,1.035159707069397,0.6634617447853088,0.6409269412771207,16035.642854896887,0.02948951907455921,121,bafa3ced081074c6,-0.0,0.0,0.0,0.0,nan,nan,nan,nan,nan,nan,nan,nan,nan,nan,nan,nan,0.0,0.0,0.0,nan,nan,0.20000000298023224,0.20000000298023224,0.09620820519936,0.0,0.0,0.0,0.0,0.0,0.0,0.0,0.0,0.0,0.0,0.0,0.0,0.04117696359753609,0.02948951907455921,0.00040832151830727526,7.3307600021362305,261,nan,-1.0,True,,False,0.07780987024307251,0.07780987024307251,40.0,40.0,1.0,0.0,0.0,0.0,0.0,0.0
659,12.580717086791992,-0.0,0.10440775007009506,-0.0,1.2371901273727417,0.0026567387394607067,2.908154010772705,1.0351892709732056,0.663426399230957,0.6408744930357078,1094.633042977735,0.0026567387394607067,2.908154010772705,1.0351892709732056,0.663426399230957,0.6408744930357078,1094.633042977735,0.029483960941433907,121,a473a61febc6abae,-0.0,0.0,0.0,0.0,nan,nan,nan,nan,nan,nan,nan,nan,nan,nan,nan,nan,0.0,0.0,0.0,nan,nan,0.20000000298023224,0.20000000298023224,0.09619722710912,0.0,0.0,0.0,0.0,0.0,0.0,0.0,0.0,0.0,0.0,0.0,0.0,0.04123653098940849,0.029483960941433907,0.0004138178510402213,7.3307600021362305,261,nan,-1.0,True,,False,0.07780987024307251,0.07780987024307251,40.0,40.0,1.0,0.0,0.0,0.0,0.0,0.0
660,12.04428482055664,-0.0,0.10459098219871521,-0.0,1.1835103034973145,0.0037103109061717987,2.90659499168396,1.0352610349655151,0.6632992625236511,0.6407072613775576,783.3831355882002,0.0037103109061717987,2.90659499168396,1.0352610349655151,0.6632992625236511,0.6407072613775576,783.3831355882002,0.029476378113031387,121,a473a61febc6abae,-0.0,0.0,0.0,0.0,nan,nan,nan,nan,nan,nan,nan,nan,nan,nan,nan,nan,0.0,0.0,0.0,nan,nan,0.20000000298023224,0.20000000298023224,0.09618623488,0.0,0.0,0.0,0.0,0.0,0.0,0.0,0.0,0.0,0.0,0.0,0.0,0.04129607602953911,0.029476378113031387,0.0004149855842570105,7.3307600021362305,261,nan,-1.0,True,,False,0.07780987024307251,0.07780987024307251,40.0,40.0,1.0,0.0,0.0,0.0,0.0,0.0
661,11.687010765075684,-0.0,0.104769267141819,-0.0,1.147747278213501,0.005103271454572678,2.9053940773010254,1.0353138446807861,0.6632776260375977,0.6406536814371522,569.3199162857992,0.005103271454572678,2.9053940773010254,1.0353138446807861,0.6632776260375977,0.6406536814371522,569.3199162857992,0.02946930006146431,121,a473a61febc6abae,-0.0,0.0,0.0,0.0,nan,nan,nan,nan,nan,nan,nan,nan,nan,nan,nan,nan,0.0,0.0,0.0,nan,nan,0.20000000298023224,0.20000000298023224,0.09617522851968001,0.0,0.0,0.0,0.0,0.0,0.0,0.0,0.0,0.0,0.0,0.0,0.0,0.04135562479496002,0.02946930006146431,0.0004154687378559174,7.3307600021362305,261,nan,-1.0,True,,False,0.07780987024307251,0.07780987024307251,40.0,40.0,1.0,0.0,0.0,0.0,0.0,0.0
662,11.613920211791992,-0.0,0.10495145618915558,-0.0,1.1404017210006714,0.006524042692035437,2.9043965339660645,1.0353410243988037,0.6631946563720703,0.6405567255071059,445.1835573534424,0.006524042692035437,2.9043965339660645,1.0353410243988037,0.6631946563720703,0.6405567255071059,445.1835573534424,0.02946171537041664,121,a473a61febc6abae,-0.0,0.0,0.0,0.0,nan,nan,nan,nan,nan,nan,nan,nan,nan,nan,nan,nan,0.0,0.0,0.0,nan,nan,0.20000000298023224,0.20000000298023224,0.09616420803584001,0.0,0.0,0.0,0.0,0.0,0.0,0.0,0.0,0.0,0.0,0.0,0.0,0.04141515493392944,0.02946171537041664,0.0004127588740061583,7.3307600021362305,261,nan,-1.0,True,,False,0.07780987024307251,0.07780987024307251,40.0,40.0,1.0,0.0,0.0,0.0,0.0,0.0
663,11.202474594116211,-0.0,0.1051119938492775,-0.0,1.0992250442504883,0.010015715844929218,2.902822494506836,1.0353550910949707,0.6630669832229614,0.6404247092866614,289.8267622055676,0.010015715844929218,2.902822494506836,1.0353550910949707,0.6630669832229614,0.6404247092866614,289.8267622055676,0.02945614978671074,121,a473a61febc6abae,-0.0,0.0,0.0,0.0,nan,nan,nan,nan,nan,nan,nan,nan,nan,nan,nan,nan,0.0,0.0,0.0,nan,nan,0.20000000298023224,0.20000000298023224,0.09615317343616,0.0,0.0,0.0,0.0,0.0,0.0,0.0,0.0,0.0,0.0,0.0,0.0,0.041474681347608566,0.02945614978671074,0.0004078650986230059,7.3307600021362305,261,nan,-1.0,True,,False,0.07780987024307251,0.07780987024307251,40.0,40.0,1.0,0.0,0.0,0.0,0.0,0.0
664,11.128605842590332,-0.0,0.10530118644237518,-0.0,1.091800332069397,0.009016269817948341,2.9018917083740234,1.035408616065979,0.6630184650421143,0.6403447438570136,321.8505842180254,0.009016269817948341,2.9018917083740234,1.035408616065979,0.6630184650421143,0.6403447438570136,321.8505842180254,0.02944805473089218,121,a473a61febc6abae,-0.0,0.0,0.0,0.0,nan,nan,nan,nan,nan,nan,nan,nan,nan,nan,nan,nan,0.0,0.0,0.0,nan,nan,0.20000000298023224,0.20000000298023224,0.09614212472832001,0.0,0.0,0.0,0.0,0.0,0.0,0.0,0.0,0.0,0.0,0.0,0.0,0.0415341891348362,0.02944805473089218,0.0004018943650407891,7.3307600021362305,261,nan,-1.0,True,,False,0.07780987024307251,0.07780987024307251,40.0,40.0,1.0,0.0,0.0,0.0,0.0,0.0
665,10.901032447814941,-0.0,0.10547301918268204,-0.0,1.0690085887908936,0.009870192036032677,2.9005112648010254,1.0354493856430054,0.6628832221031189,0.6401889182555012,293.8657377903344,0.009870192036032677,2.9005112648010254,1.0354493856430054,0.6628832221031189,0.6401889182555012,293.8657377903344,0.02944198250770569,121,a473a61febc6abae,-0.0,0.0,0.0,0.0,nan,nan,nan,nan,nan,nan,nan,nan,nan,nan,nan,nan,0.0,0.0,0.0,nan,nan,0.20000000298023224,0.20000000298023224,0.09613106192000001,0.0,0.0,0.0,0.0,0.0,0.0,0.0,0.0,0.0,0.0,0.0,0.0,0.041593682020902634,0.02944198250770569,0.00040091407277031976,7.3307600021362305,261,nan,-1.0,True,,False,0.07780987024307251,0.07780987024307251,40.0,40.0,1.0,0.0,0.0,0.0,0.0,0.0
666,11.189661979675293,-0.0,0.1056525781750679,-0.0,1.097835659980774,0.007072826847434044,2.899251937866211,1.035509705543518,0.662874698638916,0.6401433951707739,409.91416874824705,0.007072826847434044,2.899251937866211,1.035509705543518,0.662874698638916,0.6401433951707739,409.91416874824705,0.029434897005558014,121,a473a61febc6abae,-0.0,0.0,0.0,0.0,nan,nan,nan,nan,nan,nan,nan,nan,nan,nan,nan,nan,0.0,0.0,0.0,nan,nan,0.20000000298023224,0.20000000298023224,0.09611998501888001,0.0,0.0,0.0,0.0,0.0,0.0,0.0,0.0,0.0,0.0,0.0,0.0,0.041653167456388474,0.029434897005558014,0.0003899573355283792,7.3307600021362305,261,nan,-1.0,True,,False,0.07780987024307251,0.07780987024307251,40.0,40.0,1.0,0.0,0.0,0.0,0.0,0.0
667,11.296440124511719,-0.0,0.10583387315273285,-0.0,1.108477234840393,0.006151658482849598,2.898106813430786,1.035541296005249,0.6627792716026306,0.6400317149681987,471.1098350973984,0.006151658482849598,2.898106813430786,1.035541296005249,0.6627792716026306,0.6400317149681987,471.1098350973984,0.02942831441760063,121,a473a61febc6abae,-0.0,0.0,0.0,0.0,nan,nan,nan,nan,nan,nan,nan,nan,nan,nan,nan,nan,0.0,0.0,0.0,nan,nan,0.20000000298023224,0.20000000298023224,0.09610889403264,0.0,0.0,0.0,0.0,0.0,0.0,0.0,0.0,0.0,0.0,0.0,0.0,0.04171264171600342,0.02942831441760063,0.00038561126802960644,7.3307600021362305,261,nan,-1.0,True,,False,0.07780987024307251,0.07780987024307251,40.0,40.0,1.0,0.0,0.0,0.0,0.0,0.0
668,11.411246299743652,-0.0,0.1060267835855484,-0.0,1.1199193000793457,0.005232740193605423,2.8965988159179688,1.0355987548828125,0.6626829504966736,0.6399031935603884,553.552958631064,0.005232740193605423,2.8965988159179688,1.0355987548828125,0.6626829504966736,0.6399031935603884,553.552958631064,0.029420718550682068,121,a473a61febc6abae,-0.0,0.0,0.0,0.0,nan,nan,nan,nan,nan,nan,nan,nan,nan,nan,nan,nan,0.0,0.0,0.0,nan,nan,0.20000000298023224,0.20000000298023224,0.09609778896896,0.0,0.0,0.0,0.0,0.0,0.0,0.0,0.0,0.0,0.0,0.0,0.0,0.04177210479974747,0.029420718550682068,0.00038135779573167383,7.3307600021362305,261,nan,-1.0,True,,False,0.07780987024307251,0.07780987024307251,40.0,40.0,1.0,0.0,0.0,0.0,0.0,0.0
669,11.27081298828125,-0.0,0.10619878768920898,-0.0,1.1058415174484253,0.006039501167833805,2.895444393157959,1.0356253385543823,0.6625477075576782,0.6397561771542989,479.4178049967116,0.006039501167833805,2.895444393157959,1.0356253385543823,0.6625477075576782,0.6397561771542989,479.4178049967116,0.029414638876914978,121,a473a61febc6abae,-0.0,0.0,0.0,0.0,nan,nan,nan,nan,nan,nan,nan,nan,nan,nan,nan,nan,0.0,0.0,0.0,nan,nan,0.20000000298023224,0.20000000298023224,0.09608666983552,0.0,0.0,0.0,0.0,0.0,0.0,0.0,0.0,0.0,0.0,0.0,0.0,0.04183156043291092,0.029414638876914978,0.0003839419352971163,7.3307600021362305,261,nan,-1.0,True,,False,0.07780987024307251,0.07780987024307251,40.0,40.0,1.0,0.0,0.0,0.0,0.0,0.0
670,11.927279472351074,-0.0,0.10637693107128143,-0.0,1.171452522277832,0.003452241886407137,2.8940320014953613,1.0356714725494385,0.6625207662582397,0.6397016658452122,838.3051062818998,0.003452241886407137,2.8940320014953613,1.0356714725494385,0.6625207662582397,0.6397016658452122,838.3051062818998,0.029408559203147888,121,a473a61febc6abae,-0.0,0.0,0.0,0.0,nan,nan,nan,nan,nan,nan,nan,nan,nan,nan,nan,nan,0.0,0.0,0.0,nan,nan,0.20000000298023224,0.20000000298023224,0.09607553664000001,0.0,0.0,0.0,0.0,0.0,0.0,0.0,0.0,0.0,0.0,0.0,0.0,0.04189099743962288,0.029408559203147888,0.00037676064926017716,7.3307600021362305,261,nan,-1.0,True,,False,0.07780987024307251,0.07780987024307251,40.0,40.0,1.0,0.0,0.0,0.0,0.0,0.0
671,12.288037300109863,-0.0,0.10655822604894638,-0.0,1.2074921131134033,0.002551616868004203,2.8929226398468018,1.0357298851013184,0.6625126600265503,0.6396577616969518,1133.760587697305,0.002551616868004203,2.8929226398468018,1.0357298851013184,0.6625126600265503,0.6396577616969518,1133.760587697305,0.029401972889900208,121,a473a61febc6abae,-0.0,0.0,0.0,0.0,nan,nan,nan,nan,nan,nan,nan,nan,nan,nan,nan,nan,0.0,0.0,0.0,nan,nan,0.20000000298023224,0.20000000298023224,0.09606438939008,0.0,0.0,0.0,0.0,0.0,0.0,0.0,0.0,0.0,0.0,0.0,0.0,0.04195043444633484,0.029401972889900208,0.0003749937284283078,7.3307600021362305,261,nan,-1.0,True,,False,0.07780987024307251,0.07780987024307251,40.0,40.0,1.0,0.0,0.0,0.0,0.0,0.0
672,12.72118091583252,-0.0,0.10674350708723068,-0.0,1.2507693767547607,0.0017297770828008652,2.891819953918457,1.035753846168518,0.6623497009277344,0.6394856300827769,1671.787644010178,0.0017297770828008652,2.891819953918457,1.035753846168518,0.6623497009277344,0.6394856300827769,1671.787644010178,0.02939538285136223,121,a473a61febc6abae,-0.0,0.0,0.0,0.0,nan,nan,nan,nan,nan,nan,nan,nan,nan,nan,nan,nan,0.0,0.0,0.0,nan,nan,0.20000000298023224,0.20000000298023224,0.09605322809344001,0.0,0.0,0.0,0.0,0.0,0.0,0.0,0.0,0.0,0.0,0.0,0.0,0.042009856551885605,0.02939538285136223,0.00037390810769011296,7.3307600021362305,261,nan,-1.0,True,,False,0.07780987024307251,0.07780987024307251,40.0,40.0,1.0,0.0,0.0,0.0,0.0,0.0
673,12.491937637329102,-0.0,0.10695041716098785,-0.0,1.2278037071228027,0.0020270412787795067,2.89041805267334,1.0358840227127075,0.6623404622077942,0.6393963490944661,1425.9295471346677,0.0020270412787795067,2.89041805267334,1.0358840227127075,0.6623404622077942,0.6393963490944661,1425.9295471346677,0.029387271031737328,121,f7c0e26a90e469ad,-0.0,0.0,0.0,0.0,nan,nan,nan,nan,nan,nan,nan,nan,nan,nan,nan,nan,0.0,0.0,0.0,nan,nan,0.20000000298023224,0.20000000298023224,0.09604205275776001,0.0,0.0,0.0,0.0,0.0,0.0,0.0,0.0,0.0,0.0,0.0,0.0,0.04206926375627518,0.029387271031737328,0.00037360204044034617,7.3307600021362305,261,nan,-1.0,True,,False,0.07780987024307251,0.07780987024307251,40.0,40.0,1.0,0.0,0.0,0.0,0.0,0.0
674,11.550886154174805,-0.0,0.10712415724992752,-0.0,1.1336637735366821,0.0035366294905543327,2.88936448097229,1.0359832048416138,0.66230309009552,0.6392990610275155,816.9825221129992,0.0035366294905543327,2.88936448097229,1.0359832048416138,0.66230309009552,0.6392990610275155,816.9825221129992,0.02938219904899597,121,f7c0e26a90e469ad,-0.0,0.0,0.0,0.0,nan,nan,nan,nan,nan,nan,nan,nan,nan,nan,nan,nan,0.0,0.0,0.0,nan,nan,0.20000000298023224,0.20000000298023224,0.09603086339072,0.0,0.0,0.0,0.0,0.0,0.0,0.0,0.0,0.0,0.0,0.0,0.0,0.04212866351008415,0.02938219904899597,0.0003737169324722345,7.3307600021362305,261,nan,-1.0,True,,False,0.07780987024307251,0.07780987024307251,40.0,40.0,1.0,0.0,0.0,0.0,0.0,0.0
675,15.568488121032715,-0.0,0.10731803625822067,-0.0,1.535385251045227,0.00033485351013951004,2.8880581855773926,1.0358905792236328,0.6621708869934082,0.6392286022039937,8624.840708326876,0.00033485351013951004,2.8880581855773926,1.0358905792236328,0.6621708869934082,0.6392286022039937,8624.840708326876,0.029375098645687103,121,f7c0e26a90e469ad,-0.0,0.0,0.0,0.0,nan,nan,nan,nan,nan,nan,nan,nan,nan,nan,nan,nan,0.0,0.0,0.0,nan,nan,0.20000000298023224,0.20000000298023224,0.09601966,0.0,0.0,0.0,0.0,0.0,0.0,0.0,0.0,0.0,0.0,0.0,0.0,0.042188044637441635,0.029375098645687103,0.0003727807069253686,7.3307600021362305,261,nan,-1.0,True,,False,0.07780987024307251,0.07780987024307251,40.0,40.0,1.0,0.0,0.0,0.0,0.0,0.0
676,12.741379737854004,-0.0,0.10751867294311523,-0.0,1.2526342868804932,0.001491831848397851,2.886645555496216,1.0358909368515015,0.6619186401367188,0.6389848743619301,1934.9671067797094,0.001491831848397851,2.886645555496216,1.0358909368515015,0.6619186401367188,0.6389848743619301,1934.9671067797094,0.029367996379733086,121,f7c0e26a90e469ad,-0.0,0.0,0.0,0.0,nan,nan,nan,nan,nan,nan,nan,nan,nan,nan,nan,nan,0.0,0.0,0.0,nan,nan,0.20000000298023224,0.20000000298023224,0.09600844259328002,0.0,0.0,0.0,0.0,0.0,0.0,0.0,0.0,0.0,0.0,0.0,0.0,0.04224742576479912,0.029367996379733086,0.00037373861846390355,7.3307600021362305,261,nan,-1.0,True,,False,0.07780987024307251,0.07780987024307251,40.0,40.0,1.0,0.0,0.0,0.0,0.0,0.0
677,15.694745063781738,-0.0,0.10771036148071289,-0.0,1.5479323863983154,0.0002895499928854406,2.885308265686035,1.0359834432601929,0.6619828343391418,0.6389897817825273,9964.801715010219,0.0002895499928854406,2.885308265686035,1.0359834432601929,0.6619828343391418,0.6389897817825273,9964.801715010219,0.02936139889061451,121,f7c0e26a90e469ad,-0.0,0.0,0.0,0.0,nan,nan,nan,nan,nan,nan,nan,nan,nan,nan,nan,nan,0.0,0.0,0.0,nan,nan,0.20000000298023224,0.20000000298023224,0.09599721117824,0.0,0.0,0.0,0.0,0.0,0.0,0.0,0.0,0.0,0.0,0.0,0.0,0.042306795716285706,0.02936139889061451,0.0003727587683215461,7.3307600021362305,261,nan,-1.0,True,,False,0.07780987024307251,0.07780987024307251,40.0,40.0,1.0,0.0,0.0,0.0,0.0,0.0
678,13.286385536193848,-0.0,0.10789260268211365,-0.0,1.3070600032806396,0.001061529852449894,2.884056568145752,1.0359985828399658,0.6618149876594543,0.6388184295052141,2716.886917018553,0.001061529852449894,2.884056568145752,1.0359985828399658,0.6618149876594543,0.6388184295052141,2716.886917018553,0.029355816543102264,121,f7c0e26a90e469ad,-0.0,0.0,0.0,0.0,nan,nan,nan,nan,nan,nan,nan,nan,nan,nan,nan,nan,0.0,0.0,0.0,nan,nan,0.20000000298023224,0.20000000298023224,0.09598596576256001,0.0,0.0,0.0,0.0,0.0,0.0,0.0,0.0,0.0,0.0,0.0,0.0,0.0423661544919014,0.029355816543102264,0.0003734878316663526,7.3307600021362305,261,nan,-1.0,True,,False,0.07780987024307251,0.07780987024307251,40.0,40.0,1.0,0.0,0.0,0.0,0.0,0.0
679,10.888466835021973,-0.0,0.10809899866580963,-0.0,1.0672268867492676,0.00490438612177968,2.8830440044403076,1.0359997749328613,0.6615359783172607,0.6385483803412332,587.8501269786079,0.00490438612177968,2.8830440044403076,1.0359997749328613,0.6615359783172607,0.6385483803412332,587.8501269786079,0.0293487086892128,121,f7c0e26a90e469ad,-0.0,0.0,0.0,0.0,nan,nan,nan,nan,nan,nan,nan,nan,nan,nan,nan,nan,0.0,0.0,0.0,nan,nan,0.20000000298023224,0.20000000298023224,0.09597470635392001,0.0,0.0,0.0,0.0,0.0,0.0,0.0,0.0,0.0,0.0,0.0,0.0,0.042425502091646194,0.0293487086892128,0.00037694456182180147,7.3307600021362305,261,nan,-1.0,True,,False,0.07780987024307251,0.07780987024307251,40.0,40.0,1.0,0.0,0.0,0.0,0.0,0.0
680,11.443375587463379,-0.0,0.10829915851354599,-0.0,1.1226776838302612,0.0033530083019286394,2.881499767303467,1.0360934734344482,0.6616106033325195,0.6385626589649379,859.3774628133302,0.0033530083019286394,2.881499767303467,1.0360934734344482,0.6616106033325195,0.6385626589649379,859.3774628133302,0.029342107474803925,121,f7c0e26a90e469ad,-0.0,0.0,0.0,0.0,nan,nan,nan,nan,nan,nan,nan,nan,nan,nan,nan,nan,0.0,0.0,0.0,nan,nan,0.20000000298023224,0.20000000298023224,0.09596343296,0.0,0.0,0.0,0.0,0.0,0.0,0.0,0.0,0.0,0.0,0.0,0.0,0.04248484969139099,0.029342107474803925,0.00037562585248451796,7.3307600021362305,261,nan,-1.0,True,,False,0.07780987024307251,0.07780987024307251,40.0,40.0,1.0,0.0,0.0,0.0,0.0,0.0
681,10.966423034667969,-0.0,0.10849021375179291,-0.0,1.074944257736206,0.0045504383742809296,2.880594253540039,1.0360966920852661,0.661449134349823,0.6384048317137072,633.036647594472,0.0045504383742809296,2.880594253540039,1.0360966920852661,0.661449134349823,0.6384048317137072,633.036647594472,0.02933601289987564,121,f7c0e26a90e469ad,-0.0,0.0,0.0,0.0,nan,nan,nan,nan,nan,nan,nan,nan,nan,nan,nan,nan,0.0,0.0,0.0,nan,nan,0.20000000298023224,0.20000000298023224,0.09595214558848,0.0,0.0,0.0,0.0,0.0,0.0,0.0,0.0,0.0,0.0,0.0,0.0,0.04254418611526489,0.02933601289987564,0.0003768051137740258,7.3307600021362305,261,nan,-1.0,True,,False,0.07780987024307251,0.07780987024307251,40.0,40.0,1.0,0.0,0.0,0.0,0.0,0.0
682,10.170105934143066,-0.0,0.10869728028774261,-0.0,0.9952710866928101,0.008450896479189396,2.8792917728424072,1.0361452102661133,0.6612627506256104,0.6381950561309627,340.70844198988306,0.008450896479189396,2.8792917728424072,1.0361452102661133,0.6612627506256104,0.6381950561309627,340.70844198988306,0.029329409822821617,121,f7c0e26a90e469ad,-0.0,0.0,0.0,0.0,nan,nan,nan,nan,nan,nan,nan,nan,nan,nan,nan,nan,0.0,0.0,0.0,nan,nan,0.20000000298023224,0.20000000298023224,0.09594084424704001,0.0,0.0,0.0,0.0,0.0,0.0,0.0,0.0,0.0,0.0,0.0,0.0,0.0426035150885582,0.029329409822821617,0.0003812492850556737,7.3307600021362305,261,nan,-1.0,True,,False,0.07780987024307251,0.07780987024307251,40.0,40.0,1.0,0.0,0.0,0.0,0.0,0.0
683,9.980480194091797,-0.0,0.10890081524848938,-0.0,0.9762678146362305,0.009645292535424232,2.8777453899383545,1.03615140914917,0.661058783531189,0.6379943873975077,298.3575023120625,0.009645292535424232,2.8777453899383545,1.03615140914917,0.661058783531189,0.6379943873975077,298.3575023120625,0.029322803020477295,121,f7c0e26a90e469ad,-0.0,0.0,0.0,0.0,nan,nan,nan,nan,nan,nan,nan,nan,nan,nan,nan,nan,0.0,0.0,0.0,nan,nan,0.20000000298023224,0.20000000298023224,0.09592952894336,0.0,0.0,0.0,0.0,0.0,0.0,0.0,0.0,0.0,0.0,0.0,0.0,0.0426628403365612,0.029322803020477295,0.0003822905880497274,7.3307600021362305,261,nan,-1.0,True,,False,0.07780987024307251,0.07780987024307251,40.0,40.0,1.0,0.0,0.0,0.0,0.0,0.0
684,10.095113754272461,-0.0,0.10910636931657791,-0.0,0.9876900315284729,0.008122675120830536,2.8767945766448975,1.0361961126327515,0.6610215306282043,0.6379309115035096,354.16836619100775,0.008122675120830536,2.8767945766448975,1.0361961126327515,0.6610215306282043,0.6379309115035096,354.16836619100775,0.029316196218132973,121,f7c0e26a90e469ad,-0.0,0.0,0.0,0.0,nan,nan,nan,nan,nan,nan,nan,nan,nan,nan,nan,nan,0.0,0.0,0.0,nan,nan,0.20000000298023224,0.20000000298023224,0.09591819968512001,0.0,0.0,0.0,0.0,0.0,0.0,0.0,0.0,0.0,0.0,0.0,0.0,0.04272216185927391,0.029316196218132973,0.0003802556227583409,7.3307600021362305,261,nan,-1.0,True,,False,0.07780987024307251,0.07780987024307251,40.0,40.0,1.0,0.0,0.0,0.0,0.0,0.0
685,9.666773796081543,-0.0,0.10932759940624237,-0.0,0.9448118209838867,0.012086126953363419,2.875392436981201,1.0362322330474854,0.6608273386955261,0.6377212729158983,237.90850849709264,0.012086126953363419,2.875392436981201,1.0362322330474854,0.6608273386955261,0.6377212729158983,237.90850849709264,0.02930857054889202,121,f7c0e26a90e469ad,-0.0,0.0,0.0,0.0,nan,nan,nan,nan,nan,nan,nan,nan,nan,nan,nan,nan,0.0,0.0,0.0,nan,nan,0.20000000298023224,0.20000000298023224,0.09590685648000001,0.0,0.0,0.0,0.0,0.0,0.0,0.0,0.0,0.0,0.0,0.0,0.0,0.042781468480825424,0.02930857054889202,0.0003850819132367178,7.3307600021362305,261,nan,-1.0,True,,False,0.07780987024307251,0.07780987024307251,40.0,40.0,1.0,0.0,0.0,0.0,0.0,0.0
686,9.518892288208008,-0.0,0.10951659828424454,-0.0,0.9299858808517456,0.013368906453251839,2.87414288520813,1.0362632274627686,0.6606833338737488,0.6375632333218986,214.98713415778494,0.013368906453251839,2.87414288520813,1.0362632274627686,0.6606833338737488,0.6375632333218986,214.98713415778494,0.02930399402976036,121,f7c0e26a90e469ad,-0.0,0.0,0.0,0.0,nan,nan,nan,nan,nan,nan,nan,nan,nan,nan,nan,nan,0.0,0.0,0.0,nan,nan,0.20000000298023224,0.20000000298023224,0.09589549933568,0.0,0.0,0.0,0.0,0.0,0.0,0.0,0.0,0.0,0.0,0.0,0.0,0.04284076765179634,0.02930399402976036,0.0003867582258862967,7.3307600021362305,261,nan,-1.0,True,,False,0.07780987024307251,0.07780987024307251,40.0,40.0,1.0,0.0,0.0,0.0,0.0,0.0
687,9.40540599822998,-0.0,0.1097475215792656,-0.0,0.9185910820960999,0.014637523330748081,2.8729047775268555,1.0362865924835205,0.6604995727539062,0.6373715317217228,196.26986837943642,0.014637523330748081,2.8729047775268555,1.0362865924835205,0.6604995727539062,0.6373715317217228,196.26986837943642,0.02929585799574852,121,f7c0e26a90e469ad,-0.0,0.0,0.0,0.0,nan,nan,nan,nan,nan,nan,nan,nan,nan,nan,nan,nan,0.0,0.0,0.0,nan,nan,0.20000000298023224,0.20000000298023224,0.09588412825984001,0.0,0.0,0.0,0.0,0.0,0.0,0.0,0.0,0.0,0.0,0.0,0.0,0.04290006682276726,0.02929585799574852,0.0003883797683101875,7.3307600021362305,261,nan,-1.0,True,,False,0.07780987024307251,0.07780987024307251,40.0,40.0,1.0,0.0,0.0,0.0,0.0,0.0
688,9.448494911193848,-0.0,0.10995374619960785,-0.0,0.922858715057373,0.013224519789218903,2.871821165084839,1.0363377332687378,0.6605002880096436,0.6373407691393651,217.15882397681082,0.013224519789218903,2.871821165084839,1.0363377332687378,0.6605002880096436,0.6373407691393651,217.15882397681082,0.02928975410759449,121,f7c0e26a90e469ad,-0.0,0.0,0.0,0.0,nan,nan,nan,nan,nan,nan,nan,nan,nan,nan,nan,nan,0.0,0.0,0.0,nan,nan,0.20000000298023224,0.20000000298023224,0.09587274326016,0.0,0.0,0.0,0.0,0.0,0.0,0.0,0.0,0.0,0.0,0.0,0.0,0.042959365993738174,0.02928975410759449,0.0003863592783091008,7.3307600021362305,261,nan,-1.0,True,,False,0.07780987024307251,0.07780987024307251,40.0,40.0,1.0,0.0,0.0,0.0,0.0,0.0
689,9.328788757324219,-0.0,0.11016864329576492,-0.0,0.910845160484314,0.014485887251794338,2.870577573776245,1.0363514423370361,0.6603060960769653,0.6371449578802482,198.1637385325274,0.014485887251794338,2.870577573776245,1.0363514423370361,0.6603060960769653,0.6371449578802482,198.1637385325274,0.02928364835679531,121,f7c0e26a90e469ad,-0.0,0.0,0.0,0.0,nan,nan,nan,nan,nan,nan,nan,nan,nan,nan,nan,nan,0.0,0.0,0.0,nan,nan,0.20000000298023224,0.20000000298023224,0.09586134434432,0.0,0.0,0.0,0.0,0.0,0.0,0.0,0.0,0.0,0.0,0.0,0.0,0.0430186465382576,0.02928364835679531,0.00038781550961175526,7.3307600021362305,261,nan,-1.0,True,,False,0.07780987024307251,0.07780987024307251,40.0,40.0,1.0,0.0,0.0,0.0,0.0,0.0
690,9.059428215026855,-0.0,0.1103932335972786,-0.0,0.8838642239570618,0.018598953261971474,2.869338035583496,1.036393404006958,0.6600975394248962,0.6369179279536061,154.274167753855,0.018598953261971474,2.869338035583496,1.036393404006958,0.6600975394248962,0.6369179279536061,154.274167753855,0.029276523739099503,121,f7c0e26a90e469ad,-0.0,0.0,0.0,0.0,nan,nan,nan,nan,nan,nan,nan,nan,nan,nan,nan,nan,0.0,0.0,0.0,nan,nan,0.20000000298023224,0.20000000298023224,0.09584993152,0.0,0.0,0.0,0.0,0.0,0.0,0.0,0.0,0.0,0.0,0.0,0.0,0.04307792708277702,0.029276523739099503,0.0003926917599983426,7.3307600021362305,261,nan,-1.0,True,,False,0.07780987024307251,0.07780987024307251,40.0,40.0,1.0,0.0,0.0,0.0,0.0,0.0
691,9.014671325683594,-0.0,0.11060674488544464,-0.0,0.8793457746505737,0.01993449032306671,2.867809534072876,1.0364186763763428,0.6599663496017456,0.6367758171911788,143.86169335638644,0.01993449032306671,2.867809534072876,1.0364186763763428,0.6599663496017456,0.6367758171911788,143.86169335638644,0.029270414263010025,121,f7c0e26a90e469ad,-0.0,0.0,0.0,0.0,nan,nan,nan,nan,nan,nan,nan,nan,nan,nan,nan,nan,0.0,0.0,0.0,nan,nan,0.20000000298023224,0.20000000298023224,0.09583850479488001,0.0,0.0,0.0,0.0,0.0,0.0,0.0,0.0,0.0,0.0,0.0,0.0,0.04313720017671585,0.029270414263010025,0.00039522663178104267,7.3307600021362305,261,nan,-1.0,True,,False,0.07780987024307251,0.07780987024307251,40.0,40.0,1.0,0.0,0.0,0.0,0.0,0.0
692,8.88756275177002,-0.0,0.11083293706178665,-0.0,0.8665896058082581,0.021316373720765114,2.8669071197509766,1.0364476442337036,0.659828245639801,0.6366247724241241,134.493190882566,0.021316373720765114,2.8669071197509766,1.0364476442337036,0.659828245639801,0.6366247724241241,134.493190882566,0.029263285920023918,121,f7c0e26a90e469ad,-0.0,0.0,0.0,0.0,nan,nan,nan,nan,nan,nan,nan,nan,nan,nan,nan,nan,0.0,0.0,0.0,nan,nan,0.20000000298023224,0.20000000298023224,0.09582706417664,0.0,0.0,0.0,0.0,0.0,0.0,0.0,0.0,0.0,0.0,0.0,0.0,0.04319646209478378,0.029263285920023918,0.00039651016300013,7.3307600021362305,261,nan,-1.0,True,,False,0.07780987024307251,0.07780987024307251,40.0,40.0,1.0,0.0,0.0,0.0,0.0,0.0
693,8.813661575317383,-0.0,0.1110585555434227,-0.0,0.8591544032096863,0.022768083959817886,2.865628242492676,1.0364947319030762,0.6596967577934265,0.6364689925458449,125.86163366008586,0.022768083959817886,2.865628242492676,1.0364947319030762,0.6596967577934265,0.6364689925458449,125.86163366008586,0.02925717458128929,121,f7c0e26a90e469ad,-0.0,0.0,0.0,0.0,nan,nan,nan,nan,nan,nan,nan,nan,nan,nan,nan,nan,0.0,0.0,0.0,nan,nan,0.20000000298023224,0.20000000298023224,0.09581560967296,0.0,0.0,0.0,0.0,0.0,0.0,0.0,0.0,0.0,0.0,0.0,0.0,0.043255727738142014,0.02925717458128929,0.0003987894895089994,7.3307600021362305,261,nan,-1.0,True,,False,0.07780987024307251,0.07780987024307251,40.0,40.0,1.0,0.0,0.0,0.0,0.0,0.0
694,8.884978294372559,-0.0,0.11129709333181381,-0.0,0.8662383556365967,0.02150820940732956,2.864217519760132,1.0365760326385498,0.6597900986671448,0.6365091203080239,133.168571382054,0.02150820940732956,2.864217519760132,1.0365760326385498,0.6597900986671448,0.6365091203080239,133.168571382054,0.029250044375658035,121,f7c0e26a90e469ad,-0.0,0.0,0.0,0.0,nan,nan,nan,nan,nan,nan,nan,nan,nan,nan,nan,nan,0.0,0.0,0.0,nan,nan,0.20000000298023224,0.20000000298023224,0.09580414129152001,0.0,0.0,0.0,0.0,0.0,0.0,0.0,0.0,0.0,0.0,0.0,0.0,0.04331497848033905,0.029250044375658035,0.00039855053751125524,7.3307600021362305,261,nan,-1.0,True,,False,0.07780987024307251,0.07780987024307251,40.0,40.0,1.0,0.0,0.0,0.0,0.0,0.0
695,8.703046798706055,-0.0,0.11153941601514816,-0.0,0.8479968309402466,0.025718718767166138,2.862853527069092,1.036588191986084,0.6594995856285095,0.63622139507968,111.3140025748079,0.025718718767166138,2.862853527069092,1.036588191986084,0.6594995856285095,0.63622139507968,111.3140025748079,0.02924240194261074,121,f7c0e26a90e469ad,-0.0,0.0,0.0,0.0,nan,nan,nan,nan,nan,nan,nan,nan,nan,nan,nan,nan,0.0,0.0,0.0,nan,nan,0.20000000298023224,0.20000000298023224,0.09579265904,0.0,0.0,0.0,0.0,0.0,0.0,0.0,0.0,0.0,0.0,0.0,0.0,0.04337422922253609,0.02924240194261074,0.0004048602720558847,7.3307600021362305,261,nan,-1.0,True,,False,0.07780987024307251,0.07780987024307251,40.0,40.0,1.0,0.0,0.0,0.0,0.0,0.0
696,8.707758903503418,-0.0,0.11175762116909027,-0.0,0.8484243750572205,0.024441508576273918,2.8616151809692383,1.0366184711456299,0.6595010161399841,0.6362041913174956,117.08013734254895,0.024441508576273918,2.8616151809692383,1.0366184711456299,0.6595010161399841,0.6362041913174956,117.08013734254895,0.029237305745482445,121,f7c0e26a90e469ad,-0.0,0.0,0.0,0.0,nan,nan,nan,nan,nan,nan,nan,nan,nan,nan,nan,nan,0.0,0.0,0.0,nan,nan,0.20000000298023224,0.20000000298023224,0.09578116292608001,0.0,0.0,0.0,0.0,0.0,0.0,0.0,0.0,0.0,0.0,0.0,0.0,0.04343346878886223,0.029237305745482445,0.00040198333090302185,7.3307600021362305,261,nan,-1.0,True,,False,0.07780987024307251,0.07780987024307251,40.0,40.0,1.0,0.0,0.0,0.0,0.0,0.0
697,8.549394607543945,-0.0,0.11200610548257828,-0.0,0.8325381875038147,0.028649237006902695,2.860384702682495,1.0366151332855225,0.6591408252716064,0.6358587715987496,99.84156653084057,0.028649237006902695,2.860384702682495,1.0366151332855225,0.6591408252716064,0.6358587715987496,99.84156653084057,0.02922965958714485,121,f7c0e26a90e469ad,-0.0,0.0,0.0,0.0,nan,nan,nan,nan,nan,nan,nan,nan,nan,nan,nan,nan,0.0,0.0,0.0,nan,nan,0.20000000298023224,0.20000000298023224,0.09576965295744,0.0,0.0,0.0,0.0,0.0,0.0,0.0,0.0,0.0,0.0,0.0,0.0,0.04349271208047867,0.02922965958714485,0.0004098143788269226,7.3307600021362305,261,nan,-1.0,True,,False,0.07780987024307251,0.07780987024307251,40.0,40.0,1.0,0.0,0.0,0.0,0.0,0.0
698,8.497697830200195,-0.0,0.11224924027919769,-0.0,0.827319860458374,0.030207140371203423,2.8591628074645996,1.0366768836975098,0.6591118574142456,0.6357929532135365,94.65188602196353,0.030207140371203423,2.8591628074645996,1.0366768836975098,0.6591118574142456,0.6357929532135365,94.65188602196353,0.029222521930933,121,f7c0e26a90e469ad,-0.0,0.0,0.0,0.0,nan,nan,nan,nan,nan,nan,nan,nan,nan,nan,nan,nan,0.0,0.0,0.0,nan,nan,0.20000000298023224,0.20000000298023224,0.09575812914176,0.0,0.0,0.0,0.0,0.0,0.0,0.0,0.0,0.0,0.0,0.0,0.0,0.043551940470933914,0.029222521930933,0.0004129296694372897,7.3307600021362305,261,nan,-1.0,True,,False,0.07780987024307251,0.07780987024307251,40.0,40.0,1.0,0.0,0.0,0.0,0.0,0.0
699,8.457688331604004,-0.0,0.11247342824935913,-0.0,0.8232741355895996,0.03177640214562416,2.85797119140625,1.036717414855957,0.6589348316192627,0.6355973403907911,89.94004979886665,0.03177640214562416,2.85797119140625,1.036717414855957,0.6589348316192627,0.6355973403907911,89.94004979886665,0.029217932373285294,121,f7c0e26a90e469ad,-0.0,0.0,0.0,0.0,nan,nan,nan,nan,nan,nan,nan,nan,nan,nan,nan,nan,0.0,0.0,0.0,nan,nan,0.20000000298023224,0.20000000298023224,0.09574659148672,0.0,0.0,0.0,0.0,0.0,0.0,0.0,0.0,0.0,0.0,0.0,0.0,0.04361116513609886,0.029217932373285294,0.00041631172553024953,7.3307600021362305,261,nan,-1.0,True,,False,0.07780987024307251,0.07780987024307251,40.0,40.0,1.0,0.0,0.0,0.0,0.0,0.0
700,8.401026725769043,-0.0,0.1127319484949112,-0.0,0.8175563216209412,0.03343309089541435,2.856688976287842,1.0367265939712524,0.6588032245635986,0.635464768044589,85.44495587393214,0.03343309089541435,2.856688976287842,1.0367265939712524,0.6588032245635986,0.635464768044589,85.44495587393214,0.029209770262241364,121,f7c0e26a90e469ad,-0.0,0.0,0.0,0.0,nan,nan,nan,nan,nan,nan,nan,nan,nan,nan,nan,nan,0.0,0.0,0.0,nan,nan,0.20000000298023224,0.20000000298023224,0.09573504,0.0,0.0,0.0,0.0,0.0,0.0,0.0,0.0,0.0,0.0,0.0,0.0,0.04367038235068321,0.029209770262241364,0.00041960519160966214,7.3307600021362305,261,nan,-1.0,True,,False,0.07780987024307251,0.07780987024307251,40.0,40.0,1.0,0.0,0.0,0.0,0.0,0.0
701,8.426593780517578,-0.0,0.11296828836202621,-0.0,0.8200657367706299,0.03224874287843704,2.855752944946289,1.0368138551712036,0.6588709354400635,0.6354765922097633,88.55393079076498,0.03224874287843704,2.855752944946289,1.0368138551712036,0.6588709354400635,0.6354765922097633,88.55393079076498,0.02920466847717762,121,f7c0e26a90e469ad,-0.0,0.0,0.0,0.0,nan,nan,nan,nan,nan,nan,nan,nan,nan,nan,nan,nan,0.0,0.0,0.0,nan,nan,0.20000000298023224,0.20000000298023224,0.09572347468928,0.0,0.0,0.0,0.0,0.0,0.0,0.0,0.0,0.0,0.0,0.0,0.0,0.043729592114686966,0.02920466847717762,0.0004185244488326134,7.3307600021362305,261,nan,-1.0,True,,False,0.07780987024307251,0.07780987024307251,40.0,40.0,1.0,0.0,0.0,0.0,0.0,0.0
702,8.38302230834961,-0.0,0.11324306577444077,-0.0,0.8156535625457764,0.03394246846437454,2.854527473449707,1.036852478981018,0.6587806940078735,0.635365886047068,84.09899463987931,0.03394246846437454,2.854527473449707,1.036852478981018,0.6587806940078735,0.635365886047068,84.09899463987931,0.02919650450348854,121,f7c0e26a90e469ad,-0.0,0.0,0.0,0.0,nan,nan,nan,nan,nan,nan,nan,nan,nan,nan,nan,nan,0.0,0.0,0.0,nan,nan,0.20000000298023224,0.20000000298023224,0.09571189556224001,0.0,0.0,0.0,0.0,0.0,0.0,0.0,0.0,0.0,0.0,0.0,0.0,0.04378880187869072,0.02919650450348854,0.0004228131863328599,7.3307600021362305,261,nan,-1.0,True,,False,0.07780987024307251,0.07780987024307251,40.0,40.0,1.0,0.0,0.0,0.0,0.0,0.0
703,8.267322540283203,-0.0,0.11349647492170334,-0.0,0.8040329813957214,0.03837960958480835,2.8531336784362793,1.0368547439575195,0.6584520936012268,0.6350475777233884,74.33983068878386,0.03837960958480835,2.8531336784362793,1.0368547439575195,0.6584520936012268,0.6350475777233884,74.33983068878386,0.02918935753405094,121,f7c0e26a90e469ad,-0.0,0.0,0.0,0.0,nan,nan,nan,nan,nan,nan,nan,nan,nan,nan,nan,nan,0.0,0.0,0.0,nan,nan,0.20000000298023224,0.20000000298023224,0.09570030262656,0.0,0.0,0.0,0.0,0.0,0.0,0.0,0.0,0.0,0.0,0.0,0.0,0.043848004192113876,0.02918935753405094,0.00042993447868866497,7.3307600021362305,261,nan,-1.0,True,,False,0.07780987024307251,0.07780987024307251,40.0,40.0,1.0,0.0,0.0,0.0,0.0,0.0
704,8.254054069519043,-0.0,0.11375396698713303,-0.0,0.8026546239852905,0.037330955266952515,2.851959705352783,1.0368937253952026,0.6583667397499084,0.6349413865909719,76.39664415117446,0.037330955266952515,2.851959705352783,1.0368937253952026,0.6583667397499084,0.6349413865909719,76.39664415117446,0.02918374165892601,121,f7c0e26a90e469ad,-0.0,0.0,0.0,0.0,nan,nan,nan,nan,nan,nan,nan,nan,nan,nan,nan,nan,0.0,0.0,0.0,nan,nan,0.20000000298023224,0.20000000298023224,0.09568869588992002,0.0,0.0,0.0,0.0,0.0,0.0,0.0,0.0,0.0,0.0,0.0,0.0,0.04390719532966614,0.02918374165892601,0.0004304249821416306,7.3307600021362305,261,nan,-1.0,True,,False,0.07780987024307251,0.07780987024307251,40.0,40.0,1.0,0.0,0.0,0.0,0.0,0.0
705,8.181426048278809,-0.0,0.11402114480733871,-0.0,0.7953383922576904,0.04180552437901497,2.850555658340454,1.036932349205017,0.6582050323486328,0.6347617883203833,68.18609982013146,0.04180552437901497,2.850555658340454,1.036932349205017,0.6582050323486328,0.6347617883203833,68.18609982013146,0.02917659282684326,121,f7c0e26a90e469ad,-0.0,0.0,0.0,0.0,nan,nan,nan,nan,nan,nan,nan,nan,nan,nan,nan,nan,0.0,0.0,0.0,nan,nan,0.20000000298023224,0.20000000298023224,0.09567707536000002,0.0,0.0,0.0,0.0,0.0,0.0,0.0,0.0,0.0,0.0,0.0,0.0,0.0439663901925087,0.02917659282684326,0.00044104908715780766,7.3307600021362305,261,nan,-1.0,True,,False,0.07780987024307251,0.07780987024307251,40.0,40.0,1.0,0.0,0.0,0.0,0.0,0.0
706,8.14427661895752,-0.0,0.11429648846387863,-0.0,0.7915683388710022,0.04353400692343712,2.84962797164917,1.036954402923584,0.6580812931060791,0.6346289588536276,65.45751638852785,0.04353400692343712,2.84962797164917,1.036954402923584,0.6580812931060791,0.6346289588536276,65.45751638852785,0.029155133292078972,121,f7c0e26a90e469ad,-0.0,0.0,0.0,0.0,nan,nan,nan,nan,nan,nan,nan,nan,nan,nan,nan,nan,0.0,0.0,0.0,nan,nan,0.20000000298023224,0.20000000298023224,0.09566544104448,0.0,0.0,0.0,0.0,0.0,0.0,0.0,0.0,0.0,0.0,0.0,0.0,0.044025566428899765,0.029155133292078972,0.0004443469013040158,7.3307600021362305,261,nan,-1.0,True,,False,0.07780987024307251,0.07780987024307251,40.0,40.0,1.0,0.0,0.0,0.0,0.0,0.0
707,8.140591621398926,-0.0,0.11457332223653793,-0.0,0.7911444902420044,0.04256628453731537,2.848114490509033,1.0370266437530518,0.6580651998519897,0.6345692309991368,66.91010318300762,0.04256628453731537,2.848114490509033,1.0370266437530518,0.6580651998519897,0.6345692309991368,66.91010318300762,0.0291331484913826,121,f7c0e26a90e469ad,-0.0,0.0,0.0,0.0,nan,nan,nan,nan,nan,nan,nan,nan,nan,nan,nan,nan,0.0,0.0,0.0,nan,nan,0.20000000298023224,0.20000000298023224,0.09565379295104,0.0,0.0,0.0,0.0,0.0,0.0,0.0,0.0,0.0,0.0,0.0,0.0,0.04408474639058113,0.0291331484913826,0.00044336465794003743,7.3307600021362305,261,nan,-1.0,True,,False,0.07780987024307251,0.07780987024307251,40.0,40.0,1.0,0.0,0.0,0.0,0.0,0.0
708,8.105391502380371,-0.0,0.11483921110630035,-0.0,0.7875713109970093,0.044414445757865906,2.8469011783599854,1.037064552307129,0.6579633355140686,0.6344478114214932,64.09854113412622,0.044414445757865906,2.8469011783599854,1.037064552307129,0.6579633355140686,0.6344478114214932,64.09854113412622,0.029111657291650772,121,f7c0e26a90e469ad,-0.0,0.0,0.0,0.0,nan,nan,nan,nan,nan,nan,nan,nan,nan,nan,nan,nan,0.0,0.0,0.0,nan,nan,0.20000000298023224,0.20000000298023224,0.09564213108736001,0.0,0.0,0.0,0.0,0.0,0.0,0.0,0.0,0.0,0.0,0.0,0.0,0.0441439151763916,0.029111657291650772,0.00045108852577868674,7.3307600021362305,261,nan,-1.0,True,,False,0.07780987024307251,0.07780987024307251,40.0,40.0,1.0,0.0,0.0,0.0,0.0,0.0
709,8.028298377990723,-0.0,0.11513616144657135,-0.0,0.7798026204109192,0.04897372052073479,2.845956325531006,1.0370683670043945,0.6577476859092712,0.6342375361512537,58.11190767763025,0.04897372052073479,2.845956325531006,1.0370683670043945,0.6577476859092712,0.6342375361512537,58.11190767763025,0.029088614508509636,121,f7c0e26a90e469ad,-0.0,0.0,0.0,0.0,nan,nan,nan,nan,nan,nan,nan,nan,nan,nan,nan,nan,0.0,0.0,0.0,nan,nan,0.20000000298023224,0.20000000298023224,0.09563045546112,0.0,0.0,0.0,0.0,0.0,0.0,0.0,0.0,0.0,0.0,0.0,0.0,0.04420307278633118,0.029088614508509636,0.00046147192870193976,7.3307600021362305,261,nan,-1.0,True,,False,0.07780987024307251,0.07780987024307251,40.0,40.0,1.0,0.0,0.0,0.0,0.0,0.0
710,8.055322647094727,-0.0,0.11542735993862152,-0.0,0.7824468016624451,0.048087477684020996,2.8447842597961426,1.0371392965316772,0.657748818397522,0.6341952528431964,59.15852518797086,0.048087477684020996,2.8447842597961426,1.0371392965316772,0.657748818397522,0.6341952528431964,59.15852518797086,0.029067091643810272,121,f7c0e26a90e469ad,-0.0,0.0,0.0,0.0,nan,nan,nan,nan,nan,nan,nan,nan,nan,nan,nan,nan,0.0,0.0,0.0,nan,nan,0.20000000298023224,0.20000000298023224,0.09561876608000001,0.0,0.0,0.0,0.0,0.0,0.0,0.0,0.0,0.0,0.0,0.0,0.0,0.04426223412156105,0.029067091643810272,0.00046164972013684746,7.3307600021362305,261,nan,-1.0,True,,False,0.07780987024307251,0.07780987024307251,40.0,40.0,1.0,0.0,0.0,0.0,0.0,0.0
711,7.962197303771973,-0.0,0.11571689695119858,-0.0,0.7730763554573059,0.05269568786025047,2.843518018722534,1.0371229648590088,0.6574198603630066,0.6338880563235616,53.96111397698374,0.05269568786025047,2.843518018722534,1.0371229648590088,0.6574198603630066,0.6338880563235616,53.96111397698374,0.029045552015304565,121,f7c0e26a90e469ad,-0.0,0.0,0.0,0.0,nan,nan,nan,nan,nan,nan,nan,nan,nan,nan,nan,nan,0.0,0.0,0.0,nan,nan,0.20000000298023224,0.20000000298023224,0.09560706295168,0.0,0.0,0.0,0.0,0.0,0.0,0.0,0.0,0.0,0.0,0.0,0.0,0.04432138800621033,0.029045552015304565,0.0004740714286981529,7.3307600021362305,261,nan,-1.0,True,,False,0.07780987024307251,0.07780987024307251,40.0,40.0,1.0,0.0,0.0,0.0,0.0,0.0
712,7.941633701324463,-0.0,0.11603580415248871,-0.0,0.7709562182426453,0.05458850413560867,2.842015266418457,1.0371696949005127,0.6573230028152466,0.633766109872983,52.0625232623764,0.05458850413560867,2.842015266418457,1.0371696949005127,0.6573230028152466,0.633766109872983,52.0625232623764,0.02902245707809925,121,8bfa5140a4f303da,-0.0,0.0,0.0,0.0,nan,nan,nan,nan,nan,nan,nan,nan,nan,nan,nan,nan,0.0,0.0,0.0,nan,nan,0.20000000298023224,0.20000000298023224,0.09559534608384002,0.0,0.0,0.0,0.0,0.0,0.0,0.0,0.0,0.0,0.0,0.0,0.0,0.04438053444027901,0.02902245707809925,0.00048482982970199373,7.3307600021362305,261,nan,-1.0,True,,False,0.07780987024307251,0.07780987024307251,40.0,40.0,1.0,0.0,0.0,0.0,0.0,0.0
713,7.926289081573486,-0.0,0.1163536012172699,-0.0,0.769358217716217,0.056555986404418945,2.84108304977417,1.0372086763381958,0.6572120785713196,0.6336353460632128,50.23487751514462,0.056555986404418945,2.84108304977417,1.0372086763381958,0.6572120785713196,0.6336353460632128,50.23487751514462,0.029000885784626007,121,8bfa5140a4f303da,-0.0,0.0,0.0,0.0,nan,nan,nan,nan,nan,nan,nan,nan,nan,nan,nan,nan,0.0,0.0,0.0,nan,nan,0.20000000298023224,0.20000000298023224,0.09558361548416,0.0,0.0,0.0,0.0,0.0,0.0,0.0,0.0,0.0,0.0,0.0,0.0,0.04443968087434769,0.029000885784626007,0.0004919171767596708,7.3307600021362305,261,nan,-1.0,True,,False,0.07780987024307251,0.07780987024307251,40.0,40.0,1.0,0.0,0.0,0.0,0.0,0.0
714,7.938824653625488,-0.0,0.11666640639305115,-0.0,0.7705491781234741,0.05573064833879471,2.839864492416382,1.0372874736785889,0.657248318195343,0.6336221489926102,50.95696133216382,0.05573064833879471,2.839864492416382,1.0372874736785889,0.657248318195343,0.6336221489926102,50.95696133216382,0.02897929586470127,121,8bfa5140a4f303da,-0.0,0.0,0.0,0.0,nan,nan,nan,nan,nan,nan,nan,nan,nan,nan,nan,nan,0.0,0.0,0.0,nan,nan,0.20000000298023224,0.20000000298023224,0.09557187116032001,0.0,0.0,0.0,0.0,0.0,0.0,0.0,0.0,0.0,0.0,0.0,0.0,0.04449881240725517,0.02897929586470127,0.000494040580406363,7.3307600021362305,261,nan,-1.0,True,,False,0.07780987024307251,0.07780987024307251,40.0,40.0,1.0,0.0,0.0,0.0,0.0,0.0
715,7.872227191925049,-0.0,0.11700845509767532,-0.0,0.763821005821228,0.06043913587927818,2.8385019302368164,1.0372778177261353,0.6569070219993591,0.6332990166890828,46.964634569006286,0.06043913587927818,2.8385019302368164,1.0372778177261353,0.6569070219993591,0.6332990166890828,46.964634569006286,0.028957176953554153,121,8bfa5140a4f303da,-0.0,0.0,0.0,0.0,nan,nan,nan,nan,nan,nan,nan,nan,nan,nan,nan,nan,0.0,0.0,0.0,nan,nan,0.20000000298023224,0.20000000298023224,0.09556011312000001,0.0,0.0,0.0,0.0,0.0,0.0,0.0,0.0,0.0,0.0,0.0,0.0,0.04455794394016266,0.028957176953554153,0.0005056953552866617,7.3307600021362305,261,nan,-1.0,True,,False,0.07780987024307251,0.07780987024307251,40.0,40.0,1.0,0.0,0.0,0.0,0.0,0.0
716,7.872556209564209,-0.0,0.11733835190534592,-0.0,0.7637879252433777,0.05972602963447571,2.8374311923980713,1.0373493432998657,0.656960129737854,0.6333065461323063,47.50744708401341,0.05972602963447571,2.8374311923980713,1.0373493432998657,0.656960129737854,0.6333065461323063,47.50744708401341,0.028936071321368217,121,8bfa5140a4f303da,-0.0,0.0,0.0,0.0,nan,nan,nan,nan,nan,nan,nan,nan,nan,nan,nan,nan,0.0,0.0,0.0,nan,nan,0.20000000298023224,0.20000000298023224,0.09554834137088,0.0,0.0,0.0,0.0,0.0,0.0,0.0,0.0,0.0,0.0,0.0,0.0,0.04461706429719925,0.028936071321368217,0.0005123431585616345,7.3307600021362305,261,nan,-1.0,True,,False,0.07780987024307251,0.07780987024307251,40.0,40.0,1.0,0.0,0.0,0.0,0.0,0.0
717,7.821877479553223,-0.0,0.11770593374967575,-0.0,0.7586466073989868,0.06448971480131149,2.836221218109131,1.037332534790039,0.656654417514801,0.633022098017692,43.97943496644913,0.06448971480131149,2.836221218109131,1.037332534790039,0.656654417514801,0.633022098017692,43.97943496644913,0.028913918882608414,121,8bfa5140a4f303da,-0.0,0.0,0.0,0.0,nan,nan,nan,nan,nan,nan,nan,nan,nan,nan,nan,nan,0.0,0.0,0.0,nan,nan,0.20000000298023224,0.20000000298023224,0.09553655592064,0.0,0.0,0.0,0.0,0.0,0.0,0.0,0.0,0.0,0.0,0.0,0.0,0.04467618465423584,0.028913918882608414,0.0005300120230913308,7.3307600021362305,261,nan,-1.0,True,,False,0.07780987024307251,0.07780987024307251,40.0,40.0,1.0,0.0,0.0,0.0,0.0,0.0
718,7.8456711769104,-0.0,0.11807231605052948,-0.0,0.7609526515007019,0.06385070830583572,2.835009813308716,1.0374449491500854,0.6567674279212952,0.633062437153262,44.40060084736141,0.06385070830583572,2.835009813308716,1.0374449491500854,0.6567674279212952,0.633062437153262,44.40060084736141,0.02889123558998108,121,8bfa5140a4f303da,-0.0,0.0,0.0,0.0,nan,nan,nan,nan,nan,nan,nan,nan,nan,nan,nan,nan,0.0,0.0,0.0,nan,nan,0.20000000298023224,0.20000000298023224,0.09552475677696,0.0,0.0,0.0,0.0,0.0,0.0,0.0,0.0,0.0,0.0,0.0,0.0,0.044735293835401535,0.02889123558998108,0.0005269572814086132,7.3307600021362305,261,nan,-1.0,True,,False,0.07780987024307251,0.07780987024307251,40.0,40.0,1.0,0.0,0.0,0.0,0.0,0.0
719,7.806577682495117,-0.0,0.11844632774591446,-0.0,0.7569684982299805,0.06590568274259567,2.833522081375122,1.0374290943145752,0.6565239429473877,0.6328374117762238,42.9935927140283,0.06590568274259567,2.833522081375122,1.0374290943145752,0.6565239429473877,0.6328374117762238,42.9935927140283,0.0288705974817276,121,8bfa5140a4f303da,-0.0,0.0,0.0,0.0,nan,nan,nan,nan,nan,nan,nan,nan,nan,nan,nan,nan,0.0,0.0,0.0,nan,nan,0.20000000298023224,0.20000000298023224,0.09551294394752001,0.0,0.0,0.0,0.0,0.0,0.0,0.0,0.0,0.0,0.0,0.0,0.0,0.04479439929127693,0.0288705974817276,0.0005431425763617881,7.3307600021362305,261,nan,-1.0,True,,False,0.07780987024307251,0.07780987024307251,40.0,40.0,1.0,0.0,0.0,0.0,0.0,0.0
720,7.784803867340088,-0.0,0.11883662641048431,-0.0,0.7547130584716797,0.07075290381908417,2.83231520652771,1.037480354309082,0.6563188433647156,0.6326084543565127,40.03108075634558,0.07075290381908417,2.83231520652771,1.037480354309082,0.6563188433647156,0.6326084543565127,40.03108075634558,0.028848910704255104,121,8bfa5140a4f303da,-0.0,0.0,0.0,0.0,nan,nan,nan,nan,nan,nan,nan,nan,nan,nan,nan,nan,0.0,0.0,0.0,nan,nan,0.20000000298023224,0.20000000298023224,0.09550111743999999,0.0,0.0,0.0,0.0,0.0,0.0,0.0,0.0,0.0,0.0,0.0,0.0,0.044853489845991135,0.028848910704255104,0.0005620530057512951,7.3307600021362305,261,nan,-1.0,True,,False,0.07780987024307251,0.07780987024307251,40.0,40.0,1.0,0.0,0.0,0.0,0.0,0.0
721,7.7628936767578125,-0.0,0.11925385892391205,-0.0,0.7524386048316956,0.07291379570960999,2.8312273025512695,1.037503719329834,0.6561792492866516,0.6324596597210317,38.829788999424096,0.07291379570960999,2.8312273025512695,1.037503719329834,0.6561792492866516,0.6324596597210317,38.829788999424096,0.028826691210269928,121,8bfa5140a4f303da,-0.0,0.0,0.0,0.0,nan,nan,nan,nan,nan,nan,nan,nan,nan,nan,nan,nan,0.0,0.0,0.0,nan,nan,0.20000000298023224,0.20000000298023224,0.09548927726208002,0.0,0.0,0.0,0.0,0.0,0.0,0.0,0.0,0.0,0.0,0.0,0.0,0.044912587851285934,0.028826691210269928,0.0005697528570181021,7.3307600021362305,261,nan,-1.0,True,,False,0.07780987024307251,0.07780987024307251,40.0,40.0,1.0,0.0,0.0,0.0,0.0,0.0
722,7.7718963623046875,-0.0,0.11967567354440689,-0.0,0.7532545328140259,0.07231402397155762,2.830173969268799,1.037564754486084,0.6562567353248596,0.632497135708807,39.1372767525972,0.07231402397155762,2.830173969268799,1.037564754486084,0.6562567353248596,0.632497135708807,39.1372767525972,0.02880549058318138,121,8bfa5140a4f303da,-0.0,0.0,0.0,0.0,nan,nan,nan,nan,nan,nan,nan,nan,nan,nan,nan,nan,0.0,0.0,0.0,nan,nan,0.20000000298023224,0.20000000298023224,0.09547742342144,0.0,0.0,0.0,0.0,0.0,0.0,0.0,0.0,0.0,0.0,0.0,0.0,0.04497167840600014,0.02880549058318138,0.0005796391621970542,7.3307600021362305,261,nan,-1.0,True,,False,0.07780987024307251,0.07780987024307251,40.0,40.0,1.0,0.0,0.0,0.0,0.0,0.0
723,7.736800670623779,-0.0,0.12012876570224762,-0.0,0.7496542930603027,0.07447482645511627,2.8288090229034424,1.0375769138336182,0.6560057401657104,0.6322478183732073,37.98342550832636,0.07447482645511627,2.8288090229034424,1.0375769138336182,0.6560057401657104,0.6322478183732073,37.98342550832636,0.028783755376935005,121,8bfa5140a4f303da,-0.0,0.0,0.0,0.0,nan,nan,nan,nan,nan,nan,nan,nan,nan,nan,nan,nan,0.0,0.0,0.0,nan,nan,0.20000000298023224,0.20000000298023224,0.09546555592576,0.0,0.0,0.0,0.0,0.0,0.0,0.0,0.0,0.0,0.0,0.0,0.0,0.04503076151013374,0.028783755376935005,0.0005877384899122262,7.3307600021362305,261,nan,-1.0,True,,False,0.07780987024307251,0.07780987024307251,40.0,40.0,1.0,0.0,0.0,0.0,0.0,0.0
724,7.7228474617004395,-0.0,0.1205742210149765,-0.0,0.7481698989868164,0.0793759822845459,2.8274807929992676,1.037628412246704,0.6558519005775452,0.6320681785856991,35.62136444325633,0.0793759822845459,2.8274807929992676,1.037628412246704,0.6558519005775452,0.6320681785856991,35.62136444325633,0.02876407653093338,121,8bfa5140a4f303da,-0.0,0.0,0.0,0.0,nan,nan,nan,nan,nan,nan,nan,nan,nan,nan,nan,nan,0.0,0.0,0.0,nan,nan,0.20000000298023224,0.20000000298023224,0.09545367478272,0.0,0.0,0.0,0.0,0.0,0.0,0.0,0.0,0.0,0.0,0.0,0.0,0.04508983716368675,0.02876407653093338,0.0006104395540660335,7.3307600021362305,261,nan,-1.0,True,,False,0.07780987024307251,0.07780987024307251,40.0,40.0,1.0,0.0,0.0,0.0,0.0,0.0
725,7.7066874504089355,-0.0,0.12107104808092117,-0.0,0.7464545369148254,0.0816316083073616,2.8262691497802734,1.0376472473144531,0.6556969881057739,0.6319074134324463,34.62224018836829,0.0816316083073616,2.8262691497802734,1.0376472473144531,0.6556969881057739,0.6319074134324463,34.62224018836829,0.02874179184436798,121,8bfa5140a4f303da,-0.0,0.0,0.0,0.0,nan,nan,nan,nan,nan,nan,nan,nan,nan,nan,nan,nan,0.0,0.0,0.0,nan,nan,0.20000000298023224,0.20000000298023224,0.09544178000000002,0.0,0.0,0.0,0.0,0.0,0.0,0.0,0.0,0.0,0.0,0.0,0.0,0.045148905366659164,0.02874179184436798,0.0006267096198371291,7.3307600021362305,261,nan,-1.0,True,,False,0.07780987024307251,0.07780987024307251,40.0,40.0,1.0,0.0,0.0,0.0,0.0,0.0
726,7.718995094299316,-0.0,0.12158914655447006,-0.0,0.7475816607475281,0.08114195615053177,2.825058937072754,1.0377157926559448,0.6557326912879944,0.6319000789317301,34.816253774210246,0.08114195615053177,2.825058937072754,1.0377157926559448,0.6557326912879944,0.6319000789317301,34.816253774210246,0.02872052788734436,121,8bfa5140a4f303da,-0.0,0.0,0.0,0.0,nan,nan,nan,nan,nan,nan,nan,nan,nan,nan,nan,nan,0.0,0.0,0.0,nan,nan,0.20000000298023224,0.20000000298023224,0.09542987158528,0.0,0.0,0.0,0.0,0.0,0.0,0.0,0.0,0.0,0.0,0.0,0.0,0.04520797356963158,0.02872052788734436,0.0006386672196185827,7.3307600021362305,261,nan,-1.0,True,,False,0.07780987024307251,0.07780987024307251,40.0,40.0,1.0,0.0,0.0,0.0,0.0,0.0
727,7.685050010681152,-0.0,0.12212268263101578,-0.0,0.7440804243087769,0.08108952641487122,2.823979139328003,1.0377131700515747,0.6554216146469116,0.6316019046133307,34.825448663738975,0.08108952641487122,2.823979139328003,1.0377131700515747,0.6554216146469116,0.6316019046133307,34.825448663738975,0.028699766844511032,121,8bfa5140a4f303da,-0.0,0.0,0.0,0.0,nan,nan,nan,nan,nan,nan,nan,nan,nan,nan,nan,nan,0.0,0.0,0.0,nan,nan,0.20000000298023224,0.20000000298023224,0.09541794954624,0.0,0.0,0.0,0.0,0.0,0.0,0.0,0.0,0.0,0.0,0.0,0.0,0.045267026871442795,0.028699766844511032,0.0006647434743172198,7.3307600021362305,261,nan,-1.0,True,,False,0.07780987024307251,0.07780987024307251,40.0,40.0,1.0,0.0,0.0,0.0,0.0,0.0
728,7.679275989532471,-0.0,0.1226901188492775,-0.0,0.7433895468711853,0.07980062812566757,2.8226561546325684,1.0377557277679443,0.6553303599357605,0.6314880683388537,35.37135259371062,0.07980062812566757,2.8226561546325684,1.0377557277679443,0.6553303599357605,0.6314880683388537,35.37135259371062,0.02867795154452324,121,8bfa5140a4f303da,-0.0,0.0,0.0,0.0,nan,nan,nan,nan,nan,nan,nan,nan,nan,nan,nan,nan,0.0,0.0,0.0,nan,nan,0.20000000298023224,0.20000000298023224,0.09540601389056001,0.0,0.0,0.0,0.0,0.0,0.0,0.0,0.0,0.0,0.0,0.0,0.0,0.045326076447963715,0.02867795154452324,0.0006829127732999041,7.3307600021362305,261,nan,-1.0,True,,False,0.07780987024307251,0.07780987024307251,40.0,40.0,1.0,0.0,0.0,0.0,0.0,0.0
729,7.701010227203369,-0.0,0.12328023463487625,-0.0,0.7454449534416199,0.07908105850219727,2.821721076965332,1.0378590822219849,0.6554549336433411,0.6315452115522824,35.681377189544456,0.07908105850219727,2.821721076965332,1.0378590822219849,0.6554549336433411,0.6315452115522824,35.681377189544456,0.028657158836722374,121,8bfa5140a4f303da,-0.0,0.0,0.0,0.0,nan,nan,nan,nan,nan,nan,nan,nan,nan,nan,nan,nan,0.0,0.0,0.0,nan,nan,0.20000000298023224,0.20000000298023224,0.09539406462592,0.0,0.0,0.0,0.0,0.0,0.0,0.0,0.0,0.0,0.0,0.0,0.0,0.04538511857390404,0.028657158836722374,0.0006875328040223394,7.3307600021362305,261,nan,-1.0,True,,False,0.07780987024307251,0.07780987024307251,40.0,40.0,1.0,0.0,0.0,0.0,0.0,0.0
730,7.670480251312256,-0.0,0.12389882653951645,-0.0,0.7422682642936707,0.078342504799366,2.8205726146698,1.0378718376159668,0.655187726020813,0.6312799926490013,36.00309464055617,0.078342504799366,2.8205726146698,1.0378718376159668,0.655187726020813,0.6312799926490013,36.00309464055617,0.028637394309043884,121,8bfa5140a4f303da,-0.0,0.0,0.0,0.0,nan,nan,nan,nan,nan,nan,nan,nan,nan,nan,nan,nan,0.0,0.0,0.0,nan,nan,0.20000000298023224,0.20000000298023224,0.09538210175999999,0.0,0.0,0.0,0.0,0.0,0.0,0.0,0.0,0.0,0.0,0.0,0.0,0.04544415697455406,0.028637394309043884,0.0007079074348439462,7.3307600021362305,261,nan,-1.0,True,,False,0.07780987024307251,0.07780987024307251,40.0,40.0,1.0,0.0,0.0,0.0,0.0,0.0
731,7.679958343505859,-0.0,0.12457488477230072,-0.0,0.7430808544158936,0.07659710943698883,2.819052219390869,1.0379035472869873,0.6551439166069031,0.6312184964772564,36.80363710996052,0.07659710943698883,2.819052219390869,1.0379035472869873,0.6551439166069031,0.6312184964772564,36.80363710996052,0.028615010902285576,121,bef8d31202681da2,-0.0,0.0,0.0,0.0,nan,nan,nan,nan,nan,nan,nan,nan,nan,nan,nan,nan,0.0,0.0,0.0,nan,nan,0.20000000298023224,0.20000000298023224,0.09537012530048,0.0,0.0,0.0,0.0,0.0,0.0,0.0,0.0,0.0,0.0,0.0,0.0,0.04550318419933319,0.028615010902285576,0.0007260190404849709,7.3307600021362305,261,nan,-1.0,True,,False,0.07780987024307251,0.07780987024307251,40.0,40.0,1.0,0.0,0.0,0.0,0.0,0.0
732,7.664737224578857,-0.0,0.125260591506958,-0.0,0.7414215803146362,0.07575531303882599,2.8181233406066895,1.0379424095153809,0.6549724340438843,0.6310296486966877,37.20033919155412,0.07575531303882599,2.8181233406066895,1.0379424095153809,0.6549724340438843,0.6310296486966877,37.20033919155412,0.02859417349100113,121,a15bfcdb48d80abc,-0.0,0.0,0.0,0.0,nan,nan,nan,nan,nan,nan,nan,nan,nan,nan,nan,nan,0.0,0.0,0.0,nan,nan,0.20000000298023224,0.20000000298023224,0.09535813525504,0.0,0.0,0.0,0.0,0.0,0.0,0.0,0.0,0.0,0.0,0.0,0.0,0.04556221142411232,0.02859417349100113,0.0007513836858379364,7.3307600021362305,261,nan,-1.0,True,,False,0.07780987024307251,0.07780987024307251,40.0,40.0,1.0,0.0,0.0,0.0,0.0,0.0
733,7.6600751876831055,-0.0,0.1259814351797104,-0.0,0.7408112287521362,0.07367829978466034,2.8166370391845703,1.0379467010498047,0.6547542810440063,0.6308168621585019,38.228855000953594,0.07367829978466034,2.8166370391845703,1.0379467010498047,0.6547542810440063,0.6308168621585019,38.228855000953594,0.028574883937835693,121,a15bfcdb48d80abc,-0.0,0.0,0.0,0.0,nan,nan,nan,nan,nan,nan,nan,nan,nan,nan,nan,nan,0.0,0.0,0.0,nan,nan,0.20000000298023224,0.20000000298023224,0.09534613163136,0.0,0.0,0.0,0.0,0.0,0.0,0.0,0.0,0.0,0.0,0.0,0.0,0.045621227473020554,0.028574883937835693,0.0007701046538386436,7.3307600021362305,261,nan,-1.0,True,,False,0.07780987024307251,0.07780987024307251,40.0,40.0,1.0,0.0,0.0,0.0,0.0,0.0
734,7.660338878631592,-0.0,0.1267630010843277,-0.0,0.7406812906265259,0.07306790351867676,2.815556287765503,1.0380014181137085,0.654714047908783,0.6307448491723177,38.53342099853492,0.07306790351867676,2.815556287765503,1.0380014181137085,0.654714047908783,0.6307448491723177,38.53342099853492,0.02851746417582035,121,a15bfcdb48d80abc,-0.0,0.0,0.0,0.0,nan,nan,nan,nan,nan,nan,nan,nan,nan,nan,nan,nan,0.0,0.0,0.0,nan,nan,0.20000000298023224,0.20000000298023224,0.09533411443712,0.0,0.0,0.0,0.0,0.0,0.0,0.0,0.0,0.0,0.0,0.0,0.0,0.04568023607134819,0.02851746417582035,0.0007910459571576212,7.3307600021362305,261,nan,-1.0,True,,False,0.07780987024307251,0.07780987024307251,40.0,40.0,1.0,0.0,0.0,0.0,0.0,0.0
735,7.667234420776367,-0.0,0.127560093998909,-0.0,0.7412114143371582,0.07109056413173676,2.814356803894043,1.0380384922027588,0.6546070575714111,0.6306192520686869,39.58833128231765,0.07109056413173676,2.814356803894043,1.0380384922027588,0.6546070575714111,0.6306192520686869,39.58833128231765,0.028431640937924385,121,a15bfcdb48d80abc,-0.0,0.0,0.0,0.0,nan,nan,nan,nan,nan,nan,nan,nan,nan,nan,nan,nan,0.0,0.0,0.0,nan,nan,0.20000000298023224,0.20000000298023224,0.09532208368,0.0,0.0,0.0,0.0,0.0,0.0,0.0,0.0,0.0,0.0,0.0,0.0,0.04573924466967583,0.028431640937924385,0.000797147099092399,7.3307600021362305,261,nan,-1.0,True,,False,0.07780987024307251,0.07780987024307251,40.0,40.0,1.0,0.0,0.0,0.0,0.0,0.0
736,7.650557994842529,-0.0,0.12839172780513763,-0.0,0.7393774390220642,0.07050783932209015,2.813319444656372,1.0380876064300537,0.6544657945632935,0.6304533360281392,39.900803537670704,0.07050783932209015,2.813319444656372,1.0380876064300537,0.6544657945632935,0.6304533360281392,39.900803537670704,0.028345556929707527,121,a15bfcdb48d80abc,-0.0,0.0,0.0,0.0,nan,nan,nan,nan,nan,nan,nan,nan,nan,nan,nan,nan,0.0,0.0,0.0,nan,nan,0.20000000298023224,0.20000000298023224,0.09531003936768001,0.0,0.0,0.0,0.0,0.0,0.0,0.0,0.0,0.0,0.0,0.0,0.0,0.045798249542713165,0.028345556929707527,0.0008159166295627074,7.3307600021362305,261,nan,-1.0,True,,False,0.07780987024307251,0.07780987024307251,40.0,40.0,1.0,0.0,0.0,0.0,0.0,0.0
737,7.66068696975708,-0.0,0.1292809695005417,-0.0,0.7402125000953674,0.06933411955833435,2.8118934631347656,1.0381375551223755,0.6544098258018494,0.6303690898887746,40.555695825472704,0.06933411955833435,2.8118934631347656,1.0381375551223755,0.6544098258018494,0.6303690898887746,40.555695825472704,0.028258156031370163,121,a15bfcdb48d80abc,-0.0,0.0,0.0,0.0,nan,nan,nan,nan,nan,nan,nan,nan,nan,nan,nan,nan,0.0,0.0,0.0,nan,nan,0.20000000298023224,0.20000000298023224,0.09529798150784001,0.0,0.0,0.0,0.0,0.0,0.0,0.0,0.0,0.0,0.0,0.0,0.0,0.04585724323987961,0.028258156031370163,0.0008239574053732213,7.3307600021362305,261,nan,-1.0,True,,False,0.07780987024307251,0.07780987024307251,40.0,40.0,1.0,0.0,0.0,0.0,0.0,0.0
738,7.662117004394531,-0.0,0.1302213817834854,-0.0,0.7401674389839172,0.06805139034986496,2.8106517791748047,1.0381495952606201,0.6542168855667114,0.6301759289348612,41.30190088291682,0.06805139034986496,2.8106517791748047,1.0381495952606201,0.6542168855667114,0.6301759289348612,41.30190088291682,0.028169427067041397,121,a15bfcdb48d80abc,-0.0,0.0,0.0,0.0,nan,nan,nan,nan,nan,nan,nan,nan,nan,nan,nan,nan,0.0,0.0,0.0,nan,nan,0.20000000298023224,0.20000000298023224,0.09528591010816001,0.0,0.0,0.0,0.0,0.0,0.0,0.0,0.0,0.0,0.0,0.0,0.0,0.045916229486465454,0.028169427067041397,0.0008606727515143575,7.3307600021362305,261,nan,-1.0,True,,False,0.07780987024307251,0.07780987024307251,40.0,40.0,1.0,0.0,0.0,0.0,0.0,0.0
739,7.667733192443848,-0.0,0.1311793327331543,-0.0,0.7405374646186829,0.06622885912656784,2.8097243309020996,1.038201093673706,0.6541406512260437,0.6300712407375214,42.42447126459669,0.06622885912656784,2.8097243309020996,1.038201093673706,0.6541406512260437,0.6300712407375214,42.42447126459669,0.028083601966500282,121,a15bfcdb48d80abc,-0.0,0.0,0.0,0.0,nan,nan,nan,nan,nan,nan,nan,nan,nan,nan,nan,nan,0.0,0.0,0.0,nan,nan,0.20000000298023224,0.20000000298023224,0.09527382517631999,0.0,0.0,0.0,0.0,0.0,0.0,0.0,0.0,0.0,0.0,0.0,0.0,0.0459752082824707,0.028083601966500282,0.0008733598397157039,7.3307600021362305,261,nan,-1.0,True,,False,0.07780987024307251,0.07780987024307251,40.0,40.0,1.0,0.0,0.0,0.0,0.0,0.0
740,7.682725429534912,-0.0,0.13219158351421356,-0.0,0.7418342232704163,0.06436872482299805,2.8082995414733887,1.0382415056228638,0.6540862321853638,0.6299943015598891,43.62832336970613,0.06436872482299805,2.8082995414733887,1.0382415056228638,0.6540862321853638,0.6299943015598891,43.62832336970613,0.027996446937322617,121,a15bfcdb48d80abc,-0.0,0.0,0.0,0.0,nan,nan,nan,nan,nan,nan,nan,nan,nan,nan,nan,nan,0.0,0.0,0.0,nan,nan,0.20000000298023224,0.20000000298023224,0.09526172672000001,0.0,0.0,0.0,0.0,0.0,0.0,0.0,0.0,0.0,0.0,0.0,0.0,0.046034179627895355,0.027996446937322617,0.0008724051208446326,7.3307600021362305,261,nan,-1.0,True,,False,0.07780987024307251,0.07780987024307251,40.0,40.0,1.0,0.0,0.0,0.0,0.0,0.0
741,7.693772792816162,-0.0,0.1332240253686905,-0.0,0.7427324652671814,0.06348072737455368,2.8073294162750244,1.038293719291687,0.6539966464042664,0.6298763387015535,44.22333411069807,0.06348072737455368,2.8073294162750244,1.038293719291687,0.6539966464042664,0.6298763387015535,44.22333411069807,0.02791115827858448,121,a15bfcdb48d80abc,-0.0,0.0,0.0,0.0,nan,nan,nan,nan,nan,nan,nan,nan,nan,nan,nan,nan,0.0,0.0,0.0,nan,nan,0.20000000298023224,0.20000000298023224,0.09524961474688001,0.0,0.0,0.0,0.0,0.0,0.0,0.0,0.0,0.0,0.0,0.0,0.0,0.04609314352273941,0.02791115827858448,0.0008876415749909938,7.3307600021362305,261,nan,-1.0,True,,False,0.07780987024307251,0.07780987024307251,40.0,40.0,1.0,0.0,0.0,0.0,0.0,0.0
742,7.673859596252441,-0.0,0.13432449102401733,-0.0,0.7405210733413696,0.06255021691322327,2.805907726287842,1.0383299589157104,0.6537944078445435,0.6296595819379773,44.85848114932222,0.06255021691322327,2.805907726287842,1.0383299589157104,0.6537944078445435,0.6296595819379773,44.85848114932222,0.027823463082313538,121,a15bfcdb48d80abc,-0.0,0.0,0.0,0.0,nan,nan,nan,nan,nan,nan,nan,nan,nan,nan,nan,nan,0.0,0.0,0.0,nan,nan,0.20000000298023224,0.20000000298023224,0.09523748926464,0.0,0.0,0.0,0.0,0.0,0.0,0.0,0.0,0.0,0.0,0.0,0.0,0.04615209996700287,0.027823463082313538,0.000907399231891759,7.3307600021362305,261,nan,-1.0,True,,False,0.07780987024307251,0.07780987024307251,40.0,40.0,1.0,0.0,0.0,0.0,0.0,0.0
743,7.689345359802246,-0.0,0.1354658454656601,-0.0,0.7418413758277893,0.061395421624183655,2.8049445152282715,1.038364052772522,0.6536967754364014,0.6295448823473563,45.686542107292965,0.061395421624183655,2.8049445152282715,1.038364052772522,0.6536967754364014,0.6295448823473563,45.686542107292965,0.02773549221456051,121,a15bfcdb48d80abc,-0.0,0.0,0.0,0.0,nan,nan,nan,nan,nan,nan,nan,nan,nan,nan,nan,nan,0.0,0.0,0.0,nan,nan,0.20000000298023224,0.20000000298023224,0.09522535028096,0.0,0.0,0.0,0.0,0.0,0.0,0.0,0.0,0.0,0.0,0.0,0.0,0.04621104896068573,0.02773549221456051,0.0009273319615203945,7.3307600021362305,261,nan,-1.0,True,,False,0.07780987024307251,0.07780987024307251,40.0,40.0,1.0,0.0,0.0,0.0,0.0,0.0
744,7.69720983505249,-0.0,0.13663849234580994,-0.0,0.7423933148384094,0.06014612317085266,2.8037867546081543,1.038408637046814,0.6535866260528564,0.6294117775364683,46.61625067078129,0.06014612317085266,2.8037867546081543,1.038408637046814,0.6535866260528564,0.6294117775364683,46.61625067078129,0.02764831855893135,121,a15bfcdb48d80abc,-0.0,0.0,0.0,0.0,nan,nan,nan,nan,nan,nan,nan,nan,nan,nan,nan,nan,0.0,0.0,0.0,nan,nan,0.20000000298023224,0.20000000298023224,0.09521319780352,0.0,0.0,0.0,0.0,0.0,0.0,0.0,0.0,0.0,0.0,0.0,0.0,0.046269990503787994,0.02764831855893135,0.0009258578397748352,7.3307600021362305,261,nan,-1.0,True,,False,0.07780987024307251,0.07780987024307251,40.0,40.0,1.0,0.0,0.0,0.0,0.0,0.0
745,7.704347133636475,-0.0,0.13785320520401,-0.0,0.7428640723228455,0.058790139853954315,2.8023200035095215,1.0384206771850586,0.6534067988395691,0.6292313059586009,47.66649663482699,0.058790139853954315,2.8023200035095215,1.0384206771850586,0.6534067988395691,0.6292313059586009,47.66649663482699,0.027560871094465256,121,a15bfcdb48d80abc,-0.0,0.0,0.0,0.0,nan,nan,nan,nan,nan,nan,nan,nan,nan,nan,nan,nan,0.0,0.0,0.0,nan,nan,0.20000000298023224,0.20000000298023224,0.09520103183999999,0.0,0.0,0.0,0.0,0.0,0.0,0.0,0.0,0.0,0.0,0.0,0.0,0.04632892832159996,0.027560871094465256,0.0009350629170512548,7.3307600021362305,261,nan,-1.0,True,,False,0.07780987024307251,0.07780987024307251,40.0,40.0,1.0,0.0,0.0,0.0,0.0,0.0
746,7.71033239364624,-0.0,0.1390739381313324,-0.0,0.7432184815406799,0.057667918503284454,2.801351547241211,1.0384684801101685,0.6534025073051453,0.6291982085347718,48.57729600699323,0.057667918503284454,2.801351547241211,1.0384684801101685,0.6534025073051453,0.6291982085347718,48.57729600699323,0.02747531235218048,121,a15bfcdb48d80abc,-0.0,0.0,0.0,0.0,nan,nan,nan,nan,nan,nan,nan,nan,nan,nan,nan,nan,0.0,0.0,0.0,nan,nan,0.20000000298023224,0.20000000298023224,0.09518885239808,0.0,0.0,0.0,0.0,0.0,0.0,0.0,0.0,0.0,0.0,0.0,0.0,0.04638786241412163,0.02747531235218048,0.0009423046035408333,7.3307600021362305,261,nan,-1.0,True,,False,0.07780987024307251,0.07780987024307251,40.0,40.0,1.0,0.0,0.0,0.0,0.0,0.0
747,7.735550403594971,-0.0,0.14035145938396454,-0.0,0.7454847097396851,0.055993519723415375,2.800159215927124,1.0385098457336426,0.6533273458480835,0.6291007721612387,50.00863010146071,0.055993519723415375,2.800159215927124,1.0385098457336426,0.6533273458480835,0.6291007721612387,50.00863010146071,0.027388399466872215,121,a15bfcdb48d80abc,-0.0,0.0,0.0,0.0,nan,nan,nan,nan,nan,nan,nan,nan,nan,nan,nan,nan,0.0,0.0,0.0,nan,nan,0.20000000298023224,0.20000000298023224,0.09517665948544,0.0,0.0,0.0,0.0,0.0,0.0,0.0,0.0,0.0,0.0,0.0,0.0,0.0464467816054821,0.027388399466872215,0.0009439914342692646,7.3307600021362305,261,nan,-1.0,True,,False,0.07780987024307251,0.07780987024307251,40.0,40.0,1.0,0.0,0.0,0.0,0.0,0.0
748,7.755882263183594,-0.0,0.14168114960193634,-0.0,0.7472519874572754,0.05477256700396538,2.7986862659454346,1.0385956764221191,0.6532790064811707,0.6290022395737923,51.09649627600652,0.05477256700396538,2.7986862659454346,1.0385956764221191,0.6532790064811707,0.6290022395737923,51.09649627600652,0.027300119400024414,121,a15bfcdb48d80abc,-0.0,0.0,0.0,0.0,nan,nan,nan,nan,nan,nan,nan,nan,nan,nan,nan,nan,0.0,0.0,0.0,nan,nan,0.20000000298023224,0.20000000298023224,0.09516445310976,0.0,0.0,0.0,0.0,0.0,0.0,0.0,0.0,0.0,0.0,0.0,0.0,0.04650569707155228,0.027300119400024414,0.000949782383031561,7.3307600021362305,261,nan,-1.0,True,,False,0.07780987024307251,0.07780987024307251,40.0,40.0,1.0,0.0,0.0,0.0,0.0,0.0
749,7.758829116821289,-0.0,0.1430007666349411,-0.0,0.7472827434539795,0.053090743720531464,2.7977676391601562,1.038594365119934,0.6531195640563965,0.628849516221837,52.69784228089825,0.053090743720531464,2.7977676391601562,1.038594365119934,0.6531195640563965,0.628849516221837,52.69784228089825,0.027214836329221725,121,a15bfcdb48d80abc,-0.0,0.0,0.0,0.0,nan,nan,nan,nan,nan,nan,nan,nan,nan,nan,nan,nan,0.0,0.0,0.0,nan,nan,0.20000000298023224,0.20000000298023224,0.09515223327872001,0.0,0.0,0.0,0.0,0.0,0.0,0.0,0.0,0.0,0.0,0.0,0.0,0.046564605087041855,0.027214836329221725,0.0009547831091367698,7.3307600021362305,261,nan,-1.0,True,,False,0.07780987024307251,0.07780987024307251,40.0,40.0,1.0,0.0,0.0,0.0,0.0,0.0
750,7.7719197273254395,-0.0,0.14436613023281097,-0.0,0.7483187913894653,0.05198822170495987,2.7964134216308594,1.0386310815811157,0.6529167294502258,0.6286319955457966,53.78936478152457,0.05198822170495987,2.7964134216308594,1.0386310815811157,0.6529167294502258,0.6286319955457966,53.78936478152457,0.02712818793952465,121,a15bfcdb48d80abc,-0.0,0.0,0.0,0.0,nan,nan,nan,nan,nan,nan,nan,nan,nan,nan,nan,nan,0.0,0.0,0.0,nan,nan,0.20000000298023224,0.20000000298023224,0.09514,0.0,0.0,0.0,0.0,0.0,0.0,0.0,0.0,0.0,0.0,0.0,0.0,0.046623509377241135,0.02712818793952465,0.0009743903892740491,7.3307600021362305,261,nan,-1.0,True,,False,0.07780987024307251,0.07780987024307251,40.0,40.0,1.0,0.0,0.0,0.0,0.0,0.0
751,7.794997215270996,-0.0,0.14574867486953735,-0.0,0.7503499984741211,0.050673454999923706,2.795423984527588,1.0386804342269897,0.6528809666633606,0.6285676952692865,55.1654507183652,0.050673454999923706,2.795423984527588,1.0386804342269897,0.6528809666633606,0.6285676952692865,55.1654507183652,0.027042362838983536,121,a15bfcdb48d80abc,-0.0,0.0,0.0,0.0,nan,nan,nan,nan,nan,nan,nan,nan,nan,nan,nan,nan,0.0,0.0,0.0,nan,nan,0.20000000298023224,0.20000000298023224,0.09512775328128001,0.0,0.0,0.0,0.0,0.0,0.0,0.0,0.0,0.0,0.0,0.0,0.0,0.04668239876627922,0.027042362838983536,0.0009567683405293792,7.3307600021362305,261,nan,-1.0,True,,False,0.07780987024307251,0.07780987024307251,40.0,40.0,1.0,0.0,0.0,0.0,0.0,0.0
752,7.799407482147217,-0.0,0.14717742800712585,-0.0,0.750505268573761,0.050341762602329254,2.794187545776367,1.0387300252914429,0.6527009606361389,0.6283643918476378,55.50436459384287,0.050341762602329254,2.794187545776367,1.0387300252914429,0.6527009606361389,0.6283643918476378,55.50436459384287,0.02695515938103199,121,a15bfcdb48d80abc,-0.0,0.0,0.0,0.0,nan,nan,nan,nan,nan,nan,nan,nan,nan,nan,nan,nan,0.0,0.0,0.0,nan,nan,0.20000000298023224,0.20000000298023224,0.09511549313024001,0.0,0.0,0.0,0.0,0.0,0.0,0.0,0.0,0.0,0.0,0.0,0.0,0.046741288155317307,0.02695515938103199,0.0009765096647242899,7.3307600021362305,261,nan,-1.0,True,,False,0.07780987024307251,0.07780987024307251,40.0,40.0,1.0,0.0,0.0,0.0,0.0,0.0
753,7.823972225189209,-0.0,0.14859804511070251,-0.0,0.7526776194572449,0.04824884235858917,2.793036937713623,1.038769245147705,0.6526987552642822,0.6283385442081253,57.88816479689925,0.04824884235858917,2.793036937713623,1.038769245147705,0.6526987552642822,0.6283385442081253,57.88816479689925,0.026869891211390495,121,a15bfcdb48d80abc,-0.0,0.0,0.0,0.0,nan,nan,nan,nan,nan,nan,nan,nan,nan,nan,nan,nan,0.0,0.0,0.0,nan,nan,0.20000000298023224,0.20000000298023224,0.09510321955456001,0.0,0.0,0.0,0.0,0.0,0.0,0.0,0.0,0.0,0.0,0.0,0.0,0.0468001626431942,0.026869891211390495,0.000975875898348022,7.3307600021362305,261,nan,-1.0,True,,False,0.07780987024307251,0.07780987024307251,40.0,40.0,1.0,0.0,0.0,0.0,0.0,0.0
754,7.8497114181518555,-0.0,0.15008409321308136,-0.0,0.7549543380737305,0.04708857089281082,2.791799545288086,1.038799524307251,0.652522087097168,0.6281501597070122,59.288262360799735,0.04708857089281082,2.791799545288086,1.038799524307251,0.652522087097168,0.6281501597070122,59.288262360799735,0.02678212709724903,121,a15bfcdb48d80abc,-0.0,0.0,0.0,0.0,nan,nan,nan,nan,nan,nan,nan,nan,nan,nan,nan,nan,0.0,0.0,0.0,nan,nan,0.20000000298023224,0.20000000298023224,0.09509093256192001,0.0,0.0,0.0,0.0,0.0,0.0,0.0,0.0,0.0,0.0,0.0,0.0,0.04685903340578079,0.02678212709724903,0.0009695009598544857,7.3307600021362305,261,nan,-1.0,True,,False,0.07780987024307251,0.07780987024307251,40.0,40.0,1.0,0.0,0.0,0.0,0.0,0.0
755,7.859235763549805,-0.0,0.15155784785747528,-0.0,0.7556120157241821,0.04598134383559227,2.7903783321380615,1.0388503074645996,0.6524426937103271,0.6280430289351964,60.68501047109772,0.04598134383559227,2.7903783321380615,1.0388503074645996,0.6524426937103271,0.6280430289351964,60.68501047109772,0.026696305721998215,121,a15bfcdb48d80abc,-0.0,0.0,0.0,0.0,nan,nan,nan,nan,nan,nan,nan,nan,nan,nan,nan,nan,0.0,0.0,0.0,nan,nan,0.20000000298023224,0.20000000298023224,0.09507863216000002,0.0,0.0,0.0,0.0,0.0,0.0,0.0,0.0,0.0,0.0,0.0,0.0,0.04691789671778679,0.026696305721998215,0.000955309792971093,7.3307600021362305,261,nan,-1.0,True,,False,0.07780987024307251,0.07780987024307251,40.0,40.0,1.0,0.0,0.0,0.0,0.0,0.0
756,7.869861125946045,-0.0,0.15309342741966248,-0.0,0.7563674449920654,0.04594317078590393,2.789134979248047,1.0388941764831543,0.65240478515625,0.6279800194517972,60.70836930793197,0.04594317078590393,2.789134979248047,1.0388941764831543,0.65240478515625,0.6279800194517972,60.70836930793197,0.026607967913150787,121,a15bfcdb48d80abc,-0.0,0.0,0.0,0.0,nan,nan,nan,nan,nan,nan,nan,nan,nan,nan,nan,nan,0.0,0.0,0.0,nan,nan,0.20000000298023224,0.20000000298023224,0.09506631835648001,0.0,0.0,0.0,0.0,0.0,0.0,0.0,0.0,0.0,0.0,0.0,0.0,0.04697675257921219,0.026607967913150787,0.0009806807288441632,7.3307600021362305,261,nan,-1.0,True,,False,0.07780987024307251,0.07780987024307251,40.0,40.0,1.0,0.0,0.0,0.0,0.0,0.0
757,7.910676956176758,-0.0,0.15457670390605927,-0.0,0.7601523399353027,0.043624699115753174,2.788264274597168,1.0389436483383179,0.6523290872573853,0.627877256192593,63.91480815028262,0.043624699115753174,2.788264274597168,1.0389436483383179,0.6523290872573853,0.627877256192593,63.91480815028262,0.026523830369114876,121,a15bfcdb48d80abc,-0.0,0.0,0.0,0.0,nan,nan,nan,nan,nan,nan,nan,nan,nan,nan,nan,nan,0.0,0.0,0.0,nan,nan,0.20000000298023224,0.20000000298023224,0.09505399115904001,0.0,0.0,0.0,0.0,0.0,0.0,0.0,0.0,0.0,0.0,0.0,0.0,0.04703560099005699,0.026523830369114876,0.0009688599507171602,7.3307600021362305,261,nan,-1.0,True,,False,0.07780987024307251,0.07780987024307251,40.0,40.0,1.0,0.0,0.0,0.0,0.0,0.0
758,7.915931701660156,-0.0,0.15611906349658966,-0.0,0.7603693604469299,0.04360496625304222,2.7870144844055176,1.0389907360076904,0.6523013114929199,0.6278220670180179,63.91507032094248,0.04360496625304222,2.7870144844055176,1.0389907360076904,0.6523013114929199,0.6278220670180179,63.91507032094248,0.026437172666192055,121,a15bfcdb48d80abc,-0.0,0.0,0.0,0.0,nan,nan,nan,nan,nan,nan,nan,nan,nan,nan,nan,nan,0.0,0.0,0.0,nan,nan,0.20000000298023224,0.20000000298023224,0.09504165057536,0.0,0.0,0.0,0.0,0.0,0.0,0.0,0.0,0.0,0.0,0.0,0.0,0.0470944382250309,0.026437172666192055,0.000975242387085018,7.3307600021362305,261,nan,-1.0,True,,False,0.07780987024307251,0.07780987024307251,40.0,40.0,1.0,0.0,0.0,0.0,0.0,0.0
759,7.950123310089111,-0.0,0.15766310691833496,-0.0,0.7634797096252441,0.042003706097602844,2.7858407497406006,1.039048671722412,0.6521627902984619,0.6276537452450457,66.32368923035553,0.042003706097602844,2.7858407497406006,1.039048671722412,0.6521627902984619,0.6276537452450457,66.32368923035553,0.026351358741521835,121,a15bfcdb48d80abc,-0.0,0.0,0.0,0.0,nan,nan,nan,nan,nan,nan,nan,nan,nan,nan,nan,nan,0.0,0.0,0.0,nan,nan,0.20000000298023224,0.20000000298023224,0.09502929661312,0.0,0.0,0.0,0.0,0.0,0.0,0.0,0.0,0.0,0.0,0.0,0.0,0.04715326800942421,0.026351358741521835,0.0009500527057753061,7.3307600021362305,261,nan,-1.0,True,,False,0.07780987024307251,0.07780987024307251,40.0,40.0,1.0,0.0,0.0,0.0,0.0,0.0
760,7.980981826782227,-0.0,0.15922807157039642,-0.0,0.7662525773048401,0.040951069444417953,2.7846872806549072,1.0391106605529785,0.6521552205085754,0.6276090172739842,68.00035550804128,0.040951069444417953,2.7846872806549072,1.0391106605529785,0.6521552205085754,0.6276090172739842,68.00035550804128,0.02626526542007923,121,a15bfcdb48d80abc,-0.0,0.0,0.0,0.0,nan,nan,nan,nan,nan,nan,nan,nan,nan,nan,nan,nan,0.0,0.0,0.0,nan,nan,0.20000000298023224,0.20000000298023224,0.09501692928,0.0,0.0,0.0,0.0,0.0,0.0,0.0,0.0,0.0,0.0,0.0,0.0,0.04721209406852722,0.02626526542007923,0.0009634702446419396,7.3307600021362305,261,nan,-1.0,True,,False,0.07780987024307251,0.07780987024307251,40.0,40.0,1.0,0.0,0.0,0.0,0.0,0.0
761,7.997118949890137,-0.0,0.16080953180789948,-0.0,0.767549991607666,0.039811503142118454,2.7834455966949463,1.039106011390686,0.6518974304199219,0.6273637369756488,69.91561174564667,0.039811503142118454,2.7834455966949463,1.039106011390686,0.6518974304199219,0.6273637369756488,69.91561174564667,0.026178888976573944,121,a15bfcdb48d80abc,-0.0,0.0,0.0,0.0,nan,nan,nan,nan,nan,nan,nan,nan,nan,nan,nan,nan,0.0,0.0,0.0,nan,nan,0.20000000298023224,0.20000000298023224,0.09500454858368002,0.0,0.0,0.0,0.0,0.0,0.0,0.0,0.0,0.0,0.0,0.0,0.0,0.047270894050598145,0.026178888976573944,0.0009550824593134166,7.3307600021362305,261,nan,-1.0,True,,False,0.07780987024307251,0.07780987024307251,40.0,40.0,1.0,0.0,0.0,0.0,0.0,0.0
762,8.019512176513672,-0.0,0.16238994896411896,-0.0,0.7694732546806335,0.0382348969578743,2.781981945037842,1.0391342639923096,0.6517575979232788,0.6272121134946065,72.76028357296006,0.0382348969578743,2.781981945037842,1.0391342639923096,0.6517575979232788,0.6272121134946065,72.76028357296006,0.026093367487192154,121,01401a024a8bca0d,-0.0,0.0,0.0,0.0,nan,nan,nan,nan,nan,nan,nan,nan,nan,nan,nan,nan,0.0,0.0,0.0,nan,nan,0.20000000298023224,0.20000000298023224,0.09499215453184001,0.0,0.0,0.0,0.0,0.0,0.0,0.0,0.0,0.0,0.0,0.0,0.0,0.04732969030737877,0.026093367487192154,0.0009511328812550346,7.3307600021362305,261,nan,-1.0,True,,False,0.07780987024307251,0.07780987024307251,40.0,40.0,1.0,0.0,0.0,0.0,0.0,0.0
763,8.035599708557129,-0.0,0.16400901973247528,-0.0,0.7707581520080566,0.03776313364505768,2.7810556888580322,1.039190411567688,0.6516933441162109,0.627116394514349,73.64472755353576,0.03776313364505768,2.7810556888580322,1.039190411567688,0.6516933441162109,0.627116394514349,73.64472755353576,0.026006421074271202,121,01401a024a8bca0d,-0.0,0.0,0.0,0.0,nan,nan,nan,nan,nan,nan,nan,nan,nan,nan,nan,nan,0.0,0.0,0.0,nan,nan,0.20000000298023224,0.20000000298023224,0.09497974713216001,0.0,0.0,0.0,0.0,0.0,0.0,0.0,0.0,0.0,0.0,0.0,0.0,0.0473884716629982,0.026006421074271202,0.0009520237690594513,7.3307600021362305,261,nan,-1.0,True,,False,0.07780987024307251,0.07780987024307251,40.0,40.0,1.0,0.0,0.0,0.0,0.0,0.0
764,8.084150314331055,-0.0,0.16562342643737793,-0.0,0.775290310382843,0.0364246666431427,2.7796061038970947,1.0392212867736816,0.6515901684761047,0.6269984812368513,76.31109245636385,0.0364246666431427,2.7796061038970947,1.0392212867736816,0.6515901684761047,0.6269984812368513,76.31109245636385,0.025920331478118896,121,01401a024a8bca0d,-0.0,0.0,0.0,0.0,nan,nan,nan,nan,nan,nan,nan,nan,nan,nan,nan,nan,0.0,0.0,0.0,nan,nan,0.20000000298023224,0.20000000298023224,0.09496732639232001,0.0,0.0,0.0,0.0,0.0,0.0,0.0,0.0,0.0,0.0,0.0,0.0,0.04744723439216614,0.025920331478118896,0.0009410687748641067,7.3307600021362305,261,nan,-1.0,True,,False,0.07780987024307251,0.07780987024307251,40.0,40.0,1.0,0.0,0.0,0.0,0.0,0.0
765,8.113073348999023,-0.0,0.16721057891845703,-0.0,0.7778651714324951,0.03520374745130539,2.7784056663513184,1.0392553806304932,0.6514935493469238,0.6268849423244527,78.92357682074817,0.03520374745130539,2.7784056663513184,1.0392553806304932,0.6514935493469238,0.6268849423244527,78.92357682074817,0.025836260989308357,121,01401a024a8bca0d,-0.0,0.0,0.0,0.0,nan,nan,nan,nan,nan,nan,nan,nan,nan,nan,nan,nan,0.0,0.0,0.0,nan,nan,0.20000000298023224,0.20000000298023224,0.09495489232,0.0,0.0,0.0,0.0,0.0,0.0,0.0,0.0,0.0,0.0,0.0,0.0,0.04750599339604378,0.025836260989308357,0.000931801345814165,7.3307600021362305,261,nan,-1.0,True,,False,0.07780987024307251,0.07780987024307251,40.0,40.0,1.0,0.0,0.0,0.0,0.0,0.0
766,8.14220905303955,-0.0,0.16883476078510284,-0.0,0.7804539799690247,0.0337548702955246,2.7772207260131836,1.0393075942993164,0.6514394879341125,0.626801431556268,82.27614864754501,0.0337548702955246,2.7772207260131836,1.0393075942993164,0.6514394879341125,0.626801431556268,82.27614864754501,0.02575075998902321,121,01401a024a8bca0d,-0.0,0.0,0.0,0.0,nan,nan,nan,nan,nan,nan,nan,nan,nan,nan,nan,nan,0.0,0.0,0.0,nan,nan,0.20000000298023224,0.20000000298023224,0.09494244492288001,0.0,0.0,0.0,0.0,0.0,0.0,0.0,0.0,0.0,0.0,0.0,0.0,0.04756474494934082,0.02575075998902321,0.0009224610125784238,7.3307600021362305,261,nan,-1.0,True,,False,0.07780987024307251,0.07780987024307251,40.0,40.0,1.0,0.0,0.0,0.0,0.0,0.0
767,8.179436683654785,-0.0,0.17049631476402283,-0.0,0.7838443517684937,0.0323270820081234,2.7761330604553223,1.0393576622009277,0.6513803601264954,0.6267143485016913,85.87638871203143,0.0323270820081234,2.7761330604553223,1.0393576622009277,0.6513803601264954,0.6267143485016913,85.87638871203143,0.025663813576102257,121,01401a024a8bca0d,-0.0,0.0,0.0,0.0,nan,nan,nan,nan,nan,nan,nan,nan,nan,nan,nan,nan,0.0,0.0,0.0,nan,nan,0.20000000298023224,0.20000000298023224,0.09492998420864,0.0,0.0,0.0,0.0,0.0,0.0,0.0,0.0,0.0,0.0,0.0,0.0,0.04762348532676697,0.025663813576102257,0.0008977147249424888,7.3307600021362305,261,nan,-1.0,True,,False,0.07780987024307251,0.07780987024307251,40.0,40.0,1.0,0.0,0.0,0.0,0.0,0.0
768,8.223997116088867,-0.0,0.17212830483913422,-0.0,0.7879740595817566,0.03155521675944328,2.7751083374023438,1.0394251346588135,0.651361882686615,0.6266558898447473,87.94451828862367,0.03155521675944328,2.7751083374023438,1.0394251346588135,0.651361882686615,0.6266558898447473,87.94451828862367,0.025578901171684265,121,01401a024a8bca0d,-0.0,0.0,0.0,0.0,nan,nan,nan,nan,nan,nan,nan,nan,nan,nan,nan,nan,0.0,0.0,0.0,nan,nan,0.20000000298023224,0.20000000298023224,0.09491751018496,0.0,0.0,0.0,0.0,0.0,0.0,0.0,0.0,0.0,0.0,0.0,0.0,0.04768222197890282,0.025578901171684265,0.0008896896256374021,7.3307600021362305,261,nan,-1.0,True,,False,0.07780987024307251,0.07780987024307251,40.0,40.0,1.0,0.0,0.0,0.0,0.0,0.0
769,8.244246482849121,-0.0,0.173797145485878,-0.0,0.7896652221679688,0.03126038238406181,2.773916244506836,1.0394419431686401,0.651204526424408,0.6264943710461334,88.73583855842801,0.03126038238406181,2.773916244506836,1.0394419431686401,0.651204526424408,0.6264943710461334,88.73583855842801,0.025492537766695023,121,01401a024a8bca0d,-0.0,0.0,0.0,0.0,nan,nan,nan,nan,nan,nan,nan,nan,nan,nan,nan,nan,0.0,0.0,0.0,nan,nan,0.20000000298023224,0.20000000298023224,0.09490502285952002,0.0,0.0,0.0,0.0,0.0,0.0,0.0,0.0,0.0,0.0,0.0,0.0,0.047740936279296875,0.025492537766695023,0.0009058975788320822,7.3307600021362305,261,nan,-1.0,True,,False,0.07780987024307251,0.07780987024307251,40.0,40.0,1.0,0.0,0.0,0.0,0.0,0.0
770,8.290172576904297,-0.0,0.17545755207538605,-0.0,0.7939257025718689,0.0297531895339489,2.7724523544311523,1.0394800901412964,0.6511012315750122,0.6263720082281788,93.18168565651547,0.0297531895339489,2.7724523544311523,1.0394800901412964,0.6511012315750122,0.6263720082281788,93.18168565651547,0.025407051667571068,121,01401a024a8bca0d,-0.0,0.0,0.0,0.0,nan,nan,nan,nan,nan,nan,nan,nan,nan,nan,nan,nan,0.0,0.0,0.0,nan,nan,0.20000000298023224,0.20000000298023224,0.09489252224,0.0,0.0,0.0,0.0,0.0,0.0,0.0,0.0,0.0,0.0,0.0,0.0,0.047799646854400635,0.025407051667571068,0.0008908309682738036,7.3307600021362305,261,nan,-1.0,True,,False,0.07780987024307251,0.07780987024307251,40.0,40.0,1.0,0.0,0.0,0.0,0.0,0.0
771,8.337430000305176,-0.0,0.177085742354393,-0.0,0.7983258366584778,0.028670141473412514,2.771587371826172,1.0395441055297852,0.6510756015777588,0.6263087810458505,96.67156244751794,0.028670141473412514,2.771587371826172,1.0395441055297852,0.6510756015777588,0.6263087810458505,96.67156244751794,0.02532363310456276,121,01401a024a8bca0d,-0.0,0.0,0.0,0.0,nan,nan,nan,nan,nan,nan,nan,nan,nan,nan,nan,nan,0.0,0.0,0.0,nan,nan,0.20000000298023224,0.20000000298023224,0.09488000833408,0.0,0.0,0.0,0.0,0.0,0.0,0.0,0.0,0.0,0.0,0.0,0.0,0.0478583425283432,0.02532363310456276,0.0008858713890731451,7.3307600021362305,261,nan,-1.0,True,,False,0.07780987024307251,0.07780987024307251,40.0,40.0,1.0,0.0,0.0,0.0,0.0,0.0
772,8.38899040222168,-0.0,0.1787962168455124,-0.0,0.8031397461891174,0.02685178816318512,2.7700748443603516,1.0395901203155518,0.6510468125343323,0.6262533664101357,103.16165268122573,0.02685178816318512,2.7700748443603516,1.0395901203155518,0.6510468125343323,0.6262533664101357,103.16165268122573,0.02523639425635338,121,ca13b11b9a74a025,-0.0,0.0,0.0,0.0,nan,nan,nan,nan,nan,nan,nan,nan,nan,nan,nan,nan,0.0,0.0,0.0,nan,nan,0.20000000298023224,0.20000000298023224,0.09486748114943999,0.0,0.0,0.0,0.0,0.0,0.0,0.0,0.0,0.0,0.0,0.0,0.0,0.04791703447699547,0.02523639425635338,0.0008531060248060385,7.3307600021362305,261,nan,-1.0,True,,False,0.07780987024307251,0.07780987024307251,40.0,40.0,1.0,0.0,0.0,0.0,0.0,0.0
773,8.447080612182617,-0.0,0.18045072257518768,-0.0,0.808617889881134,0.025874994695186615,2.7689342498779297,1.0396298170089722,0.6509191989898682,0.6261067048486265,107.0119736253712,0.025874994695186615,2.7689342498779297,1.0396298170089722,0.6509191989898682,0.6261067048486265,107.0119736253712,0.025152409449219704,121,ca13b11b9a74a025,-0.0,0.0,0.0,0.0,nan,nan,nan,nan,nan,nan,nan,nan,nan,nan,nan,nan,0.0,0.0,0.0,nan,nan,0.20000000298023224,0.20000000298023224,0.09485494069376,0.0,0.0,0.0,0.0,0.0,0.0,0.0,0.0,0.0,0.0,0.0,0.0,0.04797570779919624,0.025152409449219704,0.0008575098943310877,7.3307600021362305,261,nan,-1.0,True,,False,0.07780987024307251,0.07780987024307251,40.0,40.0,1.0,0.0,0.0,0.0,0.0,0.0
774,8.450088500976562,-0.0,0.18216507136821747,-0.0,0.8085758686065674,0.025963883846998215,2.767961025238037,1.0396602153778076,0.6507961750030518,0.6259700673133438,106.60812694854401,0.025963883846998215,2.767961025238037,1.0396602153778076,0.6507961750030518,0.6259700673133438,106.60812694854401,0.025065764784812927,121,ca13b11b9a74a025,-0.0,0.0,0.0,0.0,nan,nan,nan,nan,nan,nan,nan,nan,nan,nan,nan,nan,0.0,0.0,0.0,nan,nan,0.20000000298023224,0.20000000298023224,0.09484238697472,0.0,0.0,0.0,0.0,0.0,0.0,0.0,0.0,0.0,0.0,0.0,0.0,0.04803438112139702,0.025065764784812927,0.0008650194108668074,7.3307600021362305,261,nan,-1.0,True,,False,0.07780987024307251,0.07780987024307251,40.0,40.0,1.0,0.0,0.0,0.0,0.0,0.0
775,8.526470184326172,-0.0,0.18386898934841156,-0.0,0.8158732056617737,0.023822946473956108,2.766768217086792,1.039750099182129,0.6508879661560059,0.6260042356985555,116.13879165247246,0.023822946473956108,2.766768217086792,1.039750099182129,0.6508879661560059,0.6260042356985555,116.13879165247246,0.024980012327432632,121,ca13b11b9a74a025,-0.0,0.0,0.0,0.0,nan,nan,nan,nan,nan,nan,nan,nan,nan,nan,nan,nan,0.0,0.0,0.0,nan,nan,0.20000000298023224,0.20000000298023224,0.09482982000000001,0.0,0.0,0.0,0.0,0.0,0.0,0.0,0.0,0.0,0.0,0.0,0.0,0.0480930469930172,0.024980012327432632,0.0008266088143500383,7.3307600021362305,261,nan,-1.0,True,,False,0.07780987024307251,0.07780987024307251,40.0,40.0,1.0,0.0,0.0,0.0,0.0,0.0
776,8.540528297424316,-0.0,0.1855141967535019,-0.0,0.8169500827789307,0.02378569170832634,2.765583038330078,1.0397487878799438,0.6506150364875793,0.6257425294182729,116.27086873248119,0.02378569170832634,2.765583038330078,1.0397487878799438,0.6506150364875793,0.6257425294182729,116.27086873248119,0.024897556751966476,121,ca13b11b9a74a025,-0.0,0.0,0.0,0.0,nan,nan,nan,nan,nan,nan,nan,nan,nan,nan,nan,nan,0.0,0.0,0.0,nan,nan,0.20000000298023224,0.20000000298023224,0.09481723977728002,0.0,0.0,0.0,0.0,0.0,0.0,0.0,0.0,0.0,0.0,0.0,0.0,0.04815169423818588,0.024897556751966476,0.0008292838072065933,7.3307600021362305,261,nan,-1.0,True,,False,0.07780987024307251,0.07780987024307251,40.0,40.0,1.0,0.0,0.0,0.0,0.0,0.0
777,8.629169464111328,-0.0,0.18724367022514343,-0.0,0.8254683017730713,0.0221122857183218,2.7641263008117676,1.0398045778274536,0.6505535244941711,0.6256497984009883,125.00409663762021,0.0221122857183218,2.7641263008117676,1.0398045778274536,0.6505535244941711,0.6256497984009883,125.00409663762021,0.02481122314929962,121,ca13b11b9a74a025,-0.0,0.0,0.0,0.0,nan,nan,nan,nan,nan,nan,nan,nan,nan,nan,nan,nan,0.0,0.0,0.0,nan,nan,0.20000000298023224,0.20000000298023224,0.09480464631424,0.0,0.0,0.0,0.0,0.0,0.0,0.0,0.0,0.0,0.0,0.0,0.0,0.04821033403277397,0.02481122314929962,0.0008177201491434971,7.3307600021362305,261,nan,-1.0,True,,False,0.07780987024307251,0.07780987024307251,40.0,40.0,1.0,0.0,0.0,0.0,0.0,0.0
778,8.681183815002441,-0.0,0.1889132857322693,-0.0,0.8303357362747192,0.021102650091052055,2.763206720352173,1.0398454666137695,0.6505099534988403,0.6255832951959771,130.9412186824738,0.021102650091052055,2.763206720352173,1.0398454666137695,0.6505099534988403,0.6255832951959771,130.9412186824738,0.02472820319235325,121,84de05de206f5520,-0.0,0.0,0.0,0.0,nan,nan,nan,nan,nan,nan,nan,nan,nan,nan,nan,nan,0.0,0.0,0.0,nan,nan,0.20000000298023224,0.20000000298023224,0.09479203961856,0.0,0.0,0.0,0.0,0.0,0.0,0.0,0.0,0.0,0.0,0.0,0.0,0.04826897010207176,0.02472820319235325,0.0007959981867315946,7.3307600021362305,261,nan,-1.0,True,,False,0.07780987024307251,0.07780987024307251,40.0,40.0,1.0,0.0,0.0,0.0,0.0,0.0
779,8.74507999420166,-0.0,0.19066818058490753,-0.0,0.8363743424415588,0.02009461261332035,2.761795997619629,1.0398917198181152,0.6504440903663635,0.6254921334310951,137.43962378199245,0.02009461261332035,2.761795997619629,1.0398917198181152,0.6504440903663635,0.6254921334310951,137.43962378199245,0.02464127726852894,121,a28d20f0688ba7de,-0.0,0.0,0.0,0.0,nan,nan,nan,nan,nan,nan,nan,nan,nan,nan,nan,nan,0.0,0.0,0.0,nan,nan,0.20000000298023224,0.20000000298023224,0.09477941969792,0.0,0.0,0.0,0.0,0.0,0.0,0.0,0.0,0.0,0.0,0.0,0.0,0.04832759499549866,0.02464127726852894,0.0007933855008559476,7.3307600021362305,261,nan,-1.0,True,,False,0.07780987024307251,0.07780987024307251,40.0,40.0,1.0,0.0,0.0,0.0,0.0,0.0
780,8.787842750549316,-0.0,0.19233758747577667,-0.0,0.8403167724609375,0.019105829298496246,2.760560989379883,1.0399543046951294,0.6505169868469238,0.6255245869073333,144.48789143097582,0.019105829298496246,2.760560989379883,1.0399543046951294,0.6505169868469238,0.6255245869073333,144.48789143097582,0.02455889619886875,121,a28d20f0688ba7de,-0.0,0.0,0.0,0.0,nan,nan,nan,nan,nan,nan,nan,nan,nan,nan,nan,nan,0.0,0.0,0.0,nan,nan,0.20000000298023224,0.20000000298023224,0.09476678656,0.0,0.0,0.0,0.0,0.0,0.0,0.0,0.0,0.0,0.0,0.0,0.0,0.048386216163635254,0.02455889619886875,0.0007702310720105743,7.3307600021362305,261,nan,-1.0,True,,False,0.07780987024307251,0.07780987024307251,40.0,40.0,1.0,0.0,0.0,0.0,0.0,0.0
781,8.88497257232666,-0.0,0.19406826794147491,-0.0,0.8496835827827454,0.017788037657737732,2.759631872177124,1.0400094985961914,0.6504352688789368,0.6254128157068726,155.13975882419464,0.017788037657737732,2.759631872177124,1.0400094985961914,0.6504352688789368,0.6254128157068726,155.13975882419464,0.024473803117871284,121,a28d20f0688ba7de,-0.0,0.0,0.0,0.0,nan,nan,nan,nan,nan,nan,nan,nan,nan,nan,nan,nan,0.0,0.0,0.0,nan,nan,0.20000000298023224,0.20000000298023224,0.09475414021248,0.0,0.0,0.0,0.0,0.0,0.0,0.0,0.0,0.0,0.0,0.0,0.0,0.04844481870532036,0.024473803117871284,0.0007510338496103941,7.3307600021362305,261,nan,-1.0,True,,False,0.07780987024307251,0.07780987024307251,40.0,40.0,1.0,0.0,0.0,0.0,0.0,0.0
782,8.908185005187988,-0.0,0.19583629071712494,-0.0,0.8516512513160706,0.01780398003757,2.7581920623779297,1.0400513410568237,0.6503633856773376,0.6253185395794848,154.91997050982906,0.01780398003757,2.7581920623779297,1.0400513410568237,0.6503633856773376,0.6253185395794848,154.91997050982906,0.024387191981077194,121,a28d20f0688ba7de,-0.0,0.0,0.0,0.0,nan,nan,nan,nan,nan,nan,nan,nan,nan,nan,nan,nan,0.0,0.0,0.0,nan,nan,0.20000000298023224,0.20000000298023224,0.09474148066304,0.0,0.0,0.0,0.0,0.0,0.0,0.0,0.0,0.0,0.0,0.0,0.0,0.048503413796424866,0.024387191981077194,0.0007708292926054128,7.3307600021362305,261,nan,-1.0,True,,False,0.07780987024307251,0.07780987024307251,40.0,40.0,1.0,0.0,0.0,0.0,0.0,0.0
783,9.0050687789917,-0.0,0.19751647114753723,-0.0,0.861003577709198,0.01584036275744438,2.7569947242736816,1.04007089138031,0.6501248478889465,0.6250774377755596,174.04871128838238,0.01584036275744438,2.7569947242736816,1.04007089138031,0.6501248478889465,0.6250774377755596,174.04871128838238,0.024305177852511406,121,a28d20f0688ba7de,-0.0,0.0,0.0,0.0,nan,nan,nan,nan,nan,nan,nan,nan,nan,nan,nan,nan,0.0,0.0,0.0,nan,nan,0.20000000298023224,0.20000000298023224,0.09472880791936,0.0,0.0,0.0,0.0,0.0,0.0,0.0,0.0,0.0,0.0,0.0,0.0,0.04856200888752937,0.024305177852511406,0.0007209259799765277,7.3307600021362305,261,nan,-1.0,True,,False,0.07780987024307251,0.07780987024307251,40.0,40.0,1.0,0.0,0.0,0.0,0.0,0.0
784,9.086908340454102,-0.0,0.199284166097641,-0.0,0.8688340187072754,0.014891361817717552,2.756119966506958,1.0401358604431152,0.6501845717430115,0.625095813412319,185.0817944150522,0.014891361817717552,2.756119966506958,1.0401358604431152,0.6501845717430115,0.625095813412319,185.0817944150522,0.024219192564487457,121,a28d20f0688ba7de,-0.0,0.0,0.0,0.0,nan,nan,nan,nan,nan,nan,nan,nan,nan,nan,nan,nan,0.0,0.0,0.0,nan,nan,0.20000000298023224,0.20000000298023224,0.09471612198912001,0.0,0.0,0.0,0.0,0.0,0.0,0.0,0.0,0.0,0.0,0.0,0.0,0.04862058535218239,0.024219192564487457,0.0007058975395466405,7.3307600021362305,261,nan,-1.0,True,,False,0.07780987024307251,0.07780987024307251,40.0,40.0,1.0,0.0,0.0,0.0,0.0,0.0
785,9.148694038391113,-0.0,0.20103901624679565,-0.0,0.8746616840362549,0.014626652002334595,2.7546157836914062,1.0401865243911743,0.6501500606536865,0.6250321893318337,188.32852407042537,0.014626652002334595,2.7546157836914062,1.0401865243911743,0.6501500606536865,0.6250321893318337,188.32852407042537,0.024134136736392975,121,a28d20f0688ba7de,-0.0,0.0,0.0,0.0,nan,nan,nan,nan,nan,nan,nan,nan,nan,nan,nan,nan,0.0,0.0,0.0,nan,nan,0.20000000298023224,0.20000000298023224,0.09470342288,0.0,0.0,0.0,0.0,0.0,0.0,0.0,0.0,0.0,0.0,0.0,0.0,0.048679154366254807,0.024134136736392975,0.0007169486475504527,7.3307600021362305,261,nan,-1.0,True,,False,0.07780987024307251,0.07780987024307251,40.0,40.0,1.0,0.0,0.0,0.0,0.0,0.0
786,9.228167533874512,-0.0,0.20278042554855347,-0.0,0.8822607398033142,0.013683365657925606,2.7536888122558594,1.0402179956436157,0.6500025987625122,0.6248715187438524,201.24353036351715,0.013683365657925606,2.7536888122558594,1.0402179956436157,0.6500025987625122,0.6248715187438524,201.24353036351715,0.024050019681453705,121,a28d20f0688ba7de,-0.0,0.0,0.0,0.0,nan,nan,nan,nan,nan,nan,nan,nan,nan,nan,nan,nan,0.0,0.0,0.0,nan,nan,0.20000000298023224,0.20000000298023224,0.09469071059968,0.0,0.0,0.0,0.0,0.0,0.0,0.0,0.0,0.0,0.0,0.0,0.0,0.04873771592974663,0.024050019681453705,0.0007005595368809736,7.3307600021362305,261,nan,-1.0,True,,False,0.07780987024307251,0.07780987024307251,40.0,40.0,1.0,0.0,0.0,0.0,0.0,0.0
787,9.383597373962402,-0.0,0.20450805127620697,-0.0,0.8974581956863403,0.012091255746781826,2.752351760864258,1.0403048992156982,0.6501444578170776,0.6249556820382481,227.6315891835152,0.012091255746781826,2.752351760864258,1.0403048992156982,0.6501444578170776,0.6249556820382481,227.6315891835152,0.023966850712895393,121,a28d20f0688ba7de,-0.0,0.0,0.0,0.0,nan,nan,nan,nan,nan,nan,nan,nan,nan,nan,nan,nan,0.0,0.0,0.0,nan,nan,0.20000000298023224,0.20000000298023224,0.09467798515584,0.0,0.0,0.0,0.0,0.0,0.0,0.0,0.0,0.0,0.0,0.0,0.0,0.04879627749323845,0.023966850712895393,0.0006671613373328,7.3307600021362305,261,nan,-1.0,True,,False,0.07780987024307251,0.07780987024307251,40.0,40.0,1.0,0.0,0.0,0.0,0.0,0.0
788,9.497211456298828,-0.0,0.20629960298538208,-0.0,0.9084612131118774,0.011033974587917328,2.751319408416748,1.040296196937561,0.6499241590499878,0.6247491444871605,249.3498046868406,0.011033974587917328,2.751319408416748,1.040296196937561,0.6499241590499878,0.6247491444871605,249.3498046868406,0.02388089708983898,121,a28d20f0688ba7de,-0.0,0.0,0.0,0.0,nan,nan,nan,nan,nan,nan,nan,nan,nan,nan,nan,nan,0.0,0.0,0.0,nan,nan,0.20000000298023224,0.20000000298023224,0.09466524655616,0.0,0.0,0.0,0.0,0.0,0.0,0.0,0.0,0.0,0.0,0.0,0.0,0.04885482415556908,0.02388089708983898,0.0006474546487424959,7.3307600021362305,261,nan,-1.0,True,,False,0.07780987024307251,0.07780987024307251,40.0,40.0,1.0,0.0,0.0,0.0,0.0,0.0
789,9.57231616973877,-0.0,0.2080250382423401,-0.0,0.9156266450881958,0.010275724343955517,2.750019073486328,1.0403976440429688,0.6500111222267151,0.6247718129202813,267.6228926969971,0.010275724343955517,2.750019073486328,1.0403976440429688,0.6500111222267151,0.6247718129202813,267.6228926969971,0.023798389360308647,121,a28d20f0688ba7de,-0.0,0.0,0.0,0.0,nan,nan,nan,nan,nan,nan,nan,nan,nan,nan,nan,nan,0.0,0.0,0.0,nan,nan,0.20000000298023224,0.20000000298023224,0.09465249480832,0.0,0.0,0.0,0.0,0.0,0.0,0.0,0.0,0.0,0.0,0.0,0.0,0.048913367092609406,0.023798389360308647,0.0006241343851343117,7.3307600021362305,261,nan,-1.0,True,,False,0.07780987024307251,0.07780987024307251,40.0,40.0,1.0,0.0,0.0,0.0,0.0,0.0
790,9.6190824508667,-0.0,0.20976212620735168,-0.0,0.9199557900428772,0.010128911584615707,2.7486839294433594,1.0403956174850464,0.649840772151947,0.6246092940326012,271.37011775462594,0.010128911584615707,2.7486839294433594,1.0403956174850464,0.649840772151947,0.6246092940326012,271.37011775462594,0.02371559478342533,121,a28d20f0688ba7de,-0.0,0.0,0.0,0.0,nan,nan,nan,nan,nan,nan,nan,nan,nan,nan,nan,nan,0.0,0.0,0.0,nan,nan,0.20000000298023224,0.20000000298023224,0.09463972992000001,0.0,0.0,0.0,0.0,0.0,0.0,0.0,0.0,0.0,0.0,0.0,0.0,0.04897189885377884,0.02371559478342533,0.0006277953687003901,7.3307600021362305,261,nan,-1.0,True,,False,0.07780987024307251,0.07780987024307251,40.0,40.0,1.0,0.0,0.0,0.0,0.0,0.0
791,9.771772384643555,-0.0,0.21153762936592102,-0.0,0.934869647026062,0.009010875597596169,2.7477569580078125,1.0404945611953735,0.6498904228210449,0.6245976164204237,304.93784186087663,0.009010875597596169,2.7477569580078125,1.0404945611953735,0.6498904228210449,0.6245976164204237,304.93784186087663,0.023631248623132706,121,a28d20f0688ba7de,-0.0,0.0,0.0,0.0,nan,nan,nan,nan,nan,nan,nan,nan,nan,nan,nan,nan,0.0,0.0,0.0,nan,nan,0.20000000298023224,0.20000000298023224,0.09462695189888,0.0,0.0,0.0,0.0,0.0,0.0,0.0,0.0,0.0,0.0,0.0,0.0,0.04903043061494827,0.023631248623132706,0.0006008184193433408,7.3307600021362305,261,nan,-1.0,True,,False,0.07780987024307251,0.07780987024307251,40.0,40.0,1.0,0.0,0.0,0.0,0.0,0.0
792,9.889640808105469,-0.0,0.213298499584198,-0.0,0.946304440498352,0.008351254276931286,2.746307849884033,1.0405107736587524,0.6496844291687012,0.6243899108167934,328.8497462555025,0.008351254276931286,2.746307849884033,1.0405107736587524,0.6496844291687012,0.6243899108167934,328.8497462555025,0.023547865450382233,121,a28d20f0688ba7de,-0.0,0.0,0.0,0.0,nan,nan,nan,nan,nan,nan,nan,nan,nan,nan,nan,nan,0.0,0.0,0.0,nan,nan,0.20000000298023224,0.20000000298023224,0.09461416075264001,0.0,0.0,0.0,0.0,0.0,0.0,0.0,0.0,0.0,0.0,0.0,0.0,0.04908895120024681,0.023547865450382233,0.0005959527109098417,7.3307600021362305,261,nan,-1.0,True,,False,0.07780987024307251,0.07780987024307251,40.0,40.0,1.0,0.0,0.0,0.0,0.0,0.0
793,10.035611152648926,-0.0,0.2150982767343521,-0.0,0.9605414271354675,0.0074897571466863155,2.745134115219116,1.0405397415161133,0.6495797038078308,0.6242718830338608,366.51844131336657,0.0074897571466863155,2.745134115219116,1.0405397415161133,0.6495797038078308,0.6242718830338608,366.51844131336657,0.023462917655706406,121,cbdad5531e2a73dc,-0.0,0.0,0.0,0.0,nan,nan,nan,nan,nan,nan,nan,nan,nan,nan,nan,nan,0.0,0.0,0.0,nan,nan,0.20000000298023224,0.20000000298023224,0.09460135648896001,0.0,0.0,0.0,0.0,0.0,0.0,0.0,0.0,0.0,0.0,0.0,0.0,0.049147456884384155,0.023462917655706406,0.0005760635635851941,7.3307600021362305,261,nan,-1.0,True,,False,0.07780987024307251,0.07780987024307251,40.0,40.0,1.0,0.0,0.0,0.0,0.0,0.0
794,10.378549575805664,-0.0,0.21685628592967987,-0.0,0.9944836497306824,0.005738391540944576,2.7441935539245605,1.0406312942504883,0.6496580839157104,0.6242922805657356,478.2165062011172,0.005738391540944576,2.7441935539245605,1.0406312942504883,0.6496580839157104,0.6242922805657356,478.2165062011172,0.023380208760499954,121,cbdad5531e2a73dc,-0.0,0.0,0.0,0.0,nan,nan,nan,nan,nan,nan,nan,nan,nan,nan,nan,nan,0.0,0.0,0.0,nan,nan,0.20000000298023224,0.20000000298023224,0.09458853911552001,0.0,0.0,0.0,0.0,0.0,0.0,0.0,0.0,0.0,0.0,0.0,0.0,0.0492059662938118,0.023380208760499954,0.0005228985833127808,7.3307600021362305,261,nan,-1.0,True,,False,0.07780987024307251,0.07780987024307251,40.0,40.0,1.0,0.0,0.0,0.0,0.0,0.0
795,10.483906745910645,-0.0,0.21865342557430267,-0.0,1.0046600103378296,0.005312871187925339,2.743056297302246,1.0406945943832397,0.6497008204460144,0.6242953734482065,516.3039344030101,0.005312871187925339,2.743056297302246,1.0406945943832397,0.6497008204460144,0.6242953734482065,516.3039344030101,0.023295927792787552,121,cbdad5531e2a73dc,-0.0,0.0,0.0,0.0,nan,nan,nan,nan,nan,nan,nan,nan,nan,nan,nan,nan,0.0,0.0,0.0,nan,nan,0.20000000298023224,0.20000000298023224,0.09457570864,0.0,0.0,0.0,0.0,0.0,0.0,0.0,0.0,0.0,0.0,0.0,0.0,0.04926446080207825,0.023295927792787552,0.0005144272472534794,7.3307600021362305,261,nan,-1.0,True,,False,0.07780987024307251,0.07780987024307251,40.0,40.0,1.0,0.0,0.0,0.0,0.0,0.0
796,10.815866470336914,-0.0,0.2204628586769104,-0.0,1.0374940633773804,0.004469544626772404,2.741833448410034,1.022347331047058,0.6438356041908264,0.6297621020161797,613.4480528478349,0.004469544626772404,2.741833448410034,1.022347331047058,0.6438356041908264,0.6297621020161797,613.4480528478349,0.023211341351270676,121,fe7c3212cecd11a2,-0.0,0.0,0.0,0.0,nan,nan,nan,nan,nan,nan,nan,nan,nan,nan,nan,nan,0.0,0.0,0.0,nan,nan,0.20000000298023224,0.20000000298023224,0.09456286507008001,0.0,0.0,0.0,0.0,0.0,0.0,0.0,0.0,0.0,0.0,0.0,0.0,0.0493229515850544,0.023211341351270676,0.0004979515840659587,7.3307600021362305,261,nan,-1.0,True,,False,0.07780987024307251,0.07780987024307251,40.0,40.0,1.0,0.0,0.0,0.0,0.0,0.0
797,11.12119197845459,-0.0,0.22222934663295746,-0.0,1.0676733255386353,0.0036462806165218353,2.7406907081604004,1.0223910808563232,0.6437470316886902,0.6296485207495233,751.6400947699765,0.0036462806165218353,2.7406907081604004,1.0223910808563232,0.6437470316886902,0.6296485207495233,751.6400947699765,0.023129021748900414,121,fe7c3212cecd11a2,-0.0,0.0,0.0,0.0,nan,nan,nan,nan,nan,nan,nan,nan,nan,nan,nan,nan,0.0,0.0,0.0,nan,nan,0.20000000298023224,0.20000000298023224,0.09455000841344001,0.0,0.0,0.0,0.0,0.0,0.0,0.0,0.0,0.0,0.0,0.0,0.0,0.04938144609332085,0.023129021748900414,0.0004764103671277553,7.3307600021362305,261,nan,-1.0,True,,False,0.07780987024307251,0.07780987024307251,40.0,40.0,1.0,0.0,0.0,0.0,0.0,0.0
798,11.314403533935547,-0.0,0.22400760650634766,-0.0,1.0866388082504272,0.0032525635324418545,2.7393412590026855,1.022441029548645,0.6437252759933472,0.6295964827208849,842.2099158647737,0.0032525635324418545,2.7393412590026855,1.022441029548645,0.6437252759933472,0.6295964827208849,842.2099158647737,0.023046409711241722,121,fe7c3212cecd11a2,-0.0,0.0,0.0,0.0,nan,nan,nan,nan,nan,nan,nan,nan,nan,nan,nan,nan,0.0,0.0,0.0,nan,nan,0.20000000298023224,0.20000000298023224,0.09453713867776001,0.0,0.0,0.0,0.0,0.0,0.0,0.0,0.0,0.0,0.0,0.0,0.0,0.0494399219751358,0.023046409711241722,0.0004633557448414649,7.3307600021362305,261,nan,-1.0,True,,False,0.07780987024307251,0.07780987024307251,40.0,40.0,1.0,0.0,0.0,0.0,0.0,0.0
799,11.774309158325195,-0.0,0.2257978618144989,-0.0,1.132271409034729,0.0024475795216858387,2.7382726669311523,1.0224499702453613,0.6436012387275696,0.6294696635113814,1118.7675998551788,0.0024475795216858387,2.7382726669311523,1.0224499702453613,0.6436012387275696,0.6294696635113814,1118.7675998551788,0.022963499650359154,121,fe7c3212cecd11a2,-0.0,0.0,0.0,0.0,nan,nan,nan,nan,nan,nan,nan,nan,nan,nan,nan,nan,0.0,0.0,0.0,nan,nan,0.20000000298023224,0.20000000298023224,0.09452425587072,0.0,0.0,0.0,0.0,0.0,0.0,0.0,0.0,0.0,0.0,0.0,0.0,0.04949839785695076,0.022963499650359154,0.0004453088033642416,7.3307600021362305,261,nan,-1.0,True,,False,0.07780987024307251,0.07780987024307251,40.0,40.0,1.0,0.0,0.0,0.0,0.0,0.0
800,12.529705047607422,-0.0,0.22760014235973358,-0.0,1.20745050907135,0.001522463746368885,2.7368807792663574,1.0224509239196777,0.6434589624404907,0.6293299241920778,1797.665649375158,0.001522463746368885,2.7368807792663574,1.0224509239196777,0.6434589624404907,0.6293299241920778,1797.665649375158,0.02288028784096241,121,fe7c3212cecd11a2,-0.0,0.0,0.0,0.0,nan,nan,nan,nan,nan,nan,nan,nan,nan,nan,nan,nan,0.0,0.0,0.0,nan,nan,0.20000000298023224,0.20000000298023224,0.09451136,0.0,0.0,0.0,0.0,0.0,0.0,0.0,0.0,0.0,0.0,0.0,0.0,0.04955686628818512,0.02288028784096241,0.0004205679822462116,7.3307600021362305,261,nan,-1.0,True,,False,0.07780987024307251,0.07780987024307251,40.0,40.0,1.0,0.0,0.0,0.0,0.0,0.0
801,14.503360748291016,-0.0,0.22941461205482483,-0.0,1.404453158378601,0.0005067471065558493,2.735745906829834,1.0225049257278442,0.6435120701789856,0.6293486260918673,5398.6413961464295,0.0005067471065558493,2.735745906829834,1.0225049257278442,0.6435120701789856,0.6293486260918673,5398.6413961464295,0.02279677428305149,121,fe7c3212cecd11a2,-0.0,0.0,0.0,0.0,nan,nan,nan,nan,nan,nan,nan,nan,nan,nan,nan,nan,0.0,0.0,0.0,nan,nan,0.20000000298023224,0.20000000298023224,0.09449845107328,0.0,0.0,0.0,0.0,0.0,0.0,0.0,0.0,0.0,0.0,0.0,0.0,0.049615323543548584,0.02279677428305149,0.0003967562565776461,7.3307600021362305,261,nan,-1.0,True,,False,0.07780987024307251,0.07780987024307251,40.0,40.0,1.0,0.0,0.0,0.0,0.0,0.0
802,14.736784934997559,-0.0,0.23121275007724762,-0.0,1.4274359941482544,0.000466320663690567,2.7347161769866943,1.022518515586853,0.6434478163719177,0.6292774229155395,5864.454204845938,0.000466320663690567,2.7347161769866943,1.022518515586853,0.6434478163719177,0.6292774229155395,5864.454204845938,0.022714264690876007,121,fe7c3212cecd11a2,-0.0,0.0,0.0,0.0,nan,nan,nan,nan,nan,nan,nan,nan,nan,nan,nan,nan,0.0,0.0,0.0,nan,nan,0.20000000298023224,0.20000000298023224,0.09448552909824001,0.0,0.0,0.0,0.0,0.0,0.0,0.0,0.0,0.0,0.0,0.0,0.0,0.04967378452420235,0.022714264690876007,0.00039531132688352955,7.3307600021362305,261,nan,-1.0,True,,False,0.07780987024307251,0.07780987024307251,40.0,40.0,1.0,0.0,0.0,0.0,0.0,0.0
803,12.9302339553833,-0.0,0.2330518513917923,-0.0,1.246412992477417,0.0012527600629255176,2.7335433959960938,1.0225023031234741,0.6432632207870483,0.62910686736064,2182.016714048631,0.0012527600629255176,2.7335433959960938,1.0225023031234741,0.6432632207870483,0.62910686736064,2182.016714048631,0.02263013646006584,121,b26b8abdd8a0c9b6,-0.0,0.0,0.0,0.0,nan,nan,nan,nan,nan,nan,nan,nan,nan,nan,nan,nan,0.0,0.0,0.0,nan,nan,0.20000000298023224,0.20000000298023224,0.09447259408256001,0.0,0.0,0.0,0.0,0.0,0.0,0.0,0.0,0.0,0.0,0.0,0.0,0.04973223805427551,0.02263013646006584,0.0004042511543502769,7.3307600021362305,261,nan,-1.0,True,,False,0.07780987024307251,0.07780987024307251,40.0,40.0,1.0,0.0,0.0,0.0,0.0,0.0
804,11.811548233032227,-0.0,0.23481635749340057,-0.0,1.1341915130615234,0.0025707269087433815,2.732107162475586,1.0225330591201782,0.6431363224983215,0.6289638430386766,1062.7761172076773,0.0025707269087433815,2.732107162475586,1.0225330591201782,0.6431363224983215,0.6289638430386766,1062.7761172076773,0.022549660876393318,121,b26b8abdd8a0c9b6,-0.0,0.0,0.0,0.0,nan,nan,nan,nan,nan,nan,nan,nan,nan,nan,nan,nan,0.0,0.0,0.0,nan,nan,0.20000000298023224,0.20000000298023224,0.09445964603392001,0.0,0.0,0.0,0.0,0.0,0.0,0.0,0.0,0.0,0.0,0.0,0.0,0.049790672957897186,0.022549660876393318,0.0004301663345813722,7.3307600021362305,261,nan,-1.0,True,,False,0.07780987024307251,0.07780987024307251,40.0,40.0,1.0,0.0,0.0,0.0,0.0,0.0
805,11.66211223602295,-0.0,0.23665086925029755,-0.0,1.1188809871673584,0.0028940888587385416,2.731184959411621,1.022555947303772,0.643150806427002,0.6289639291843465,943.711507393755,0.0028940888587385416,2.731184959411621,1.022555947303772,0.643150806427002,0.6289639291843465,943.711507393755,0.02246624417603016,121,b26b8abdd8a0c9b6,-0.0,0.0,0.0,0.0,nan,nan,nan,nan,nan,nan,nan,nan,nan,nan,nan,nan,0.0,0.0,0.0,nan,nan,0.20000000298023224,0.20000000298023224,0.09444668496000001,0.0,0.0,0.0,0.0,0.0,0.0,0.0,0.0,0.0,0.0,0.0,0.0,0.04984910041093826,0.02246624417603016,0.0004415622818214615,7.3307600021362305,261,nan,-1.0,True,,False,0.07780987024307251,0.07780987024307251,40.0,40.0,1.0,0.0,0.0,0.0,0.0,0.0
806,10.906279563903809,-0.0,0.23846843838691711,-0.0,1.0429341793060303,0.005020000971853733,2.7297439575195312,1.0225645303726196,0.6429330110549927,0.6287456605019438,543.7735914444495,0.005020000971853733,2.7297439575195312,1.0225645303726196,0.6429330110549927,0.6287456605019438,543.7735914444495,0.02238384820520878,121,b26b8abdd8a0c9b6,-0.0,0.0,0.0,0.0,nan,nan,nan,nan,nan,nan,nan,nan,nan,nan,nan,nan,0.0,0.0,0.0,nan,nan,0.20000000298023224,0.20000000298023224,0.09443371086848001,0.0,0.0,0.0,0.0,0.0,0.0,0.0,0.0,0.0,0.0,0.0,0.0,0.049907516688108444,0.02238384820520878,0.0004911861863092781,7.3307600021362305,261,nan,-1.0,True,,False,0.07780987024307251,0.07780987024307251,40.0,40.0,1.0,0.0,0.0,0.0,0.0,0.0
807,10.637879371643066,-0.0,0.2403574138879776,-0.0,1.0157164335250854,0.006297439336776733,2.7288131713867188,1.0225424766540527,0.6426978707313538,0.628529264460856,433.3210731305636,0.006297439336776733,2.7288131713867188,1.0225424766540527,0.6426978707313538,0.628529264460856,433.3210731305636,0.022298473864793777,121,b26b8abdd8a0c9b6,-0.0,0.0,0.0,0.0,nan,nan,nan,nan,nan,nan,nan,nan,nan,nan,nan,nan,0.0,0.0,0.0,nan,nan,0.20000000298023224,0.20000000298023224,0.09442072376704001,0.0,0.0,0.0,0.0,0.0,0.0,0.0,0.0,0.0,0.0,0.0,0.0,0.04996591433882713,0.022298473864793777,0.0005392719940573443,7.3307600021362305,261,nan,-1.0,True,,False,0.07780987024307251,0.07780987024307251,40.0,40.0,1.0,0.0,0.0,0.0,0.0,0.0
808,10.608044624328613,-0.0,0.2421402633190155,-0.0,1.0123764276504517,0.006709986366331577,2.72763991355896,1.0225862264633179,0.6426362991333008,0.6284421621401072,406.50453885351044,0.006709986366331577,2.72763991355896,1.0225862264633179,0.6426362991333008,0.6284421621401072,406.50453885351044,0.022218137979507446,121,b26b8abdd8a0c9b6,-0.0,0.0,0.0,0.0,nan,nan,nan,nan,nan,nan,nan,nan,nan,nan,nan,nan,0.0,0.0,0.0,nan,nan,0.20000000298023224,0.20000000298023224,0.09440772366336,0.0,0.0,0.0,0.0,0.0,0.0,0.0,0.0,0.0,0.0,0.0,0.0,0.05002430081367493,0.022218137979507446,0.0005556435751259414,7.3307600021362305,261,nan,-1.0,True,,False,0.07780987024307251,0.07780987024307251,40.0,40.0,1.0,0.0,0.0,0.0,0.0,0.0
809,10.351150512695312,-0.0,0.2439347356557846,-0.0,0.986328125,0.008487284183502197,2.7264530658721924,1.0225931406021118,0.6425880789756775,0.628390758222098,321.2397519540989,0.008487284183502197,2.7264530658721924,1.0225931406021118,0.6425880789756775,0.628390758222098,321.2397519540989,0.022137511521577835,121,b26b8abdd8a0c9b6,-0.0,0.0,0.0,0.0,nan,nan,nan,nan,nan,nan,nan,nan,nan,nan,nan,nan,0.0,0.0,0.0,nan,nan,0.20000000298023224,0.20000000298023224,0.09439471056512,0.0,0.0,0.0,0.0,0.0,0.0,0.0,0.0,0.0,0.0,0.0,0.0,0.050082672387361526,0.022137511521577835,0.0006190940989654337,7.3307600021362305,261,nan,-1.0,True,,False,0.07780987024307251,0.07780987024307251,40.0,40.0,1.0,0.0,0.0,0.0,0.0,0.0
810,10.256858825683594,-0.0,0.24580149352550507,-0.0,0.976525604724884,0.009198348969221115,2.725278615951538,1.0226044654846191,0.6424348950386047,0.628234001241282,296.2791067256394,0.009198348969221115,2.725278615951538,1.0226044654846191,0.6424348950386047,0.628234001241282,296.2791067256394,0.022053886204957962,121,ac71579c3257990f,-0.0,0.0,0.0,0.0,nan,nan,nan,nan,nan,nan,nan,nan,nan,nan,nan,nan,0.0,0.0,0.0,nan,nan,0.20000000298023224,0.20000000298023224,0.09438168448,0.0,0.0,0.0,0.0,0.0,0.0,0.0,0.0,0.0,0.0,0.0,0.0,0.050141025334596634,0.022053886204957962,0.0006362030478612724,7.3307600021362305,261,nan,-1.0,True,,False,0.07780987024307251,0.07780987024307251,40.0,40.0,1.0,0.0,0.0,0.0,0.0,0.0
811,10.07594108581543,-0.0,0.24765054881572723,-0.0,0.9580640196800232,0.011347012594342232,2.7238478660583496,1.0226041078567505,0.6422672867774963,0.6280703175773543,240.04977904197406,0.011347012594342232,2.7238478660583496,1.0226041078567505,0.6422672867774963,0.6280703175773543,240.04977904197406,0.02197130024433136,121,ac71579c3257990f,-0.0,0.0,0.0,0.0,nan,nan,nan,nan,nan,nan,nan,nan,nan,nan,nan,nan,0.0,0.0,0.0,nan,nan,0.20000000298023224,0.20000000298023224,0.09436864541568,0.0,0.0,0.0,0.0,0.0,0.0,0.0,0.0,0.0,0.0,0.0,0.0,0.05019935965538025,0.02197130024433136,0.0007380647839454468,7.3307600021362305,261,nan,-1.0,True,,False,0.07780987024307251,0.07780987024307251,40.0,40.0,1.0,0.0,0.0,0.0,0.0,0.0
812,9.968046188354492,-0.0,0.24951207637786865,-0.0,0.9469021558761597,0.012655243277549744,2.722764015197754,1.0226496458053589,0.642312228679657,0.628086296528096,215.1490852829282,0.012655243277549744,2.722764015197754,1.0226496458053589,0.642312228679657,0.628086296528096,215.1490852829282,0.021888401359319687,121,ac71579c3257990f,-0.0,0.0,0.0,0.0,nan,nan,nan,nan,nan,nan,nan,nan,nan,nan,nan,nan,0.0,0.0,0.0,nan,nan,0.20000000298023224,0.20000000298023224,0.09435559337984002,0.0,0.0,0.0,0.0,0.0,0.0,0.0,0.0,0.0,0.0,0.0,0.0,0.05025768280029297,0.021888401359319687,0.0008002691563433473,7.3307600021362305,261,nan,-1.0,True,,False,0.07780987024307251,0.07780987024307251,40.0,40.0,1.0,0.0,0.0,0.0,0.0,0.0
813,9.926021575927734,-0.0,0.25135537981987,-0.0,0.942331075668335,0.013870000839233398,2.721754550933838,1.022626280784607,0.6420468091964722,0.6278411001757784,196.2331929522991,0.013870000839233398,2.721754550933838,1.022626280784607,0.6420468091964722,0.6278411001757784,196.2331929522991,0.02180655486881733,121,ac71579c3257990f,-0.0,0.0,0.0,0.0,nan,nan,nan,nan,nan,nan,nan,nan,nan,nan,nan,nan,0.0,0.0,0.0,nan,nan,0.20000000298023224,0.20000000298023224,0.09434252838016001,0.0,0.0,0.0,0.0,0.0,0.0,0.0,0.0,0.0,0.0,0.0,0.0,0.0503159835934639,0.02180655486881733,0.0008588487091856223,7.3307600021362305,261,nan,-1.0,True,,False,0.07780987024307251,0.07780987024307251,40.0,40.0,1.0,0.0,0.0,0.0,0.0,0.0
814,9.910393714904785,-0.0,0.25321102142333984,-0.0,0.9403971433639526,0.014277618378400803,2.7203691005706787,1.0226796865463257,0.6421048641204834,0.627865080892459,190.53381512746245,0.014277618378400803,2.7203691005706787,1.0226796865463257,0.6421048641204834,0.627865080892459,190.53381512746245,0.02172440104186535,121,f0ec4d6e3cc481f7,-0.0,0.0,0.0,0.0,nan,nan,nan,nan,nan,nan,nan,nan,nan,nan,nan,nan,0.0,0.0,0.0,nan,nan,0.20000000298023224,0.20000000298023224,0.09432945042432,0.0,0.0,0.0,0.0,0.0,0.0,0.0,0.0,0.0,0.0,0.0,0.0,0.05037426948547363,0.02172440104186535,0.0008968771660420316,7.3307600021362305,261,nan,-1.0,True,,False,0.07780987024307251,0.07780987024307251,40.0,40.0,1.0,0.0,0.0,0.0,0.0,0.0
815,9.747618675231934,-0.0,0.2550167143344879,-0.0,0.9237585067749023,0.01651345193386078,2.719146251678467,1.0226531028747559,0.6418221592903137,0.6276049595763242,164.6624983419043,0.01651345193386078,2.719146251678467,1.0226531028747559,0.6418221592903137,0.6276049595763242,164.6624983419043,0.02164468728005886,121,f0ec4d6e3cc481f7,-0.0,0.0,0.0,0.0,nan,nan,nan,nan,nan,nan,nan,nan,nan,nan,nan,nan,0.0,0.0,0.0,nan,nan,0.20000000298023224,0.20000000298023224,0.09431635951999999,0.0,0.0,0.0,0.0,0.0,0.0,0.0,0.0,0.0,0.0,0.0,0.0,0.050432540476322174,0.02164468728005886,0.0009580834941971261,7.3307600021362305,261,nan,-1.0,True,,False,0.07780987024307251,0.07780987024307251,40.0,40.0,1.0,0.0,0.0,0.0,0.0,0.0
816,9.804777145385742,-0.0,0.25689697265625,-0.0,0.9290983080863953,0.017685329541563988,2.7179737091064453,1.0226832628250122,0.6418060660362244,0.6275707145762115,153.68521704493403,0.017685329541563988,2.7179737091064453,1.0226832628250122,0.6418060660362244,0.6275707145762115,153.68521704493403,0.021561916917562485,121,f0ec4d6e3cc481f7,-0.0,0.0,0.0,0.0,nan,nan,nan,nan,nan,nan,nan,nan,nan,nan,nan,nan,0.0,0.0,0.0,nan,nan,0.20000000298023224,0.20000000298023224,0.09430325567488,0.0,0.0,0.0,0.0,0.0,0.0,0.0,0.0,0.0,0.0,0.0,0.0,0.050490785390138626,0.021561916917562485,0.0010714994482441398,7.3307600021362305,261,nan,-1.0,True,,False,0.07780987024307251,0.07780987024307251,40.0,40.0,1.0,0.0,0.0,0.0,0.0,0.0
817,9.699247360229492,-0.0,0.25875842571258545,-0.0,0.9181730151176453,0.018990449607372284,2.716844081878662,1.0226942300796509,0.6416365504264832,0.6273982306290222,143.0637050754162,0.018990449607372284,2.716844081878662,1.0226942300796509,0.6416365504264832,0.6273982306290222,143.0637050754162,0.021480213850736618,121,f0ec4d6e3cc481f7,-0.0,0.0,0.0,0.0,nan,nan,nan,nan,nan,nan,nan,nan,nan,nan,nan,nan,0.0,0.0,0.0,nan,nan,0.20000000298023224,0.20000000298023224,0.09429013889664001,0.0,0.0,0.0,0.0,0.0,0.0,0.0,0.0,0.0,0.0,0.0,0.0,0.05054892227053642,0.021480213850736618,0.0010968153401336167,7.3307600021362305,261,nan,-1.0,True,,False,0.07780987024307251,0.07780987024307251,40.0,40.0,1.0,0.0,0.0,0.0,0.0,0.0
818,9.735697746276855,-0.0,0.26066428422927856,-0.0,0.9214368462562561,0.020355744287371635,2.71588134765625,1.0226753950119019,0.6414905786514282,0.627267050503315,133.42088156123762,0.020355744287371635,2.71588134765625,1.0226753950119019,0.6414905786514282,0.627267050503315,133.42088156123762,0.021396804600954056,121,f0ec4d6e3cc481f7,-0.0,0.0,0.0,0.0,nan,nan,nan,nan,nan,nan,nan,nan,nan,nan,nan,nan,0.0,0.0,0.0,nan,nan,0.20000000298023224,0.20000000298023224,0.09427700919296,0.0,0.0,0.0,0.0,0.0,0.0,0.0,0.0,0.0,0.0,0.0,0.0,0.05060699209570885,0.021396804600954056,0.0012074141184257314,7.3307600021362305,261,nan,-1.0,True,,False,0.07780987024307251,0.07780987024307251,40.0,40.0,1.0,0.0,0.0,0.0,0.0,0.0
819,9.741336822509766,-0.0,0.26248684525489807,-0.0,0.9216362833976746,0.02154545485973358,2.7147579193115234,1.022690773010254,0.6414687633514404,0.6272362871362376,126.00142057734642,0.02154545485973358,2.7147579193115234,1.022690773010254,0.6414687633514404,0.6272362871362376,126.00142057734642,0.021317265927791595,121,f0ec4d6e3cc481f7,-0.0,0.0,0.0,0.0,nan,nan,nan,nan,nan,nan,nan,nan,nan,nan,nan,nan,0.0,0.0,0.0,nan,nan,0.20000000298023224,0.20000000298023224,0.09426386657152001,0.0,0.0,0.0,0.0,0.0,0.0,0.0,0.0,0.0,0.0,0.0,0.0,0.0506649985909462,0.021317265927791595,0.0012943622728016635,7.3307600021362305,261,nan,-1.0,True,,False,0.07780987024307251,0.07780987024307251,40.0,40.0,1.0,0.0,0.0,0.0,0.0,0.0
820,9.757621765136719,-0.0,0.26432135701179504,-0.0,0.9228979349136353,0.02204943262040615,2.713289260864258,1.0227093696594238,0.6413472294807434,0.6271060464561118,123.05483354493133,0.02204943262040615,2.713289260864258,1.0227093696594238,0.6413472294807434,0.6271060464561118,123.05483354493133,0.02123742736876011,121,f0ec4d6e3cc481f7,-0.0,0.0,0.0,0.0,nan,nan,nan,nan,nan,nan,nan,nan,nan,nan,nan,nan,0.0,0.0,0.0,nan,nan,0.20000000298023224,0.20000000298023224,0.09425071104,0.0,0.0,0.0,0.0,0.0,0.0,0.0,0.0,0.0,0.0,0.0,0.0,0.05072296783328056,0.02123742736876011,0.0013332676774098218,7.3307600021362305,261,nan,-1.0,True,,False,0.07780987024307251,0.07780987024307251,40.0,40.0,1.0,0.0,0.0,0.0,0.0,0.0
821,9.713845252990723,-0.0,0.2662654519081116,-0.0,0.918131411075592,0.023373521864414215,2.7124099731445312,1.0227490663528442,0.6413275003433228,0.6270624158380482,116.04626760480323,0.023373521864414215,2.7124099731445312,1.0227490663528442,0.6413275003433228,0.6270624158380482,116.04626760480323,0.02115306258201599,121,f0ec4d6e3cc481f7,-0.0,0.0,0.0,0.0,nan,nan,nan,nan,nan,nan,nan,nan,nan,nan,nan,nan,0.0,0.0,0.0,nan,nan,0.20000000298023224,0.20000000298023224,0.09423754260608,0.0,0.0,0.0,0.0,0.0,0.0,0.0,0.0,0.0,0.0,0.0,0.0,0.05078089237213135,0.02115306258201599,0.0013397066916240874,7.3307600021362305,261,nan,-1.0,True,,False,0.07780987024307251,0.07780987024307251,40.0,40.0,1.0,0.0,0.0,0.0,0.0,0.0
822,9.688567161560059,-0.0,0.2681247591972351,-0.0,0.9152318239212036,0.024286385625600815,2.7111916542053223,1.0227657556533813,0.6412349939346313,0.6269617362432968,111.63421745833581,0.024286385625600815,2.7111916542053223,1.0227657556533813,0.6412349939346313,0.6269617362432968,111.63421745833581,0.02107260376214981,121,f0ec4d6e3cc481f7,-0.0,0.0,0.0,0.0,nan,nan,nan,nan,nan,nan,nan,nan,nan,nan,nan,nan,0.0,0.0,0.0,nan,nan,0.20000000298023224,0.20000000298023224,0.09422436127744,0.0,0.0,0.0,0.0,0.0,0.0,0.0,0.0,0.0,0.0,0.0,0.0,0.05083877593278885,0.02107260376214981,0.0015407300143124303,7.3307600021362305,261,nan,-1.0,True,,False,0.07780987024307251,0.07780987024307251,40.0,40.0,1.0,0.0,0.0,0.0,0.0,0.0
823,9.639699935913086,-0.0,0.2699965238571167,-0.0,0.9099706411361694,0.02387602999806404,2.709819793701172,1.022782325744629,0.6411324739456177,0.6268513424680525,113.49540915809263,0.02387602999806404,2.709819793701172,1.022782325744629,0.6411324739456177,0.6268513424680525,113.49540915809263,0.020991835743188858,121,f0ec4d6e3cc481f7,-0.0,0.0,0.0,0.0,nan,nan,nan,nan,nan,nan,nan,nan,nan,nan,nan,nan,0.0,0.0,0.0,nan,nan,0.20000000298023224,0.20000000298023224,0.09421116706176001,0.0,0.0,0.0,0.0,0.0,0.0,0.0,0.0,0.0,0.0,0.0,0.0,0.05089661106467247,0.020991835743188858,0.0015112640103325248,7.3307600021362305,261,nan,-1.0,True,,False,0.07780987024307251,0.07780987024307251,40.0,40.0,1.0,0.0,0.0,0.0,0.0,0.0
824,9.711803436279297,-0.0,0.27181440591812134,-0.0,0.9168174862861633,0.022456562146544456,2.708604335784912,1.0227652788162231,0.6410016417503357,0.6267338704460604,120.61527130062976,0.022456562146544456,2.708604335784912,1.0227652788162231,0.6410016417503357,0.6267338704460604,120.61527130062976,0.020913604646921158,121,f0ec4d6e3cc481f7,-0.0,0.0,0.0,0.0,nan,nan,nan,nan,nan,nan,nan,nan,nan,nan,nan,nan,0.0,0.0,0.0,nan,nan,0.20000000298023224,0.20000000298023224,0.09419795996672001,0.0,0.0,0.0,0.0,0.0,0.0,0.0,0.0,0.0,0.0,0.0,0.0,0.050954390317201614,0.020913604646921158,0.0015349514485478721,7.3307600021362305,261,nan,-1.0,True,,False,0.07780987024307251,0.07780987024307251,40.0,40.0,1.0,0.0,0.0,0.0,0.0,0.0
825,9.725920677185059,-0.0,0.27374422550201416,-0.0,0.917843222618103,0.02320634387433529,2.707434892654419,1.0228066444396973,0.6409494876861572,0.6266575321646206,116.66787785768642,0.02320634387433529,2.707434892654419,1.0228066444396973,0.6409494876861572,0.6266575321646206,116.66787785768642,0.0208307895809412,121,f0ec4d6e3cc481f7,-0.0,0.0,0.0,0.0,nan,nan,nan,nan,nan,nan,nan,nan,nan,nan,nan,nan,0.0,0.0,0.0,nan,nan,0.20000000298023224,0.20000000298023224,0.09418474,0.0,0.0,0.0,0.0,0.0,0.0,0.0,0.0,0.0,0.0,0.0,0.0,0.05101213604211807,0.0208307895809412,0.001813185974924636,7.3307600021362305,261,nan,-1.0,True,,False,0.07780987024307251,0.07780987024307251,40.0,40.0,1.0,0.0,0.0,0.0,0.0,0.0
826,9.699020385742188,-0.0,0.275653600692749,-0.0,0.9147712588310242,0.02284509688615799,2.7062714099884033,1.022809624671936,0.6408764123916626,0.6265842605824347,118.46180488856464,0.02284509688615799,2.7062714099884033,1.022809624671936,0.6408764123916626,0.6265842605824347,118.46180488856464,0.020749080926179886,121,f0ec4d6e3cc481f7,-0.0,0.0,0.0,0.0,nan,nan,nan,nan,nan,nan,nan,nan,nan,nan,nan,nan,0.0,0.0,0.0,nan,nan,0.20000000298023224,0.20000000298023224,0.09417150716928001,0.0,0.0,0.0,0.0,0.0,0.0,0.0,0.0,0.0,0.0,0.0,0.0,0.05106983333826065,0.020749080926179886,0.0017427154475626594,7.3307600021362305,261,nan,-1.0,True,,False,0.07780987024307251,0.07780987024307251,40.0,40.0,1.0,0.0,0.0,0.0,0.0,0.0
827,9.849681854248047,-0.0,0.27747443318367004,-0.0,0.929473340511322,0.021273192018270493,2.705353260040283,1.0228215456008911,0.6407889127731323,0.6264914104802898,127.17194757217389,0.021273192018270493,2.705353260040283,1.0228215456008911,0.6407889127731323,0.6264914104802898,127.17194757217389,0.02067137323319912,121,f0ec4d6e3cc481f7,-0.0,0.0,0.0,0.0,nan,nan,nan,nan,nan,nan,nan,nan,nan,nan,nan,nan,0.0,0.0,0.0,nan,nan,0.20000000298023224,0.20000000298023224,0.09415826148224,0.0,0.0,0.0,0.0,0.0,0.0,0.0,0.0,0.0,0.0,0.0,0.0,0.05112748220562935,0.02067137323319912,0.0019354380779077474,7.3307600021362305,261,nan,-1.0,True,,False,0.07780987024307251,0.07780987024307251,40.0,40.0,1.0,0.0,0.0,0.0,0.0,0.0
828,9.902859687805176,-0.0,0.2793750762939453,-0.0,0.9344109892845154,0.02087622880935669,2.7039363384246826,1.022801399230957,0.6405687928199768,0.626288537835028,129.52226013219317,0.02087622880935669,2.7039363384246826,1.022801399230957,0.6405687928199768,0.626288537835028,129.52226013219317,0.02059047855436802,121,5a0ead505b3564ca,-0.0,0.0,0.0,0.0,nan,nan,nan,nan,nan,nan,nan,nan,nan,nan,nan,nan,0.0,0.0,0.0,nan,nan,0.20000000298023224,0.20000000298023224,0.09414500294656002,0.0,0.0,0.0,0.0,0.0,0.0,0.0,0.0,0.0,0.0,0.0,0.0,0.051185090094804764,0.02059047855436802,0.002077506650266514,7.3307600021362305,261,nan,-1.0,True,,False,0.07780987024307251,0.07780987024307251,40.0,40.0,1.0,0.0,0.0,0.0,0.0,0.0
829,9.832685470581055,-0.0,0.2812884449958801,-0.0,0.9270108342170715,0.020435411483049393,2.703014373779297,1.0228310823440552,0.640521764755249,0.6262243842720779,132.27110087904873,0.020435411483049393,2.703014373779297,1.0228310823440552,0.640521764755249,0.6262243842720779,132.27110087904873,0.0205092653632164,121,5a0ead505b3564ca,-0.0,0.0,0.0,0.0,nan,nan,nan,nan,nan,nan,nan,nan,nan,nan,nan,nan,0.0,0.0,0.0,nan,nan,0.20000000298023224,0.20000000298023224,0.09413173156992001,0.0,0.0,0.0,0.0,0.0,0.0,0.0,0.0,0.0,0.0,0.0,0.0,0.0512426495552063,0.0205092653632164,0.0019847870482863073,7.3307600021362305,261,nan,-1.0,True,,False,0.07780987024307251,0.07780987024307251,40.0,40.0,1.0,0.0,0.0,0.0,0.0,0.0
830,9.909587860107422,-0.0,0.2832147181034088,-0.0,0.9343158602714539,0.02128772996366024,2.7018520832061768,1.0228707790374756,0.640513002872467,0.6261915150955741,126.92062929295147,0.02128772996366024,2.7018520832061768,1.0228707790374756,0.640513002872467,0.6261915150955741,126.92062929295147,0.020427729934453964,121,6694fe075ef2d7fd,-0.0,0.0,0.0,0.0,nan,nan,nan,nan,nan,nan,nan,nan,nan,nan,nan,nan,0.0,0.0,0.0,nan,nan,0.20000000298023224,0.20000000298023224,0.09411844736000001,0.0,0.0,0.0,0.0,0.0,0.0,0.0,0.0,0.0,0.0,0.0,0.0,0.05130016431212425,0.020427729934453964,0.002359275798426097,7.3307600021362305,261,nan,-1.0,True,,False,0.07780987024307251,0.07780987024307251,40.0,40.0,1.0,0.0,0.0,0.0,0.0,0.0
831,10.037439346313477,-0.0,0.28508460521698,-0.0,0.9467270374298096,0.019718026742339134,2.7004406452178955,1.0228674411773682,0.6403201222419739,0.6260049899573844,136.9528848147583,0.019718026742339134,2.7004406452178955,1.0228674411773682,0.6403201222419739,0.6260049899573844,136.9528848147583,0.020348794758319855,121,6694fe075ef2d7fd,-0.0,0.0,0.0,0.0,nan,nan,nan,nan,nan,nan,nan,nan,nan,nan,nan,nan,0.0,0.0,0.0,nan,nan,0.20000000298023224,0.20000000298023224,0.09410515032448001,0.0,0.0,0.0,0.0,0.0,0.0,0.0,0.0,0.0,0.0,0.0,0.0,0.05135762691497803,0.020348794758319855,0.002394911130750188,7.3307600021362305,261,nan,-1.0,True,,False,0.07780987024307251,0.07780987024307251,40.0,40.0,1.0,0.0,0.0,0.0,0.0,0.0
832,10.078174591064453,-0.0,0.28700175881385803,-0.0,0.9504171013832092,0.02053132839500904,2.6993565559387207,1.0228739976882935,0.6403565406799316,0.6260365813650015,131.47500755941866,0.02053132839500904,2.6993565559387207,1.0228739976882935,0.6403565406799316,0.6260365813650015,131.47500755941866,0.020268084481358528,121,6694fe075ef2d7fd,-0.0,0.0,0.0,0.0,nan,nan,nan,nan,nan,nan,nan,nan,nan,nan,nan,nan,0.0,0.0,0.0,nan,nan,0.20000000298023224,0.20000000298023224,0.09409184047104001,0.0,0.0,0.0,0.0,0.0,0.0,0.0,0.0,0.0,0.0,0.0,0.0,0.05141505226492882,0.020268084481358528,0.002675800481938495,7.3307600021362305,261,nan,-1.0,True,,False,0.07780987024307251,0.07780987024307251,40.0,40.0,1.0,0.0,0.0,0.0,0.0,0.0
833,10.02879524230957,-0.0,0.2888966202735901,-0.0,0.9451002478599548,0.019017627462744713,2.6983554363250732,1.0229240655899048,0.6402961611747742,0.6259469130834507,141.88706985722152,0.019017627462744713,2.6983554363250732,1.0229240655899048,0.6402961611747742,0.6259469130834507,141.88706985722152,0.020188525319099426,121,6694fe075ef2d7fd,-0.0,0.0,0.0,0.0,nan,nan,nan,nan,nan,nan,nan,nan,nan,nan,nan,nan,0.0,0.0,0.0,nan,nan,0.20000000298023224,0.20000000298023224,0.09407851780736001,0.0,0.0,0.0,0.0,0.0,0.0,0.0,0.0,0.0,0.0,0.0,0.0,0.051472414284944534,0.020188525319099426,0.002393155113395551,7.3307600021362305,261,nan,-1.0,True,,False,0.07780987024307251,0.07780987024307251,40.0,40.0,1.0,0.0,0.0,0.0,0.0,0.0
834,10.282475471496582,-0.0,0.2908395230770111,-0.0,0.9700796604156494,0.018698561936616898,2.697032928466797,1.0229355096817017,0.6402074694633484,0.6258532071709549,144.2374519286036,0.018698561936616898,2.697032928466797,1.0229355096817017,0.6402074694633484,0.6258532071709549,144.2374519286036,0.020107170566916466,121,6694fe075ef2d7fd,-0.0,0.0,0.0,0.0,nan,nan,nan,nan,nan,nan,nan,nan,nan,nan,nan,nan,0.0,0.0,0.0,nan,nan,0.20000000298023224,0.20000000298023224,0.09406518234112,0.0,0.0,0.0,0.0,0.0,0.0,0.0,0.0,0.0,0.0,0.0,0.0,0.05152973160147667,0.020107170566916466,0.002858929515696218,7.3307600021362305,261,nan,-1.0,True,,False,0.07780987024307251,0.07780987024307251,40.0,40.0,1.0,0.0,0.0,0.0,0.0,0.0
835,10.379988670349121,-0.0,0.2927243411540985,-0.0,0.9794540405273438,0.01886937767267227,2.695908784866333,1.022934913635254,0.6400734186172485,0.6257225265120615,142.87216206238242,0.01886937767267227,2.695908784866333,1.022934913635254,0.6400734186172485,0.6257225265120615,142.87216206238242,0.020028460770845413,121,4cb274bde6ce287c,-0.0,0.0,0.0,0.0,nan,nan,nan,nan,nan,nan,nan,nan,nan,nan,nan,nan,0.0,0.0,0.0,nan,nan,0.20000000298023224,0.20000000298023224,0.09405183408000001,0.0,0.0,0.0,0.0,0.0,0.0,0.0,0.0,0.0,0.0,0.0,0.0,0.05158700421452522,0.020028460770845413,0.003172546971882184,7.3307600021362305,261,nan,-1.0,True,,False,0.07780987024307251,0.07780987024307251,40.0,40.0,1.0,0.0,0.0,0.0,0.0,0.0
836,10.504271507263184,-0.0,0.29462146759033203,-0.0,0.9915028214454651,0.01648954674601555,2.6947011947631836,1.0229560136795044,0.6400308609008789,0.6256680173360833,163.41875469768857,0.01648954674601555,2.6947011947631836,1.0229560136795044,0.6400308609008789,0.6256680173360833,163.41875469768857,0.01994944177567959,121,4cb274bde6ce287c,-0.0,0.0,0.0,0.0,nan,nan,nan,nan,nan,nan,nan,nan,nan,nan,nan,nan,0.0,0.0,0.0,nan,nan,0.20000000298023224,0.20000000298023224,0.09403847303168,0.0,0.0,0.0,0.0,0.0,0.0,0.0,0.0,0.0,0.0,0.0,0.0,0.0516442246735096,0.01994944177567959,0.0033683209692298988,7.3307600021362305,261,nan,-1.0,True,,False,0.07780987024307251,0.07780987024307251,40.0,40.0,1.0,0.0,0.0,0.0,0.0,0.0
837,10.672205924987793,-0.0,0.2965673804283142,-0.0,1.0079071521759033,0.014858100563287735,2.6936988830566406,1.0229973793029785,0.639979898929596,0.6255929016804008,181.29496913706382,0.014858100563287735,2.6936988830566406,1.0229973793029785,0.639979898929596,0.6255929016804008,181.29496913706382,0.019868606701493263,121,4cb274bde6ce287c,-0.0,0.0,0.0,0.0,nan,nan,nan,nan,nan,nan,nan,nan,nan,nan,nan,nan,0.0,0.0,0.0,nan,nan,0.20000000298023224,0.20000000298023224,0.09402509920384,0.0,0.0,0.0,0.0,0.0,0.0,0.0,0.0,0.0,0.0,0.0,0.0,0.0517013855278492,0.019868606701493263,0.0034179371400568925,7.3307600021362305,261,nan,-1.0,True,,False,0.07780987024307251,0.07780987024307251,40.0,40.0,1.0,0.0,0.0,0.0,0.0,0.0
838,10.778536796569824,-0.0,0.2984536588191986,-0.0,1.0181629657745361,0.012485305778682232,2.6925761699676514,1.0229612588882446,0.6398056149482727,0.6254446191282103,215.6596096000334,0.012485305778682232,2.6925761699676514,1.0229612588882446,0.6398056149482727,0.6254446191282103,215.6596096000334,0.01979045569896698,121,4cb274bde6ce287c,-0.0,0.0,0.0,0.0,nan,nan,nan,nan,nan,nan,nan,nan,nan,nan,nan,nan,0.0,0.0,0.0,nan,nan,0.20000000298023224,0.20000000298023224,0.09401171260416,0.0,0.0,0.0,0.0,0.0,0.0,0.0,0.0,0.0,0.0,0.0,0.0,0.051758505403995514,0.01979045569896698,0.0036615656949834374,7.3307600021362305,261,nan,-1.0,True,,False,0.07780987024307251,0.07780987024307251,40.0,40.0,1.0,0.0,0.0,0.0,0.0,0.0
839,11.136178970336914,-0.0,0.3004256784915924,-0.0,1.0535328388214111,0.009249965660274029,2.691412925720215,1.0229902267456055,0.639729380607605,0.625352387424803,290.96463971526595,0.009249965660274029,2.691412925720215,1.0229902267456055,0.639729380607605,0.625352387424803,290.96463971526595,0.019708968698978424,121,4cb274bde6ce287c,-0.0,0.0,0.0,0.0,nan,nan,nan,nan,nan,nan,nan,nan,nan,nan,nan,nan,0.0,0.0,0.0,nan,nan,0.20000000298023224,0.20000000298023224,0.09399831324032,0.0,0.0,0.0,0.0,0.0,0.0,0.0,0.0,0.0,0.0,0.0,0.0,0.051815569400787354,0.019708968698978424,0.0038544858844034025,7.3307600021362305,261,nan,-1.0,True,,False,0.07780987024307251,0.07780987024307251,40.0,40.0,1.0,0.0,0.0,0.0,0.0,0.0
840,11.574446678161621,-0.0,0.30237430334091187,-0.0,1.0969698429107666,0.006807906553149223,2.690047025680542,1.0230177640914917,0.6398138403892517,0.6254181137875443,395.13571531562394,0.006807906553149223,2.690047025680542,1.0230177640914917,0.6398138403892517,0.6254181137875443,395.13571531562394,0.01962866261601448,121,4cb274bde6ce287c,-0.0,0.0,0.0,0.0,nan,nan,nan,nan,nan,nan,nan,nan,nan,nan,nan,nan,0.0,0.0,0.0,nan,nan,0.20000000298023224,0.20000000298023224,0.09398490112,0.0,0.0,0.0,0.0,0.0,0.0,0.0,0.0,0.0,0.0,0.0,0.0,0.05187257006764412,0.01962866261601448,0.003944398695239215,7.3307600021362305,261,nan,-1.0,True,,False,0.07780987024307251,0.07780987024307251,40.0,40.0,1.0,0.0,0.0,0.0,0.0,0.0
841,11.22255802154541,-0.0,0.3042989671230316,-0.0,1.0613960027694702,0.009045228362083435,2.6890902519226074,1.0230350494384766,0.6395396590232849,0.6251395388401555,297.2937933988452,0.009045228362083435,2.6890902519226074,1.0230350494384766,0.6395396590232849,0.6251395388401555,297.2937933988452,0.019549552351236343,121,4cb274bde6ce287c,-0.0,0.0,0.0,0.0,nan,nan,nan,nan,nan,nan,nan,nan,nan,nan,nan,nan,0.0,0.0,0.0,nan,nan,0.20000000298023224,0.20000000298023224,0.09397147625088001,0.0,0.0,0.0,0.0,0.0,0.0,0.0,0.0,0.0,0.0,0.0,0.0,0.05192951112985611,0.019549552351236343,0.0038118567006222293,7.3307600021362305,261,nan,-1.0,True,,False,0.07780987024307251,0.07780987024307251,40.0,40.0,1.0,0.0,0.0,0.0,0.0,0.0
842,12.93819808959961,-0.0,0.3061617612838745,-0.0,1.232587456703186,0.0025734025985002518,2.687680721282959,1.0231194496154785,0.6395468711853027,0.6250950184024604,1044.4074016437642,0.0025734025985002518,2.687680721282959,1.0231194496154785,0.6395468711853027,0.6250950184024604,1044.4074016437642,0.019473180174827576,121,c87c7539dbd97a49,-0.0,0.0,0.0,0.0,nan,nan,nan,nan,nan,nan,nan,nan,nan,nan,nan,nan,0.0,0.0,0.0,nan,nan,0.20000000298023224,0.20000000298023224,0.09395803864064001,0.0,0.0,0.0,0.0,0.0,0.0,0.0,0.0,0.0,0.0,0.0,0.0,0.05198636278510094,0.019473180174827576,0.00403917991070557,7.3307600021362305,261,nan,-1.0,True,,False,0.07780987024307251,0.07780987024307251,40.0,40.0,1.0,0.0,0.0,0.0,0.0,0.0
843,16.615612030029297,-0.0,0.3081117868423462,-0.0,1.5999388694763184,0.00032395555172115564,2.686720848083496,1.0230531692504883,0.6394177675247192,0.6250093218450914,8293.486047110833,0.00032395555172115564,2.686720848083496,1.0230531692504883,0.6394177675247192,0.6250093218450914,8293.486047110833,0.01939343474805355,121,c87c7539dbd97a49,-0.0,0.0,0.0,0.0,nan,nan,nan,nan,nan,nan,nan,nan,nan,nan,nan,nan,0.0,0.0,0.0,nan,nan,0.20000000298023224,0.20000000298023224,0.09394458829696001,0.0,0.0,0.0,0.0,0.0,0.0,0.0,0.0,0.0,0.0,0.0,0.0,0.052043139934539795,0.01939343474805355,0.004035761829072726,7.3307600021362305,261,nan,-1.0,True,,False,0.07780987024307251,0.07780987024307251,40.0,40.0,1.0,0.0,0.0,0.0,0.0,0.0
844,12.620044708251953,-0.0,0.3099992275238037,-0.0,1.2000045776367188,0.0030289969872683287,2.685358762741089,1.0231449604034424,0.6393280625343323,0.6248655735764315,886.5504898249679,0.0030289969872683287,2.685358762741089,1.0231449604034424,0.6393280625343323,0.6248655735764315,886.5504898249679,0.019316446036100388,121,c87c7539dbd97a49,-0.0,0.0,0.0,0.0,nan,nan,nan,nan,nan,nan,nan,nan,nan,nan,nan,nan,0.0,0.0,0.0,nan,nan,0.20000000298023224,0.20000000298023224,0.09393112522752002,0.0,0.0,0.0,0.0,0.0,0.0,0.0,0.0,0.0,0.0,0.0,0.0,0.052099861204624176,0.019316446036100388,0.004019537381509508,7.3307600021362305,261,nan,-1.0,True,,False,0.07780987024307251,0.07780987024307251,40.0,40.0,1.0,0.0,0.0,0.0,0.0,0.0
845,14.65040397644043,-0.0,0.31186091899871826,-0.0,1.4026682376861572,0.0008837470086291432,2.6846184730529785,1.023105502128601,0.6393487453460693,0.6249098885851806,3037.768102001639,0.0008837470086291432,2.6846184730529785,1.023105502128601,0.6393487453460693,0.6249098885851806,3037.768102001639,0.019240697845816612,121,c87c7539dbd97a49,-0.0,0.0,0.0,0.0,nan,nan,nan,nan,nan,nan,nan,nan,nan,nan,nan,nan,0.0,0.0,0.0,nan,nan,0.20000000298023224,0.20000000298023224,0.09391764944000001,0.0,0.0,0.0,0.0,0.0,0.0,0.0,0.0,0.0,0.0,0.0,0.0,0.05215651914477348,0.019240697845816612,0.004021706031608119,7.3307600021362305,261,nan,-1.0,True,,False,0.07780987024307251,0.07780987024307251,40.0,40.0,1.0,0.0,0.0,0.0,0.0,0.0
846,11.649303436279297,-0.0,0.313811331987381,-0.0,1.102168083190918,0.0065830666571855545,2.6846728324890137,1.023114800453186,0.6391438841819763,0.6247039764246096,407.81492460791617,0.0065830666571855545,2.6846728324890137,1.023114800453186,0.6391438841819763,0.6247039764246096,407.81492460791617,0.019161539152264595,121,c87c7539dbd97a49,-0.0,0.0,0.0,0.0,nan,nan,nan,nan,nan,nan,nan,nan,nan,nan,nan,nan,0.0,0.0,0.0,nan,nan,0.20000000298023224,0.20000000298023224,0.09390416094208,0.0,0.0,0.0,0.0,0.0,0.0,0.0,0.0,0.0,0.0,0.0,0.0,0.052213121205568314,0.019161539152264595,0.003825708650310844,7.3307600021362305,261,nan,-1.0,True,,False,0.07780987024307251,0.07780987024307251,40.0,40.0,1.0,0.0,0.0,0.0,0.0,0.0
847,12.440512657165527,-0.0,0.31565889716148376,-0.0,1.1809194087982178,0.0034787626937031746,2.6847760677337646,1.0231189727783203,0.6390196084976196,0.6245799613727585,771.7617739759638,0.0034787626937031746,2.6847760677337646,1.0231189727783203,0.6390196084976196,0.6245799613727585,771.7617739759638,0.019086739048361778,121,c87c7539dbd97a49,-0.0,0.0,0.0,0.0,nan,nan,nan,nan,nan,nan,nan,nan,nan,nan,nan,nan,0.0,0.0,0.0,nan,nan,0.20000000298023224,0.20000000298023224,0.09389065974144001,0.0,0.0,0.0,0.0,0.0,0.0,0.0,0.0,0.0,0.0,0.0,0.0,0.05226968601346016,0.019086739048361778,0.003960940578735972,7.3307600021362305,261,nan,-1.0,True,,False,0.07780987024307251,0.07780987024307251,40.0,40.0,1.0,0.0,0.0,0.0,0.0,0.0
848,12.08348560333252,-0.0,0.31759604811668396,-0.0,1.1448293924331665,0.004740841221064329,2.6849985122680664,1.0231225490570068,0.6388871073722839,0.6244482715791323,566.3548697514233,0.004740841221064329,2.6849985122680664,1.0231225490570068,0.6388871073722839,0.6244482715791323,566.3548697514233,0.019008507952094078,121,c87c7539dbd97a49,-0.0,0.0,0.0,0.0,nan,nan,nan,nan,nan,nan,nan,nan,nan,nan,nan,nan,0.0,0.0,0.0,nan,nan,0.20000000298023224,0.20000000298023224,0.09387714584576001,0.0,0.0,0.0,0.0,0.0,0.0,0.0,0.0,0.0,0.0,0.0,0.0,0.05232623219490051,0.019008507952094078,0.003897079818216298,7.3307600021362305,261,nan,-1.0,True,,False,0.07780987024307251,0.07780987024307251,40.0,40.0,1.0,0.0,0.0,0.0,0.0,0.0
849,10.84066104888916,-0.0,0.3194679617881775,-0.0,1.0201724767684937,0.01235390268266201,2.6849894523620605,1.0231773853302002,0.6388731002807617,0.6244011150369438,217.33937212653362,0.01235390268266201,2.6849894523620605,1.0231773853302002,0.6388731002807617,0.6244011150369438,217.33937212653362,0.018933100625872612,121,c87c7539dbd97a49,-0.0,0.0,0.0,0.0,nan,nan,nan,nan,nan,nan,nan,nan,nan,nan,nan,nan,0.0,0.0,0.0,nan,nan,0.20000000298023224,0.20000000298023224,0.09386361926272001,0.0,0.0,0.0,0.0,0.0,0.0,0.0,0.0,0.0,0.0,0.0,0.0,0.052382756024599075,0.018933100625872612,0.003365120305261371,7.3307600021362305,261,nan,-1.0,True,,False,0.07780987024307251,0.07780987024307251,40.0,40.0,1.0,0.0,0.0,0.0,0.0,0.0
850,11.222749710083008,-0.0,0.32139116525650024,-0.0,1.0579967498779297,0.008975697681307793,2.6852333545684814,1.0231815576553345,0.6388132572174072,0.6243400816188243,299.16708983643406,0.008975697681307793,2.6852333545684814,1.0231815576553345,0.6388132572174072,0.6243400816188243,299.16708983643406,0.018855813890695572,121,c87c7539dbd97a49,-0.0,0.0,0.0,0.0,nan,nan,nan,nan,nan,nan,nan,nan,nan,nan,nan,nan,0.0,0.0,0.0,nan,nan,0.20000000298023224,0.20000000298023224,0.09385008,0.0,0.0,0.0,0.0,0.0,0.0,0.0,0.0,0.0,0.0,0.0,0.0,0.05243925005197525,0.018855813890695572,0.0036210945597758837,7.3307600021362305,261,nan,-1.0,True,,False,0.07780987024307251,0.07780987024307251,40.0,40.0,1.0,0.0,0.0,0.0,0.0,0.0
851,10.960833549499512,-0.0,0.3232082724571228,-0.0,1.0314416885375977,0.011094294488430023,2.6853151321411133,1.0231502056121826,0.6385394930839539,0.6240916432225079,242.04469558127963,0.011094294488430023,2.6853151321411133,1.0231502056121826,0.6385394930839539,0.6240916432225079,242.04469558127963,0.0187829677015543,121,c87c7539dbd97a49,-0.0,0.0,0.0,0.0,nan,nan,nan,nan,nan,nan,nan,nan,nan,nan,nan,nan,0.0,0.0,0.0,nan,nan,0.20000000298023224,0.20000000298023224,0.09383652806528,0.0,0.0,0.0,0.0,0.0,0.0,0.0,0.0,0.0,0.0,0.0,0.0,0.052495718002319336,0.0187829677015543,0.0034293668466034433,7.3307600021362305,261,nan,-1.0,True,,False,0.07780987024307251,0.07780987024307251,40.0,40.0,1.0,0.0,0.0,0.0,0.0,0.0
852,10.728409767150879,-0.0,0.32507655024528503,-0.0,1.0078256130218506,0.014020830392837524,2.685302257537842,1.023185133934021,0.6384704113006592,0.6240028222906435,191.52234085290812,0.014020830392837524,2.685302257537842,1.023185133934021,0.6384704113006592,0.6240028222906435,191.52234085290812,0.01870824582874775,121,c87c7539dbd97a49,-0.0,0.0,0.0,0.0,nan,nan,nan,nan,nan,nan,nan,nan,nan,nan,nan,nan,0.0,0.0,0.0,nan,nan,0.20000000298023224,0.20000000298023224,0.09382296346624,0.0,0.0,0.0,0.0,0.0,0.0,0.0,0.0,0.0,0.0,0.0,0.0,0.052552174776792526,0.01870824582874775,0.003095594896194598,7.3307600021362305,261,nan,-1.0,True,,False,0.07780987024307251,0.07780987024307251,40.0,40.0,1.0,0.0,0.0,0.0,0.0,0.0
853,10.322599411010742,-0.0,0.3269568979740143,-0.0,0.9668686389923096,0.014445003122091293,2.685786247253418,1.023213267326355,0.6383033394813538,0.6238223837238089,185.93185647332555,0.014445003122091293,2.685786247253418,1.023213267326355,0.6383033394813538,0.6238223837238089,185.93185647332555,0.018633224070072174,121,c87c7539dbd97a49,-0.0,0.0,0.0,0.0,nan,nan,nan,nan,nan,nan,nan,nan,nan,nan,nan,nan,0.0,0.0,0.0,nan,nan,0.20000000298023224,0.20000000298023224,0.09380938621056001,0.0,0.0,0.0,0.0,0.0,0.0,0.0,0.0,0.0,0.0,0.0,0.0,0.05260861665010452,0.018633224070072174,0.002433539173580357,7.3307600021362305,261,nan,-1.0,True,,False,0.07780987024307251,0.07780987024307251,40.0,40.0,1.0,0.0,0.0,0.0,0.0,0.0
854,10.236123085021973,-0.0,0.32888972759246826,-0.0,0.9578343033790588,0.014259235933423042,2.6859474182128906,1.0232229232788086,0.6380870342254639,0.6236051008130097,188.36545175026833,0.014259235933423042,2.6859474182128906,1.0232229232788086,0.6380870342254639,0.6236051008130097,188.36545175026833,0.018556293100118637,121,c87c7539dbd97a49,-0.0,0.0,0.0,0.0,nan,nan,nan,nan,nan,nan,nan,nan,nan,nan,nan,nan,0.0,0.0,0.0,nan,nan,0.20000000298023224,0.20000000298023224,0.09379579630592,0.0,0.0,0.0,0.0,0.0,0.0,0.0,0.0,0.0,0.0,0.0,0.0,0.05266502499580383,0.018556293100118637,0.0022495372593311913,7.3307600021362305,261,nan,-1.0,True,,False,0.07780987024307251,0.07780987024307251,40.0,40.0,1.0,0.0,0.0,0.0,0.0,0.0
855,10.231712341308594,-0.0,0.33071333169937134,-0.0,0.9570285677909851,0.013063225895166397,2.6856091022491455,1.0232594013214111,0.6381321549415588,0.6236269650857752,205.5854444990394,0.013063225895166397,2.6856091022491455,1.0232594013214111,0.6381321549415588,0.6236269650857752,205.5854444990394,0.018483880907297134,121,c87c7539dbd97a49,-0.0,0.0,0.0,0.0,nan,nan,nan,nan,nan,nan,nan,nan,nan,nan,nan,nan,0.0,0.0,0.0,nan,nan,0.20000000298023224,0.20000000298023224,0.09378219376000001,0.0,0.0,0.0,0.0,0.0,0.0,0.0,0.0,0.0,0.0,0.0,0.0,0.052721429616212845,0.018483880907297134,0.0019224433094677806,7.3307600021362305,261,nan,-1.0,True,,False,0.07780987024307251,0.07780987024307251,40.0,40.0,1.0,0.0,0.0,0.0,0.0,0.0
856,10.066497802734375,-0.0,0.3326302170753479,-0.0,0.9401237368583679,0.014054386876523495,2.6857712268829346,1.0232664346694946,0.6380141973495483,0.6235074030896175,191.09842716577396,0.014054386876523495,2.6857712268829346,1.0232664346694946,0.6380141973495483,0.6235074030896175,191.09842716577396,0.018407944589853287,121,c87c7539dbd97a49,-0.0,0.0,0.0,0.0,nan,nan,nan,nan,nan,nan,nan,nan,nan,nan,nan,nan,0.0,0.0,0.0,nan,nan,0.20000000298023224,0.20000000298023224,0.09376857858048,0.0,0.0,0.0,0.0,0.0,0.0,0.0,0.0,0.0,0.0,0.0,0.0,0.05277780815958977,0.018407944589853287,0.0018850988117264933,7.3307600021362305,261,nan,-1.0,True,,False,0.07780987024307251,0.07780987024307251,40.0,40.0,1.0,0.0,0.0,0.0,0.0,0.0
857,10.332205772399902,-0.0,0.33439499139785767,-0.0,0.9663415551185608,0.012676725164055824,2.6862006187438965,1.0232795476913452,0.6379673480987549,0.62345362959525,211.90020166726296,0.012676725164055824,2.6862006187438965,1.0232795476913452,0.6379673480987549,0.62345362959525,211.90020166726296,0.018338195979595184,121,c87c7539dbd97a49,-0.0,0.0,0.0,0.0,nan,nan,nan,nan,nan,nan,nan,nan,nan,nan,nan,nan,0.0,0.0,0.0,nan,nan,0.20000000298023224,0.20000000298023224,0.09375495077504001,0.0,0.0,0.0,0.0,0.0,0.0,0.0,0.0,0.0,0.0,0.0,0.0,0.0528341643512249,0.018338195979595184,0.0019986643937954796,7.3307600021362305,261,nan,-1.0,True,,False,0.07780987024307251,0.07780987024307251,40.0,40.0,1.0,0.0,0.0,0.0,0.0,0.0
858,10.07352352142334,-0.0,0.3363361656665802,-0.0,0.9400851130485535,0.012526990845799446,2.686450242996216,1.023314118385315,0.6377943158149719,0.623263477319502,214.45295810182833,0.012526990845799446,2.686450242996216,1.023314118385315,0.6377943158149719,0.623263477319502,214.45295810182833,0.018261654302477837,121,c87c7539dbd97a49,-0.0,0.0,0.0,0.0,nan,nan,nan,nan,nan,nan,nan,nan,nan,nan,nan,nan,0.0,0.0,0.0,nan,nan,0.20000000298023224,0.20000000298023224,0.09374131035136,0.0,0.0,0.0,0.0,0.0,0.0,0.0,0.0,0.0,0.0,0.0,0.0,0.05289049819111824,0.018261654302477837,0.0015520460112838919,7.3307600021362305,261,nan,-1.0,True,,False,0.07780987024307251,0.07780987024307251,40.0,40.0,1.0,0.0,0.0,0.0,0.0,0.0
859,10.02556037902832,-0.0,0.3381649851799011,-0.0,0.9349230527877808,0.01241125725209713,2.686025381088257,1.0233350992202759,0.6376926302909851,0.6231513321265646,216.41847610840549,0.01241125725209713,2.686025381088257,1.0233350992202759,0.6376926302909851,0.6231513321265646,216.41847610840549,0.018189705908298492,121,c87c7539dbd97a49,-0.0,0.0,0.0,0.0,nan,nan,nan,nan,nan,nan,nan,nan,nan,nan,nan,nan,0.0,0.0,0.0,nan,nan,0.20000000298023224,0.20000000298023224,0.09372765731712,0.0,0.0,0.0,0.0,0.0,0.0,0.0,0.0,0.0,0.0,0.0,0.0,0.05294681712985039,0.018189705908298492,0.0014581012039798225,7.3307600021362305,261,nan,-1.0,True,,False,0.07780987024307251,0.07780987024307251,40.0,40.0,1.0,0.0,0.0,0.0,0.0,0.0
860,9.991576194763184,-0.0,0.34008917212486267,-0.0,0.9311397075653076,0.012252372689545155,2.686513900756836,1.0233466625213623,0.6376317143440247,0.623084764622188,219.26478803972518,0.012252372689545155,2.686513900756836,1.0233466625213623,0.6376317143440247,0.623084764622188,219.26478803972518,0.018114181235432625,121,c87c7539dbd97a49,-0.0,0.0,0.0,0.0,nan,nan,nan,nan,nan,nan,nan,nan,nan,nan,nan,nan,0.0,0.0,0.0,nan,nan,0.20000000298023224,0.20000000298023224,0.09371399168,0.0,0.0,0.0,0.0,0.0,0.0,0.0,0.0,0.0,0.0,0.0,0.0,0.053003113716840744,0.018114181235432625,0.0013710759837977093,7.3307600021362305,261,nan,-1.0,True,,False,0.07780987024307251,0.07780987024307251,40.0,40.0,1.0,0.0,0.0,0.0,0.0,0.0
861,9.940256118774414,-0.0,0.3418993353843689,-0.0,0.9256457090377808,0.01207373384386301,2.6862268447875977,1.0233585834503174,0.6374667882919312,0.6229163448677707,222.4851797733629,0.01207373384386301,2.6862268447875977,1.0233585834503174,0.6374667882919312,0.6229163448677707,222.4851797733629,0.01804329641163349,121,c87c7539dbd97a49,-0.0,0.0,0.0,0.0,nan,nan,nan,nan,nan,nan,nan,nan,nan,nan,nan,nan,0.0,0.0,0.0,nan,nan,0.20000000298023224,0.20000000298023224,0.09370031344768,0.0,0.0,0.0,0.0,0.0,0.0,0.0,0.0,0.0,0.0,0.0,0.0,0.053059399127960205,0.01804329641163349,0.0012781521922988759,7.3307600021362305,261,nan,-1.0,True,,False,0.07780987024307251,0.07780987024307251,40.0,40.0,1.0,0.0,0.0,0.0,0.0,0.0
862,10.029783248901367,-0.0,0.3437207341194153,-0.0,0.9342341423034668,0.011921924538910389,2.6863794326782227,1.0233839750289917,0.6374037861824036,0.622839326914755,225.331021338921,0.011921924538910389,2.6863794326782227,1.0233839750289917,0.6374037861824036,0.622839326914755,225.331021338921,0.017972134053707123,121,b67800f93722bf00,-0.0,0.0,0.0,0.0,nan,nan,nan,nan,nan,nan,nan,nan,nan,nan,nan,nan,0.0,0.0,0.0,nan,nan,0.20000000298023224,0.20000000298023224,0.09368662262784,0.0,0.0,0.0,0.0,0.0,0.0,0.0,0.0,0.0,0.0,0.0,0.0,0.05311565473675728,0.017972134053707123,0.0013558317677961895,7.3307600021362305,261,nan,-1.0,True,,False,0.07780987024307251,0.07780987024307251,40.0,40.0,1.0,0.0,0.0,0.0,0.0,0.0
863,9.88702392578125,-0.0,0.3455106317996979,-0.0,0.9196003079414368,0.011809326708316803,2.6865739822387695,1.0234380960464478,0.6374159455299377,0.6228182710730452,227.49594863411903,0.011809326708316803,2.6865739822387695,1.0234380960464478,0.6374159455299377,0.6228182710730452,227.49594863411903,0.017902351915836334,121,b67800f93722bf00,-0.0,0.0,0.0,0.0,nan,nan,nan,nan,nan,nan,nan,nan,nan,nan,nan,nan,0.0,0.0,0.0,nan,nan,0.20000000298023224,0.20000000298023224,0.09367291922816001,0.0,0.0,0.0,0.0,0.0,0.0,0.0,0.0,0.0,0.0,0.0,0.0,0.05317188426852226,0.017902351915836334,0.0011471170548702503,7.3307600021362305,261,nan,-1.0,True,,False,0.07780987024307251,0.07780987024307251,40.0,40.0,1.0,0.0,0.0,0.0,0.0,0.0
864,9.838568687438965,-0.0,0.3473545014858246,-0.0,0.914385974407196,0.011730661615729332,2.686523199081421,1.0233992338180542,0.6370781064033508,0.6225118070751011,229.0171933251517,0.011730661615729332,2.686523199081421,1.0233992338180542,0.6370781064033508,0.6225118070751011,229.0171933251517,0.01783062517642975,121,b67800f93722bf00,-0.0,0.0,0.0,0.0,nan,nan,nan,nan,nan,nan,nan,nan,nan,nan,nan,nan,0.0,0.0,0.0,nan,nan,0.20000000298023224,0.20000000298023224,0.09365920325632,0.0,0.0,0.0,0.0,0.0,0.0,0.0,0.0,0.0,0.0,0.0,0.0,0.05322811007499695,0.01783062517642975,0.0010958933396523207,7.3307600021362305,261,nan,-1.0,True,,False,0.07780987024307251,0.07780987024307251,40.0,40.0,1.0,0.0,0.0,0.0,0.0,0.0
865,9.844250679016113,-0.0,0.3492099940776825,-0.0,0.914583146572113,0.012604041025042534,2.6867494583129883,1.0234246253967285,0.6371454000473022,0.6225621157008159,213.16571827835045,0.012604041025042534,2.6867494583129883,1.0234246253967285,0.6371454000473022,0.6225621157008159,213.16571827835045,0.017758607864379883,121,b67800f93722bf00,-0.0,0.0,0.0,0.0,nan,nan,nan,nan,nan,nan,nan,nan,nan,nan,nan,nan,0.0,0.0,0.0,nan,nan,0.20000000298023224,0.20000000298023224,0.09364547472000001,0.0,0.0,0.0,0.0,0.0,0.0,0.0,0.0,0.0,0.0,0.0,0.0,0.053284306079149246,0.017758607864379883,0.0012462496390526212,7.3307600021362305,261,nan,-1.0,True,,False,0.07780987024307251,0.07780987024307251,40.0,40.0,1.0,0.0,0.0,0.0,0.0,0.0
866,9.785558700561523,-0.0,0.35103359818458557,-0.0,0.9083491563796997,0.0125248609110713,2.6871109008789062,1.0234458446502686,0.6370185017585754,0.6224252168186359,214.54217495570313,0.0125248609110713,2.6871109008789062,1.0234458446502686,0.6370185017585754,0.6224252168186359,214.54217495570313,0.017687983810901642,121,b67800f93722bf00,-0.0,0.0,0.0,0.0,nan,nan,nan,nan,nan,nan,nan,nan,nan,nan,nan,nan,0.0,0.0,0.0,nan,nan,0.20000000298023224,0.20000000298023224,0.09363173362688,0.0,0.0,0.0,0.0,0.0,0.0,0.0,0.0,0.0,0.0,0.0,0.0,0.05334049090743065,0.017687983810901642,0.0011679797023589344,7.3307600021362305,261,nan,-1.0,True,,False,0.07780987024307251,0.07780987024307251,40.0,40.0,1.0,0.0,0.0,0.0,0.0,0.0
867,9.868775367736816,-0.0,0.35291236639022827,-0.0,0.916295051574707,0.011494036763906479,2.6872706413269043,1.0235012769699097,0.6370968818664551,0.6224680869501107,233.79694153802075,0.011494036763906479,2.6872706413269043,1.0235012769699097,0.6370968818664551,0.6224680869501107,233.79694153802075,0.017615385353565216,121,b67800f93722bf00,-0.0,0.0,0.0,0.0,nan,nan,nan,nan,nan,nan,nan,nan,nan,nan,nan,nan,0.0,0.0,0.0,nan,nan,0.20000000298023224,0.20000000298023224,0.09361797998464,0.0,0.0,0.0,0.0,0.0,0.0,0.0,0.0,0.0,0.0,0.0,0.0,0.05339664965867996,0.017615385353565216,0.0010695985613438097,7.3307600021362305,261,nan,-1.0,True,,False,0.07780987024307251,0.07780987024307251,40.0,40.0,1.0,0.0,0.0,0.0,0.0,0.0
868,9.645833969116211,-0.0,0.3547590672969818,-0.0,0.8936315774917603,0.012342836707830429,2.686920642852783,1.023513674736023,0.6368772983551025,0.6222460081145093,217.69069027285857,0.012342836707830429,2.686920642852783,1.023513674736023,0.6368772983551025,0.6222460081145093,217.69069027285857,0.017544183880090714,121,b67800f93722bf00,-0.0,0.0,0.0,0.0,nan,nan,nan,nan,nan,nan,nan,nan,nan,nan,nan,nan,0.0,0.0,0.0,nan,nan,0.20000000298023224,0.20000000298023224,0.09360421380096001,0.0,0.0,0.0,0.0,0.0,0.0,0.0,0.0,0.0,0.0,0.0,0.0,0.05345278978347778,0.017544183880090714,0.0009706647588245687,7.3307600021362305,261,nan,-1.0,True,,False,0.07780987024307251,0.07780987024307251,40.0,40.0,1.0,0.0,0.0,0.0,0.0,0.0
869,9.612771987915039,-0.0,0.3565285801887512,-0.0,0.8899714350700378,0.012333228252828121,2.687284469604492,1.0235403776168823,0.6367715001106262,0.6221264095054332,217.88978639783736,0.012333228252828121,2.687284469604492,1.0235403776168823,0.6367715001106262,0.6221264095054332,217.88978639783736,0.017476104199886322,121,b67800f93722bf00,-0.0,0.0,0.0,0.0,nan,nan,nan,nan,nan,nan,nan,nan,nan,nan,nan,nan,0.0,0.0,0.0,nan,nan,0.20000000298023224,0.20000000298023224,0.09359043508352001,0.0,0.0,0.0,0.0,0.0,0.0,0.0,0.0,0.0,0.0,0.0,0.0,0.053508907556533813,0.017476104199886322,0.000935196309001185,7.3307600021362305,261,nan,-1.0,True,,False,0.07780987024307251,0.07780987024307251,40.0,40.0,1.0,0.0,0.0,0.0,0.0,0.0
870,9.677726745605469,-0.0,0.35839805006980896,-0.0,0.8960930705070496,0.011407889425754547,2.6875104904174805,1.0235323905944824,0.6366800665855408,0.6220419328554397,235.58349753549803,0.011407889425754547,2.6875104904174805,1.0235323905944824,0.6366800665855408,0.6220419328554397,235.58349753549803,0.017404332756996155,121,b67800f93722bf00,-0.0,0.0,0.0,0.0,nan,nan,nan,nan,nan,nan,nan,nan,nan,nan,nan,nan,0.0,0.0,0.0,nan,nan,0.20000000298023224,0.20000000298023224,0.09357664384,0.0,0.0,0.0,0.0,0.0,0.0,0.0,0.0,0.0,0.0,0.0,0.0,0.05356501415371895,0.017404332756996155,0.0008728112536573462,7.3307600021362305,261,nan,-1.0,True,,False,0.07780987024307251,0.07780987024307251,40.0,40.0,1.0,0.0,0.0,0.0,0.0,0.0
871,9.666086196899414,-0.0,0.36023446917533875,-0.0,0.894561767578125,0.011353274807333946,2.687272787094116,1.0235997438430786,0.6367394328117371,0.6220589997620705,236.69582853382548,0.011353274807333946,2.687272787094116,1.0235997438430786,0.6367394328117371,0.6220589997620705,236.69582853382548,0.017333984375,121,b67800f93722bf00,-0.0,0.0,0.0,0.0,nan,nan,nan,nan,nan,nan,nan,nan,nan,nan,nan,nan,0.0,0.0,0.0,nan,nan,0.20000000298023224,0.20000000298023224,0.09356284007808001,0.0,0.0,0.0,0.0,0.0,0.0,0.0,0.0,0.0,0.0,0.0,0.0,0.053621094673871994,0.017333984375,0.0008488364280765381,7.3307600021362305,261,nan,-1.0,True,,False,0.07780987024307251,0.07780987024307251,40.0,40.0,1.0,0.0,0.0,0.0,0.0,0.0
872,9.64333438873291,-0.0,0.36203712224960327,-0.0,0.8919260501861572,0.01135231927037239,2.68731427192688,1.0236061811447144,0.6366256475448608,0.6219439265528005,236.71940578171635,0.01135231927037239,2.68731427192688,1.0236061811447144,0.6366256475448608,0.6219439265528005,236.71940578171635,0.0172650758177042,121,b67800f93722bf00,-0.0,0.0,0.0,0.0,nan,nan,nan,nan,nan,nan,nan,nan,nan,nan,nan,nan,0.0,0.0,0.0,nan,nan,0.20000000298023224,0.20000000298023224,0.09354902380544,0.0,0.0,0.0,0.0,0.0,0.0,0.0,0.0,0.0,0.0,0.0,0.0,0.05367715284228325,0.0172650758177042,0.0008280325821488077,7.3307600021362305,261,nan,-1.0,True,,False,0.07780987024307251,0.07780987024307251,40.0,40.0,1.0,0.0,0.0,0.0,0.0,0.0
873,9.60472297668457,-0.0,0.363850861787796,-0.0,0.8877021074295044,0.01138735469430685,2.6874570846557617,1.0236326456069946,0.636490523815155,0.6217958430172265,236.00363357429848,0.01138735469430685,2.6874570846557617,1.0236326456069946,0.636490523815155,0.6217958430172265,236.00363357429848,0.017195889726281166,121,b67800f93722bf00,-0.0,0.0,0.0,0.0,nan,nan,nan,nan,nan,nan,nan,nan,nan,nan,nan,nan,0.0,0.0,0.0,nan,nan,0.20000000298023224,0.20000000298023224,0.09353519502976,0.0,0.0,0.0,0.0,0.0,0.0,0.0,0.0,0.0,0.0,0.0,0.0,0.05373319983482361,0.017195889726281166,0.0008013404662960966,7.3307600021362305,261,nan,-1.0,True,,False,0.07780987024307251,0.07780987024307251,40.0,40.0,1.0,0.0,0.0,0.0,0.0,0.0
874,9.568826675415039,-0.0,0.36563003063201904,-0.0,0.8837566375732422,0.012356944382190704,2.6876823902130127,1.023621678352356,0.6363891363143921,0.6217034572174537,217.50380248426157,0.012356944382190704,2.6876823902130127,1.023621678352356,0.6363891363143921,0.6217034572174537,217.50380248426157,0.017128165811300278,121,b67800f93722bf00,-0.0,0.0,0.0,0.0,nan,nan,nan,nan,nan,nan,nan,nan,nan,nan,nan,nan,0.0,0.0,0.0,nan,nan,0.20000000298023224,0.20000000298023224,0.09352135375872,0.0,0.0,0.0,0.0,0.0,0.0,0.0,0.0,0.0,0.0,0.0,0.0,0.05378922447562218,0.017128165811300278,0.0008925953566176759,7.3307600021362305,261,nan,-1.0,True,,False,0.07780987024307251,0.07780987024307251,40.0,40.0,1.0,0.0,0.0,0.0,0.0,0.0
875,9.563013076782227,-0.0,0.367466002702713,-0.0,0.8828081488609314,0.011409569531679153,2.6879868507385254,1.023651123046875,0.6362320184707642,0.6215320866127061,235.5905578449052,0.011409569531679153,2.6879868507385254,1.023651123046875,0.6362320184707642,0.6215320866127061,235.5905578449052,0.017058424651622772,121,b67800f93722bf00,-0.0,0.0,0.0,0.0,nan,nan,nan,nan,nan,nan,nan,nan,nan,nan,nan,nan,0.0,0.0,0.0,nan,nan,0.20000000298023224,0.20000000298023224,0.09350750000000001,0.0,0.0,0.0,0.0,0.0,0.0,0.0,0.0,0.0,0.0,0.0,0.0,0.05384522303938866,0.017058424651622772,0.0007700856413066504,7.3307600021362305,261,nan,-1.0,True,,False,0.07780987024307251,0.07780987024307251,40.0,40.0,1.0,0.0,0.0,0.0,0.0,0.0
876,9.450798034667969,-0.0,0.3692206144332886,-0.0,0.8712356686592102,0.012437576428055763,2.6880855560302734,1.0236786603927612,0.636222779750824,0.6215063421432663,216.1261538032996,0.012437576428055763,2.6880855560302734,1.0236786603927612,0.636222779750824,0.6215063421432663,216.1261538032996,0.016991907730698586,121,b67800f93722bf00,-0.0,0.0,0.0,0.0,nan,nan,nan,nan,nan,nan,nan,nan,nan,nan,nan,nan,0.0,0.0,0.0,nan,nan,0.20000000298023224,0.20000000298023224,0.09349363376128,0.0,0.0,0.0,0.0,0.0,0.0,0.0,0.0,0.0,0.0,0.0,0.0,0.05390120670199394,0.016991907730698586,0.000791760146512388,7.3307600021362305,261,nan,-1.0,True,,False,0.07780987024307251,0.07780987024307251,40.0,40.0,1.0,0.0,0.0,0.0,0.0,0.0
877,9.43025016784668,-0.0,0.37103259563446045,-0.0,0.868818461894989,0.012440228834748268,2.688232660293579,1.0237208604812622,0.6361528635025024,0.6214124260430135,216.09189798701772,0.012440228834748268,2.688232660293579,1.0237208604812622,0.6361528635025024,0.6214124260430135,216.09189798701772,0.016923366114497185,121,b67800f93722bf00,-0.0,0.0,0.0,0.0,nan,nan,nan,nan,nan,nan,nan,nan,nan,nan,nan,nan,0.0,0.0,0.0,nan,nan,0.20000000298023224,0.20000000298023224,0.09347975505024,0.0,0.0,0.0,0.0,0.0,0.0,0.0,0.0,0.0,0.0,0.0,0.0,0.05395716428756714,0.016923366114497185,0.0007726259402716096,7.3307600021362305,261,nan,-1.0,True,,False,0.07780987024307251,0.07780987024307251,40.0,40.0,1.0,0.0,0.0,0.0,0.0,0.0
878,9.555924415588379,-0.0,0.372808575630188,-0.0,0.8810307383537292,0.011638354510068893,2.688269853591919,1.0237380266189575,0.6362631916999817,0.6215097760911867,230.98367138294068,0.011638354510068893,2.688269853591919,1.0237380266189575,0.6362631916999817,0.6215097760911867,230.98367138294068,0.01685631461441517,121,b67800f93722bf00,-0.0,0.0,0.0,0.0,nan,nan,nan,nan,nan,nan,nan,nan,nan,nan,nan,nan,0.0,0.0,0.0,nan,nan,0.20000000298023224,0.20000000298023224,0.09346586387456,0.0,0.0,0.0,0.0,0.0,0.0,0.0,0.0,0.0,0.0,0.0,0.0,0.05401311069726944,0.01685631461441517,0.0007718171541455376,7.3307600021362305,261,nan,-1.0,True,,False,0.07780987024307251,0.07780987024307251,40.0,40.0,1.0,0.0,0.0,0.0,0.0,0.0
879,9.462235450744629,-0.0,0.37459543347358704,-0.0,0.8713043928146362,0.011676752008497715,2.6880288124084473,1.0237371921539307,0.6359929442405701,0.6212463014091034,230.2034684347363,0.011676752008497715,2.6880288124084473,1.0237371921539307,0.6359929442405701,0.6212463014091034,230.2034684347363,0.016788994893431664,121,0f13aa187047c436,-0.0,0.0,0.0,0.0,nan,nan,nan,nan,nan,nan,nan,nan,nan,nan,nan,nan,0.0,0.0,0.0,nan,nan,0.20000000298023224,0.20000000298023224,0.09345196024192,0.0,0.0,0.0,0.0,0.0,0.0,0.0,0.0,0.0,0.0,0.0,0.0,0.05406903102993965,0.016788994893431664,0.0007127791834591335,7.3307600021362305,261,nan,-1.0,True,,False,0.07780987024307251,0.07780987024307251,40.0,40.0,1.0,0.0,0.0,0.0,0.0,0.0
880,9.44521427154541,-0.0,0.3763929605484009,-0.0,0.8692428469657898,0.011777881532907486,2.688208818435669,1.023755431175232,0.6358861327171326,0.6211309003627553,228.24213428576218,0.011777881532907486,2.688208818435669,1.023755431175232,0.6358861327171326,0.6211309003627553,228.24213428576218,0.01672140508890152,121,0f13aa187047c436,-0.0,0.0,0.0,0.0,nan,nan,nan,nan,nan,nan,nan,nan,nan,nan,nan,nan,0.0,0.0,0.0,nan,nan,0.20000000298023224,0.20000000298023224,0.09343804416000001,0.0,0.0,0.0,0.0,0.0,0.0,0.0,0.0,0.0,0.0,0.0,0.0,0.05412492901086807,0.01672140508890152,0.0007081322835347237,7.3307600021362305,261,nan,-1.0,True,,False,0.07780987024307251,0.07780987024307251,40.0,40.0,1.0,0.0,0.0,0.0,0.0,0.0
881,9.478529930114746,-0.0,0.3782970607280731,-0.0,0.8721936345100403,0.011921088211238384,2.688213348388672,1.0237842798233032,0.635898768901825,0.6211257404846808,225.50066745202076,0.011921088211238384,2.688213348388672,1.0237842798233032,0.635898768901825,0.6211257404846808,225.50066745202076,0.016649961471557617,121,0f13aa187047c436,-0.0,0.0,0.0,0.0,nan,nan,nan,nan,nan,nan,nan,nan,nan,nan,nan,nan,0.0,0.0,0.0,nan,nan,0.20000000298023224,0.20000000298023224,0.09342411563648001,0.0,0.0,0.0,0.0,0.0,0.0,0.0,0.0,0.0,0.0,0.0,0.0,0.0541808120906353,0.016649961471557617,0.0007436376790792565,7.3307600021362305,261,nan,-1.0,True,,False,0.07780987024307251,0.07780987024307251,40.0,40.0,1.0,0.0,0.0,0.0,0.0,0.0
882,9.388396263122559,-0.0,0.38002124428749084,-0.0,0.8628354072570801,0.012048064731061459,2.6882474422454834,1.023813247680664,0.6357854604721069,0.6209974933538013,223.1269089478608,0.012048064731061459,2.6882474422454834,1.023813247680664,0.6357854604721069,0.6209974933538013,223.1269089478608,0.016585398465394974,121,0f13aa187047c436,-0.0,0.0,0.0,0.0,nan,nan,nan,nan,nan,nan,nan,nan,nan,nan,nan,nan,0.0,0.0,0.0,nan,nan,0.20000000298023224,0.20000000298023224,0.09341017467904,0.0,0.0,0.0,0.0,0.0,0.0,0.0,0.0,0.0,0.0,0.0,0.0,0.054236676543951035,0.016585398465394974,0.0006933398242381372,7.3307600021362305,261,nan,-1.0,True,,False,0.07780987024307251,0.07780987024307251,40.0,40.0,1.0,0.0,0.0,0.0,0.0,0.0
883,9.3626127243042,-0.0,0.38185229897499084,-0.0,0.8598908185958862,0.012196937575936317,2.688734292984009,1.023864984512329,0.6357446908950806,0.6209262944936907,220.4433921420315,0.012196937575936317,2.688734292984009,1.023864984512329,0.6357446908950806,0.6209262944936907,220.4433921420315,0.016516974195837975,121,0f13aa187047c436,-0.0,0.0,0.0,0.0,nan,nan,nan,nan,nan,nan,nan,nan,nan,nan,nan,nan,0.0,0.0,0.0,nan,nan,0.20000000298023224,0.20000000298023224,0.09339622129536002,0.0,0.0,0.0,0.0,0.0,0.0,0.0,0.0,0.0,0.0,0.0,0.0,0.05429251864552498,0.016516974195837975,0.000686099866470613,7.3307600021362305,261,nan,-1.0,True,,False,0.07780987024307251,0.07780987024307251,40.0,40.0,1.0,0.0,0.0,0.0,0.0,0.0
884,9.256221771240234,-0.0,0.3836458921432495,-0.0,0.8488929271697998,0.013250503689050674,2.688481092453003,1.0238443613052368,0.6355602741241455,0.6207586798777779,202.89652042998057,0.013250503689050674,2.688481092453003,1.0238443613052368,0.6355602741241455,0.6207586798777779,202.89652042998057,0.016450079157948494,121,0f13aa187047c436,-0.0,0.0,0.0,0.0,nan,nan,nan,nan,nan,nan,nan,nan,nan,nan,nan,nan,0.0,0.0,0.0,nan,nan,0.20000000298023224,0.20000000298023224,0.09338225549312001,0.0,0.0,0.0,0.0,0.0,0.0,0.0,0.0,0.0,0.0,0.0,0.0,0.05434833839535713,0.016450079157948494,0.0006990700678670692,7.3307600021362305,261,nan,-1.0,True,,False,0.07780987024307251,0.07780987024307251,40.0,40.0,1.0,0.0,0.0,0.0,0.0,0.0
885,9.37198543548584,-0.0,0.38535276055336,-0.0,0.8601279854774475,0.01255167555063963,2.68866229057312,1.0239002704620361,0.6357480883598328,0.6209082141104921,214.2074402517604,0.01255167555063963,2.68866229057312,1.0239002704620361,0.6357480883598328,0.6209082141104921,214.2074402517604,0.016386546194553375,121,0f13aa187047c436,-0.0,0.0,0.0,0.0,nan,nan,nan,nan,nan,nan,nan,nan,nan,nan,nan,nan,0.0,0.0,0.0,nan,nan,0.20000000298023224,0.20000000298023224,0.09336827728000001,0.0,0.0,0.0,0.0,0.0,0.0,0.0,0.0,0.0,0.0,0.0,0.0,0.05440414696931839,0.016386546194553375,0.0007109203916115803,7.3307600021362305,261,nan,-1.0,True,,False,0.07780987024307251,0.07780987024307251,40.0,40.0,1.0,0.0,0.0,0.0,0.0,0.0
886,9.335760116577148,-0.0,0.3871678411960602,-0.0,0.8561424612998962,0.012676365673542023,2.6886062622070312,1.0239018201828003,0.6355949640274048,0.6207577245188705,212.09598487827327,0.012676365673542023,2.6886062622070312,1.0239018201828003,0.6355949640274048,0.6207577245188705,212.09598487827327,0.016319116577506065,121,0f13aa187047c436,-0.0,0.0,0.0,0.0,nan,nan,nan,nan,nan,nan,nan,nan,nan,nan,nan,nan,0.0,0.0,0.0,nan,nan,0.20000000298023224,0.20000000298023224,0.09335428666368001,0.0,0.0,0.0,0.0,0.0,0.0,0.0,0.0,0.0,0.0,0.0,0.0,0.05445992946624756,0.016319116577506065,0.0006982793927363673,7.3307600021362305,261,nan,-1.0,True,,False,0.07780987024307251,0.07780987024307251,40.0,40.0,1.0,0.0,0.0,0.0,0.0,0.0
887,9.261112213134766,-0.0,0.3889446556568146,-0.0,0.848322331905365,0.012891225516796112,2.6890907287597656,1.0239505767822266,0.6355370283126831,0.6206715858394881,208.59853279706581,0.012891225516796112,2.6890907287597656,1.0239505767822266,0.6355370283126831,0.6206715858394881,208.59853279706581,0.016253238543868065,121,0f13aa187047c436,-0.0,0.0,0.0,0.0,nan,nan,nan,nan,nan,nan,nan,nan,nan,nan,nan,nan,0.0,0.0,0.0,nan,nan,0.20000000298023224,0.20000000298023224,0.09334028365184001,0.0,0.0,0.0,0.0,0.0,0.0,0.0,0.0,0.0,0.0,0.0,0.0,0.054515689611434937,0.016253238543868065,0.0006598232291707973,7.3307600021362305,261,nan,-1.0,True,,False,0.07780987024307251,0.07780987024307251,40.0,40.0,1.0,0.0,0.0,0.0,0.0,0.0
888,9.204865455627441,-0.0,0.39078184962272644,-0.0,0.8423301577568054,0.014068588614463806,2.6887834072113037,1.0239475965499878,0.635384202003479,0.620524140243402,191.11962691459942,0.014068588614463806,2.6887834072113037,1.0239475965499878,0.635384202003479,0.620524140243402,191.11962691459942,0.016185253858566284,121,0f13aa187047c436,-0.0,0.0,0.0,0.0,nan,nan,nan,nan,nan,nan,nan,nan,nan,nan,nan,nan,0.0,0.0,0.0,nan,nan,0.20000000298023224,0.20000000298023224,0.09332626825216,0.0,0.0,0.0,0.0,0.0,0.0,0.0,0.0,0.0,0.0,0.0,0.0,0.05457143858075142,0.016185253858566284,0.0007164663536514126,7.3307600021362305,261,nan,-1.0,True,,False,0.07780987024307251,0.07780987024307251,40.0,40.0,1.0,0.0,0.0,0.0,0.0,0.0
889,9.26852035522461,-0.0,0.39248043298721313,-0.0,0.8483559489250183,0.013306695967912674,2.6888747215270996,1.0240243673324585,0.6355859041213989,0.6206745897825402,202.06929864565652,0.013306695967912674,2.6888747215270996,1.0240243673324585,0.6355859041213989,0.6206745897825402,202.06929864565652,0.016122525557875633,121,0f13aa187047c436,-0.0,0.0,0.0,0.0,nan,nan,nan,nan,nan,nan,nan,nan,nan,nan,nan,nan,0.0,0.0,0.0,nan,nan,0.20000000298023224,0.20000000298023224,0.09331224047232002,0.0,0.0,0.0,0.0,0.0,0.0,0.0,0.0,0.0,0.0,0.0,0.0,0.05462716147303581,0.016122525557875633,0.0006860038643026201,7.3307600021362305,261,nan,-1.0,True,,False,0.07780987024307251,0.07780987024307251,40.0,40.0,1.0,0.0,0.0,0.0,0.0,0.0
890,9.113624572753906,-0.0,0.39423903822898865,-0.0,0.8325147032737732,0.014497300609946251,2.689084768295288,1.02403724193573,0.635378360748291,0.6204641147105548,185.488653415269,0.014497300609946251,2.689084768295288,1.02403724193573,0.635378360748291,0.6204641147105548,185.488653415269,0.0160576980561018,121,0f13aa187047c436,-0.0,0.0,0.0,0.0,nan,nan,nan,nan,nan,nan,nan,nan,nan,nan,nan,nan,0.0,0.0,0.0,nan,nan,0.20000000298023224,0.20000000298023224,0.09329820032000001,0.0,0.0,0.0,0.0,0.0,0.0,0.0,0.0,0.0,0.0,0.0,0.0,0.05468286946415901,0.0160576980561018,0.0006707215948154044,7.3307600021362305,261,nan,-1.0,True,,False,0.07780987024307251,0.07780987024307251,40.0,40.0,1.0,0.0,0.0,0.0,0.0,0.0
891,9.20374870300293,-0.0,0.39600810408592224,-0.0,0.8411732316017151,0.013838052749633789,2.689046859741211,1.024057388305664,0.6353663802146912,0.6204402091819534,194.32263400010336,0.013838052749633789,2.689046859741211,1.024057388305664,0.6353663802146912,0.6204402091819534,194.32263400010336,0.015992607921361923,121,0f13aa187047c436,-0.0,0.0,0.0,0.0,nan,nan,nan,nan,nan,nan,nan,nan,nan,nan,nan,nan,0.0,0.0,0.0,nan,nan,0.20000000298023224,0.20000000298023224,0.09328414780288001,0.0,0.0,0.0,0.0,0.0,0.0,0.0,0.0,0.0,0.0,0.0,0.0,0.05473855882883072,0.015992607921361923,0.000678940550869811,7.3307600021362305,261,nan,-1.0,True,,False,0.07780987024307251,0.07780987024307251,40.0,40.0,1.0,0.0,0.0,0.0,0.0,0.0
892,9.13254165649414,-0.0,0.39783889055252075,-0.0,0.833686351776123,0.014060109853744507,2.6891870498657227,1.0240875482559204,0.6353196501731873,0.6203763059663921,191.26358740003263,0.014060109853744507,2.6891870498657227,1.0240875482559204,0.6353196501731873,0.6203763059663921,191.26358740003263,0.01592538133263588,121,0f13aa187047c436,-0.0,0.0,0.0,0.0,nan,nan,nan,nan,nan,nan,nan,nan,nan,nan,nan,nan,0.0,0.0,0.0,nan,nan,0.20000000298023224,0.20000000298023224,0.09327008292864,0.0,0.0,0.0,0.0,0.0,0.0,0.0,0.0,0.0,0.0,0.0,0.0,0.05479422211647034,0.01592538133263588,0.0006424993478049146,7.3307600021362305,261,nan,-1.0,True,,False,0.07780987024307251,0.07780987024307251,40.0,40.0,1.0,0.0,0.0,0.0,0.0,0.0
893,9.09738540649414,-0.0,0.39962971210479736,-0.0,0.8298125863075256,0.014363322407007217,2.6896138191223145,1.0240757465362549,0.6350709795951843,0.6201406309476554,187.25568798832873,0.014363322407007217,2.6896138191223145,1.0240757465362549,0.6350709795951843,0.6201406309476554,187.25568798832873,0.01585974730551243,121,0f13aa187047c436,-0.0,0.0,0.0,0.0,nan,nan,nan,nan,nan,nan,nan,nan,nan,nan,nan,nan,0.0,0.0,0.0,nan,nan,0.20000000298023224,0.20000000298023224,0.09325600570496001,0.0,0.0,0.0,0.0,0.0,0.0,0.0,0.0,0.0,0.0,0.0,0.0,0.05484987422823906,0.01585974730551243,0.0006437864856252418,7.3307600021362305,261,nan,-1.0,True,,False,0.07780987024307251,0.07780987024307251,40.0,40.0,1.0,0.0,0.0,0.0,0.0,0.0
894,9.126471519470215,-0.0,0.4012766182422638,-0.0,0.8323918581008911,0.014614557847380638,2.6897621154785156,1.02411949634552,0.6352510452270508,0.6202899637140862,184.0467664891142,0.014614557847380638,2.6897621154785156,1.02411949634552,0.6352510452270508,0.6202899637140862,184.0467664891142,0.015799501910805702,121,0f13aa187047c436,-0.0,0.0,0.0,0.0,nan,nan,nan,nan,nan,nan,nan,nan,nan,nan,nan,nan,0.0,0.0,0.0,nan,nan,0.20000000298023224,0.20000000298023224,0.09324191613952,0.0,0.0,0.0,0.0,0.0,0.0,0.0,0.0,0.0,0.0,0.0,0.0,0.05490550398826599,0.015799501910805702,0.0006669065815003705,7.3307600021362305,261,nan,-1.0,True,,False,0.07780987024307251,0.07780987024307251,40.0,40.0,1.0,0.0,0.0,0.0,0.0,0.0
895,8.986775398254395,-0.0,0.4030885696411133,-0.0,0.8180598020553589,0.015912897884845734,2.689383029937744,1.0241737365722656,0.6351259350776672,0.6201349560117848,169.00649079756326,0.015912897884845734,2.689383029937744,1.0241737365722656,0.6351259350776672,0.6201349560117848,169.00649079756326,0.015733342617750168,121,af598c7abb5a6bea,-0.0,0.0,0.0,0.0,nan,nan,nan,nan,nan,nan,nan,nan,nan,nan,nan,nan,0.0,0.0,0.0,nan,nan,0.20000000298023224,0.20000000298023224,0.09322781424000001,0.0,0.0,0.0,0.0,0.0,0.0,0.0,0.0,0.0,0.0,0.0,0.0,0.05496111512184143,0.015733342617750168,0.000657475443176736,7.3307600021362305,261,nan,-1.0,True,,False,0.07780987024307251,0.07780987024307251,40.0,40.0,1.0,0.0,0.0,0.0,0.0,0.0
896,9.060418128967285,-0.0,0.4049115777015686,-0.0,0.8250595331192017,0.015266552567481995,2.6898677349090576,1.0241773128509521,0.6351066827774048,0.6201139927709289,176.19352653581527,0.015266552567481995,2.6898677349090576,1.0241773128509521,0.6351066827774048,0.6201139927709289,176.19352653581527,0.015666905790567398,121,af598c7abb5a6bea,-0.0,0.0,0.0,0.0,nan,nan,nan,nan,nan,nan,nan,nan,nan,nan,nan,nan,0.0,0.0,0.0,nan,nan,0.20000000298023224,0.20000000298023224,0.09321370001408001,0.0,0.0,0.0,0.0,0.0,0.0,0.0,0.0,0.0,0.0,0.0,0.0,0.05501670762896538,0.015666905790567398,0.0006637419785420207,7.3307600021362305,261,nan,-1.0,True,,False,0.07780987024307251,0.07780987024307251,40.0,40.0,1.0,0.0,0.0,0.0,0.0,0.0
897,8.98937702178955,-0.0,0.40658828616142273,-0.0,0.817620038986206,0.015633201226592064,2.6896796226501465,1.024172067642212,0.6348589062690735,0.6198752400371629,172.04919092802334,0.015633201226592064,2.6896796226501465,1.024172067642212,0.6348589062690735,0.6198752400371629,172.04919092802334,0.015605914406478405,121,af598c7abb5a6bea,-0.0,0.0,0.0,0.0,nan,nan,nan,nan,nan,nan,nan,nan,nan,nan,nan,nan,0.0,0.0,0.0,nan,nan,0.20000000298023224,0.20000000298023224,0.09319957346944001,0.0,0.0,0.0,0.0,0.0,0.0,0.0,0.0,0.0,0.0,0.0,0.0,0.05507228523492813,0.015605914406478405,0.0006329612529043516,7.3307600021362305,261,nan,-1.0,True,,False,0.07780987024307251,0.07780987024307251,40.0,40.0,1.0,0.0,0.0,0.0,0.0,0.0
898,8.974088668823242,-0.0,0.4083274006843567,-0.0,0.8157433867454529,0.015948932617902756,2.6896286010742188,1.0242321491241455,0.634931743144989,0.6199099917806133,168.64003789539478,0.015948932617902756,2.6896286010742188,1.0242321491241455,0.634931743144989,0.6199099917806133,168.64003789539478,0.015542767941951752,121,af598c7abb5a6bea,-0.0,0.0,0.0,0.0,nan,nan,nan,nan,nan,nan,nan,nan,nan,nan,nan,nan,0.0,0.0,0.0,nan,nan,0.20000000298023224,0.20000000298023224,0.09318543461376,0.0,0.0,0.0,0.0,0.0,0.0,0.0,0.0,0.0,0.0,0.0,0.0,0.055127836763858795,0.015542767941951752,0.0006344618154798809,7.3307600021362305,261,nan,-1.0,True,,False,0.07780987024307251,0.07780987024307251,40.0,40.0,1.0,0.0,0.0,0.0,0.0,0.0
899,8.978387832641602,-0.0,0.410076767206192,-0.0,0.8158234357833862,0.01628340408205986,2.689858913421631,1.0242581367492676,0.6348850131034851,0.6198486400297948,165.19020837818343,0.01628340408205986,2.689858913421631,1.0242581367492676,0.6348850131034851,0.6198486400297948,165.19020837818343,0.015479362569749355,121,af598c7abb5a6bea,-0.0,0.0,0.0,0.0,nan,nan,nan,nan,nan,nan,nan,nan,nan,nan,nan,nan,0.0,0.0,0.0,nan,nan,0.20000000298023224,0.20000000298023224,0.09317128345472,0.0,0.0,0.0,0.0,0.0,0.0,0.0,0.0,0.0,0.0,0.0,0.0,0.055183377116918564,0.015479362569749355,0.0006580035701517772,7.3307600021362305,261,nan,-1.0,True,,False,0.07780987024307251,0.07780987024307251,40.0,40.0,1.0,0.0,0.0,0.0,0.0,0.0
900,8.963361740112305,-0.0,0.41194358468055725,-0.0,0.8139474987983704,0.016625769436359406,2.690258026123047,1.0242873430252075,0.6349005103111267,0.6198460955652968,161.81254265680113,0.016625769436359406,2.690258026123047,1.0242873430252075,0.6349005103111267,0.6198460955652968,161.81254265680113,0.015411830507218838,121,af598c7abb5a6bea,-0.0,0.0,0.0,0.0,nan,nan,nan,nan,nan,nan,nan,nan,nan,nan,nan,nan,0.0,0.0,0.0,nan,nan,0.20000000298023224,0.20000000298023224,0.09315712,0.0,0.0,0.0,0.0,0.0,0.0,0.0,0.0,0.0,0.0,0.0,0.0,0.05523889884352684,0.015411830507218838,0.0006613789362290845,7.3307600021362305,261,nan,-1.0,True,,False,0.07780987024307251,0.07780987024307251,40.0,40.0,1.0,0.0,0.0,0.0,0.0,0.0
901,8.905271530151367,-0.0,0.4136609137058258,-0.0,0.8077949285507202,0.017046485096216202,2.6898722648620605,1.024348258972168,0.6348697543144226,0.619779209613195,157.7962993355815,0.017046485096216202,2.6898722648620605,1.024348258972168,0.6348697543144226,0.619779209613195,157.7962993355815,0.015349825844168663,121,af598c7abb5a6bea,-0.0,0.0,0.0,0.0,nan,nan,nan,nan,nan,nan,nan,nan,nan,nan,nan,nan,0.0,0.0,0.0,nan,nan,0.20000000298023224,0.20000000298023224,0.09314294425728001,0.0,0.0,0.0,0.0,0.0,0.0,0.0,0.0,0.0,0.0,0.0,0.0,0.05529439449310303,0.015349825844168663,0.0006332146301701869,7.3307600021362305,261,nan,-1.0,True,,False,0.07780987024307251,0.07780987024307251,40.0,40.0,1.0,0.0,0.0,0.0,0.0,0.0
902,8.855445861816406,-0.0,0.41544225811958313,-0.0,0.8024561405181885,0.018584227189421654,2.690234422683716,1.0243667364120483,0.6349254250526428,0.6198223765802232,144.75901501112872,0.018584227189421654,2.690234422683716,1.0243667364120483,0.6349254250526428,0.6198223765802232,144.75901501112872,0.015285621397197247,121,af598c7abb5a6bea,-0.0,0.0,0.0,0.0,nan,nan,nan,nan,nan,nan,nan,nan,nan,nan,nan,nan,0.0,0.0,0.0,nan,nan,0.20000000298023224,0.20000000298023224,0.09312875623424001,0.0,0.0,0.0,0.0,0.0,0.0,0.0,0.0,0.0,0.0,0.0,0.0,0.055349886417388916,0.015285621397197247,0.0006799679281357385,7.3307600021362305,261,nan,-1.0,True,,False,0.07780987024307251,0.07780987024307251,40.0,40.0,1.0,0.0,0.0,0.0,0.0,0.0
903,8.847823143005371,-0.0,0.41718000173568726,-0.0,0.8013463020324707,0.01783611811697483,2.69058895111084,1.0243828296661377,0.6347597241401672,0.6196508822263697,150.85059055255843,0.01783611811697483,2.69058895111084,1.0243828296661377,0.6347597241401672,0.6196508822263697,150.85059055255843,0.015223102644085884,121,af598c7abb5a6bea,-0.0,0.0,0.0,0.0,nan,nan,nan,nan,nan,nan,nan,nan,nan,nan,nan,nan,0.0,0.0,0.0,nan,nan,0.20000000298023224,0.20000000298023224,0.09311455593856,0.0,0.0,0.0,0.0,0.0,0.0,0.0,0.0,0.0,0.0,0.0,0.0,0.055405355989933014,0.015223102644085884,0.0006293129481491633,7.3307600021362305,261,nan,-1.0,True,,False,0.07780987024307251,0.07780987024307251,40.0,40.0,1.0,0.0,0.0,0.0,0.0,0.0
904,8.814323425292969,-0.0,0.41881853342056274,-0.0,0.7976686358451843,0.018258891999721527,2.690255641937256,1.0243757963180542,0.6345572471618652,0.6194574778540005,147.33947941519594,0.018258891999721527,2.690255641937256,1.0243757963180542,0.6345572471618652,0.6194574778540005,147.33947941519594,0.01516425795853138,121,af598c7abb5a6bea,-0.0,0.0,0.0,0.0,nan,nan,nan,nan,nan,nan,nan,nan,nan,nan,nan,nan,0.0,0.0,0.0,nan,nan,0.20000000298023224,0.20000000298023224,0.09310034337792,0.0,0.0,0.0,0.0,0.0,0.0,0.0,0.0,0.0,0.0,0.0,0.0,0.05546079948544502,0.01516425795853138,0.0006292426535310369,7.3307600021362305,261,nan,-1.0,True,,False,0.07780987024307251,0.07780987024307251,40.0,40.0,1.0,0.0,0.0,0.0,0.0,0.0
905,8.84766674041748,-0.0,0.4205765426158905,-0.0,0.8006513714790344,0.01869748719036579,2.690192699432373,1.0244488716125488,0.6347793936729431,0.6196301360298824,143.87990600247835,0.01869748719036579,2.690192699432373,1.0244488716125488,0.6347793936729431,0.6196301360298824,143.87990600247835,0.0151012372225523,121,af598c7abb5a6bea,-0.0,0.0,0.0,0.0,nan,nan,nan,nan,nan,nan,nan,nan,nan,nan,nan,nan,0.0,0.0,0.0,nan,nan,0.20000000298023224,0.20000000298023224,0.09308611856,0.0,0.0,0.0,0.0,0.0,0.0,0.0,0.0,0.0,0.0,0.0,0.0,0.05551622435450554,0.0151012372225523,0.0006580060739906912,7.3307600021362305,261,nan,-1.0,True,,False,0.07780987024307251,0.07780987024307251,40.0,40.0,1.0,0.0,0.0,0.0,0.0,0.0
906,8.78978443145752,-0.0,0.4223448932170868,-0.0,0.7945095300674438,0.019116580486297607,2.6903328895568848,1.0244630575180054,0.6346756219863892,0.6195202621791313,140.732956476461,0.019116580486297607,2.6903328895568848,1.0244630575180054,0.6346756219863892,0.6195202621791313,140.732956476461,0.015037952922284603,121,af598c7abb5a6bea,-0.0,0.0,0.0,0.0,nan,nan,nan,nan,nan,nan,nan,nan,nan,nan,nan,nan,0.0,0.0,0.0,nan,nan,0.20000000298023224,0.20000000298023224,0.09307188149248001,0.0,0.0,0.0,0.0,0.0,0.0,0.0,0.0,0.0,0.0,0.0,0.0,0.05557164177298546,0.015037952922284603,0.0006298040584624687,7.3307600021362305,261,nan,-1.0,True,,False,0.07780987024307251,0.07780987024307251,40.0,40.0,1.0,0.0,0.0,0.0,0.0,0.0
907,8.702828407287598,-0.0,0.4240683317184448,-0.0,0.7854691743850708,0.020530162379145622,2.690345287322998,1.0244799852371216,0.634452223777771,0.6192919656023573,131.043546448314,0.020530162379145622,2.690345287322998,1.0244799852371216,0.634452223777771,0.6192919656023573,131.043546448314,0.01497639063745737,121,af598c7abb5a6bea,-0.0,0.0,0.0,0.0,nan,nan,nan,nan,nan,nan,nan,nan,nan,nan,nan,nan,0.0,0.0,0.0,nan,nan,0.20000000298023224,0.20000000298023224,0.09305763218304,0.0,0.0,0.0,0.0,0.0,0.0,0.0,0.0,0.0,0.0,0.0,0.0,0.05562703683972359,0.01497639063745737,0.0006402656001682772,7.3307600021362305,261,nan,-1.0,True,,False,0.07780987024307251,0.07780987024307251,40.0,40.0,1.0,0.0,0.0,0.0,0.0,0.0
908,8.787199974060059,-0.0,0.42591407895088196,-0.0,0.7935371398925781,0.020043721422553062,2.690831184387207,1.0245330333709717,0.6348276138305664,0.6196263011079532,134.24808336038345,0.020043721422553062,2.690831184387207,1.0245330333709717,0.6348276138305664,0.6196263011079532,134.24808336038345,0.014910577796399593,121,af598c7abb5a6bea,-0.0,0.0,0.0,0.0,nan,nan,nan,nan,nan,nan,nan,nan,nan,nan,nan,nan,0.0,0.0,0.0,nan,nan,0.20000000298023224,0.20000000298023224,0.09304337063936001,0.0,0.0,0.0,0.0,0.0,0.0,0.0,0.0,0.0,0.0,0.0,0.0,0.055682409554719925,0.014910577796399593,0.0006589041622646619,7.3307600021362305,261,nan,-1.0,True,,False,0.07780987024307251,0.07780987024307251,40.0,40.0,1.0,0.0,0.0,0.0,0.0,0.0
909,8.722847938537598,-0.0,0.4275456964969635,-0.0,0.7867757081985474,0.020598597824573517,2.690906524658203,1.024559736251831,0.6346051096916199,0.6193929814314287,130.63542225422896,0.020598597824573517,2.690906524658203,1.024559736251831,0.6346051096916199,0.6193929814314287,130.63542225422896,0.014852501451969147,121,af598c7abb5a6bea,-0.0,0.0,0.0,0.0,nan,nan,nan,nan,nan,nan,nan,nan,nan,nan,nan,nan,0.0,0.0,0.0,nan,nan,0.20000000298023224,0.20000000298023224,0.09302909686912,0.0,0.0,0.0,0.0,0.0,0.0,0.0,0.0,0.0,0.0,0.0,0.0,0.05573777109384537,0.014852501451969147,0.0006293368769547669,7.3307600021362305,261,nan,-1.0,True,,False,0.07780987024307251,0.07780987024307251,40.0,40.0,1.0,0.0,0.0,0.0,0.0,0.0
910,8.68713092803955,-0.0,0.4293000400066376,-0.0,0.7828531265258789,0.021049927920103073,2.6905722618103027,1.0246044397354126,0.6344630122184753,0.6192272721190971,127.81859738535049,0.021049927920103073,2.6905722618103027,1.0246044397354126,0.6344630122184753,0.6192272721190971,127.81859738535049,0.014790167100727558,121,af598c7abb5a6bea,-0.0,0.0,0.0,0.0,nan,nan,nan,nan,nan,nan,nan,nan,nan,nan,nan,nan,0.0,0.0,0.0,nan,nan,0.20000000298023224,0.20000000298023224,0.09301481088,0.0,0.0,0.0,0.0,0.0,0.0,0.0,0.0,0.0,0.0,0.0,0.0,0.05579311400651932,0.014790167100727558,0.0006290756139151199,7.3307600021362305,261,nan,-1.0,True,,False,0.07780987024307251,0.07780987024307251,40.0,40.0,1.0,0.0,0.0,0.0,0.0,0.0
911,8.67143440246582,-0.0,0.4311218559741974,-0.0,0.780919075012207,0.021539155393838882,2.6910524368286133,1.0245990753173828,0.6344074010848999,0.6191762381674842,124.93769544920823,0.021539155393838882,2.6910524368286133,1.0245990753173828,0.6344074010848999,0.6191762381674842,124.93769544920823,0.014725545421242714,121,af598c7abb5a6bea,-0.0,0.0,0.0,0.0,nan,nan,nan,nan,nan,nan,nan,nan,nan,nan,nan,nan,0.0,0.0,0.0,nan,nan,0.20000000298023224,0.20000000298023224,0.09300051267968,0.0,0.0,0.0,0.0,0.0,0.0,0.0,0.0,0.0,0.0,0.0,0.0,0.05584843084216118,0.014725545421242714,0.0006307617975380708,7.3307600021362305,261,nan,-1.0,True,,False,0.07780987024307251,0.07780987024307251,40.0,40.0,1.0,0.0,0.0,0.0,0.0,0.0
912,8.64287281036377,-0.0,0.4327254891395569,-0.0,0.7777422070503235,0.02300909161567688,2.690718650817871,1.024609923362732,0.6344026923179626,0.6191650869785414,116.94154188097511,0.02300909161567688,2.690718650817871,1.024609923362732,0.6344026923179626,0.6191650869785414,116.94154188097511,0.014668768271803856,121,af598c7abb5a6bea,-0.0,0.0,0.0,0.0,nan,nan,nan,nan,nan,nan,nan,nan,nan,nan,nan,nan,0.0,0.0,0.0,nan,nan,0.20000000298023224,0.20000000298023224,0.09298620227584001,0.0,0.0,0.0,0.0,0.0,0.0,0.0,0.0,0.0,0.0,0.0,0.0,0.05590374395251274,0.014668768271803856,0.0006682974203613412,7.3307600021362305,261,nan,-1.0,True,,False,0.07780987024307251,0.07780987024307251,40.0,40.0,1.0,0.0,0.0,0.0,0.0,0.0
913,8.644872665405273,-0.0,0.4345109462738037,-0.0,0.7775850892066956,0.022620797157287598,2.690793991088867,1.0246671438217163,0.6344650387763977,0.6191913565316675,118.95221783649615,0.022620797157287598,2.690793991088867,1.0246671438217163,0.6344650387763977,0.6191913565316675,118.95221783649615,0.014605650678277016,121,af598c7abb5a6bea,-0.0,0.0,0.0,0.0,nan,nan,nan,nan,nan,nan,nan,nan,nan,nan,nan,nan,0.0,0.0,0.0,nan,nan,0.20000000298023224,0.20000000298023224,0.09297187967616,0.0,0.0,0.0,0.0,0.0,0.0,0.0,0.0,0.0,0.0,0.0,0.0,0.055959027260541916,0.014605650678277016,0.0006282037986693467,7.3307600021362305,261,nan,-1.0,True,,False,0.07780987024307251,0.07780987024307251,40.0,40.0,1.0,0.0,0.0,0.0,0.0,0.0
914,8.59201431274414,-0.0,0.4361913204193115,-0.0,0.7719631195068359,0.024085212498903275,2.690927743911743,1.0247057676315308,0.6344786286354065,0.6191812798145152,111.72530630710753,0.024085212498903275,2.690927743911743,1.0247057676315308,0.6344786286354065,0.6191812798145152,111.72530630710753,0.014546356163918972,121,af598c7abb5a6bea,-0.0,0.0,0.0,0.0,nan,nan,nan,nan,nan,nan,nan,nan,nan,nan,nan,nan,0.0,0.0,0.0,nan,nan,0.20000000298023224,0.20000000298023224,0.09295754488832,0.0,0.0,0.0,0.0,0.0,0.0,0.0,0.0,0.0,0.0,0.0,0.0,0.056014299392700195,0.014546356163918972,0.000641779810848675,7.3307600021362305,261,nan,-1.0,True,,False,0.07780987024307251,0.07780987024307251,40.0,40.0,1.0,0.0,0.0,0.0,0.0,0.0
915,8.606717109680176,-0.0,0.43799838423728943,-0.0,0.7730720639228821,0.023720216006040573,2.690934181213379,1.0247398614883423,0.6344171762466431,0.6191007104234331,113.44475870405681,0.023720216006040573,2.690934181213379,1.0247398614883423,0.6344171762466431,0.6191007104234331,113.44475870405681,0.014482704922556877,121,af598c7abb5a6bea,-0.0,0.0,0.0,0.0,nan,nan,nan,nan,nan,nan,nan,nan,nan,nan,nan,nan,0.0,0.0,0.0,nan,nan,0.20000000298023224,0.20000000298023224,0.09294319792,0.0,0.0,0.0,0.0,0.0,0.0,0.0,0.0,0.0,0.0,0.0,0.0,0.05606956034898758,0.014482704922556877,0.0006284450416842446,7.3307600021362305,261,nan,-1.0,True,,False,0.07780987024307251,0.07780987024307251,40.0,40.0,1.0,0.0,0.0,0.0,0.0,0.0
916,8.593600273132324,-0.0,0.4396989345550537,-0.0,0.7714202404022217,0.025186633691191673,2.6910061836242676,1.024770736694336,0.6344801187515259,0.6191434786654879,106.84262996866359,0.025186633691191673,2.6910061836242676,1.024770736694336,0.6344801187515259,0.6191434786654879,106.84262996866359,0.014422905631363392,121,af598c7abb5a6bea,-0.0,0.0,0.0,0.0,nan,nan,nan,nan,nan,nan,nan,nan,nan,nan,nan,nan,0.0,0.0,0.0,nan,nan,0.20000000298023224,0.20000000298023224,0.09292883877888002,0.0,0.0,0.0,0.0,0.0,0.0,0.0,0.0,0.0,0.0,0.0,0.0,0.056124795228242874,0.014422905631363392,0.0006712680192322296,7.3307600021362305,261,nan,-1.0,True,,False,0.07780987024307251,0.07780987024307251,40.0,40.0,1.0,0.0,0.0,0.0,0.0,0.0
917,8.58287525177002,-0.0,0.4413502812385559,-0.0,0.7700174450874329,0.024843990802764893,2.6911392211914062,1.0248175859451294,0.6344619393348694,0.6190974355204318,108.321535076881,0.024843990802764893,2.6911392211914062,1.0248175859451294,0.6344619393348694,0.6190974355204318,108.321535076881,0.014364932663738728,121,af598c7abb5a6bea,-0.0,0.0,0.0,0.0,nan,nan,nan,nan,nan,nan,nan,nan,nan,nan,nan,nan,0.0,0.0,0.0,nan,nan,0.20000000298023224,0.20000000298023224,0.09291446747264,0.0,0.0,0.0,0.0,0.0,0.0,0.0,0.0,0.0,0.0,0.0,0.0,0.056180018931627274,0.014364932663738728,0.000632056594668029,7.3307600021362305,261,nan,-1.0,True,,False,0.07780987024307251,0.07780987024307251,40.0,40.0,1.0,0.0,0.0,0.0,0.0,0.0
918,8.546792030334473,-0.0,0.4431895315647125,-0.0,0.7660413384437561,0.02546854317188263,2.691610097885132,1.024817705154419,0.6342461705207825,0.6188868199005351,105.68370871156384,0.02546854317188263,2.691610097885132,1.024817705154419,0.6342461705207825,0.6188868199005351,105.68370871156384,0.014300473034381866,121,af598c7abb5a6bea,-0.0,0.0,0.0,0.0,nan,nan,nan,nan,nan,nan,nan,nan,nan,nan,nan,nan,0.0,0.0,0.0,nan,nan,0.20000000298023224,0.20000000298023224,0.09290008400896001,0.0,0.0,0.0,0.0,0.0,0.0,0.0,0.0,0.0,0.0,0.0,0.0,0.05623522028326988,0.014300473034381866,0.0006343623108477914,7.3307600021362305,261,nan,-1.0,True,,False,0.07780987024307251,0.07780987024307251,40.0,40.0,1.0,0.0,0.0,0.0,0.0,0.0
919,8.566091537475586,-0.0,0.4448607861995697,-0.0,0.7676369547843933,0.02611282654106617,2.6913516521453857,1.0248384475708008,0.6343255639076233,0.6189517629936507,103.0662708195472,0.02611282654106617,2.6913516521453857,1.0248384475708008,0.6343255639076233,0.6189517629936507,103.0662708195472,0.014242001809179783,121,af598c7abb5a6bea,-0.0,0.0,0.0,0.0,nan,nan,nan,nan,nan,nan,nan,nan,nan,nan,nan,nan,0.0,0.0,0.0,nan,nan,0.20000000298023224,0.20000000298023224,0.09288568839552001,0.0,0.0,0.0,0.0,0.0,0.0,0.0,0.0,0.0,0.0,0.0,0.0,0.0562904067337513,0.014242001809179783,0.000659787496260833,7.3307600021362305,261,nan,-1.0,True,,False,0.07780987024307251,0.07780987024307251,40.0,40.0,1.0,0.0,0.0,0.0,0.0,0.0
920,8.514643669128418,-0.0,0.4466020166873932,-0.0,0.7621439695358276,0.02672547474503517,2.6912803649902344,1.024875521659851,0.6342073082923889,0.6188139875418722,100.70093761347297,0.02672547474503517,2.6912803649902344,1.024875521659851,0.6342073082923889,0.6188139875418722,100.70093761347297,0.014181187376379967,121,c7c78fa5d56ae2c0,-0.0,0.0,0.0,0.0,nan,nan,nan,nan,nan,nan,nan,nan,nan,nan,nan,nan,0.0,0.0,0.0,nan,nan,0.20000000298023224,0.20000000298023224,0.09287128064,0.0,0.0,0.0,0.0,0.0,0.0,0.0,0.0,0.0,0.0,0.0,0.0,0.05634557083249092,0.014181187376379967,0.0006336165372431424,7.3307600021362305,261,nan,-1.0,True,,False,0.07780987024307251,0.07780987024307251,40.0,40.0,1.0,0.0,0.0,0.0,0.0,0.0
921,8.522699356079102,-0.0,0.4482930302619934,-0.0,0.7626112699508667,0.02730286866426468,2.691483974456787,1.0249543190002441,0.6343894600868225,0.618944130803425,98.57879798467961,0.02730286866426468,2.691483974456787,1.0249543190002441,0.6343894600868225,0.618944130803425,98.57879798467961,0.014122221618890762,121,c7c78fa5d56ae2c0,-0.0,0.0,0.0,0.0,nan,nan,nan,nan,nan,nan,nan,nan,nan,nan,nan,nan,0.0,0.0,0.0,nan,nan,0.20000000298023224,0.20000000298023224,0.09285686075008,0.0,0.0,0.0,0.0,0.0,0.0,0.0,0.0,0.0,0.0,0.0,0.0,0.05640072748064995,0.014122221618890762,0.0006316866240467789,7.3307600021362305,261,nan,-1.0,True,,False,0.07780987024307251,0.07780987024307251,40.0,40.0,1.0,0.0,0.0,0.0,0.0,0.0
922,8.53996467590332,-0.0,0.450115829706192,-0.0,0.7639733552932739,0.027958055958151817,2.691891670227051,1.0249544382095337,0.6344743967056274,0.6190269274934546,96.28322063080239,0.027958055958151817,2.691891670227051,1.0249544382095337,0.6344743967056274,0.6190269274934546,96.28322063080239,0.014058769680559635,121,c7c78fa5d56ae2c0,-0.0,0.0,0.0,0.0,nan,nan,nan,nan,nan,nan,nan,nan,nan,nan,nan,nan,0.0,0.0,0.0,nan,nan,0.20000000298023224,0.20000000298023224,0.09284242873344001,0.0,0.0,0.0,0.0,0.0,0.0,0.0,0.0,0.0,0.0,0.0,0.0,0.056455858051776886,0.014058769680559635,0.0006589208212517406,7.3307600021362305,261,nan,-1.0,True,,False,0.07780987024307251,0.07780987024307251,40.0,40.0,1.0,0.0,0.0,0.0,0.0,0.0
923,8.507739067077637,-0.0,0.4517662227153778,-0.0,0.7604206800460815,0.02866566926240921,2.691542148590088,1.0249648094177246,0.6342319250106812,0.6187840979350149,93.89427206291143,0.02866566926240921,2.691542148590088,1.0249648094177246,0.6342319250106812,0.6187840979350149,93.89427206291143,0.014001416973769665,121,c7c78fa5d56ae2c0,-0.0,0.0,0.0,0.0,nan,nan,nan,nan,nan,nan,nan,nan,nan,nan,nan,nan,0.0,0.0,0.0,nan,nan,0.20000000298023224,0.20000000298023224,0.09282798459776001,0.0,0.0,0.0,0.0,0.0,0.0,0.0,0.0,0.0,0.0,0.0,0.0,0.05651097372174263,0.014001416973769665,0.0006597294454877556,7.3307600021362305,261,nan,-1.0,True,,False,0.07780987024307251,0.07780987024307251,40.0,40.0,1.0,0.0,0.0,0.0,0.0,0.0
924,8.479666709899902,-0.0,0.45342597365379333,-0.0,0.757281482219696,0.029326990246772766,2.691544532775879,1.0250227451324463,0.6342472434043884,0.6187640678377683,91.77704599509883,0.029326990246772766,2.691544532775879,1.0250227451324463,0.6342472434043884,0.6187640678377683,91.77704599509883,0.013943828642368317,121,c7c78fa5d56ae2c0,-0.0,0.0,0.0,0.0,nan,nan,nan,nan,nan,nan,nan,nan,nan,nan,nan,nan,0.0,0.0,0.0,nan,nan,0.20000000298023224,0.20000000298023224,0.09281352835072,0.0,0.0,0.0,0.0,0.0,0.0,0.0,0.0,0.0,0.0,0.0,0.0,0.05656607076525688,0.013943828642368317,0.000629756604666909,7.3307600021362305,261,nan,-1.0,True,,False,0.07780987024307251,0.07780987024307251,40.0,40.0,1.0,0.0,0.0,0.0,0.0,0.0
925,8.49116325378418,-0.0,0.45521941781044006,-0.0,0.7580724954605103,0.029941627755761147,2.6916050910949707,1.0250171422958374,0.6342215538024902,0.6187423874511584,89.8950822931486,0.029941627755761147,2.6916050910949707,1.0250171422958374,0.6342215538024902,0.6187423874511584,89.8950822931486,0.013881707563996315,121,c7c78fa5d56ae2c0,-0.0,0.0,0.0,0.0,nan,nan,nan,nan,nan,nan,nan,nan,nan,nan,nan,nan,0.0,0.0,0.0,nan,nan,0.20000000298023224,0.20000000298023224,0.09279906,0.0,0.0,0.0,0.0,0.0,0.0,0.0,0.0,0.0,0.0,0.0,0.0,0.05662114545702934,0.013881707563996315,0.0006560283841281489,7.3307600021362305,261,nan,-1.0,True,,False,0.07780987024307251,0.07780987024307251,40.0,40.0,1.0,0.0,0.0,0.0,0.0,0.0
926,8.445366859436035,-0.0,0.45696163177490234,-0.0,0.753144383430481,0.030678346753120422,2.691664218902588,1.0250649452209473,0.6341827511787415,0.6186756791707931,87.73824223851983,0.030678346753120422,2.691664218902588,1.0250649452209473,0.6341827511787415,0.6186756791707931,87.73824223851983,0.013821464963257313,121,c7c78fa5d56ae2c0,-0.0,0.0,0.0,0.0,nan,nan,nan,nan,nan,nan,nan,nan,nan,nan,nan,nan,0.0,0.0,0.0,nan,nan,0.20000000298023224,0.20000000298023224,0.09278457955328001,0.0,0.0,0.0,0.0,0.0,0.0,0.0,0.0,0.0,0.0,0.0,0.0,0.056676220148801804,0.013821464963257313,0.0006270864009820798,7.3307600021362305,261,nan,-1.0,True,,False,0.07780987024307251,0.07780987024307251,40.0,40.0,1.0,0.0,0.0,0.0,0.0,0.0
927,8.432202339172363,-0.0,0.4585888087749481,-0.0,0.751502513885498,0.031417518854141235,2.692288398742676,1.0251113176345825,0.6341119408607483,0.6185786167339806,85.69385797910637,0.031417518854141235,2.692288398742676,1.0251113176345825,0.6341119408607483,0.6185786167339806,85.69385797910637,0.013765288516879082,121,c7c78fa5d56ae2c0,-0.0,0.0,0.0,0.0,nan,nan,nan,nan,nan,nan,nan,nan,nan,nan,nan,nan,0.0,0.0,0.0,nan,nan,0.20000000298023224,0.20000000298023224,0.09277008701824001,0.0,0.0,0.0,0.0,0.0,0.0,0.0,0.0,0.0,0.0,0.0,0.0,0.056731272488832474,0.013765288516879082,0.0006261628268475761,7.3307600021362305,261,nan,-1.0,True,,False,0.07780987024307251,0.07780987024307251,40.0,40.0,1.0,0.0,0.0,0.0,0.0,0.0
928,8.402240753173828,-0.0,0.4602251350879669,-0.0,0.7481790781021118,0.03304397687315941,2.6918439865112305,1.0251224040985107,0.6340778470039368,0.6185386686203027,81.46247035712373,0.03304397687315941,2.6918439865112305,1.0251224040985107,0.6340778470039368,0.6185386686203027,81.46247035712373,0.01370888203382492,121,5bbcb69da1207f88,-0.0,0.0,0.0,0.0,nan,nan,nan,nan,nan,nan,nan,nan,nan,nan,nan,nan,0.0,0.0,0.0,nan,nan,0.20000000298023224,0.20000000298023224,0.09275558240256,0.0,0.0,0.0,0.0,0.0,0.0,0.0,0.0,0.0,0.0,0.0,0.0,0.05678630620241165,0.01370888203382492,0.0006360166842114268,7.3307600021362305,261,nan,-1.0,True,,False,0.07780987024307251,0.07780987024307251,40.0,40.0,1.0,0.0,0.0,0.0,0.0,0.0
929,8.39816665649414,-0.0,0.46193429827690125,-0.0,0.7474298477172852,0.03370804712176323,2.691847085952759,1.0251684188842773,0.6341299414634705,0.6185617209644575,79.85769914907937,0.03370804712176323,2.691847085952759,1.0251684188842773,0.6341299414634705,0.6185617209644575,79.85769914907937,0.013650059700012207,121,5bbcb69da1207f88,-0.0,0.0,0.0,0.0,nan,nan,nan,nan,nan,nan,nan,nan,nan,nan,nan,nan,0.0,0.0,0.0,nan,nan,0.20000000298023224,0.20000000298023224,0.09274106571392,0.0,0.0,0.0,0.0,0.0,0.0,0.0,0.0,0.0,0.0,0.0,0.0,0.05684132128953934,0.013650059700012207,0.0006291591596436774,7.3307600021362305,261,nan,-1.0,True,,False,0.07780987024307251,0.07780987024307251,40.0,40.0,1.0,0.0,0.0,0.0,0.0,0.0
930,8.41911506652832,-0.0,0.46365371346473694,-0.0,0.7491807341575623,0.034504108130931854,2.6923179626464844,1.0251667499542236,0.6341742277145386,0.6186059270288039,78.0289104251011,0.034504108130931854,2.6923179626464844,1.0251667499542236,0.6341742277145386,0.6186059270288039,78.0289104251011,0.013590982183814049,121,5bbcb69da1207f88,-0.0,0.0,0.0,0.0,nan,nan,nan,nan,nan,nan,nan,nan,nan,nan,nan,nan,0.0,0.0,0.0,nan,nan,0.20000000298023224,0.20000000298023224,0.09272653696,0.0,0.0,0.0,0.0,0.0,0.0,0.0,0.0,0.0,0.0,0.0,0.0,0.05689631775021553,0.013590982183814049,0.0006569229069555149,7.3307600021362305,261,nan,-1.0,True,,False,0.07780987024307251,0.07780987024307251,40.0,40.0,1.0,0.0,0.0,0.0,0.0,0.0
931,8.416945457458496,-0.0,0.4653833210468292,-0.0,0.7486178874969482,0.03519202396273613,2.6922531127929688,1.0252090692520142,0.6341650485992432,0.6185714383720052,76.50179812458987,0.03519202396273613,2.6922531127929688,1.0252090692520142,0.6341650485992432,0.6185714383720052,76.50179812458987,0.013531646691262722,121,5bbcb69da1207f88,-0.0,0.0,0.0,0.0,nan,nan,nan,nan,nan,nan,nan,nan,nan,nan,nan,nan,0.0,0.0,0.0,nan,nan,0.20000000298023224,0.20000000298023224,0.09271199614848001,0.0,0.0,0.0,0.0,0.0,0.0,0.0,0.0,0.0,0.0,0.0,0.0,0.05695129558444023,0.013531646691262722,0.0006567706820987951,7.3307600021362305,261,nan,-1.0,True,,False,0.07780987024307251,0.07780987024307251,40.0,40.0,1.0,0.0,0.0,0.0,0.0,0.0
932,8.435237884521484,-0.0,0.46712347865104675,-0.0,0.7500991225242615,0.03595265746116638,2.692437171936035,1.0253052711486816,0.6344045400619507,0.6187469799615947,74.88840497657851,0.03595265746116638,2.692437171936035,1.0253052711486816,0.6344045400619507,0.6187469799615947,74.88840497657851,0.013472050428390503,121,5bbcb69da1207f88,-0.0,0.0,0.0,0.0,nan,nan,nan,nan,nan,nan,nan,nan,nan,nan,nan,nan,0.0,0.0,0.0,nan,nan,0.20000000298023224,0.20000000298023224,0.09269744328704001,0.0,0.0,0.0,0.0,0.0,0.0,0.0,0.0,0.0,0.0,0.0,0.0,0.057006265968084335,0.013472050428390503,0.000651344608513682,7.3307600021362305,261,nan,-1.0,True,,False,0.07780987024307251,0.07780987024307251,40.0,40.0,1.0,0.0,0.0,0.0,0.0,0.0
933,8.431921005249023,-0.0,0.468744158744812,-0.0,0.7494432926177979,0.03678213804960251,2.6922168731689453,1.0253207683563232,0.6343679428100586,0.6187019344463339,73.19359384542463,0.03678213804960251,2.6922168731689453,1.0253207683563232,0.6343679428100586,0.6187019344463339,73.19359384542463,0.013416632078588009,121,5bbcb69da1207f88,-0.0,0.0,0.0,0.0,nan,nan,nan,nan,nan,nan,nan,nan,nan,nan,nan,nan,0.0,0.0,0.0,nan,nan,0.20000000298023224,0.20000000298023224,0.09268287838336,0.0,0.0,0.0,0.0,0.0,0.0,0.0,0.0,0.0,0.0,0.0,0.0,0.05706120654940605,0.013416632078588009,0.0006472555610343989,7.3307600021362305,261,nan,-1.0,True,,False,0.07780987024307251,0.07780987024307251,40.0,40.0,1.0,0.0,0.0,0.0,0.0,0.0
934,8.36677074432373,-0.0,0.4704394042491913,-0.0,0.7425892353057861,0.0378003790974617,2.6925454139709473,1.0253373384475708,0.6341005563735962,0.6184311568460648,71.23064578343745,0.0378003790974617,2.6925454139709473,1.0253373384475708,0.6341005563735962,0.6184311568460648,71.23064578343745,0.013358754105865955,121,5bbcb69da1207f88,-0.0,0.0,0.0,0.0,nan,nan,nan,nan,nan,nan,nan,nan,nan,nan,nan,nan,0.0,0.0,0.0,nan,nan,0.20000000298023224,0.20000000298023224,0.09266830144512,0.0,0.0,0.0,0.0,0.0,0.0,0.0,0.0,0.0,0.0,0.0,0.0,0.05711613968014717,0.013358754105865955,0.000619547012320254,7.3307600021362305,261,nan,-1.0,True,,False,0.07780987024307251,0.07780987024307251,40.0,40.0,1.0,0.0,0.0,0.0,0.0,0.0
935,8.412992477416992,-0.0,0.47207900881767273,-0.0,0.7468834519386292,0.03739454597234726,2.692598819732666,1.0253790616989136,0.6341809630393982,0.6184844090619976,72.00512132768786,0.03739454597234726,2.692598819732666,1.0253790616989136,0.6341809630393982,0.6184844090619976,72.00512132768786,0.013302863575518131,121,5bbcb69da1207f88,-0.0,0.0,0.0,0.0,nan,nan,nan,nan,nan,nan,nan,nan,nan,nan,nan,nan,0.0,0.0,0.0,nan,nan,0.20000000298023224,0.20000000298023224,0.09265371248000001,0.0,0.0,0.0,0.0,0.0,0.0,0.0,0.0,0.0,0.0,0.0,0.0,0.0571710541844368,0.013302863575518131,0.0006062504528472346,7.3307600021362305,261,nan,-1.0,True,,False,0.07780987024307251,0.07780987024307251,40.0,40.0,1.0,0.0,0.0,0.0,0.0,0.0
936,8.41710090637207,-0.0,0.47386032342910767,-0.0,0.7469380497932434,0.03822958841919899,2.6923818588256836,1.025407075881958,0.63419508934021,0.6184812883163844,70.42665040760845,0.03822958841919899,2.6923818588256836,1.025407075881958,0.63419508934021,0.6184812883163844,70.42665040760845,0.013242238201200962,121,5bbcb69da1207f88,-0.0,0.0,0.0,0.0,nan,nan,nan,nan,nan,nan,nan,nan,nan,nan,nan,nan,0.0,0.0,0.0,nan,nan,0.20000000298023224,0.20000000298023224,0.09263911149568001,0.0,0.0,0.0,0.0,0.0,0.0,0.0,0.0,0.0,0.0,0.0,0.0,0.057225942611694336,0.013242238201200962,0.0006346935731471604,7.3307600021362305,261,nan,-1.0,True,,False,0.07780987024307251,0.07780987024307251,40.0,40.0,1.0,0.0,0.0,0.0,0.0,0.0
937,8.412944793701172,-0.0,0.4755195081233978,-0.0,0.74619060754776,0.03898829594254494,2.6926982402801514,1.025442361831665,0.6341512203216553,0.6184172255073626,69.06427108915567,0.03898829594254494,2.6926982402801514,1.025442361831665,0.6341512203216553,0.6184172255073626,69.06427108915567,0.013185854069888592,121,5bbcb69da1207f88,-0.0,0.0,0.0,0.0,nan,nan,nan,nan,nan,nan,nan,nan,nan,nan,nan,nan,0.0,0.0,0.0,nan,nan,0.20000000298023224,0.20000000298023224,0.09262449849984,0.0,0.0,0.0,0.0,0.0,0.0,0.0,0.0,0.0,0.0,0.0,0.0,0.05728081986308098,0.013185854069888592,0.0006314188885880867,7.3307600021362305,261,nan,-1.0,True,,False,0.07780987024307251,0.07780987024307251,40.0,40.0,1.0,0.0,0.0,0.0,0.0,0.0
938,8.411325454711914,-0.0,0.4772554934024811,-0.0,0.7456814646720886,0.03983771800994873,2.692742109298706,1.0254855155944824,0.634196400642395,0.6184352591998787,67.59278000377039,0.03983771800994873,2.692742109298706,1.0254855155944824,0.634196400642395,0.6184352591998787,67.59278000377039,0.013126958161592484,121,5bbcb69da1207f88,-0.0,0.0,0.0,0.0,nan,nan,nan,nan,nan,nan,nan,nan,nan,nan,nan,nan,0.0,0.0,0.0,nan,nan,0.20000000298023224,0.20000000298023224,0.09260987350016,0.0,0.0,0.0,0.0,0.0,0.0,0.0,0.0,0.0,0.0,0.0,0.0,0.057335685938596725,0.013126958161592484,0.000594781502513797,7.3307600021362305,261,nan,-1.0,True,,False,0.07780987024307251,0.07780987024307251,40.0,40.0,1.0,0.0,0.0,0.0,0.0,0.0
939,8.367278099060059,-0.0,0.47886741161346436,-0.0,0.7409542798995972,0.04160869121551514,2.6927928924560547,1.0254871845245361,0.634053111076355,0.6182945244414065,64.71707746125792,0.04160869121551514,2.6927928924560547,1.0254871845245361,0.634053111076355,0.6182945244414065,64.71707746125792,0.013072356581687927,121,5bbcb69da1207f88,-0.0,0.0,0.0,0.0,nan,nan,nan,nan,nan,nan,nan,nan,nan,nan,nan,nan,0.0,0.0,0.0,nan,nan,0.20000000298023224,0.20000000298023224,0.09259523650432,0.0,0.0,0.0,0.0,0.0,0.0,0.0,0.0,0.0,0.0,0.0,0.0,0.05739052966237068,0.013072356581687927,0.0005965583854958822,7.3307600021362305,261,nan,-1.0,True,,False,0.07780987024307251,0.07780987024307251,40.0,40.0,1.0,0.0,0.0,0.0,0.0,0.0
940,8.412714004516602,-0.0,0.48055610060691833,-0.0,0.7451602220535278,0.04154019057750702,2.692901134490967,1.0255578756332397,0.6342412233352661,0.618435330081833,64.82640298595804,0.04154019057750702,2.692901134490967,1.0255578756332397,0.6342412233352661,0.618435330081833,64.82640298595804,0.013015237636864185,121,5bbcb69da1207f88,-0.0,0.0,0.0,0.0,nan,nan,nan,nan,nan,nan,nan,nan,nan,nan,nan,nan,0.0,0.0,0.0,nan,nan,0.20000000298023224,0.20000000298023224,0.09258058752000001,0.0,0.0,0.0,0.0,0.0,0.0,0.0,0.0,0.0,0.0,0.0,0.0,0.057445354759693146,0.013015237636864185,0.0006148976460735867,7.3307600021362305,261,nan,-1.0,True,,False,0.07780987024307251,0.07780987024307251,40.0,40.0,1.0,0.0,0.0,0.0,0.0,0.0
941,8.38809585571289,-0.0,0.48225486278533936,-0.0,0.7423586249351501,0.04234662652015686,2.692882776260376,1.0255457162857056,0.6340876817703247,0.6182929456005596,63.59143567147131,0.04234662652015686,2.692882776260376,1.0255457162857056,0.6340876817703247,0.6182929456005596,63.59143567147131,0.012957865372300148,121,5bbcb69da1207f88,-0.0,0.0,0.0,0.0,nan,nan,nan,nan,nan,nan,nan,nan,nan,nan,nan,nan,0.0,0.0,0.0,nan,nan,0.20000000298023224,0.20000000298023224,0.09256592655488,0.0,0.0,0.0,0.0,0.0,0.0,0.0,0.0,0.0,0.0,0.0,0.0,0.05750016123056412,0.012957865372300148,0.0005791622538708907,7.3307600021362305,261,nan,-1.0,True,,False,0.07780987024307251,0.07780987024307251,40.0,40.0,1.0,0.0,0.0,0.0,0.0,0.0
942,8.413880348205566,-0.0,0.4839639961719513,-0.0,0.7445952296257019,0.04319261759519577,2.692509174346924,1.025583267211914,0.6341695189476013,0.6183501030312385,62.337254009037096,0.04319261759519577,2.692509174346924,1.025583267211914,0.6341695189476013,0.6183501030312385,62.337254009037096,0.01290023885667324,121,5bbcb69da1207f88,-0.0,0.0,0.0,0.0,nan,nan,nan,nan,nan,nan,nan,nan,nan,nan,nan,nan,0.0,0.0,0.0,nan,nan,0.20000000298023224,0.20000000298023224,0.09255125361664,0.0,0.0,0.0,0.0,0.0,0.0,0.0,0.0,0.0,0.0,0.0,0.0,0.0575549490749836,0.01290023885667324,0.000601458041501246,7.3307600021362305,261,nan,-1.0,True,,False,0.07780987024307251,0.07780987024307251,40.0,40.0,1.0,0.0,0.0,0.0,0.0,0.0
943,8.404598236083984,-0.0,0.4856833219528198,-0.0,0.7433231472969055,0.04500336945056915,2.693033456802368,1.0256386995315552,0.634162187576294,0.6183095351861604,59.840707255494394,0.04500336945056915,2.693033456802368,1.0256386995315552,0.634162187576294,0.6183095351861604,59.840707255494394,0.01284235343337059,121,5bbcb69da1207f88,-0.0,0.0,0.0,0.0,nan,nan,nan,nan,nan,nan,nan,nan,nan,nan,nan,nan,0.0,0.0,0.0,nan,nan,0.20000000298023224,0.20000000298023224,0.09253656871296001,0.0,0.0,0.0,0.0,0.0,0.0,0.0,0.0,0.0,0.0,0.0,0.0,0.05760972574353218,0.01284235343337059,0.0005963846060694777,7.3307600021362305,261,nan,-1.0,True,,False,0.07780987024307251,0.07780987024307251,40.0,40.0,1.0,0.0,0.0,0.0,0.0,0.0
944,8.396638870239258,-0.0,0.48734378814697266,-0.0,0.7421951293945312,0.04497398063540459,2.6927990913391113,1.0256632566452026,0.6341140270233154,0.618247775685571,59.87459978624342,0.04497398063540459,2.6927990913391113,1.0256632566452026,0.6341140270233154,0.618247775685571,59.87459978624342,0.012786537408828735,121,e0c14690933d45c9,-0.0,0.0,0.0,0.0,nan,nan,nan,nan,nan,nan,nan,nan,nan,nan,nan,nan,0.0,0.0,0.0,nan,nan,0.20000000298023224,0.20000000298023224,0.09252187185152,0.0,0.0,0.0,0.0,0.0,0.0,0.0,0.0,0.0,0.0,0.0,0.0,0.057664480060338974,0.012786537408828735,0.000563644626936366,7.3307600021362305,261,nan,-1.0,True,,False,0.07780987024307251,0.07780987024307251,40.0,40.0,1.0,0.0,0.0,0.0,0.0,0.0
945,8.418783187866211,-0.0,0.4888743460178375,-0.0,0.7441034317016602,0.04673811048269272,2.693054676055908,1.0257389545440674,0.6342105865478516,0.6182962865339876,57.62010163104808,0.04673811048269272,2.693054676055908,1.0257389545440674,0.6342105865478516,0.6182962865339876,57.62010163104808,0.012735157273709774,121,e0c14690933d45c9,-0.0,0.0,0.0,0.0,nan,nan,nan,nan,nan,nan,nan,nan,nan,nan,nan,nan,0.0,0.0,0.0,nan,nan,0.20000000298023224,0.20000000298023224,0.09250716304,0.0,0.0,0.0,0.0,0.0,0.0,0.0,0.0,0.0,0.0,0.0,0.0,0.057719212025403976,0.012735157273709774,0.0005525351505184517,7.3307600021362305,261,nan,-1.0,True,,False,0.07780987024307251,0.07780987024307251,40.0,40.0,1.0,0.0,0.0,0.0,0.0,0.0
946,8.461295127868652,-0.0,0.49055373668670654,-0.0,0.7480188012123108,0.04766310006380081,2.692668914794922,1.0257607698440552,0.6344239115715027,0.6184911045759268,56.49378473474391,0.04766310006380081,2.692668914794922,1.0257607698440552,0.6344239115715027,0.6184911045759268,56.49378473474391,0.012678869068622589,121,e0c14690933d45c9,-0.0,0.0,0.0,0.0,nan,nan,nan,nan,nan,nan,nan,nan,nan,nan,nan,nan,0.0,0.0,0.0,nan,nan,0.20000000298023224,0.20000000298023224,0.09249244228608,0.0,0.0,0.0,0.0,0.0,0.0,0.0,0.0,0.0,0.0,0.0,0.0,0.057773929089307785,0.012678869068622589,0.0005696917742170626,7.3307600021362305,261,nan,-1.0,True,,False,0.07780987024307251,0.07780987024307251,40.0,40.0,1.0,0.0,0.0,0.0,0.0,0.0
947,8.446109771728516,-0.0,0.49224311113357544,-0.0,0.7461623549461365,0.04762164503335953,2.6931324005126953,1.025778889656067,0.6343055367469788,0.6183647793333463,56.55269570436141,0.04762164503335953,2.6931324005126953,1.025778889656067,0.6343055367469788,0.6183647793333463,56.55269570436141,0.012622330337762833,121,e0c14690933d45c9,-0.0,0.0,0.0,0.0,nan,nan,nan,nan,nan,nan,nan,nan,nan,nan,nan,nan,0.0,0.0,0.0,nan,nan,0.20000000298023224,0.20000000298023224,0.09247770959744,0.0,0.0,0.0,0.0,0.0,0.0,0.0,0.0,0.0,0.0,0.0,0.0,0.0578286349773407,0.012622330337762833,0.0005683519782451185,7.3307600021362305,261,nan,-1.0,True,,False,0.07780987024307251,0.07780987024307251,40.0,40.0,1.0,0.0,0.0,0.0,0.0,0.0
948,8.42069149017334,-0.0,0.4938715994358063,-0.0,0.7432948350906372,0.048535458743572235,2.6931631565093994,1.025825023651123,0.6341739296913147,0.6182086760119759,55.488569104460495,0.048535458743572235,2.6931631565093994,1.025825023651123,0.6341739296913147,0.6182086760119759,55.488569104460495,0.012567907571792603,121,e0c14690933d45c9,-0.0,0.0,0.0,0.0,nan,nan,nan,nan,nan,nan,nan,nan,nan,nan,nan,nan,0.0,0.0,0.0,nan,nan,0.20000000298023224,0.20000000298023224,0.09246296498176,0.0,0.0,0.0,0.0,0.0,0.0,0.0,0.0,0.0,0.0,0.0,0.0,0.05788331851363182,0.012567907571792603,0.0005371761990318191,7.3307600021362305,261,nan,-1.0,True,,False,0.07780987024307251,0.07780987024307251,40.0,40.0,1.0,0.0,0.0,0.0,0.0,0.0
949,8.423209190368652,-0.0,0.4955095946788788,-0.0,0.7432190179824829,0.04951900243759155,2.6927762031555176,1.0258492231369019,0.6341161131858826,0.618137732996322,54.37864396701457,0.04951900243759155,2.6927762031555176,1.0258492231369019,0.6341161131858826,0.618137732996322,54.37864396701457,0.012513249181210995,121,e0c14690933d45c9,-0.0,0.0,0.0,0.0,nan,nan,nan,nan,nan,nan,nan,nan,nan,nan,nan,nan,0.0,0.0,0.0,nan,nan,0.20000000298023224,0.20000000298023224,0.09244820844672,0.0,0.0,0.0,0.0,0.0,0.0,0.0,0.0,0.0,0.0,0.0,0.0,0.057937975972890854,0.012513249181210995,0.0005310137712513097,7.3307600021362305,261,nan,-1.0,True,,False,0.07780987024307251,0.07780987024307251,40.0,40.0,1.0,0.0,0.0,0.0,0.0,0.0
950,8.433154106140137,-0.0,0.4973008930683136,-0.0,0.7438552379608154,0.05039213225245476,2.6930184364318848,1.0258909463882446,0.6341610550880432,0.6181564008539825,53.44124798967401,0.05039213225245476,2.6930184364318848,1.0258909463882446,0.6341610550880432,0.6181564008539825,53.44124798967401,0.012453565374016762,121,e0c14690933d45c9,-0.0,0.0,0.0,0.0,nan,nan,nan,nan,nan,nan,nan,nan,nan,nan,nan,nan,0.0,0.0,0.0,nan,nan,0.20000000298023224,0.20000000298023224,0.09243344,0.0,0.0,0.0,0.0,0.0,0.0,0.0,0.0,0.0,0.0,0.0,0.0,0.05799261853098869,0.012453565374016762,0.0005246695491223363,7.3307600021362305,261,nan,-1.0,True,,False,0.07780987024307251,0.07780987024307251,40.0,40.0,1.0,0.0,0.0,0.0,0.0,0.0
951,8.468265533447266,-0.0,0.4988867938518524,-0.0,0.7470492124557495,0.05228675901889801,2.6929869651794434,1.0259158611297607,0.634323000907898,0.618299243574778,51.50418606374353,0.05228675901889801,2.6929869651794434,1.0259158611297607,0.634323000907898,0.618299243574778,51.50418606374353,0.012400805950164795,121,e0c14690933d45c9,-0.0,0.0,0.0,0.0,nan,nan,nan,nan,nan,nan,nan,nan,nan,nan,nan,nan,0.0,0.0,0.0,nan,nan,0.20000000298023224,0.20000000298023224,0.09241865964928,0.0,0.0,0.0,0.0,0.0,0.0,0.0,0.0,0.0,0.0,0.0,0.0,0.05804726108908653,0.012400805950164795,0.0005384550429425872,7.3307600021362305,261,nan,-1.0,True,,False,0.07780987024307251,0.07780987024307251,40.0,40.0,1.0,0.0,0.0,0.0,0.0,0.0
952,8.446134567260742,-0.0,0.5006998181343079,-0.0,0.7444735169410706,0.053038015961647034,2.692924737930298,1.0259414911270142,0.6340753436088562,0.6180424021181887,50.773481796106616,0.053038015961647034,2.692924737930298,1.0259414911270142,0.6340753436088562,0.6180424021181887,50.773481796106616,0.012340578250586987,121,e0c14690933d45c9,-0.0,0.0,0.0,0.0,nan,nan,nan,nan,nan,nan,nan,nan,nan,nan,nan,nan,0.0,0.0,0.0,nan,nan,0.20000000298023224,0.20000000298023224,0.09240386740224,0.0,0.0,0.0,0.0,0.0,0.0,0.0,0.0,0.0,0.0,0.0,0.0,0.05810186266899109,0.012340578250586987,0.0005113516031087784,7.3307600021362305,261,nan,-1.0,True,,False,0.07780987024307251,0.07780987024307251,40.0,40.0,1.0,0.0,0.0,0.0,0.0,0.0
953,8.488155364990234,-0.0,0.5023051500320435,-0.0,0.7483544945716858,0.051573872566223145,2.6933751106262207,1.02601158618927,0.6343443989753723,0.6182624129337597,52.223635275163936,0.051573872566223145,2.6933751106262207,1.02601158618927,0.6343443989753723,0.6182624129337597,52.223635275163936,0.012287333607673645,121,e0c14690933d45c9,-0.0,0.0,0.0,0.0,nan,nan,nan,nan,nan,nan,nan,nan,nan,nan,nan,nan,0.0,0.0,0.0,nan,nan,0.20000000298023224,0.20000000298023224,0.09238906326656,0.0,0.0,0.0,0.0,0.0,0.0,0.0,0.0,0.0,0.0,0.0,0.0,0.05815645679831505,0.012287333607673645,0.0005239695708496583,7.3307600021362305,261,nan,-1.0,True,,False,0.07780987024307251,0.07780987024307251,40.0,40.0,1.0,0.0,0.0,0.0,0.0,0.0
954,8.522741317749023,-0.0,0.5039933323860168,-0.0,0.75147545337677,0.047102585434913635,2.6929192543029785,1.0260289907455444,0.6342602372169495,0.6181698986459206,57.17136818368612,0.047102585434913635,2.6929192543029785,1.0260289907455444,0.6342602372169495,0.6181698986459206,57.17136818368612,0.01223142072558403,121,e0c14690933d45c9,-0.0,0.0,0.0,0.0,nan,nan,nan,nan,nan,nan,nan,nan,nan,nan,nan,nan,0.0,0.0,0.0,nan,nan,0.20000000298023224,0.20000000298023224,0.09237424724992,0.0,0.0,0.0,0.0,0.0,0.0,0.0,0.0,0.0,0.0,0.0,0.0,0.058211036026477814,0.01223142072558403,0.0004907834729692695,7.3307600021362305,261,nan,-1.0,True,,False,0.07780987024307251,0.07780987024307251,40.0,40.0,1.0,0.0,0.0,0.0,0.0,0.0
955,8.567809104919434,-0.0,0.50554358959198,-0.0,0.7556722164154053,0.04551365226507187,2.6930036544799805,1.0261025428771973,0.6344733834266663,0.618333311647001,59.169139817563,0.04551365226507187,2.6930036544799805,1.0261025428771973,0.6344733834266663,0.618333311647001,59.169139817563,0.012180145829916,121,e0c14690933d45c9,-0.0,0.0,0.0,0.0,nan,nan,nan,nan,nan,nan,nan,nan,nan,nan,nan,nan,0.0,0.0,0.0,nan,nan,0.20000000298023224,0.20000000298023224,0.09235941936,0.0,0.0,0.0,0.0,0.0,0.0,0.0,0.0,0.0,0.0,0.0,0.0,0.05826559290289879,0.012180145829916,0.0005012816802718589,7.3307600021362305,261,nan,-1.0,True,,False,0.07780987024307251,0.07780987024307251,40.0,40.0,1.0,0.0,0.0,0.0,0.0,0.0
956,8.545186042785645,-0.0,0.5072515606880188,-0.0,0.7530682682991028,0.04719171300530434,2.6933913230895996,1.0260933637619019,0.6343085169792175,0.6181781691421255,57.07339597498534,0.04719171300530434,2.6933913230895996,1.0260933637619019,0.6343085169792175,0.6181781691421255,57.07339597498534,0.01212373934686184,121,e0c14690933d45c9,-0.0,0.0,0.0,0.0,nan,nan,nan,nan,nan,nan,nan,nan,nan,nan,nan,nan,0.0,0.0,0.0,nan,nan,0.20000000298023224,0.20000000298023224,0.09234457960448,0.0,0.0,0.0,0.0,0.0,0.0,0.0,0.0,0.0,0.0,0.0,0.0,0.058320123702287674,0.01212373934686184,0.0005020607825372281,7.3307600021362305,261,nan,-1.0,True,,False,0.07780987024307251,0.07780987024307251,40.0,40.0,1.0,0.0,0.0,0.0,0.0,0.0
957,8.517298698425293,-0.0,0.5088950395584106,-0.0,0.7499508857727051,0.0458284392952919,2.6934752464294434,1.0261214971542358,0.6341524124145508,0.6180090897357271,58.77300837312504,0.0458284392952919,2.6934752464294434,1.0261214971542358,0.6341524124145508,0.6180090897357271,58.77300837312504,0.012069538235664368,121,e0c14690933d45c9,-0.0,0.0,0.0,0.0,nan,nan,nan,nan,nan,nan,nan,nan,nan,nan,nan,nan,0.0,0.0,0.0,nan,nan,0.20000000298023224,0.20000000298023224,0.09232972799104,0.0,0.0,0.0,0.0,0.0,0.0,0.0,0.0,0.0,0.0,0.0,0.0,0.058374643325805664,0.012069538235664368,0.0004773242233113706,7.3307600021362305,261,nan,-1.0,True,,False,0.07780987024307251,0.07780987024307251,40.0,40.0,1.0,0.0,0.0,0.0,0.0,0.0
958,8.560258865356445,-0.0,0.5105482935905457,-0.0,0.7539162635803223,0.044655486941337585,2.6930038928985596,1.0261662006378174,0.6343361139297485,0.6181611843534455,60.30622611810881,0.044655486941337585,2.6930038928985596,1.0261662006378174,0.6343361139297485,0.6181611843534455,60.30622611810881,0.012015092186629772,121,e0c14690933d45c9,-0.0,0.0,0.0,0.0,nan,nan,nan,nan,nan,nan,nan,nan,nan,nan,nan,nan,0.0,0.0,0.0,nan,nan,0.20000000298023224,0.20000000298023224,0.09231486452736,0.0,0.0,0.0,0.0,0.0,0.0,0.0,0.0,0.0,0.0,0.0,0.0,0.05842914804816246,0.012015092186629772,0.00048745848744147224,7.3307600021362305,261,nan,-1.0,True,,False,0.07780987024307251,0.07780987024307251,40.0,40.0,1.0,0.0,0.0,0.0,0.0,0.0
959,8.59622573852539,-0.0,0.5122115015983582,-0.0,0.7571802735328674,0.04307444393634796,2.6930837631225586,1.0262229442596436,0.6343377232551575,0.6181285721620587,62.52161414090886,0.04307444393634796,2.6930837631225586,1.0262229442596436,0.6343377232551575,0.6181285721620587,62.52161414090886,0.011960399337112904,121,e0c14690933d45c9,-0.0,0.0,0.0,0.0,nan,nan,nan,nan,nan,nan,nan,nan,nan,nan,nan,nan,0.0,0.0,0.0,nan,nan,0.20000000298023224,0.20000000298023224,0.09229998922112001,0.0,0.0,0.0,0.0,0.0,0.0,0.0,0.0,0.0,0.0,0.0,0.0,0.05848362669348717,0.011960399337112904,0.0004821366399028193,7.3307600021362305,261,nan,-1.0,True,,False,0.07780987024307251,0.07780987024307251,40.0,40.0,1.0,0.0,0.0,0.0,0.0,0.0
960,8.647109985351562,-0.0,0.513961136341095,-0.0,0.7619187831878662,0.038656461983919144,2.6931886672973633,1.0263023376464844,0.6344361901283264,0.6181766978951007,69.66981790567677,0.038656461983919144,2.6931886672973633,1.0263023376464844,0.6344361901283264,0.6181766978951007,69.66981790567677,0.011902950704097748,121,e0c14690933d45c9,-0.0,0.0,0.0,0.0,nan,nan,nan,nan,nan,nan,nan,nan,nan,nan,nan,nan,0.0,0.0,0.0,nan,nan,0.20000000298023224,0.20000000298023224,0.09228510208000001,0.0,0.0,0.0,0.0,0.0,0.0,0.0,0.0,0.0,0.0,0.0,0.0,0.05853809788823128,0.011902950704097748,0.00045360304670793994,7.3307600021362305,261,nan,-1.0,True,,False,0.07780987024307251,0.07780987024307251,40.0,40.0,1.0,0.0,0.0,0.0,0.0,0.0
961,8.62593936920166,-0.0,0.5154147744178772,-0.0,0.7595109343528748,0.04074873775243759,2.693204402923584,1.0262751579284668,0.6343674063682556,0.6181260468671231,66.09295284888859,0.04074873775243759,2.693204402923584,1.0262751579284668,0.6343674063682556,0.6181260468671231,66.09295284888859,0.011855283752083778,121,e0c14690933d45c9,-0.0,0.0,0.0,0.0,nan,nan,nan,nan,nan,nan,nan,nan,nan,nan,nan,nan,0.0,0.0,0.0,nan,nan,0.20000000298023224,0.20000000298023224,0.09227020311168001,0.0,0.0,0.0,0.0,0.0,0.0,0.0,0.0,0.0,0.0,0.0,0.0,0.0585925467312336,0.011855283752083778,0.00046894269530639576,7.3307600021362305,261,nan,-1.0,True,,False,0.07780987024307251,0.07780987024307251,40.0,40.0,1.0,0.0,0.0,0.0,0.0,0.0
962,8.628021240234375,-0.0,0.5171075463294983,-0.0,0.759380578994751,0.039078474044799805,2.6931262016296387,1.0263110399246216,0.6342831254005432,0.6180223155809849,68.91584862147437,0.039078474044799805,2.6931262016296387,1.0263110399246216,0.6342831254005432,0.6180223155809849,68.91584862147437,0.011799849569797516,121,e0c14690933d45c9,-0.0,0.0,0.0,0.0,nan,nan,nan,nan,nan,nan,nan,nan,nan,nan,nan,nan,0.0,0.0,0.0,nan,nan,0.20000000298023224,0.20000000298023224,0.09225529232384,0.0,0.0,0.0,0.0,0.0,0.0,0.0,0.0,0.0,0.0,0.0,0.0,0.058646976947784424,0.011799849569797516,0.0004485821116304578,7.3307600021362305,261,nan,-1.0,True,,False,0.07780987024307251,0.07780987024307251,40.0,40.0,1.0,0.0,0.0,0.0,0.0,0.0
963,8.680469512939453,-0.0,0.5186557173728943,-0.0,0.7643158435821533,0.03784355893731117,2.6935017108917236,1.026365876197815,0.634492814540863,0.6181935986525093,71.17464071900791,0.03784355893731117,2.6935017108917236,1.026365876197815,0.634492814540863,0.6181935986525093,71.17464071900791,0.011749227531254292,121,e0c14690933d45c9,-0.0,0.0,0.0,0.0,nan,nan,nan,nan,nan,nan,nan,nan,nan,nan,nan,nan,0.0,0.0,0.0,nan,nan,0.20000000298023224,0.20000000298023224,0.09224036972416,0.0,0.0,0.0,0.0,0.0,0.0,0.0,0.0,0.0,0.0,0.0,0.0,0.05870139226317406,0.011749227531254292,0.0004570500320824067,7.3307600021362305,261,nan,-1.0,True,,False,0.07780987024307251,0.07780987024307251,40.0,40.0,1.0,0.0,0.0,0.0,0.0,0.0
964,8.690081596374512,-0.0,0.5202904939651489,-0.0,0.7649500370025635,0.03694514185190201,2.6931519508361816,1.0263944864273071,0.6343656182289124,0.6180524414516527,72.89596996627942,0.03694514185190201,2.6931519508361816,1.0263944864273071,0.6343656182289124,0.6180524414516527,72.89596996627942,0.01169583946466446,121,e0c14690933d45c9,-0.0,0.0,0.0,0.0,nan,nan,nan,nan,nan,nan,nan,nan,nan,nan,nan,nan,0.0,0.0,0.0,nan,nan,0.20000000298023224,0.20000000298023224,0.09222543532032,0.0,0.0,0.0,0.0,0.0,0.0,0.0,0.0,0.0,0.0,0.0,0.0,0.0587557852268219,0.01169583946466446,0.0004518062467013806,7.3307600021362305,261,nan,-1.0,True,,False,0.07780987024307251,0.07780987024307251,40.0,40.0,1.0,0.0,0.0,0.0,0.0,0.0
965,8.696358680725098,-0.0,0.5220924019813538,-0.0,0.7652173638343811,0.035347845405340195,2.6931583881378174,1.0264396667480469,0.6343018412590027,0.6179631027594537,76.19017106290012,0.035347845405340195,2.6931583881378174,1.0264396667480469,0.6343018412590027,0.6179631027594537,76.19017106290012,0.011637085117399693,121,e0c14690933d45c9,-0.0,0.0,0.0,0.0,nan,nan,nan,nan,nan,nan,nan,nan,nan,nan,nan,nan,0.0,0.0,0.0,nan,nan,0.20000000298023224,0.20000000298023224,0.09221048912,0.0,0.0,0.0,0.0,0.0,0.0,0.0,0.0,0.0,0.0,0.0,0.0,0.05881016328930855,0.011637085117399693,0.0004340905975368514,7.3307600021362305,261,nan,-1.0,True,,False,0.07780987024307251,0.07780987024307251,40.0,40.0,1.0,0.0,0.0,0.0,0.0,0.0
966,8.75454330444336,-0.0,0.5235897898674011,-0.0,0.7707363963127136,0.03413569927215576,2.693159580230713,1.0264573097229004,0.6344723105430603,0.6181185564496011,78.89569095271189,0.03413569927215576,2.693159580230713,1.0264573097229004,0.6344723105430603,0.6181185564496011,78.89569095271189,0.011588324792683125,121,e0c14690933d45c9,-0.0,0.0,0.0,0.0,nan,nan,nan,nan,nan,nan,nan,nan,nan,nan,nan,nan,0.0,0.0,0.0,nan,nan,0.20000000298023224,0.20000000298023224,0.09219553113088,0.0,0.0,0.0,0.0,0.0,0.0,0.0,0.0,0.0,0.0,0.0,0.0,0.0588645301759243,0.011588324792683125,0.00044131495246801933,7.3307600021362305,261,nan,-1.0,True,,False,0.07780987024307251,0.07780987024307251,40.0,40.0,1.0,0.0,0.0,0.0,0.0,0.0
967,8.838227272033691,-0.0,0.5252543687820435,-0.0,0.7787718176841736,0.029847221449017525,2.6932544708251953,1.026527762413025,0.6344627737998962,0.6180668434222233,90.23467981519093,0.029847221449017525,2.6932544708251953,1.026527762413025,0.6344627737998962,0.6180668434222233,90.23467981519093,0.0115341916680336,121,e0c14690933d45c9,-0.0,0.0,0.0,0.0,nan,nan,nan,nan,nan,nan,nan,nan,nan,nan,nan,nan,0.0,0.0,0.0,nan,nan,0.20000000298023224,0.20000000298023224,0.09218056136064001,0.0,0.0,0.0,0.0,0.0,0.0,0.0,0.0,0.0,0.0,0.0,0.0,0.058918870985507965,0.0115341916680336,0.00042135344847338274,7.3307600021362305,261,nan,-1.0,True,,False,0.07780987024307251,0.07780987024307251,40.0,40.0,1.0,0.0,0.0,0.0,0.0,0.0
968,8.891825675964355,-0.0,0.5268492102622986,-0.0,0.7838127613067627,0.028675584122538567,2.6935946941375732,1.0265717506408691,0.6346503496170044,0.6182230800923602,93.9333853715799,0.028675584122538567,2.6935946941375732,1.0265717506408691,0.6346503496170044,0.6182230800923602,93.9333853715799,0.01148239802569151,121,e0c14690933d45c9,-0.0,0.0,0.0,0.0,nan,nan,nan,nan,nan,nan,nan,nan,nan,nan,nan,nan,0.0,0.0,0.0,nan,nan,0.20000000298023224,0.20000000298023224,0.09216557981696,0.0,0.0,0.0,0.0,0.0,0.0,0.0,0.0,0.0,0.0,0.0,0.0,0.058973200619220734,0.01148239802569151,0.0004272104213214334,7.3307600021362305,261,nan,-1.0,True,,False,0.07780987024307251,0.07780987024307251,40.0,40.0,1.0,0.0,0.0,0.0,0.0,0.0
969,8.933856010437012,-0.0,0.5286144614219666,-0.0,0.7876627445220947,0.027559280395507812,2.6932601928710938,1.0266194343566895,0.6346808671951294,0.6182240915718097,97.72607100837428,0.027559280395507812,2.6932601928710938,1.0266194343566895,0.6346808671951294,0.6182240915718097,97.72607100837428,0.011425155214965343,121,e0c14690933d45c9,-0.0,0.0,0.0,0.0,nan,nan,nan,nan,nan,nan,nan,nan,nan,nan,nan,nan,0.0,0.0,0.0,nan,nan,0.20000000298023224,0.20000000298023224,0.09215058650751999,0.0,0.0,0.0,0.0,0.0,0.0,0.0,0.0,0.0,0.0,0.0,0.0,0.05902750417590141,0.011425155214965343,0.00042358269365649903,7.3307600021362305,261,nan,-1.0,True,,False,0.07780987024307251,0.07780987024307251,40.0,40.0,1.0,0.0,0.0,0.0,0.0,0.0
970,8.861977577209473,-0.0,0.5301482081413269,-0.0,0.7801681160926819,0.02942310832440853,2.6931686401367188,1.0266004800796509,0.6344591379165649,0.6180195219345106,91.53243125922718,0.02942310832440853,2.6931686401367188,1.0266004800796509,0.6344591379165649,0.6180195219345106,91.53243125922718,0.01137548591941595,121,e0c14690933d45c9,-0.0,0.0,0.0,0.0,nan,nan,nan,nan,nan,nan,nan,nan,nan,nan,nan,nan,0.0,0.0,0.0,nan,nan,0.20000000298023224,0.20000000298023224,0.09213558144,0.0,0.0,0.0,0.0,0.0,0.0,0.0,0.0,0.0,0.0,0.0,0.0,0.0590817928314209,0.01137548591941595,0.00042391308261358063,7.3307600021362305,261,nan,-1.0,True,,False,0.07780987024307251,0.07780987024307251,40.0,40.0,1.0,0.0,0.0,0.0,0.0,0.0
971,8.891132354736328,-0.0,0.5318536758422852,-0.0,0.7827425599098206,0.028826149180531502,2.6932566165924072,1.0266447067260742,0.6345120668411255,0.618044453630465,93.43102332972623,0.028826149180531502,2.6932566165924072,1.0266447067260742,0.6345120668411255,0.618044453630465,93.43102332972623,0.011320334859192371,121,aa7bf0d7d6973f6b,-0.0,0.0,0.0,0.0,nan,nan,nan,nan,nan,nan,nan,nan,nan,nan,nan,nan,0.0,0.0,0.0,nan,nan,0.20000000298023224,0.20000000298023224,0.09212056462208,0.0,0.0,0.0,0.0,0.0,0.0,0.0,0.0,0.0,0.0,0.0,0.0,0.05913607031106949,0.011320334859192371,0.00042109178889404575,7.3307600021362305,261,nan,-1.0,True,,False,0.07780987024307251,0.07780987024307251,40.0,40.0,1.0,0.0,0.0,0.0,0.0,0.0
972,9.032852172851562,-0.0,0.5334058403968811,-0.0,0.7966040372848511,0.0243101604282856,2.69331431388855,1.02669358253479,0.6346527338027954,0.6181520412701029,110.78965611246227,0.0243101604282856,2.69331431388855,1.02669358253479,0.6346527338027954,0.6181520412701029,110.78965611246227,0.01127020362764597,121,aa7bf0d7d6973f6b,-0.0,0.0,0.0,0.0,nan,nan,nan,nan,nan,nan,nan,nan,nan,nan,nan,nan,0.0,0.0,0.0,nan,nan,0.20000000298023224,0.20000000298023224,0.09210553606144001,0.0,0.0,0.0,0.0,0.0,0.0,0.0,0.0,0.0,0.0,0.0,0.0,0.05919031426310539,0.01127020362764597,0.0004127885829348088,7.3307600021362305,261,nan,-1.0,True,,False,0.07780987024307251,0.07780987024307251,40.0,40.0,1.0,0.0,0.0,0.0,0.0,0.0
973,8.960253715515137,-0.0,0.5349671244621277,-0.0,0.7890319228172302,0.02636813186109066,2.6930899620056152,1.0266971588134766,0.634546160697937,0.6180460861811122,102.13427239339592,0.02636813186109066,2.6930899620056152,1.0266971588134766,0.634546160697937,0.6180460861811122,102.13427239339592,0.01121984887868166,121,aa7bf0d7d6973f6b,-0.0,0.0,0.0,0.0,nan,nan,nan,nan,nan,nan,nan,nan,nan,nan,nan,nan,0.0,0.0,0.0,nan,nan,0.20000000298023224,0.20000000298023224,0.09209049576576,0.0,0.0,0.0,0.0,0.0,0.0,0.0,0.0,0.0,0.0,0.0,0.0,0.0592445507645607,0.01121984887868166,0.0004138937645166152,7.3307600021362305,261,nan,-1.0,True,,False,0.07780987024307251,0.07780987024307251,40.0,40.0,1.0,0.0,0.0,0.0,0.0,0.0
974,9.099997520446777,-0.0,0.5367031097412109,-0.0,0.8026590943336487,0.022233277559280396,2.693145513534546,1.0267683267593384,0.6345422863960266,0.6179994745248462,121.13128648503736,0.022233277559280396,2.693145513534546,1.0267683267593384,0.6345422863960266,0.6179994745248462,121.13128648503736,0.011163929477334023,121,aa7bf0d7d6973f6b,-0.0,0.0,0.0,0.0,nan,nan,nan,nan,nan,nan,nan,nan,nan,nan,nan,nan,0.0,0.0,0.0,nan,nan,0.20000000298023224,0.20000000298023224,0.09207544374272002,0.0,0.0,0.0,0.0,0.0,0.0,0.0,0.0,0.0,0.0,0.0,0.0,0.059298764914274216,0.011163929477334023,0.00040074667845146905,7.3307600021362305,261,nan,-1.0,True,,False,0.07780987024307251,0.07780987024307251,40.0,40.0,1.0,0.0,0.0,0.0,0.0,0.0
975,9.132478713989258,-0.0,0.53828364610672,-0.0,0.8055911064147949,0.02127072960138321,2.693568229675293,1.0268054008483887,0.6345469355583191,0.6179816886763845,126.63262051434914,0.02127072960138321,2.693568229675293,1.0268054008483887,0.6345469355583191,0.6179816886763845,126.63262051434914,0.011113092303276062,121,aa7bf0d7d6973f6b,-0.0,0.0,0.0,0.0,nan,nan,nan,nan,nan,nan,nan,nan,nan,nan,nan,nan,0.0,0.0,0.0,nan,nan,0.20000000298023224,0.20000000298023224,0.09206038,0.0,0.0,0.0,0.0,0.0,0.0,0.0,0.0,0.0,0.0,0.0,0.0,0.05935296416282654,0.011113092303276062,0.0003979890650498419,7.3307600021362305,261,nan,-1.0,True,,False,0.07780987024307251,0.07780987024307251,40.0,40.0,1.0,0.0,0.0,0.0,0.0,0.0
976,9.029977798461914,-0.0,0.5399574041366577,-0.0,0.795006275177002,0.02379341796040535,2.6934926509857178,1.0268219709396362,0.634415328502655,0.6178435468439645,113.20326720053258,0.02379341796040535,2.6934926509857178,1.0268219709396362,0.634415328502655,0.6178435468439645,113.20326720053258,0.011059327982366085,121,aa7bf0d7d6973f6b,-0.0,0.0,0.0,0.0,nan,nan,nan,nan,nan,nan,nan,nan,nan,nan,nan,nan,0.0,0.0,0.0,nan,nan,0.20000000298023224,0.20000000298023224,0.09204530454528001,0.0,0.0,0.0,0.0,0.0,0.0,0.0,0.0,0.0,0.0,0.0,0.0,0.059407152235507965,0.011059327982366085,0.0003977236897299008,7.3307600021362305,261,nan,-1.0,True,,False,0.07780987024307251,0.07780987024307251,40.0,40.0,1.0,0.0,0.0,0.0,0.0,0.0
977,9.059375762939453,-0.0,0.5415571928024292,-0.0,0.7976261377334595,0.022890083491802216,2.6934814453125,1.026855707168579,0.6344391703605652,0.6178464665789788,117.67023245140784,0.022890083491802216,2.6934814453125,1.026855707168579,0.6344391703605652,0.6178464665789788,117.67023245140784,0.011008008383214474,121,aa7bf0d7d6973f6b,-0.0,0.0,0.0,0.0,nan,nan,nan,nan,nan,nan,nan,nan,nan,nan,nan,nan,0.0,0.0,0.0,nan,nan,0.20000000298023224,0.20000000298023224,0.09203021738624001,0.0,0.0,0.0,0.0,0.0,0.0,0.0,0.0,0.0,0.0,0.0,0.0,0.0594613216817379,0.011008008383214474,0.00039587563946952287,7.3307600021362305,261,nan,-1.0,True,,False,0.07780987024307251,0.07780987024307251,40.0,40.0,1.0,0.0,0.0,0.0,0.0,0.0
978,9.10838794708252,-0.0,0.5431665778160095,-0.0,0.802205502986908,0.021945374086499214,2.6935365200042725,1.0269092321395874,0.6345369815826416,0.6179095111070043,122.73823674126089,0.021945374086499214,2.6935365200042725,1.0269092321395874,0.6345369815826416,0.6179095111070043,122.73823674126089,0.010956448502838612,121,aa7bf0d7d6973f6b,-0.0,0.0,0.0,0.0,nan,nan,nan,nan,nan,nan,nan,nan,nan,nan,nan,nan,0.0,0.0,0.0,nan,nan,0.20000000298023224,0.20000000298023224,0.09201511853056,0.0,0.0,0.0,0.0,0.0,0.0,0.0,0.0,0.0,0.0,0.0,0.0,0.059515465050935745,0.010956448502838612,0.00039395278940901335,7.3307600021362305,261,nan,-1.0,True,,False,0.07780987024307251,0.07780987024307251,40.0,40.0,1.0,0.0,0.0,0.0,0.0,0.0
979,9.166712760925293,-0.0,0.5447857975959778,-0.0,0.80771404504776,0.020556192845106125,2.693018674850464,1.0269213914871216,0.6344541311264038,0.6178215162191023,131.00765765055561,0.020556192845106125,2.693018674850464,1.0269213914871216,0.6344541311264038,0.6178215162191023,131.00765765055561,0.0109046446159482,121,aa7bf0d7d6973f6b,-0.0,0.0,0.0,0.0,nan,nan,nan,nan,nan,nan,nan,nan,nan,nan,nan,nan,0.0,0.0,0.0,nan,nan,0.20000000298023224,0.20000000298023224,0.09200000798592001,0.0,0.0,0.0,0.0,0.0,0.0,0.0,0.0,0.0,0.0,0.0,0.0,0.0595695860683918,0.0109046446159482,0.0003916167011084326,7.3307600021362305,261,nan,-1.0,True,,False,0.07780987024307251,0.07780987024307251,40.0,40.0,1.0,0.0,0.0,0.0,0.0,0.0
980,9.243258476257324,-0.0,0.5464147925376892,-0.0,0.8150429129600525,0.019708605483174324,2.6929988861083984,1.0269949436187744,0.6346957683563232,0.6180125542973709,136.6407627575412,0.019708605483174324,2.6929988861083984,1.0269949436187744,0.6346957683563232,0.6180125542973709,136.6407627575412,0.010852592997252941,121,5bb7f94e17b4d142,-0.0,0.0,0.0,0.0,nan,nan,nan,nan,nan,nan,nan,nan,nan,nan,nan,nan,0.0,0.0,0.0,nan,nan,0.20000000298023224,0.20000000298023224,0.09198488576000001,0.0,0.0,0.0,0.0,0.0,0.0,0.0,0.0,0.0,0.0,0.0,0.0,0.05962369963526726,0.010852592997252941,0.0003958715335556917,7.3307600021362305,261,nan,-1.0,True,,False,0.07780987024307251,0.07780987024307251,40.0,40.0,1.0,0.0,0.0,0.0,0.0,0.0
981,9.258871078491211,-0.0,0.5479673743247986,-0.0,0.8162935972213745,0.018984951078891754,2.6934151649475098,1.0270055532455444,0.634496808052063,0.6178124412734919,141.8710616506228,0.018984951078891754,2.6934151649475098,1.0270055532455444,0.634496808052063,0.6178124412734919,141.8710616506228,0.010803050361573696,121,5bb7f94e17b4d142,-0.0,0.0,0.0,0.0,nan,nan,nan,nan,nan,nan,nan,nan,nan,nan,nan,nan,0.0,0.0,0.0,nan,nan,0.20000000298023224,0.20000000298023224,0.09196975186048001,0.0,0.0,0.0,0.0,0.0,0.0,0.0,0.0,0.0,0.0,0.0,0.0,0.059677790850400925,0.010803050361573696,0.0003887579756565174,7.3307600021362305,261,nan,-1.0,True,,False,0.07780987024307251,0.07780987024307251,40.0,40.0,1.0,0.0,0.0,0.0,0.0,0.0
982,9.506091117858887,-0.0,0.5497031807899475,-0.0,0.8406684994697571,0.015081999823451042,2.692962408065796,1.0270862579345703,0.634726881980896,0.6179879022598419,178.55473011466964,0.015081999823451042,2.692962408065796,1.0270862579345703,0.634726881980896,0.6179879022598419,178.55473011466964,0.01074773445725441,121,5bb7f94e17b4d142,-0.0,0.0,0.0,0.0,nan,nan,nan,nan,nan,nan,nan,nan,nan,nan,nan,nan,0.0,0.0,0.0,nan,nan,0.20000000298023224,0.20000000298023224,0.09195460629504,0.0,0.0,0.0,0.0,0.0,0.0,0.0,0.0,0.0,0.0,0.0,0.0,0.059731870889663696,0.01074773445725441,0.0003872394438531046,7.3307600021362305,261,nan,-1.0,True,,False,0.07780987024307251,0.07780987024307251,40.0,40.0,1.0,0.0,0.0,0.0,0.0,0.0
983,9.328584671020508,-0.0,0.5513627529144287,-0.0,0.8225858807563782,0.017834559082984924,2.692941188812256,1.02707839012146,0.6345245838165283,0.6177956716054467,150.99566949100853,0.017834559082984924,2.692941188812256,1.02707839012146,0.6345245838165283,0.6177956716054467,150.99566949100853,0.01069492008537054,121,5bb7f94e17b4d142,-0.0,0.0,0.0,0.0,nan,nan,nan,nan,nan,nan,nan,nan,nan,nan,nan,nan,0.0,0.0,0.0,nan,nan,0.20000000298023224,0.20000000298023224,0.09193944907136001,0.0,0.0,0.0,0.0,0.0,0.0,0.0,0.0,0.0,0.0,0.0,0.0,0.059785932302474976,0.01069492008537054,0.0003886867440314745,7.3307600021362305,261,nan,-1.0,True,,False,0.07780987024307251,0.07780987024307251,40.0,40.0,1.0,0.0,0.0,0.0,0.0,0.0
984,9.614009857177734,-0.0,0.5528565645217896,-0.0,0.8508297204971313,0.013565918430685997,2.69291615486145,1.0271492004394531,0.6346718668937683,0.6178964717318884,198.50599637766476,0.013565918430685997,2.69291615486145,1.0271492004394531,0.6346718668937683,0.6178964717318884,198.50599637766476,0.010647442191839218,121,5bb7f94e17b4d142,-0.0,0.0,0.0,0.0,nan,nan,nan,nan,nan,nan,nan,nan,nan,nan,nan,nan,0.0,0.0,0.0,nan,nan,0.20000000298023224,0.20000000298023224,0.09192428019712001,0.0,0.0,0.0,0.0,0.0,0.0,0.0,0.0,0.0,0.0,0.0,0.0,0.05983997508883476,0.010647442191839218,0.0003861237503315351,7.3307600021362305,261,nan,-1.0,True,,False,0.07780987024307251,0.07780987024307251,40.0,40.0,1.0,0.0,0.0,0.0,0.0,0.0
985,9.4841890335083,-0.0,0.5545362234115601,-0.0,0.8375116586685181,0.01596982404589653,2.6931138038635254,1.027174711227417,0.6348235607147217,0.6180288063713549,168.63766288993804,0.01596982404589653,2.6931138038635254,1.027174711227417,0.6348235607147217,0.6180288063713549,168.63766288993804,0.01059412769973278,121,5bb7f94e17b4d142,-0.0,0.0,0.0,0.0,nan,nan,nan,nan,nan,nan,nan,nan,nan,nan,nan,nan,0.0,0.0,0.0,nan,nan,0.20000000298023224,0.20000000298023224,0.09190909968,0.0,0.0,0.0,0.0,0.0,0.0,0.0,0.0,0.0,0.0,0.0,0.0,0.059894006699323654,0.01059412769973278,0.0003882560611145891,7.3307600021362305,261,nan,-1.0,True,,False,0.07780987024307251,0.07780987024307251,40.0,40.0,1.0,0.0,0.0,0.0,0.0,0.0
986,9.78867244720459,-0.0,0.5562266111373901,-0.0,0.867621898651123,0.01211581937968731,2.6928648948669434,1.0272244215011597,0.6349586844444275,0.6181304407818838,222.26023766759405,0.01211581937968731,2.6928648948669434,1.0272244215011597,0.6349586844444275,0.6181304407818838,222.26023766759405,0.010540543124079704,121,5bb7f94e17b4d142,-0.0,0.0,0.0,0.0,nan,nan,nan,nan,nan,nan,nan,nan,nan,nan,nan,nan,0.0,0.0,0.0,nan,nan,0.20000000298023224,0.20000000298023224,0.09189390752768001,0.0,0.0,0.0,0.0,0.0,0.0,0.0,0.0,0.0,0.0,0.0,0.0,0.059948015958070755,0.010540543124079704,0.0003868645621878386,7.3307600021362305,261,nan,-1.0,True,,False,0.07780987024307251,0.07780987024307251,40.0,40.0,1.0,0.0,0.0,0.0,0.0,0.0
987,9.866486549377441,-0.0,0.5577482581138611,-0.0,0.8750989437103271,0.011287973262369633,2.692896604537964,1.027254343032837,0.6349413990974426,0.618095609333575,238.56334010952966,0.011287973262369633,2.692896604537964,1.027254343032837,0.6349413990974426,0.618095609333575,238.56334010952966,0.010492367669939995,121,08d577b3103bd47c,-0.0,0.0,0.0,0.0,nan,nan,nan,nan,nan,nan,nan,nan,nan,nan,nan,nan,0.0,0.0,0.0,nan,nan,0.20000000298023224,0.20000000298023224,0.09187870374784,0.0,0.0,0.0,0.0,0.0,0.0,0.0,0.0,0.0,0.0,0.0,0.0,0.06000201031565666,0.010492367669939995,0.00038601175560870615,7.3307600021362305,261,nan,-1.0,True,,False,0.07780987024307251,0.07780987024307251,40.0,40.0,1.0,0.0,0.0,0.0,0.0,0.0
988,9.641945838928223,-0.0,0.5594595670700073,-0.0,0.8523026704788208,0.013922507874667645,2.692962884902954,1.0272780656814575,0.6348211765289307,0.6179643056116595,193.4251292328495,0.013922507874667645,2.692962884902954,1.0272780656814575,0.6348211765289307,0.6179643056116595,193.4251292328495,0.01043826062232256,121,08d577b3103bd47c,-0.0,0.0,0.0,0.0,nan,nan,nan,nan,nan,nan,nan,nan,nan,nan,nan,nan,0.0,0.0,0.0,nan,nan,0.20000000298023224,0.20000000298023224,0.09186348834816001,0.0,0.0,0.0,0.0,0.0,0.0,0.0,0.0,0.0,0.0,0.0,0.0,0.06005598232150078,0.01043826062232256,0.0003862566259158484,7.3307600021362305,261,nan,-1.0,True,,False,0.07780987024307251,0.07780987024307251,40.0,40.0,1.0,0.0,0.0,0.0,0.0,0.0
989,9.968530654907227,-0.0,0.5610002279281616,-0.0,0.8846530318260193,0.01018642820417881,2.692838191986084,1.0273293256759644,0.6348263621330261,0.6179385190969037,264.3554873219832,0.01018642820417881,2.692838191986084,1.0273293256759644,0.6348263621330261,0.6179385190969037,264.3554873219832,0.01038961112499237,121,08d577b3103bd47c,-0.0,0.0,0.0,0.0,nan,nan,nan,nan,nan,nan,nan,nan,nan,nan,nan,nan,0.0,0.0,0.0,nan,nan,0.20000000298023224,0.20000000298023224,0.09184826133632001,0.0,0.0,0.0,0.0,0.0,0.0,0.0,0.0,0.0,0.0,0.0,0.0,0.060109950602054596,0.01038961112499237,0.00038617340396740474,7.3307600021362305,261,nan,-1.0,True,,False,0.07780987024307251,0.07780987024307251,40.0,40.0,1.0,0.0,0.0,0.0,0.0,0.0
990,9.720709800720215,-0.0,0.5627330541610718,-0.0,0.8595243096351624,0.012772535905241966,2.693178415298462,1.0273455381393433,0.6346792578697205,0.6177855787637014,210.85698527519165,0.012772535905241966,2.693178415298462,1.0273455381393433,0.6346792578697205,0.6177855787637014,210.85698527519165,0.010334965772926807,121,08d577b3103bd47c,-0.0,0.0,0.0,0.0,nan,nan,nan,nan,nan,nan,nan,nan,nan,nan,nan,nan,0.0,0.0,0.0,nan,nan,0.20000000298023224,0.20000000298023224,0.09183302272,0.0,0.0,0.0,0.0,0.0,0.0,0.0,0.0,0.0,0.0,0.0,0.0,0.060163892805576324,0.010334965772926807,0.00039023995532261324,7.3307600021362305,261,nan,-1.0,True,,False,0.07780987024307251,0.07780987024307251,40.0,40.0,1.0,0.0,0.0,0.0,0.0,0.0
991,9.768705368041992,-0.0,0.5643852949142456,-0.0,0.8639934062957764,0.012578722089529037,2.692704677581787,1.0273611545562744,0.6348637342453003,0.6179557514217121,214.06822238510918,0.012578722089529037,2.692704677581787,1.0273611545562744,0.6348637342453003,0.6179557514217121,214.06822238510918,0.010282929986715317,121,08d577b3103bd47c,-0.0,0.0,0.0,0.0,nan,nan,nan,nan,nan,nan,nan,nan,nan,nan,nan,nan,0.0,0.0,0.0,nan,nan,0.20000000298023224,0.20000000298023224,0.09181777250688,0.0,0.0,0.0,0.0,0.0,0.0,0.0,0.0,0.0,0.0,0.0,0.0,0.06021781638264656,0.010282929986715317,0.0003885466273914062,7.3307600021362305,261,nan,-1.0,True,,False,0.07780987024307251,0.07780987024307251,40.0,40.0,1.0,0.0,0.0,0.0,0.0,0.0
992,9.837051391601562,-0.0,0.5657702684402466,-0.0,0.8705511093139648,0.011950690299272537,2.6927330493927,1.027414321899414,0.6348796486854553,0.6179392628202153,225.32029380399996,0.011950690299272537,2.6927330493927,1.027414321899414,0.6348796486854553,0.6179392628202153,225.32029380399996,0.01023936364799738,121,08d577b3103bd47c,-0.0,0.0,0.0,0.0,nan,nan,nan,nan,nan,nan,nan,nan,nan,nan,nan,nan,0.0,0.0,0.0,nan,nan,0.20000000298023224,0.20000000298023224,0.09180251070464002,0.0,0.0,0.0,0.0,0.0,0.0,0.0,0.0,0.0,0.0,0.0,0.0,0.0602717287838459,0.01023936364799738,0.00038866251861691126,7.3307600021362305,261,nan,-1.0,True,,False,0.07780987024307251,0.07780987024307251,40.0,40.0,1.0,0.0,0.0,0.0,0.0,0.0
993,10.311952590942383,-0.0,0.5674420595169067,-0.0,0.9177068471908569,0.00801071710884571,2.6931309700012207,1.0275052785873413,0.6351321935653687,0.6181303461901196,336.1909968119299,0.00801071710884571,2.6931309700012207,1.0275052785873413,0.6351321935653687,0.6181303461901196,336.1909968119299,0.010186838917434216,121,08d577b3103bd47c,-0.0,0.0,0.0,0.0,nan,nan,nan,nan,nan,nan,nan,nan,nan,nan,nan,nan,0.0,0.0,0.0,nan,nan,0.20000000298023224,0.20000000298023224,0.09178723732095999,0.0,0.0,0.0,0.0,0.0,0.0,0.0,0.0,0.0,0.0,0.0,0.0,0.06032563000917435,0.010186838917434216,0.00038470128401968395,7.3307600021362305,261,nan,-1.0,True,,False,0.07780987024307251,0.07780987024307251,40.0,40.0,1.0,0.0,0.0,0.0,0.0,0.0
994,10.386758804321289,-0.0,0.5691248774528503,-0.0,0.9248509407043457,0.0073820846155285835,2.6925883293151855,1.027488350868225,0.6348711252212524,0.6178864458023178,364.74633786385914,0.0073820846155285835,2.6925883293151855,1.027488350868225,0.6348711252212524,0.6178864458023178,364.74633786385914,0.010134042240679264,121,08d577b3103bd47c,-0.0,0.0,0.0,0.0,nan,nan,nan,nan,nan,nan,nan,nan,nan,nan,nan,nan,0.0,0.0,0.0,nan,nan,0.20000000298023224,0.20000000298023224,0.09177195236352001,0.0,0.0,0.0,0.0,0.0,0.0,0.0,0.0,0.0,0.0,0.0,0.0,0.0603795126080513,0.010134042240679264,0.0003865013554786856,7.3307600021362305,261,nan,-1.0,True,,False,0.07780987024307251,0.07780987024307251,40.0,40.0,1.0,0.0,0.0,0.0,0.0,0.0
995,10.000975608825684,-0.0,0.5706299543380737,-0.0,0.8859715461730957,0.0102463997900486,2.692990303039551,1.027536392211914,0.6347516775131226,0.6177413105016474,262.82307524785523,0.0102463997900486,2.692990303039551,1.027536392211914,0.6347516775131226,0.6177413105016474,262.82307524785523,0.010086879134178162,121,08d577b3103bd47c,-0.0,0.0,0.0,0.0,nan,nan,nan,nan,nan,nan,nan,nan,nan,nan,nan,nan,0.0,0.0,0.0,nan,nan,0.20000000298023224,0.20000000298023224,0.09175665584,0.0,0.0,0.0,0.0,0.0,0.0,0.0,0.0,0.0,0.0,0.0,0.0,0.060433369129896164,0.010086879134178162,0.0003917346198250016,7.3307600021362305,261,nan,-1.0,True,,False,0.07780987024307251,0.07780987024307251,40.0,40.0,1.0,0.0,0.0,0.0,0.0,0.0
996,10.054739952087402,-0.0,0.5723336935043335,-0.0,0.8910071849822998,0.010190367698669434,2.692506790161133,1.0275819301605225,0.6349926590919495,0.617948448152212,264.2207690417978,0.010190367698669434,2.692506790161133,1.0275819301605225,0.6349926590919495,0.617948448152212,264.2207690417978,0.010033556260168552,121,08d577b3103bd47c,-0.0,0.0,0.0,0.0,nan,nan,nan,nan,nan,nan,nan,nan,nan,nan,nan,nan,0.0,0.0,0.0,nan,nan,0.20000000298023224,0.20000000298023224,0.09174134775808,0.0,0.0,0.0,0.0,0.0,0.0,0.0,0.0,0.0,0.0,0.0,0.0,0.060487210750579834,0.010033556260168552,0.00039051700514391996,7.3307600021362305,261,nan,-1.0,True,,False,0.07780987024307251,0.07780987024307251,40.0,40.0,1.0,0.0,0.0,0.0,0.0,0.0
997,10.119146347045898,-0.0,0.5740488171577454,-0.0,0.897104799747467,0.009425237774848938,2.6929068565368652,1.0276103019714355,0.6348247528076172,0.6177679920002042,285.7123523952716,0.009425237774848938,2.6929068565368652,1.0276103019714355,0.6348247528076172,0.6177679920002042,285.7123523952716,0.00997994840145111,121,08d577b3103bd47c,-0.0,0.0,0.0,0.0,nan,nan,nan,nan,nan,nan,nan,nan,nan,nan,nan,nan,0.0,0.0,0.0,nan,nan,0.20000000298023224,0.20000000298023224,0.09172602812544,0.0,0.0,0.0,0.0,0.0,0.0,0.0,0.0,0.0,0.0,0.0,0.0,0.06054104492068291,0.00997994840145111,0.0003921497300325427,7.3307600021362305,261,nan,-1.0,True,,False,0.07780987024307251,0.07780987024307251,40.0,40.0,1.0,0.0,0.0,0.0,0.0,0.0
998,10.721365928649902,-0.0,0.575486958026886,-0.0,0.9570391774177551,0.005886489991098642,2.692409038543701,1.027699589729309,0.6350806355476379,0.617963305517048,457.38785636518094,0.005886489991098642,2.692409038543701,1.027699589729309,0.6350806355476379,0.617963305517048,457.38785636518094,0.009935053996741772,121,08d577b3103bd47c,-0.0,0.0,0.0,0.0,nan,nan,nan,nan,nan,nan,nan,nan,nan,nan,nan,nan,0.0,0.0,0.0,nan,nan,0.20000000298023224,0.20000000298023224,0.09171069694976,0.0,0.0,0.0,0.0,0.0,0.0,0.0,0.0,0.0,0.0,0.0,0.0,0.060594867914915085,0.009935053996741772,0.0003879900607444142,7.3307600021362305,261,nan,-1.0,True,,False,0.07780987024307251,0.07780987024307251,40.0,40.0,1.0,0.0,0.0,0.0,0.0,0.0
999,10.268501281738281,-0.0,0.5772234797477722,-0.0,0.9114054441452026,0.008712159469723701,2.6925196647644043,1.027687430381775,0.6350195407867432,0.6179111683314451,309.0530739389456,0.008712159469723701,2.6925196647644043,1.027687430381775,0.6350195407867432,0.6179111683314451,309.0530739389456,0.0098809115588665,121,08d577b3103bd47c,-0.0,0.0,0.0,0.0,nan,nan,nan,nan,nan,nan,nan,nan,nan,nan,nan,nan,0.0,0.0,0.0,nan,nan,0.20000000298023224,0.20000000298023224,0.09169535423872001,0.0,0.0,0.0,0.0,0.0,0.0,0.0,0.0,0.0,0.0,0.0,0.0,0.06064866855740547,0.0098809115588665,0.0003919578221029951,7.3307600021362305,261,nan,-1.0,True,,False,0.07780987024307251,0.07780987024307251,40.0,40.0,1.0,0.0,0.0,0.0,0.0,0.0
1000,10.311017990112305,-0.0,0.5786798000335693,-0.0,0.9153658747673035,0.008244723081588745,2.6927671432495117,1.0277105569839478,0.6348512768745422,0.6177335365101813,326.6049225185887,0.008244723081588745,2.6927671432495117,1.0277105569839478,0.6348512768745422,0.6177335365101813,326.6049225185887,0.009835564531385899,121,08d577b3103bd47c,-0.0,0.0,0.0,0.0,nan,nan,nan,nan,nan,nan,nan,nan,nan,nan,nan,nan,0.0,0.0,0.0,nan,nan,0.20000000298023224,0.20000000298023224,0.09168000000000001,0.0,0.0,0.0,0.0,0.0,0.0,0.0,0.0,0.0,0.0,0.0,0.0,0.060702454298734665,0.009835564531385899,0.0003933735181362863,7.3307600021362305,261,nan,-1.0,True,,False,0.07780987024307251,0.07780987024307251,40.0,40.0,1.0,0.0,0.0,0.0,0.0,0.0
