step,L_total,loss_vol,loss_rep,loss_bnd,loss_fem,loss_comp,comp,vol_frac,vol_frac_internal,vol_frac_eff_total,vol_frac_eff,VF_total,VF_eff_total,VF_int,VF_eff_int,vol_dev,vol_dev_eff,tau,seed_offset_scale,rho_min,rho_mean,rho_max,filter_delta_mean,filter_delta_max,projection_delta_mean,projection_delta_max,rho_raw_mean,rho_filtered_mean,rho_projected_mean,rho_final_mean,drho,dseed,min_seed_dist,grad_mean,best_score,best_step,best_hard_score,best_hard_step,fem_valid,fem_failure_reason,optimizer_step_skipped,w_geo_mean,h_mean,centerline_radius_mean,active_count_total,active_count_mean,active_frac_mean,inactive_count_total,inactive_count_mean,inactive_frac_mean,anchor_update_allowed,collapse_active
0,1049148.25,93.83869171142578,0.0,0.4970695674419403,5244.029296875,5244.029296875,5244.029296875,0.25951990485191345,0.25951990485191345,0.2458018660545349,0.2458018660545349,0.25951990485191345,0.2458018660545349,0.25951990485191345,0.2458018660545349,0.23651990294456482,0.22280186414718628,0.02,0.5,0.0,0.2573445737361908,0.999988317489624,0.019594969227910042,0.29105958342552185,0.04877270385622978,0.2686835825443268,0.2557218372821808,0.25593245029449463,0.2573445737361908,0.2573445737361908,0.0,0.0,0.24718531966209412,0.05439625807048287,1049148.25,0,nan,-1.0,True,,False,0.1415802389383316,0.0,0.1415802389383316,15.0,15.0,1.0,0.0,0.0,0.0,1.0,0.0
1,1049143.625,93.84968566894531,0.0,0.4965704083442688,5244.0078125,5244.0078125,5244.0078125,0.259583443403244,0.259583443403244,0.24581491947174072,0.24581491947174072,0.259583443403244,0.24581491947174072,0.259583443403244,0.24581491947174072,0.23658344149589539,0.2228149175643921,0.02,0.4999992505,0.0,0.257409006357193,0.999988317489624,0.019578883424401283,0.2936384379863739,0.04868462309241295,0.26868361234664917,0.25581833720207214,0.2560296356678009,0.257409006357193,0.257409006357193,0.0013522941153496504,0.0001311052037635818,0.2472062110900879,0.05436016632948951,1049143.625,1,nan,-1.0,True,,False,0.14165613055229187,0.0,0.14165613055229187,15.0,15.0,1.0,0.0,0.0,0.0,1.0,0.0
2,1049139.375,93.86031341552734,0.0,0.49605321884155273,5243.9873046875,5243.9873046875,5243.9873046875,0.259655237197876,0.259655237197876,0.24582752585411072,0.24582752585411072,0.259655237197876,0.24582752585411072,0.259655237197876,0.24582752585411072,0.23665523529052734,0.22282752394676208,0.02,0.49999700399999997,0.0,0.2574816346168518,0.999988317489624,0.019557692110538483,0.2847003936767578,0.048568643629550934,0.26868361234664917,0.2559254765510559,0.25613754987716675,0.2574816346168518,0.2574816346168518,0.0027046261820942163,0.00026076004724018276,0.2469845861196518,0.05375966915906045,1049139.375,2,nan,-1.0,True,,False,0.14173975586891174,0.0,0.14173975586891174,15.0,15.0,1.0,0.0,0.0,0.0,1.0,0.0
3,1049135.25,93.89422607421875,0.0,0.49553385376930237,5243.96826171875,5243.96826171875,5243.96826171875,0.2597564160823822,0.2597564160823822,0.2458677738904953,0.2458677738904953,0.2597564160823822,0.2458677738904953,0.2597564160823822,0.2458677738904953,0.23675641417503357,0.22286777198314667,0.02,0.4999932635,0.0,0.2575836777687073,0.9999884366989136,0.019534796476364136,0.2807918190956116,0.04842078313231468,0.2686835825443268,0.25606024265289307,0.2562733292579651,0.2575836777687073,0.2575836777687073,0.004050846211612225,0.0003894051187671721,0.24673031270503998,0.05318136592460279,1049135.25,3,nan,-1.0,True,,False,0.14184118807315826,0.0,0.14184118807315826,15.0,15.0,1.0,0.0,0.0,0.0,1.0,0.0
4,1049131.875,93.93753051757812,0.0,0.4952358305454254,5243.9521484375,5243.9521484375,5243.9521484375,0.25986748933792114,0.25986748933792114,0.24591916799545288,0.24591916799545288,0.25986748933792114,0.24591916799545288,0.25986748933792114,0.24591916799545288,0.2368674874305725,0.22291916608810425,0.02,0.49998803199999997,0.0,0.2576957046985626,0.9999885559082031,0.019508637487888336,0.2905890941619873,0.048261016607284546,0.26868361234664917,0.25620177388191223,0.2564159035682678,0.2576957046985626,0.2576957046985626,0.005403266754001379,0.000517915585078299,0.24646823108196259,0.048947772305432916,1049131.875,4,nan,-1.0,True,,False,0.14194908738136292,0.0,0.14194908738136292,15.0,15.0,1.0,0.0,0.0,0.0,1.0,0.0
5,1049129.0,93.9947738647461,0.0,0.4949900805950165,5243.9375,5243.9375,5243.9375,0.2599886953830719,0.2599886953830719,0.24598708748817444,0.24598708748817444,0.2599886953830719,0.24598708748817444,0.2599886953830719,0.24598708748817444,0.23698869347572327,0.2229870855808258,0.02,0.4999813125,0.0,0.2578178942203522,0.9999886751174927,0.01948130875825882,0.28943705558776855,0.0481010377407074,0.2686835825443268,0.2563498020172119,0.2565649449825287,0.2578178942203522,0.2578178942203522,0.0067598409950733185,0.000644821091555059,0.2462044656276703,0.046322604846662015,1049129.0,5,nan,-1.0,True,,False,0.14206190407276154,0.0,0.14206190407276154,15.0,15.0,1.0,0.0,0.0,0.0,1.0,0.0
6,1049126.625,94.07205200195312,0.0,0.4947994351387024,5243.92578125,5243.92578125,5243.92578125,0.2601228654384613,0.2601228654384613,0.2460787147283554,0.2460787147283554,0.2601228654384613,0.2460787147283554,0.2601228654384613,0.2460787147283554,0.23712286353111267,0.22307871282100677,0.02,0.499973108,0.0,0.2579529285430908,0.9999887943267822,0.019454792141914368,0.28716206550598145,0.04796953499317169,0.26868361234664917,0.25650519132614136,0.2567214369773865,0.2579529285430908,0.2579529285430908,0.008066093549132347,0.000762582232709974,0.2459392547607422,0.037853223711459175,1049126.625,6,nan,-1.0,True,,False,0.14217868447303772,0.0,0.14217868447303772,15.0,15.0,1.0,0.0,0.0,0.0,1.0,0.0
7,1049124.375,94.17253112792969,0.0,0.49450021982192993,5243.9150390625,5243.9150390625,5243.9150390625,0.260271817445755,0.260271817445755,0.24619781970977783,0.24619781970977783,0.260271817445755,0.24619781970977783,0.260271817445755,0.24619781970977783,0.23727181553840637,0.2231978178024292,0.02,0.4999634215,0.0,0.25810274481773376,0.9999889135360718,0.01943780481815338,0.2860349118709564,0.04787620157003403,0.2686835527420044,0.2566692531108856,0.25688669085502625,0.25810274481773376,0.25810274481773376,0.009328246116638184,0.000874030462000519,0.24567078053951263,0.03463539467257862,1049124.375,7,nan,-1.0,True,,False,0.14230047166347504,0.0,0.14230047166347504,15.0,15.0,1.0,0.0,0.0,0.0,1.0,0.0
8,1049122.25,94.2954330444336,0.0,0.49395161867141724,5243.9052734375,5243.9052734375,5243.9052734375,0.26043277978897095,0.26043277978897095,0.24634341895580292,0.24634341895580292,0.26043277978897095,0.24634341895580292,0.26043277978897095,0.24634341895580292,0.23743277788162231,0.22334341704845428,0.02,0.49995225600000004,0.0,0.2582643926143646,0.9999889135360718,0.0194257739931345,0.28945380449295044,0.047816552221775055,0.2686835825443268,0.25683915615081787,0.25705766677856445,0.2582643926143646,0.2582643926143646,0.010509984567761421,0.0009755431674420834,0.24540328979492188,0.03760604482926687,1049122.25,8,nan,-1.0,True,,False,0.14242474734783173,0.0,0.14242474734783173,15.0,15.0,1.0,0.0,0.0,0.0,1.0,0.0
9,1049120.375,94.43276977539062,0.0,0.49344736337661743,5243.89599609375,5243.89599609375,5243.89599609375,0.2605965733528137,0.2605965733528137,0.246506005525589,0.246506005525589,0.2605965733528137,0.246506005525589,0.2605965733528137,0.246506005525589,0.2375965714454651,0.22350600361824036,0.02,0.49993961449999996,0.0,0.2584289610385895,0.9999890327453613,0.019420700147747993,0.290008544921875,0.047800175845623016,0.2686835825443268,0.25700682401657104,0.25722652673721313,0.2584289610385895,0.2584289610385895,0.011674461886286736,0.0010733174858614802,0.2451382875442505,0.03819541396579654,1049120.375,9,nan,-1.0,True,,False,0.14255115389823914,0.0,0.14255115389823914,15.0,15.0,1.0,0.0,0.0,0.0,1.0,0.0
10,1049118.625,94.58403778076172,0.0,0.493014395236969,5243.88720703125,5243.88720703125,5243.88720703125,0.26076555252075195,0.26076555252075195,0.2466849535703659,0.2466849535703659,0.26076555252075195,0.2466849535703659,0.26076555252075195,0.2466849535703659,0.23776555061340332,0.22368495166301727,0.02,0.49992549999999997,0.0,0.25859859585762024,0.9999891519546509,0.019417427480220795,0.28644832968711853,0.04780901223421097,0.26868361234664917,0.2571755647659302,0.2573963701725006,0.25859859585762024,0.25859859585762024,0.012838608585298061,0.0011719402391463518,0.24488043785095215,0.03158894208576789,1049118.625,10,nan,-1.0,True,,False,0.14267776906490326,0.0,0.14267776906490326,15.0,15.0,1.0,0.0,0.0,0.0,1.0,0.0
11,1049116.75,94.74169921875,0.0,0.4926084280014038,5243.87890625,5243.87890625,5243.87890625,0.2609362304210663,0.2609362304210663,0.24687129259109497,0.24687129259109497,0.2609362304210663,0.24687129259109497,0.2609362304210663,0.24687129259109497,0.23793622851371765,0.22387129068374634,0.02,0.49990991549999997,0.0,0.2587699890136719,0.9999892711639404,0.01941521465778351,0.2853677570819855,0.047820765525102615,0.26868361234664917,0.2573440968990326,0.25756609439849854,0.2587699890136719,0.2587699890136719,0.01397855207324028,0.001267183106392622,0.2446259707212448,0.026313462808805827,1049116.75,11,nan,-1.0,True,,False,0.14280325174331665,0.0,0.14280325174331665,15.0,15.0,1.0,0.0,0.0,0.0,1.0,0.0
12,1049115.25,94.89657592773438,0.0,0.49229592084884644,5243.87109375,5243.87109375,5243.87109375,0.26110130548477173,0.26110130548477173,0.24705421924591064,0.24705421924591064,0.26110130548477173,0.24705421924591064,0.26110130548477173,0.24705421924591064,0.2381013035774231,0.224054217338562,0.02,0.499892864,0.0,0.25893574953079224,0.9999892711639404,0.019412105903029442,0.2869877815246582,0.047828420996665955,0.26868361234664917,0.257506787776947,0.25773003697395325,0.25893574953079224,0.25893574953079224,0.015088468790054321,0.0013574082404375076,0.24437950551509857,0.027869908646809764,1049115.25,12,nan,-1.0,True,,False,0.14292681217193604,0.0,0.14292681217193604,15.0,15.0,1.0,0.0,0.0,0.0,1.0,0.0
13,1049113.75,95.04996490478516,0.0,0.4919745624065399,5243.86376953125,5243.86376953125,5243.86376953125,0.26126423478126526,0.26126423478126526,0.2472352236509323,0.2472352236509323,0.26126423478126526,0.2472352236509323,0.26126423478126526,0.2472352236509323,0.23826423287391663,0.22423522174358368,0.02,0.4998743485,0.0,0.25909948348999023,0.99998939037323,0.0194095429033041,0.28617238998413086,0.04783986881375313,0.2686835825443268,0.25766706466674805,0.25789159536361694,0.25909948348999023,0.25909948348999023,0.016182521358132362,0.0014437559293583035,0.2441379576921463,0.030372831013260618,1049113.75,13,nan,-1.0,True,,False,0.14304913580417633,0.0,0.14304913580417633,15.0,15.0,1.0,0.0,0.0,0.0,1.0,0.0
14,1049112.25,95.19977569580078,0.0,0.49168145656585693,5243.8564453125,5243.8564453125,5243.8564453125,0.2614259421825409,0.2614259421825409,0.247411847114563,0.247411847114563,0.2614259421825409,0.247411847114563,0.2614259421825409,0.247411847114563,0.23842594027519226,0.22441184520721436,0.02,0.499854372,0.0,0.2592620551586151,0.99998939037323,0.019406886771321297,0.29207491874694824,0.0478457435965538,0.2686835825443268,0.2578265070915222,0.25805234909057617,0.2592620551586151,0.2592620551586151,0.0172714926302433,0.0015277010388672352,0.24388934671878815,0.030798533481882058,1049112.25,14,nan,-1.0,True,,False,0.14317210018634796,0.0,0.14317210018634796,15.0,15.0,1.0,0.0,0.0,0.0,1.0,0.0
15,1049110.75,95.3502197265625,0.0,0.49138033390045166,5243.8486328125,5243.8486328125,5243.8486328125,0.26159048080444336,0.26159048080444336,0.247589111328125,0.247589111328125,0.26159048080444336,0.247589111328125,0.26159048080444336,0.247589111328125,0.23859047889709473,0.22458910942077637,0.02,0.49983293749999996,0.0,0.2594274878501892,0.9999895095825195,0.019406499341130257,0.2963300347328186,0.04784892871975899,0.2686835825443268,0.2579895853996277,0.25821682810783386,0.2594274878501892,0.2594274878501892,0.01836368627846241,0.0016092949081212282,0.24363380670547485,0.03669653567420836,1049110.75,15,nan,-1.0,True,,False,0.14329560101032257,0.0,0.14329560101032257,15.0,15.0,1.0,0.0,0.0,0.0,1.0,0.0
16,1049109.375,95.49689483642578,0.0,0.49096933007240295,5243.841796875,5243.841796875,5243.841796875,0.26175379753112793,0.26175379753112793,0.2477617710828781,0.2477617710828781,0.26175379753112793,0.2477617710828781,0.26175379753112793,0.2477617710828781,0.2387537956237793,0.22476176917552948,0.02,0.499810048,0.0,0.259591668844223,0.9999896287918091,0.019402623176574707,0.29246050119400024,0.04784950613975525,0.26868361234664917,0.25815197825431824,0.25838059186935425,0.259591668844223,0.259591668844223,0.01944630779325962,0.001693284371867776,0.2433704137802124,0.03608559933005987,1049109.375,16,nan,-1.0,True,,False,0.1434183567762375,0.0,0.1434183567762375,15.0,15.0,1.0,0.0,0.0,0.0,1.0,0.0
17,1049108.125,95.6416015625,0.0,0.4905219078063965,5243.8359375,5243.8359375,5243.8359375,0.2619165778160095,0.2619165778160095,0.24793201684951782,0.24793201684951782,0.2619165778160095,0.24793201684951782,0.2619165778160095,0.24793201684951782,0.2389165759086609,0.2249320149421692,0.02,0.49978570650000004,0.0,0.25975537300109863,0.9999896287918091,0.019398435950279236,0.2894144356250763,0.04784395545721054,0.2686835825443268,0.2583148777484894,0.258544921875,0.25975537300109863,0.25975537300109863,0.02052370458841324,0.0017770498525351286,0.24310201406478882,0.04182538824291745,1049108.125,17,nan,-1.0,True,,False,0.1435396522283554,0.0,0.1435396522283554,15.0,15.0,1.0,0.0,0.0,0.0,1.0,0.0
18,1049106.5,95.77920532226562,0.0,0.49009478092193604,5243.828125,5243.828125,5243.828125,0.2620733380317688,0.2620733380317688,0.24809375405311584,0.24809375405311584,0.2620733380317688,0.24809375405311584,0.2620733380317688,0.24809375405311584,0.23907333612442017,0.2250937521457672,0.019999999999999997,0.49975991599999997,0.0,0.25991305708885193,0.9999896287918091,0.019395722076296806,0.2859053909778595,0.04784923419356346,0.2686835825443268,0.25847306847572327,0.2587045133113861,0.25991305708885193,0.25991305708885193,0.02159818634390831,0.0018594792345538735,0.2428278625011444,0.043287562922665127,1049106.5,18,nan,-1.0,True,,False,0.14365746080875397,0.0,0.14365746080875397,15.0,15.0,1.0,0.0,0.0,0.0,1.0,0.0
19,1049104.75,95.9029312133789,0.0,0.48966532945632935,5243.81982421875,5243.81982421875,5243.81982421875,0.26221516728401184,0.26221516728401184,0.24823909997940063,0.24823909997940063,0.26221516728401184,0.24823909997940063,0.26221516728401184,0.24823909997940063,0.2392151653766632,0.225239098072052,0.02,0.4997326795,0.0,0.260055810213089,0.9999897480010986,0.019395215436816216,0.28240856528282166,0.0478685162961483,0.26868361234664917,0.2586165964603424,0.2588494122028351,0.260055810213089,0.260055810213089,0.02265588752925396,0.001937479479238391,0.24255943298339844,0.0430916038345054,1049104.75,19,nan,-1.0,True,,False,0.14376772940158844,0.0,0.14376772940158844,15.0,15.0,1.0,0.0,0.0,0.0,1.0,0.0
20,1049102.875,96.01899719238281,0.0,0.4892210364341736,5243.8115234375,5243.8115234375,5243.8115234375,0.2623492181301117,0.2623492181301117,0.24837535619735718,0.24837535619735718,0.2623492181301117,0.24837535619735718,0.2623492181301117,0.24837535619735718,0.23934921622276306,0.22537535429000854,0.019999999999999997,0.49970400000000004,0.0,0.2601907551288605,0.9999897480010986,0.019395943731069565,0.2793272137641907,0.04789598658680916,0.2686835825443268,0.2587524652481079,0.2589864134788513,0.2601907551288605,0.2601907551288605,0.02368437871336937,0.0020165059249848127,0.2422986477613449,0.0446076082783596,1049102.875,20,nan,-1.0,True,,False,0.14386948943138123,0.0,0.14386948943138123,15.0,15.0,1.0,0.0,0.0,0.0,1.0,0.0
21,1049101.25,96.12191009521484,0.0,0.4886345863342285,5243.8037109375,5243.8037109375,5243.8037109375,0.262470543384552,0.262470543384552,0.24849610030651093,0.24849610030651093,0.262470543384552,0.24849610030651093,0.262470543384552,0.24849610030651093,0.23947054147720337,0.2254960983991623,0.02,0.4996738805,0.0,0.26031291484832764,0.9999898672103882,0.01939299888908863,0.27482396364212036,0.04791119322180748,0.2686835527420044,0.2588759660720825,0.2591110169887543,0.26031291484832764,0.26031291484832764,0.02468249946832657,0.002105054911226034,0.24204659461975098,0.044392577969119884,1049101.25,21,nan,-1.0,True,,False,0.1439637839794159,0.0,0.1439637839794159,15.0,15.0,1.0,0.0,0.0,0.0,1.0,0.0
22,1049099.625,96.21446228027344,0.0,0.48813170194625854,5243.796875,5243.796875,5243.796875,0.2625841200351715,0.2625841200351715,0.24860462546348572,0.24860462546348572,0.2625841200351715,0.24860462546348572,0.2625841200351715,0.24860462546348572,0.23958411812782288,0.22560462355613708,0.019999999999999997,0.49964232399999997,0.0,0.260427325963974,0.9999899864196777,0.01938692107796669,0.27016568183898926,0.04790036007761955,0.26868361234664917,0.25899192690849304,0.25922805070877075,0.260427325963974,0.260427325963974,0.025680996477603912,0.0021950402297079563,0.24180187284946442,0.04672808797719578,1049099.625,22,nan,-1.0,True,,False,0.1440528780221939,0.0,0.1440528780221939,15.0,15.0,1.0,0.0,0.0,0.0,1.0,0.0
23,1049098.5,96.30184936523438,0.0,0.4875716269016266,5243.7919921875,5243.7919921875,5243.7919921875,0.2626939117908478,0.2626939117908478,0.24870707094669342,0.24870707094669342,0.2626939117908478,0.24870707094669342,0.2626939117908478,0.24870707094669342,0.23969390988349915,0.2257070690393448,0.02,0.49960933350000003,0.0,0.2605379819869995,0.9999899864196777,0.019378509372472763,0.2662549614906311,0.047868698835372925,0.2686835527420044,0.2591049373149872,0.25934216380119324,0.2605379819869995,0.2605379819869995,0.02671520970761776,0.002286927541717887,0.24155235290527344,0.037816859641073584,1049098.5,23,nan,-1.0,True,,False,0.1441401243209839,0.0,0.1441401243209839,15.0,15.0,1.0,0.0,0.0,0.0,1.0,0.0
24,1049097.5,96.39508819580078,0.0,0.4869733452796936,5243.7880859375,5243.7880859375,5243.7880859375,0.2628115713596344,0.2628115713596344,0.24881629645824432,0.24881629645824432,0.2628115713596344,0.24881629645824432,0.2628115713596344,0.24881629645824432,0.23981156945228577,0.2258162945508957,0.019999999999999997,0.49957491200000004,0.0,0.260656476020813,0.9999901056289673,0.019368495792150497,0.2690288722515106,0.047821398824453354,0.2686835527420044,0.25922560691833496,0.25946399569511414,0.260656476020813,0.260656476020813,0.027756907045841217,0.0023797666653990746,0.2412908673286438,0.04250277152621291,1049097.5,24,nan,-1.0,True,,False,0.14423133432865143,0.0,0.14423133432865143,15.0,15.0,1.0,0.0,0.0,0.0,1.0,0.0
25,1049096.5,96.49661254882812,0.0,0.48627525568008423,5243.7841796875,5243.7841796875,5243.7841796875,0.26293668150901794,0.26293668150901794,0.24893517792224884,0.24893517792224884,0.26293668150901794,0.24893517792224884,0.26293668150901794,0.24893517792224884,0.2399366796016693,0.2259351760149002,0.02,0.49953906249999996,0.0,0.26078251004219055,0.9999899864196777,0.0193594042211771,0.2716437876224518,0.04777644947171211,0.26868361234664917,0.25935330986976624,0.2595929503440857,0.26078251004219055,0.26078251004219055,0.028761528432369232,0.002468601567670703,0.2410191148519516,0.04582524179972501,1049096.5,25,nan,-1.0,True,,False,0.14432786405086517,0.0,0.14432786405086517,15.0,15.0,1.0,0.0,0.0,0.0,1.0,0.0
26,1049095.375,96.6097183227539,0.0,0.48551255464553833,5243.7802734375,5243.7802734375,5243.7802734375,0.26307183504104614,0.26307183504104614,0.24906755983829498,0.24906755983829498,0.26307183504104614,0.24906755983829498,0.26307183504104614,0.24906755983829498,0.2400718331336975,0.22606755793094635,0.02,0.499501788,0.0,0.260918527841568,0.9999901056289673,0.019351128488779068,0.27540040016174316,0.04773280769586563,0.26868361234664917,0.2594906985759735,0.25973159074783325,0.260918527841568,0.260918527841568,0.029698794707655907,0.002551661105826497,0.24074046313762665,0.04240867523832195,1049095.375,26,nan,-1.0,True,,False,0.14442811906337738,0.0,0.14442811906337738,15.0,15.0,1.0,0.0,0.0,0.0,1.0,0.0
27,1049094.5,96.73238372802734,0.0,0.48485657572746277,5243.77685546875,5243.77685546875,5243.77685546875,0.2632136642932892,0.2632136642932892,0.24921102821826935,0.24921102821826935,0.2632136642932892,0.24921102821826935,0.2632136642932892,0.24921102821826935,0.24021366238594055,0.22621102631092072,0.02,0.4994630915,0.0,0.26106134057044983,0.9999901056289673,0.019346032291650772,0.2788986563682556,0.047702543437480927,0.26868361234664917,0.2596348524093628,0.25987693667411804,0.26106134057044983,0.26106134057044983,0.03059917315840721,0.0026316773146390915,0.2404557317495346,0.024442063140061993,1049094.5,27,nan,-1.0,True,,False,0.14453360438346863,0.0,0.14453360438346863,15.0,15.0,1.0,0.0,0.0,0.0,1.0,0.0
28,1049093.625,96.86238861083984,0.0,0.48421555757522583,5243.77294921875,5243.77294921875,5243.77294921875,0.26336249709129333,0.26336249709129333,0.2493629902601242,0.2493629902601242,0.26336249709129333,0.2493629902601242,0.26336249709129333,0.2493629902601242,0.2403624951839447,0.22636298835277557,0.02,0.49942297599999996,0.0,0.26121118664741516,0.9999901056289673,0.019343780353665352,0.2819536030292511,0.04769565165042877,0.2686834931373596,0.25978633761405945,0.26002976298332214,0.26121118664741516,0.26121118664741516,0.0314626470208168,0.002709687454625964,0.24018163979053497,0.02088958600264353,1049093.625,28,nan,-1.0,True,,False,0.14464236795902252,0.0,0.14464236795902252,15.0,15.0,1.0,0.0,0.0,0.0,1.0,0.0
29,1049092.5,96.99374389648438,0.0,0.48354557156562805,5243.76904296875,5243.76904296875,5243.76904296875,0.2635110318660736,0.2635110318660736,0.24951642751693726,0.24951642751693726,0.2635110318660736,0.24951642751693726,0.2635110318660736,0.24951642751693726,0.24051102995872498,0.22651642560958862,0.02,0.4993814445,0.0,0.2613607347011566,0.9999902248382568,0.019341737031936646,0.28145283460617065,0.0476924404501915,0.26868361234664917,0.2599380910396576,0.2601829171180725,0.2613607347011566,0.2613607347011566,0.032294102013111115,0.002785906894132495,0.23991742730140686,0.021696338973318536,1049092.5,29,nan,-1.0,True,,False,0.14475224912166595,0.0,0.14475224912166595,15.0,15.0,1.0,0.0,0.0,0.0,1.0,0.0
30,1049091.625,97.12609100341797,0.0,0.48279646039009094,5243.765625,5243.765625,5243.765625,0.2636595368385315,0.2636595368385315,0.24967090785503387,0.24967090785503387,0.2636595368385315,0.24967090785503387,0.2636595368385315,0.24967090785503387,0.24065953493118286,0.22667090594768524,0.02,0.49933849999999996,0.0,0.2615102529525757,0.9999902248382568,0.019340232014656067,0.28130853176116943,0.04768630489706993,0.2686835825443268,0.26009076833724976,0.2603369951248169,0.2615102529525757,0.2615102529525757,0.03310488164424896,0.0028616732452064753,0.23966477811336517,0.023971386700092506,1049091.625,30,nan,-1.0,True,,False,0.14486224949359894,0.0,0.14486224949359894,15.0,15.0,1.0,0.0,0.0,0.0,1.0,0.0
31,1049090.75,97.25713348388672,0.0,0.48195311427116394,5243.7626953125,5243.7626953125,5243.7626953125,0.2638053596019745,0.2638053596019745,0.24982377886772156,0.24982377886772156,0.2638053596019745,0.24982377886772156,0.2638053596019745,0.24982377886772156,0.24080535769462585,0.22682377696037292,0.02,0.4992941455,0.0,0.2616570293903351,0.9999903440475464,0.019338415935635567,0.28151431679725647,0.047680288553237915,0.2686835527420044,0.2602408230304718,0.26048851013183594,0.2616570293903351,0.2616570293903351,0.03390280902385712,0.002937820740044117,0.23941946029663086,0.026557535985678744,1049090.75,31,nan,-1.0,True,,False,0.14497104287147522,0.0,0.14497104287147522,15.0,15.0,1.0,0.0,0.0,0.0,1.0,0.0
32,1049089.75,97.38871765136719,0.0,0.4811772108078003,5243.7587890625,5243.7587890625,5243.7587890625,0.26395121216773987,0.26395121216773987,0.24997715651988983,0.24997715651988983,0.26395121216773987,0.24997715651988983,0.26395121216773987,0.24997715651988983,0.24095121026039124,0.2269771546125412,0.02,0.499248384,0.0,0.26180392503738403,0.9999903440475464,0.019334983080625534,0.2813050150871277,0.047669075429439545,0.2686835527420044,0.26039162278175354,0.2606407403945923,0.26180392503738403,0.26180392503738403,0.034703366458415985,0.0030149193480610847,0.239179790019989,0.0347712825993464,1049089.75,32,nan,-1.0,True,,False,0.145079106092453,0.0,0.145079106092453,15.0,15.0,1.0,0.0,0.0,0.0,1.0,0.0
33,1049089.0,97.53105163574219,0.0,0.48054239153862,5243.75634765625,5243.75634765625,5243.75634765625,0.2641071379184723,0.2641071379184723,0.2501429617404938,0.2501429617404938,0.2641071379184723,0.2501429617404938,0.2641071379184723,0.2501429617404938,0.24110713601112366,0.22714295983314514,0.019999999999999997,0.4992012185,0.0,0.2619608938694,0.9999904632568359,0.01933017000555992,0.281252384185791,0.04765666276216507,0.26868361234664917,0.2605525255203247,0.26080310344696045,0.2619608938694,0.2619608938694,0.0355207622051239,0.0030910195782780647,0.23892655968666077,0.03644553982303478,1049089.0,33,nan,-1.0,True,,False,0.1451915055513382,0.0,0.1451915055513382,15.0,15.0,1.0,0.0,0.0,0.0,1.0,0.0
34,1049088.375,97.6769790649414,0.0,0.4798770248889923,5243.75390625,5243.75390625,5243.75390625,0.2642666697502136,0.2642666697502136,0.25031283497810364,0.25031283497810364,0.2642666697502136,0.25031283497810364,0.2642666697502136,0.25031283497810364,0.241266667842865,0.227312833070755,0.02,0.49915265200000003,0.0,0.2621215581893921,0.9999904632568359,0.019327789545059204,0.28096264600753784,0.047648876905441284,0.26868361234664917,0.2607172429561615,0.2609694004058838,0.2621215581893921,0.2621215581893921,0.036342553794384,0.00316564436070621,0.23866267502307892,0.03799268533314009,1049088.375,34,nan,-1.0,True,,False,0.14530549943447113,0.0,0.14530549943447113,15.0,15.0,1.0,0.0,0.0,0.0,1.0,0.0
35,1049087.625,97.82589721679688,0.0,0.4790247976779938,5243.7509765625,5243.7509765625,5243.7509765625,0.26442912220954895,0.26442912220954895,0.2504860460758209,0.2504860460758209,0.26442912220954895,0.2504860460758209,0.26442912220954895,0.2504860460758209,0.24142912030220032,0.2274860441684723,0.019999999999999997,0.49910268750000003,0.0,0.2622850835323334,0.9999904632568359,0.019329609349370003,0.2815701365470886,0.04764874652028084,0.26868361234664917,0.26088443398475647,0.26113808155059814,0.2622850835323334,0.2622850835323334,0.037163589149713516,0.0032405355013906956,0.23838791251182556,0.03734044056101185,1049087.625,35,nan,-1.0,True,,False,0.14542080461978912,0.0,0.14542080461978912,15.0,15.0,1.0,0.0,0.0,0.0,1.0,0.0
36,1049086.875,97.97634887695312,0.0,0.4783545136451721,5243.7490234375,5243.7490234375,5243.7490234375,0.2645922601222992,0.2645922601222992,0.25066089630126953,0.25066089630126953,0.2645922601222992,0.25066089630126953,0.2645922601222992,0.25066089630126953,0.24159225821495056,0.2276608943939209,0.02,0.49905132799999996,0.0,0.26244938373565674,0.9999905824661255,0.019332563504576683,0.2822234630584717,0.0476604588329792,0.26868361234664917,0.26105234026908875,0.26130735874176025,0.26244938373565674,0.26244938373565674,0.037982575595378876,0.0033141346648335457,0.2381056249141693,0.027582016096049402,1049086.875,36,nan,-1.0,True,,False,0.14553634822368622,0.0,0.14553634822368622,15.0,15.0,1.0,0.0,0.0,0.0,1.0,0.0
37,1049086.375,98.12360382080078,0.0,0.47768932580947876,5243.74658203125,5243.74658203125,5243.74658203125,0.264752060174942,0.264752060174942,0.2508319318294525,0.2508319318294525,0.264752060174942,0.2508319318294525,0.264752060174942,0.2508319318294525,0.24175205826759338,0.22783192992210388,0.02,0.4989985765,0.0,0.2626102864742279,0.9999905824661255,0.01933583803474903,0.2822365462779999,0.047675468027591705,0.2686835527420044,0.2612166404724121,0.26147305965423584,0.2626102864742279,0.2626102864742279,0.038829535245895386,0.0033910758793354034,0.2378333956003189,0.045719213943812065,1049086.375,37,nan,-1.0,True,,False,0.1456507444381714,0.0,0.1456507444381714,15.0,15.0,1.0,0.0,0.0,0.0,1.0,0.0
38,1049085.625,98.26844024658203,0.0,0.4769255816936493,5243.744140625,5243.744140625,5243.744140625,0.26491039991378784,0.26491039991378784,0.2510000169277191,0.2510000169277191,0.26491039991378784,0.2510000169277191,0.26491039991378784,0.2510000169277191,0.2419103980064392,0.22800001502037048,0.02,0.498944436,0.0,0.26276975870132446,0.999990701675415,0.0193380918353796,0.286872535943985,0.04769009351730347,0.2686835825443268,0.26137876510620117,0.2616366147994995,0.26276975870132446,0.26276975870132446,0.0396699495613575,0.0034681500401347876,0.23757661879062653,0.04414713788719382,1049085.625,38,nan,-1.0,True,,False,0.14576317369937897,0.0,0.14576317369937897,15.0,15.0,1.0,0.0,0.0,0.0,1.0,0.0
39,1049085.0,98.41094207763672,0.0,0.4760844111442566,5243.7421875,5243.7421875,5243.7421875,0.26506805419921875,0.26506805419921875,0.2511652708053589,0.2511652708053589,0.26506805419921875,0.2511652708053589,0.26506805419921875,0.2511652708053589,0.24206805229187012,0.22816526889801025,0.02,0.49888890950000003,0.0,0.2629285156726837,0.999990701675415,0.01933760941028595,0.2938886880874634,0.0477030985057354,0.2686835825443268,0.2615394592285156,0.26179879903793335,0.2629285156726837,0.2629285156726837,0.040504444390535355,0.0035449473652988672,0.23733113706111908,0.01895892824460235,1049085.0,39,nan,-1.0,True,,False,0.14587324857711792,0.0,0.14587324857711792,15.0,15.0,1.0,0.0,0.0,0.0,1.0,0.0
40,1049084.125,98.55125427246094,0.0,0.47525784373283386,5243.740234375,5243.740234375,5243.740234375,0.26522406935691833,0.26522406935691833,0.25132787227630615,0.25132787227630615,0.26522406935691833,0.25132787227630615,0.26522406935691833,0.25132787227630615,0.2422240674495697,0.22832787036895752,0.02,0.498832,0.0,0.26308566331863403,0.9999908208847046,0.019336270168423653,0.29725319147109985,0.0477069728076458,0.26868361234664917,0.2616979777812958,0.2619587481021881,0.26308566331863403,0.26308566331863403,0.04132775217294693,0.003619974013417959,0.23708872497081757,0.03644872571264083,1049084.125,40,nan,-1.0,True,,False,0.14598116278648376,0.0,0.14598116278648376,15.0,15.0,1.0,0.0,0.0,0.0,1.0,0.0
41,1049083.375,98.69712829589844,0.0,0.4744069278240204,5243.7373046875,5243.7373046875,5243.7373046875,0.26538512110710144,0.26538512110710144,0.2514967918395996,0.2514967918395996,0.26538512110710144,0.2514967918395996,0.26538512110710144,0.2514967918395996,0.2423851191997528,0.22849678993225098,0.02,0.49877371049999997,0.0,0.26324787735939026,0.9999909400939941,0.019335154443979263,0.3004758954048157,0.04770328477025032,0.26868361234664917,0.2618623673915863,0.26212456822395325,0.26324787735939026,0.26324787735939026,0.042157769203186035,0.003693225095048547,0.2368314564228058,0.04121329390909523,1049083.375,41,nan,-1.0,True,,False,0.14609023928642273,0.0,0.14609023928642273,15.0,15.0,1.0,0.0,0.0,0.0,1.0,0.0
42,1049082.75,98.84616088867188,0.0,0.47352334856987,5243.7353515625,5243.7353515625,5243.7353515625,0.2655494511127472,0.2655494511127472,0.2516692280769348,0.2516692280769348,0.2655494511127472,0.2516692280769348,0.2655494511127472,0.2516692280769348,0.24254944920539856,0.22866922616958618,0.02,0.49871404399999997,0.0,0.2634132504463196,0.9999909400939941,0.019334645941853523,0.30383607745170593,0.04770232364535332,0.2686835825443268,0.26203015446662903,0.26229387521743774,0.2634132504463196,0.2634132504463196,0.04300304129719734,0.003766876645386219,0.2365606427192688,0.03954510792067999,1049082.75,42,nan,-1.0,True,,False,0.14620117843151093,0.0,0.14620117843151093,15.0,15.0,1.0,0.0,0.0,0.0,1.0,0.0
43,1049082.0,98.99786376953125,0.0,0.4724941551685333,5243.73388671875,5243.73388671875,5243.73388671875,0.26571765542030334,0.26571765542030334,0.2518446445465088,0.2518446445465088,0.26571765542030334,0.2518446445465088,0.26571765542030334,0.2518446445465088,0.2427176535129547,0.22884464263916016,0.02,0.49865300349999997,0.0,0.26358261704444885,0.9999910593032837,0.019335482269525528,0.3069865107536316,0.0477045476436615,0.26868361234664917,0.26220178604125977,0.26246705651283264,0.26358261704444885,0.26358261704444885,0.043860722333192825,0.003840549848973751,0.23627789318561554,0.03809078775035838,1049082.0,43,nan,-1.0,True,,False,0.1463138312101364,0.0,0.1463138312101364,15.0,15.0,1.0,0.0,0.0,0.0,1.0,0.0
44,1049081.125,99.14873504638672,0.0,0.47144362330436707,5243.7314453125,5243.7314453125,5243.7314453125,0.26588648557662964,0.26588648557662964,0.2520189583301544,0.2520189583301544,0.26588648557662964,0.2520189583301544,0.26588648557662964,0.2520189583301544,0.242886483669281,0.2290189564228058,0.020000000000000004,0.498590592,0.0,0.26375263929367065,0.9999910593032837,0.01933186501264572,0.30394360423088074,0.04770568013191223,0.26868361234664917,0.26237452030181885,0.26264122128486633,0.26375263929367065,0.26375263929367065,0.044727873057127,0.003914350643754005,0.2359853982925415,0.017621598578342754,1049081.125,44,nan,-1.0,True,,False,0.14642761647701263,0.0,0.14642761647701263,15.0,15.0,1.0,0.0,0.0,0.0,1.0,0.0
45,1049080.375,99.29833984375,0.0,0.4704644978046417,5243.7294921875,5243.7294921875,5243.7294921875,0.26605692505836487,0.26605692505836487,0.2521916627883911,0.2521916627883911,0.26605692505836487,0.2521916627883911,0.26605692505836487,0.2521916627883911,0.24305692315101624,0.22919166088104248,0.02,0.49852681249999997,0.0,0.26392412185668945,0.9999911785125732,0.019328949972987175,0.30075669288635254,0.04769732058048248,0.2686835527420044,0.2625490725040436,0.2628173530101776,0.26392412185668945,0.26392412185668945,0.0455741211771965,0.003989067394286394,0.23570095002651215,0.019326546125941806,1049080.375,45,nan,-1.0,True,,False,0.1465420424938202,0.0,0.1465420424938202,15.0,15.0,1.0,0.0,0.0,0.0,1.0,0.0
46,1049080.0,99.44432067871094,0.0,0.46953248977661133,5243.728515625,5243.728515625,5243.728515625,0.2662256956100464,0.2662256956100464,0.252360075712204,0.252360075712204,0.2662256956100464,0.252360075712204,0.2662256956100464,0.252360075712204,0.24322569370269775,0.22936007380485535,0.020000000000000004,0.49846166799999997,0.0,0.26409411430358887,0.9999911785125732,0.01932488940656185,0.2965167164802551,0.047682102769613266,0.26868361234664917,0.2627221643924713,0.2629919946193695,0.26409411430358887,0.26409411430358887,0.0463971383869648,0.0040623946115374565,0.2354227900505066,0.025179584481520578,1049080.0,46,nan,-1.0,True,,False,0.1466561108827591,0.0,0.1466561108827591,15.0,15.0,1.0,0.0,0.0,0.0,1.0,0.0
47,1049079.125,99.58546447753906,0.0,0.46846646070480347,5243.72607421875,5243.72607421875,5243.72607421875,0.26639118790626526,0.26639118790626526,0.2525227963924408,0.2525227963924408,0.26639118790626526,0.2525227963924408,0.26639118790626526,0.2525227963924408,0.24339118599891663,0.22952279448509216,0.02,0.49839516149999996,0.0,0.264260858297348,0.9999914169311523,0.01931794360280037,0.2962343096733093,0.047663573175668716,0.2686835527420044,0.2628917396068573,0.26316314935684204,0.264260858297348,0.264260858297348,0.047188568860292435,0.004132722970098257,0.23515667021274567,0.031771903317551024,1049079.125,47,nan,-1.0,True,,False,0.14676818251609802,0.0,0.14676818251609802,15.0,15.0,1.0,0.0,0.0,0.0,1.0,0.0
48,1049078.25,99.72187042236328,0.0,0.4673798978328705,5243.724609375,5243.724609375,5243.724609375,0.2665533423423767,0.2665533423423767,0.2526799440383911,0.2526799440383911,0.2665533423423767,0.2526799440383911,0.2665533423423767,0.2526799440383911,0.24355334043502808,0.22967994213104248,0.020000000000000004,0.49832729600000003,0.0,0.264424204826355,0.9999912977218628,0.019310059025883675,0.2974745035171509,0.04763680696487427,0.26868361234664917,0.2630576491355896,0.2633305490016937,0.264424204826355,0.264424204826355,0.047962479293346405,0.004204775206744671,0.23490211367607117,0.03344281408418384,1049078.25,48,nan,-1.0,True,,False,0.14687831699848175,0.0,0.14687831699848175,15.0,15.0,1.0,0.0,0.0,0.0,1.0,0.0
49,1049077.5,99.86258697509766,0.0,0.46636730432510376,5243.72265625,5243.72265625,5243.72265625,0.26672273874282837,0.26672273874282837,0.25284191966056824,0.25284191966056824,0.26672273874282837,0.25284191966056824,0.26672273874282837,0.25284191966056824,0.24372273683547974,0.2298419177532196,0.02,0.49825807450000004,0.0,0.26459479331970215,0.9999912977218628,0.01930272951722145,0.2981112599372864,0.047606211155653,0.2686835527420044,0.2632300853729248,0.2635044455528259,0.26459479331970215,0.26459479331970215,0.04875420406460762,0.004276519175618887,0.23463445901870728,0.037684220495672584,1049077.5,49,nan,-1.0,True,,False,0.14699187874794006,0.0,0.14699187874794006,15.0,15.0,1.0,0.0,0.0,0.0,1.0,0.0
50,1049076.875,100.0024642944336,0.0,0.46532729268074036,5243.72119140625,5243.72119140625,5243.72119140625,0.2668916583061218,0.2668916583061218,0.2530028223991394,0.2530028223991394,0.2668916583061218,0.2530028223991394,0.2668916583061218,0.2530028223991394,0.2438916563987732,0.23000282049179077,0.020000000000000004,0.4981875,0.0,0.26476484537124634,0.9999912977218628,0.01929367519915104,0.29909706115722656,0.04757552593946457,0.26868361234664917,0.2634018659591675,0.263677716255188,0.26476484537124634,0.26476484537124634,0.04952515661716461,0.004347112029790878,0.23435430228710175,0.03896638802931799,1049076.875,50,nan,-1.0,True,,False,0.1471063196659088,0.0,0.1471063196659088,15.0,15.0,1.0,0.0,0.0,0.0,1.0,0.0
51,1049072.75,101.49818420410156,0.0,0.45918601751327515,5243.7080078125,5243.7080078125,5243.7080078125,0.26864299178123474,0.26864299178123474,0.25471651554107666,0.25471651554107666,0.26864299178123474,0.25471651554107666,0.26864299178123474,0.25471651554107666,0.2456429898738861,0.23171651363372803,0.02,0.49811557549999996,0.0,0.2665315866470337,0.9999918937683105,0.019239701330661774,0.30108726024627686,0.04731065407395363,0.26868361234664917,0.26516586542129517,0.2654593288898468,0.2665315866470337,0.2665315866470337,0.0596734881401062,0.005262779537588358,0.23124423623085022,0.04693767313761378,1049072.75,51,nan,-1.0,True,,False,0.14838725328445435,0.0,0.14838725328445435,15.0,15.0,1.0,0.0,0.0,0.0,1.0,0.0
52,1049069.75,103.09994506835938,0.0,0.45356646180152893,5243.69921875,5243.69921875,5243.69921875,0.2705070674419403,0.2705070674419403,0.2565377354621887,0.2565377354621887,0.2705070674419403,0.2565377354621887,0.2705070674419403,0.2565377354621887,0.24750706553459167,0.2335377335548401,0.02,0.498042304,0.0,0.2684125602245331,0.9999922513961792,0.019191142171621323,0.29851049184799194,0.04704825580120087,0.2686835527420044,0.267005980014801,0.2673182189464569,0.2684125602245331,0.2684125602245331,0.06985998898744583,0.006184931844472885,0.22807364165782928,0.038903351282998405,1049069.75,52,nan,-1.0,True,,False,0.14968781173229218,0.0,0.14968781173229218,15.0,15.0,1.0,0.0,0.0,0.0,1.0,0.0
53,1049067.125,104.7322006225586,0.0,0.4477650225162506,5243.6923828125,5243.6923828125,5243.6923828125,0.2723599970340729,0.2723599970340729,0.25837913155555725,0.25837913155555725,0.2723599970340729,0.25837913155555725,0.2723599970340729,0.25837913155555725,0.24935999512672424,0.23537912964820862,0.02,0.4979676885,0.0,0.27028417587280273,0.9999926686286926,0.019151387736201286,0.3072054088115692,0.046816714107990265,0.26868361234664917,0.26886269450187683,0.26919445395469666,0.27028417587280273,0.27028417587280273,0.08005606383085251,0.007110015023499727,0.22485876083374023,0.041175506410783984,1049067.125,53,nan,-1.0,True,,False,0.15100210905075073,0.0,0.15100210905075073,15.0,15.0,1.0,0.0,0.0,0.0,1.0,0.0
54,1049063.75,106.39057922363281,0.0,0.44179198145866394,5243.6826171875,5243.6826171875,5243.6826171875,0.27422481775283813,0.27422481775283813,0.26023536920547485,0.26023536920547485,0.27422481775283813,0.26023536920547485,0.27422481775283813,0.26023536920547485,0.2512248158454895,0.23723536729812622,0.02,0.49789173200000003,0.0,0.27217021584510803,0.9999935030937195,0.01911938562989235,0.3041404187679291,0.046631958335638046,0.26868361234664917,0.270711213350296,0.2710639238357544,0.27217021584510803,0.27217021584510803,0.09008581936359406,0.008038908243179321,0.2215985208749771,0.03994070124786554,1049063.75,54,nan,-1.0,True,,False,0.15232673287391663,0.0,0.15232673287391663,15.0,15.0,1.0,0.0,0.0,0.0,1.0,0.0
55,1049060.75,108.13944244384766,0.0,0.43608707189559937,5243.6728515625,5243.6728515625,5243.6728515625,0.2761770486831665,0.2761770486831665,0.2621772587299347,0.2621772587299347,0.2761770486831665,0.2621772587299347,0.2761770486831665,0.2621772587299347,0.25317704677581787,0.23917725682258606,0.02,0.49781443750000004,0.0,0.2741442620754242,0.9999935030937195,0.01906052604317665,0.2866755723953247,0.04640694707632065,0.26868361234664917,0.2726079821586609,0.2729836404323578,0.2741442620754242,0.2741442620754242,0.09994591772556305,0.008975998498499393,0.21828970313072205,0.036848832206386656,1049060.75,55,nan,-1.0,True,,False,0.1536596417427063,0.0,0.1536596417427063,15.0,15.0,1.0,0.0,0.0,0.0,1.0,0.0
56,1049057.5,109.8294906616211,0.0,0.43018898367881775,5243.6630859375,5243.6630859375,5243.6630859375,0.27801740169525146,0.27801740169525146,0.264039009809494,0.264039009809494,0.27801740169525146,0.264039009809494,0.27801740169525146,0.264039009809494,0.25501739978790283,0.24103900790214539,0.02,0.497735808,0.0,0.27601057291030884,0.9999935030937195,0.019049106165766716,0.29444214701652527,0.046200353652238846,0.26868361234664917,0.27451297640800476,0.2749132215976715,0.27601054310798645,0.27601054310798645,0.10954625904560089,0.009919999167323112,0.21494045853614807,0.019863152291185945,1049057.5,56,nan,-1.0,True,,False,0.15500007569789886,0.0,0.15500007569789886,15.0,15.0,1.0,0.0,0.0,0.0,1.0,0.0
57,1049054.75,111.70120239257812,0.0,0.42472636699676514,5243.6533203125,5243.6533203125,5243.6533203125,0.28006047010421753,0.28006047010421753,0.266084223985672,0.266084223985672,0.28006047010421753,0.266084223985672,0.28006047010421753,0.266084223985672,0.2570604681968689,0.24308422207832336,0.02,0.4976558465,0.0,0.2780766189098358,0.9999935030937195,0.01902996003627777,0.29817235469818115,0.04596754536032677,0.26868361234664917,0.2764376997947693,0.276862233877182,0.2780766189098358,0.2780766189098358,0.11884260177612305,0.010878501459956169,0.2115587741136551,0.034497945795818746,1049054.75,57,nan,-1.0,True,,False,0.15634988248348236,0.0,0.15634988248348236,15.0,15.0,1.0,0.0,0.0,0.0,1.0,0.0
58,1049052.375,113.52853393554688,0.0,0.41946229338645935,5243.6455078125,5243.6455078125,5243.6455078125,0.28200608491897583,0.28200608491897583,0.2680644690990448,0.2680644690990448,0.28200608491897583,0.2680644690990448,0.28200608491897583,0.2680644690990448,0.2590060830116272,0.24506446719169617,0.02,0.497574556,0.0,0.28004568815231323,0.9999943375587463,0.019013073295354843,0.3025463819503784,0.04585457220673561,0.26868361234664917,0.2783760726451874,0.2788253724575043,0.28004568815231323,0.28004568815231323,0.12794893980026245,0.011845191940665245,0.20816144347190857,0.04551864327448937,1049052.375,58,nan,-1.0,True,,False,0.1577092707157135,0.0,0.1577092707157135,15.0,15.0,1.0,0.0,0.0,0.0,1.0,0.0
59,1049049.875,115.47444915771484,0.0,0.4141073524951935,5243.63671875,5243.63671875,5243.63671875,0.28401753306388855,0.28401753306388855,0.27015578746795654,0.27015578746795654,0.28401753306388855,0.27015578746795654,0.28401753306388855,0.27015578746795654,0.2610175311565399,0.2471557855606079,0.02,0.49749193950000004,0.0,0.28208214044570923,0.9999954104423523,0.01901841163635254,0.2776050865650177,0.045938946306705475,0.26868361234664917,0.28032544255256653,0.2808016836643219,0.28208214044570923,0.28208214044570923,0.13668663799762726,0.012808240950107574,0.20476292073726654,0.03270257797622536,1049049.875,59,nan,-1.0,True,,False,0.1590772122144699,0.0,0.1590772122144699,15.0,15.0,1.0,0.0,0.0,0.0,1.0,0.0
60,1049047.5,117.40132141113281,0.0,0.40897127985954285,5243.62841796875,5243.62841796875,5243.62841796875,0.2860339283943176,0.2860339283943176,0.2722093462944031,0.2722093462944031,0.2860339283943176,0.2722093462944031,0.2860339283943176,0.2722093462944031,0.263033926486969,0.24920934438705444,0.02,0.49740799999999996,0.0,0.28412529826164246,0.9999950528144836,0.019019603729248047,0.29111260175704956,0.045901961624622345,0.26868361234664917,0.28232839703559875,0.2828342020511627,0.28412529826164246,0.28412529826164246,0.14523327350616455,0.013767645694315434,0.20135168731212616,0.03572510117858959,1049047.5,60,nan,-1.0,True,,False,0.1604594588279724,0.0,0.1604594588279724,15.0,15.0,1.0,0.0,0.0,0.0,1.0,0.0
61,1049045.0,119.36913299560547,0.0,0.4039636552333832,5243.6181640625,5243.6181640625,5243.6181640625,0.28805649280548096,0.28805649280548096,0.27428922057151794,0.27428922057151794,0.28805649280548096,0.27428922057151794,0.28805649280548096,0.27428922057151794,0.2650564908981323,0.2512892186641693,0.02,0.49732274049999997,0.0,0.2861727774143219,0.9999958872795105,0.01899408921599388,0.3069407641887665,0.04593455791473389,0.2686835825443268,0.2843325138092041,0.28486862778663635,0.2861727774143219,0.2861727774143219,0.15357506275177002,0.014721518382430077,0.19794732332229614,0.030486244659793254,1049045.0,61,nan,-1.0,True,,False,0.16185221076011658,0.0,0.16185221076011658,15.0,15.0,1.0,0.0,0.0,0.0,1.0,0.0
62,1049041.25,121.306640625,0.0,0.39890918135643005,5243.6025390625,5243.6025390625,5243.6025390625,0.2900937795639038,0.2900937795639038,0.27632036805152893,0.27632036805152893,0.2900937795639038,0.27632036805152893,0.2900937795639038,0.27632036805152893,0.2670937776565552,0.2533203661441803,0.02,0.49723616400000004,0.0,0.2882339358329773,0.9999958872795105,0.01899690553545952,0.2908560335636139,0.04580938443541527,0.26868361234664917,0.2863643169403076,0.2869334816932678,0.2882339358329773,0.2882339358329773,0.1616632640361786,0.01569684036076069,0.19454863667488098,0.03392370074935672,1049041.25,62,nan,-1.0,True,,False,0.1632554829120636,0.0,0.1632554829120636,15.0,15.0,1.0,0.0,0.0,0.0,1.0,0.0
63,1049038.5,122.91018676757812,0.0,0.3940914273262024,5243.5927734375,5243.5927734375,5243.5927734375,0.29168644547462463,0.29168644547462463,0.2779892086982727,0.2779892086982727,0.29168644547462463,0.2779892086982727,0.29168644547462463,0.2779892086982727,0.268686443567276,0.2549892067909241,0.02,0.49714827349999996,0.0,0.28984546661376953,0.9999961256980896,0.019026318565011024,0.29310330748558044,0.04587410390377045,0.2686835825443268,0.2879108786582947,0.2885082960128784,0.28984546661376953,0.28984546661376953,0.16945338249206543,0.016686663031578064,0.19115501642227173,0.04067018964754728,1049038.5,63,nan,-1.0,True,,False,0.1643867939710617,0.0,0.1643867939710617,15.0,15.0,1.0,0.0,0.0,0.0,1.0,0.0
64,1049037.375,121.18860626220703,0.0,0.3893614113330841,5243.607421875,5243.607421875,5243.607421875,0.289842426776886,0.289842426776886,0.2761971056461334,0.2761971056461334,0.289842426776886,0.2761971056461334,0.289842426776886,0.2761971056461334,0.26684242486953735,0.2531971037387848,0.02,0.497059072,0.0,0.28799206018447876,0.9999960064888,0.01900525577366352,0.2793380618095398,0.04591952636837959,0.26868361234664917,0.28607305884361267,0.28664860129356384,0.28799206018447876,0.28799206018447876,0.17537763714790344,0.01767907850444317,0.1877773404121399,0.037620272390389196,1049037.375,64,nan,-1.0,True,,False,0.16344575583934784,0.0,0.16344575583934784,15.0,15.0,1.0,0.0,0.0,0.0,1.0,0.0
65,1049036.0,119.28047943115234,0.0,0.38474681973457336,5243.6220703125,5243.6220703125,5243.6220703125,0.2879348695278168,0.2879348695278168,0.2741958796977997,0.2741958796977997,0.2879348695278168,0.2741958796977997,0.2879348695278168,0.2741958796977997,0.26493486762046814,0.25119587779045105,0.02,0.4969685625,0.0,0.2860768735408783,0.9999961256980896,0.018953688442707062,0.28164976835250854,0.045721445232629776,0.2686835527420044,0.2842411994934082,0.28479522466659546,0.2860768735408783,0.2860768735408783,0.18090613186359406,0.01867484673857689,0.18439042568206787,0.03660382782012069,1049036.0,65,nan,-1.0,True,,False,0.16250693798065186,0.0,0.16250693798065186,15.0,15.0,1.0,0.0,0.0,0.0,1.0,0.0
66,1049036.75,117.55072021484375,0.0,0.38013458251953125,5243.6455078125,5243.6455078125,5243.6455078125,0.2860802710056305,0.2860802710056305,0.2723678648471832,0.2723678648471832,0.2860802710056305,0.2723678648471832,0.2860802710056305,0.2723678648471832,0.26308026909828186,0.2493678629398346,0.02,0.49687674800000003,0.0,0.284212201833725,0.999995768070221,0.018938079476356506,0.2920980155467987,0.04571066051721573,0.2686835825443268,0.2824004888534546,0.28293442726135254,0.284212201833725,0.284212201833725,0.18592669069766998,0.019673114642500877,0.18099583685398102,0.043411864435054466,1049036.0,65,nan,-1.0,True,,False,0.16157279908657074,0.0,0.16157279908657074,15.0,15.0,1.0,0.0,0.0,0.0,1.0,0.0
67,1049037.5,116.08668518066406,0.0,0.3755938410758972,5243.66796875,5243.66796875,5243.66796875,0.2845079302787781,0.2845079302787781,0.2708101272583008,0.2708101272583008,0.2845079302787781,0.2708101272583008,0.2845079302787781,0.2708101272583008,0.26150792837142944,0.24781012535095215,0.019999999999999997,0.4967836315,0.0,0.28263160586357117,0.9999954104423523,0.018911093473434448,0.3000052869319916,0.04566268250346184,0.2686835527420044,0.2808256149291992,0.28134238719940186,0.28263160586357117,0.28263160586357117,0.19061926007270813,0.020670851692557335,0.17760257422924042,0.04880053128807857,1049036.0,65,nan,-1.0,True,,False,0.16077402234077454,0.0,0.16077402234077454,15.0,15.0,1.0,0.0,0.0,0.0,1.0,0.0
68,1049035.625,117.27326202392578,0.0,0.3711041510105133,5243.6640625,5243.6640625,5243.6640625,0.28584662079811096,0.28584662079811096,0.2720733880996704,0.2720733880996704,0.28584662079811096,0.2720733880996704,0.28584662079811096,0.2720733880996704,0.26284661889076233,0.24907338619232178,0.02,0.496689216,0.0,0.2839881181716919,0.999995768070221,0.018894320353865623,0.27108266949653625,0.045502569526433945,0.26868361234664917,0.28222155570983887,0.28275978565216064,0.2839881181716919,0.2839881181716919,0.19624538719654083,0.021670466288924217,0.17420554161071777,0.048732232229667716,1049035.625,68,nan,-1.0,True,,False,0.16176222264766693,0.0,0.16176222264766693,15.0,15.0,1.0,0.0,0.0,0.0,1.0,0.0
69,1049033.875,118.83123779296875,0.0,0.36676517128944397,5243.658203125,5243.658203125,5243.658203125,0.2873537540435791,0.2873537540435791,0.27372241020202637,0.27372241020202637,0.2873537540435791,0.27372241020202637,0.2873537540435791,0.27372241020202637,0.26435375213623047,0.25072240829467773,0.020000000000000004,0.4965935045,0.0,0.2855103015899658,0.9999963641166687,0.01892147958278656,0.28557300567626953,0.04571063071489334,0.2686835527420044,0.28364282846450806,0.2842034697532654,0.2855103015899658,0.2855103015899658,0.2015167623758316,0.022670580074191093,0.17081224918365479,0.04620765687205777,1049033.875,69,nan,-1.0,True,,False,0.16276130080223083,0.0,0.16276130080223083,15.0,15.0,1.0,0.0,0.0,0.0,1.0,0.0
70,1049030.625,120.18978118896484,0.0,0.3625155985355377,5243.6455078125,5243.6455078125,5243.6455078125,0.2888064980506897,0.2888064980506897,0.2751515209674835,0.2751515209674835,0.2888064980506897,0.2751515209674835,0.2888064980506897,0.2751515209674835,0.26580649614334106,0.2521515190601349,0.02,0.4964965,0.0,0.28698012232780457,0.9999968409538269,0.01890471763908863,0.280070036649704,0.04559708014130592,0.2686835527420044,0.2850954830646515,0.28568023443222046,0.28698012232780457,0.28698012232780457,0.2065494954586029,0.02367321401834488,0.1674189418554306,0.04481041352523284,1049030.625,70,nan,-1.0,True,,False,0.1637704074382782,0.0,0.1637704074382782,15.0,15.0,1.0,0.0,0.0,0.0,1.0,0.0
71,1049029.5,120.31006622314453,0.0,0.3583548963069916,5243.64990234375,5243.64990234375,5243.64990234375,0.2887934744358063,0.2887934744358063,0.27527767419815063,0.27527767419815063,0.2887934744358063,0.27527767419815063,0.2887934744358063,0.27527767419815063,0.26579347252845764,0.252277672290802,0.02,0.49639820549999997,0.0,0.2869703769683838,0.9999968409538269,0.0189462061971426,0.2951063811779022,0.04578862339258194,0.2686835825443268,0.2850407361984253,0.28562748432159424,0.2869703769683838,0.2869703769683838,0.21054185926914215,0.024677110835909843,0.16402527689933777,0.03857339613184902,1049029.5,71,nan,-1.0,True,,False,0.16386283934116364,0.0,0.16386283934116364,15.0,15.0,1.0,0.0,0.0,0.0,1.0,0.0
72,1049027.375,118.79945373535156,0.0,0.3542722165584564,5243.6572265625,5243.6572265625,5243.6572265625,0.28731587529182434,0.28731587529182434,0.2736888825893402,0.2736888825893402,0.28731587529182434,0.2736888825893402,0.28731587529182434,0.2736888825893402,0.2643158733844757,0.2506888806819916,0.02,0.49629862399999997,0.0,0.28548628091812134,0.9999960064888,0.01888272352516651,0.2874293029308319,0.04556279256939888,0.2686835527420044,0.2836306691169739,0.2841993570327759,0.28548628091812134,0.28548628091812134,0.21338911354541779,0.025678856298327446,0.16065503656864166,0.038279685726997234,1049027.375,72,nan,-1.0,True,,False,0.16312681138515472,0.0,0.16312681138515472,15.0,15.0,1.0,0.0,0.0,0.0,1.0,0.0
73,1049024.5,117.43952941894531,0.0,0.35040515661239624,5243.65966796875,5243.65966796875,5243.65966796875,0.28588223457336426,0.28588223457336426,0.27224990725517273,0.27224990725517273,0.28588223457336426,0.27224990725517273,0.28588223457336426,0.27224990725517273,0.2628822326660156,0.2492499053478241,0.02,0.49619775850000003,0.0,0.28404444456100464,0.999995768070221,0.018865754827857018,0.2909439504146576,0.045548442751169205,0.2686835825443268,0.28222543001174927,0.2827768921852112,0.28404444456100464,0.28404444456100464,0.21593323349952698,0.02668282762169838,0.15727603435516357,0.03414415287099675,1049024.5,73,nan,-1.0,True,,False,0.16239210963249207,0.0,0.16239210963249207,15.0,15.0,1.0,0.0,0.0,0.0,1.0,0.0
74,1049023.125,116.11664581298828,0.0,0.3464718163013458,5243.66845703125,5243.66845703125,5243.66845703125,0.2844758927822113,0.2844758927822113,0.2708421051502228,0.2708421051502228,0.2844758927822113,0.2708421051502228,0.2844758927822113,0.2708421051502228,0.26147589087486267,0.24784210324287415,0.02,0.49609561199999996,0.0,0.2826308608055115,0.9999955296516418,0.018843013793230057,0.267193466424942,0.04552699252963066,0.2686835527420044,0.2808264195919037,0.2813626527786255,0.2826308608055115,0.2826308608055115,0.2180817425251007,0.027686461806297302,0.1539040058851242,0.026117726406987965,1049023.125,74,nan,-1.0,True,,False,0.16165801882743835,0.0,0.16165801882743835,15.0,15.0,1.0,0.0,0.0,0.0,1.0,0.0
75,1049022.5,114.698486328125,0.0,0.3426719903945923,5243.6826171875,5243.6826171875,5243.6826171875,0.2830423414707184,0.2830423414707184,0.2693239748477936,0.2693239748477936,0.2830423414707184,0.2693239748477936,0.2830423414707184,0.2693239748477936,0.26004233956336975,0.24632397294044495,0.02,0.49599218749999996,0.0,0.28118905425071716,0.9999955296516418,0.018804412335157394,0.28412705659866333,0.04535479098558426,0.2686835527420044,0.2794390022754669,0.2799593210220337,0.28118905425071716,0.28118905425071716,0.2198912799358368,0.028686977922916412,0.15055781602859497,0.024786703314425215,1049022.5,75,nan,-1.0,True,,False,0.1609264612197876,0.0,0.1609264612197876,15.0,15.0,1.0,0.0,0.0,0.0,1.0,0.0
76,1049021.75,114.52144622802734,0.0,0.33895736932754517,5243.6884765625,5243.6884765625,5243.6884765625,0.28279972076416016,0.28279972076416016,0.2691338062286377,0.2691338062286377,0.28279972076416016,0.2691338062286377,0.28279972076416016,0.2691338062286377,0.2597997188568115,0.24613380432128906,0.02,0.495887488,0.0,0.2809465527534485,0.9999954104423523,0.018812857568264008,0.2919447422027588,0.045425016433000565,0.26868361234664917,0.27915266156196594,0.2796715199947357,0.2809465527534485,0.2809465527534485,0.2220575213432312,0.029685888439416885,0.14724144339561462,0.035667862596003234,1049021.75,76,nan,-1.0,True,,False,0.16084851324558258,0.0,0.16084851324558258,15.0,15.0,1.0,0.0,0.0,0.0,1.0,0.0
77,1049019.25,116.14530181884766,0.0,0.33530738949775696,5243.67724609375,5243.67724609375,5243.67724609375,0.28453537821769714,0.28453537821769714,0.27087268233299255,0.27087268233299255,0.28453537821769714,0.27087268233299255,0.28453537821769714,0.27087268233299255,0.2615353763103485,0.24787268042564392,0.02,0.49578151649999996,0.0,0.2827014923095703,0.9999952912330627,0.01879618503153324,0.27949798107147217,0.0453915037214756,0.26868361234664917,0.280900239944458,0.2814444303512573,0.2827014923095703,0.2827014923095703,0.22517205774784088,0.030717620626091957,0.14395570755004883,0.03637472812746031,1049019.25,77,nan,-1.0,True,,False,0.1619970053434372,0.0,0.1619970053434372,15.0,15.0,1.0,0.0,0.0,0.0,1.0,0.0
78,1049017.5,115.48223876953125,0.0,0.3316965401172638,5243.6806640625,5243.6806640625,5243.6806640625,0.2837924063205719,0.2837924063205719,0.2701641321182251,0.2701641321182251,0.2837924063205719,0.2701641321182251,0.2837924063205719,0.2701641321182251,0.26079240441322327,0.24716413021087646,0.02,0.49567427599999997,0.0,0.2819558382034302,0.9999955296516418,0.018821632489562035,0.2906860113143921,0.045444514602422714,0.2686835825443268,0.2801486551761627,0.2806848883628845,0.2819558382034302,0.2819558382034302,0.22651323676109314,0.03174862638115883,0.1406957507133484,0.035970635754185624,1049017.5,78,nan,-1.0,True,,False,0.16164211928844452,0.0,0.16164211928844452,15.0,15.0,1.0,0.0,0.0,0.0,1.0,0.0
79,1049014.625,114.73746490478516,0.0,0.32824549078941345,5243.6787109375,5243.6787109375,5243.6787109375,0.2830545902252197,0.2830545902252197,0.2693658173084259,0.2693658173084259,0.2830545902252197,0.2693658173084259,0.2830545902252197,0.2693658173084259,0.2600545883178711,0.24636581540107727,0.02,0.49556576950000003,0.0,0.28121548891067505,0.9999956488609314,0.018792636692523956,0.2718420624732971,0.04531924054026604,0.26868361234664917,0.2794739305973053,0.2800035774707794,0.28121548891067505,0.28121548891067505,0.22769542038440704,0.032778989523649216,0.1374654769897461,0.03922968429590886,1049014.625,79,nan,-1.0,True,,False,0.1613227128982544,0.0,0.1613227128982544,15.0,15.0,1.0,0.0,0.0,0.0,1.0,0.0
80,1049012.25,113.8855972290039,0.0,0.3248252272605896,5243.6796875,5243.6796875,5243.6796875,0.2820930480957031,0.2820930480957031,0.2684495449066162,0.2684495449066162,0.2820930480957031,0.2684495449066162,0.2820930480957031,0.2684495449066162,0.2590930461883545,0.24544954299926758,0.02,0.495456,0.0,0.2802470028400421,0.9999954104423523,0.01879802905023098,0.299674391746521,0.045407261699438095,0.268683522939682,0.2784631848335266,0.2789808213710785,0.2802470028400421,0.2802470028400421,0.22853466868400574,0.033813849091529846,0.13427038490772247,0.040500183018998034,1049012.25,80,nan,-1.0,True,,False,0.16080321371555328,0.0,0.16080321371555328,15.0,15.0,1.0,0.0,0.0,0.0,1.0,0.0
81,1049010.25,113.05293273925781,0.0,0.3215309679508209,5243.681640625,5243.681640625,5243.681640625,0.2812145948410034,0.2812145948410034,0.26755061745643616,0.26755061745643616,0.2812145948410034,0.26755061745643616,0.2812145948410034,0.26755061745643616,0.2582145929336548,0.24455061554908752,0.02,0.49534497050000004,0.0,0.2793649137020111,0.9999954104423523,0.018790820613503456,0.2975800037384033,0.045361679047346115,0.2686835527420044,0.2776114046573639,0.27812033891677856,0.2793649137020111,0.2793649137020111,0.2291444092988968,0.03486251458525658,0.13111114501953125,0.039749410512740724,1049010.25,81,nan,-1.0,True,,False,0.16039448976516724,0.0,0.16039448976516724,15.0,15.0,1.0,0.0,0.0,0.0,1.0,0.0
82,1049004.875,114.34088134765625,0.0,0.3182357847690582,5243.65673828125,5243.65673828125,5243.65673828125,0.2826542258262634,0.2826542258262634,0.26893967390060425,0.26893967390060425,0.2826542258262634,0.26893967390060425,0.2826542258262634,0.26893967390060425,0.2596542239189148,0.24593967199325562,0.02,0.49523268400000003,0.0,0.28082260489463806,0.9999951720237732,0.018775304779410362,0.30606943368911743,0.04525720328092575,0.26868361234664917,0.27909696102142334,0.2796283960342407,0.28082260489463806,0.28082260489463806,0.23107129335403442,0.03591547906398773,0.12795589864253998,0.038640740366342165,1049004.875,82,nan,-1.0,True,,False,0.16139286756515503,0.0,0.16139286756515503,15.0,15.0,1.0,0.0,0.0,0.0,1.0,0.0
83,1049000.375,115.88774108886719,0.0,0.3150061368942261,5243.634765625,5243.634765625,5243.634765625,0.28421342372894287,0.28421342372894287,0.2705976963043213,0.2705976963043213,0.28421342372894287,0.2705976963043213,0.28421342372894287,0.2705976963043213,0.26121342182159424,0.24759769439697266,0.02,0.49511914349999997,0.0,0.2823982536792755,0.999995768070221,0.018811125308275223,0.2914533019065857,0.045410431921482086,0.26868361234664917,0.28060150146484375,0.2811563313007355,0.2823982536792755,0.2823982536792755,0.23292990028858185,0.036986831575632095,0.12476424127817154,0.041291355999419466,1049000.375,83,nan,-1.0,True,,False,0.1624031811952591,0.0,0.1624031811952591,15.0,15.0,1.0,0.0,0.0,0.0,1.0,0.0
84,1048995.5,117.35600280761719,0.0,0.31186985969543457,5243.611328125,5243.611328125,5243.611328125,0.28572022914886475,0.28572022914886475,0.27216124534606934,0.27216124534606934,0.28572022914886475,0.27216124534606934,0.28572022914886475,0.27216124534606934,0.2627202272415161,0.2491612434387207,0.019999999999999997,0.49500435200000004,0.0,0.2839217185974121,0.9999963641166687,0.01884705387055874,0.3014816641807556,0.04549301043152809,0.2686835527420044,0.28209376335144043,0.28267189860343933,0.2839217185974121,0.2839217185974121,0.23466965556144714,0.03805861994624138,0.12158501893281937,0.040831232959236435,1048995.5,84,nan,-1.0,True,,False,0.16342347860336304,0.0,0.16342347860336304,15.0,15.0,1.0,0.0,0.0,0.0,1.0,0.0
85,1048991.375,118.92240905761719,0.0,0.3088429272174835,5243.58984375,5243.58984375,5243.58984375,0.2872612476348877,0.2872612476348877,0.27381858229637146,0.27381858229637146,0.2872612476348877,0.27381858229637146,0.2872612476348877,0.27381858229637146,0.26426124572753906,0.2508185803890228,0.02,0.49488831250000004,0.0,0.28547826409339905,0.9999961256980896,0.018880391493439674,0.29761970043182373,0.04564801976084709,0.26868361234664917,0.283608078956604,0.28421100974082947,0.28547826409339905,0.28547826409339905,0.23628295958042145,0.039131611585617065,0.11843006312847137,0.04091905651471785,1048991.375,85,nan,-1.0,True,,False,0.16445262730121613,0.0,0.16445262730121613,15.0,15.0,1.0,0.0,0.0,0.0,1.0,0.0
86,1048987.625,120.34745788574219,0.0,0.306083619594574,5243.5712890625,5243.5712890625,5243.5712890625,0.2887786030769348,0.2887786030769348,0.27531686425209045,0.27531686425209045,0.2887786030769348,0.27531686425209045,0.2887786030769348,0.27531686425209045,0.2657786011695862,0.2523168623447418,0.02,0.494771028,0.0,0.28700944781303406,0.9999964833259583,0.018861060962080956,0.28525641560554504,0.04555494338274002,0.2686835527420044,0.28515052795410156,0.28577983379364014,0.28700944781303406,0.28700944781303406,0.23776106536388397,0.04020463675260544,0.11531418561935425,0.04626432707785474,1048987.625,86,nan,-1.0,True,,False,0.16548945009708405,0.0,0.16548945009708405,15.0,15.0,1.0,0.0,0.0,0.0,1.0,0.0
87,1048983.25,121.87955474853516,0.0,0.30335918068885803,5243.548828125,5243.548828125,5243.548828125,0.29030635952949524,0.29030635952949524,0.27691787481307983,0.27691787481307983,0.29030635952949524,0.27691787481307983,0.29030635952949524,0.27691787481307983,0.2673063576221466,0.2539178729057312,0.02,0.4946525015,0.0,0.28855037689208984,0.9999966025352478,0.018869472667574883,0.2675471305847168,0.04560888558626175,0.26868361234664917,0.2866823971271515,0.2873387038707733,0.28855037689208984,0.28855037689208984,0.23920930922031403,0.041275084018707275,0.11224698275327682,0.0486636592379202,1048983.25,87,nan,-1.0,True,,False,0.1665317416191101,0.0,0.1665317416191101,15.0,15.0,1.0,0.0,0.0,0.0,1.0,0.0
88,1048787.375,123.41259765625,0.0,0.30069130659103394,5242.56787109375,5242.56787109375,5242.56787109375,0.2918391525745392,0.2918391525745392,0.27850982546806335,0.27850982546806335,0.2918391525745392,0.27850982546806335,0.2918391525745392,0.27850982546806335,0.26883915066719055,0.2555098235607147,0.02,0.49453273600000003,0.0,0.29009562730789185,0.9999968409538269,0.018878603354096413,0.28381845355033875,0.045628733932971954,0.2686835825443268,0.28821226954460144,0.2888960540294647,0.29009562730789185,0.29009562730789185,0.24044813215732574,0.042343318462371826,0.10923945158720016,0.008469367031163225,1048787.375,88,nan,-1.0,True,,False,0.16757886111736298,0.0,0.16757886111736298,15.0,15.0,1.0,0.0,0.0,0.0,1.0,0.0
89,1047708.0,124.98479461669922,0.0,0.29806822538375854,5237.169921875,5237.169921875,5237.169921875,0.29347383975982666,0.29347383975982666,0.2801321744918823,0.2801321744918823,0.29347383975982666,0.2801321744918823,0.29347383975982666,0.2801321744918823,0.270473837852478,0.2571321725845337,0.020000000000000004,0.49441173450000003,0.0,0.2917412519454956,0.999997079372406,0.01887674257159233,0.2641160786151886,0.04550734907388687,0.26868361234664917,0.28981736302375793,0.2905304431915283,0.2917412519454956,0.2917412519454956,0.24175459146499634,0.04341893643140793,0.1062856987118721,0.008530355718297264,1047708.0,89,nan,-1.0,True,,False,0.16867029666900635,0.0,0.16867029666900635,15.0,15.0,1.0,0.0,0.0,0.0,1.0,0.0
90,1048175.75,124.18643951416016,0.0,0.2955198884010315,5239.51904296875,5239.51904296875,5239.51904296875,0.29257115721702576,0.29257115721702576,0.27930963039398193,0.27930963039398193,0.29257115721702576,0.27930963039398193,0.29257115721702576,0.27930963039398193,0.2695711553096771,0.2563096284866333,0.02,0.4942895,0.0,0.2908375859260559,0.9999966025352478,0.018887300044298172,0.31226846575737,0.04560341686010361,0.26868361234664917,0.28890010714530945,0.28960147500038147,0.2908375859260559,0.2908375859260559,0.2414337694644928,0.04450220614671707,0.10339536517858505,0.023930584922911495,1047708.0,89,nan,-1.0,True,,False,0.1682286262512207,0.0,0.1682286262512207,15.0,15.0,1.0,0.0,0.0,0.0,1.0,0.0
91,1048654.25,123.22994995117188,0.0,0.2931932508945465,5241.921875,5241.921875,5241.921875,0.291635125875473,0.291635125875473,0.27832067012786865,0.27832067012786865,0.291635125875473,0.27832067012786865,0.291635125875473,0.27832067012786865,0.2686351239681244,0.25532066822052,0.020000000000000004,0.4941660355,0.0,0.2898999750614166,0.9999968409538269,0.018836498260498047,0.28941383957862854,0.045458950102329254,0.2686835527420044,0.28795698285102844,0.2886457145214081,0.2898999750614166,0.2898999750614166,0.24116337299346924,0.04558146372437477,0.10064398497343063,0.02396067303036236,1047708.0,89,nan,-1.0,True,,False,0.16776636242866516,0.0,0.16776636242866516,15.0,15.0,1.0,0.0,0.0,0.0,1.0,0.0
92,1048977.625,122.35042572021484,0.0,0.29102256894111633,5243.548828125,5243.548828125,5243.548828125,0.2907251715660095,0.2907251715660095,0.2774078845977783,0.2774078845977783,0.2907251715660095,0.2774078845977783,0.2907251715660095,0.2774078845977783,0.2677251696586609,0.2544078826904297,0.02,0.494041344,0.0,0.2889885902404785,0.9999968409538269,0.01880457065999508,0.28938499093055725,0.045389916747808456,0.2686835825443268,0.28706109523773193,0.28773874044418335,0.2889885902404785,0.2889885902404785,0.24102431535720825,0.046656571328639984,0.0980372205376625,0.05210807406466403,1047708.0,89,nan,-1.0,True,,False,0.16733188927173615,0.0,0.16733188927173615,15.0,15.0,1.0,0.0,0.0,0.0,1.0,0.0
93,1048977.875,121.51537322998047,0.0,0.28909215331077576,5243.55908203125,5243.55908203125,5243.55908203125,0.28981322050094604,0.28981322050094604,0.276538223028183,0.276538223028183,0.28981322050094604,0.276538223028183,0.28981322050094604,0.276538223028183,0.2668132185935974,0.25353822112083435,0.020000000000000004,0.49391542850000003,0.0,0.2880744934082031,0.9999969601631165,0.018783602863550186,0.2639281749725342,0.04541748762130737,0.26868361234664917,0.286172479391098,0.2868382930755615,0.2880744934082031,0.2880744934082031,0.24093055725097656,0.04773619398474693,0.09556220471858978,0.05277525299364546,1047708.0,89,nan,-1.0,True,,False,0.1668989509344101,0.0,0.1668989509344101,15.0,15.0,1.0,0.0,0.0,0.0,1.0,0.0
94,1048977.5,120.57362365722656,0.0,0.28734150528907776,5243.56640625,5243.56640625,5243.56640625,0.2888787090778351,0.2888787090778351,0.2755538523197174,0.2755538523197174,0.2888787090778351,0.2755538523197174,0.2888787090778351,0.2755538523197174,0.26587870717048645,0.2525538504123688,0.02,0.49378829199999996,0.0,0.2871381342411041,0.9999967217445374,0.01874907687306404,0.3061695992946625,0.04525485634803772,0.26868361234664917,0.2852623164653778,0.28591683506965637,0.2871381342411041,0.2871381342411041,0.2409558743238449,0.048811983317136765,0.09322699159383774,0.05526989125226262,1047708.0,89,nan,-1.0,True,,False,0.1664666384458542,0.0,0.1664666384458542,15.0,15.0,1.0,0.0,0.0,0.0,1.0,0.0
95,1048975.75,120.1655044555664,0.0,0.28559738397598267,5243.56396484375,5243.56396484375,5243.56396484375,0.2884320914745331,0.2884320914745331,0.27512606978416443,0.27512606978416443,0.2884320914745331,0.27512606978416443,0.2884320914745331,0.27512606978416443,0.26543208956718445,0.2521260678768158,0.020000000000000004,0.49365993750000003,0.0,0.28669172525405884,0.9999966025352478,0.018733149394392967,0.3106115460395813,0.04527101293206215,0.26868361234664917,0.28481778502464294,0.28546807169914246,0.28669172525405884,0.28669172525405884,0.24135085940361023,0.04988368600606918,0.09104636311531067,0.05677366342408479,1047708.0,89,nan,-1.0,True,,False,0.16632051765918732,0.0,0.16632051765918732,15.0,15.0,1.0,0.0,0.0,0.0,1.0,0.0
96,1048973.0,121.38147735595703,0.0,0.28382647037506104,5243.548828125,5243.548828125,5243.548828125,0.2896479368209839,0.2896479368209839,0.27639850974082947,0.27639850974082947,0.2896479368209839,0.27639850974082947,0.2896479368209839,0.27639850974082947,0.26664793491363525,0.25339850783348083,0.02,0.493530368,0.0,0.28791919350624084,0.999997079372406,0.018766093999147415,0.297323614358902,0.045321717858314514,0.26868346333503723,0.28604915738105774,0.2867225408554077,0.28791916370391846,0.28791916370391846,0.24297019839286804,0.050958581268787384,0.08902624249458313,0.056676835481387876,1047708.0,89,nan,-1.0,True,,False,0.16720131039619446,0.0,0.16720131039619446,15.0,15.0,1.0,0.0,0.0,0.0,1.0,0.0
97,1048364.1875,122.61848449707031,0.0,0.2821460962295532,5240.50244140625,5240.50244140625,5240.50244140625,0.29087185859680176,0.29087185859680176,0.2776864469051361,0.2776864469051361,0.29087185859680176,0.2776864469051361,0.29087185859680176,0.2776864469051361,0.2678718566894531,0.2546864449977875,0.020000000000000004,0.4933995865,0.0,0.289152592420578,0.999997079372406,0.018751341849565506,0.2851867377758026,0.045336607843637466,0.2686835825443268,0.2872907221317291,0.28798726201057434,0.289152592420578,0.289152592420578,0.24472390115261078,0.052032556384801865,0.08718126267194748,0.008025753421760682,1047708.0,89,nan,-1.0,True,,False,0.1680891215801239,0.0,0.1680891215801239,15.0,15.0,1.0,0.0,0.0,0.0,1.0,0.0
98,1041474.5,123.93995666503906,0.0,0.2809019088745117,5206.05078125,5206.05078125,5206.05078125,0.29218509793281555,0.29218509793281555,0.2790551483631134,0.2790551483631134,0.29218509793281555,0.2790551483631134,0.29218509793281555,0.2790551483631134,0.2691850960254669,0.25605514645576477,0.02,0.49326759600000003,0.0,0.29047560691833496,0.9999971985816956,0.018749820068478584,0.2804374098777771,0.04533926025032997,0.26868361234664917,0.2886204123497009,0.2893434464931488,0.29047560691833496,0.29047560691833496,0.24657291173934937,0.05311725288629532,0.08551491051912308,0.008440896461252123,1041474.5,98,nan,-1.0,True,,False,0.16904054582118988,0.0,0.16904054582118988,15.0,15.0,1.0,0.0,0.0,0.0,1.0,0.0
99,1023223.25,125.38777160644531,0.0,0.2797830104827881,5114.7900390625,5114.7900390625,5114.7900390625,0.2936027944087982,0.2936027944087982,0.2805463671684265,0.2805463671684265,0.2936027944087982,0.2805463671684265,0.2936027944087982,0.2805463671684265,0.2706027925014496,0.2575463652610779,0.020000000000000004,0.4931343995,0.0,0.2919026017189026,0.9999974370002747,0.01878262870013714,0.25920623540878296,0.04538346081972122,0.26868361234664917,0.29006895422935486,0.29082080721855164,0.2919026017189026,0.2919026017189026,0.24858570098876953,0.05421248450875282,0.08403409272432327,0.00901047453387744,1023223.25,99,nan,-1.0,True,,False,0.17005088925361633,0.0,0.17005088925361633,15.0,15.0,1.0,0.0,0.0,0.0,1.0,0.0
100,1003412.0,126.94449615478516,0.0,0.27876436710357666,5015.728515625,5015.728515625,5015.728515625,0.2951579988002777,0.2951579988002777,0.28214019536972046,0.28214019536972046,0.2951579988002777,0.28214019536972046,0.2951579988002777,0.28214019536972046,0.2721579968929291,0.2591401934623718,0.02,0.493,0.0,0.2934655249118805,0.9999974370002747,0.018791725859045982,0.2974367141723633,0.04535578936338425,0.26868361234664917,0.29165947437286377,0.292442262172699,0.2934655249118805,0.2934655249118805,0.2507399618625641,0.05531617999076843,0.08275487273931503,0.009950633923937049,1003412.0,100,nan,-1.0,True,,False,0.17111900448799133,0.0,0.17111900448799133,15.0,15.0,1.0,0.0,0.0,0.0,1.0,0.0
101,959381.4375,128.65908813476562,0.0,0.2778381109237671,4795.5693359375,4795.5693359375,4795.5693359375,0.2969159781932831,0.2969159781932831,0.2838843762874603,0.2838843762874603,0.2969159781932831,0.2838843762874603,0.2969159781932831,0.2838843762874603,0.27391597628593445,0.2608843743801117,0.020000000000000004,0.49286440049999997,0.0,0.2952294647693634,0.9999974370002747,0.018797801807522774,0.2529654800891876,0.04527118429541588,0.26868361234664917,0.29339197278022766,0.2942091226577759,0.2952294647693634,0.2952294647693634,0.253187894821167,0.05642479658126831,0.08168606460094452,0.007484965556715097,959381.4375,101,nan,-1.0,True,,False,0.1722448170185089,0.0,0.1722448170185089,15.0,15.0,1.0,0.0,0.0,0.0,1.0,0.0
102,935654.8125,129.60440063476562,0.0,0.2769237756729126,4676.93359375,4676.93359375,4676.93359375,0.2977975606918335,0.2977975606918335,0.28484103083610535,0.28484103083610535,0.2977975606918335,0.28484103083610535,0.2977975606918335,0.28484103083610535,0.27479755878448486,0.2618410289287567,0.02,0.49272760400000004,0.0,0.29611456394195557,0.9999974370002747,0.01882207579910755,0.25648021697998047,0.0453636460006237,0.26868361234664917,0.29433679580688477,0.2951717972755432,0.29611456394195557,0.29611456394195557,0.25514423847198486,0.057547952979803085,0.08083329349756241,0.017040352414672572,935654.8125,102,nan,-1.0,True,,False,0.1728474646806717,0.0,0.1728474646806717,15.0,15.0,1.0,0.0,0.0,0.0,1.0,0.0
103,933169.9375,129.74327087402344,0.0,0.27609312534332275,4664.5107421875,4664.5107421875,4664.5107421875,0.2979503870010376,0.2979503870010376,0.28498128056526184,0.28498128056526184,0.2979503870010376,0.28498128056526184,0.2979503870010376,0.28498128056526184,0.27495038509368896,0.2619812786579132,0.02,0.49258961349999997,0.0,0.2962665855884552,0.999997615814209,0.018801316618919373,0.25005459785461426,0.04536056891083717,0.26868361234664917,0.2944899797439575,0.29532620310783386,0.2962665855884552,0.2962665855884552,0.25652050971984863,0.05868921056389809,0.08020523190498352,0.01636929793231603,933169.9375,103,nan,-1.0,True,,False,0.1729012280702591,0.0,0.1729012280702591,15.0,15.0,1.0,0.0,0.0,0.0,1.0,0.0
104,929331.8125,129.9633026123047,0.0,0.2753455638885498,4645.32080078125,4645.32080078125,4645.32080078125,0.2981700003147125,0.2981700003147125,0.28520333766937256,0.28520333766937256,0.2981700003147125,0.28520333766937256,0.2981700003147125,0.28520333766937256,0.2751699984073639,0.2622033357620239,0.02,0.492450432,0.0,0.296485036611557,0.9999977350234985,0.018824364989995956,0.28714773058891296,0.045390572398900986,0.26868361234664917,0.29472461342811584,0.2955637276172638,0.296485036611557,0.296485036611557,0.25800856947898865,0.05983652174472809,0.07981119304895401,0.0157385338550537,929331.8125,104,nan,-1.0,True,,False,0.17299817502498627,0.0,0.17299817502498627,15.0,15.0,1.0,0.0,0.0,0.0,1.0,0.0
105,930755.4375,130.0909881591797,0.0,0.27472999691963196,4652.43994140625,4652.43994140625,4652.43994140625,0.29831066727638245,0.29831066727638245,0.2853321135044098,0.2853321135044098,0.29831066727638245,0.2853321135044098,0.29831066727638245,0.2853321135044098,0.2753106653690338,0.26233211159706116,0.02,0.49231006250000003,0.0,0.296622633934021,0.9999977350234985,0.01881673000752926,0.26707202196121216,0.045355431735515594,0.26868361234664917,0.29479897022247314,0.29563605785369873,0.296622633934021,0.296622633934021,0.25922101736068726,0.0609898678958416,0.07965857535600662,0.007887542852485139,929331.8125,104,nan,-1.0,True,,False,0.17295297980308533,0.0,0.17295297980308533,15.0,15.0,1.0,0.0,0.0,0.0,1.0,0.0
106,939228.6875,129.77053833007812,0.0,0.274278849363327,4694.80859375,4694.80859375,4694.80859375,0.29802441596984863,0.29802441596984863,0.28500881791114807,0.28500881791114807,0.29802441596984863,0.28500881791114807,0.29802441596984863,0.28500881791114807,0.2750244140625,0.26200881600379944,0.02,0.492168508,0.0,0.2963348627090454,0.9999977350234985,0.018831081688404083,0.24237094819545746,0.04531867802143097,0.2686835825443268,0.2945092022418976,0.2953396141529083,0.2963348627090454,0.2963348627090454,0.2601156532764435,0.06213805079460144,0.07899178564548492,0.008401211713337235,929331.8125,104,nan,-1.0,True,,False,0.17272740602493286,0.0,0.17272740602493286,15.0,15.0,1.0,0.0,0.0,0.0,1.0,0.0
107,946300.875,129.43637084960938,0.0,0.2740838825702667,4730.171875,4730.171875,4730.171875,0.29770389199256897,0.29770389199256897,0.28467124700546265,0.28467124700546265,0.29770389199256897,0.28467124700546265,0.29770389199256897,0.28467124700546265,0.27470389008522034,0.261671245098114,0.02,0.4920257715,0.0,0.2960140109062195,0.9999977350234985,0.018807876855134964,0.2982620596885681,0.04530518874526024,0.2686835825443268,0.2941613495349884,0.2949866056442261,0.2960140109062195,0.2960140109062195,0.2608413100242615,0.06328138709068298,0.07516538351774216,0.006946590111409832,929331.8125,104,nan,-1.0,True,,False,0.17254218459129333,0.0,0.17254218459129333,15.0,15.0,1.0,0.0,0.0,0.0,1.0,0.0
108,954049.125,128.68978881835938,0.0,0.2740797698497772,4768.9169921875,4768.9169921875,4768.9169921875,0.29693013429641724,0.29693013429641724,0.28391551971435547,0.28391551971435547,0.29693013429641724,0.28391551971435547,0.29693013429641724,0.28391551971435547,0.2739301323890686,0.26091551780700684,0.02,0.491881856,0.0,0.29524463415145874,0.9999978542327881,0.018809637054800987,0.27623140811920166,0.04534351825714111,0.2686835825443268,0.2934871315956116,0.29430636763572693,0.29524463415145874,0.29524463415145874,0.2612415850162506,0.06441952288150787,0.07159265875816345,0.02134298450416989,929331.8125,104,nan,-1.0,True,,False,0.17234203219413757,0.0,0.17234203219413757,15.0,15.0,1.0,0.0,0.0,0.0,1.0,0.0
109,964366.5625,128.0885467529297,0.0,0.27439233660697937,4820.50634765625,4820.50634765625,4820.50634765625,0.2963580787181854,0.2963580787181854,0.283305287361145,0.283305287361145,0.2963580787181854,0.283305287361145,0.2963580787181854,0.283305287361145,0.2733580768108368,0.2603052854537964,0.02,0.49173676450000003,0.0,0.29467320442199707,0.999997615814209,0.01877269707620144,0.2978016138076782,0.04523079842329025,0.2686835527420044,0.29286450147628784,0.29367607831954956,0.29467320442199707,0.29467320442199707,0.26168689131736755,0.06555578857660294,0.06835561990737915,0.022324698673199035,929331.8125,104,nan,-1.0,True,,False,0.17208848893642426,0.0,0.17208848893642426,15.0,15.0,1.0,0.0,0.0,0.0,1.0,0.0
110,973256.5625,127.64656066894531,0.0,0.2750798761844635,4864.95703125,4864.95703125,4864.95703125,0.29587921500205994,0.29587921500205994,0.2828557789325714,0.2828557789325714,0.29587921500205994,0.2828557789325714,0.29587921500205994,0.2828557789325714,0.2728792130947113,0.2598557770252228,0.02,0.49159050000000004,0.0,0.2941947877407074,0.9999977350234985,0.01875264383852482,0.2815164625644684,0.04525572061538696,0.2686835527420044,0.29240167140960693,0.2932071387767792,0.2941947877407074,0.2941947877407074,0.2624465525150299,0.06668911129236221,0.06550616025924683,0.022608632331765775,929331.8125,104,nan,-1.0,True,,False,0.17187504470348358,0.0,0.17187504470348358,15.0,15.0,1.0,0.0,0.0,0.0,1.0,0.0
111,980615.125,127.410400390625,0.0,0.27609166502952576,4901.74853515625,4901.74853515625,4901.74853515625,0.2956106662750244,0.2956106662750244,0.2826153039932251,0.2826153039932251,0.2956106662750244,0.2826153039932251,0.2956106662750244,0.2826153039932251,0.2726106643676758,0.25961530208587646,0.02,0.4914430655,0.0,0.29392561316490173,0.9999974966049194,0.018761778250336647,0.26800453662872314,0.04529336839914322,0.26868361234664917,0.2921513020992279,0.29295170307159424,0.29392561316490173,0.29392561316490173,0.26331812143325806,0.06781942397356033,0.06309688836336136,0.021795884166042216,929331.8125,104,nan,-1.0,True,,False,0.1717025488615036,0.0,0.1717025488615036,15.0,15.0,1.0,0.0,0.0,0.0,1.0,0.0
112,985988.0625,127.30912017822266,0.0,0.2774311602115631,4928.6103515625,4928.6103515625,4928.6103515625,0.2955743670463562,0.2955743670463562,0.2825120985507965,0.2825120985507965,0.2955743670463562,0.2825120985507965,0.2955743670463562,0.2825120985507965,0.27257436513900757,0.2595120966434479,0.02,0.491294464,0.0,0.2938871383666992,0.9999974370002747,0.018764909356832504,0.25485116243362427,0.04520333185791969,0.26868361234664917,0.29206565022468567,0.29286184906959534,0.2938871383666992,0.2938871383666992,0.26426875591278076,0.06894666701555252,0.06118098273873329,0.02288879307323239,929331.8125,104,nan,-1.0,True,,False,0.17157204449176788,0.0,0.17157204449176788,15.0,15.0,1.0,0.0,0.0,0.0,1.0,0.0
113,989143.0,127.42951965332031,0.0,0.2791214883327484,4944.3798828125,4944.3798828125,4944.3798828125,0.295707106590271,0.295707106590271,0.28263476490974426,0.28263476490974426,0.295707106590271,0.28263476490974426,0.295707106590271,0.28263476490974426,0.27270710468292236,0.25963476300239563,0.02,0.49114469850000003,0.0,0.29401588439941406,0.9999974966049194,0.018761873245239258,0.28601306676864624,0.04523404315114021,0.26868361234664917,0.2921765148639679,0.2929704785346985,0.29401588439941406,0.29401588439941406,0.2654050290584564,0.0700710192322731,0.059807777404785156,0.022792655964925263,929331.8125,104,nan,-1.0,True,,False,0.17148514091968536,0.0,0.17148514091968536,15.0,15.0,1.0,0.0,0.0,0.0,1.0,0.0
114,979397.25,128.20716857910156,0.0,0.28116440773010254,4895.64208984375,4895.64208984375,4895.64208984375,0.2964511811733246,0.2964511811733246,0.28342580795288086,0.28342580795288086,0.2964511811733246,0.28342580795288086,0.2964511811733246,0.28342580795288086,0.27345117926597595,0.2604258060455322,0.02,0.490993772,0.0,0.29475653171539307,0.9999977350234985,0.01880698837339878,0.31328296661376953,0.04535283148288727,0.2686835825443268,0.2929506003856659,0.2937507629394531,0.29475653171539307,0.29475653171539307,0.26689741015434265,0.0711924284696579,0.059009019285440445,0.00726899818982929,929331.8125,104,nan,-1.0,True,,False,0.17172612249851227,0.0,0.17172612249851227,15.0,15.0,1.0,0.0,0.0,0.0,1.0,0.0
115,981424.6875,128.7167205810547,0.0,0.28356873989105225,4905.77099609375,4905.77099609375,4905.77099609375,0.29697027802467346,0.29697027802467346,0.2839427888393402,0.2839427888393402,0.29697027802467346,0.2839427888393402,0.29697027802467346,0.2839427888393402,0.27397027611732483,0.2609427869319916,0.02,0.4908416875,0.0,0.29526859521865845,0.999997615814209,0.0188455730676651,0.29493027925491333,0.04546085745096207,0.2686835825443268,0.2934463620185852,0.2942451536655426,0.29526859521865845,0.29526859521865845,0.2681543231010437,0.07230676710605621,0.05877180024981499,0.007481638064038836,929331.8125,104,nan,-1.0,True,,False,0.1716758757829666,0.0,0.1716758757829666,15.0,15.0,1.0,0.0,0.0,0.0,1.0,0.0
116,981966.375,129.27720642089844,0.0,0.2862650454044342,4908.4697265625,4908.4697265625,4908.4697265625,0.29758328199386597,0.29758328199386597,0.2845103144645691,0.2845103144645691,0.29758328199386597,0.2845103144645691,0.29758328199386597,0.2845103144645691,0.27458328008651733,0.26151031255722046,0.02,0.490688448,0.0,0.29587453603744507,0.9999974966049194,0.01884857565164566,0.2861701250076294,0.04541472718119621,0.26868361234664917,0.2939944565296173,0.2947928309440613,0.29587453603744507,0.29587453603744507,0.2694694399833679,0.07341054081916809,0.0590992234647274,0.008834293668365313,929331.8125,104,nan,-1.0,True,,False,0.1716664731502533,0.0,0.1716664731502533,15.0,15.0,1.0,0.0,0.0,0.0,1.0,0.0
117,980688.875,129.4769744873047,0.0,0.28908807039260864,4902.07421875,4902.07421875,4902.07421875,0.2977692782878876,0.2977692782878876,0.2847122848033905,0.2847122848033905,0.2977692782878876,0.2847122848033905,0.2977692782878876,0.2847122848033905,0.27476927638053894,0.26171228289604187,0.02,0.49053405650000004,0.0,0.2960589528083801,0.999997615814209,0.01884583942592144,0.2777698040008545,0.04546944424510002,0.2686835527420044,0.2941758334636688,0.294974148273468,0.2960589528083801,0.2960589528083801,0.27033358812332153,0.07450243830680847,0.05952214449644089,0.008818935334501374,929331.8125,104,nan,-1.0,True,,False,0.1716972291469574,0.0,0.1716972291469574,15.0,15.0,1.0,0.0,0.0,0.0,1.0,0.0
118,978251.125,129.66543579101562,0.0,0.2922300398349762,4889.876953125,4889.876953125,4889.876953125,0.2979661226272583,0.2979661226272583,0.2849026918411255,0.2849026918411255,0.2979661226272583,0.2849026918411255,0.2979661226272583,0.2849026918411255,0.27496612071990967,0.26190268993377686,0.02,0.490378516,0.0,0.29625463485717773,0.999997615814209,0.01883474551141262,0.29807695746421814,0.04540185630321503,0.2686835527420044,0.2943529784679413,0.29515284299850464,0.29625463485717773,0.29625463485717773,0.2709592282772064,0.07558675110340118,0.05614941194653511,0.00904112778759251,929331.8125,104,nan,-1.0,True,,False,0.1717684119939804,0.0,0.1717684119939804,15.0,15.0,1.0,0.0,0.0,0.0,1.0,0.0
119,972890.75,130.0706024169922,0.0,0.29560890793800354,4863.064453125,4863.064453125,4863.064453125,0.29836803674697876,0.29836803674697876,0.2853115499019623,0.2853115499019623,0.29836803674697876,0.2853115499019623,0.29836803674697876,0.2853115499019623,0.2753680348396301,0.26231154799461365,0.02,0.49022182950000004,0.0,0.2966538965702057,0.9999977350234985,0.018846437335014343,0.31677889823913574,0.04545404389500618,0.26868361234664917,0.2947361469268799,0.2955387234687805,0.2966538965702057,0.2966538965702057,0.2716296315193176,0.07666392624378204,0.05290398746728897,0.00791302886662177,929331.8125,104,nan,-1.0,True,,False,0.17188194394111633,0.0,0.17188194394111633,15.0,15.0,1.0,0.0,0.0,0.0,1.0,0.0
120,997253.0,129.39724731445312,0.0,0.2992151975631714,4984.8701171875,4984.8701171875,4984.8701171875,0.29770296812057495,0.29770296812057495,0.2846316993236542,0.2846316993236542,0.29770296812057495,0.2846316993236542,0.29770296812057495,0.2846316993236542,0.2747029662132263,0.26163169741630554,0.02,0.490064,0.0,0.2959834933280945,0.9999977350234985,0.018866362050175667,0.28910326957702637,0.04550402984023094,0.2686835825443268,0.2940748929977417,0.2948610186576843,0.2959834933280945,0.2959834933280945,0.2713814675807953,0.07773607969284058,0.04980483651161194,0.037859624900091954,929331.8125,104,nan,-1.0,True,,False,0.17127679288387299,0.0,0.17127679288387299,15.0,15.0,1.0,0.0,0.0,0.0,1.0,0.0
121,996853.0625,130.02264404296875,0.0,0.3030736446380615,4982.857421875,4982.857421875,4982.857421875,0.2983258068561554,0.2983258068561554,0.28526318073272705,0.28526318073272705,0.2983258068561554,0.28526318073272705,0.2983258068561554,0.28526318073272705,0.27532580494880676,0.2622631788253784,0.02,0.4899050305,0.0,0.2965988516807556,0.9999973177909851,0.018884669989347458,0.2977636456489563,0.045517127960920334,0.2686835825443268,0.2946631908416748,0.2954496443271637,0.2965988516807556,0.2965988516807556,0.27193450927734375,0.07879987359046936,0.04686880484223366,0.03825522660594692,929331.8125,104,nan,-1.0,True,,False,0.17129197716712952,0.0,0.17129197716712952,15.0,15.0,1.0,0.0,0.0,0.0,1.0,0.0
122,995924.5,130.67552185058594,0.0,0.3071458339691162,4978.201171875,4978.201171875,4978.201171875,0.29905813932418823,0.29905813932418823,0.28592079877853394,0.28592079877853394,0.29905813932418823,0.28592079877853394,0.29905813932418823,0.28592079877853394,0.2760581374168396,0.2629207968711853,0.02,0.48974492399999997,0.0,0.2973232567310333,0.9999969601631165,0.018916569650173187,0.3224061131477356,0.045546237379312515,0.26868361234664917,0.2952396273612976,0.2960270941257477,0.2973232567310333,0.2973232567310333,0.2725341022014618,0.07984897494316101,0.04412420094013214,0.03944570918651556,929331.8125,104,nan,-1.0,True,,False,0.1713070124387741,0.0,0.1713070124387741,15.0,15.0,1.0,0.0,0.0,0.0,1.0,0.0
123,995101.875,131.25015258789062,0.0,0.3115534484386444,4974.07421875,4974.07421875,4974.07421875,0.2998144030570984,0.2998144030570984,0.2864982485771179,0.2864982485771179,0.2998144030570984,0.2864982485771179,0.2998144030570984,0.2864982485771179,0.27681440114974976,0.2634982466697693,0.02,0.48958368350000003,0.0,0.29807135462760925,0.999997079372406,0.019053205847740173,0.32962024211883545,0.045774463564157486,0.2686835825443268,0.29581233859062195,0.2965999245643616,0.29807135462760925,0.29807135462760925,0.27314290404319763,0.08092866092920303,0.04160219803452492,0.03968830873620593,929331.8125,104,nan,-1.0,True,,False,0.171338751912117,0.0,0.171338751912117,15.0,15.0,1.0,0.0,0.0,0.0,1.0,0.0
124,996078.5625,130.76150512695312,0.0,0.31631413102149963,4978.9482421875,4978.9482421875,4978.9482421875,0.29932206869125366,0.29932206869125366,0.286007285118103,0.286007285118103,0.29932206869125366,0.286007285118103,0.29932206869125366,0.286007285118103,0.27632206678390503,0.2630072832107544,0.02,0.489421312,0.0,0.2975838780403137,0.9999971985816956,0.019093181937932968,0.2635934054851532,0.04606180638074875,0.2686835825443268,0.295797199010849,0.2965846061706543,0.2975838780403137,0.2975838780403137,0.27378320693969727,0.08201280236244202,0.03934242203831673,0.006811410010818185,929331.8125,104,nan,-1.0,True,,False,0.1713203340768814,0.0,0.1713203340768814,15.0,15.0,1.0,0.0,0.0,0.0,1.0,0.0
125,1003172.125,130.39752197265625,0.0,0.32095226645469666,5014.40625,5014.40625,5014.40625,0.29900407791137695,0.29900407791137695,0.28564098477363586,0.28564098477363586,0.29900407791137695,0.28564098477363586,0.29900407791137695,0.28564098477363586,0.2760040760040283,0.26264098286628723,0.02,0.4892578125,0.0,0.29726436734199524,0.9999971985816956,0.01907401531934738,0.2528729736804962,0.04598477855324745,0.26868361234664917,0.29545214772224426,0.29623326659202576,0.29726436734199524,0.29726436734199524,0.2742224335670471,0.0830751284956932,0.03732040897011757,0.0068664535614920575,929331.8125,104,nan,-1.0,True,,False,0.17111364006996155,0.0,0.17111364006996155,15.0,15.0,1.0,0.0,0.0,0.0,1.0,0.0
126,1005791.3125,130.16220092773438,0.0,0.32507413625717163,5027.4931640625,5027.4931640625,5027.4931640625,0.29874953627586365,0.29874953627586365,0.28540390729904175,0.28540390729904175,0.29874953627586365,0.28540390729904175,0.29874953627586365,0.28540390729904175,0.275749534368515,0.2624039053916931,0.02,0.489093188,0.0,0.29700905084609985,0.9999973177909851,0.01907346397638321,0.2642427384853363,0.04606111720204353,0.2686835527420044,0.29520171880722046,0.29597845673561096,0.29700902104377747,0.29700902104377747,0.274431437253952,0.08410529047250748,0.03539417311549187,0.007416578808463075,929331.8125,104,nan,-1.0,True,,False,0.17095305025577545,0.0,0.17095305025577545,15.0,15.0,1.0,0.0,0.0,0.0,1.0,0.0
127,1007769.25,130.07785034179688,0.0,0.32945138216018677,5037.3720703125,5037.3720703125,5037.3720703125,0.29861146211624146,0.29861146211624146,0.28531885147094727,0.28531885147094727,0.29861146211624146,0.28531885147094727,0.29861146211624146,0.28531885147094727,0.2756114602088928,0.26231884956359863,0.02,0.4889274415,0.0,0.29686999320983887,0.9999971985816956,0.019096586853265762,0.26765504479408264,0.046201713383197784,0.26868361234664917,0.29511839151382446,0.29589220881462097,0.29686999320983887,0.29686999320983887,0.27450090646743774,0.08512751013040543,0.03357559069991112,0.006869134806846786,929331.8125,104,nan,-1.0,True,,False,0.1708395928144455,0.0,0.1708395928144455,15.0,15.0,1.0,0.0,0.0,0.0,1.0,0.0
128,1009418.375,130.17005920410156,0.0,0.33377155661582947,5045.6064453125,5045.6064453125,5045.6064453125,0.29873132705688477,0.29873132705688477,0.2854118049144745,0.2854118049144745,0.29873132705688477,0.2854118049144745,0.29873132705688477,0.2854118049144745,0.27573132514953613,0.26241180300712585,0.02,0.488760576,0.0,0.2969872057437897,0.9999973177909851,0.019092295318841934,0.2540898025035858,0.046194642782211304,0.2686835527420044,0.295219361782074,0.2959911823272705,0.2969872057437897,0.2969872057437897,0.27459609508514404,0.08614574372768402,0.03185657784342766,0.007676081023722266,929331.8125,104,nan,-1.0,True,,False,0.170774444937706,0.0,0.170774444937706,15.0,15.0,1.0,0.0,0.0,0.0,1.0,0.0
129,1009577.8125,130.40643310546875,0.0,0.33825215697288513,5046.39111328125,5046.39111328125,5046.39111328125,0.2989601790904999,0.2989601790904999,0.28564995527267456,0.28564995527267456,0.2989601790904999,0.28564995527267456,0.2989601790904999,0.28564995527267456,0.27596017718315125,0.2626499533653259,0.02,0.48859259450000003,0.0,0.2972133457660675,0.9999974370002747,0.01910661906003952,0.26867949962615967,0.046238433569669724,0.2686835527420044,0.2954336702823639,0.29620489478111267,0.2972133457660675,0.2972133457660675,0.2748725116252899,0.08715590089559555,0.030229579657316208,0.00782683669240214,929331.8125,104,nan,-1.0,True,,False,0.17075857520103455,0.0,0.17075857520103455,15.0,15.0,1.0,0.0,0.0,0.0,1.0,0.0
130,1005731.0,131.0509796142578,0.0,0.3430168330669403,5027.14208984375,5027.14208984375,5027.14208984375,0.29959937930107117,0.29959937930107117,0.2862982451915741,0.2862982451915741,0.29959937930107117,0.2862982451915741,0.29959937930107117,0.2862982451915741,0.27659937739372253,0.26329824328422546,0.02,0.4884235,0.0,0.29785066843032837,0.9999974370002747,0.019141558557748795,0.2499738335609436,0.0462435744702816,0.26868361234664917,0.29607445001602173,0.296852171421051,0.29785066843032837,0.29785066843032837,0.2755347788333893,0.08815878629684448,0.028688406571745872,0.015270479472949065,929331.8125,104,nan,-1.0,True,,False,0.1709655225276947,0.0,0.1709655225276947,15.0,15.0,1.0,0.0,0.0,0.0,1.0,0.0
131,990225.75,132.37095642089844,0.0,0.3477599620819092,4949.59765625,4949.59765625,4949.59765625,0.30088600516319275,0.30088600516319275,0.2876209318637848,0.2876209318637848,0.30088600516319275,0.2876209318637848,0.30088600516319275,0.2876209318637848,0.2778860032558441,0.26462092995643616,0.02,0.48825329549999996,0.0,0.29913416504859924,0.999997615814209,0.019137196242809296,0.292691707611084,0.04624065384268761,0.2686835825443268,0.2972458600997925,0.298038512468338,0.29913416504859924,0.29913416504859924,0.2765919268131256,0.08916104584932327,0.02716832049190998,0.017280792723694403,929331.8125,104,nan,-1.0,True,,False,0.1714576631784439,0.0,0.1714576631784439,15.0,15.0,1.0,0.0,0.0,0.0,1.0,0.0
132,969683.125,133.6982421875,0.0,0.35273757576942444,4846.865234375,4846.865234375,4846.865234375,0.30219119787216187,0.30219119787216187,0.2889443039894104,0.2889443039894104,0.30219119787216187,0.2889443039894104,0.30219119787216187,0.2889443039894104,0.27919119596481323,0.26594430208206177,0.02,0.48808198399999997,0.0,0.30043599009513855,0.9999974966049194,0.01913689821958542,0.31041431427001953,0.046180807054042816,0.26868361234664917,0.29851508140563965,0.29932311177253723,0.30043599009513855,0.30043599009513855,0.27739661931991577,0.09016308933496475,0.02568233385682106,0.01774717676259267,929331.8125,104,nan,-1.0,True,,False,0.17196445167064667,0.0,0.17196445167064667,15.0,15.0,1.0,0.0,0.0,0.0,1.0,0.0
133,959140.1875,134.32594299316406,0.0,0.35803037881851196,4794.13427734375,4794.13427734375,4794.13427734375,0.30280789732933044,0.30280789732933044,0.28956785798072815,0.28956785798072815,0.30280789732933044,0.28956785798072815,0.30280789732933044,0.28956785798072815,0.2798078954219818,0.2665678560733795,0.02,0.4879095685,0.0,0.30105116963386536,0.9999974370002747,0.01913367584347725,0.3159515857696533,0.04611639305949211,0.2686835527420044,0.29907384514808655,0.29988986253738403,0.30105116963386536,0.30105116963386536,0.2778608202934265,0.09116548299789429,0.024249425157904625,0.00674548725106029,929331.8125,104,nan,-1.0,True,,False,0.17222009599208832,0.0,0.17222009599208832,15.0,15.0,1.0,0.0,0.0,0.0,1.0,0.0
134,956171.0,133.96620178222656,0.0,0.36271777749061584,4779.2783203125,4779.2783203125,4779.2783203125,0.3023175001144409,0.3023175001144409,0.2892106771469116,0.2892106771469116,0.3023175001144409,0.2892106771469116,0.3023175001144409,0.2892106771469116,0.2793174982070923,0.266210675239563,0.02,0.48773605200000003,0.0,0.3005675673484802,0.9999974370002747,0.019119996577501297,0.3059496581554413,0.04621872678399086,0.26868361234664917,0.29870402812957764,0.29952219128608704,0.3005675673484802,0.3005675673484802,0.2774712145328522,0.09216400980949402,0.022933049127459526,0.009108735012382062,929331.8125,104,nan,-1.0,True,,False,0.17228850722312927,0.0,0.17228850722312927,15.0,15.0,1.0,0.0,0.0,0.0,1.0,0.0
135,951235.125,133.6911163330078,0.0,0.3688804507255554,4754.5849609375,4754.5849609375,4754.5849609375,0.30207860469818115,0.30207860469818115,0.28893721103668213,0.28893721103668213,0.30207860469818115,0.28893721103668213,0.30207860469818115,0.28893721103668213,0.2790786027908325,0.2659372091293335,0.02,0.48756143750000003,0.0,0.3003338575363159,0.9999974370002747,0.019036397337913513,0.312280535697937,0.04593290761113167,0.2686835527420044,0.2983892858028412,0.29921072721481323,0.3003338575363159,0.3003338575363159,0.2772082984447479,0.09315817058086395,0.0217543076723814,0.008141491626803245,929331.8125,104,nan,-1.0,True,,False,0.17241352796554565,0.0,0.17241352796554565,15.0,15.0,1.0,0.0,0.0,0.0,1.0,0.0
136,944123.8125,133.4990997314453,0.0,0.3739554286003113,4719.0166015625,4719.0166015625,4719.0166015625,0.3017147183418274,0.3017147183418274,0.288746178150177,0.288746178150177,0.3017147183418274,0.288746178150177,0.3017147183418274,0.288746178150177,0.27871471643447876,0.26574617624282837,0.02,0.48738572799999996,0.0,0.2999781370162964,0.9999974370002747,0.01904134266078472,0.28852003812789917,0.04606569930911064,0.2686835527420044,0.2981920838356018,0.29901930689811707,0.2999781370162964,0.2999781370162964,0.27660033106803894,0.09414806962013245,0.020737772807478905,0.039329816808781795,929331.8125,104,nan,-1.0,True,,False,0.17259471118450165,0.0,0.17259471118450165,15.0,15.0,1.0,0.0,0.0,0.0,1.0,0.0
137,938937.25,133.31190490722656,0.0,0.37996459007263184,4693.06982421875,4693.06982421875,4693.06982421875,0.30163055658340454,0.30163055658340454,0.28855979442596436,0.28855979442596436,0.30163055658340454,0.28855979442596436,0.30163055658340454,0.28855979442596436,0.2786305546760559,0.2655597925186157,0.02,0.48720892650000003,0.0,0.29989761114120483,0.9999974966049194,0.018945446237921715,0.3299832046031952,0.04565281793475151,0.26868361234664917,0.2978667616844177,0.2986975312232971,0.29989761114120483,0.29989761114120483,0.2762133479118347,0.09513332694768906,0.019909918308258057,0.03878355142983815,929331.8125,104,nan,-1.0,True,,False,0.172714501619339,0.0,0.172714501619339,15.0,15.0,1.0,0.0,0.0,0.0,1.0,0.0
138,932768.6875,132.8892822265625,0.0,0.3851867914199829,4662.2158203125,4662.2158203125,4662.2158203125,0.3010515868663788,0.3010515868663788,0.2881385087966919,0.2881385087966919,0.3010515868663788,0.2881385087966919,0.3010515868663788,0.2881385087966919,0.27805158495903015,0.26513850688934326,0.02,0.48703103600000003,0.0,0.2993282675743103,0.9999974966049194,0.018910596147179604,0.30321577191352844,0.0456189401447773,0.26868361234664917,0.29743003845214844,0.2982651889324188,0.2993282675743103,0.2993282675743103,0.2752436697483063,0.09609407186508179,0.01929830200970173,0.04067190420108899,929331.8125,104,nan,-1.0,True,,False,0.17285780608654022,0.0,0.17285780608654022,15.0,15.0,1.0,0.0,0.0,0.0,1.0,0.0
139,934008.875,132.14796447753906,0.0,0.38852301239967346,4668.412109375,4668.412109375,4668.412109375,0.3002575933933258,0.3002575933933258,0.28739795088768005,0.28739795088768005,0.3002575933933258,0.28739795088768005,0.3002575933933258,0.28739795088768005,0.2772575914859772,0.2643979489803314,0.02,0.4868520595,0.0,0.29854267835617065,0.9999974966049194,0.01874978095293045,0.26280802488327026,0.0451880544424057,0.2686835825443268,0.2964193522930145,0.29725348949432373,0.29854267835617065,0.29854267835617065,0.2715345323085785,0.09702818840742111,0.018444674089550972,0.016684967565298494,929331.8125,104,nan,-1.0,True,,False,0.17282897233963013,0.0,0.17282897233963013,15.0,15.0,1.0,0.0,0.0,0.0,1.0,0.0
140,937872.25,128.99029541015625,0.0,0.39508482813835144,4687.728515625,4687.728515625,4687.728515625,0.29688504338264465,0.29688504338264465,0.2842199504375458,0.2842199504375458,0.29688504338264465,0.2842199504375458,0.29688504338264465,0.2842199504375458,0.273885041475296,0.26121994853019714,0.02,0.486672,0.0,0.2952069044113159,0.999997615814209,0.018538620322942734,0.30691295862197876,0.04477410018444061,0.26868361234664917,0.2934229075908661,0.29425448179244995,0.2952069044113159,0.2952069044113159,0.27012205123901367,0.09794636070728302,0.0175245963037014,0.01697449744743709,929331.8125,104,nan,-1.0,True,,False,0.1727399230003357,0.0,0.1727399230003357,15.0,15.0,1.0,0.0,0.0,0.0,1.0,0.0
141,940007.1875,125.78185272216797,0.0,0.39761239290237427,4698.4130859375,4698.4130859375,4698.4130859375,0.293706476688385,0.293706476688385,0.28095078468322754,0.28095078468322754,0.293706476688385,0.28095078468322754,0.293706476688385,0.28095078468322754,0.2707064747810364,0.2579507827758789,0.019999999999999997,0.4864908605,0.0,0.2920636832714081,0.9999980926513672,0.018537884578108788,0.26034456491470337,0.04472079128026962,0.2686835527420044,0.29022863507270813,0.29105934500694275,0.2920636832714081,0.2920636832714081,0.26950550079345703,0.09886042773723602,0.01689682900905609,0.016779379333860964,929331.8125,104,nan,-1.0,True,,False,0.17268164455890656,0.0,0.17268164455890656,15.0,15.0,1.0,0.0,0.0,0.0,1.0,0.0
142,935008.1875,125.29962158203125,0.0,0.40612247586250305,4673.39892578125,4673.39892578125,4673.39892578125,0.2931993007659912,0.2931993007659912,0.2804558277130127,0.2804558277130127,0.2931993007659912,0.2804558277130127,0.2931993007659912,0.2804558277130127,0.2701992988586426,0.25745582580566406,0.019999999999999997,0.486308644,0.0,0.2915651500225067,0.9999983310699463,0.018539346754550934,0.30048614740371704,0.04468761384487152,0.26868361234664917,0.28981029987335205,0.2906443476676941,0.2915651500225067,0.2915651500225067,0.2690427899360657,0.09977071732282639,0.016584891825914383,0.00738093377246211,929331.8125,104,nan,-1.0,True,,False,0.17282435297966003,0.0,0.17282435297966003,15.0,15.0,1.0,0.0,0.0,0.0,1.0,0.0
143,922468.0,125.59957885742188,0.0,0.4087215065956116,4610.6904296875,4610.6904296875,4610.6904296875,0.2934993505477905,0.2934993505477905,0.28076380491256714,0.28076380491256714,0.2934993505477905,0.28076380491256714,0.2934993505477905,0.28076380491256714,0.2704993486404419,0.2577638030052185,0.019999999999999997,0.48612535349999997,0.0,0.29186826944351196,0.9999979734420776,0.018515856936573982,0.2633667588233948,0.04463990405201912,0.2686835825443268,0.29008516669273376,0.2909277081489563,0.29186826944351196,0.29186826944351196,0.268839955329895,0.10067765414714813,0.016624173149466515,0.007643214165000245,922468.0,143,nan,-1.0,True,,False,0.1731342226266861,0.0,0.1731342226266861,15.0,15.0,1.0,0.0,0.0,0.0,1.0,0.0
144,913449.25,125.7503890991211,0.0,0.4165191352367401,4565.576171875,4565.576171875,4565.576171875,0.29361212253570557,0.29361212253570557,0.28091850876808167,0.28091850876808167,0.29361212253570557,0.28091850876808167,0.29361212253570557,0.28091850876808167,0.27061212062835693,0.25791850686073303,0.019999999999999997,0.48594099199999996,0.0,0.2919849157333374,0.9999977350234985,0.018540648743510246,0.2806640863418579,0.04472319781780243,0.2686835825443268,0.2902872562408447,0.2911379337310791,0.2919849157333374,0.2919849157333374,0.2686607539653778,0.10156535357236862,0.01701171323657036,0.008350999395285422,913449.25,144,nan,-1.0,True,,False,0.1733734905719757,0.0,0.1733734905719757,15.0,15.0,1.0,0.0,0.0,0.0,1.0,0.0
145,904159.4375,126.03575134277344,0.0,0.4199671745300293,4519.1171875,4519.1171875,4519.1171875,0.29388272762298584,0.29388272762298584,0.2812109887599945,0.2812109887599945,0.29388272762298584,0.2812109887599945,0.29388272762298584,0.2812109887599945,0.2708827257156372,0.2582109868526459,0.019999999999999997,0.4857555625,0.0,0.2922573983669281,0.9999978542327881,0.01853088289499283,0.2897816002368927,0.04472829028964043,0.2686835825443268,0.2905789911746979,0.29143592715263367,0.2922573983669281,0.2922573983669281,0.26853930950164795,0.10244408249855042,0.017723487690091133,0.0108125926538681,904159.4375,145,nan,-1.0,True,,False,0.1736205518245697,0.0,0.1736205518245697,15.0,15.0,1.0,0.0,0.0,0.0,1.0,0.0
146,893125.375,126.41360473632812,0.0,0.42723244428634644,4463.9267578125,4463.9267578125,4463.9267578125,0.29429981112480164,0.29429981112480164,0.281597763299942,0.281597763299942,0.29429981112480164,0.281597763299942,0.29429981112480164,0.281597763299942,0.271299809217453,0.2585977613925934,0.019999999999999997,0.485569068,0.0,0.2926754951477051,0.9999980926513672,0.01851079799234867,0.27847620844841003,0.04463112726807594,0.2686835825443268,0.2908969521522522,0.29176241159439087,0.2926754951477051,0.2926754951477051,0.26844120025634766,0.10331493616104126,0.01872137002646923,0.011314251000941213,893125.375,146,nan,-1.0,True,,False,0.1738893836736679,0.0,0.1738893836736679,15.0,15.0,1.0,0.0,0.0,0.0,1.0,0.0
147,880610.5625,126.79795837402344,0.0,0.431207537651062,4401.3408203125,4401.3408203125,4401.3408203125,0.2946992814540863,0.2946992814540863,0.28199058771133423,0.28199058771133423,0.2946992814540863,0.28199058771133423,0.2946992814540863,0.28199058771133423,0.27169927954673767,0.2589905858039856,0.019999999999999997,0.4853815115,0.0,0.29307618737220764,0.9999980926513672,0.018502376973628998,0.29136955738067627,0.04460286721587181,0.2686835825443268,0.2912765443325043,0.2921503484249115,0.29307618737220764,0.29307618737220764,0.2682377099990845,0.10416211187839508,0.019961640238761902,0.01213537463465602,880610.5625,147,nan,-1.0,True,,False,0.1741815060377121,0.0,0.1741815060377121,15.0,15.0,1.0,0.0,0.0,0.0,1.0,0.0
148,872375.375,126.90267944335938,0.0,0.4375826418399811,4360.1484375,4360.1484375,4360.1484375,0.2947917580604553,0.2947917580604553,0.2820975184440613,0.2820975184440613,0.2947917580604553,0.2820975184440613,0.2947917580604553,0.2820975184440613,0.2717917561531067,0.25909751653671265,0.019999999999999997,0.48519289600000004,0.0,0.29317110776901245,0.9999980926513672,0.01852989010512829,0.2678394913673401,0.044613663107156754,0.2686835527420044,0.2914072275161743,0.29228708148002625,0.29317110776901245,0.29317110776901245,0.26766371726989746,0.10498892515897751,0.02140427939593792,0.040372013495976314,872375.375,148,nan,-1.0,True,,False,0.1743539422750473,0.0,0.1743539422750473,15.0,15.0,1.0,0.0,0.0,0.0,1.0,0.0
149,863499.5,127.11580657958984,0.0,0.44167399406433105,4315.7578125,4315.7578125,4315.7578125,0.294979065656662,0.294979065656662,0.2823149859905243,0.2823149859905243,0.294979065656662,0.2823149859905243,0.294979065656662,0.2823149859905243,0.27197906374931335,0.25931498408317566,0.019999999999999997,0.4850032245,0.0,0.29335999488830566,0.9999983310699463,0.018518684431910515,0.26792091131210327,0.04463458061218262,0.2686835527420044,0.29158246517181396,0.2924676239490509,0.29335999488830566,0.29335999488830566,0.267105370759964,0.10580494999885559,0.023005975410342216,0.03996385610500713,863499.5,149,nan,-1.0,True,,False,0.1745319813489914,0.0,0.1745319813489914,15.0,15.0,1.0,0.0,0.0,0.0,1.0,0.0
150,853843.0625,127.12884521484375,0.0,0.4471314549446106,4267.4619140625,4267.4619140625,4267.4619140625,0.29493844509124756,0.29493844509124756,0.2823282778263092,0.2823282778263092,0.29493844509124756,0.2823282778263092,0.29493844509124756,0.2823282778263092,0.2719384431838989,0.25932827591896057,0.019999999999999997,0.48481250000000004,0.0,0.29332396388053894,0.9999983310699463,0.01851930469274521,0.2907865345478058,0.044723495841026306,0.26868361234664917,0.29176318645477295,0.29265469312667847,0.29332396388053894,0.29332396388053894,0.2662453353404999,0.10661105811595917,0.024734793230891228,0.039915879866586894,853843.0625,150,nan,-1.0,True,,False,0.17473432421684265,0.0,0.17473432421684265,15.0,15.0,1.0,0.0,0.0,0.0,1.0,0.0
151,842271.375,127.37713623046875,0.0,0.4515152871608734,4209.59130859375,4209.59130859375,4209.59130859375,0.29517966508865356,0.29517966508865356,0.2825814187526703,0.2825814187526703,0.29517966508865356,0.2825814187526703,0.29517966508865356,0.2825814187526703,0.27217966318130493,0.25958141684532166,0.02,0.4846207255,0.0,0.29356732964515686,0.9999982118606567,0.018520928919315338,0.30503934621810913,0.04470977932214737,0.2686835825443268,0.292019784450531,0.29291850328445435,0.29356732964515686,0.29356732964515686,0.2655780613422394,0.10740816593170166,0.026565486565232277,0.04015598648078998,842271.375,151,nan,-1.0,True,,False,0.17496179044246674,0.0,0.17496179044246674,15.0,15.0,1.0,0.0,0.0,0.0,1.0,0.0
152,829561.6875,127.71485900878906,0.0,0.45678719878196716,4146.02783203125,4146.02783203125,4146.02783203125,0.2955540418624878,0.2955540418624878,0.2829253077507019,0.2829253077507019,0.2955540418624878,0.2829253077507019,0.2955540418624878,0.2829253077507019,0.27255403995513916,0.25992530584335327,0.02,0.48442790399999996,0.0,0.29394254088401794,0.9999983310699463,0.018508031964302063,0.25518471002578735,0.044623248279094696,0.2686835825443268,0.2923024892807007,0.2932093143463135,0.29394254088401794,0.29394254088401794,0.26489731669425964,0.10819657146930695,0.028475554659962654,0.04038675956770829,829561.6875,152,nan,-1.0,True,,False,0.17521598935127258,0.0,0.17521598935127258,15.0,15.0,1.0,0.0,0.0,0.0,1.0,0.0
153,814916.125,128.1124267578125,0.0,0.4604981243610382,4072.788818359375,4072.788818359375,4072.788818359375,0.2959267795085907,0.2959267795085907,0.2833295464515686,0.2833295464515686,0.2959267795085907,0.2833295464515686,0.2959267795085907,0.2833295464515686,0.27292677760124207,0.26032954454421997,0.02,0.48423403849999996,0.0,0.294316828250885,0.9999983310699463,0.018533574417233467,0.26003485918045044,0.04466620087623596,0.2686835825443268,0.29268622398376465,0.29360172152519226,0.294316828250885,0.294316828250885,0.26422053575515747,0.10897662490606308,0.030442913994193077,0.04024039460313765,814916.125,153,nan,-1.0,True,,False,0.17549845576286316,0.0,0.17549845576286316,15.0,15.0,1.0,0.0,0.0,0.0,1.0,0.0
154,799817.125,128.48402404785156,0.0,0.4651792049407959,3997.2802734375,3997.2802734375,3997.2802734375,0.29629504680633545,0.29629504680633545,0.28370681405067444,0.28370681405067444,0.29629504680633545,0.28370681405067444,0.29629504680633545,0.28370681405067444,0.2732950448989868,0.2607068121433258,0.02,0.484039132,0.0,0.29468733072280884,0.9999983310699463,0.01851729303598404,0.28244996070861816,0.044658396393060684,0.26868361234664917,0.2930905818939209,0.29401612281799316,0.29468733072280884,0.29468733072280884,0.26364681124687195,0.10973315685987473,0.03199248015880585,0.03995306931028608,799817.125,154,nan,-1.0,True,,False,0.17581000924110413,0.0,0.17581000924110413,15.0,15.0,1.0,0.0,0.0,0.0,1.0,0.0
155,782696.875,128.96800231933594,0.0,0.4707755148410797,3911.662353515625,3911.662353515625,3911.662353515625,0.29678258299827576,0.29678258299827576,0.2841973900794983,0.2841973900794983,0.29678258299827576,0.2841973900794983,0.29678258299827576,0.2841973900794983,0.2737825810909271,0.26119738817214966,0.02,0.4838431875,0.0,0.29517611861228943,0.9999983310699463,0.018534718081355095,0.2963121235370636,0.04465404525399208,0.26868361234664917,0.2935839593410492,0.2945203483104706,0.29517611861228943,0.29517611861228943,0.26318472623825073,0.11048033833503723,0.03348354250192642,0.03997533656527392,782696.875,155,nan,-1.0,True,,False,0.17615142464637756,0.0,0.17615142464637756,15.0,15.0,1.0,0.0,0.0,0.0,1.0,0.0
156,785240.375,128.9091796875,0.0,0.4732142686843872,3924.37451171875,3924.37451171875,3924.37451171875,0.29673150181770325,0.29673150181770325,0.2841378152370453,0.2841378152370453,0.29673150181770325,0.2841378152370453,0.29673150181770325,0.2841378152370453,0.2737314999103546,0.26113781332969666,0.02,0.48364620799999997,0.0,0.2951247990131378,0.9999983310699463,0.01851906254887581,0.26404237747192383,0.0446014367043972,0.26868361234664917,0.29348665475845337,0.2944216728210449,0.2951247990131378,0.2951247990131378,0.26233595609664917,0.11121833324432373,0.034910112619400024,0.020880056441658072,782696.875,155,nan,-1.0,True,,False,0.1761031299829483,0.0,0.1761031299829483,15.0,15.0,1.0,0.0,0.0,0.0,1.0,0.0
157,787606.3125,128.8251953125,0.0,0.4773849546909332,3936.194091796875,3936.194091796875,3936.194091796875,0.2966083586215973,0.2966083586215973,0.2840527296066284,0.2840527296066284,0.2966083586215973,0.2840527296066284,0.2966083586215973,0.2840527296066284,0.27360835671424866,0.2610527276992798,0.02,0.48344819650000004,0.0,0.2950021028518677,0.9999983310699463,0.018524494022130966,0.2793658375740051,0.044664252549409866,0.26868361234664917,0.29338619112968445,0.2943202555179596,0.2950021028518677,0.2950021028518677,0.2614055573940277,0.11193886399269104,0.03628046065568924,0.020247496821361385,782696.875,155,nan,-1.0,True,,False,0.17605559527873993,0.0,0.17605559527873993,15.0,15.0,1.0,0.0,0.0,0.0,1.0,0.0
158,788219.5,128.7737579345703,0.0,0.4820995628833771,3939.24853515625,3939.24853515625,3939.24853515625,0.2965490520000458,0.2965490520000458,0.28400060534477234,0.28400060534477234,0.2965490520000458,0.28400060534477234,0.2965490520000458,0.28400060534477234,0.27354905009269714,0.2610006034374237,0.02,0.483249156,0.0,0.2949436604976654,0.9999982118606567,0.018516864627599716,0.29340651631355286,0.04464775696396828,0.26868361234664917,0.29334455728530884,0.29427868127822876,0.2949436604976654,0.2949436604976654,0.26071757078170776,0.11264129728078842,0.03759161755442619,0.020906241838626254,782696.875,155,nan,-1.0,True,,False,0.1760440319776535,0.0,0.1760440319776535,15.0,15.0,1.0,0.0,0.0,0.0,1.0,0.0
159,787066.3125,128.8320770263672,0.0,0.4827255308628082,3933.48046875,3933.48046875,3933.48046875,0.2966034710407257,0.2966034710407257,0.28405970335006714,0.28405970335006714,0.2966034710407257,0.28405970335006714,0.2966034710407257,0.28405970335006714,0.2736034691333771,0.2610597014427185,0.02,0.48304908950000003,0.0,0.2949976623058319,0.9999980926513672,0.01849999837577343,0.2723965346813202,0.04462374374270439,0.26868361234664917,0.29338279366493225,0.29431769251823425,0.2949976921081543,0.2949976921081543,0.26023513078689575,0.113322913646698,0.03884366527199745,0.02076750176234378,782696.875,155,nan,-1.0,True,,False,0.17606845498085022,0.0,0.17606845498085022,15.0,15.0,1.0,0.0,0.0,0.0,1.0,0.0
160,784373.625,128.98916625976562,0.0,0.48594993352890015,3920.00830078125,3920.00830078125,3920.00830078125,0.29679375886917114,0.29679375886917114,0.28421881794929504,0.28421881794929504,0.29679375886917114,0.28421881794929504,0.29679375886917114,0.28421881794929504,0.2737937569618225,0.2612188160419464,0.02,0.482848,0.0,0.29518723487854004,0.9999982118606567,0.018500477075576782,0.2580612301826477,0.04456285387277603,0.26868361234664917,0.2935643196105957,0.29450100660324097,0.29518723487854004,0.29518723487854004,0.2597903609275818,0.11397648602724075,0.040037233382463455,0.0238678435206465,782696.875,155,nan,-1.0,True,,False,0.1761302649974823,0.0,0.1761302649974823,15.0,15.0,1.0,0.0,0.0,0.0,1.0,0.0
161,778872.8125,129.16250610351562,0.0,0.49044567346572876,3892.4921875,3892.4921875,3892.4921875,0.29697632789611816,0.29697632789611816,0.2843942642211914,0.2843942642211914,0.29697632789611816,0.2843942642211914,0.29697632789611816,0.2843942642211914,0.27397632598876953,0.2613942623138428,0.02,0.4826458905,0.0,0.2953694462776184,0.9999983310699463,0.01849597506225109,0.25567734241485596,0.044549714773893356,0.26868361234664917,0.2937594950199127,0.2946987450122833,0.2953694462776184,0.2953694462776184,0.2595271170139313,0.11461697518825531,0.041173845529556274,0.020314472255348746,778872.8125,161,nan,-1.0,True,,False,0.17622967064380646,0.0,0.17622967064380646,15.0,15.0,1.0,0.0,0.0,0.0,1.0,0.0
162,771180.9375,129.43740844726562,0.0,0.4891236126422882,3854.03466796875,3854.03466796875,3854.03466796875,0.2972385883331299,0.2972385883331299,0.2846722900867462,0.2846722900867462,0.2972385883331299,0.2846722900867462,0.2972385883331299,0.2846722900867462,0.27423858642578125,0.2616722881793976,0.02,0.48244276399999997,0.0,0.2956311106681824,0.9999984502792358,0.018503066152334213,0.2863157391548157,0.044579245150089264,0.26868361234664917,0.29401710629463196,0.29496002197265625,0.29563114047050476,0.29563114047050476,0.2594483494758606,0.11524500697851181,0.04225397855043411,0.0208176553116775,771180.9375,162,nan,-1.0,True,,False,0.17636695504188538,0.0,0.17636695504188538,15.0,15.0,1.0,0.0,0.0,0.0,1.0,0.0
163,762061.4375,129.81602478027344,0.0,0.4942353069782257,3808.422607421875,3808.422607421875,3808.422607421875,0.29761096835136414,0.29761096835136414,0.2850547134876251,0.2850547134876251,0.29761096835136414,0.2850547134876251,0.29761096835136414,0.2850547134876251,0.2746109664440155,0.2620547115802765,0.02,0.48223862349999996,0.0,0.29600274562835693,0.9999984502792358,0.018515286967158318,0.2742652893066406,0.04462995380163193,0.26868361234664917,0.2944021224975586,0.2953506112098694,0.29600274562835693,0.29600274562835693,0.259534627199173,0.11585571616888046,0.04327942430973053,0.021602784091050528,762061.4375,163,nan,-1.0,True,,False,0.1765434741973877,0.0,0.1765434741973877,15.0,15.0,1.0,0.0,0.0,0.0,1.0,0.0
164,750454.875,130.20106506347656,0.0,0.492983877658844,3750.390869140625,3750.390869140625,3750.390869140625,0.29800716042518616,0.29800716042518616,0.2854430675506592,0.2854430675506592,0.29800716042518616,0.2854430675506592,0.29800716042518616,0.2854430675506592,0.2750071585178375,0.26244306564331055,0.02,0.48203347199999996,0.0,0.2963983714580536,0.9999983310699463,0.018513089045882225,0.2806623876094818,0.04463016241788864,0.26868361234664917,0.29483383893966675,0.2957894206047058,0.2963983714580536,0.2963983714580536,0.2597949206829071,0.1164335310459137,0.0442519336938858,0.02314616018298289,750454.875,164,nan,-1.0,True,,False,0.1767595261335373,0.0,0.1767595261335373,15.0,15.0,1.0,0.0,0.0,0.0,1.0,0.0
165,748016.5625,130.35604858398438,0.0,0.49833017587661743,3738.185302734375,3738.185302734375,3738.185302734375,0.2981676757335663,0.2981676757335663,0.2855992317199707,0.2855992317199707,0.2981676757335663,0.2855992317199707,0.2981676757335663,0.2855992317199707,0.27516767382621765,0.26259922981262207,0.02,0.4818273125,0.0,0.2965574860572815,0.9999984502792358,0.018524475395679474,0.28533458709716797,0.044642139226198196,0.26868361234664917,0.2949969172477722,0.29595309495925903,0.2965574860572815,0.2965574860572815,0.2600473463535309,0.11700073629617691,0.04517359286546707,0.010416120707911128,748016.5625,165,nan,-1.0,True,,False,0.1767890304327011,0.0,0.1767890304327011,15.0,15.0,1.0,0.0,0.0,0.0,1.0,0.0
166,795993.5625,129.2039031982422,0.0,0.49746930599212646,3978.078125,3978.078125,3978.078125,0.2970137894153595,0.2970137894153595,0.2844361662864685,0.2844361662864685,0.2970137894153595,0.2844361662864685,0.2970137894153595,0.2844361662864685,0.27401378750801086,0.2614361643791199,0.019999999999999997,0.48162014799999997,0.0,0.29539909958839417,0.9999984502792358,0.01848992146551609,0.2705361843109131,0.04458257555961609,0.2686835825443268,0.2937892973423004,0.2947171926498413,0.29539909958839417,0.29539909958839417,0.25945714116096497,0.11755312234163284,0.046045489609241486,0.009264227701351047,748016.5625,165,nan,-1.0,True,,False,0.17589424550533295,0.0,0.17589424550533295,15.0,15.0,1.0,0.0,0.0,0.0,1.0,0.0
167,838936.5,127.75135040283203,0.0,0.4936237931251526,4192.8095703125,4192.8095703125,4192.8095703125,0.295564740896225,0.295564740896225,0.282962441444397,0.282962441444397,0.295564740896225,0.282962441444397,0.295564740896225,0.282962441444397,0.27256473898887634,0.25996243953704834,0.019999999999999997,0.48141198150000003,0.0,0.29394960403442383,0.9999983310699463,0.018454285338521004,0.2620369791984558,0.04453059658408165,0.2686835527420044,0.2923155426979065,0.2932167053222656,0.29394960403442383,0.29394960403442383,0.25892728567123413,0.11808748543262482,0.046869728714227676,0.009241477130368972,748016.5625,165,nan,-1.0,True,,False,0.1750449538230896,0.0,0.1750449538230896,15.0,15.0,1.0,0.0,0.0,0.0,1.0,0.0
168,877726.5,126.56072235107422,0.0,0.499157190322876,4386.751953125,4386.751953125,4386.751953125,0.2943929433822632,0.2943929433822632,0.2817481756210327,0.2817481756210327,0.2943929433822632,0.2817481756210327,0.2943929433822632,0.2817481756210327,0.27139294147491455,0.2587481737136841,0.019999999999999997,0.48120281600000003,0.0,0.29277512431144714,0.9999982118606567,0.018426286056637764,0.2682470381259918,0.0444067157804966,0.2686835825443268,0.2911212742328644,0.2919975817203522,0.29277512431144714,0.29277512431144714,0.25860509276390076,0.11860916763544083,0.047647397965192795,0.011198784279662909,748016.5625,165,nan,-1.0,True,,False,0.17424172163009644,0.0,0.17424172163009644,15.0,15.0,1.0,0.0,0.0,0.0,1.0,0.0
169,909390.0625,125.5185546875,0.0,0.5009472966194153,4545.0703125,4545.0703125,4545.0703125,0.29332178831100464,0.29332178831100464,0.28068065643310547,0.28068065643310547,0.29332178831100464,0.28068065643310547,0.29332178831100464,0.28068065643310547,0.270321786403656,0.25768065452575684,0.019999999999999997,0.4809926545,0.0,0.2917005121707916,0.9999982118606567,0.018415598198771477,0.28788769245147705,0.04442687705159187,0.2686835527420044,0.2900258004665375,0.29087865352630615,0.2917005121707916,0.2917005121707916,0.2584320604801178,0.11911658197641373,0.048378199338912964,0.008134751894330192,748016.5625,165,nan,-1.0,True,,False,0.1734849512577057,0.0,0.1734849512577057,15.0,15.0,1.0,0.0,0.0,0.0,1.0,0.0
170,937284.8125,124.55355834960938,0.0,0.5020144581794739,4684.54638671875,4684.54638671875,4684.54638671875,0.2923433780670166,0.2923433780670166,0.2796882092952728,0.2796882092952728,0.2923433780670166,0.2796882092952728,0.2923433780670166,0.2796882092952728,0.26934337615966797,0.2566882073879242,0.019999999999999997,0.48078150000000003,0.0,0.2907184064388275,0.9999980926513672,0.018400944769382477,0.27810561656951904,0.044395964592695236,0.26868361234664917,0.28901514410972595,0.2898467481136322,0.2907184064388275,0.2907184064388275,0.25830647349357605,0.1196097582578659,0.0490645207464695,0.007961478200741112,748016.5625,165,nan,-1.0,True,,False,0.172775536775589,0.0,0.172775536775589,15.0,15.0,1.0,0.0,0.0,0.0,1.0,0.0
171,963246.5,123.68650817871094,0.0,0.4995150566101074,4814.365234375,4814.365234375,4814.365234375,0.2914656400680542,0.2914656400680542,0.27879321575164795,0.27879321575164795,0.2914656400680542,0.27879321575164795,0.2914656400680542,0.27879321575164795,0.26846563816070557,0.2557932138442993,0.019999999999999997,0.48056935549999996,0.0,0.28983598947525024,0.9999978542327881,0.018398229032754898,0.2837340235710144,0.0443919375538826,0.26868361234664917,0.2881098687648773,0.28892186284065247,0.28983598947525024,0.28983598947525024,0.2582777738571167,0.12008950859308243,0.049707476049661636,0.00938697197772045,748016.5625,165,nan,-1.0,True,,False,0.1721140742301941,0.0,0.1721140742301941,15.0,15.0,1.0,0.0,0.0,0.0,1.0,0.0
172,987576.9375,123.35272216796875,0.0,0.5001667141914368,4936.017578125,4936.017578125,4936.017578125,0.29115381836891174,0.29115381836891174,0.27844783663749695,0.27844783663749695,0.29115381836891174,0.27844783663749695,0.29115381836891174,0.27844783663749695,0.2681538164615631,0.2554478347301483,0.02,0.480356224,0.0,0.28951436281204224,0.9999978542327881,0.018356118351221085,0.27476704120635986,0.044304393231868744,0.26868361234664917,0.28776487708091736,0.2885584831237793,0.28951436281204224,0.28951436281204224,0.2586571276187897,0.1205599382519722,0.05030791833996773,0.008084822284419917,748016.5625,165,nan,-1.0,True,,False,0.17150065302848816,0.0,0.17150065302848816,15.0,15.0,1.0,0.0,0.0,0.0,1.0,0.0
173,1005614.6875,123.34859466552734,0.0,0.5006982088088989,5026.205078125,5026.205078125,5026.205078125,0.2911665737628937,0.2911665737628937,0.2784435451030731,0.2784435451030731,0.2911665737628937,0.2784435451030731,0.2911665737628937,0.2784435451030731,0.26816657185554504,0.2554435431957245,0.02,0.4801421085,0.0,0.2895146608352661,0.999997615814209,0.01834898255765438,0.26682090759277344,0.044350188225507736,0.2686835527420044,0.28774604201316833,0.28852349519729614,0.2895146310329437,0.2895146310329437,0.2591337561607361,0.12101785838603973,0.050868403166532516,0.010487992662496658,748016.5625,165,nan,-1.0,True,,False,0.1709345430135727,0.0,0.1709345430135727,15.0,15.0,1.0,0.0,0.0,0.0,1.0,0.0
174,1015695.125,121.0935287475586,0.0,0.5043521523475647,5076.609375,5076.609375,5076.609375,0.2888796329498291,0.2888796329498291,0.27609777450561523,0.27609777450561523,0.2888796329498291,0.27609777450561523,0.2888796329498291,0.27609777450561523,0.26587963104248047,0.2530977725982666,0.02,0.479927012,0.0,0.28724148869514465,0.9999973177909851,0.018359605222940445,0.25882142782211304,0.04432405158877373,0.26868361234664917,0.2854550778865814,0.28621718287467957,0.28724148869514465,0.28724148869514465,0.2573056221008301,0.12146322429180145,0.05139058455824852,0.008413375125706403,748016.5625,165,nan,-1.0,True,,False,0.17041541635990143,0.0,0.17041541635990143,15.0,15.0,1.0,0.0,0.0,0.0,1.0,0.0
175,1020449.5,120.76789855957031,0.0,0.5008628964424133,5100.3916015625,5100.3916015625,5100.3916015625,0.2885364592075348,0.2885364592075348,0.27575722336769104,0.27575722336769104,0.2885364592075348,0.27575722336769104,0.2885364592075348,0.27575722336769104,0.26553645730018616,0.2527572214603424,0.02,0.4797109375,0.0,0.28689566254615784,0.9999973177909851,0.01834634691476822,0.24711450934410095,0.0443183034658432,0.2686835527420044,0.28510260581970215,0.2858576476573944,0.28689566254615784,0.28689566254615784,0.25702768564224243,0.12189676612615585,0.05187522619962692,0.010241524319604246,748016.5625,165,nan,-1.0,True,,False,0.17014150321483612,0.0,0.17014150321483612,15.0,15.0,1.0,0.0,0.0,0.0,1.0,0.0
176,1013906.9375,121.38385772705078,0.0,0.5048584938049316,5067.66552734375,5067.66552734375,5067.66552734375,0.28913724422454834,0.28913724422454834,0.27640098333358765,0.27640098333358765,0.28913724422454834,0.27640098333358765,0.28913724422454834,0.27640098333358765,0.2661372423171997,0.253400981426239,0.02,0.47949388800000003,0.0,0.2874981760978699,0.9999974370002747,0.01835131086409092,0.26876312494277954,0.044379543513059616,0.26868361234664917,0.2857223451137543,0.2864878177642822,0.2874981760978699,0.2874981760978699,0.2573464810848236,0.12231461703777313,0.052094995975494385,0.009242391520981781,748016.5625,165,nan,-1.0,True,,False,0.17049448192119598,0.0,0.17049448192119598,15.0,15.0,1.0,0.0,0.0,0.0,1.0,0.0
177,1006712.1875,122.00635528564453,0.0,0.5063436627388,5031.68505859375,5031.68505859375,5031.68505859375,0.2897869944572449,0.2897869944572449,0.2770499289035797,0.2770499289035797,0.2897869944572449,0.2770499289035797,0.2897869944572449,0.2770499289035797,0.26678699254989624,0.2540499269962311,0.02,0.47927586650000004,0.0,0.2881494164466858,0.9999974370002747,0.018381573259830475,0.2711350917816162,0.04432486742734909,0.2686835527420044,0.28637897968292236,0.2871561348438263,0.2881494164466858,0.2881494164466858,0.2576099634170532,0.12270735204219818,0.05188741907477379,0.013026751374127343,748016.5625,165,nan,-1.0,True,,False,0.17088428139686584,0.0,0.17088428139686584,15.0,15.0,1.0,0.0,0.0,0.0,1.0,0.0
178,995409.75,122.73204040527344,0.0,0.504960834980011,4975.1728515625,4975.1728515625,4975.1728515625,0.29054707288742065,0.29054707288742065,0.27780434489250183,0.27780434489250183,0.29054707288742065,0.27780434489250183,0.29054707288742065,0.27780434489250183,0.267547070980072,0.2548043429851532,0.02,0.47905687599999996,0.0,0.2889104187488556,0.9999973177909851,0.018373653292655945,0.25369971990585327,0.04424643516540527,0.26868361234664917,0.28711044788360596,0.28789982199668884,0.2889104187488556,0.2889104187488556,0.2578527331352234,0.12307775765657425,0.051686279475688934,0.008327249827238524,748016.5625,165,nan,-1.0,True,,False,0.1713114082813263,0.0,0.1713114082813263,15.0,15.0,1.0,0.0,0.0,0.0,1.0,0.0
179,976280.875,123.47239685058594,0.0,0.5046414732933044,4879.525390625,4879.525390625,4879.525390625,0.29129552841186523,0.29129552841186523,0.2785717248916626,0.2785717248916626,0.29129552841186523,0.2785717248916626,0.29129552841186523,0.2785717248916626,0.2682955265045166,0.25557172298431396,0.02,0.4788369195,0.0,0.28966113924980164,0.9999973177909851,0.018371939659118652,0.26607659459114075,0.04424909129738808,0.26868361234664917,0.2878544330596924,0.2886572480201721,0.28966113924980164,0.28966113924980164,0.25808185338974,0.12343992292881012,0.05148938670754433,0.008663977656397037,748016.5625,165,nan,-1.0,True,,False,0.17177733778953552,0.0,0.17177733778953552,15.0,15.0,1.0,0.0,0.0,0.0,1.0,0.0
180,956330.9375,124.20746612548828,0.0,0.5062175989151001,4779.76806640625,4779.76806640625,4779.76806640625,0.29200634360313416,0.29200634360313416,0.2793313264846802,0.2793313264846802,0.29200634360313416,0.2793313264846802,0.29200634360313416,0.2793313264846802,0.2690063416957855,0.25633132457733154,0.02,0.478616,0.0,0.29037514328956604,0.9999974966049194,0.01839793287217617,0.2689565420150757,0.044291988015174866,0.26868361234664917,0.2886102795600891,0.28942757844924927,0.29037514328956604,0.29037514328956604,0.2584781348705292,0.12379410117864609,0.05129712074995041,0.007901258182957664,748016.5625,165,nan,-1.0,True,,False,0.1722831130027771,0.0,0.1722831130027771,15.0,15.0,1.0,0.0,0.0,0.0,1.0,0.0
181,934466.0625,124.99617767333984,0.0,0.5063750743865967,4670.439453125,4670.439453125,4670.439453125,0.2927592396736145,0.2927592396736145,0.2801438868045807,0.2801438868045807,0.2927592396736145,0.2801438868045807,0.2927592396736145,0.2801438868045807,0.26975923776626587,0.25714388489723206,0.02,0.47839412049999996,0.0,0.2911313772201538,0.9999977350234985,0.018393028527498245,0.2750803232192993,0.04440032318234444,0.26868361234664917,0.2894338071346283,0.29026761651039124,0.2911313772201538,0.2911313772201538,0.2593437433242798,0.12414093315601349,0.05110927298665047,0.008364499467360374,748016.5625,165,nan,-1.0,True,,False,0.1728299856185913,0.0,0.1728299856185913,15.0,15.0,1.0,0.0,0.0,0.0,1.0,0.0
182,911433.1875,125.81454467773438,0.0,0.5054121017456055,4555.2734375,4555.2734375,4555.2734375,0.2935813069343567,0.2935813069343567,0.2809842824935913,0.2809842824935913,0.2935813069343567,0.2809842824935913,0.2935813069343567,0.2809842824935913,0.27058130502700806,0.2579842805862427,0.02,0.47817128400000003,0.0,0.2919568717479706,0.9999977350234985,0.01838311180472374,0.2693888545036316,0.04439401999115944,0.26868361234664917,0.29024121165275574,0.2910940647125244,0.2919568419456482,0.2919568419456482,0.2606078088283539,0.12447907775640488,0.05092501640319824,0.009561907218691582,748016.5625,165,nan,-1.0,True,,False,0.17341825366020203,0.0,0.17341825366020203,15.0,15.0,1.0,0.0,0.0,0.0,1.0,0.0
183,886526.75,126.63871002197266,0.0,0.5044072866439819,4430.73974609375,4430.73974609375,4430.73974609375,0.2944152355194092,0.2944152355194092,0.2818278968334198,0.2818278968334198,0.2944152355194092,0.2818278968334198,0.2944152355194092,0.2818278968334198,0.27141523361206055,0.25882789492607117,0.02,0.4779474935,0.0,0.29279452562332153,0.9999977350234985,0.01838984712958336,0.262645959854126,0.044367123395204544,0.2686835825443268,0.2910648286342621,0.2919359803199768,0.29279452562332153,0.29279452562332153,0.2621289789676666,0.12480650842189789,0.05074423551559448,0.008564568266996907,748016.5625,165,nan,-1.0,True,,False,0.17404833436012268,0.0,0.17404833436012268,15.0,15.0,1.0,0.0,0.0,0.0,1.0,0.0
184,855141.6875,127.48531341552734,0.0,0.5061476230621338,4273.8056640625,4273.8056640625,4273.8056640625,0.29524561762809753,0.29524561762809753,0.2826915979385376,0.2826915979385376,0.29524561762809753,0.2826915979385376,0.29524561762809753,0.2826915979385376,0.2722456157207489,0.25969159603118896,0.02,0.47772275200000003,0.0,0.2936294674873352,0.9999977350234985,0.018411125987768173,0.25313234329223633,0.04443410411477089,0.2686835825443268,0.2919389009475708,0.2928313612937927,0.2936294674873352,0.2936294674873352,0.263871431350708,0.12512806057929993,0.05056655406951904,0.01085472432573119,748016.5625,165,nan,-1.0,True,,False,0.17471915483474731,0.0,0.17471915483474731,15.0,15.0,1.0,0.0,0.0,0.0,1.0,0.0
185,862725.5,127.05956268310547,0.0,0.5058944225311279,4311.7275390625,4311.7275390625,4311.7275390625,0.2948009967803955,0.2948009967803955,0.282257616519928,0.282257616519928,0.2948009967803955,0.282257616519928,0.2948009967803955,0.282257616519928,0.2718009948730469,0.25925761461257935,0.02,0.4774970625,0.0,0.29318666458129883,0.9999979734420776,0.01838773488998413,0.2521369457244873,0.04440419748425484,0.26868361234664917,0.2914995849132538,0.29238685965538025,0.29318666458129883,0.29318666458129883,0.2648651897907257,0.12544375658035278,0.05039191246032715,0.04059414274201521,748016.5625,165,nan,-1.0,True,,False,0.17455074191093445,0.0,0.17455074191093445,15.0,15.0,1.0,0.0,0.0,0.0,1.0,0.0
186,877379.75,126.45418548583984,0.0,0.5048955678939819,4385.00439453125,4385.00439453125,4385.00439453125,0.29420796036720276,0.29420796036720276,0.2816392481327057,0.2816392481327057,0.29420796036720276,0.2816392481327057,0.29420796036720276,0.2816392481327057,0.2712079584598541,0.25863924622535706,0.02,0.47727042799999997,0.0,0.2925940454006195,0.9999979734420776,0.01840278133749962,0.27204346656799316,0.044342152774333954,0.2686835825443268,0.29086169600486755,0.29173922538757324,0.2925940454006195,0.2925940454006195,0.26573389768600464,0.12575654685497284,0.05023932456970215,0.040857697828970335,748016.5625,165,nan,-1.0,True,,False,0.1742440015077591,0.0,0.1742440015077591,15.0,15.0,1.0,0.0,0.0,0.0,1.0,0.0
187,889875.5625,125.90589141845703,0.0,0.5066837072372437,4447.4814453125,4447.4814453125,4447.4814453125,0.2936732769012451,0.2936732769012451,0.28107792139053345,0.28107792139053345,0.2936732769012451,0.28107792139053345,0.2936732769012451,0.28107792139053345,0.2706732749938965,0.2580779194831848,0.02,0.47704285150000003,0.0,0.29206010699272156,0.9999979734420776,0.018381204456090927,0.288442462682724,0.044273555278778076,0.26868361234664917,0.290289044380188,0.2911580801010132,0.29206010699272156,0.29206010699272156,0.2663118839263916,0.12606708705425262,0.050112247467041016,0.04062085263689773,748016.5625,165,nan,-1.0,True,,False,0.17396128177642822,0.0,0.17396128177642822,15.0,15.0,1.0,0.0,0.0,0.0,1.0,0.0
188,900679.0,125.38982391357422,0.0,0.5048721432685852,4501.505859375,4501.505859375,4501.505859375,0.2931409776210785,0.2931409776210785,0.28054848313331604,0.28054848313331604,0.2931409776210785,0.28054848313331604,0.2931409776210785,0.28054848313331604,0.27014097571372986,0.2575484812259674,0.02,0.476814336,0.0,0.29152822494506836,0.9999977350234985,0.018354928120970726,0.2883085012435913,0.04418472200632095,0.26868361234664917,0.2897818684577942,0.29064252972602844,0.29152822494506836,0.29152822494506836,0.26671102643013,0.1263759583234787,0.050010859966278076,0.041218140366254374,748016.5625,165,nan,-1.0,True,,False,0.17370228469371796,0.0,0.17370228469371796,15.0,15.0,1.0,0.0,0.0,0.0,1.0,0.0
189,908893.8125,124.9043960571289,0.0,0.5057791471481323,4542.580078125,4542.580078125,4542.580078125,0.292612761259079,0.292612761259079,0.28004947304725647,0.28004947304725647,0.292612761259079,0.28004947304725647,0.292612761259079,0.28004947304725647,0.26961275935173035,0.25704947113990784,0.02,0.47658488450000003,0.0,0.29100096225738525,0.9999978542327881,0.01836114376783371,0.26002031564712524,0.04425479844212532,0.2686835527420044,0.2893129587173462,0.29016628861427307,0.29100096225738525,0.29100096225738525,0.26688411831855774,0.12668365240097046,0.04993557929992676,0.04123016421928898,748016.5625,165,nan,-1.0,True,,False,0.17346860468387604,0.0,0.17346860468387604,15.0,15.0,1.0,0.0,0.0,0.0,1.0,0.0
190,892612.125,125.51972961425781,0.0,0.5069637894630432,4461.16552734375,4461.16552734375,4461.16552734375,0.2932173013687134,0.2932173013687134,0.280681848526001,0.280681848526001,0.2932173013687134,0.280681848526001,0.2932173013687134,0.280681848526001,0.27021729946136475,0.25768184661865234,0.02,0.4763545,0.0,0.2916073203086853,0.9999979734420776,0.018363751471042633,0.2735878825187683,0.04429084062576294,0.26868361234664917,0.28992778062820435,0.29079413414001465,0.2916073203086853,0.2916073203086853,0.2675509750843048,0.12705427408218384,0.04948553442955017,0.010056400344991643,748016.5625,165,nan,-1.0,True,,False,0.17390719056129456,0.0,0.17390719056129456,15.0,15.0,1.0,0.0,0.0,0.0,1.0,0.0
191,856457.0625,126.72163391113281,0.0,0.5059637427330017,4280.38671875,4280.38671875,4280.38671875,0.2944234013557434,0.2944234013557434,0.281912624835968,0.281912624835968,0.2944234013557434,0.281912624835968,0.2944234013557434,0.281912624835968,0.2714233994483948,0.2589126229286194,0.02,0.4761231855,0.0,0.2928156852722168,0.9999978542327881,0.018387796357274055,0.273648202419281,0.04435345157980919,0.26868361234664917,0.29111212491989136,0.29200270771980286,0.2928156554698944,0.2928156554698944,0.26845690608024597,0.12747007608413696,0.04901471734046936,0.009284302298005464,748016.5625,165,nan,-1.0,True,,False,0.17469021677970886,0.0,0.17469021677970886,15.0,15.0,1.0,0.0,0.0,0.0,1.0,0.0
192,816257.3125,127.93211364746094,0.0,0.508269190788269,4079.376220703125,4079.376220703125,4079.376220703125,0.2956599295139313,0.2956599295139313,0.28314629197120667,0.28314629197120667,0.2956599295139313,0.28314629197120667,0.2956599295139313,0.28314629197120667,0.27265992760658264,0.26014629006385803,0.02,0.47589094400000004,0.0,0.29405462741851807,0.9999980926513672,0.018414242193102837,0.26106560230255127,0.04432405158877373,0.26868361234664917,0.2923719882965088,0.2932881712913513,0.29405462741851807,0.29405462741851807,0.2691265046596527,0.12789209187030792,0.04854199290275574,0.009809884931504106,748016.5625,165,nan,-1.0,True,,False,0.175505131483078,0.0,0.175505131483078,15.0,15.0,1.0,0.0,0.0,0.0,1.0,0.0
193,773834.9375,129.1979217529297,0.0,0.5062621235847473,3867.26318359375,3867.26318359375,3867.26318359375,0.2969234585762024,0.2969234585762024,0.2844301164150238,0.2844301164150238,0.2969234585762024,0.2844301164150238,0.2969234585762024,0.2844301164150238,0.27392345666885376,0.26143011450767517,0.02,0.47565777849999996,0.0,0.29532018303871155,0.9999982118606567,0.018409205600619316,0.25347834825515747,0.044365014880895615,0.26868361234664917,0.29370057582855225,0.29464298486709595,0.29532018303871155,0.29532018303871155,0.2696992754936218,0.1283208727836609,0.0480647087097168,0.011749775756874846,748016.5625,165,nan,-1.0,True,,False,0.17635349929332733,0.0,0.17635349929332733,15.0,15.0,1.0,0.0,0.0,0.0,1.0,0.0
194,714237.4375,130.6071014404297,0.0,0.5071598291397095,3569.26611328125,3569.26611328125,3569.26611328125,0.2983250319957733,0.2983250319957733,0.28585198521614075,0.28585198521614075,0.2983250319957733,0.28585198521614075,0.2983250319957733,0.28585198521614075,0.2753250300884247,0.2628519833087921,0.02,0.475423692,0.0,0.29672330617904663,0.9999980926513672,0.018482491374015808,0.2700241804122925,0.04451275244355202,0.26868361234664917,0.2951189875602722,0.2960895001888275,0.29672330617904663,0.29672330617904663,0.27031925320625305,0.12875685095787048,0.04758134484291077,0.012025051279730784,714237.4375,194,nan,-1.0,True,,False,0.17723660171031952,0.0,0.17723660171031952,15.0,15.0,1.0,0.0,0.0,0.0,1.0,0.0
195,621181.8125,132.13844299316406,0.0,0.5125554203987122,3103.966796875,3103.966796875,3103.966796875,0.29984551668167114,0.29984551668167114,0.287388414144516,0.287388414144516,0.29984551668167114,0.287388414144516,0.29984551668167114,0.287388414144516,0.2768455147743225,0.26438841223716736,0.02,0.4751886875,0.0,0.2982449233531952,0.9999983310699463,0.01848263293504715,0.28936922550201416,0.044582679867744446,0.26868361234664917,0.2966509163379669,0.29765135049819946,0.2982449233531952,0.2982449233531952,0.2711387574672699,0.1291944980621338,0.0470961332321167,0.008982158130190024,621181.8125,195,nan,-1.0,True,,False,0.1781555414199829,0.0,0.1781555414199829,15.0,15.0,1.0,0.0,0.0,0.0,1.0,0.0
196,507292.6875,133.7303924560547,0.0,0.5101222395896912,2534.51953125,2534.51953125,2534.51953125,0.3014521300792694,0.3014521300792694,0.2889762818813324,0.2889762818813324,0.3014521300792694,0.2889762818813324,0.3014521300792694,0.2889762818813324,0.2784521281719208,0.26597627997398376,0.02,0.474952768,0.0,0.29985252022743225,0.9999983310699463,0.018476052209734917,0.2878835201263428,0.04450288787484169,0.26868361234664917,0.2982936501502991,0.299325168132782,0.29985252022743225,0.29985252022743225,0.27206966280937195,0.12961594760417938,0.04660573601722717,0.011394911005886065,507292.6875,196,nan,-1.0,True,,False,0.1791115552186966,0.0,0.1791115552186966,15.0,15.0,1.0,0.0,0.0,0.0,1.0,0.0
197,401779.125,135.42465209960938,0.0,0.5102843046188354,2006.94287109375,2006.94287109375,2006.94287109375,0.30314722657203674,0.30314722657203674,0.29065582156181335,0.29065582156181335,0.30314722657203674,0.29065582156181335,0.30314722657203674,0.29065582156181335,0.2801472246646881,0.2676558196544647,0.02,0.4747159365,0.0,0.3015490472316742,0.9999983310699463,0.018565388396382332,0.2800804376602173,0.04467969015240669,0.26868361234664917,0.3000357747077942,0.3010997176170349,0.3015490472316742,0.3015490472316742,0.2730942666530609,0.1300860345363617,0.04611048102378845,0.00985367381589539,401779.125,197,nan,-1.0,True,,False,0.1801038533449173,0.0,0.1801038533449173,15.0,15.0,1.0,0.0,0.0,0.0,1.0,0.0
198,313092.875,137.2664337158203,0.0,0.5124648809432983,1563.496826171875,1563.496826171875,1563.496826171875,0.304980993270874,0.304980993270874,0.29246973991394043,0.29246973991394043,0.304980993270874,0.29246973991394043,0.304980993270874,0.29246973991394043,0.2819809913635254,0.2694697380065918,0.02,0.47447819599999996,0.0,0.3033848702907562,0.9999984502792358,0.01858883909881115,0.29432007670402527,0.04466799274086952,0.2686835527420044,0.3019110858440399,0.30300912261009216,0.3033848702907562,0.3033848702907562,0.2742467522621155,0.13061408698558807,0.04560743272304535,0.00989372622118228,313092.875,198,nan,-1.0,True,,False,0.1811332106590271,0.0,0.1811332106590271,15.0,15.0,1.0,0.0,0.0,0.0,1.0,0.0
199,236864.875,139.2286376953125,0.0,0.5127351880073547,1182.346435546875,1182.346435546875,1182.346435546875,0.3069707155227661,0.3069707155227661,0.29438892006874084,0.29438892006874084,0.3069707155227661,0.29438892006874084,0.3069707155227661,0.29438892006874084,0.2839707136154175,0.2713889181613922,0.02,0.47423954949999997,0.0,0.3053772747516632,0.9999985694885254,0.01858053356409073,0.264951229095459,0.0445135235786438,0.2686835825443268,0.3039138615131378,0.30504754185676575,0.3053772747516632,0.3053772747516632,0.2755974233150482,0.1311509907245636,0.04510042071342468,0.01000638085275164,236864.875,199,nan,-1.0,True,,False,0.18220208585262299,0.0,0.18220208585262299,15.0,15.0,1.0,0.0,0.0,0.0,1.0,0.0
200,214454.046875,140.15371704101562,0.0,0.5139057040214539,1070.28466796875,1070.28466796875,1070.28466796875,0.3078930675983429,0.3078930675983429,0.2952890396118164,0.2952890396118164,0.3078930675983429,0.2952890396118164,0.3078930675983429,0.2952890396118164,0.28489306569099426,0.2722890377044678,0.02,0.47400000000000003,0.0,0.30629876255989075,0.9999985694885254,0.018612440675497055,0.27991926670074463,0.044538047164678574,0.26868361234664917,0.3048468232154846,0.30599313974380493,0.30629876255989075,0.30629876255989075,0.27614086866378784,0.1316971480846405,0.04458498954772949,0.028066401690011844,214454.046875,200,nan,-1.0,True,,False,0.18257898092269897,0.0,0.18257898092269897,15.0,15.0,1.0,0.0,0.0,0.0,1.0,0.0
201,206293.375,140.6053924560547,0.0,0.5120342969894409,1029.4837646484375,1029.4837646484375,1029.4837646484375,0.30834922194480896,0.30834922194480896,0.2957274317741394,0.2957274317741394,0.30834922194480896,0.2957274317741394,0.30834922194480896,0.2957274317741394,0.2853492200374603,0.27272742986679077,0.02,0.47375955049999996,0.0,0.30675315856933594,0.9999985694885254,0.01863604597747326,0.2716507017612457,0.04455483332276344,0.26868361234664917,0.3053103983402252,0.3064611852169037,0.30675315856933594,0.30675315856933594,0.27606967091560364,0.1322406530380249,0.04405823349952698,0.0328488656733599,206293.375,201,nan,-1.0,True,,False,0.18271183967590332,0.0,0.18271183967590332,15.0,15.0,1.0,0.0,0.0,0.0,1.0,0.0
202,197371.1875,140.94668579101562,0.0,0.5148199796676636,984.8641357421875,984.8641357421875,984.8641357421875,0.30873042345046997,0.30873042345046997,0.2960582375526428,0.2960582375526428,0.30873042345046997,0.2960582375526428,0.30873042345046997,0.2960582375526428,0.28573042154312134,0.2730582356452942,0.02,0.473518204,0.0,0.3071342408657074,0.9999986886978149,0.01861974224448204,0.2769463062286377,0.04449225962162018,0.2686835527420044,0.30570685863494873,0.30686333775520325,0.3071342408657074,0.3071342408657074,0.27553659677505493,0.1327815055847168,0.04351641237735748,0.028303741820208315,197371.1875,202,nan,-1.0,True,,False,0.1828804761171341,0.0,0.1828804761171341,15.0,15.0,1.0,0.0,0.0,0.0,1.0,0.0
203,186244.953125,141.2735595703125,0.0,0.5163372159004211,929.2276000976562,929.2276000976562,929.2276000976562,0.309058278799057,0.309058278799057,0.29637467861175537,0.29637467861175537,0.309058278799057,0.29637467861175537,0.309058278799057,0.29637467861175537,0.2860582768917084,0.27337467670440674,0.02,0.4732759635,0.0,0.30746370553970337,0.9999986886978149,0.018631210550665855,0.2881469428539276,0.04452415555715561,0.2686835527420044,0.3060675859451294,0.3072309195995331,0.30746370553970337,0.30746370553970337,0.27488523721694946,0.13331840932369232,0.04296250641345978,0.02935506490110937,186244.953125,203,nan,-1.0,True,,False,0.18308784067630768,0.0,0.18308784067630768,15.0,15.0,1.0,0.0,0.0,0.0,1.0,0.0
204,174197.109375,141.74740600585938,0.0,0.5130042433738708,868.9942626953125,868.9942626953125,868.9942626953125,0.3095317482948303,0.3095317482948303,0.29683277010917664,0.29683277010917664,0.3095317482948303,0.29683277010917664,0.3095317482948303,0.29683277010917664,0.2865317463874817,0.273832768201828,0.02,0.473032832,0.0,0.30793866515159607,0.9999986886978149,0.01863858290016651,0.2907939851284027,0.04447798803448677,0.2686835527420044,0.30655017495155334,0.3077220320701599,0.30793866515159607,0.30793866515159607,0.2740958631038666,0.1338508427143097,0.04239152371883392,0.030000170502009697,174197.109375,204,nan,-1.0,True,,False,0.183335080742836,0.0,0.183335080742836,15.0,15.0,1.0,0.0,0.0,0.0,1.0,0.0
205,161078.703125,142.33731079101562,0.0,0.5166546106338501,803.39013671875,803.39013671875,803.39013671875,0.31011074781417847,0.31011074781417847,0.29740196466445923,0.29740196466445923,0.31011074781417847,0.29740196466445923,0.31011074781417847,0.29740196466445923,0.28711074590682983,0.2744019627571106,0.02,0.47278881250000004,0.0,0.3085186183452606,0.9999988079071045,0.01865609548985958,0.2888202369213104,0.04444993659853935,0.2686835527420044,0.30713674426078796,0.30831798911094666,0.3085186183452606,0.3085186183452606,0.27337098121643066,0.13437825441360474,0.041815370321273804,0.030239060055464506,161078.703125,205,nan,-1.0,True,,False,0.18362247943878174,0.0,0.18362247943878174,15.0,15.0,1.0,0.0,0.0,0.0,1.0,0.0
206,146837.953125,143.1089324951172,0.0,0.5173032283782959,732.1809692382812,732.1809692382812,732.1809692382812,0.3108523488044739,0.3108523488044739,0.29814472794532776,0.29814472794532776,0.3108523488044739,0.29814472794532776,0.3108523488044739,0.29814472794532776,0.28785234689712524,0.2751447260379791,0.02,0.472543908,0.0,0.30926093459129333,0.9999984502792358,0.01865408383309841,0.2848714292049408,0.0444464311003685,0.26868361234664917,0.3078623116016388,0.30905458331108093,0.30926093459129333,0.30926093459129333,0.27312615513801575,0.1349000632762909,0.041231200098991394,0.028600920515600592,146837.953125,206,nan,-1.0,True,,False,0.18395273387432098,0.0,0.18395273387432098,15.0,15.0,1.0,0.0,0.0,0.0,1.0,0.0
207,132094.078125,144.00991821289062,0.0,0.5164015293121338,658.4594116210938,658.4594116210938,658.4594116210938,0.31173622608184814,0.31173622608184814,0.2990095019340515,0.2990095019340515,0.31173622608184814,0.2990095019340515,0.31173622608184814,0.2990095019340515,0.2887362241744995,0.2760095000267029,0.02,0.4722981215,0.0,0.3101457357406616,0.9999988079071045,0.01865658350288868,0.2805233597755432,0.04440077394247055,0.2686835527420044,0.30872830748558044,0.30993279814720154,0.3101457357406616,0.3101457357406616,0.2732594609260559,0.13541622459888458,0.04063396155834198,0.029654544060273718,132094.078125,207,nan,-1.0,True,,False,0.18432573974132538,0.0,0.18432573974132538,15.0,15.0,1.0,0.0,0.0,0.0,1.0,0.0
208,117729.9140625,145.11630249023438,0.0,0.5167806148529053,586.6320190429688,586.6320190429688,586.6320190429688,0.3127553164958954,0.3127553164958954,0.3000677227973938,0.3000677227973938,0.3127553164958954,0.3000677227973938,0.3127553164958954,0.3000677227973938,0.28975531458854675,0.27706772089004517,0.02,0.47205145600000004,0.0,0.31116554141044617,0.9999985694885254,0.018665535375475883,0.2863578796386719,0.04442233592271805,0.26868361234664917,0.30970221757888794,0.31092071533203125,0.31116554141044617,0.31116554141044617,0.273636132478714,0.1359262764453888,0.04003043472766876,0.029372621566936787,117729.9140625,208,nan,-1.0,True,,False,0.18474096059799194,0.0,0.18474096059799194,15.0,15.0,1.0,0.0,0.0,0.0,1.0,0.0
209,103043.703125,145.96896362304688,0.0,0.5169594287872314,513.1962890625,513.1962890625,513.1962890625,0.3137096166610718,0.3137096166610718,0.3008805215358734,0.3008805215358734,0.3137096166610718,0.3008805215358734,0.3137096166610718,0.3008805215358734,0.29070961475372314,0.2778805196285248,0.02,0.47180391450000003,0.0,0.3121238350868225,0.999998927116394,0.018628448247909546,0.2807106077671051,0.04411716386675835,0.2686835825443268,0.31070220470428467,0.31193864345550537,0.3121238350868225,0.3121238350868225,0.27416783571243286,0.13643023371696472,0.03941263258457184,0.02800361636521605,103043.703125,209,nan,-1.0,True,,False,0.185200035572052,0.0,0.185200035572052,15.0,15.0,1.0,0.0,0.0,0.0,1.0,0.0
210,92490.3671875,146.80563354492188,0.0,0.5205804109573364,460.4163513183594,460.4163513183594,460.4163513183594,0.31455889344215393,0.31455889344215393,0.3016757667064667,0.3016757667064667,0.31455889344215393,0.3016757667064667,0.31455889344215393,0.3016757667064667,0.2915588915348053,0.27867576479911804,0.02,0.4715555,0.0,0.31297606229782104,0.9999988079071045,0.01857764832675457,0.27023014426231384,0.043941840529441833,0.2686835825443268,0.3115507960319519,0.3128015398979187,0.31297606229782104,0.31297606229782104,0.27488553524017334,0.1369277387857437,0.03877711296081543,0.027888662293359328,92490.3671875,210,nan,-1.0,True,,False,0.1855664998292923,0.0,0.1855664998292923,15.0,15.0,1.0,0.0,0.0,0.0,1.0,0.0
211,95295.78125,147.02325439453125,0.0,0.5178797841072083,474.4490966796875,474.4490966796875,474.4490966796875,0.31463387608528137,0.31463387608528137,0.30188223719596863,0.30188223719596863,0.31463387608528137,0.30188223719596863,0.31463387608528137,0.30188223719596863,0.29163387417793274,0.27888223528862,0.02,0.4713062155,0.0,0.31304651498794556,0.9999986886978149,0.018603205680847168,0.27212193608283997,0.04414184018969536,0.26868361234664917,0.31162029504776,0.3128625154495239,0.31304651498794556,0.31304651498794556,0.2751726508140564,0.1374179571866989,0.038128599524497986,0.03076720971310149,92490.3671875,210,nan,-1.0,True,,False,0.18547393381595612,0.0,0.18547393381595612,15.0,15.0,1.0,0.0,0.0,0.0,1.0,0.0
212,96653.5078125,147.1155548095703,0.0,0.5207422375679016,481.2301025390625,481.2301025390625,481.2301025390625,0.31477850675582886,0.31477850675582886,0.3019697666168213,0.3019697666168213,0.31477850675582886,0.3019697666168213,0.31477850675582886,0.3019697666168213,0.2917785048484802,0.27896976470947266,0.02,0.471056064,0.0,0.3131878972053528,0.9999984502792358,0.0185849592089653,0.2746037244796753,0.0440010167658329,0.2686835527420044,0.3117900788784027,0.31302958726882935,0.3131878972053528,0.3131878972053528,0.2758483290672302,0.13790130615234375,0.03746022284030914,0.0281295754118926,92490.3671875,210,nan,-1.0,True,,False,0.1854180246591568,0.0,0.1854180246591568,15.0,15.0,1.0,0.0,0.0,0.0,1.0,0.0
213,97095.5625,147.5496826171875,0.0,0.5240707993507385,483.42987060546875,483.42987060546875,483.42987060546875,0.3151395320892334,0.3151395320892334,0.30238106846809387,0.30238106846809387,0.3151395320892334,0.30238106846809387,0.3151395320892334,0.30238106846809387,0.29213953018188477,0.27938106656074524,0.020000000000000004,0.4708050485,0.0,0.3135441243648529,0.9999984502792358,0.018578048795461655,0.27508220076560974,0.04399812966585159,0.26868361234664917,0.3121313750743866,0.31337109208106995,0.3135441243648529,0.3135441243648529,0.2770538330078125,0.13839754462242126,0.036776795983314514,0.029589690956830356,92490.3671875,210,nan,-1.0,True,,False,0.18540090322494507,0.0,0.18540090322494507,15.0,15.0,1.0,0.0,0.0,0.0,1.0,0.0
214,97608.6640625,148.12738037109375,0.0,0.5235975980758667,485.99365234375,485.99365234375,485.99365234375,0.31568267941474915,0.31568267941474915,0.3029274642467499,0.3029274642467499,0.31568267941474915,0.3029274642467499,0.31568267941474915,0.3029274642467499,0.2926826775074005,0.27992746233940125,0.020000000000000004,0.47055317199999996,0.0,0.31408023834228516,0.9999984502792358,0.018566448241472244,0.2737779915332794,0.04400806128978729,0.2686835825443268,0.3126432001590729,0.3138837218284607,0.31408023834228516,0.31408023834228516,0.2786831259727478,0.13889923691749573,0.036085158586502075,0.018470879550376493,92490.3671875,210,nan,-1.0,True,,False,0.18540069460868835,0.0,0.18540069460868835,15.0,15.0,1.0,0.0,0.0,0.0,1.0,0.0
215,96394.734375,149.00210571289062,0.0,0.5248245596885681,479.9165954589844,479.9165954589844,479.9165954589844,0.3164871335029602,0.3164871335029602,0.3037527799606323,0.3037527799606323,0.3164871335029602,0.3037527799606323,0.3164871335029602,0.3037527799606323,0.2934871315956116,0.2807527780532837,0.020000000000000004,0.4703004375,0.0,0.3148766756057739,0.9999984502792358,0.018636519089341164,0.2716556191444397,0.044100627303123474,0.26868361234664917,0.3132946789264679,0.3145371675491333,0.31487664580345154,0.31487664580345154,0.2806839346885681,0.13939833641052246,0.035394877195358276,0.030153280512119334,92490.3671875,210,nan,-1.0,True,,False,0.185455322265625,0.0,0.185455322265625,15.0,15.0,1.0,0.0,0.0,0.0,1.0,0.0
216,94932.5234375,149.7456512451172,0.0,0.5248757004737854,472.6017150878906,472.6017150878906,472.6017150878906,0.31724584102630615,0.31724584102630615,0.30445238947868347,0.30445238947868347,0.31724584102630615,0.30445238947868347,0.31724584102630615,0.30445238947868347,0.2942458391189575,0.28145238757133484,0.020000000000000004,0.470046848,0.0,0.31562915444374084,0.9999984502792358,0.018746772781014442,0.3361610174179077,0.04431379958987236,0.2686835825443268,0.3137545883655548,0.31499871611595154,0.31562915444374084,0.31562915444374084,0.28274932503700256,0.13989193737506866,0.03469812870025635,0.029353265930290542,92490.3671875,210,nan,-1.0,True,,False,0.18552641570568085,0.0,0.18552641570568085,15.0,15.0,1.0,0.0,0.0,0.0,1.0,0.0
217,92688.6953125,149.97146606445312,0.0,0.5283475518226624,461.37274169921875,461.37274169921875,461.37274169921875,0.3175995349884033,0.3175995349884033,0.3046645224094391,0.3046645224094391,0.3175995349884033,0.3046645224094391,0.3175995349884033,0.3046645224094391,0.2945995330810547,0.28166452050209045,0.020000000000000004,0.46979240650000004,0.0,0.31598228216171265,0.9999985694885254,0.018823392689228058,0.32192763686180115,0.04445432499051094,0.26868361234664917,0.314201295375824,0.3154459297657013,0.31598228216171265,0.31598228216171265,0.28524941205978394,0.14037981629371643,0.033989936113357544,0.03121352180217703,92490.3671875,210,nan,-1.0,True,,False,0.18563733994960785,0.0,0.18563733994960785,15.0,15.0,1.0,0.0,0.0,0.0,1.0,0.0
218,87478.9921875,150.29148864746094,0.0,0.5245097279548645,435.33221435546875,435.33221435546875,435.33221435546875,0.31790003180503845,0.31790003180503845,0.30496490001678467,0.30496490001678467,0.31790003180503845,0.30496490001678467,0.31790003180503845,0.30496490001678467,0.2949000298976898,0.28196489810943604,0.020000000000000004,0.46953711600000003,0.0,0.316285640001297,0.9999984502792358,0.01888354681432247,0.2927597463130951,0.04469138756394386,0.26868361234664917,0.31458964943885803,0.3158414959907532,0.316285640001297,0.316285640001297,0.28732067346572876,0.1408618986606598,0.03326554596424103,0.03107839176340753,87478.9921875,218,nan,-1.0,True,,False,0.1857876032590866,0.0,0.1857876032590866,15.0,15.0,1.0,0.0,0.0,0.0,1.0,0.0
219,82465.421875,150.5547332763672,0.0,0.5262434482574463,410.25872802734375,410.25872802734375,410.25872802734375,0.3182756304740906,0.3182756304740906,0.30521172285079956,0.30521172285079956,0.3182756304740906,0.30521172285079956,0.3182756304740906,0.30521172285079956,0.29527562856674194,0.2822117209434509,0.020000000000000004,0.4692809795,0.0,0.3166643977165222,0.9999984502792358,0.018874330446124077,0.29867324233055115,0.04456809163093567,0.2686835825443268,0.31502455472946167,0.31628501415252686,0.3166643977165222,0.3166643977165222,0.2889992594718933,0.141338050365448,0.03252911567687988,0.03065465477993712,82465.421875,219,nan,-1.0,True,,False,0.1859797090291977,0.0,0.1859797090291977,15.0,15.0,1.0,0.0,0.0,0.0,1.0,0.0
220,77862.234375,151.04518127441406,0.0,0.5293170809745789,387.232666015625,387.232666015625,387.232666015625,0.31870386004447937,0.31870386004447937,0.30567100644111633,0.30567100644111633,0.31870386004447937,0.30567100644111633,0.31870386004447937,0.30567100644111633,0.29570385813713074,0.2826710045337677,0.020000000000000004,0.469024,0.0,0.31709524989128113,0.9999984502792358,0.018895165994763374,0.3049734830856323,0.044660456478595734,0.2686835825443268,0.3154663145542145,0.31673353910446167,0.31709524989128113,0.31709524989128113,0.2903450131416321,0.1418078988790512,0.031787946820259094,0.030961881634236004,77862.234375,220,nan,-1.0,True,,False,0.18621250987052917,0.0,0.18621250987052917,15.0,15.0,1.0,0.0,0.0,0.0,1.0,0.0
221,71961.5625,151.28512573242188,0.0,0.5300692915916443,357.7262268066406,357.7262268066406,357.7262268066406,0.3189747929573059,0.3189747929573059,0.30589544773101807,0.30589544773101807,0.3189747929573059,0.30589544773101807,0.3189747929573059,0.30589544773101807,0.2959747910499573,0.28289544582366943,0.020000000000000004,0.46876618049999996,0.0,0.3173733353614807,0.9999986886978149,0.018900373950600624,0.3024659752845764,0.04457300528883934,0.26868361234664917,0.31575441360473633,0.31702950596809387,0.3173733353614807,0.3173733353614807,0.2912842631340027,0.14227209985256195,0.03104241192340851,0.029204114362882037,71961.5625,221,nan,-1.0,True,,False,0.18648576736450195,0.0,0.18648576736450195,15.0,15.0,1.0,0.0,0.0,0.0,1.0,0.0
222,65830.7734375,151.4420928955078,0.0,0.5314735174179077,327.0679931640625,327.0679931640625,327.0679931640625,0.31916436553001404,0.31916436553001404,0.3060421645641327,0.3060421645641327,0.31916436553001404,0.3060421645641327,0.31916436553001404,0.3060421645641327,0.2961643636226654,0.28304216265678406,0.020000000000000004,0.468507524,0.0,0.3175731599330902,0.9999985694885254,0.018893614411354065,0.2927453815937042,0.044479601085186005,0.26868361234664917,0.315947562456131,0.31723448634147644,0.3175731599330902,0.3175731599330902,0.2917000353336334,0.14273041486740112,0.030284196138381958,0.02811747459054459,65830.7734375,222,nan,-1.0,True,,False,0.18680015206336975,0.0,0.18680015206336975,15.0,15.0,1.0,0.0,0.0,0.0,1.0,0.0
223,59984.48828125,151.68502807617188,0.0,0.531323254108429,297.835693359375,297.835693359375,297.835693359375,0.31941112875938416,0.31941112875938416,0.306269109249115,0.306269109249115,0.31941112875938416,0.306269109249115,0.31941112875938416,0.306269109249115,0.2964111268520355,0.28326910734176636,0.020000000000000004,0.4682480335,0.0,0.31783097982406616,0.9999988079071045,0.018851380795240402,0.27540475130081177,0.04428553581237793,0.26868361234664917,0.31621018052101135,0.3175068497657776,0.31783097982406616,0.31783097982406616,0.2919013500213623,0.1431828886270523,0.029508262872695923,0.027421040266441803,59984.48828125,223,nan,-1.0,True,,False,0.18715649843215942,0.0,0.18715649843215942,15.0,15.0,1.0,0.0,0.0,0.0,1.0,0.0
224,53726.54296875,152.1353302001953,0.0,0.5350727438926697,266.53436279296875,266.53436279296875,266.53436279296875,0.3198680281639099,0.3198680281639099,0.3066892623901367,0.3066892623901367,0.3198680281639099,0.3066892623901367,0.3198680281639099,0.3066892623901367,0.2968680262565613,0.2836892604827881,0.020000000000000004,0.467987712,0.0,0.3182992935180664,0.9999988079071045,0.018850570544600487,0.28942418098449707,0.044185712933540344,0.26868361234664917,0.3166203498840332,0.3179309666156769,0.3182992935180664,0.3182992935180664,0.2919381558895111,0.14362969994544983,0.028719216585159302,0.028162090875816323,53726.54296875,224,nan,-1.0,True,,False,0.18755243718624115,0.0,0.18755243718624115,15.0,15.0,1.0,0.0,0.0,0.0,1.0,0.0
225,48086.3671875,152.69168090820312,0.0,0.5305299162864685,238.34205627441406,238.34205627441406,238.34205627441406,0.3203575015068054,0.3203575015068054,0.30720749497413635,0.30720749497413635,0.3203575015068054,0.30720749497413635,0.3203575015068054,0.30720749497413635,0.2973574995994568,0.2842074930667877,0.020000000000000004,0.4677265625,0.0,0.3188022971153259,0.9999988079071045,0.018879316747188568,0.2899441719055176,0.044225919991731644,0.2686835527420044,0.3171161413192749,0.31844156980514526,0.3188022971153259,0.3188022971153259,0.29168981313705444,0.1440713107585907,0.027921631932258606,0.02887848990859412,48086.3671875,225,nan,-1.0,True,,False,0.18798582255840302,0.0,0.18798582255840302,15.0,15.0,1.0,0.0,0.0,0.0,1.0,0.0
226,43261.2421875,153.253662109375,0.0,0.534118115901947,214.20465087890625,214.20465087890625,214.20465087890625,0.32093849778175354,0.32093849778175354,0.3077300190925598,0.3077300190925598,0.32093849778175354,0.3077300190925598,0.32093849778175354,0.3077300190925598,0.2979384958744049,0.2847300171852112,0.020000000000000004,0.467464588,0.0,0.3193990886211395,0.9999988079071045,0.018842410296201706,0.2939118444919586,0.04403723031282425,0.2686835527420044,0.317693293094635,0.3190338611602783,0.3193990886211395,0.3193990886211395,0.2913747727870941,0.14450687170028687,0.02711234986782074,0.026637857964184757,43261.2421875,226,nan,-1.0,True,,False,0.1884608417749405,0.0,0.1884608417749405,15.0,15.0,1.0,0.0,0.0,0.0,1.0,0.0
227,37356.65625,154.10435485839844,0.0,0.5363879203796387,184.6717987060547,184.6717987060547,184.6717987060547,0.3215867578983307,0.3215867578983307,0.308519184589386,0.308519184589386,0.3215867578983307,0.308519184589386,0.3215867578983307,0.308519184589386,0.29858675599098206,0.28551918268203735,0.020000000000000004,0.46720179149999996,0.0,0.3200667202472687,0.9999986886978149,0.01886392943561077,0.2993277907371521,0.044154997915029526,0.2686835825443268,0.3183799982070923,0.3197377622127533,0.3200667202472687,0.3200667202472687,0.2908794581890106,0.14493624866008759,0.026280418038368225,0.03743301719724615,37356.65625,227,nan,-1.0,True,,False,0.1889764815568924,0.0,0.1889764815568924,15.0,15.0,1.0,0.0,0.0,0.0,1.0,0.0
228,32021.376953125,154.81101989746094,0.0,0.5385564565658569,157.98643493652344,157.98643493652344,157.98643493652344,0.3224647641181946,0.3224647641181946,0.3091730773448944,0.3091730773448944,0.3224647641181946,0.3091730773448944,0.3224647641181946,0.3091730773448944,0.29946476221084595,0.2861730754375458,0.020000000000000004,0.466938176,0.0,0.3209632337093353,0.9999988079071045,0.018815983086824417,0.2950925827026367,0.04370870068669319,0.2686835527420044,0.31916794180870056,0.32054468989372253,0.3209632337093353,0.3209632337093353,0.2905150353908539,0.1453615427017212,0.02542024850845337,0.030808173016541533,32021.376953125,228,nan,-1.0,True,,False,0.1895287036895752,0.0,0.1895287036895752,15.0,15.0,1.0,0.0,0.0,0.0,1.0,0.0
229,28224.111328125,155.732421875,0.0,0.5361954569816589,139.00140380859375,139.00140380859375,139.00140380859375,0.323314905166626,0.323314905166626,0.3100234270095825,0.3100234270095825,0.323314905166626,0.3100234270095825,0.323314905166626,0.3100234270095825,0.30031490325927734,0.2870234251022339,0.02,0.4666737445,0.0,0.32183700799942017,0.999998927116394,0.018844960257411003,0.2986333966255188,0.04361525550484657,0.26868361234664917,0.3199981153011322,0.32139328122138977,0.32183700799942017,0.32183700799942017,0.2901178002357483,0.145782008767128,0.024530798196792603,0.0284968501332009,28224.111328125,229,nan,-1.0,True,,False,0.1901196837425232,0.0,0.1901196837425232,15.0,15.0,1.0,0.0,0.0,0.0,1.0,0.0
230,24956.056640625,156.73899841308594,0.0,0.5356720089912415,122.65740966796875,122.65740966796875,122.65740966796875,0.3243412375450134,0.3243412375450134,0.31094953417778015,0.31094953417778015,0.3243412375450134,0.31094953417778015,0.3243412375450134,0.31094953417778015,0.3013412356376648,0.2879495322704315,0.02,0.4664085,0.0,0.32289204001426697,0.9999988079071045,0.018801933154463768,0.28375768661499023,0.04336490482091904,0.2686835825443268,0.32096052169799805,0.3223778307437897,0.32289204001426697,0.32289204001426697,0.2897983193397522,0.1461973935365677,0.023624733090400696,0.027104680237243883,24956.056640625,230,nan,-1.0,True,,False,0.1907513588666916,0.0,0.1907513588666916,15.0,15.0,1.0,0.0,0.0,0.0,1.0,0.0
231,22107.8515625,157.86341857910156,0.0,0.5408214926719666,108.39788818359375,108.39788818359375,108.39788818359375,0.3254186511039734,0.3254186511039734,0.31198054552078247,0.31198054552078247,0.3254186511039734,0.31198054552078247,0.3254186511039734,0.31198054552078247,0.30241864919662476,0.28898054361343384,0.02,0.4661424455,0.0,0.32400113344192505,0.999998927116394,0.018794160336256027,0.29601770639419556,0.043143194168806076,0.26868361234664917,0.3219640552997589,0.3234004080295563,0.32400113344192505,0.32400113344192505,0.2896740436553955,0.14660827815532684,0.02270551025867462,0.027079280983242724,22107.8515625,231,nan,-1.0,True,,False,0.19141997396945953,0.0,0.19141997396945953,15.0,15.0,1.0,0.0,0.0,0.0,1.0,0.0
232,19804.58984375,159.02479553222656,0.0,0.5406186580657959,96.87628173828125,96.87628173828125,96.87628173828125,0.32650887966156006,0.32650887966156006,0.3130415678024292,0.3130415678024292,0.32650887966156006,0.3130415678024292,0.32650887966156006,0.3130415678024292,0.3035088777542114,0.29004156589508057,0.02,0.465875584,0.0,0.32513096928596497,0.999998927116394,0.018822064623236656,0.3007351756095886,0.04309394955635071,0.2686835527420044,0.3230155408382416,0.32447612285614014,0.3251309394836426,0.3251309394836426,0.2896624207496643,0.14701496064662933,0.021771013736724854,0.029462575652157992,19804.58984375,232,nan,-1.0,True,,False,0.19212606549263,0.0,0.19212606549263,15.0,15.0,1.0,0.0,0.0,0.0,1.0,0.0
233,17867.859375,160.3060302734375,0.0,0.5406128764152527,87.18622589111328,87.18622589111328,87.18622589111328,0.3277350962162018,0.3277350962162018,0.31420764327049255,0.31420764327049255,0.3277350962162018,0.31420764327049255,0.3277350962162018,0.31420764327049255,0.30473509430885315,0.2912076413631439,0.02,0.4656079185,0.0,0.3264021575450897,0.9999990463256836,0.018834810703992844,0.2904137074947357,0.04292194917798042,0.26868361234664917,0.32416900992393494,0.3256511092185974,0.3264021575450897,0.3264021575450897,0.28987565636634827,0.1474166065454483,0.02082878351211548,0.027667923780326318,17867.859375,233,nan,-1.0,True,,False,0.19287045300006866,0.0,0.19287045300006866,15.0,15.0,1.0,0.0,0.0,0.0,1.0,0.0
234,16431.84765625,161.6815185546875,0.0,0.5392820239067078,80.00262451171875,80.00262451171875,80.00262451171875,0.3290075361728668,0.3290075361728668,0.31545430421829224,0.31545430421829224,0.3290075361728668,0.31545430421829224,0.3290075361728668,0.31545430421829224,0.3060075342655182,0.2924543023109436,0.02,0.465339452,0.0,0.32772794365882874,0.9999990463256836,0.01881924271583557,0.2789541780948639,0.042735692113637924,0.26868361234664917,0.32539835572242737,0.3269050717353821,0.32772794365882874,0.32772794365882874,0.29044201970100403,0.14781367778778076,0.01988053321838379,0.027158202331823606,16431.84765625,234,nan,-1.0,True,,False,0.1936531811952591,0.0,0.1936531811952591,15.0,15.0,1.0,0.0,0.0,0.0,1.0,0.0
235,15351.19140625,163.14918518066406,0.0,0.5441616177558899,74.5798110961914,74.5798110961914,74.5798110961914,0.3303954303264618,0.3303954303264618,0.31677868962287903,0.31677868962287903,0.3303954303264618,0.31677868962287903,0.3303954303264618,0.31677868962287903,0.30739542841911316,0.2937786877155304,0.02,0.4650701875,0.0,0.3291779160499573,0.9999991655349731,0.01882401667535305,0.2981390655040741,0.042522549629211426,0.26868361234664917,0.32665419578552246,0.3281857669353485,0.3291779160499573,0.3291779160499573,0.291359007358551,0.14820678532123566,0.018924623727798462,0.028056891859806556,15351.19140625,235,nan,-1.0,True,,False,0.19447068870067596,0.0,0.19447068870067596,15.0,15.0,1.0,0.0,0.0,0.0,1.0,0.0
236,14504.63671875,164.7421417236328,0.0,0.5429400205612183,70.34212493896484,70.34212493896484,70.34212493896484,0.33184608817100525,0.33184608817100525,0.3182094097137451,0.3182094097137451,0.33184608817100525,0.3182094097137451,0.33184608817100525,0.3182094097137451,0.3088460862636566,0.2952094078063965,0.02,0.46480012800000003,0.0,0.33070218563079834,0.9999991655349731,0.018844885751605034,0.2948802411556244,0.042436372488737106,0.26868361234664917,0.32796716690063477,0.3295248746871948,0.33070218563079834,0.33070218563079834,0.2929064631462097,0.14860393106937408,0.01795770227909088,0.028939055340338707,14504.63671875,236,nan,-1.0,True,,False,0.19531697034835815,0.0,0.19531697034835815,15.0,15.0,1.0,0.0,0.0,0.0,1.0,0.0
237,13914.0986328125,166.42115783691406,0.0,0.5440311431884766,67.37831115722656,67.37831115722656,67.37831115722656,0.3333544135093689,0.3333544135093689,0.3197099566459656,0.3197099566459656,0.3333544135093689,0.3197099566459656,0.3333544135093689,0.3197099566459656,0.31035441160202026,0.29670995473861694,0.02,0.4645292765,0.0,0.33229297399520874,0.9999991655349731,0.018864069133996964,0.2888139486312866,0.04230121150612831,0.2686835825443268,0.3294021785259247,0.3309842646121979,0.33229294419288635,0.33229294419288635,0.2948494553565979,0.14914847910404205,0.016977384686470032,0.026838519612081453,13914.0986328125,237,nan,-1.0,True,,False,0.19620294868946075,0.0,0.19620294868946075,15.0,15.0,1.0,0.0,0.0,0.0,1.0,0.0
238,14008.9951171875,166.1653289794922,0.0,0.5414275527000427,67.86058044433594,67.86058044433594,67.86058044433594,0.33314839005470276,0.33314839005470276,0.31948181986808777,0.31948181986808777,0.33314839005470276,0.31948181986808777,0.33314839005470276,0.31948181986808777,0.3101483881473541,0.29648181796073914,0.02,0.46425763600000003,0.0,0.3320721387863159,0.9999991655349731,0.018833180889487267,0.30285513401031494,0.04225857928395271,0.2686835825443268,0.3292037546634674,0.33078083395957947,0.3320721387863159,0.3320721387863159,0.2956010401248932,0.1496943086385727,0.01598033308982849,0.014966777299479064,13914.0986328125,237,nan,-1.0,True,,False,0.19605009257793427,0.0,0.19605009257793427,15.0,15.0,1.0,0.0,0.0,0.0,1.0,0.0
239,14335.3955078125,165.31227111816406,0.0,0.5461137890815735,69.4851303100586,69.4851303100586,69.4851303100586,0.3323730528354645,0.3323730528354645,0.3187197744846344,0.3187197744846344,0.3323730528354645,0.3187197744846344,0.3323730528354645,0.3187197744846344,0.30937305092811584,0.29571977257728577,0.02,0.4639852095,0.0,0.33124932646751404,0.9999991655349731,0.01885231025516987,0.30662083625793457,0.042350638657808304,0.26868361234664917,0.32847630977630615,0.33004093170166016,0.33124932646751404,0.33124932646751404,0.2961994707584381,0.15023617446422577,0.014985784888267517,0.028116670197858993,13914.0986328125,237,nan,-1.0,True,,False,0.19555948674678802,0.0,0.19555948674678802,15.0,15.0,1.0,0.0,0.0,0.0,1.0,0.0
240,14593.1708984375,164.77255249023438,0.0,0.5439733266830444,70.78205871582031,70.78205871582031,70.78205871582031,0.33187630772590637,0.33187630772590637,0.31823664903640747,0.31823664903640747,0.33187630772590637,0.31823664903640747,0.33187630772590637,0.31823664903640747,0.30887630581855774,0.29523664712905884,0.02,0.463712,0.0,0.33072397112846375,0.9999991655349731,0.018846215680241585,0.29212361574172974,0.04244726523756981,0.2686835825443268,0.32802340388298035,0.3295787274837494,0.33072397112846375,0.33072397112846375,0.2973223626613617,0.15077221393585205,0.013987824320793152,0.008086424828636356,13914.0986328125,237,nan,-1.0,True,,False,0.1952507495880127,0.0,0.1952507495880127,15.0,15.0,1.0,0.0,0.0,0.0,1.0,0.0
241,14159.8076171875,165.9137420654297,0.0,0.5441781282424927,68.60902404785156,68.60902404785156,68.60902404785156,0.3329387605190277,0.3329387605190277,0.3192572593688965,0.3192572593688965,0.3329387605190277,0.3192572593688965,0.3329387605190277,0.3192572593688965,0.3099387586116791,0.29625725746154785,0.02,0.4634380105,0.0,0.33184003829956055,0.9999991655349731,0.01884930580854416,0.28882795572280884,0.04227832332253456,0.2686835825443268,0.3290071487426758,0.3305787444114685,0.33184003829956055,0.33184003829956055,0.2999178171157837,0.1513116955757141,0.013080120086669922,0.0267238594210034,13914.0986328125,237,nan,-1.0,True,,False,0.1958463490009308,0.0,0.1958463490009308,15.0,15.0,1.0,0.0,0.0,0.0,1.0,0.0
242,13686.8583984375,167.62545776367188,0.0,0.5441367030143738,66.23582458496094,66.23582458496094,66.23582458496094,0.3344515860080719,0.3344515860080719,0.3207815885543823,0.3207815885543823,0.3344515860080719,0.3207815885543823,0.3344515860080719,0.3207815885543823,0.31145158410072327,0.2977815866470337,0.02,0.463163244,0.0,0.3334415853023529,0.9999992847442627,0.018887773156166077,0.2998215854167938,0.04217218607664108,0.26868361234664917,0.3304055631160736,0.3320019543170929,0.3334416151046753,0.3334416151046753,0.30295783281326294,0.15185502171516418,0.01220773160457611,0.02770770604062515,13686.8583984375,242,nan,-1.0,True,,False,0.1967109888792038,0.0,0.1967109888792038,15.0,15.0,1.0,0.0,0.0,0.0,1.0,0.0
243,13339.267578125,169.43853759765625,0.0,0.5462350249290466,64.48355865478516,64.48355865478516,64.48355865478516,0.3360500633716583,0.3360500633716583,0.3223876953125,0.3223876953125,0.3360500633716583,0.3223876953125,0.3360500633716583,0.3223876953125,0.3130500614643097,0.29938769340515137,0.02,0.46288770349999997,0.0,0.3351430594921112,0.9999992847442627,0.01890079863369465,0.2916925847530365,0.04212680459022522,0.26868361234664917,0.33184635639190674,0.3334680199623108,0.3351430594921112,0.3351430594921112,0.30611130595207214,0.1524023711681366,0.011366218328475952,0.029103075089450512,13339.267578125,243,nan,-1.0,True,,False,0.19760698080062866,0.0,0.19760698080062866,15.0,15.0,1.0,0.0,0.0,0.0,1.0,0.0
244,13255.9169921875,169.97454833984375,0.0,0.5431254506111145,64.0718994140625,64.0718994140625,64.0718994140625,0.3365556001663208,0.3365556001663208,0.32286086678504944,0.32286086678504944,0.3365556001663208,0.32286086678504944,0.3365556001663208,0.32286086678504944,0.31355559825897217,0.2998608648777008,0.02,0.462611392,0.0,0.33567824959754944,0.9999992847442627,0.01888381876051426,0.30887171626091003,0.04206974431872368,0.26868361234664917,0.3323096036911011,0.33393576741218567,0.33567824959754944,0.33567824959754944,0.3082095682621002,0.15295426547527313,0.01056806743144989,0.028611250454559922,13255.9169921875,244,nan,-1.0,True,,False,0.1978658139705658,0.0,0.1978658139705658,15.0,15.0,1.0,0.0,0.0,0.0,1.0,0.0
245,13025.607421875,171.85986328125,0.0005918067181482911,0.5453664660453796,62.90384292602539,62.90384292602539,62.90384292602539,0.3382375240325928,0.3382375240325928,0.3245192766189575,0.3245192766189575,0.3382375240325928,0.3245192766189575,0.3382375240325928,0.3245192766189575,0.31523752212524414,0.3015192747116089,0.02,0.4623343125,0.0,0.33749493956565857,0.9999992847442627,0.018928805366158485,0.2960442006587982,0.041946593672037125,0.26868361234664917,0.3338478207588196,0.3355029225349426,0.33749493956565857,0.33749493956565857,0.31132879853248596,0.15350554883480072,0.009756729006767273,0.028015962255368423,13025.607421875,245,nan,-1.0,True,,False,0.19887670874595642,0.0,0.19887670874595642,15.0,15.0,1.0,0.0,0.0,0.0,1.0,0.0
246,12868.4814453125,173.92013549804688,0.011225965805351734,0.5465530157089233,62.07836151123047,62.07836151123047,62.07836151123047,0.340035080909729,0.340035080909729,0.32632121443748474,0.32632121443748474,0.340035080909729,0.32632121443748474,0.340035080909729,0.32632121443748474,0.31703507900238037,0.3033212125301361,0.02,0.462056468,0.0,0.33944737911224365,0.9999992847442627,0.018955543637275696,0.30091267824172974,0.04189176857471466,0.2686835527420044,0.3354871869087219,0.3371678590774536,0.33944737911224365,0.33944737911224365,0.3144393563270569,0.1540590077638626,0.008940473198890686,0.027965008934390627,12868.4814453125,246,nan,-1.0,True,,False,0.19992022216320038,0.0,0.19992022216320038,15.0,15.0,1.0,0.0,0.0,0.0,0.0,0.0
247,12825.1357421875,174.92237854003906,0.032987724989652634,0.5459924340248108,61.803619384765625,61.803619384765625,61.803619384765625,0.3408997654914856,0.3408997654914856,0.3271939158439636,0.3271939158439636,0.3408997654914856,0.3271939158439636,0.3408997654914856,0.3271939158439636,0.31789976358413696,0.304193913936615,0.02,0.4617778615,0.0,0.3403894007205963,0.9999994039535522,0.018971694633364677,0.29886531829833984,0.041869405657052994,0.2686834931373596,0.3362421989440918,0.3379330635070801,0.3403894007205963,0.3403894007205963,0.31659284234046936,0.15461574494838715,0.00818374752998352,0.014846576972761087,12825.1357421875,247,nan,-1.0,True,,False,0.20041944086551666,0.0,0.20041944086551666,15.0,15.0,1.0,0.0,0.0,0.0,0.0,0.0
248,12833.5712890625,175.09938049316406,0.05900634452700615,0.5480819940567017,61.77463912963867,61.77463912963867,61.77463912963867,0.34104758501052856,0.34104758501052856,0.3273477852344513,0.3273477852344513,0.34104758501052856,0.3273477852344513,0.34104758501052856,0.3273477852344513,0.31804758310317993,0.30434778332710266,0.02,0.46149849600000004,0.0,0.34054774045944214,0.9999994039535522,0.01897066831588745,0.305447518825531,0.041848618537187576,0.26868361234664917,0.3363593518733978,0.3380531966686249,0.34054774045944214,0.34054774045944214,0.3179612457752228,0.15531857311725616,0.00757087767124176,0.01694424115380065,12825.1357421875,247,nan,-1.0,True,,False,0.20048344135284424,0.0,0.20048344135284424,15.0,15.0,1.0,0.0,0.0,0.0,0.0,0.0
249,12827.8779296875,175.47406005859375,0.0833238884806633,0.5522952079772949,61.6729736328125,61.6729736328125,61.6729736328125,0.34136390686035156,0.34136390686035156,0.3276732265949249,0.3276732265949249,0.34136390686035156,0.3276732265949249,0.34136390686035156,0.3276732265949249,0.31836390495300293,0.3046732246875763,0.02,0.46121837450000003,0.0,0.340902179479599,0.9999992847442627,0.01897672936320305,0.2997590899467468,0.0418434776365757,0.2686835825443268,0.3365791141986847,0.3382762372493744,0.340902179479599,0.340902179479599,0.3193376958370209,0.15610119700431824,0.007113412022590637,0.013168761131560637,12825.1357421875,247,nan,-1.0,True,,False,0.20069962739944458,0.0,0.20069962739944458,15.0,15.0,1.0,0.0,0.0,0.0,0.0,0.0
250,12771.421875,177.2816162109375,0.10243172198534012,0.5524359941482544,61.33353042602539,61.33353042602539,61.33353042602539,0.34288719296455383,0.34288719296455383,0.3292384445667267,0.3292384445667267,0.34288719296455383,0.3292384445667267,0.34288719296455383,0.3292384445667267,0.3198871910572052,0.30623844265937805,0.02,0.4609375,0.0,0.3425886929035187,0.9999994039535522,0.01901008002460003,0.3123287260532379,0.041692085564136505,0.26868361234664917,0.33789801597595215,0.3396202623844147,0.3425886929035187,0.3425886929035187,0.3215230405330658,0.15688711404800415,0.0067995041608810425,0.010733607380340496,12771.421875,250,nan,-1.0,True,,False,0.2016136646270752,0.0,0.2016136646270752,15.0,15.0,1.0,0.0,0.0,0.0,0.0,0.0
251,12734.037109375,178.81060791015625,0.11162968724966049,0.55629563331604,61.106319427490234,61.106319427490234,61.106319427490234,0.34419724345207214,0.34419724345207214,0.330556184053421,0.330556184053421,0.34419724345207214,0.330556184053421,0.34419724345207214,0.330556184053421,0.3211972415447235,0.3075561821460724,0.02,0.4606558755,0.0,0.34407147765159607,0.9999994039535522,0.01901368610560894,0.30660003423690796,0.041450951248407364,0.26868361234664917,0.3391124904155731,0.34085121750831604,0.34407147765159607,0.34407147765159607,0.3235527575016022,0.15767492353916168,0.006658896803855896,0.01119212324718117,12734.037109375,251,nan,-1.0,True,,False,0.20250804722309113,0.0,0.20250804722309113,15.0,15.0,1.0,0.0,0.0,0.0,0.0,0.0
252,12703.8037109375,180.4627685546875,0.10842881351709366,0.5580318570137024,60.9505500793457,60.9505500793457,60.9505500793457,0.3455744981765747,0.3455744981765747,0.3319737911224365,0.3319737911224365,0.3455744981765747,0.3319737911224365,0.3455744981765747,0.3319737911224365,0.3225744962692261,0.3089737892150879,0.02,0.460373504,0.0,0.34563276171684265,0.9999994039535522,0.018979348242282867,0.3077494502067566,0.0411095917224884,0.2686835825443268,0.3403150737285614,0.3420720398426056,0.34563276171684265,0.34563276171684265,0.32551684975624084,0.1584632247686386,0.006707146763801575,0.00979841308758801,12703.8037109375,252,nan,-1.0,True,,False,0.20337927341461182,0.0,0.20337927341461182,15.0,15.0,1.0,0.0,0.0,0.0,0.0,0.0
253,12693.5693359375,180.3349151611328,0.09301372617483139,0.5572664141654968,60.94047164916992,60.94047164916992,60.94047164916992,0.34542831778526306,0.34542831778526306,0.3318643271923065,0.3318643271923065,0.34542831778526306,0.3318643271923065,0.34542831778526306,0.3318643271923065,0.32242831587791443,0.3088643252849579,0.02,0.4600903885,0.0,0.3455020487308502,0.9999994039535522,0.018974874168634415,0.30958738923072815,0.04111962392926216,0.26868361234664917,0.3401411175727844,0.34189701080322266,0.3455020487308502,0.3455020487308502,0.32611173391342163,0.15925149619579315,0.00695018470287323,0.01170465835214903,12693.5693359375,253,nan,-1.0,True,,False,0.20344576239585876,0.0,0.20344576239585876,15.0,15.0,1.0,0.0,0.0,0.0,0.0,0.0
254,12687.912109375,179.7377166748047,0.06829573214054108,0.5610856413841248,60.9674186706543,60.9674186706543,60.9674186706543,0.34487155079841614,0.34487155079841614,0.33135247230529785,0.33135247230529785,0.34487155079841614,0.33135247230529785,0.34487155079841614,0.33135247230529785,0.3218715488910675,0.3083524703979492,0.02,0.459806532,0.0,0.34491345286369324,0.9999994039535522,0.018942171707749367,0.30910351872444153,0.04113216698169708,0.26868361234664917,0.3396233320236206,0.341377854347229,0.34491345286369324,0.34491345286369324,0.3261553645133972,0.16003842651844025,0.007386654615402222,0.01213104870597211,12687.912109375,254,nan,-1.0,True,,False,0.20328669250011444,0.0,0.20328669250011444,15.0,15.0,1.0,0.0,0.0,0.0,0.0,0.0
255,12681.6376953125,178.89727783203125,0.038898974657058716,0.5616230368614197,61.01239776611328,61.01239776611328,61.01239776611328,0.3441663980484009,0.3441663980484009,0.33063071966171265,0.33063071966171265,0.3441663980484009,0.33063071966171265,0.3441663980484009,0.33063071966171265,0.32116639614105225,0.307630717754364,0.02,0.45952193750000003,0.0,0.34416621923446655,0.9999995231628418,0.01892106421291828,0.32461124658584595,0.041075702756643295,0.2686835527420044,0.3389667570590973,0.34071648120880127,0.34416624903678894,0.34416624903678894,0.3259629011154175,0.1608237475156784,0.008027717471122742,0.016584350863316406,12681.6376953125,255,nan,-1.0,True,,False,0.20306642353534698,0.0,0.20306642353534698,15.0,15.0,1.0,0.0,0.0,0.0,0.0,0.0
256,12678.8115234375,177.9268798828125,0.012891068123281002,0.5633360743522644,61.06385803222656,61.06385803222656,61.06385803222656,0.3433602452278137,0.3433602452278137,0.329795241355896,0.329795241355896,0.3433602452278137,0.329795241355896,0.3433602452278137,0.329795241355896,0.3203602433204651,0.30679523944854736,0.02,0.459236608,0.0,0.3433133661746979,0.9999995231628418,0.018898358568549156,0.3094530701637268,0.04100688174366951,0.2686835825443268,0.3382515013217926,0.3399960994720459,0.3433133661746979,0.3433133661746979,0.32568612694740295,0.16160759329795837,0.008864611387252808,0.0170307103673824,12678.8115234375,256,nan,-1.0,True,,False,0.20282423496246338,0.0,0.20282423496246338,15.0,15.0,1.0,0.0,0.0,0.0,0.0,0.0
257,12682.66796875,177.08056640625,0.00013466362725012004,0.5672659277915955,61.10943603515625,61.10943603515625,61.10943603515625,0.342620313167572,0.342620313167572,0.3290647268295288,0.3290647268295288,0.342620313167572,0.3290647268295288,0.342620313167572,0.3290647268295288,0.3196203112602234,0.3060647249221802,0.02,0.4589505465,0.0,0.3425345718860626,0.9999994039535522,0.018840910866856575,0.3151899576187134,0.04101422429084778,0.26868361234664917,0.3375483453273773,0.33928969502449036,0.3425345718860626,0.3425345718860626,0.3252488672733307,0.1623883992433548,0.009883955121040344,0.028797888743510056,12678.8115234375,256,nan,-1.0,True,,False,0.2026088684797287,0.0,0.2026088684797287,15.0,15.0,1.0,0.0,0.0,0.0,0.0,0.0
258,12695.1123046875,176.05076599121094,0.0,0.5657888054847717,61.18083572387695,61.18083572387695,61.18083572387695,0.3416603207588196,0.3416603207588196,0.3281734883785248,0.3281734883785248,0.3416603207588196,0.3281734883785248,0.3416603207588196,0.3281734883785248,0.31866031885147095,0.30517348647117615,0.02,0.45866375600000003,0.0,0.34152042865753174,0.9999994039535522,0.018831891939044,0.3068394660949707,0.041072431951761246,0.2686834931373596,0.3366111218929291,0.3383461833000183,0.34152042865753174,0.34152042865753174,0.3243301808834076,0.1631731390953064,0.01099124550819397,0.02084119908653924,12678.8115234375,256,nan,-1.0,True,,False,0.20231741666793823,0.0,0.20231741666793823,15.0,15.0,1.0,0.0,0.0,0.0,0.0,0.0
259,12705.0908203125,175.28196716308594,0.0,0.5694411396980286,61.225440979003906,61.225440979003906,61.225440979003906,0.34100577235221863,0.34100577235221863,0.327506422996521,0.327506422996521,0.34100577235221863,0.327506422996521,0.34100577235221863,0.327506422996521,0.31800577044487,0.30450642108917236,0.02,0.4583762395,0.0,0.34084004163742065,0.9999994039535522,0.018791455775499344,0.3135077953338623,0.04104216769337654,0.2686834931373596,0.336035817861557,0.3377671241760254,0.34084004163742065,0.34084004163742065,0.32407328486442566,0.16394786536693573,0.012163013219833374,0.022632201897471935,12678.8115234375,256,nan,-1.0,True,,False,0.2021675407886505,0.0,0.2021675407886505,15.0,15.0,1.0,0.0,0.0,0.0,1.0,0.0
260,12711.4814453125,174.76217651367188,0.0,0.5735153555870056,61.24980926513672,61.24980926513672,61.24980926513672,0.3405447006225586,0.3405447006225586,0.32705458998680115,0.32705458998680115,0.3405447006225586,0.32705458998680115,0.3405447006225586,0.32705458998680115,0.31754469871520996,0.3040545880794525,0.02,0.458088,0.0,0.34037482738494873,0.9999994039535522,0.018806373700499535,0.3094196915626526,0.041031237691640854,0.2686835527420044,0.335536390542984,0.33726581931114197,0.34037482738494873,0.34037482738494873,0.3237728774547577,0.1647174060344696,0.013419345021247864,0.029162171164191224,12678.8115234375,256,nan,-1.0,True,,False,0.20213182270526886,0.0,0.20213182270526886,15.0,15.0,1.0,0.0,0.0,0.0,1.0,0.0
261,12719.5703125,174.44224548339844,0.0,0.5739128589630127,61.29085922241211,61.29085922241211,61.29085922241211,0.3401561975479126,0.3401561975479126,0.3267761468887329,0.3267761468887329,0.3401561975479126,0.3267761468887329,0.3401561975479126,0.3267761468887329,0.31715619564056396,0.3037761449813843,0.02,0.4577990405,0.0,0.33997052907943726,0.9999994039535522,0.01879298873245716,0.3064035177230835,0.04121159389615059,0.2686835825443268,0.335096150636673,0.33682432770729065,0.33997052907943726,0.33997052907943726,0.32355475425720215,0.1654866337776184,0.014728903770446777,0.02544096296898917,12678.8115234375,256,nan,-1.0,True,,False,0.20203030109405518,0.0,0.20203030109405518,15.0,15.0,1.0,0.0,0.0,0.0,1.0,0.0
262,12728.341796875,174.53106689453125,0.0,0.5802134871482849,61.318519592285156,61.318519592285156,61.318519592285156,0.34038665890693665,0.34038665890693665,0.326853483915329,0.326853483915329,0.34038665890693665,0.326853483915329,0.34038665890693665,0.326853483915329,0.317386656999588,0.30385348200798035,0.02,0.45750936400000003,0.0,0.34018340706825256,0.9999994039535522,0.01871057040989399,0.3079049587249756,0.04079984128475189,0.26868361234664917,0.33540552854537964,0.3371315598487854,0.34018340706825256,0.34018340706825256,0.323677122592926,0.16625365614891052,0.016075924038887024,0.023953423988940712,12678.8115234375,256,nan,-1.0,True,,False,0.20197275280952454,0.0,0.20197275280952454,15.0,15.0,1.0,0.0,0.0,0.0,1.0,0.0
263,12748.3515625,172.5462646484375,0.0,0.5805347561836243,61.42768859863281,61.42768859863281,61.42768859863281,0.33868736028671265,0.33868736028671265,0.32512080669403076,0.32512080669403076,0.33868736028671265,0.32512080669403076,0.33868736028671265,0.32512080669403076,0.315687358379364,0.30212080478668213,0.02,0.45721897349999996,0.0,0.3384341597557068,0.9999994039535522,0.01869407668709755,0.30836057662963867,0.040801580995321274,0.2686834931373596,0.3338901102542877,0.3356097638607025,0.3384341597557068,0.3384341597557068,0.3227625787258148,0.16701924800872803,0.0174589604139328,0.028402321331668645,12678.8115234375,256,nan,-1.0,True,,False,0.20163778960704803,0.0,0.20163778960704803,15.0,15.0,1.0,0.0,0.0,0.0,1.0,0.0
264,12822.6611328125,170.87644958496094,0.0,0.5835440754890442,61.80006408691406,61.80006408691406,61.80006408691406,0.3370629549026489,0.3370629549026489,0.323655366897583,0.323655366897583,0.3370629549026489,0.323655366897583,0.3370629549026489,0.323655366897583,0.3140629529953003,0.3006553649902344,0.02,0.456927872,0.0,0.33664992451667786,0.9999994039535522,0.01870882511138916,0.30999869108200073,0.041198793798685074,0.2686835527420044,0.33225899934768677,0.3339574337005615,0.33664992451667786,0.33664992451667786,0.32143792510032654,0.16777658462524414,0.018876543268561363,0.02568069148077888,12678.8115234375,256,nan,-1.0,True,,False,0.20073603093624115,0.0,0.20073603093624115,15.0,15.0,1.0,0.0,0.0,0.0,1.0,0.0
265,12925.4697265625,168.85537719726562,0.0,0.5874668955802917,62.31440353393555,62.31440353393555,62.31440353393555,0.33532965183258057,0.33532965183258057,0.3218720257282257,0.3218720257282257,0.33532965183258057,0.3218720257282257,0.33532965183258057,0.3218720257282257,0.31232964992523193,0.2988720238208771,0.02,0.4566360625,0.0,0.33477717638015747,0.9999992847442627,0.018647367134690285,0.3013176918029785,0.04115390405058861,0.2686835527420044,0.33070600032806396,0.33238351345062256,0.33477717638015747,0.33477717638015747,0.32012781500816345,0.16852641105651855,0.02032594010233879,0.025759249891658936,12678.8115234375,256,nan,-1.0,True,,False,0.1998680979013443,0.0,0.1998680979013443,15.0,15.0,1.0,0.0,0.0,0.0,1.0,0.0
266,13029.18359375,167.2112274169922,0.0,0.5878790020942688,62.84016799926758,62.84016799926758,62.84016799926758,0.33390557765960693,0.33390557765960693,0.32041341066360474,0.32041341066360474,0.33390557765960693,0.32041341066360474,0.33390557765960693,0.32041341066360474,0.3109055757522583,0.2974134087562561,0.02,0.456343548,0.0,0.33326059579849243,0.9999994039535522,0.018603840842843056,0.30587440729141235,0.04107826203107834,0.26868361234664917,0.32948049902915955,0.33114326000213623,0.33326059579849243,0.33326059579849243,0.3192169964313507,0.16926227509975433,0.021803930401802063,0.024370629935421877,12678.8115234375,256,nan,-1.0,True,,False,0.19921766221523285,0.0,0.19921766221523285,15.0,15.0,1.0,0.0,0.0,0.0,1.0,0.0
267,13210.1357421875,165.6018524169922,0.0,0.5934544205665588,63.73903274536133,63.73903274536133,63.73903274536133,0.3324469029903412,0.3324469029903412,0.3189786672592163,0.3189786672592163,0.3324469029903412,0.3189786672592163,0.3324469029903412,0.3189786672592163,0.30944690108299255,0.2959786653518677,0.02,0.45605033149999996,0.0,0.33169126510620117,0.9999994039535522,0.018571723252534866,0.30667844414711,0.04114662483334541,0.26868361234664917,0.3280734419822693,0.32971519231796265,0.33169126510620117,0.33169126510620117,0.31797245144844055,0.16998672485351562,0.023305118083953857,0.02383530441147741,12678.8115234375,256,nan,-1.0,True,,False,0.19841839373111725,0.0,0.19841839373111725,15.0,15.0,1.0,0.0,0.0,0.0,1.0,0.0
268,13440.5322265625,163.9895477294922,0.0,0.5933859944343567,64.89924621582031,64.89924621582031,64.89924621582031,0.33098313212394714,0.33098313212394714,0.31753432750701904,0.31753432750701904,0.33098313212394714,0.31753432750701904,0.33098313212394714,0.31753432750701904,0.3079831302165985,0.2945343255996704,0.02,0.455756416,0.0,0.33013370633125305,0.9999994039535522,0.018534675240516663,0.31273728609085083,0.0411347821354866,0.26868361234664917,0.3267628848552704,0.3283845782279968,0.33013370633125305,0.33013370633125305,0.3169339597225189,0.17068929970264435,0.024829819798469543,0.0267279808758758,12678.8115234375,256,nan,-1.0,True,,False,0.19765575230121613,0.0,0.19765575230121613,15.0,15.0,1.0,0.0,0.0,0.0,1.0,0.0
269,13746.0224609375,162.51870727539062,0.0,0.5948556661605835,66.43038177490234,66.43038177490234,66.43038177490234,0.32962271571159363,0.32962271571159363,0.3162105083465576,0.3162105083465576,0.32962271571159363,0.3162105083465576,0.32962271571159363,0.3162105083465576,0.306622713804245,0.293210506439209,0.02,0.4554618045,0.0,0.32869020104408264,0.9999992847442627,0.01851610280573368,0.3156619668006897,0.04121425002813339,0.26868361234664917,0.3254903554916382,0.3270927965641022,0.32869020104408264,0.32869020104408264,0.3159743845462799,0.17136861383914948,0.0263679102063179,0.02442775187308952,12678.8115234375,256,nan,-1.0,True,,False,0.1969301998615265,0.0,0.1969301998615265,15.0,15.0,1.0,0.0,0.0,0.0,1.0,0.0
270,14129.2490234375,161.14859008789062,0.0,0.6009851098060608,68.3380355834961,68.3380355834961,68.3380355834961,0.3283415138721466,0.3283415138721466,0.314971923828125,0.314971923828125,0.3283415138721466,0.314971923828125,0.3283415138721466,0.314971923828125,0.305341511964798,0.29197192192077637,0.02,0.45516650000000003,0.0,0.3273375332355499,0.9999991655349731,0.018494028598070145,0.3132699728012085,0.041356079280376434,0.26868361234664917,0.3243310749530792,0.325914591550827,0.3273375332355499,0.3273375332355499,0.3148382902145386,0.17204749584197998,0.027924105525016785,0.027085826808211602,12678.8115234375,256,nan,-1.0,True,,False,0.19624216854572296,0.0,0.19624216854572296,15.0,15.0,1.0,0.0,0.0,0.0,1.0,0.0
271,14631.498046875,159.90830993652344,0.0,0.5981654524803162,70.86253356933594,70.86253356933594,70.86253356933594,0.32723328471183777,0.32723328471183777,0.3138461709022522,0.3138461709022522,0.32723328471183777,0.3138461709022522,0.32723328471183777,0.3138461709022522,0.30423328280448914,0.29084616899490356,0.02,0.45487050549999997,0.0,0.32616379857063293,0.9999991655349731,0.018484709784388542,0.3123524785041809,0.04139455407857895,0.26868361234664917,0.3232056200504303,0.3247685432434082,0.32616379857063293,0.32616379857063293,0.31403279304504395,0.17271824181079865,0.029482528567314148,0.027045721406466328,12678.8115234375,256,nan,-1.0,True,,False,0.19559188187122345,0.0,0.19559188187122345,15.0,15.0,1.0,0.0,0.0,0.0,1.0,0.0
272,15225.5693359375,158.57911682128906,0.0,0.6000758409500122,73.83476257324219,73.83476257324219,73.83476257324219,0.3259553015232086,0.3259553015232086,0.3126348555088043,0.3126348555088043,0.3259553015232086,0.3126348555088043,0.3259553015232086,0.3126348555088043,0.30295529961586,0.2896348536014557,0.02,0.45457382399999996,0.0,0.32483479380607605,0.9999991655349731,0.018490787595510483,0.3080000579357147,0.04158646985888481,0.26868361234664917,0.32216545939445496,0.323712021112442,0.32483479380607605,0.32483479380607605,0.3130415678024292,0.17337998747825623,0.031045876443386078,0.0287313534386663,12678.8115234375,256,nan,-1.0,True,,False,0.194976806640625,0.0,0.194976806640625,15.0,15.0,1.0,0.0,0.0,0.0,1.0,0.0
273,15629.3701171875,157.88865661621094,0.0,0.6064462065696716,75.84129333496094,75.84129333496094,75.84129333496094,0.32531312108039856,0.32531312108039856,0.31200364232063293,0.31200364232063293,0.32531312108039856,0.31200364232063293,0.32531312108039856,0.31200364232063293,0.3023131191730499,0.2890036404132843,0.02,0.45427645850000004,0.0,0.3241633474826813,0.9999992847442627,0.018463455140590668,0.3069183826446533,0.04161045327782631,0.26868361234664917,0.3215630352497101,0.3230988085269928,0.3241633474826813,0.3241633474826813,0.31241342425346375,0.17403358221054077,0.03260944038629532,0.010221707408264693,12678.8115234375,256,nan,-1.0,True,,False,0.1946297436952591,0.0,0.1946297436952591,15.0,15.0,1.0,0.0,0.0,0.0,1.0,0.0
274,15405.0791015625,158.31442260742188,0.0,0.6043788194656372,74.7228775024414,74.7228775024414,74.7228775024414,0.32577067613601685,0.32577067613601685,0.31239303946495056,0.31239303946495056,0.32577067613601685,0.31239303946495056,0.32577067613601685,0.31239303946495056,0.3027706742286682,0.28939303755760193,0.02,0.453978412,0.0,0.3246377110481262,0.9999992847442627,0.01846395432949066,0.2981763482093811,0.04145384579896927,0.26868361234664917,0.32182177901268005,0.3233630657196045,0.3246377110481262,0.3246377110481262,0.3128054141998291,0.1746785193681717,0.0341935008764267,0.010225576180447307,12678.8115234375,256,nan,-1.0,True,,False,0.19485844671726227,0.0,0.19485844671726227,15.0,15.0,1.0,0.0,0.0,0.0,1.0,0.0
275,15138.27734375,158.69041442871094,0.0,0.6065146327018738,73.38165283203125,73.38165283203125,73.38165283203125,0.3260210156440735,0.3260210156440735,0.31273648142814636,0.31273648142814636,0.3260210156440735,0.31273648142814636,0.3260210156440735,0.31273648142814636,0.30302101373672485,0.28973647952079773,0.02,0.4536796875,0.0,0.32491546869277954,0.9999992847442627,0.018464824184775352,0.30905404686927795,0.04155361279845238,0.26868361234664917,0.3221858739852905,0.32373642921447754,0.32491546869277954,0.32491546869277954,0.31293967366218567,0.17531520128250122,0.03579574078321457,0.009564174756330127,12678.8115234375,256,nan,-1.0,True,,False,0.19513674080371857,0.0,0.19513674080371857,15.0,15.0,1.0,0.0,0.0,0.0,1.0,0.0
276,14851.5947265625,159.1470947265625,0.0,0.6112616658210754,71.93408203125,71.93408203125,71.93408203125,0.3264921307563782,0.3264921307563782,0.31315308809280396,0.31315308809280396,0.3264921307563782,0.31315308809280396,0.3264921307563782,0.31315308809280396,0.30349212884902954,0.2901530861854553,0.02,0.45338028799999996,0.0,0.32541510462760925,0.9999991655349731,0.018463511019945145,0.29145553708076477,0.04141737520694733,0.26868361234664917,0.32259467244148254,0.32415327429771423,0.32541510462760925,0.32541510462760925,0.31300386786460876,0.1759442239999771,0.03737002611160278,0.010615074146901153,12678.8115234375,256,nan,-1.0,True,,False,0.19546596705913544,0.0,0.19546596705913544,15.0,15.0,1.0,0.0,0.0,0.0,1.0,0.0
277,14544.3154296875,159.80184936523438,0.0,0.6147618889808655,70.38566589355469,70.38566589355469,70.38566589355469,0.32715553045272827,0.32715553045272827,0.3137493431568146,0.3137493431568146,0.32715553045272827,0.3137493431568146,0.32715553045272827,0.3137493431568146,0.30415552854537964,0.29074934124946594,0.02,0.45308021649999997,0.0,0.32611382007598877,0.9999992847442627,0.018443625420331955,0.30469903349876404,0.041249506175518036,0.26868361234664917,0.323087215423584,0.3246568739414215,0.32611382007598877,0.32611382007598877,0.313353031873703,0.17656463384628296,0.03701591491699219,0.009600403398508206,12678.8115234375,256,nan,-1.0,True,,False,0.19584862887859344,0.0,0.19584862887859344,15.0,15.0,1.0,0.0,0.0,0.0,1.0,0.0
278,14244.052734375,160.38980102539062,0.0,0.615848958492279,68.87869262695312,68.87869262695312,68.87869262695312,0.32761937379837036,0.32761937379837036,0.31428372859954834,0.31428372859954834,0.32761937379837036,0.31428372859954834,0.32761937379837036,0.31428372859954834,0.30461937189102173,0.2912837266921997,0.02,0.452779476,0.0,0.3266235888004303,0.9999992847442627,0.018473800271749496,0.3001459240913391,0.041364267468452454,0.2686835825443268,0.323672890663147,0.3252553343772888,0.3266235888004303,0.3266235888004303,0.3135972321033478,0.17717719078063965,0.036569833755493164,0.01142779798182245,12678.8115234375,256,nan,-1.0,True,,False,0.19628594815731049,0.0,0.19628594815731049,15.0,15.0,1.0,0.0,0.0,0.0,1.0,0.0
279,13935.3056640625,161.22535705566406,0.0,0.6158888936042786,67.33068084716797,67.33068084716797,67.33068084716797,0.3284219801425934,0.3284219801425934,0.3150414526462555,0.3150414526462555,0.3284219801425934,0.3150414526462555,0.3284219801425934,0.3150414526462555,0.30542197823524475,0.29204145073890686,0.02,0.45247806949999997,0.0,0.3274785280227661,0.9999992847442627,0.018514510244131088,0.3013976812362671,0.04115324094891548,0.26868361234664917,0.3243253827095032,0.32592159509658813,0.3274785280227661,0.3274785280227661,0.3139226734638214,0.17778190970420837,0.036028265953063965,0.019870420361662075,12678.8115234375,256,nan,-1.0,True,,False,0.19677869975566864,0.0,0.19677869975566864,15.0,15.0,1.0,0.0,0.0,0.0,1.0,0.0
280,13909.6279296875,161.28607177734375,0.0,0.6249439716339111,67.17935180664062,67.17935180664062,67.17935180664062,0.32850998640060425,0.32850998640060425,0.3150964379310608,0.3150964379310608,0.32850998640060425,0.3150964379310608,0.32850998640060425,0.3150964379310608,0.3055099844932556,0.29209643602371216,0.02,0.452176,0.0,0.3275642991065979,0.9999992847442627,0.01850043050944805,0.2959895431995392,0.04116501659154892,0.2686835825443268,0.32422733306884766,0.32582318782806396,0.3275642991065979,0.3275642991065979,0.31380346417427063,0.17837941646575928,0.0353967547416687,0.031133757972080883,12678.8115234375,256,nan,-1.0,True,,False,0.19677019119262695,0.0,0.19677019119262695,15.0,15.0,1.0,0.0,0.0,0.0,1.0,0.0
281,13918.1806640625,160.9231414794922,0.0,0.6282616853713989,67.21563720703125,67.21563720703125,67.21563720703125,0.3281037211418152,0.3281037211418152,0.31476762890815735,0.31476762890815735,0.3281037211418152,0.31476762890815735,0.3281037211418152,0.31476762890815735,0.30510371923446655,0.2917676270008087,0.02,0.4518732705,0.0,0.32716599106788635,0.9999994039535522,0.01851823180913925,0.3025880455970764,0.04134461283683777,0.2686835825443268,0.3241859972476959,0.3257821500301361,0.32716602087020874,0.32716602087020874,0.3133496046066284,0.17896875739097595,0.03469383716583252,0.020695845531817112,12678.8115234375,256,nan,-1.0,True,,False,0.19680318236351013,0.0,0.19680318236351013,15.0,15.0,1.0,0.0,0.0,0.0,1.0,0.0
282,13881.2080078125,161.28318786621094,0.0,0.6297789812088013,67.02517700195312,67.02517700195312,67.02517700195312,0.32848525047302246,0.32848525047302246,0.31509384512901306,0.31509384512901306,0.32848525047302246,0.31509384512901306,0.32848525047302246,0.31509384512901306,0.30548524856567383,0.29209384322166443,0.02,0.451569884,0.0,0.3275538384914398,0.9999992847442627,0.018516629934310913,0.2920916676521301,0.041173238307237625,0.26868361234664917,0.32423141598701477,0.3258300721645355,0.3275538384914398,0.3275538384914398,0.31345292925834656,0.17954836785793304,0.033911049365997314,0.02040858834516257,12678.8115234375,256,nan,-1.0,True,,False,0.1968892365694046,0.0,0.1968892365694046,15.0,15.0,1.0,0.0,0.0,0.0,1.0,0.0
283,13843.70703125,161.43667602539062,0.0,0.6356168389320374,66.82231140136719,66.82231140136719,66.82231140136719,0.32862114906311035,0.32862114906311035,0.3152327835559845,0.3152327835559845,0.32862114906311035,0.3152327835559845,0.32862114906311035,0.3152327835559845,0.3056211471557617,0.29223278164863586,0.02,0.45126584350000004,0.0,0.3277038335800171,0.9999994039535522,0.018512047827243805,0.29886940121650696,0.04117904230952263,0.26868361234664917,0.32439807057380676,0.3259994685649872,0.3277038335800171,0.3277038335800171,0.31333574652671814,0.18012043833732605,0.03306764364242554,0.019402563804760575,12678.8115234375,256,nan,-1.0,True,,False,0.19702458381652832,0.0,0.19702458381652832,15.0,15.0,1.0,0.0,0.0,0.0,1.0,0.0
284,13782.2998046875,161.56419372558594,0.0,0.6390795111656189,66.5059814453125,66.5059814453125,66.5059814453125,0.3287052810192108,0.3287052810192108,0.31534817814826965,0.31534817814826965,0.3287052810192108,0.31534817814826965,0.3287052810192108,0.31534817814826965,0.3057052791118622,0.292348176240921,0.02,0.450961152,0.0,0.32780981063842773,0.9999994039535522,0.018533263355493546,0.30649271607398987,0.041256971657276154,0.26868361234664917,0.3246033489704132,0.32620903849601746,0.32780981063842773,0.32780981063842773,0.31336429715156555,0.18068385124206543,0.03219681978225708,0.02008077790378593,12678.8115234375,256,nan,-1.0,True,,False,0.1972024291753769,0.0,0.1972024291753769,15.0,15.0,1.0,0.0,0.0,0.0,1.0,0.0
285,13699.810546875,162.04876708984375,0.0,0.6440566778182983,66.07866668701172,66.07866668701172,66.07866668701172,0.3291894793510437,0.3291894793510437,0.3157862722873688,0.3157862722873688,0.3291894793510437,0.3157862722873688,0.3291894793510437,0.3157862722873688,0.30618947744369507,0.29278627038002014,0.02,0.4506558125,0.0,0.3283182680606842,0.9999994039535522,0.018539391458034515,0.323180228471756,0.041163813322782516,0.26868361234664917,0.32489535212516785,0.32650795578956604,0.3283182680606842,0.3283182680606842,0.3136216700077057,0.18123777210712433,0.031268537044525146,0.01637954333758292,12678.8115234375,256,nan,-1.0,True,,False,0.19742563366889954,0.0,0.19742563366889954,15.0,15.0,1.0,0.0,0.0,0.0,1.0,0.0
286,13587.75390625,162.49990844726562,0.0,0.642592191696167,65.51979064941406,65.51979064941406,65.51979064941406,0.3295692503452301,0.3295692503452301,0.316193550825119,0.316193550825119,0.3295692503452301,0.316193550825119,0.3295692503452301,0.316193550825119,0.30656924843788147,0.2931935489177704,0.02,0.450349828,0.0,0.3287298083305359,0.9999994039535522,0.018531451001763344,0.3201713562011719,0.04123479127883911,0.26868361234664917,0.3252556622028351,0.3268744647502899,0.3287298083305359,0.3287298083305359,0.31360238790512085,0.18178266286849976,0.030288994312286377,0.019483915349054668,12678.8115234375,256,nan,-1.0,True,,False,0.19769805669784546,0.0,0.19769805669784546,15.0,15.0,1.0,0.0,0.0,0.0,1.0,0.0
287,13458.951171875,163.02537536621094,0.0,0.6508756875991821,64.8524398803711,64.8524398803711,64.8524398803711,0.3300505578517914,0.3300505578517914,0.31666719913482666,0.31666719913482666,0.3300505578517914,0.31666719913482666,0.3300505578517914,0.31666719913482666,0.30705055594444275,0.293667197227478,0.02,0.4500432015,0.0,0.32925307750701904,0.9999994039535522,0.01858237013220787,0.3082629144191742,0.04124939814209938,0.2686835825443268,0.32569316029548645,0.32732143998146057,0.32925307750701904,0.32925307750701904,0.3138066530227661,0.1823197305202484,0.02926456928253174,0.017049732223515295,12678.8115234375,256,nan,-1.0,True,,False,0.19801992177963257,0.0,0.19801992177963257,15.0,15.0,1.0,0.0,0.0,0.0,1.0,0.0
288,13346.1611328125,163.5944366455078,0.0,0.6579431295394897,64.26797485351562,64.26797485351562,64.26797485351562,0.330582857131958,0.330582857131958,0.31717929244041443,0.31717929244041443,0.330582857131958,0.31717929244041443,0.330582857131958,0.31717929244041443,0.3075828552246094,0.2941792905330658,0.02,0.449735936,0.0,0.32983341813087463,0.9999994039535522,0.018592393025755882,0.34841254353523254,0.041236285120248795,0.2686835527420044,0.32620951533317566,0.32784727215766907,0.32983341813087463,0.32983341813087463,0.3139994442462921,0.1828482747077942,0.028201162815093994,0.016343634388047375,12678.8115234375,256,nan,-1.0,True,,False,0.1983899176120758,0.0,0.1983899176120758,15.0,15.0,1.0,0.0,0.0,0.0,1.0,0.0
289,13248.73046875,164.3505096435547,0.0,0.6641497015953064,63.76152420043945,63.76152420043945,63.76152420043945,0.33127906918525696,0.33127906918525696,0.3178583085536957,0.3178583085536957,0.33127906918525696,0.3178583085536957,0.33127906918525696,0.3178583085536957,0.3082790672779083,0.29485830664634705,0.02,0.4494280345,0.0,0.33058440685272217,0.9999994039535522,0.018615851178765297,0.33010566234588623,0.041232045739889145,0.26868361234664917,0.32680749893188477,0.3284536600112915,0.33058440685272217,0.33058440685272217,0.31411439180374146,0.1833687722682953,0.027106821537017822,0.01647222945919364,12678.8115234375,256,nan,-1.0,True,,False,0.19880470633506775,0.0,0.19880470633506775,15.0,15.0,1.0,0.0,0.0,0.0,1.0,0.0
290,13154.06640625,165.1757049560547,0.0,0.6681591868400574,63.2740592956543,63.2740592956543,63.2740592956543,0.33202144503593445,0.33202144503593445,0.31859761476516724,0.31859761476516724,0.33202144503593445,0.31859761476516724,0.33202144503593445,0.31859761476516724,0.3090214431285858,0.2955976128578186,0.02,0.4491195,0.0,0.33139121532440186,0.9999995231628418,0.018647965043783188,0.32554179430007935,0.04126261919736862,0.26868361234664917,0.3275025188922882,0.32916319370269775,0.33139121532440186,0.33139121532440186,0.3143824338912964,0.18388120830059052,0.0259857177734375,0.02066965600048813,12678.8115234375,256,nan,-1.0,True,,False,0.19926533102989197,0.0,0.19926533102989197,15.0,15.0,1.0,0.0,0.0,0.0,1.0,0.0
291,13051.525390625,166.0946502685547,0.0,0.6779078245162964,62.732383728027344,62.732383728027344,62.732383728027344,0.3328360319137573,0.3328360319137573,0.3194187581539154,0.3194187581539154,0.3328360319137573,0.3194187581539154,0.3328360319137573,0.3194187581539154,0.3098360300064087,0.2964187562465668,0.02,0.4488103355,0.0,0.33228325843811035,0.9999995231628418,0.018695512786507607,0.31839093565940857,0.04129756614565849,0.2686835825443268,0.32821717858314514,0.3298916518688202,0.33228325843811035,0.33228325843811035,0.31468191742897034,0.18438726663589478,0.024846315383911133,0.021751609330143157,12678.8115234375,256,nan,-1.0,True,,False,0.19977053999900818,0.0,0.19977053999900818,15.0,15.0,1.0,0.0,0.0,0.0,1.0,0.0
292,12982.064453125,167.07217407226562,0.0,0.6835626363754272,62.36605453491211,62.36605453491211,62.36605453491211,0.33370441198349,0.33370441198349,0.3202897310256958,0.3202897310256958,0.33370441198349,0.3202897310256958,0.33370441198349,0.3202897310256958,0.31070441007614136,0.29728972911834717,0.02,0.448500544,0.0,0.33323365449905396,0.9999995231628418,0.018704015761613846,0.3083146810531616,0.04129481315612793,0.2686835527420044,0.32897883653640747,0.3306635618209839,0.33323365449905396,0.33323365449905396,0.3150661289691925,0.18490779399871826,0.023693382740020752,0.020705527018031314,12678.8115234375,256,nan,-1.0,True,,False,0.20031818747520447,0.0,0.20031818747520447,15.0,15.0,1.0,0.0,0.0,0.0,1.0,0.0
293,12914.025390625,167.91270446777344,0.0,0.6873279213905334,62.01224136352539,62.01224136352539,62.01224136352539,0.3345084488391876,0.3345084488391876,0.32103660702705383,0.32103660702705383,0.3345084488391876,0.32103660702705383,0.3345084488391876,0.32103660702705383,0.311508446931839,0.2980366051197052,0.02,0.4481901285,0.0,0.33413833379745483,0.9999994039535522,0.018725890666246414,0.3153347373008728,0.04115517809987068,0.26868343353271484,0.3297586143016815,0.33145731687545776,0.33413833379745483,0.33413833379745483,0.3155669867992401,0.1854434311389923,0.022531092166900635,0.02401782592965497,12678.8115234375,256,nan,-1.0,True,,False,0.2009078711271286,0.0,0.2009078711271286,15.0,15.0,1.0,0.0,0.0,0.0,1.0,0.0
294,12855.9990234375,168.98341369628906,0.0,0.6890065670013428,61.712562561035156,61.712562561035156,61.712562561035156,0.33549782633781433,0.33549782633781433,0.3219853341579437,0.3219853341579437,0.33549782633781433,0.3219853341579437,0.33549782633781433,0.3219853341579437,0.3124978244304657,0.2989853322505951,0.02,0.447879092,0.0,0.335239440202713,0.9999995231628418,0.01875169575214386,0.3093780279159546,0.04106235131621361,0.2686835825443268,0.33064699172973633,0.3323606848716736,0.335239440202713,0.335239440202713,0.3160710632801056,0.18600964546203613,0.02137160301208496,0.020957424709599257,12678.8115234375,256,nan,-1.0,True,,False,0.20153658092021942,0.0,0.20153658092021942,15.0,15.0,1.0,0.0,0.0,0.0,1.0,0.0
295,12815.5302734375,170.19822692871094,0.0,0.6983303427696228,61.4808349609375,61.4808349609375,61.4808349609375,0.33647918701171875,0.33647918701171875,0.3230580985546112,0.3230580985546112,0.33647918701171875,0.3230580985546112,0.33647918701171875,0.3230580985546112,0.3134791851043701,0.3000580966472626,0.02,0.4475674375,0.0,0.3363446295261383,0.9999995231628418,0.01882207952439785,0.31791311502456665,0.041155703365802765,0.2686835527420044,0.3314950168132782,0.3332228660583496,0.3363446295261383,0.3363446295261383,0.3165285885334015,0.18657739460468292,0.020219624042510986,0.0230767774337437,12678.8115234375,256,nan,-1.0,True,,False,0.20219962298870087,0.0,0.20219962298870087,15.0,15.0,1.0,0.0,0.0,0.0,1.0,0.0
296,12782.4814453125,171.26524353027344,0.0,0.7064803242683411,61.289878845214844,61.289878845214844,61.289878845214844,0.3374980092048645,0.3374980092048645,0.3239971995353699,0.3239971995353699,0.3374980092048645,0.3239971995353699,0.3374980092048645,0.3239971995353699,0.31449800729751587,0.30099719762802124,0.02,0.447255168,0.0,0.3375018835067749,0.9999995231628418,0.018806597217917442,0.32298773527145386,0.04087163507938385,0.2686835825443268,0.33243513107299805,0.3341771066188812,0.3375018835067749,0.3375018835067749,0.31699493527412415,0.1871449202299118,0.019080817699432373,0.02594821800206167,12678.8115234375,256,nan,-1.0,True,,False,0.20289739966392517,0.0,0.20289739966392517,15.0,15.0,1.0,0.0,0.0,0.0,1.0,0.0
297,12756.830078125,172.55233764648438,0.0,0.7158330678939819,61.131805419921875,61.131805419921875,61.131805419921875,0.33861932158470154,0.33861932158470154,0.32512611150741577,0.32512611150741577,0.33861932158470154,0.32512611150741577,0.33861932158470154,0.32512611150741577,0.3156193196773529,0.30212610960006714,0.02,0.4469422865,0.0,0.33878201246261597,0.9999994039535522,0.018820326775312424,0.3175060451030731,0.04070945084095001,0.2686835825443268,0.33340421319007874,0.3351633548736572,0.33878201246261597,0.33878201246261597,0.31752413511276245,0.1877131313085556,0.01796478033065796,0.025134519030365884,12678.8115234375,256,nan,-1.0,True,,False,0.20362624526023865,0.0,0.20362624526023865,15.0,15.0,1.0,0.0,0.0,0.0,1.0,0.0
298,12734.693359375,174.04026794433594,0.0,0.7146923542022705,61.01653289794922,61.01653289794922,61.01653289794922,0.3398378789424896,0.3398378789424896,0.3264259397983551,0.3264259397983551,0.3398378789424896,0.3264259397983551,0.3398378789424896,0.3264259397983551,0.316837877035141,0.30342593789100647,0.02,0.446628796,0.0,0.3401698172092438,0.9999995231628418,0.01887187734246254,0.32428550720214844,0.04063569754362106,0.2686835527420044,0.33446574211120605,0.336238294839859,0.3401698172092438,0.3401698172092438,0.31793227791786194,0.1882762312889099,0.016865849494934082,0.021566372642862715,12678.8115234375,256,nan,-1.0,True,,False,0.20438723266124725,0.0,0.20438723266124725,15.0,15.0,1.0,0.0,0.0,0.0,1.0,0.0
299,12722.3427734375,175.5862579345703,0.0,0.7214637398719788,60.93012237548828,60.93012237548828,60.93012237548828,0.34120574593544006,0.34120574593544006,0.3277706205844879,0.3277706205844879,0.34120574593544006,0.3277706205844879,0.34120574593544006,0.3277706205844879,0.31820574402809143,0.3047706186771393,0.02,0.44631469949999997,0.0,0.3417215347290039,0.9999995231628418,0.018852896988391876,0.32160261273384094,0.04031025245785713,0.26868361234664917,0.33567291498184204,0.3374578058719635,0.3417215347290039,0.3417215347290039,0.31809496879577637,0.18878056108951569,0.015784919261932373,0.031626840312835865,12678.8115234375,256,nan,-1.0,True,,False,0.20517712831497192,0.0,0.20517712831497192,15.0,15.0,1.0,0.0,0.0,0.0,1.0,0.0
300,12711.4091796875,177.21432495117188,0.0,0.7242053151130676,60.86045837402344,60.86045837402344,60.86045837402344,0.34254226088523865,0.34254226088523865,0.3291803002357483,0.3291803002357483,0.34254226088523865,0.3291803002357483,0.34254226088523865,0.3291803002357483,0.31954225897789,0.30618029832839966,0.02,0.446,0.0,0.343260258436203,0.9999995231628418,0.01885257102549076,0.31965193152427673,0.0401439368724823,0.2686835527420044,0.3368569016456604,0.33865389227867126,0.3432602882385254,0.3432602882385254,0.3180469572544098,0.18924172222614288,0.014736354351043701,0.03226786315078951,12678.8115234375,256,nan,-1.0,True,,False,0.20599405467510223,0.0,0.20599405467510223,15.0,15.0,1.0,0.0,0.0,0.0,1.0,0.0
301,12705.63671875,179.21856689453125,0.0,0.7332032918930054,60.7990837097168,60.7990837097168,60.7990837097168,0.344198614358902,0.344198614358902,0.33090683817863464,0.33090683817863464,0.344198614358902,0.33090683817863464,0.344198614358902,0.33090683817863464,0.32119861245155334,0.307906836271286,0.02,0.4456847005,0.0,0.3451400697231293,0.9999996423721313,0.01887500286102295,0.3227730393409729,0.0399012416601181,0.2686835825443268,0.3383297324180603,0.3401411473751068,0.3451400697231293,0.3451400697231293,0.31753411889076233,0.18967527151107788,0.013721585273742676,0.031585797664269596,12678.8115234375,256,nan,-1.0,True,,False,0.20683453977108002,0.0,0.20683453977108002,15.0,15.0,1.0,0.0,0.0,0.0,1.0,0.0
302,12699.8193359375,180.62794494628906,0.0,0.736460268497467,60.75480270385742,60.75480270385742,60.75480270385742,0.345419317483902,0.345419317483902,0.33211517333984375,0.33211517333984375,0.345419317483902,0.33211517333984375,0.345419317483902,0.33211517333984375,0.32241931557655334,0.3091151714324951,0.02,0.445368804,0.0,0.3466038703918457,0.9999995231628418,0.018849942833185196,0.32476937770843506,0.039431143552064896,0.2686835527420044,0.3394582271575928,0.34128251671791077,0.3466038703918457,0.3466038703918457,0.3166864216327667,0.19009552896022797,0.012737154960632324,0.026975824106355302,12678.8115234375,256,nan,-1.0,True,,False,0.20770303905010223,0.0,0.20770303905010223,15.0,15.0,1.0,0.0,0.0,0.0,1.0,0.0
303,12696.48828125,182.33534240722656,0.0,0.7409477233886719,60.7183952331543,60.7183952331543,60.7183952331543,0.3467975854873657,0.3467975854873657,0.3335726857185364,0.3335726857185364,0.3467975854873657,0.3335726857185364,0.3467975854873657,0.3335726857185364,0.3237975835800171,0.31057268381118774,0.02,0.44505231349999996,0.0,0.34824052453041077,0.9999995231628418,0.018857721239328384,0.3280300498008728,0.03912954777479172,0.2686835527420044,0.34071964025497437,0.3425552546977997,0.34824052453041077,0.34824052453041077,0.31568682193756104,0.19049859046936035,0.011784017086029053,0.04054860135268731,12678.8115234375,256,nan,-1.0,True,,False,0.20859499275684357,0.0,0.20859499275684357,15.0,15.0,1.0,0.0,0.0,0.0,1.0,0.0
304,12695.48828125,184.1010284423828,0.0,0.7472629547119141,60.688777923583984,60.688777923583984,60.688777923583984,0.34826964139938354,0.34826964139938354,0.3350728154182434,0.3350728154182434,0.34826964139938354,0.3350728154182434,0.34826964139938354,0.3350728154182434,0.3252696394920349,0.3120728135108948,0.02,0.44473523200000004,0.0,0.3499802350997925,0.9999995231628418,0.018836375325918198,0.32097598910331726,0.03869074210524559,0.26868361234664917,0.3420740067958832,0.3439186215400696,0.3499802350997925,0.3499802350997925,0.31456121802330017,0.1908925473690033,0.010884761810302734,0.031970524048018784,12678.8115234375,256,nan,-1.0,True,,False,0.2094980776309967,0.0,0.2094980776309967,15.0,15.0,1.0,0.0,0.0,0.0,1.0,0.0
305,12695.119140625,183.42189025878906,0.0,0.7462064027786255,60.692970275878906,60.692970275878906,60.692970275878906,0.3478243947029114,0.3478243947029114,0.3344966769218445,0.3344966769218445,0.3478243947029114,0.3344966769218445,0.3478243947029114,0.3344966769218445,0.32482439279556274,0.31149667501449585,0.02,0.4444175625,0.0,0.34946194291114807,0.9999996423721313,0.01879514753818512,0.31102460622787476,0.03853754326701164,0.26868361234664917,0.34170952439308167,0.34355178475379944,0.34946194291114807,0.34946194291114807,0.31168296933174133,0.19130761921405792,0.010054230690002441,0.03278183814189914,12678.8115234375,256,nan,-1.0,True,,False,0.20925180613994598,0.0,0.20925180613994598,15.0,15.0,1.0,0.0,0.0,0.0,1.0,0.0
306,12701.1923828125,183.36692810058594,0.00514250760897994,0.7504990100860596,60.70002365112305,60.70002365112305,60.70002365112305,0.3474535048007965,0.3474535048007965,0.33445000648498535,0.33445000648498535,0.3474535048007965,0.33445000648498535,0.3474535048007965,0.33445000648498535,0.3244535028934479,0.3114500045776367,0.02,0.44409930799999997,0.0,0.3490228056907654,0.9999996423721313,0.01889885403215885,0.3061290979385376,0.039233505725860596,0.2686835825443268,0.3414459228515625,0.3432861268520355,0.3490228056907654,0.3490228056907654,0.30895429849624634,0.19174614548683167,0.009282886981964111,0.020580962795065716,12678.8115234375,256,nan,-1.0,True,,False,0.20902852714061737,0.0,0.20902852714061737,15.0,15.0,1.0,0.0,0.0,0.0,1.0,0.0
307,12713.6015625,182.6268768310547,0.01951340213418007,0.7575414776802063,60.71223449707031,60.71223449707031,60.71223449707031,0.347068190574646,0.347068190574646,0.3338208794593811,0.3338208794593811,0.347068190574646,0.3338208794593811,0.347068190574646,0.3338208794593811,0.32406818866729736,0.31082087755203247,0.02,0.4437804715,0.0,0.3485713303089142,0.9999995231628418,0.018840095028281212,0.31460559368133545,0.03902098909020424,0.2686835527420044,0.34109237790107727,0.3429303765296936,0.3485713303089142,0.3485713303089142,0.3069453239440918,0.192180335521698,0.008603096008300781,0.016585094626255643,12678.8115234375,256,nan,-1.0,True,,False,0.20881348848342896,0.0,0.20881348848342896,15.0,15.0,1.0,0.0,0.0,0.0,0.0,0.0
308,12726.2060546875,182.30152893066406,0.0396282784640789,0.7595929503440857,60.72146987915039,60.72146987915039,60.72146987915039,0.3468284606933594,0.3468284606933594,0.33354389667510986,0.33354389667510986,0.3468284606933594,0.33354389667510986,0.3468284606933594,0.33354389667510986,0.32382845878601074,0.31054389476776123,0.02,0.44346105599999996,0.0,0.34827086329460144,0.9999996423721313,0.018814487382769585,0.32197216153144836,0.03901689499616623,0.2686835527420044,0.3409394323825836,0.34277501702308655,0.34827086329460144,0.34827086329460144,0.3057369589805603,0.19259117543697357,0.00800931453704834,0.015753589036952082,12678.8115234375,256,nan,-1.0,True,,False,0.208605095744133,0.0,0.208605095744133,15.0,15.0,1.0,0.0,0.0,0.0,0.0,0.0
309,12741.8359375,181.84153747558594,0.06272704899311066,0.765848696231842,60.72853088378906,60.72853088378906,60.72853088378906,0.34646332263946533,0.34646332263946533,0.33315184712409973,0.33315184712409973,0.34646332263946533,0.33315184712409973,0.34646332263946533,0.33315184712409973,0.3234633207321167,0.3101518452167511,0.02,0.4431410645,0.0,0.3478457033634186,0.9999995231628418,0.01880818046629429,0.3225916028022766,0.03908464312553406,0.2686834931373596,0.3406328856945038,0.3424651026725769,0.3478457033634186,0.3478457033634186,0.3041625916957855,0.19298513233661652,0.007495462894439697,0.017933671713560924,12678.8115234375,256,nan,-1.0,True,,False,0.2084025740623474,0.0,0.2084025740623474,15.0,15.0,1.0,0.0,0.0,0.0,0.0,0.0
310,12755.958984375,181.50804138183594,0.08676274865865707,0.7679149508476257,60.73556137084961,60.73556137084961,60.73556137084961,0.3462235927581787,0.3462235927581787,0.3328673243522644,0.3328673243522644,0.3462235927581787,0.3328673243522644,0.3462235927581787,0.3328673243522644,0.3232235908508301,0.30986732244491577,0.02,0.4428205,0.0,0.3475469648838043,0.9999995231628418,0.018792027607560158,0.3278902769088745,0.03910185396671295,0.2686835825443268,0.3404470384120941,0.3422769010066986,0.3475469648838043,0.3475469648838043,0.30356884002685547,0.19334881007671356,0.007054448127746582,0.012824206743163005,12678.8115234375,256,nan,-1.0,True,,False,0.20820438861846924,0.0,0.20820438861846924,15.0,15.0,1.0,0.0,0.0,0.0,0.0,0.0
311,12766.958984375,181.0428924560547,0.11024695634841919,0.7639581561088562,60.74406814575195,60.74406814575195,60.74406814575195,0.3458055257797241,0.3458055257797241,0.33247002959251404,0.33247002959251404,0.3458055257797241,0.33247002959251404,0.3458055257797241,0.33247002959251404,0.3228055238723755,0.3094700276851654,0.02,0.44249936549999996,0.0,0.3470725119113922,0.9999995231628418,0.018818749114871025,0.32518622279167175,0.039268121123313904,0.2686835527420044,0.3400748670101166,0.3419021964073181,0.3470725119113922,0.3470725119113922,0.30343884229660034,0.19365918636322021,0.006679654121398926,0.012739735540688142,12678.8115234375,256,nan,-1.0,True,,False,0.208010733127594,0.0,0.208010733127594,15.0,15.0,1.0,0.0,0.0,0.0,0.0,0.0
312,12780.1630859375,180.72171020507812,0.13207149505615234,0.7676481008529663,60.74790954589844,60.74790954589844,60.74790954589844,0.34541061520576477,0.34541061520576477,0.33219537138938904,0.33219537138938904,0.34541061520576477,0.33219537138938904,0.34541061520576477,0.33219537138938904,0.32241061329841614,0.3091953694820404,0.02,0.44217766399999997,0.0,0.3466236889362335,0.9999995231628418,0.01883614808320999,0.3168891668319702,0.03965522721409798,0.2686835825443268,0.33978378772735596,0.34160879254341125,0.3466236889362335,0.3466236889362335,0.30328497290611267,0.19396156072616577,0.006365835666656494,0.015233537768330684,12678.8115234375,256,nan,-1.0,True,,False,0.207820862531662,0.0,0.207820862531662,15.0,15.0,1.0,0.0,0.0,0.0,0.0,0.0
313,12789.96875,180.2670135498047,0.15144523978233337,0.7678998112678528,60.75014877319336,60.75014877319336,60.75014877319336,0.34513065218925476,0.34513065218925476,0.3318061828613281,0.3318061828613281,0.34513065218925476,0.3318061828613281,0.34513065218925476,0.3318061828613281,0.32213065028190613,0.3088061809539795,0.02,0.4418553985,0.0,0.3462907373905182,0.9999995231628418,0.018866844475269318,0.3095012307167053,0.039537545293569565,0.2686835527420044,0.33952435851097107,0.3413475453853607,0.3462907373905182,0.3462907373905182,0.30299127101898193,0.19426193833351135,0.006108403205871582,0.012578957523348637,12678.8115234375,256,nan,-1.0,True,,False,0.20763365924358368,0.0,0.20763365924358368,15.0,15.0,1.0,0.0,0.0,0.0,0.0,0.0
314,12796.919921875,180.0419921875,0.16789758205413818,0.7653359770774841,60.751304626464844,60.751304626464844,60.751304626464844,0.3450242578983307,0.3450242578983307,0.33161336183547974,0.33161336183547974,0.3450242578983307,0.33161336183547974,0.3450242578983307,0.33161336183547974,0.32202425599098206,0.3086133599281311,0.02,0.441532572,0.0,0.3461296260356903,0.9999996423721313,0.018814975395798683,0.3146313726902008,0.03950120881199837,0.2686835825443268,0.33946242928504944,0.3412833511829376,0.3461296856403351,0.3461296856403351,0.30260908603668213,0.194560244679451,0.005902469158172607,0.014668270991630076,12678.8115234375,256,nan,-1.0,True,,False,0.20744915306568146,0.0,0.20744915306568146,15.0,15.0,1.0,0.0,0.0,0.0,0.0,0.0
315,12804.6376953125,179.53732299804688,0.18114715814590454,0.7710158824920654,60.74509048461914,60.74509048461914,60.74509048461914,0.3446047604084015,0.3446047604084015,0.33118054270744324,0.33118054270744324,0.3446047604084015,0.33118054270744324,0.3446047604084015,0.33118054270744324,0.32160475850105286,0.3081805408000946,0.02,0.4412091875,0.0,0.3456609547138214,0.9999996423721313,0.01882626675069332,0.315010130405426,0.03964081034064293,0.2686835527420044,0.3390827775001526,0.34090080857276917,0.3456609547138214,0.3456609547138214,0.3019358217716217,0.1948348581790924,0.005743861198425293,0.014364216370773243,12678.8115234375,256,nan,-1.0,True,,False,0.2072673738002777,0.0,0.2072673738002777,15.0,15.0,1.0,0.0,0.0,0.0,0.0,0.0
316,12810.681640625,179.53353881835938,0.191040500998497,0.7736802697181702,60.74393844604492,60.74393844604492,60.74393844604492,0.3445330858230591,0.3445330858230591,0.331177294254303,0.331177294254303,0.3445330858230591,0.331177294254303,0.3445330858230591,0.331177294254303,0.32153308391571045,0.30817729234695435,0.02,0.440885248,0.0,0.3455367982387543,0.9999996423721313,0.01888340339064598,0.32319775223731995,0.03987990692257881,0.2686835527420044,0.3390332758426666,0.34084874391555786,0.3455367982387543,0.3455367982387543,0.3016183376312256,0.19510279595851898,0.005629181861877441,0.012073953923795165,12678.8115234375,256,nan,-1.0,True,,False,0.20708778500556946,0.0,0.20708778500556946,15.0,15.0,1.0,0.0,0.0,0.0,0.0,0.0
317,12813.3359375,179.0937957763672,0.19757723808288574,0.7727980017662048,60.74527359008789,60.74527359008789,60.74527359008789,0.34416449069976807,0.34416449069976807,0.3307996392250061,0.3307996392250061,0.34416449069976807,0.3307996392250061,0.34416449069976807,0.3307996392250061,0.32116448879241943,0.30779963731765747,0.02,0.4405607565,0.0,0.34512197971343994,0.9999996423721313,0.018891267478466034,0.31983399391174316,0.040010400116443634,0.26868361234664917,0.3387153446674347,0.34052780270576477,0.34512197971343994,0.34512197971343994,0.30059221386909485,0.19536827504634857,0.0055550336837768555,0.011246923264277738,12678.8115234375,256,nan,-1.0,True,,False,0.20691820979118347,0.0,0.20691820979118347,15.0,15.0,1.0,0.0,0.0,0.0,0.0,0.0
318,12813.0634765625,179.89105224609375,0.20082807540893555,0.7753538489341736,60.725406646728516,60.725406646728516,60.725406646728516,0.34490594267845154,0.34490594267845154,0.33148398995399475,0.33148398995399475,0.34490594267845154,0.33148398995399475,0.34490594267845154,0.33148398995399475,0.3219059407711029,0.3084839880466461,0.02,0.440235716,0.0,0.3459573984146118,0.9999996423721313,0.018900910392403603,0.32684004306793213,0.0398496650159359,0.2686835825443268,0.3393746614456177,0.3411916196346283,0.3459573984146118,0.3459573984146118,0.29970595240592957,0.19563262164592743,0.005518615245819092,0.012631307668925729,12678.8115234375,256,nan,-1.0,True,,False,0.20727121829986572,0.0,0.20727121829986572,15.0,15.0,1.0,0.0,0.0,0.0,0.0,0.0
319,12810.9169921875,180.75698852539062,0.20091356337070465,0.7746848464012146,60.7118034362793,60.7118034362793,60.7118034362793,0.3457240164279938,0.3457240164279938,0.3322255611419678,0.3322255611419678,0.3457240164279938,0.3322255611419678,0.3457240164279938,0.3322255611419678,0.32272401452064514,0.30922555923461914,0.02,0.43991012949999997,0.0,0.3468705415725708,0.9999996423721313,0.01889658346772194,0.3245333433151245,0.03958681598305702,0.2686835527420044,0.34005090594291687,0.3418731987476349,0.3468705415725708,0.3468705415725708,0.29840195178985596,0.19589634239673615,0.0055176615715026855,0.011478292293355076,12678.8115234375,256,nan,-1.0,True,,False,0.20762206614017487,0.0,0.20762206614017487,15.0,15.0,1.0,0.0,0.0,0.0,0.0,0.0
320,12804.6640625,181.72650146484375,0.19801199436187744,0.770496666431427,60.69342041015625,60.69342041015625,60.69342041015625,0.3465462625026703,0.3465462625026703,0.33305373787879944,0.33305373787879944,0.3465462625026703,0.33305373787879944,0.3465462625026703,0.33305373787879944,0.32354626059532166,0.3100537359714508,0.02,0.439584,0.0,0.34778955578804016,0.9999996423721313,0.018915582448244095,0.31747153401374817,0.039494529366493225,0.2686835825443268,0.34073105454444885,0.3425583839416504,0.34778955578804016,0.34778955578804016,0.29701390862464905,0.19615939259529114,0.0055501461029052734,0.012197140953503549,12678.8115234375,256,nan,-1.0,True,,False,0.2079710066318512,0.0,0.2079710066318512,15.0,15.0,1.0,0.0,0.0,0.0,0.0,0.0
321,12799.5712890625,182.77406311035156,0.19232963025569916,0.7709741592407227,60.67572784423828,60.67572784423828,60.67572784423828,0.3473457098007202,0.3473457098007202,0.3339461088180542,0.3339461088180542,0.3473457098007202,0.3339461088180542,0.3473457098007202,0.3339461088180542,0.3243457078933716,0.31094610691070557,0.02,0.4392573305,0.0,0.3486841022968292,0.9999995231628418,0.018966613337397575,0.3122067451477051,0.03951672837138176,0.26868361234664917,0.3414114713668823,0.3432428538799286,0.3486841022968292,0.3486841022968292,0.296225905418396,0.19641053676605225,0.00561445951461792,0.012106158236242158,12678.8115234375,256,nan,-1.0,True,,False,0.208317831158638,0.0,0.208317831158638,15.0,15.0,1.0,0.0,0.0,0.0,0.0,0.0
322,12793.142578125,183.7837677001953,0.18411719799041748,0.7711355090141296,60.658660888671875,60.658660888671875,60.658660888671875,0.34814971685409546,0.34814971685409546,0.33480381965637207,0.33480381965637207,0.34814971685409546,0.33480381965637207,0.34814971685409546,0.33480381965637207,0.3251497149467468,0.31180381774902344,0.02,0.43893012400000003,0.0,0.3495851755142212,0.9999995231628418,0.019001856446266174,0.31847119331359863,0.03938751667737961,0.2686835825443268,0.3420182168483734,0.3438540995121002,0.3495851755142212,0.3495851755142212,0.2957235276699066,0.196633443236351,0.00570911169052124,0.01104081886539158,12678.8115234375,256,nan,-1.0,True,,False,0.20866207778453827,0.0,0.20866207778453827,15.0,15.0,1.0,0.0,0.0,0.0,0.0,0.0
323,12786.4375,184.77491760253906,0.1736910492181778,0.7732132077217102,60.64105224609375,60.64105224609375,60.64105224609375,0.34897246956825256,0.34897246956825256,0.335643470287323,0.335643470287323,0.34897246956825256,0.335643470287323,0.34897246956825256,0.335643470287323,0.32597246766090393,0.31264346837997437,0.02,0.4386023835,0.0,0.3505071997642517,0.9999995231628418,0.01896919123828411,0.31800299882888794,0.03910651430487633,0.2686835825443268,0.34258535504341125,0.3444248139858246,0.3505071997642517,0.3505071997642517,0.29544952511787415,0.19685052335262299,0.005832374095916748,0.009605350422336616,12678.8115234375,256,nan,-1.0,True,,False,0.2090042233467102,0.0,0.2090042233467102,15.0,15.0,1.0,0.0,0.0,0.0,0.0,0.0
324,12777.853515625,185.5345001220703,0.16135847568511963,0.7729263305664062,60.625885009765625,60.625885009765625,60.625885009765625,0.3496389091014862,0.3496389091014862,0.33628541231155396,0.33628541231155396,0.3496389091014862,0.33628541231155396,0.3496389091014862,0.33628541231155396,0.3266389071941376,0.3132854104042053,0.02,0.438274112,0.0,0.35127612948417664,0.9999995231628418,0.0188777856528759,0.3275001645088196,0.03858865797519684,0.2686835825443268,0.34306785464286804,0.34491077065467834,0.35127612948417664,0.35127612948417664,0.2951957881450653,0.19706223905086517,0.0059830546379089355,0.011193096923913496,12678.8115234375,256,nan,-1.0,True,,False,0.20934447646141052,0.0,0.20934447646141052,15.0,15.0,1.0,0.0,0.0,0.0,0.0,0.0
325,12768.34765625,186.22950744628906,0.14743608236312866,0.7716713547706604,60.612823486328125,60.612823486328125,60.612823486328125,0.35010826587677,0.35010826587677,0.3368716537952423,0.3368716537952423,0.35010826587677,0.3368716537952423,0.35010826587677,0.3368716537952423,0.3271082639694214,0.3138716518878937,0.02,0.4379453125,0.0,0.3518501818180084,0.9999995231628418,0.01884426921606064,0.32031700015068054,0.0383882075548172,0.2686835825443268,0.34347251057624817,0.34531888365745544,0.3518501818180084,0.3518501818180084,0.2949531078338623,0.19725655019283295,0.006160259246826172,0.01162842753708699,12678.8115234375,256,nan,-1.0,True,,False,0.209682434797287,0.0,0.209682434797287,15.0,15.0,1.0,0.0,0.0,0.0,0.0,0.0
326,12759.361328125,186.88250732421875,0.1322578340768814,0.7716675400733948,60.60258483886719,60.60258483886719,60.60258483886719,0.3504840135574341,0.3504840135574341,0.3374214470386505,0.3374214470386505,0.3504840135574341,0.3374214470386505,0.3504840135574341,0.3374214470386505,0.32748401165008545,0.3144214451313019,0.02,0.437615988,0.0,0.3523271381855011,0.9999997615814209,0.01881526969373226,0.3275723457336426,0.038281142711639404,0.2686835527420044,0.34386464953422546,0.34571295976638794,0.3523271679878235,0.3523271679878235,0.29482924938201904,0.19743502140045166,0.006363272666931152,0.012856259252455655,12678.8115234375,256,nan,-1.0,True,,False,0.21001777052879333,0.0,0.21001777052879333,15.0,15.0,1.0,0.0,0.0,0.0,0.0,0.0
327,12746.93359375,187.154541015625,0.11619504541158676,0.7656652331352234,60.594242095947266,60.594242095947266,60.594242095947266,0.35065773129463196,0.35065773129463196,0.33765020966529846,0.33765020966529846,0.35065773129463196,0.33765020966529846,0.35065773129463196,0.33765020966529846,0.3276577293872833,0.31465020775794983,0.02,0.4372861415,0.0,0.35260680317878723,0.9999995231628418,0.01877520978450775,0.3296554386615753,0.03803303837776184,0.2686835825443268,0.3439990282058716,0.3458503484725952,0.35260680317878723,0.35260680317878723,0.2945370078086853,0.1976122111082077,0.0065912604331970215,0.012068392098525591,12678.8115234375,256,nan,-1.0,True,,False,0.21035081148147583,0.0,0.21035081148147583,15.0,15.0,1.0,0.0,0.0,0.0,0.0,0.0
328,12736.173828125,187.3759765625,0.0996306911110878,0.7626473903656006,60.588294982910156,60.588294982910156,60.588294982910156,0.35089537501335144,0.35089537501335144,0.33783629536628723,0.33783629536628723,0.35089537501335144,0.33783629536628723,0.35089537501335144,0.33783629536628723,0.3278953731060028,0.3148362934589386,0.02,0.436955776,0.0,0.3529512286186218,0.9999995231628418,0.0186966173350811,0.32256925106048584,0.03760453686118126,0.26868361234664917,0.34412717819213867,0.34598222374916077,0.3529512286186218,0.3529512286186218,0.29445692896842957,0.19778862595558167,0.00684356689453125,0.012250566204278989,12678.8115234375,256,nan,-1.0,True,,False,0.2106819897890091,0.0,0.2106819897890091,15.0,15.0,1.0,0.0,0.0,0.0,0.0,0.0
329,12751.271484375,187.55455017089844,0.1271504908800125,0.7667103409767151,60.58393096923828,60.58393096923828,60.58393096923828,0.351023405790329,0.351023405790329,0.3379862904548645,0.3379862904548645,0.351023405790329,0.3379862904548645,0.351023405790329,0.3379862904548645,0.32802340388298035,0.31498628854751587,0.02,0.43662489449999997,0.0,0.35319143533706665,0.9999996423721313,0.018643861636519432,0.3139503598213196,0.037347033619880676,0.26868361234664917,0.344186395406723,0.3460443913936615,0.35319143533706665,0.35319143533706665,0.29444438219070435,0.19796361029148102,0.006434183102101088,0.018096412590239197,12678.8115234375,256,nan,-1.0,True,,False,0.21101050078868866,0.0,0.21101050078868866,15.0,15.0,1.0,0.0,0.0,0.0,0.0,0.0
330,12792.8583984375,187.74850463867188,0.2094818502664566,0.767926037311554,60.58203125,60.58203125,60.58203125,0.35110464692115784,0.35110464692115784,0.3381491005420685,0.3381491005420685,0.35110464692115784,0.3381491005420685,0.35110464692115784,0.3381491005420685,0.3281046450138092,0.31514909863471985,0.02,0.4362935,0.0,0.35337916016578674,0.9999996423721313,0.018631309270858765,0.3228992819786072,0.03716522827744484,0.2686835825443268,0.34425589442253113,0.3461155295372009,0.35337916016578674,0.35337916016578674,0.2944294810295105,0.19813288748264313,0.005423081107437611,0.016291837516796984,12678.8115234375,256,nan,-1.0,True,,False,0.2113400250673294,0.0,0.2113400250673294,15.0,15.0,1.0,0.0,0.0,0.0,0.0,0.0
331,12835.3359375,187.7968292236328,0.29820090532302856,0.7643265128135681,60.58137893676758,60.58137893676758,60.58137893676758,0.3510484993457794,0.3510484993457794,0.33818966150283813,0.33818966150283813,0.3510484993457794,0.33818966150283813,0.3510484993457794,0.33818966150283813,0.3280484974384308,0.3151896595954895,0.02,0.4359615955,0.0,0.3534325957298279,0.9999996423721313,0.01861383393406868,0.3188537657260895,0.03711714968085289,0.26868361234664917,0.3441798985004425,0.34604233503341675,0.3534325957298279,0.3534325957298279,0.2944052815437317,0.19829806685447693,0.004539222456514835,0.015272779235803884,12678.8115234375,256,nan,-1.0,True,,False,0.21167105436325073,0.0,0.21167105436325073,15.0,15.0,1.0,0.0,0.0,0.0,0.0,0.0
332,12879.6748046875,187.92135620117188,0.3885664939880371,0.7626911401748657,60.580623626708984,60.580623626708984,60.580623626708984,0.3511614203453064,0.3511614203453064,0.3382941484451294,0.3382941484451294,0.3511614203453064,0.3382941484451294,0.3511614203453064,0.3382941484451294,0.32816141843795776,0.31529414653778076,0.02,0.435629184,0.0,0.3536558449268341,0.9999996423721313,0.01856767013669014,0.3276180922985077,0.03684605658054352,0.2686835527420044,0.34417110681533813,0.3460346758365631,0.3536558449268341,0.3536558449268341,0.29476574063301086,0.19845956563949585,0.0037664896808564663,0.013873022678631565,12678.8115234375,256,nan,-1.0,True,,False,0.21200349926948547,0.0,0.21200349926948547,15.0,15.0,1.0,0.0,0.0,0.0,0.0,0.0
333,12925.1884765625,187.9885711669922,0.4772866666316986,0.7652601003646851,60.57963180541992,60.57963180541992,60.57963180541992,0.3511730134487152,0.3511730134487152,0.3383505344390869,0.3383505344390869,0.3511730134487152,0.3383505344390869,0.3511730134487152,0.3383505344390869,0.3281730115413666,0.3153505325317383,0.02,0.43529626849999997,0.0,0.35378003120422363,0.9999997615814209,0.018554778769612312,0.32186776399612427,0.03669261187314987,0.2686835825443268,0.3440876007080078,0.34595316648483276,0.35378003120422363,0.35378003120422363,0.29513874650001526,0.19861726462841034,0.0030914058443158865,0.013483287460177153,12678.8115234375,256,nan,-1.0,True,,False,0.21233713626861572,0.0,0.21233713626861572,15.0,15.0,1.0,0.0,0.0,0.0,0.0,0.0
334,12966.1875,188.01947021484375,0.5620794892311096,0.763180673122406,60.57769012451172,60.57769012451172,60.57769012451172,0.3511710464954376,0.3511710464954376,0.3383764326572418,0.3383764326572418,0.3511710464954376,0.3383764326572418,0.3511710464954376,0.3383764326572418,0.328171044588089,0.3153764307498932,0.02,0.434962852,0.0,0.35389041900634766,0.9999997615814209,0.01853829063475132,0.32420825958251953,0.03653993085026741,0.26868361234664917,0.3439922630786896,0.34585997462272644,0.35389041900634766,0.35389041900634766,0.2956691384315491,0.19877393543720245,0.0025028036907315254,0.012643291355440548,12678.8115234375,256,nan,-1.0,True,,False,0.21267221868038177,0.0,0.21267221868038177,15.0,15.0,1.0,0.0,0.0,0.0,0.0,0.0
335,13004.599609375,188.05178833007812,0.6413975358009338,0.7620849609375,60.57403564453125,60.57403564453125,60.57403564453125,0.35114216804504395,0.35114216804504395,0.3384035527706146,0.3384035527706146,0.35114216804504395,0.3384035527706146,0.35114216804504395,0.3384035527706146,0.3281421661376953,0.315403550863266,0.02,0.4346289375,0.0,0.35397472977638245,0.9999997615814209,0.01849336177110672,0.3163679242134094,0.03637190908193588,0.2686835825443268,0.34388113021850586,0.34575018286705017,0.35397472977638245,0.35397472977638245,0.29619842767715454,0.19892799854278564,0.001991270575672388,0.01155669803200807,12678.8115234375,256,nan,-1.0,True,,False,0.2130088210105896,0.0,0.2130088210105896,15.0,15.0,1.0,0.0,0.0,0.0,0.0,0.0
336,13039.810546875,188.09756469726562,0.7142152190208435,0.7616033554077148,60.56901931762695,60.56901931762695,60.56901931762695,0.35109707713127136,0.35109707713127136,0.33844193816185,0.33844193816185,0.35109707713127136,0.33844193816185,0.35109707713127136,0.33844193816185,0.32809707522392273,0.31544193625450134,0.02,0.434294528,0.0,0.35404902696609497,0.9999997615814209,0.01851021684706211,0.3234175145626068,0.03630470484495163,0.26868361234664917,0.34375521540641785,0.3456254303455353,0.35404902696609497,0.35404902696609497,0.29688653349876404,0.19907952845096588,0.0015488738426938653,0.009487586545421638,12678.8115234375,256,nan,-1.0,True,,False,0.21334676444530487,0.0,0.21334676444530487,15.0,15.0,1.0,0.0,0.0,0.0,0.0,0.0
337,13071.15625,188.14768981933594,0.7798781394958496,0.760667622089386,60.56367492675781,60.56367492675781,60.56367492675781,0.3510834574699402,0.3510834574699402,0.3384839594364166,0.3384839594364166,0.3510834574699402,0.3384839594364166,0.3510834574699402,0.3384839594364166,0.32808345556259155,0.315483957529068,0.02,0.4339596265,0.0,0.35415396094322205,0.9999997615814209,0.018474141135811806,0.31612032651901245,0.03616594895720482,0.26868361234664917,0.34369704127311707,0.34556806087493896,0.35415396094322205,0.35415396094322205,0.29761800169944763,0.1992284506559372,0.0011689286911860108,0.009399547860893007,12678.8115234375,256,nan,-1.0,True,,False,0.21368588507175446,0.0,0.21368588507175446,15.0,15.0,1.0,0.0,0.0,0.0,0.0,0.0
338,13099.50390625,188.1807098388672,0.8379818201065063,0.7611648440361023,60.55875015258789,60.55875015258789,60.55875015258789,0.35105687379837036,0.35105687379837036,0.3385116457939148,0.3385116457939148,0.35105687379837036,0.3385116457939148,0.35105687379837036,0.3385116457939148,0.32805687189102173,0.31551164388656616,0.02,0.433624236,0.0,0.3542410731315613,0.9999996423721313,0.018450651317834854,0.3154033124446869,0.03608429804444313,0.26868361234664917,0.3436221480369568,0.34549471735954285,0.3542410731315613,0.3542410731315613,0.2984205484390259,0.19939309358596802,0.0008458652882836759,0.008673947763680998,12678.8115234375,256,nan,-1.0,True,,False,0.21402597427368164,0.0,0.21402597427368164,15.0,15.0,1.0,0.0,0.0,0.0,0.0,0.0
339,13125.376953125,188.31114196777344,0.8883058428764343,0.7643339037895203,60.55373001098633,60.55373001098633,60.55373001098633,0.3511529564857483,0.3511529564857483,0.33862096071243286,0.33862096071243286,0.3511529564857483,0.33862096071243286,0.3511529564857483,0.33862096071243286,0.32815295457839966,0.31562095880508423,0.02,0.4332883595,0.0,0.35445326566696167,0.9999997615814209,0.01840030774474144,0.3145233392715454,0.03590591251850128,0.26868361234664917,0.3436180651187897,0.34549063444137573,0.35445326566696167,0.35445326566696167,0.29934006929397583,0.19958895444869995,0.0005750026903115213,0.00813687258576263,12678.8115234375,256,nan,-1.0,True,,False,0.21436695754528046,0.0,0.21436695754528046,15.0,15.0,1.0,0.0,0.0,0.0,0.0,0.0
340,13145.9501953125,188.10614013671875,0.9308022260665894,0.7648001909255981,60.55021667480469,60.55021667480469,60.55021667480469,0.35100653767585754,0.35100653767585754,0.3384491205215454,0.3384491205215454,0.35100653767585754,0.3384491205215454,0.35100653767585754,0.3384491205215454,0.3280065357685089,0.3154491186141968,0.02,0.432952,0.0,0.3543347716331482,0.9999996423721313,0.018379149958491325,0.31438568234443665,0.035765115171670914,0.26868361234664917,0.3433777689933777,0.34524932503700256,0.3543347716331482,0.3543347716331482,0.3000566363334656,0.1997876614332199,0.0003521909820847213,0.0076434694051891305,12678.8115234375,256,nan,-1.0,True,,False,0.21470901370048523,0.0,0.21470901370048523,15.0,15.0,1.0,0.0,0.0,0.0,0.0,0.0
341,13160.369140625,188.51760864257812,0.9655042290687561,0.7601447105407715,60.545135498046875,60.545135498046875,60.545135498046875,0.35123130679130554,0.35123130679130554,0.33879393339157104,0.33879393339157104,0.35123130679130554,0.33879393339157104,0.35123130679130554,0.33879393339157104,0.3282313048839569,0.3157939314842224,0.02,0.4326151605,0.0,0.3547544777393341,0.9999997615814209,0.018354786559939384,0.3137892484664917,0.0358850434422493,0.26868361234664917,0.34354543685913086,0.34541934728622437,0.3547544777393341,0.3547544777393341,0.301302045583725,0.1999891847372055,0.00017399253556504846,0.006371206668013151,12678.8115234375,256,nan,-1.0,True,,False,0.2150520533323288,0.0,0.2150520533323288,15.0,15.0,1.0,0.0,0.0,0.0,0.0,0.0
342,13172.9736328125,188.5846710205078,0.9925674200057983,0.7591503262519836,60.54265213012695,60.54265213012695,60.54265213012695,0.35117748379707336,0.35117748379707336,0.33885011076927185,0.33885011076927185,0.35117748379707336,0.33885011076927185,0.35117748379707336,0.33885011076927185,0.32817748188972473,0.3158501088619232,0.02,0.432277844,0.0,0.354812890291214,0.9999997615814209,0.01833132840692997,0.3133159875869751,0.0359831228852272,0.26868361234664917,0.34353142976760864,0.34540289640426636,0.354812890291214,0.354812890291214,0.30235418677330017,0.20019342005252838,3.723213012563065e-05,0.005929727778089323,12678.8115234375,256,nan,-1.0,True,,False,0.21539586782455444,0.0,0.21539586782455444,15.0,15.0,1.0,0.0,0.0,0.0,0.0,0.0
343,13176.2705078125,187.01429748535156,1.0,0.7601472735404968,60.54591369628906,60.54591369628906,60.54591369628906,0.3487738370895386,0.3487738370895386,0.33753228187561035,0.33753228187561035,0.3487738370895386,0.33753228187561035,0.3487738370895386,0.33753228187561035,0.32577383518218994,0.3145322799682617,0.02,0.4319400535,0.0,0.3526001274585724,0.9999996423721313,0.017561791464686394,0.31422528624534607,0.03493789955973625,0.2686835527420044,0.3415911793708801,0.3434630036354065,0.3526001274585724,0.3526001274585724,0.29725632071495056,0.20039771497249603,0.0,0.026188491044902347,12678.8115234375,256,nan,-1.0,True,,False,0.21591122448444366,0.0,0.21591122448444366,15.0,15.0,1.0,0.0,0.0,0.0,0.0,0.0
344,13180.693359375,196.7989044189453,1.0,0.7600558400154114,60.51932907104492,60.51932907104492,60.51932907104492,0.35690978169441223,0.35690978169441223,0.3456555902957916,0.3456555902957916,0.35690978169441223,0.3456555902957916,0.35690978169441223,0.3456555902957916,0.3339097797870636,0.322655588388443,0.02,0.431601792,0.0,0.36069589853286743,0.9999997615814209,0.01777639053761959,0.3119085133075714,0.035333529114723206,0.2686835527420044,0.3489791452884674,0.35085082054138184,0.36069589853286743,0.36069589853286743,0.305759996175766,0.2006065845489502,0.0,0.013892290111268975,12678.8115234375,256,nan,-1.0,True,,False,0.21607807278633118,0.0,0.21607807278633118,15.0,15.0,1.0,0.0,0.0,0.0,0.0,0.0
345,13174.3330078125,187.0614471435547,1.0,0.7583891153335571,60.54038619995117,60.54038619995117,60.54038619995117,0.34943222999572754,0.34943222999572754,0.3375719487667084,0.3375719487667084,0.34943222999572754,0.3375719487667084,0.34943222999572754,0.3375719487667084,0.3264322280883789,0.31457194685935974,0.02,0.4312630625,0.0,0.35341382026672363,0.9999997615814209,0.018142521381378174,0.3145587742328644,0.03644947707653046,0.26868361234664917,0.3421306014060974,0.3440016806125641,0.35341382026672363,0.35341382026672363,0.3056175112724304,0.20081886649131775,0.0,0.017891504478433892,12678.8115234375,256,nan,-1.0,True,,False,0.2164148986339569,0.0,0.2164148986339569,15.0,15.0,1.0,0.0,0.0,0.0,0.0,0.0
346,13175.37109375,187.70962524414062,1.0,0.7592282295227051,60.54024124145508,60.54024124145508,60.54024124145508,0.3492457866668701,0.3492457866668701,0.33811646699905396,0.33811646699905396,0.3492457866668701,0.33811646699905396,0.3492457866668701,0.33811646699905396,0.3262457847595215,0.3151164650917053,0.02,0.43092386800000004,0.0,0.35332736372947693,0.9999996423721313,0.017574794590473175,0.3150459825992584,0.03528568521142006,0.26868361234664917,0.3420228660106659,0.3438940942287445,0.35332736372947693,0.35332736372947693,0.30049747228622437,0.20103655755519867,0.0,0.03197379183903751,12678.8115234375,256,nan,-1.0,True,,False,0.21675264835357666,0.0,0.21675264835357666,15.0,15.0,1.0,0.0,0.0,0.0,0.0,0.0
347,13167.376953125,188.94442749023438,1.0,0.7617607116699219,60.48775863647461,60.48775863647461,60.48775863647461,0.3507393002510071,0.3507393002510071,0.3391512334346771,0.3391512334346771,0.3507393002510071,0.3391512334346771,0.3507393002510071,0.3391512334346771,0.32773929834365845,0.3161512315273285,0.02,0.43058421150000004,0.0,0.3549419939517975,0.9999996423721313,0.017983460798859596,0.31371206045150757,0.03635178133845329,0.2686835527420044,0.343403697013855,0.3452721834182739,0.3549419939517975,0.3549419939517975,0.3193260729312897,0.2012476921081543,0.0,0.033651974614864834,12678.8115234375,256,nan,-1.0,True,,False,0.2170874923467636,0.0,0.2170874923467636,15.0,15.0,1.0,0.0,0.0,0.0,0.0,0.0
348,13174.1953125,184.10415649414062,1.0,0.763174295425415,60.542518615722656,60.542518615722656,60.542518615722656,0.34658101201057434,0.34658101201057434,0.3350754678249359,0.3350754678249359,0.34658101201057434,0.3350754678249359,0.34658101201057434,0.3350754678249359,0.3235810101032257,0.3120754659175873,0.02,0.430244096,0.0,0.3508922755718231,0.9999996423721313,0.017999280244112015,0.31017252802848816,0.036294784396886826,0.2686835825443268,0.339412659406662,0.34128114581108093,0.3508922755718231,0.3508922755718231,0.30589690804481506,0.2014559954404831,0.0,0.030899704511587817,12678.8115234375,256,nan,-1.0,True,,False,0.21741816401481628,0.0,0.21741816401481628,15.0,15.0,1.0,0.0,0.0,0.0,0.0,0.0
349,13175.041015625,188.68955993652344,1.0,0.7616850733757019,60.52754211425781,60.52754211425781,60.52754211425781,0.35058364272117615,0.35058364272117615,0.3389379382133484,0.3389379382133484,0.35058364272117615,0.3389379382133484,0.35058364272117615,0.3389379382133484,0.3275836408138275,0.31593793630599976,0.02,0.4299035245,0.0,0.35494571924209595,0.9999997615814209,0.018210556358098984,0.3105629086494446,0.036943282932043076,0.26868361234664917,0.3433135747909546,0.34518128633499146,0.35494568943977356,0.35494568943977356,0.31166279315948486,0.20167748630046844,0.0,0.04203554069196495,12678.8115234375,256,nan,-1.0,True,,False,0.21775034070014954,0.0,0.21775034070014954,15.0,15.0,1.0,0.0,0.0,0.0,0.0,0.0
350,13173.9794921875,188.7325439453125,1.0,0.7609679102897644,60.5238151550293,60.5238151550293,60.5238151550293,0.35056090354919434,0.35056090354919434,0.33897390961647034,0.33897390961647034,0.35056090354919434,0.33897390961647034,0.35056090354919434,0.33897390961647034,0.3275609016418457,0.3159739077091217,0.02,0.4295625,0.0,0.3550156056880951,0.9999997615814209,0.018166113644838333,0.310721755027771,0.03699423000216484,0.26868361234664917,0.3433176875114441,0.34518325328826904,0.3550156056880951,0.3550156056880951,0.31324511766433716,0.20190821588039398,0.0,0.038602724681065105,12678.8115234375,256,nan,-1.0,True,,False,0.21809090673923492,0.0,0.21809090673923492,15.0,15.0,1.0,0.0,0.0,0.0,0.0,0.0
351,13173.2724609375,188.90438842773438,1.0,0.7613239884376526,60.51852798461914,60.51852798461914,60.51852798461914,0.35062193870544434,0.35062193870544434,0.33911773562431335,0.33911773562431335,0.35062193870544434,0.33911773562431335,0.35062193870544434,0.33911773562431335,0.3276219367980957,0.3161177337169647,0.02,0.4292210255,0.0,0.3551737368106842,0.9999997615814209,0.01812743954360485,0.31028544902801514,0.037018969655036926,0.26868361234664917,0.34335631132125854,0.3452182114124298,0.3551737368106842,0.3551737368106842,0.3149077296257019,0.20214912295341492,0.0,0.019784187607001513,12678.8115234375,256,nan,-1.0,True,,False,0.2184399664402008,0.0,0.2184399664402008,15.0,15.0,1.0,0.0,0.0,0.0,0.0,0.0
352,13184.96875,199.72425842285156,1.0,0.7618065476417542,60.521705627441406,60.521705627441406,60.521705627441406,0.3588447570800781,0.3588447570800781,0.34804481267929077,0.34804481267929077,0.3588447570800781,0.34804481267929077,0.3588447570800781,0.34804481267929077,0.3358447551727295,0.32504481077194214,0.02,0.428879104,0.0,0.36339977383613586,0.9999997615814209,0.017794616520404816,0.31106266379356384,0.03651505336165428,0.26868361234664917,0.351336270570755,0.3531966507434845,0.36339977383613586,0.36339977383613586,0.3178541958332062,0.20241649448871613,0.0,0.022477617820388533,12678.8115234375,256,nan,-1.0,True,,False,0.21879388391971588,0.0,0.21879388391971588,15.0,15.0,1.0,0.0,0.0,0.0,0.0,0.0
353,13172.0458984375,189.50143432617188,1.0,0.7620182633399963,60.50767517089844,60.50767517089844,60.50767517089844,0.3509054183959961,0.3509054183959961,0.33961689472198486,0.33961689472198486,0.3509054183959961,0.33961689472198486,0.3509054183959961,0.33961689472198486,0.32790541648864746,0.31661689281463623,0.02,0.4285367385,0.0,0.3556416630744934,0.9999997615814209,0.018102673813700676,0.3103828728199005,0.03722768649458885,0.2686835527420044,0.3434953987598419,0.3453540802001953,0.3556416630744934,0.3556416630744934,0.31819695234298706,0.20269575715065002,0.0,0.02227987277890659,12678.8115234375,256,nan,-1.0,True,,False,0.2191360592842102,0.0,0.2191360592842102,15.0,15.0,1.0,0.0,0.0,0.0,0.0,0.0
354,13171.0166015625,189.7247314453125,1.0,0.7612559199333191,60.50332260131836,60.50332260131836,60.50332260131836,0.35100257396698,0.35100257396698,0.33980339765548706,0.33980339765548706,0.35100257396698,0.33980339765548706,0.35100257396698,0.33980339765548706,0.32800257205963135,0.3168033957481384,0.02,0.428193932,0.0,0.3558248281478882,0.9999997615814209,0.01807446777820587,0.30879613757133484,0.037371471524238586,0.2686835825443268,0.34359896183013916,0.3454548418521881,0.3558248281478882,0.3558248281478882,0.3198157250881195,0.20298056304454803,0.0,0.021007569345076464,12678.8115234375,256,nan,-1.0,True,,False,0.21947941184043884,0.0,0.21947941184043884,15.0,15.0,1.0,0.0,0.0,0.0,0.0,0.0
355,13197.7744140625,199.67298889160156,1.0,0.762830376625061,60.583431243896484,60.583431243896484,60.583431243896484,0.3586502969264984,0.3586502969264984,0.348003089427948,0.348003089427948,0.3586502969264984,0.348003089427948,0.3586502969264984,0.348003089427948,0.3356502950191498,0.32500308752059937,0.02,0.4278506875,0.0,0.3634718060493469,0.9999997615814209,0.01770911179482937,0.30702778697013855,0.036642685532569885,0.2686835527420044,0.3513322174549103,0.35318517684936523,0.3634718060493469,0.3634718060493469,0.3238812983036041,0.20327003300189972,0.0,0.03850136936913865,12678.8115234375,256,nan,-1.0,True,,False,0.21982263028621674,0.0,0.21982263028621674,15.0,15.0,1.0,0.0,0.0,0.0,0.0,0.0
356,13171.376953125,189.67413330078125,1.0,0.767853319644928,60.48888397216797,60.48888397216797,60.48888397216797,0.3507438004016876,0.3507438004016876,0.3397611379623413,0.3397611379623413,0.3507438004016876,0.3397611379623413,0.3507438004016876,0.3397611379623413,0.327743798494339,0.3167611360549927,0.02,0.42750700799999997,0.0,0.35573863983154297,0.9999997615814209,0.0180255975574255,0.3093150556087494,0.037509676069021225,0.26868361234664917,0.3437221348285675,0.3455718457698822,0.35573863983154297,0.35573863983154297,0.32160651683807373,0.20355120301246643,0.0,0.04210955309907957,12678.8115234375,256,nan,-1.0,True,,False,0.22015875577926636,0.0,0.22015875577926636,15.0,15.0,1.0,0.0,0.0,0.0,0.0,0.0
357,13174.3154296875,190.61370849609375,0.999600350856781,0.7708064317703247,60.49249267578125,60.49249267578125,60.49249267578125,0.35143157839775085,0.35143157839775085,0.340544730424881,0.340544730424881,0.35143157839775085,0.340544730424881,0.35143157839775085,0.340544730424881,0.3284315764904022,0.31754472851753235,0.02,0.4271628965,0.0,0.356494665145874,0.9999997615814209,0.018052486702799797,0.3045421242713928,0.03770986199378967,0.2686835527420044,0.3440951406955719,0.345941960811615,0.356494665145874,0.356494665145874,0.3240991532802582,0.2038203626871109,1.9989893189631402e-06,0.004541850115098593,12678.8115234375,256,nan,-1.0,True,,False,0.2204926759004593,0.0,0.2204926759004593,15.0,15.0,1.0,0.0,0.0,0.0,0.0,0.0
358,13168.607421875,190.56591796875,0.9909588694572449,0.7693405151367188,60.48945617675781,60.48945617675781,60.48945617675781,0.3513735830783844,0.3513735830783844,0.340504914522171,0.340504914522171,0.3513735830783844,0.340504914522171,0.3513735830783844,0.340504914522171,0.32837358117103577,0.3175049126148224,0.02,0.426818356,0.0,0.35644420981407166,0.9999997615814209,0.018041804432868958,0.34232020378112793,0.03773621842265129,0.2686835527420044,0.3440685272216797,0.34591248631477356,0.35644420981407166,0.35644420981407166,0.3251686692237854,0.2040867954492569,4.530774458544329e-05,0.004683245384310592,12678.8115234375,256,nan,-1.0,True,,False,0.2207389771938324,0.0,0.2207389771938324,15.0,15.0,1.0,0.0,0.0,0.0,0.0,0.0
359,13160.62890625,189.76101684570312,0.9780192375183105,0.7680069208145142,60.48927307128906,60.48927307128906,60.48927307128906,0.35077103972435,0.35077103972435,0.33983367681503296,0.33983367681503296,0.35077103972435,0.33983367681503296,0.35077103972435,0.33983367681503296,0.32777103781700134,0.3168336749076843,0.02,0.4264733895,0.0,0.3557939827442169,0.9999997615814209,0.01803632453083992,0.3450114130973816,0.037571679800748825,0.26868361234664917,0.34352511167526245,0.3453712463378906,0.3557939827442169,0.3557939827442169,0.3258064091205597,0.20435141026973724,0.00011051426554331556,0.0040942931416591615,12678.8115234375,256,nan,-1.0,True,,False,0.2205112725496292,0.0,0.2205112725496292,15.0,15.0,1.0,0.0,0.0,0.0,0.0,0.0
360,13168.9677734375,188.99359130859375,0.994262158870697,0.7702464461326599,60.48859786987305,60.48859786987305,60.48859786987305,0.3502161502838135,0.3502161502838135,0.33919236063957214,0.33919236063957214,0.3502161502838135,0.33919236063957214,0.3502161502838135,0.33919236063957214,0.32721614837646484,0.3161923587322235,0.02,0.426128,0.0,0.3551894426345825,0.9999997615814209,0.018016081303358078,0.34731101989746094,0.03740248084068298,0.2686835527420044,0.3430732488632202,0.3449210822582245,0.3551894426345825,0.3551894426345825,0.32637593150138855,0.2046140730381012,2.873020275728777e-05,0.005873600843187887,12678.8115234375,256,nan,-1.0,True,,False,0.22028589248657227,0.0,0.22028589248657227,15.0,15.0,1.0,0.0,0.0,0.0,0.0,0.0
361,13187.0927734375,208.3632354736328,1.0,0.7727561593055725,60.46175765991211,60.46175765991211,60.46175765991211,0.3666377365589142,0.3666377365589142,0.35500022768974304,0.35500022768974304,0.3666377365589142,0.35500022768974304,0.3666377365589142,0.35500022768974304,0.34363773465156555,0.3320002257823944,0.02,0.4257821905,0.0,0.37138569355010986,0.9999997615814209,0.01882876455783844,0.34981659054756165,0.03934323787689209,0.2686835825443268,0.3592876195907593,0.3611374497413635,0.37138569355010986,0.37138569355010986,0.3397853374481201,0.20486895740032196,0.0,0.03181445083464496,12678.8115234375,256,nan,-1.0,True,,False,0.22006262838840485,0.0,0.22006262838840485,15.0,15.0,1.0,0.0,0.0,0.0,0.0,0.0
362,13209.9609375,239.54647827148438,1.0,0.7734948396682739,60.4183349609375,60.4183349609375,60.4183349609375,0.3913159966468811,0.3913159966468811,0.3789776563644409,0.3789776563644409,0.3913159966468811,0.3789776563644409,0.3913159966468811,0.3789776563644409,0.36831599473953247,0.3559776544570923,0.02,0.425435964,0.0,0.3958032429218292,0.9999997615814209,0.01984420232474804,0.3092910945415497,0.04175649955868721,0.2686835825443268,0.3833499550819397,0.3852020502090454,0.3958032429218292,0.3958032429218292,0.36121395230293274,0.20512737333774567,0.0,0.0203189871325675,12678.8115234375,256,nan,-1.0,True,,False,0.21981394290924072,0.0,0.21981394290924072,15.0,15.0,1.0,0.0,0.0,0.0,0.0,0.0
363,13186.1708984375,206.0631103515625,1.0,0.7757394313812256,60.46118927001953,60.46118927001953,60.46118927001953,0.3647752106189728,0.3647752106189728,0.3531626760959625,0.3531626760959625,0.3647752106189728,0.3531626760959625,0.3647752106189728,0.3531626760959625,0.34177520871162415,0.3301626741886139,0.02,0.4250893235,0.0,0.3694866895675659,0.9999997615814209,0.018780460581183434,0.31752732396125793,0.03920673951506615,0.2686835825443268,0.3574562668800354,0.35931065678596497,0.3694866895675659,0.3694866895675659,0.34031686186790466,0.20538769662380219,0.0,0.018757105555980362,12678.8115234375,256,nan,-1.0,True,,False,0.219575434923172,0.0,0.219575434923172,15.0,15.0,1.0,0.0,0.0,0.0,0.0,0.0
364,13170.3046875,182.27381896972656,1.0,0.7791429162025452,60.49229431152344,60.49229431152344,60.49229431152344,0.34458914399147034,0.34458914399147034,0.3335202932357788,0.3335202932357788,0.34458914399147034,0.3335202932357788,0.34458914399147034,0.3335202932357788,0.3215891420841217,0.3105202913284302,0.02,0.424742272,0.0,0.3494551479816437,0.9999997615814209,0.017863105982542038,0.30913135409355164,0.036906465888023376,0.2686835527420044,0.33767229318618774,0.3395289182662964,0.3494551479816437,0.3494551479816437,0.32519152760505676,0.2056494951248169,0.0,0.033892021210502006,12678.8115234375,256,nan,-1.0,True,,False,0.2193595916032791,0.0,0.2193595916032791,15.0,15.0,1.0,0.0,0.0,0.0,0.0,0.0
365,13187.4404296875,203.8107452392578,1.0,0.7808513641357422,60.46601867675781,60.46601867675781,60.46601867675781,0.3630007207393646,0.3630007207393646,0.3513532876968384,0.3513532876968384,0.3630007207393646,0.3513532876968384,0.3630007207393646,0.3513532876968384,0.340000718832016,0.32835328578948975,0.02,0.4243948125,0.0,0.36762627959251404,0.9999997615814209,0.018726356327533722,0.3079078495502472,0.03892488405108452,0.2686835825443268,0.35560911893844604,0.3574673533439636,0.36762627959251404,0.36762627959251404,0.3401157855987549,0.20590735971927643,0.0,0.03232009758681266,12678.8115234375,256,nan,-1.0,True,,False,0.2191632241010666,0.0,0.2191632241010666,15.0,15.0,1.0,0.0,0.0,0.0,0.0,0.0
366,13186.0634765625,202.697265625,1.0,0.7805407643318176,60.46548080444336,60.46548080444336,60.46548080444336,0.362115740776062,0.362115740776062,0.350455105304718,0.350455105304718,0.362115740776062,0.350455105304718,0.362115740776062,0.350455105304718,0.3391157388687134,0.3274551033973694,0.02,0.424046948,0.0,0.36670660972595215,0.9999997615814209,0.018682558089494705,0.3070739507675171,0.03878672793507576,0.2686835527420044,0.3547050654888153,0.3565644919872284,0.36670663952827454,0.36670663952827454,0.33976441621780396,0.20616650581359863,0.0,0.020545312746738393,12678.8115234375,256,nan,-1.0,True,,False,0.21898838877677917,0.0,0.21898838877677917,15.0,15.0,1.0,0.0,0.0,0.0,0.0,0.0
367,13185.78125,201.7939453125,1.0,0.7815948128700256,60.4659538269043,60.4659538269043,60.4659538269043,0.3614223003387451,0.3614223003387451,0.3497246503829956,0.3497246503829956,0.3614223003387451,0.3497246503829956,0.3614223003387451,0.3497246503829956,0.3384222984313965,0.326724648475647,0.02,0.4236986815,0.0,0.36598101258277893,0.9999997615814209,0.01867571845650673,0.3073340058326721,0.0386696420609951,0.2686835527420044,0.3540307581424713,0.3558900058269501,0.36598101258277893,0.36598101258277893,0.3393648862838745,0.20646683871746063,0.0,0.04195638879415734,12678.8115234375,256,nan,-1.0,True,,False,0.2188389152288437,0.0,0.2188389152288437,15.0,15.0,1.0,0.0,0.0,0.0,0.0,0.0
368,13186.83203125,201.0257568359375,1.0,0.7845650315284729,60.46761703491211,60.46761703491211,60.46761703491211,0.36082136631011963,0.36082136631011963,0.3491021692752838,0.3491021692752838,0.36082136631011963,0.3491021692752838,0.36082136631011963,0.3491021692752838,0.337821364402771,0.3261021673679352,0.02,0.423350016,0.0,0.3653545081615448,0.9999997615814209,0.018642526119947433,0.3075653314590454,0.038586899638175964,0.2686835527420044,0.3534567654132843,0.35531601309776306,0.3653545081615448,0.3653545081615448,0.33893197774887085,0.20676925778388977,0.0,0.03967740790620963,12678.8115234375,256,nan,-1.0,True,,False,0.21871505677700043,0.0,0.21871505677700043,15.0,15.0,1.0,0.0,0.0,0.0,0.0,0.0
369,13187.744140625,200.37136840820312,1.0,0.7871881127357483,60.468894958496094,60.468894958496094,60.468894958496094,0.3603043258190155,0.3603043258190155,0.34857097268104553,0.34857097268104553,0.3603043258190155,0.34857097268104553,0.3603043258190155,0.34857097268104553,0.33730432391166687,0.3255709707736969,0.02,0.42300095449999997,0.0,0.364815354347229,0.9999997615814209,0.018641013652086258,0.3100261688232422,0.038492023944854736,0.2686835825443268,0.35295549035072327,0.35481539368629456,0.364815354347229,0.364815354347229,0.33840659260749817,0.20706616342067719,0.0,0.017936817444731586,12678.8115234375,256,nan,-1.0,True,,False,0.21861718595027924,0.0,0.21861718595027924,15.0,15.0,1.0,0.0,0.0,0.0,0.0,0.0
370,13173.755859375,180.906005859375,1.0,0.7845054864883423,60.50299072265625,60.50299072265625,60.50299072265625,0.3436064124107361,0.3436064124107361,0.33235299587249756,0.33235299587249756,0.3436064124107361,0.33235299587249756,0.3436064124107361,0.33235299587249756,0.32060641050338745,0.3093529939651489,0.02,0.4226515,0.0,0.34827324748039246,0.9999997615814209,0.017909664660692215,0.3086358904838562,0.036728084087371826,0.2686835527420044,0.3366292417049408,0.3384923040866852,0.34827327728271484,0.34827327728271484,0.32586774230003357,0.20736479759216309,0.0,0.01633521529018051,12678.8115234375,256,nan,-1.0,True,,False,0.21855132281780243,0.0,0.21855132281780243,15.0,15.0,1.0,0.0,0.0,0.0,0.0,0.0
371,13172.5146484375,180.801513671875,1.0,0.7823618054389954,60.50265884399414,60.50265884399414,60.50265884399414,0.34353068470954895,0.34353068470954895,0.33226364850997925,0.33226364850997925,0.34353068470954895,0.33226364850997925,0.34353068470954895,0.33226364850997925,0.3205306828022003,0.3092636466026306,0.02,0.4223016555,0.0,0.34818488359451294,0.9999997615814209,0.017895754426717758,0.30972790718078613,0.03671509027481079,0.2686835825443268,0.33657199144363403,0.33843567967414856,0.34818488359451294,0.34818488359451294,0.325587660074234,0.2076674848794937,0.0,0.02856696351793491,12678.8115234375,256,nan,-1.0,True,,False,0.21851138770580292,0.0,0.21851138770580292,15.0,15.0,1.0,0.0,0.0,0.0,0.0,0.0
372,13184.6357421875,199.1370086669922,1.0,0.7827687859535217,60.4705696105957,60.4705696105957,60.4705696105957,0.3593151867389679,0.3593151867389679,0.3475666046142578,0.3475666046142578,0.3593151867389679,0.3475666046142578,0.3593151867389679,0.3475666046142578,0.33631518483161926,0.3245666027069092,0.02,0.42195142399999996,0.0,0.36380520462989807,0.9999997615814209,0.018631041049957275,0.3457702100276947,0.038424715399742126,0.26868361234664917,0.35202503204345703,0.35388779640197754,0.36380520462989807,0.36380520462989807,0.3368513584136963,0.20796768367290497,0.0,0.043619553146224156,12678.8115234375,256,nan,-1.0,True,,False,0.2184966653585434,0.0,0.2184966653585434,15.0,15.0,1.0,0.0,0.0,0.0,0.0,0.0
373,13173.087890625,180.76475524902344,1.0,0.7837603688240051,60.50221252441406,60.50221252441406,60.50221252441406,0.34350526332855225,0.34350526332855225,0.33223220705986023,0.33223220705986023,0.34350526332855225,0.33223220705986023,0.34350526332855225,0.33223220705986023,0.3205052614212036,0.3092322051525116,0.02,0.4216008085,0.0,0.3481617569923401,0.9999997615814209,0.017921024933457375,0.3130462169647217,0.03673095628619194,0.26868361234664917,0.33659639954566956,0.33845919370651245,0.3481617569923401,0.3481617569923401,0.32489171624183655,0.2082587629556656,0.0,0.03208307634405275,12678.8115234375,256,nan,-1.0,True,,False,0.21850982308387756,0.0,0.21850982308387756,15.0,15.0,1.0,0.0,0.0,0.0,0.0,0.0
374,13173.0,180.7840118408203,1.0,0.7833840847015381,60.50261688232422,60.50261688232422,60.50261688232422,0.34352466464042664,0.34352466464042664,0.3322486877441406,0.3322486877441406,0.34352466464042664,0.3322486877441406,0.34352466464042664,0.3322486877441406,0.320524662733078,0.309248685836792,0.02,0.421249812,0.0,0.3481888473033905,0.9999997615814209,0.017937567085027695,0.3143068552017212,0.03673318773508072,0.26868361234664917,0.33663055300712585,0.33849242329597473,0.3481888473033905,0.3481888473033905,0.32439979910850525,0.20854613184928894,0.0,0.04281035086185309,12678.8115234375,256,nan,-1.0,True,,False,0.2185494601726532,0.0,0.2185494601726532,15.0,15.0,1.0,0.0,0.0,0.0,0.0,0.0
375,13173.2861328125,181.47279357910156,1.0,0.7839526534080505,60.499183654785156,60.499183654785156,60.499183654785156,0.3440271317958832,0.3440271317958832,0.33283722400665283,0.33283722400665283,0.3440271317958832,0.33283722400665283,0.3440271317958832,0.33283722400665283,0.32102712988853455,0.3098372220993042,0.02,0.4208984375,0.0,0.3487839102745056,0.9999997615814209,0.01792954094707966,0.31147250533103943,0.03685789182782173,0.2686835527420044,0.33711525797843933,0.3389757573604584,0.3487839102745056,0.3487839102745056,0.32428446412086487,0.20883703231811523,0.0,0.012928180913958285,12678.8115234375,256,nan,-1.0,True,,False,0.21891382336616516,0.0,0.21891382336616516,15.0,15.0,1.0,0.0,0.0,0.0,0.0,0.0
376,13186.150390625,200.31690979003906,1.0,0.7854771614074707,60.46547317504883,60.46547317504883,60.46547317504883,0.36007633805274963,0.36007633805274963,0.3485267162322998,0.3485267162322998,0.36007633805274963,0.3485267162322998,0.36007633805274963,0.3485267162322998,0.337076336145401,0.32552671432495117,0.02,0.420546688,0.0,0.3647739589214325,0.9999997615814209,0.01858578994870186,0.3086165487766266,0.03857281804084778,0.2686835825443268,0.35280853509902954,0.3546656370162964,0.3647739589214325,0.3647739589214325,0.33552831411361694,0.20913265645503998,0.0,0.011399483292027272,12678.8115234375,256,nan,-1.0,True,,False,0.21932955086231232,0.0,0.21932955086231232,15.0,15.0,1.0,0.0,0.0,0.0,0.0,0.0
377,13173.65625,183.0499725341797,1.0,0.784855842590332,60.49089431762695,60.49089431762695,60.49089431762695,0.3452035188674927,0.3452035188674927,0.33418071269989014,0.33418071269989014,0.3452035188674927,0.33418071269989014,0.3452035188674927,0.33418071269989014,0.32220351696014404,0.3111807107925415,0.02,0.4201945665,0.0,0.3501603305339813,0.9999997615814209,0.017930923029780388,0.3057314157485962,0.03709493950009346,0.26868361234664917,0.33825382590293884,0.3401082158088684,0.3501603305339813,0.3501603305339813,0.3240540027618408,0.209430992603302,0.0,0.03087049328476294,12678.8115234375,256,nan,-1.0,True,,False,0.21974748373031616,0.0,0.21974748373031616,15.0,15.0,1.0,0.0,0.0,0.0,0.0,0.0
378,13185.310546875,201.87574768066406,1.0,0.7831316590309143,60.459346771240234,60.459346771240234,60.459346771240234,0.36113592982292175,0.36113592982292175,0.34979087114334106,0.34979087114334106,0.36113592982292175,0.34979087114334106,0.36113592982292175,0.34979087114334106,0.3381359279155731,0.32679086923599243,0.02,0.419842076,0.0,0.36602893471717834,0.9999997615814209,0.018554285168647766,0.3055857717990875,0.03881794214248657,0.2686835825443268,0.3538517653942108,0.35570138692855835,0.36602893471717834,0.36602893471717834,0.33515480160713196,0.20974010229110718,0.0,0.029237579576955695,12678.8115234375,256,nan,-1.0,True,,False,0.22017408907413483,0.0,0.22017408907413483,15.0,15.0,1.0,0.0,0.0,0.0,0.0,0.0
379,13185.8740234375,202.41400146484375,1.0,0.7840417623519897,60.45719528198242,60.45719528198242,60.45719528198242,0.3614868223667145,0.3614868223667145,0.3502262234687805,0.3502262234687805,0.3614868223667145,0.3502262234687805,0.3614868223667145,0.3502262234687805,0.33848682045936584,0.3272262215614319,0.02,0.4194892195,0.0,0.366443932056427,0.9999997615814209,0.018526330590248108,0.30427247285842896,0.038883063942193985,0.2686835527420044,0.35420408844947815,0.35605037212371826,0.366443932056427,0.366443932056427,0.3347800076007843,0.21004867553710938,0.0,0.04288200735108047,12678.8115234375,256,nan,-1.0,True,,False,0.22046753764152527,0.0,0.22046753764152527,15.0,15.0,1.0,0.0,0.0,0.0,0.0,0.0
380,13187.126953125,201.8036651611328,1.0,0.7864986658096313,60.46037292480469,60.46037292480469,60.46037292480469,0.36105573177337646,0.36105573177337646,0.34973251819610596,0.34973251819610596,0.36105573177337646,0.34973251819610596,0.36105573177337646,0.34973251819610596,0.33805572986602783,0.3267325162887573,0.02,0.419136,0.0,0.3659582734107971,0.9999997615814209,0.018511928617954254,0.3028762638568878,0.03875245153903961,0.2686835825443268,0.3537865877151489,0.35563454031944275,0.3659583032131195,0.3659583032131195,0.33366578817367554,0.21034874022006989,0.0,0.038464396947852544,12678.8115234375,256,nan,-1.0,True,,False,0.2202339917421341,0.0,0.2202339917421341,15.0,15.0,1.0,0.0,0.0,0.0,0.0,0.0
381,13185.90625,201.2312774658203,1.0,0.7838612198829651,60.463722229003906,60.463722229003906,60.463722229003906,0.3606361746788025,0.3606361746788025,0.3492688238620758,0.3492688238620758,0.3606361746788025,0.3492688238620758,0.3606361746788025,0.3492688238620758,0.33763617277145386,0.3262688219547272,0.02,0.4187824205,0.0,0.3654937446117401,0.9999997615814209,0.01851656287908554,0.3035263419151306,0.038685016334056854,0.2686834931373596,0.3533748388290405,0.3552252948284149,0.3654937446117401,0.3654937446117401,0.3325086832046509,0.21064001321792603,0.0,0.014713571558887552,12678.8115234375,256,nan,-1.0,True,,False,0.22000780701637268,0.0,0.22000780701637268,15.0,15.0,1.0,0.0,0.0,0.0,0.0,0.0
382,13198.09765625,220.326416015625,1.0,0.780971109867096,60.436431884765625,60.436431884765625,60.436431884765625,0.3759942650794983,0.3759942650794983,0.36439812183380127,0.36439812183380127,0.3759942650794983,0.36439812183380127,0.3759942650794983,0.36439812183380127,0.35299426317214966,0.34139811992645264,0.02,0.418428484,0.0,0.38064566254615784,0.9999997615814209,0.01889517717063427,0.32538318634033203,0.03950483724474907,0.26868361234664917,0.3682081401348114,0.3700592815876007,0.38064566254615784,0.38064566254615784,0.3437313139438629,0.21093401312828064,0.0,0.031241260598310165,12678.8115234375,256,nan,-1.0,True,,False,0.2197888046503067,0.0,0.2197888046503067,15.0,15.0,1.0,0.0,0.0,0.0,0.0,0.0
383,13185.498046875,200.2728271484375,1.0,0.7819280028343201,60.47130584716797,60.47130584716797,60.47130584716797,0.359924852848053,0.359924852848053,0.3484908938407898,0.3484908938407898,0.359924852848053,0.3484908938407898,0.359924852848053,0.3484908938407898,0.33692485094070435,0.32549089193344116,0.02,0.41807419349999997,0.0,0.36468061804771423,0.9999997615814209,0.018503258004784584,0.30606570839881897,0.03857021778821945,0.2686835527420044,0.35258764028549194,0.35444140434265137,0.36468061804771423,0.36468061804771423,0.33033525943756104,0.21123766899108887,0.0,0.022014057781133387,12678.8115234375,256,nan,-1.0,True,,False,0.21957142651081085,0.0,0.21957142651081085,15.0,15.0,1.0,0.0,0.0,0.0,0.0,0.0
384,13187.26953125,199.74180603027344,1.0,0.7849169969558716,60.475345611572266,60.475345611572266,60.475345611572266,0.35954949259757996,0.35954949259757996,0.3480590879917145,0.3480590879917145,0.35954949259757996,0.3480590879917145,0.35954949259757996,0.3480590879917145,0.3365494906902313,0.32505908608436584,0.02,0.417719552,0.0,0.36425861716270447,0.9999997615814209,0.0185285322368145,0.3089139759540558,0.03844898194074631,0.26868361234664917,0.352191686630249,0.35404834151268005,0.36425861716270447,0.36425861716270447,0.32931753993034363,0.21154461801052094,0.0,0.027255465228032943,12678.8115234375,256,nan,-1.0,True,,False,0.2193666249513626,0.0,0.2193666249513626,15.0,15.0,1.0,0.0,0.0,0.0,0.0,0.0
385,13200.9228515625,218.79766845703125,1.0,0.7852938771247864,60.447391510009766,60.447391510009766,60.447391510009766,0.3749593496322632,0.3749593496322632,0.36321166157722473,0.36321166157722473,0.3749593496322632,0.36321166157722473,0.3749593496322632,0.36321166157722473,0.35195934772491455,0.3402116596698761,0.02,0.4173645625,0.0,0.37946465611457825,0.9999997615814209,0.018901020288467407,0.31170016527175903,0.03926967829465866,0.26868361234664917,0.367154061794281,0.36901232600212097,0.37946465611457825,0.37946465611457825,0.34069326519966125,0.21185249090194702,0.0,0.028209515536824863,12678.8115234375,256,nan,-1.0,True,,False,0.21915720403194427,0.0,0.21915720403194427,15.0,15.0,1.0,0.0,0.0,0.0,0.0,0.0
386,13186.919921875,198.54544067382812,1.0,0.7842140793800354,60.48133850097656,60.48133850097656,60.48133850097656,0.3586792051792145,0.3586792051792145,0.3470841646194458,0.3470841646194458,0.3586792051792145,0.3470841646194458,0.3586792051792145,0.3470841646194458,0.33567920327186584,0.32408416271209717,0.02,0.417009228,0.0,0.3632841408252716,0.9999997615814209,0.01852080598473549,0.3145596385002136,0.03825235366821289,0.26868361234664917,0.35136210918426514,0.35322341322898865,0.3632842004299164,0.3632842004299164,0.3271735608577728,0.21216218173503876,0.0,0.013521889370167628,12678.8115234375,256,nan,-1.0,True,,False,0.21893613040447235,0.0,0.21893613040447235,15.0,15.0,1.0,0.0,0.0,0.0,0.0,0.0
387,13187.34375,198.2729034423828,1.0,0.7849571108818054,60.48296356201172,60.48296356201172,60.48296356201172,0.35847893357276917,0.35847893357276917,0.34686166048049927,0.34686166048049927,0.35847893357276917,0.34686166048049927,0.35847893357276917,0.34686166048049927,0.33547893166542053,0.32386165857315063,0.02,0.4166535515,0.0,0.3630726933479309,0.9999997615814209,0.018501481041312218,0.3124314248561859,0.03814607486128807,0.26868361234664917,0.35118842124938965,0.35305097699165344,0.3630726933479309,0.3630726933479309,0.3262020945549011,0.21247203648090363,0.0,0.039016952904704444,12678.8115234375,256,nan,-1.0,True,,False,0.2189105600118637,0.0,0.2189105600118637,15.0,15.0,1.0,0.0,0.0,0.0,0.0,0.0
388,13210.73828125,233.42503356933594,1.0,0.7841983437538147,60.42606735229492,60.42606735229492,60.42606735229492,0.3865503966808319,0.3865503966808319,0.3743998408317566,0.3743998408317566,0.3865503966808319,0.3743998408317566,0.3865503966808319,0.3743998408317566,0.3635503947734833,0.35139983892440796,0.02,0.41629753599999997,0.0,0.39086416363716125,0.9999997615814209,0.019363073632121086,0.3443380892276764,0.04023636877536774,0.26868361234664917,0.37841692566871643,0.380278617143631,0.39086416363716125,0.39086416363716125,0.34625938534736633,0.21277830004692078,0.0,0.027645072029877663,12678.8115234375,256,nan,-1.0,True,,False,0.21896250545978546,0.0,0.21896250545978546,15.0,15.0,1.0,0.0,0.0,0.0,0.0,0.0
389,13186.0234375,198.35093688964844,1.0,0.7814799547195435,60.48466110229492,60.48466110229492,60.48466110229492,0.35847872495651245,0.35847872495651245,0.34692537784576416,0.34692537784576416,0.35847872495651245,0.34692537784576416,0.35847872495651245,0.34692537784576416,0.3354787230491638,0.3239253759384155,0.02,0.4159411845,0.0,0.363109290599823,0.9999997615814209,0.01850869134068489,0.3071717917919159,0.03826725482940674,0.26868361234664917,0.3511294722557068,0.35298997163772583,0.363109290599823,0.363109290599823,0.3244656026363373,0.21308909356594086,0.0,0.038067583036738344,12678.8115234375,256,nan,-1.0,True,,False,0.21902550756931305,0.0,0.21902550756931305,15.0,15.0,1.0,0.0,0.0,0.0,0.0,0.0
390,13186.5810546875,198.29820251464844,1.0,0.7825859189033508,60.48495101928711,60.48495101928711,60.48495101928711,0.35843008756637573,0.35843008756637573,0.34688231348991394,0.34688231348991394,0.35843008756637573,0.34688231348991394,0.35843008756637573,0.34688231348991394,0.3354300856590271,0.3238823115825653,0.02,0.4155845,0.0,0.36307188868522644,0.9999997615814209,0.018507109954953194,0.3086823523044586,0.03820803761482239,0.2686835527420044,0.35106369853019714,0.35292279720306396,0.36307188868522644,0.36307188868522644,0.3235168159008026,0.213410422205925,0.0,0.02335286257503968,12678.8115234375,256,nan,-1.0,True,,False,0.21907183527946472,0.0,0.21907183527946472,15.0,15.0,1.0,0.0,0.0,0.0,0.0,0.0
391,13188.3828125,198.1236572265625,1.0,0.7861539721488953,60.48590850830078,60.48590850830078,60.48590850830078,0.3582844138145447,0.3582844138145447,0.3467397391796112,0.3467397391796112,0.3582844138145447,0.3467397391796112,0.3582844138145447,0.3467397391796112,0.33528441190719604,0.3237397372722626,0.02,0.4152274855,0.0,0.36293312907218933,0.9999997615814209,0.018476296216249466,0.3051998019218445,0.038192566484212875,0.26868361234664917,0.3509431481361389,0.3528020977973938,0.36293312907218933,0.36293312907218933,0.32254758477211,0.21372953057289124,0.0,0.02416984486303085,12678.8115234375,256,nan,-1.0,True,,False,0.2191031575202942,0.0,0.2191031575202942,15.0,15.0,1.0,0.0,0.0,0.0,0.0,0.0
392,13176.8115234375,181.57052612304688,1.0,0.787246823310852,60.508087158203125,60.508087158203125,60.508087158203125,0.34409791231155396,0.34409791231155396,0.332920640707016,0.332920640707016,0.34409791231155396,0.332920640707016,0.34409791231155396,0.332920640707016,0.3210979104042053,0.30992063879966736,0.019999999999999997,0.414870144,0.0,0.3489057123661041,0.9999997615814209,0.017918897792696953,0.3088354468345642,0.03683929145336151,0.26868361234664917,0.3371110260486603,0.33896973729133606,0.3489057123661041,0.3489057123661041,0.3113429546356201,0.21404528617858887,0.0,0.02079338669945072,12678.8115234375,256,nan,-1.0,True,,False,0.21911832690238953,0.0,0.21911832690238953,15.0,15.0,1.0,0.0,0.0,0.0,0.0,0.0
393,13175.474609375,181.56956481933594,1.0,0.7837682366371155,60.510101318359375,60.510101318359375,60.510101318359375,0.3441004157066345,0.3441004157066345,0.3329198360443115,0.3329198360443115,0.3441004157066345,0.3329198360443115,0.3441004157066345,0.3329198360443115,0.3211004137992859,0.3099198341369629,0.02,0.4145124785,0.0,0.34891605377197266,0.9999997615814209,0.017885500565171242,0.3062071204185486,0.03680255636572838,0.26868361234664917,0.3371436893939972,0.3390021026134491,0.34891605377197266,0.34891605377197266,0.31058570742607117,0.21436187624931335,0.0,0.03189855066981787,12678.8115234375,256,nan,-1.0,True,,False,0.21915091574192047,0.0,0.21915091574192047,15.0,15.0,1.0,0.0,0.0,0.0,0.0,0.0
394,13175.353515625,181.68618774414062,1.0,0.7825936675071716,60.5118522644043,60.5118522644043,60.5118522644043,0.34418758749961853,0.34418758749961853,0.33301934599876404,0.33301934599876404,0.34418758749961853,0.33301934599876404,0.34418758749961853,0.33301934599876404,0.3211875855922699,0.3100193440914154,0.02,0.414154492,0.0,0.349014550447464,0.9999997615814209,0.017902623862028122,0.3095814287662506,0.03680812194943428,0.26868361234664917,0.337179571390152,0.3390396535396576,0.349014550447464,0.349014550447464,0.30987727642059326,0.21468214690685272,0.0,0.04398418954547702,12678.8115234375,256,nan,-1.0,True,,False,0.21919701993465424,0.0,0.21919701993465424,15.0,15.0,1.0,0.0,0.0,0.0,0.0,0.0
395,13187.900390625,197.57620239257812,1.0,0.7829397320747375,60.49427032470703,60.49427032470703,60.49427032470703,0.35780447721481323,0.35780447721481323,0.3462921380996704,0.3462921380996704,0.35780447721481323,0.3462921380996704,0.35780447721481323,0.3462921380996704,0.3348044753074646,0.3232921361923218,0.02,0.41379618749999997,0.0,0.3624908924102783,0.9999997615814209,0.018466755747795105,0.3085886240005493,0.0381624773144722,0.26868361234664917,0.35038650035858154,0.35224810242652893,0.3624908924102783,0.3624908924102783,0.3189195394515991,0.2149989902973175,0.0,0.02395217856650965,12678.8115234375,256,nan,-1.0,True,,False,0.2192574292421341,0.0,0.2192574292421341,15.0,15.0,1.0,0.0,0.0,0.0,0.0,0.0
396,13176.208984375,182.08441162109375,1.0,0.7828808426856995,60.5134162902832,60.5134162902832,60.5134162902832,0.3444698452949524,0.3444698452949524,0.33335891366004944,0.33335891366004944,0.3444698452949524,0.33335891366004944,0.3444698452949524,0.33335891366004944,0.32146984338760376,0.3103589117527008,0.02,0.413437568,0.0,0.3493184447288513,0.9999997615814209,0.01791996695101261,0.31107065081596375,0.0368943065404892,0.26868361234664917,0.337298184633255,0.3391585648059845,0.3493184447288513,0.3493184447288513,0.3086773455142975,0.21531766653060913,0.0,0.030112835753243417,12678.8115234375,256,nan,-1.0,True,,False,0.21929892897605896,0.0,0.21929892897605896,15.0,15.0,1.0,0.0,0.0,0.0,0.0,0.0
397,13176.6728515625,182.0993194580078,1.0,0.7835038900375366,60.51410675048828,60.51410675048828,60.51410675048828,0.3444708585739136,0.3444708585739136,0.3333716094493866,0.3333716094493866,0.3444708585739136,0.3333716094493866,0.3444708585739136,0.3333716094493866,0.32147085666656494,0.31037160754203796,0.02,0.4130786365,0.0,0.349328875541687,0.9999997615814209,0.01789776422083378,0.31344422698020935,0.036975372582674026,0.26868361234664917,0.3373129069805145,0.3391701579093933,0.349328875541687,0.349328875541687,0.3082384765148163,0.21564188599586487,0.0,0.023150048137823533,12678.8115234375,256,nan,-1.0,True,,False,0.2193240523338318,0.0,0.2193240523338318,15.0,15.0,1.0,0.0,0.0,0.0,0.0,0.0
398,13189.5234375,196.05653381347656,1.0,0.7852557897567749,60.50419235229492,60.50419235229492,60.50419235229492,0.35665032267570496,0.35665032267570496,0.34504643082618713,0.34504643082618713,0.35665032267570496,0.34504643082618713,0.35665032267570496,0.34504643082618713,0.3336503207683563,0.3220464289188385,0.02,0.412719396,0.0,0.3612717092037201,0.9999997615814209,0.01842913031578064,0.3140275478363037,0.03793958202004433,0.2686835527420044,0.3492342233657837,0.3510921001434326,0.3612717092037201,0.3612717092037201,0.3162842392921448,0.21596547961235046,0.0,0.03701749568184217,12678.8115234375,256,nan,-1.0,True,,False,0.21894165873527527,0.0,0.21894165873527527,15.0,15.0,1.0,0.0,0.0,0.0,0.0,0.0
399,13188.943359375,194.880615234375,1.0,0.7833852767944336,60.5118522644043,60.5118522644043,60.5118522644043,0.355819970369339,0.355819970369339,0.3440791964530945,0.3440791964530945,0.355819970369339,0.3440791964530945,0.355819970369339,0.3440791964530945,0.33281996846199036,0.32107919454574585,0.02,0.4123598495,0.0,0.36034050583839417,0.9999997615814209,0.01841992326080799,0.3126250207424164,0.037620265036821365,0.26868361234664917,0.3483754098415375,0.3502352237701416,0.36034050583839417,0.36034050583839417,0.3152430057525635,0.21628892421722412,0.0,0.027129712265579857,12678.8115234375,256,nan,-1.0,True,,False,0.21852992475032806,0.0,0.21852992475032806,15.0,15.0,1.0,0.0,0.0,0.0,0.0,0.0
400,13187.4814453125,194.0983123779297,1.0,0.7797015905380249,60.517662048339844,60.517662048339844,60.517662048339844,0.35519540309906006,0.35519540309906006,0.34343409538269043,0.34343409538269043,0.35519540309906006,0.34343409538269043,0.35519540309906006,0.34343409538269043,0.3321954011917114,0.3204340934753418,0.02,0.412,0.0,0.3596494793891907,0.9999997615814209,0.018450070172548294,0.311017781496048,0.03758497163653374,0.26868361234664917,0.34772181510925293,0.3495817482471466,0.35964950919151306,0.35964950919151306,0.31428685784339905,0.21661657094955444,0.0,0.015298597045734318,12678.8115234375,256,nan,-1.0,True,,False,0.2182476669549942,0.0,0.2182476669549942,15.0,15.0,1.0,0.0,0.0,0.0,0.0,0.0
401,13187.6865234375,194.22227478027344,1.0,0.7800255417823792,60.51725387573242,60.51725387573242,60.51725387573242,0.3552226722240448,0.3552226722240448,0.3435364067554474,0.3435364067554474,0.3552226722240448,0.3435364067554474,0.3552226722240448,0.3435364067554474,0.33222267031669617,0.32053640484809875,0.02,0.41163985049999996,0.0,0.3597278594970703,0.9999997615814209,0.01844068616628647,0.3084520399570465,0.037714164704084396,0.26868361234664917,0.34770020842552185,0.34955763816833496,0.3597278594970703,0.3597278594970703,0.3139946758747101,0.2169431895017624,0.0,0.03249068771967561,12678.8115234375,256,nan,-1.0,True,,False,0.21842536330223083,0.0,0.21842536330223083,15.0,15.0,1.0,0.0,0.0,0.0,0.0,0.0
402,13188.689453125,193.90440368652344,1.0,0.7821451425552368,60.51856231689453,60.51856231689453,60.51856231689453,0.3550092577934265,0.3550092577934265,0.34327399730682373,0.34327399730682373,0.3550092577934265,0.34327399730682373,0.3550092577934265,0.34327399730682373,0.3320092558860779,0.3202739953994751,0.02,0.411279404,0.0,0.3595222234725952,0.9999997615814209,0.018391648307442665,0.31019026041030884,0.03740573674440384,0.26868361234664917,0.34745681285858154,0.34931379556655884,0.3595222234725952,0.3595222234725952,0.3133058547973633,0.21726295351982117,0.0,0.022665177543078445,12678.8115234375,256,nan,-1.0,True,,False,0.2184174358844757,0.0,0.2184174358844757,15.0,15.0,1.0,0.0,0.0,0.0,0.0,0.0
403,13188.703125,192.86488342285156,1.0,0.7813952565193176,60.52570343017578,60.52570343017578,60.52570343017578,0.3541688621044159,0.3541688621044159,0.34241434931755066,0.34241434931755066,0.3541688621044159,0.34241434931755066,0.3541688621044159,0.34241434931755066,0.33116886019706726,0.319414347410202,0.02,0.4109186635,0.0,0.3585926592350006,0.9999997615814209,0.018396591767668724,0.31110888719558716,0.037427518516778946,0.2686835825443268,0.34666895866394043,0.34852665662765503,0.3585926592350006,0.3585926592350006,0.3120203912258148,0.21757924556732178,0.0,0.03584074440813209,12678.8115234375,256,nan,-1.0,True,,False,0.21806105971336365,0.0,0.21806105971336365,15.0,15.0,1.0,0.0,0.0,0.0,0.0,0.0
404,13187.9052734375,191.82901000976562,1.0,0.7788681387901306,60.5332145690918,60.5332145690918,60.5332145690918,0.3533916175365448,0.3533916175365448,0.3415554165840149,0.3415554165840149,0.3533916175365448,0.3415554165840149,0.3533916175365448,0.3415554165840149,0.33039161562919617,0.31855541467666626,0.02,0.41055763199999995,0.0,0.35773542523384094,0.9999997615814209,0.018367825075984,0.3082241415977478,0.03718176111578941,0.26868361234664917,0.3459155857563019,0.3477718234062195,0.35773542523384094,0.35773542523384094,0.3108205497264862,0.21790273487567902,0.0,0.03560298969710453,12678.8115234375,256,nan,-1.0,True,,False,0.2177036851644516,0.0,0.2177036851644516,15.0,15.0,1.0,0.0,0.0,0.0,0.0,0.0
405,13188.2861328125,191.83566284179688,1.0,0.7790349721908569,60.534664154052734,60.534664154052734,60.534664154052734,0.3533457815647125,0.3533457815647125,0.3415609300136566,0.3415609300136566,0.3533457815647125,0.3415609300136566,0.3533457815647125,0.3415609300136566,0.3303457796573639,0.318560928106308,0.02,0.4101963125,0.0,0.35772058367729187,0.9999997615814209,0.018322594463825226,0.3071484863758087,0.03713751211762428,0.26868361234664917,0.34583044052124023,0.3476831912994385,0.35772058367729187,0.35772058367729187,0.3100855052471161,0.2182341367006302,0.0,0.0343505051084018,12678.8115234375,256,nan,-1.0,True,,False,0.21780326962471008,0.0,0.21780326962471008,15.0,15.0,1.0,0.0,0.0,0.0,0.0,0.0
406,13188.94140625,192.42930603027344,1.0,0.7803547978401184,60.531673431396484,60.531673431396484,60.531673431396484,0.35370728373527527,0.35370728373527527,0.34205344319343567,0.34205344319343567,0.35370728373527527,0.34205344319343567,0.35370728373527527,0.34205344319343567,0.33070728182792664,0.31905344128608704,0.02,0.409834708,0.0,0.3581913709640503,0.9999997615814209,0.018289176747202873,0.3074594736099243,0.03726601600646973,0.26868361234664917,0.34615710377693176,0.3480050265789032,0.3581913709640503,0.3581913709640503,0.3096555173397064,0.21856734156608582,0.0,0.03428117969855925,12678.8115234375,256,nan,-1.0,True,,False,0.21817629039287567,0.0,0.21817629039287567,15.0,15.0,1.0,0.0,0.0,0.0,0.0,0.0
407,13187.8583984375,193.0205078125,1.0,0.7786086201667786,60.52766799926758,60.52766799926758,60.52766799926758,0.3540509045124054,0.3540509045124054,0.34254318475723267,0.34254318475723267,0.3540509045124054,0.34254318475723267,0.3540509045124054,0.34254318475723267,0.33105090260505676,0.31954318284988403,0.02,0.40947282150000003,0.0,0.35864534974098206,0.9999997615814209,0.018262330442667007,0.30700603127479553,0.03741969168186188,0.26868361234664917,0.3464812636375427,0.34832412004470825,0.35864534974098206,0.35864534974098206,0.3092578649520874,0.21889446675777435,0.0,0.021770415504256055,12678.8115234375,256,nan,-1.0,True,,False,0.21855400502681732,0.0,0.21855400502681732,15.0,15.0,1.0,0.0,0.0,0.0,0.0,0.0
408,13178.04296875,180.1766357421875,1.0,0.7765095233917236,60.548057556152344,60.548057556152344,60.548057556152344,0.3430735766887665,0.3430735766887665,0.3317287564277649,0.3317287564277649,0.3430735766887665,0.3317287564277649,0.3430735766887665,0.3317287564277649,0.32007357478141785,0.30872875452041626,0.019999999999999997,0.409110656,0.0,0.34762486815452576,0.9999997615814209,0.017885759472846985,0.31003841757774353,0.03625219315290451,0.2686835527420044,0.3355366289615631,0.33740273118019104,0.34762486815452576,0.34762486815452576,0.3043385446071625,0.2192201465368271,0.0,0.04408569942461327,12678.8115234375,256,nan,-1.0,True,,False,0.2181047797203064,0.0,0.2181047797203064,15.0,15.0,1.0,0.0,0.0,0.0,0.0,0.0
409,13186.39453125,190.8363494873047,1.0,0.7751173973083496,60.53999328613281,60.53999328613281,60.53999328613281,0.3523262143135071,0.3523262143135071,0.34073013067245483,0.34073013067245483,0.3523262143135071,0.34073013067245483,0.3523262143135071,0.34073013067245483,0.32932621240615845,0.3177301287651062,0.02,0.4087482145,0.0,0.35673364996910095,0.9999997615814209,0.018197214230895042,0.3130965232849121,0.03703787922859192,0.26868361234664917,0.34483399987220764,0.3466723561286926,0.35673364996910095,0.35673364996910095,0.30626851320266724,0.21954181790351868,0.0,0.042153539037422486,12678.8115234375,256,nan,-1.0,True,,False,0.21765100955963135,0.0,0.21765100955963135,15.0,15.0,1.0,0.0,0.0,0.0,0.0,0.0
410,13186.201171875,189.71194458007812,1.0,0.7747994065284729,60.545448303222656,60.545448303222656,60.545448303222656,0.35148486495018005,0.35148486495018005,0.3397926986217499,0.3397926986217499,0.35148486495018005,0.3397926986217499,0.35148486495018005,0.3397926986217499,0.3284848630428314,0.31679269671440125,0.02,0.4083855,0.0,0.35579580068588257,0.9999997615814209,0.018190564587712288,0.31645667552948,0.03673933446407318,0.26868361234664917,0.34400656819343567,0.34584105014801025,0.35579580068588257,0.35579580068588257,0.3048248887062073,0.21985898911952972,0.0,0.03450030450282308,12678.8115234375,256,nan,-1.0,True,,False,0.21719570457935333,0.0,0.21719570457935333,15.0,15.0,1.0,0.0,0.0,0.0,0.0,0.0
411,13186.015625,188.69174194335938,1.0,0.7745843529701233,60.5501594543457,60.5501594543457,60.5501594543457,0.3507138788700104,0.3507138788700104,0.33893975615501404,0.33893975615501404,0.3507138788700104,0.33893975615501404,0.3507138788700104,0.33893975615501404,0.32771387696266174,0.3159397542476654,0.02,0.4080225155,0.0,0.35492828488349915,0.9999997615814209,0.018152175471186638,0.3202144205570221,0.03643875569105148,0.26868361234664917,0.34318995475769043,0.3450205326080322,0.35492828488349915,0.35492828488349915,0.3035045862197876,0.2201840579509735,0.0,0.03465327052981593,12678.8115234375,256,nan,-1.0,True,,False,0.21673914790153503,0.0,0.21673914790153503,15.0,15.0,1.0,0.0,0.0,0.0,0.0,0.0
412,13186.0595703125,187.63807678222656,1.0,0.7747635245323181,60.55520248413086,60.55520248413086,60.55520248413086,0.3498496115207672,0.3498496115207672,0.33805641531944275,0.33805641531944275,0.3498496115207672,0.33805641531944275,0.3498496115207672,0.33805641531944275,0.3268496096134186,0.3150564134120941,0.02,0.407659264,0.0,0.3539567291736603,0.9999997615814209,0.018086107447743416,0.3189001977443695,0.03627220168709755,0.2686835527420044,0.34239497780799866,0.34421858191490173,0.3539567291736603,0.3539567291736603,0.3022278845310211,0.22051358222961426,0.0,0.030959728846533432,12678.8115234375,256,nan,-1.0,True,,False,0.21628494560718536,0.0,0.21628494560718536,15.0,15.0,1.0,0.0,0.0,0.0,0.0,0.0
413,13186.26171875,186.5811309814453,1.0,0.7752274870872498,60.56033706665039,60.56033706665039,60.56033706665039,0.34902772307395935,0.34902772307395935,0.3371678292751312,0.3371678292751312,0.34902772307395935,0.3371678292751312,0.34902772307395935,0.3371678292751312,0.3260277211666107,0.3141678273677826,0.02,0.4072957485,0.0,0.35304781794548035,0.9999997615814209,0.018069809302687645,0.3125925064086914,0.03602724149823189,0.26868361234664917,0.3416256010532379,0.3434445559978485,0.35304781794548035,0.35304781794548035,0.30111855268478394,0.22083938121795654,0.0,0.03546993064325458,12678.8115234375,256,nan,-1.0,True,,False,0.21583355963230133,0.0,0.21583355963230133,15.0,15.0,1.0,0.0,0.0,0.0,0.0,0.0
414,13185.72265625,185.5471649169922,1.0,0.7741332054138184,60.565547943115234,60.565547943115234,60.565547943115234,0.34816017746925354,0.34816017746925354,0.33629611134529114,0.33629611134529114,0.34816017746925354,0.33629611134529114,0.34816017746925354,0.33629611134529114,0.3251601755619049,0.3132961094379425,0.02,0.406931972,0.0,0.3520822823047638,0.9999997615814209,0.01807468943297863,0.320989191532135,0.03589092567563057,0.26868361234664917,0.34084537625312805,0.34265902638435364,0.3520822823047638,0.3520822823047638,0.30008023977279663,0.22115883231163025,0.0,0.029489582459468186,12678.8115234375,256,nan,-1.0,True,,False,0.21538285911083221,0.0,0.21538285911083221,15.0,15.0,1.0,0.0,0.0,0.0,0.0,0.0
415,13184.154296875,184.58816528320312,1.0,0.7706403136253357,60.57122802734375,60.57122802734375,60.57122802734375,0.3473212420940399,0.3473212420940399,0.33548542857170105,0.33548542857170105,0.3473212420940399,0.33548542857170105,0.3473212420940399,0.33548542857170105,0.3243212401866913,0.3124854266643524,0.02,0.4065679375,0.0,0.35115018486976624,0.9999997615814209,0.01806766167283058,0.31444889307022095,0.03579778969287872,0.26868361234664917,0.34009549021720886,0.34190165996551514,0.3511502146720886,0.3511502146720886,0.29918766021728516,0.22147507965564728,0.0,0.037411331147369414,12678.8115234375,256,nan,-1.0,True,,False,0.21493647992610931,0.0,0.21493647992610931,15.0,15.0,1.0,0.0,0.0,0.0,0.0,0.0
416,13183.6162109375,183.630859375,1.0,0.7690680623054504,60.57725524902344,60.57725524902344,60.57725524902344,0.3465338945388794,0.3465338945388794,0.33467406034469604,0.33467406034469604,0.3465338945388794,0.33467406034469604,0.3465338945388794,0.33467406034469604,0.32353389263153076,0.3116740584373474,0.02,0.406203648,0.0,0.3502660393714905,0.9999997615814209,0.018030745908617973,0.306284636259079,0.035624243319034576,0.2686835825443268,0.3393738567829132,0.3411729037761688,0.3502660393714905,0.3502660393714905,0.29839441180229187,0.22178536653518677,0.0,0.039267797466082915,12678.8115234375,256,nan,-1.0,True,,False,0.21449896693229675,0.0,0.21449896693229675,15.0,15.0,1.0,0.0,0.0,0.0,0.0,0.0
417,13180.1826171875,174.07220458984375,1.0,0.7716259360313416,60.60149002075195,60.60149002075195,60.60149002075195,0.3383581042289734,0.3383581042289734,0.3264537751674652,0.3264537751674652,0.3383581042289734,0.3264537751674652,0.3383581042289734,0.3264537751674652,0.31535810232162476,0.3034537732601166,0.02,0.4058391065,0.0,0.34180065989494324,0.9999997615814209,0.017895229160785675,0.3109506666660309,0.034889496862888336,0.2686835527420044,0.3306979835033417,0.33257049322128296,0.34180063009262085,0.34180063009262085,0.29767850041389465,0.222089022397995,0.0,0.02623762682843436,12678.8115234375,256,nan,-1.0,True,,False,0.21428227424621582,0.0,0.21428227424621582,15.0,15.0,1.0,0.0,0.0,0.0,0.0,0.0
418,13196.16796875,206.33554077148438,1.0,0.7729716300964355,60.5167350769043,60.5167350769043,60.5167350769043,0.36575376987457275,0.36575376987457275,0.35338085889816284,0.35338085889816284,0.36575376987457275,0.35338085889816284,0.36575376987457275,0.35338085889816284,0.3427537679672241,0.3303808569908142,0.02,0.405474316,0.0,0.36916399002075195,0.9999997615814209,0.018726296722888947,0.31056544184684753,0.037131305783987045,0.2686835527420044,0.3577377498149872,0.35956498980522156,0.36916399002075195,0.36916399002075195,0.3147507607936859,0.2223903089761734,0.0,0.029067426244081516,12678.8115234375,256,nan,-1.0,True,,False,0.21464651823043823,0.0,0.21464651823043823,15.0,15.0,1.0,0.0,0.0,0.0,0.0,0.0
419,13178.6494140625,175.866455078125,1.0,0.7718698978424072,60.58423614501953,60.58423614501953,60.58423614501953,0.33968451619148254,0.33968451619148254,0.32801368832588196,0.32801368832588196,0.33968451619148254,0.32801368832588196,0.33968451619148254,0.32801368832588196,0.3166845142841339,0.3050136864185333,0.02,0.4051092795,0.0,0.3433521091938019,0.9999997615814209,0.0178592037409544,0.31051915884017944,0.03498848155140877,0.2686835825443268,0.33180227875709534,0.33367663621902466,0.3433521091938019,0.3433521091938019,0.2993793487548828,0.22269214689731598,0.0,0.023789970534077536,12678.8115234375,256,nan,-1.0,True,,False,0.2150246649980545,0.0,0.2150246649980545,15.0,15.0,1.0,0.0,0.0,0.0,0.0,0.0
420,13192.552734375,207.43775939941406,1.0,0.7682713866233826,60.50489807128906,60.50489807128906,60.50489807128906,0.36645248532295227,0.36645248532295227,0.3542620837688446,0.3542620837688446,0.36645248532295227,0.3542620837688446,0.36645248532295227,0.3542620837688446,0.34345248341560364,0.33126208186149597,0.02,0.404744,0.0,0.37003493309020996,0.9999997615814209,0.018651757389307022,0.31327590346336365,0.03725193440914154,0.2686835527420044,0.35845908522605896,0.36027947068214417,0.37003493309020996,0.37003493309020996,0.3169670104980469,0.22299984097480774,0.0,0.038874099616401106,12678.8115234375,256,nan,-1.0,True,,False,0.21519312262535095,0.0,0.21519312262535095,15.0,15.0,1.0,0.0,0.0,0.0,0.0,0.0
421,13191.3017578125,206.8328399658203,1.0,0.7664567828178406,60.50619888305664,60.50619888305664,60.50619888305664,0.3659786283969879,0.3659786283969879,0.35377874970436096,0.35377874970436096,0.3659786283969879,0.35377874970436096,0.3659786283969879,0.35377874970436096,0.3429786264896393,0.33077874779701233,0.02,0.4043784805,0.0,0.36949479579925537,0.9999997615814209,0.018663110211491585,0.31925469636917114,0.037169199436903,0.2686835825443268,0.3580235242843628,0.3598404824733734,0.36949479579925537,0.36949479579925537,0.31759217381477356,0.22330188751220703,0.0,0.04578020745248068,12678.8115234375,256,nan,-1.0,True,,False,0.2149362862110138,0.0,0.2149362862110138,15.0,15.0,1.0,0.0,0.0,0.0,0.0,0.0
422,13178.80859375,183.23324584960938,1.0,0.7676745653152466,60.558692932128906,60.558692932128906,60.558692932128906,0.34576308727264404,0.34576308727264404,0.33433645963668823,0.33433645963668823,0.34576308727264404,0.33433645963668823,0.34576308727264404,0.33433645963668823,0.3227630853652954,0.3113364577293396,0.02,0.404012724,0.0,0.3496829867362976,0.9999997615814209,0.017781665548682213,0.2949707806110382,0.0353010892868042,0.2686835825443268,0.3387463390827179,0.3405013084411621,0.3496829867362976,0.3496829867362976,0.3023753762245178,0.22359517216682434,0.0,0.034722594676875614,12678.8115234375,256,nan,-1.0,True,,False,0.21468383073806763,0.0,0.21468383073806763,15.0,15.0,1.0,0.0,0.0,0.0,0.0,0.0
423,13178.9189453125,182.587158203125,1.0,0.7686185240745544,60.56011199951172,60.56011199951172,60.56011199951172,0.3452209234237671,0.3452209234237671,0.33378708362579346,0.33378708362579346,0.3452209234237671,0.33378708362579346,0.3452209234237671,0.33378708362579346,0.32222092151641846,0.3107870817184448,0.02,0.4036467335,0.0,0.34909847378730774,0.9999997615814209,0.017691122367978096,0.29816102981567383,0.035190798342227936,0.26868361234664917,0.3382800817489624,0.3400283455848694,0.34909847378730774,0.34909847378730774,0.3030250370502472,0.2238846719264984,0.0,0.025251886147695284,12678.8115234375,256,nan,-1.0,True,,False,0.21443061530590057,0.0,0.21443061530590057,15.0,15.0,1.0,0.0,0.0,0.0,0.0,0.0
424,13191.375,205.31716918945312,1.0,0.7677546739578247,60.510902404785156,60.510902404785156,60.510902404785156,0.36475494503974915,0.36475494503974915,0.3525645434856415,0.3525645434856415,0.36475494503974915,0.3525645434856415,0.36475494503974915,0.3525645434856415,0.3417549431324005,0.32956454157829285,0.02,0.403280512,0.0,0.3680760860443115,0.9999997615814209,0.018690207973122597,0.3190804123878479,0.03720863163471222,0.2686835825443268,0.35701435804367065,0.3588227331638336,0.3680760860443115,0.3680760860443115,0.31955865025520325,0.22417238354682922,0.0,0.025755241005552106,12678.8115234375,256,nan,-1.0,True,,False,0.214175745844841,0.0,0.214175745844841,15.0,15.0,1.0,0.0,0.0,0.0,0.0,0.0
425,13203.3115234375,222.0328369140625,1.0,0.7646802663803101,60.494693756103516,60.494693756103516,60.494693756103516,0.378190815448761,0.378190815448761,0.3657176196575165,0.3657176196575165,0.378190815448761,0.3657176196575165,0.378190815448761,0.3657176196575165,0.35519081354141235,0.34271761775016785,0.02,0.4029140625,0.0,0.38119491934776306,0.9999996423721313,0.01919630356132984,0.338093101978302,0.038215141743421555,0.26868361234664917,0.36941567063331604,0.37128761410713196,0.38119491934776306,0.38119491934776306,0.33169877529144287,0.22446557879447937,0.0,0.03552872358704917,12678.8115234375,256,nan,-1.0,True,,False,0.2141377180814743,0.0,0.2141377180814743,15.0,15.0,1.0,0.0,0.0,0.0,0.0,0.0
426,13188.046875,207.00616455078125,1.0,0.7623504996299744,60.499324798583984,60.499324798583984,60.499324798583984,0.36600762605667114,0.36600762605667114,0.35391730070114136,0.35391730070114136,0.36600762605667114,0.35391730070114136,0.36600762605667114,0.35391730070114136,0.3430076241493225,0.3309172987937927,0.02,0.402547388,0.0,0.3694518208503723,0.9999997615814209,0.018655965104699135,0.3121475875377655,0.0372455008327961,0.26868361234664917,0.35832157731056213,0.3601219058036804,0.3694518208503723,0.3694518208503723,0.3214350640773773,0.22475460171699524,0.0,0.03475563460314232,12678.8115234375,256,nan,-1.0,True,,False,0.21455107629299164,0.0,0.21455107629299164,15.0,15.0,1.0,0.0,0.0,0.0,0.0,0.0
427,13172.4443359375,182.96498107910156,1.0,0.7617478966712952,60.54302978515625,60.54302978515625,60.54302978515625,0.34521380066871643,0.34521380066871643,0.33410847187042236,0.33410847187042236,0.34521380066871643,0.33410847187042236,0.34521380066871643,0.33410847187042236,0.3222137987613678,0.31110846996307373,0.02,0.4021804915,0.0,0.3493099808692932,0.9999997615814209,0.017521187663078308,0.30544906854629517,0.0349913127720356,0.26868361234664917,0.33868294954299927,0.34040769934654236,0.3493099510669708,0.3493099510669708,0.30602920055389404,0.22503876686096191,0.0,0.045025869599258944,12678.8115234375,256,nan,-1.0,True,,False,0.2149747610092163,0.0,0.2149747610092163,15.0,15.0,1.0,0.0,0.0,0.0,0.0,0.0
428,13172.1943359375,183.52330017089844,1.0,0.7632214426994324,60.53530502319336,60.53530502319336,60.53530502319336,0.34558531641960144,0.34558531641960144,0.33458277583122253,0.33458277583122253,0.34558531641960144,0.33458277583122253,0.34558531641960144,0.33458277583122253,0.3225853145122528,0.3115827739238739,0.02,0.401813376,0.0,0.3497985899448395,0.9999997615814209,0.017453311011195183,0.2974414527416229,0.0349600575864315,0.26868361234664917,0.3391658067703247,0.34088361263275146,0.3497985899448395,0.3497985899448395,0.30681994557380676,0.22531509399414062,0.0,0.022707360460319452,12678.8115234375,256,nan,-1.0,True,,False,0.21540801227092743,0.0,0.21540801227092743,15.0,15.0,1.0,0.0,0.0,0.0,0.0,0.0
429,13167.0546875,176.94178771972656,1.0,0.7635197639465332,60.54176712036133,60.54176712036133,60.54176712036133,0.3399716317653656,0.3399716317653656,0.32894477248191833,0.32894477248191833,0.3399716317653656,0.32894477248191833,0.3399716317653656,0.32894477248191833,0.31697162985801697,0.3059447705745697,0.020000000000000004,0.4014460445,0.0,0.343900203704834,0.9999997615814209,0.017561163753271103,0.31294968724250793,0.03468707576394081,0.26868361234664917,0.3324134945869446,0.3342869281768799,0.343900203704834,0.343900203704834,0.3049372434616089,0.2255902737379074,0.0,0.019325881281272612,12678.8115234375,256,nan,-1.0,True,,False,0.21585635840892792,0.0,0.21585635840892792,15.0,15.0,1.0,0.0,0.0,0.0,0.0,0.0
430,13168.69140625,184.48069763183594,1.0,0.7611783742904663,60.51811218261719,60.51811218261719,60.51811218261719,0.34622302651405334,0.34622302651405334,0.3353944420814514,0.3353944420814514,0.34622302651405334,0.3353944420814514,0.34622302651405334,0.3353944420814514,0.3232230246067047,0.3123944401741028,0.02,0.4010785,0.0,0.3506907820701599,0.9999997615814209,0.017279570922255516,0.2962553799152374,0.034856196492910385,0.26868361234664917,0.34001967310905457,0.3417188823223114,0.3506907820701599,0.3506907820701599,0.3079492747783661,0.22586654126644135,0.0,0.022341329261608835,12678.8115234375,256,nan,-1.0,True,,False,0.21632201969623566,0.0,0.21632201969623566,15.0,15.0,1.0,0.0,0.0,0.0,0.0,0.0
431,13166.021484375,183.81976318359375,1.0,0.7580990195274353,60.51576232910156,60.51576232910156,60.51576232910156,0.34565362334251404,0.34565362334251404,0.33483433723449707,0.33483433723449707,0.34565362334251404,0.33483433723449707,0.34565362334251404,0.33483433723449707,0.3226536214351654,0.31183433532714844,0.020000000000000004,0.4007107455,0.0,0.35013049840927124,0.9999997615814209,0.01719139702618122,0.29362067580223083,0.034708086401224136,0.2686835527420044,0.33960264921188354,0.34130141139030457,0.35013049840927124,0.35013049840927124,0.30777689814567566,0.22614261507987976,0.0,0.04032857432482868,12678.8115234375,256,nan,-1.0,True,,False,0.21628837287425995,0.0,0.21628837287425995,15.0,15.0,1.0,0.0,0.0,0.0,0.0,0.0
432,13181.8818359375,210.5403289794922,1.0,0.7560442090034485,60.46659851074219,60.46659851074219,60.46659851074219,0.36848747730255127,0.36848747730255127,0.356730192899704,0.356730192899704,0.36848747730255127,0.356730192899704,0.36848747730255127,0.356730192899704,0.34548747539520264,0.33373019099235535,0.02,0.400342784,0.0,0.3724113702774048,0.9999997615814209,0.018360469490289688,0.31881219148635864,0.0372016541659832,0.26868361234664917,0.36150211095809937,0.3632736802101135,0.3724113702774048,0.3724113702774048,0.3241247832775116,0.22641189396381378,0.0,0.04015026620537457,12678.8115234375,256,nan,-1.0,True,,False,0.216103658080101,0.0,0.216103658080101,15.0,15.0,1.0,0.0,0.0,0.0,0.0,0.0
433,13161.8154296875,178.7537384033203,1.0,0.7581151127815247,60.52001953125,60.52001953125,60.52001953125,0.34115180373191833,0.34115180373191833,0.3305072784423828,0.3305072784423828,0.34115180373191833,0.3305072784423828,0.34115180373191833,0.3305072784423828,0.3181518018245697,0.3075072765350342,0.019999999999999997,0.39997461850000005,0.0,0.34559887647628784,0.9999997615814209,0.016797920688986778,0.3125342130661011,0.033804696053266525,0.26868361234664917,0.33539047837257385,0.33708134293556213,0.34559887647628784,0.34559887647628784,0.30516374111175537,0.22667987644672394,0.0,0.037738364155908734,12678.8115234375,256,nan,-1.0,True,,False,0.215910404920578,0.0,0.215910404920578,15.0,15.0,1.0,0.0,0.0,0.0,0.0,0.0
434,13160.5419921875,175.28842163085938,1.0,0.7586111426353455,60.52974319458008,60.52974319458008,60.52974319458008,0.33857157826423645,0.33857157826423645,0.3275120258331299,0.3275120258331299,0.33857157826423645,0.3275120258331299,0.33857157826423645,0.3275120258331299,0.3155715763568878,0.30451202392578125,0.02,0.399606252,0.0,0.3424736559391022,0.9999997615814209,0.01726234145462513,0.3151629567146301,0.03414497151970863,0.2686835825443268,0.33144092559814453,0.33331260085105896,0.3424736559391022,0.3424736559391022,0.30535396933555603,0.22694280743598938,0.0,0.03347926506184093,12678.8115234375,256,nan,-1.0,True,,False,0.21570613980293274,0.0,0.21570613980293274,15.0,15.0,1.0,0.0,0.0,0.0,0.0,0.0
435,13190.765625,221.23439025878906,1.0,0.7558408975601196,60.45804977416992,60.45804977416992,60.45804977416992,0.3771268427371979,0.3771268427371979,0.3651008605957031,0.3651008605957031,0.3771268427371979,0.3651008605957031,0.3771268427371979,0.3651008605957031,0.35412684082984924,0.3421008586883545,0.02,0.3992376875,0.0,0.380627304315567,0.9999997615814209,0.018716566264629364,0.31540462374687195,0.03759118169546127,0.26868361234664917,0.369086354970932,0.37095803022384644,0.3806273341178894,0.3806273341178894,0.3348446786403656,0.22719991207122803,0.0,0.035133567237709135,12678.8115234375,256,nan,-1.0,True,,False,0.21550175547599792,0.0,0.21550175547599792,15.0,15.0,1.0,0.0,0.0,0.0,0.0,0.0
436,13188.4521484375,220.29107666015625,1.0,0.7521522641181946,60.46042251586914,60.46042251586914,60.46042251586914,0.3764300048351288,0.3764300048351288,0.364370733499527,0.364370733499527,0.3764300048351288,0.364370733499527,0.3764300048351288,0.364370733499527,0.35343000292778015,0.34137073159217834,0.02,0.398868928,0.0,0.37988045811653137,0.9999997615814209,0.018712056800723076,0.3111753761768341,0.03746970742940903,0.26868361234664917,0.3684639036655426,0.37033650279045105,0.37988045811653137,0.37988045811653137,0.3346933126449585,0.22744928300380707,0.0,0.026311335040696174,12678.8115234375,256,nan,-1.0,True,,False,0.21530397236347198,0.0,0.21530397236347198,15.0,15.0,1.0,0.0,0.0,0.0,0.0,0.0
437,13155.6533203125,173.6476287841797,1.0,0.7525034546852112,60.528770446777344,60.528770446777344,60.528770446777344,0.3367772400379181,0.3367772400379181,0.3260834813117981,0.3260834813117981,0.3367772400379181,0.3260834813117981,0.3367772400379181,0.3260834813117981,0.31377723813056946,0.30308347940444946,0.02,0.3984999765,0.0,0.34107935428619385,0.9999997615814209,0.016580570489168167,0.2971841096878052,0.03300487995147705,0.26868361234664917,0.33130356669425964,0.33298906683921814,0.34107935428619385,0.34107935428619385,0.3048865795135498,0.22769419848918915,0.0,0.04178942356924785,12678.8115234375,256,nan,-1.0,True,,False,0.21511848270893097,0.0,0.21511848270893097,15.0,15.0,1.0,0.0,0.0,0.0,0.0,0.0
438,13155.484375,172.3716583251953,1.0,0.7533595561981201,60.532161712646484,60.532161712646484,60.532161712646484,0.33564987778663635,0.33564987778663635,0.3249678909778595,0.3249678909778595,0.33564987778663635,0.3249678909778595,0.33564987778663635,0.3249678909778595,0.3126498758792877,0.30196788907051086,0.02,0.398130836,0.0,0.33991777896881104,0.9999997615814209,0.01655968837440014,0.2988468408584595,0.03292318060994148,0.2686835527420044,0.33024391531944275,0.3319301903247833,0.33991777896881104,0.33991777896881104,0.3047332763671875,0.22793707251548767,0.0,0.034457703861537285,12678.8115234375,256,nan,-1.0,True,,False,0.21492837369441986,0.0,0.21492837369441986,15.0,15.0,1.0,0.0,0.0,0.0,0.0,0.0
439,13171.4775390625,198.61013793945312,1.0,0.7504536509513855,60.48820114135742,60.48820114135742,60.48820114135742,0.35878947377204895,0.35878947377204895,0.3471369445323944,0.3471369445323944,0.35878947377204895,0.3471369445323944,0.35878947377204895,0.3471369445323944,0.3357894718647003,0.3241369426250458,0.02,0.3977615095,0.0,0.3625158369541168,0.9999997615814209,0.01787024922668934,0.30805379152297974,0.035735197365283966,0.26868361234664917,0.35253241658210754,0.3542861044406891,0.3625158369541168,0.3625158369541168,0.3211881220340729,0.22817279398441315,0.0,0.030014593354685024,12678.8115234375,256,nan,-1.0,True,,False,0.21475429832935333,0.0,0.21475429832935333,15.0,15.0,1.0,0.0,0.0,0.0,0.0,0.0
440,13170.3759765625,197.4572296142578,1.0,0.7493978142738342,60.49109649658203,60.49109649658203,60.49109649658203,0.35786277055740356,0.35786277055740356,0.3461948037147522,0.3461948037147522,0.35786277055740356,0.3461948037147522,0.35786277055740356,0.3461948037147522,0.33486276865005493,0.32319480180740356,0.02,0.39739199999999997,0.0,0.36156681180000305,0.9999997615814209,0.017793891951441765,0.29181763529777527,0.035553596913814545,0.26868361234664917,0.3516068160533905,0.3533547818660736,0.36156681180000305,0.36156681180000305,0.3210158050060272,0.22840264439582825,0.0,0.033515708782942966,12678.8115234375,256,nan,-1.0,True,,False,0.21459342539310455,0.0,0.21459342539310455,15.0,15.0,1.0,0.0,0.0,0.0,0.0,0.0
441,13185.498046875,215.6778564453125,1.0,0.7500584125518799,60.47395706176758,60.47395706176758,60.47395706176758,0.37296196818351746,0.37296196818351746,0.36077743768692017,0.36077743768692017,0.37296196818351746,0.36077743768692017,0.37296196818351746,0.36077743768692017,0.3499619662761688,0.33777743577957153,0.02,0.39702231050000003,0.0,0.3762032985687256,0.9999997615814209,0.018648136407136917,0.3109115958213806,0.037170931696891785,0.26868361234664917,0.3652684986591339,0.3671385645866394,0.3762032985687256,0.3762032985687256,0.33445432782173157,0.22863027453422546,0.0,0.03593546076444909,12678.8115234375,256,nan,-1.0,True,,False,0.21441927552223206,0.0,0.21441927552223206,15.0,15.0,1.0,0.0,0.0,0.0,0.0,0.0
442,13183.7412109375,214.70542907714844,1.0,0.7473039031028748,60.4769172668457,60.4769172668457,60.4769172668457,0.3722517490386963,0.3722517490386963,0.3600150942802429,0.3600150942802429,0.3722517490386963,0.3600150942802429,0.3722517490386963,0.3600150942802429,0.34925174713134766,0.3370150923728943,0.02,0.396652444,0.0,0.3754483759403229,0.9999996423721313,0.01860620267689228,0.3151506781578064,0.03705621883273125,0.26868361234664917,0.364621639251709,0.36648812890052795,0.3754483759403229,0.3754483759403229,0.3343731760978699,0.22885550558567047,0.0,0.04091136229787177,12678.8115234375,256,nan,-1.0,True,,False,0.2142360657453537,0.0,0.2142360657453537,15.0,15.0,1.0,0.0,0.0,0.0,0.0,0.0
443,13183.4814453125,213.80223083496094,1.0,0.7475221157073975,60.47958755493164,60.47958755493164,60.47958755493164,0.37158310413360596,0.37158310413360596,0.3593055009841919,0.3593055009841919,0.37158310413360596,0.3593055009841919,0.37158310413360596,0.3593055009841919,0.3485831022262573,0.33630549907684326,0.02,0.3962824035,0.0,0.3747367560863495,0.9999996423721313,0.018596505746245384,0.3317832350730896,0.03698556870222092,0.26868361234664917,0.36401382088661194,0.36588022112846375,0.3747367560863495,0.3747367560863495,0.3343185484409332,0.22907426953315735,0.0,0.034112373205263995,12678.8115234375,256,nan,-1.0,True,,False,0.21406221389770508,0.0,0.21406221389770508,15.0,15.0,1.0,0.0,0.0,0.0,0.0,0.0
444,13168.08203125,192.37803649902344,1.0,0.7496811747550964,60.50431442260742,60.50431442260742,60.50431442260742,0.35366660356521606,0.35366660356521606,0.3420109450817108,0.3420109450817108,0.35366660356521606,0.3420109450817108,0.35366660356521606,0.3420109450817108,0.33066660165786743,0.3190109431743622,0.02,0.395912192,0.0,0.3572595417499542,0.9999997615814209,0.017580358311533928,0.3018796145915985,0.03510704264044762,0.2686835527420044,0.34780165553092957,0.3495340347290039,0.3572595417499542,0.3572595417499542,0.31903937458992004,0.2292853742837906,0.0,0.039099745319819905,12678.8115234375,256,nan,-1.0,True,,False,0.21387827396392822,0.0,0.21387827396392822,15.0,15.0,1.0,0.0,0.0,0.0,0.0,0.0
445,13149.158203125,163.90370178222656,1.0,0.746880829334259,60.5590705871582,60.5590705871582,60.5590705871582,0.32827118039131165,0.32827118039131165,0.3174572288990021,0.3174572288990021,0.32827118039131165,0.3174572288990021,0.32827118039131165,0.3174572288990021,0.305271178483963,0.29445722699165344,0.02,0.3955418125,0.0,0.3322605490684509,0.9999997615814209,0.01629175804555416,0.29374656081199646,0.03220279514789581,0.26868361234664917,0.3231402635574341,0.3248371481895447,0.3322605788707733,0.3322605788707733,0.30194705724716187,0.2294873744249344,0.0,0.023843150498578325,12678.8115234375,256,nan,-1.0,True,,False,0.2136952430009842,0.0,0.2136952430009842,15.0,15.0,1.0,0.0,0.0,0.0,0.0,0.0
446,13148.4287109375,162.8009796142578,1.0,0.7455488443374634,60.56427001953125,60.56427001953125,60.56427001953125,0.32729652523994446,0.32729652523994446,0.31646502017974854,0.31646502017974854,0.32729652523994446,0.31646502017974854,0.32729652523994446,0.31646502017974854,0.3042965233325958,0.2934650182723999,0.02,0.395171268,0.0,0.331236869096756,0.9999997615814209,0.016281956806778908,0.29381006956100464,0.03217107802629471,0.26868361234664917,0.3221196234226227,0.32381919026374817,0.331236869096756,0.331236869096756,0.30122166872024536,0.2296815663576126,0.0,0.03395966096367273,12678.8115234375,256,nan,-1.0,True,,False,0.21353499591350555,0.0,0.21353499591350555,15.0,15.0,1.0,0.0,0.0,0.0,0.0,0.0
447,13163.380859375,188.85581970214844,1.0,0.7438361644744873,60.51303482055664,60.51303482055664,60.51303482055664,0.3507261574268341,0.3507261574268341,0.33907708525657654,0.33907708525657654,0.3507261574268341,0.33907708525657654,0.3507261574268341,0.33907708525657654,0.3277261555194855,0.3160770833492279,0.02,0.3948005615,0.0,0.3542376458644867,0.9999996423721313,0.01743423379957676,0.2981271743774414,0.03480873629450798,0.2686835527420044,0.3449419438838959,0.34666702151298523,0.3542375862598419,0.3542375862598419,0.31694284081459045,0.22987818717956543,0.0,0.03266251928612797,12678.8115234375,256,nan,-1.0,True,,False,0.213375061750412,0.0,0.213375061750412,15.0,15.0,1.0,0.0,0.0,0.0,0.0,0.0
448,13145.40234375,160.439697265625,1.0,0.7389855980873108,60.57735061645508,60.57735061645508,60.57735061645508,0.3251476287841797,0.3251476287841797,0.31432902812957764,0.31432902812957764,0.3251476287841797,0.31432902812957764,0.3251476287841797,0.31432902812957764,0.30214762687683105,0.291329026222229,0.02,0.394429696,0.0,0.3290013372898102,0.9999996423721313,0.016257012262940407,0.2976507842540741,0.03215876221656799,0.2686835527420044,0.32009515166282654,0.3218042254447937,0.3290013372898102,0.3290013372898102,0.2998509407043457,0.23006968200206757,0.0,0.032971820907227486,12678.8115234375,256,nan,-1.0,True,,False,0.21323032677173615,0.0,0.21323032677173615,15.0,15.0,1.0,0.0,0.0,0.0,0.0,0.0
449,13160.326171875,186.66558837890625,1.0,0.7407204508781433,60.51650619506836,60.51650619506836,60.51650619506836,0.3488169014453888,0.3488169014453888,0.3372389078140259,0.3372389078140259,0.3488169014453888,0.3372389078140259,0.3488169014453888,0.3372389078140259,0.32581689953804016,0.31423890590667725,0.02,0.3940586745,0.0,0.35231637954711914,0.9999996423721313,0.017387589439749718,0.3274393081665039,0.03470534086227417,0.26868361234664917,0.3431948125362396,0.34491249918937683,0.35231637954711914,0.35231637954711914,0.3160366117954254,0.23026299476623535,0.0,0.028022538463119417,12678.8115234375,256,nan,-1.0,True,,False,0.21319632232189178,0.0,0.21319632232189178,15.0,15.0,1.0,0.0,0.0,0.0,0.0,0.0
450,13158.578125,186.01815795898438,1.0,0.7397009134292603,60.513545989990234,60.513545989990234,60.513545989990234,0.3482431173324585,0.3482431173324585,0.33669349551200867,0.33669349551200867,0.3482431173324585,0.33669349551200867,0.3482431173324585,0.33669349551200867,0.32524311542510986,0.31369349360466003,0.02,0.39368749999999997,0.0,0.35180267691612244,0.9999997615814209,0.017327066510915756,0.29336702823638916,0.03459690138697624,0.26868361234664917,0.3426547944545746,0.3443705141544342,0.35180267691612244,0.35180267691612244,0.31610339879989624,0.2304522693157196,0.0,0.044466023391578346,12678.8115234375,256,nan,-1.0,True,,False,0.2133423089981079,0.0,0.2133423089981079,15.0,15.0,1.0,0.0,0.0,0.0,0.0,0.0
451,13146.015625,158.35406494140625,1.0,0.7407633662223816,60.58639907836914,60.58639907836914,60.58639907836914,0.3231877386569977,0.3231877386569977,0.312429279088974,0.312429279088974,0.3231877386569977,0.312429279088974,0.3231877386569977,0.312429279088974,0.30018773674964905,0.28942927718162537,0.02,0.3933161755,0.0,0.32710009813308716,0.9999997615814209,0.016244566068053246,0.29166513681411743,0.032062504440546036,0.26868361234664917,0.31809526681900024,0.31981465220451355,0.32710009813308716,0.32710009813308716,0.2993300259113312,0.23063044250011444,0.0,0.029980279579629295,12678.8115234375,256,nan,-1.0,True,,False,0.2135009616613388,0.0,0.2135009616613388,15.0,15.0,1.0,0.0,0.0,0.0,0.0,0.0
452,13145.005859375,157.81410217285156,1.0,0.7394181489944458,60.5874137878418,60.5874137878418,60.5874137878418,0.3227165937423706,0.3227165937423706,0.3119353950023651,0.3119353950023651,0.3227165937423706,0.3119353950023651,0.3227165937423706,0.3119353950023651,0.299716591835022,0.2889353930950165,0.02,0.392944704,0.0,0.3266690671443939,0.9999997615814209,0.016234032809734344,0.33362871408462524,0.032010335475206375,0.26868361234664917,0.31758755445480347,0.3193111717700958,0.3266690969467163,0.3266690969467163,0.2993107736110687,0.23080140352249146,0.0,0.04286940818807731,12678.8115234375,256,nan,-1.0,True,,False,0.21368244290351868,0.0,0.21368244290351868,15.0,15.0,1.0,0.0,0.0,0.0,0.0,0.0
453,13155.8798828125,169.57371520996094,1.0,0.7363501787185669,60.59065246582031,60.59065246582031,60.59065246582031,0.3339291512966156,0.3339291512966156,0.3225070834159851,0.3225070834159851,0.3339291512966156,0.3225070834159851,0.3339291512966156,0.3225070834159851,0.31092914938926697,0.2995070815086365,0.02,0.3925730885,0.0,0.3373197019100189,0.9999996423721313,0.017145559191703796,0.3159724771976471,0.03352828323841095,0.26868361234664917,0.32731425762176514,0.32918715476989746,0.3373197019100189,0.3373197019100189,0.30652856826782227,0.23096449673175812,0.0,0.036391567374165684,12678.8115234375,256,nan,-1.0,True,,False,0.21388831734657288,0.0,0.21388831734657288,15.0,15.0,1.0,0.0,0.0,0.0,0.0,0.0
454,13151.357421875,164.423583984375,1.0,0.737570583820343,60.59074401855469,60.59074401855469,60.59074401855469,0.32925233244895935,0.32925233244895935,0.3179238438606262,0.3179238438606262,0.32925233244895935,0.3179238438606262,0.32925233244895935,0.3179238438606262,0.3062523305416107,0.2949238419532776,0.02,0.39220133199999996,0.0,0.33275938034057617,0.9999996423721313,0.017028233036398888,0.3200039863586426,0.03325685113668442,0.26868361234664917,0.3228074610233307,0.3246799111366272,0.3327593207359314,0.3327593207359314,0.30455857515335083,0.231123685836792,0.0,0.041741528908864386,12678.8115234375,256,nan,-1.0,True,,False,0.21412064135074615,0.0,0.21412064135074615,15.0,15.0,1.0,0.0,0.0,0.0,0.0,0.0
455,13150.330078125,164.49429321289062,1.0,0.7356191277503967,60.59012985229492,60.59012985229492,60.59012985229492,0.32921817898750305,0.32921817898750305,0.31798726320266724,0.31798726320266724,0.32921817898750305,0.31798726320266724,0.32921817898750305,0.31798726320266724,0.3062181770801544,0.2949872612953186,0.02,0.3918294375,0.0,0.3328034579753876,0.9999996423721313,0.017059311270713806,0.3103269934654236,0.03341080620884895,0.26868361234664917,0.32281941175460815,0.3246934413909912,0.3328034579753876,0.3328034579753876,0.3047223389148712,0.2312697470188141,0.0,0.040048304673594735,12678.8115234375,256,nan,-1.0,True,,False,0.2143470048904419,0.0,0.2143470048904419,15.0,15.0,1.0,0.0,0.0,0.0,0.0,0.0
456,13153.041015625,163.59446716308594,1.0,0.7392250299453735,60.59917068481445,60.59917068481445,60.59917068481445,0.328451931476593,0.328451931476593,0.3171793222427368,0.3171793222427368,0.328451931476593,0.3171793222427368,0.328451931476593,0.3171793222427368,0.3054519295692444,0.2941793203353882,0.020000000000000004,0.391457408,0.0,0.3319306969642639,0.9999997615814209,0.017050690948963165,0.3142673671245575,0.033395666629076004,0.2686835825443268,0.32208752632141113,0.3239617943763733,0.3319307267665863,0.3319307267665863,0.3041519820690155,0.2314026951789856,0.0,0.034777714932311535,12678.8115234375,256,nan,-1.0,True,,False,0.21398857235908508,0.0,0.21398857235908508,15.0,15.0,1.0,0.0,0.0,0.0,0.0,0.0
457,13169.509765625,205.3507843017578,1.0,0.7354854941368103,60.48208236694336,60.48208236694336,60.48208236694336,0.36469900608062744,0.36469900608062744,0.35259151458740234,0.35259151458740234,0.36469900608062744,0.35259151458740234,0.36469900608062744,0.35259151458740234,0.3416990041732788,0.3295915126800537,0.02,0.3910852465,0.0,0.367857962846756,0.9999996423721313,0.018391946330666542,0.3606669306755066,0.036704253405332565,0.2686835527420044,0.35748910903930664,0.35934561491012573,0.367857962846756,0.367857962846756,0.3302137553691864,0.23153439164161682,0.0,0.013504907702251026,12678.8115234375,256,nan,-1.0,True,,False,0.21364332735538483,0.0,0.21364332735538483,15.0,15.0,1.0,0.0,0.0,0.0,0.0,0.0
458,13152.0908203125,160.36965942382812,1.0,0.7350186705589294,60.62105941772461,60.62105941772461,60.62105941772461,0.3256770670413971,0.3256770670413971,0.3142654299736023,0.3142654299736023,0.3256770670413971,0.3142654299736023,0.3256770670413971,0.3142654299736023,0.30267706513404846,0.29126542806625366,0.019999999999999997,0.390712956,0.0,0.3289591670036316,0.9999996423721313,0.01709279976785183,0.32319962978363037,0.03347557410597801,0.2686835527420044,0.31943178176879883,0.3213038444519043,0.3289591670036316,0.3289591670036316,0.3018861711025238,0.23166312277317047,0.0,0.029404924496904843,12678.8115234375,256,nan,-1.0,True,,False,0.2133035659790039,0.0,0.2133035659790039,15.0,15.0,1.0,0.0,0.0,0.0,0.0,0.0
459,13154.470703125,162.19833374023438,1.0,0.7327354550361633,60.629520416259766,60.629520416259766,60.629520416259766,0.32731884717941284,0.32731884717941284,0.3159213662147522,0.3159213662147522,0.32731884717941284,0.3159213662147522,0.32731884717941284,0.3159213662147522,0.3043188452720642,0.29292136430740356,0.02,0.3903405395,0.0,0.33047792315483093,0.9999997615814209,0.01704040728509426,0.316716730594635,0.03334875404834747,0.26868361234664917,0.3210802674293518,0.3229502737522125,0.33047792315483093,0.33047792315483093,0.30264782905578613,0.2317943274974823,0.0,0.028666768928006705,12678.8115234375,256,nan,-1.0,True,,False,0.21297721564769745,0.0,0.21297721564769745,15.0,15.0,1.0,0.0,0.0,0.0,0.0,0.0
460,13170.89453125,202.0615692138672,1.0,0.7342379093170166,60.508567810058594,60.508567810058594,60.508567810058594,0.36237645149230957,0.36237645149230957,0.349941223859787,0.349941223859787,0.36237645149230957,0.349941223859787,0.36237645149230957,0.349941223859787,0.33937644958496094,0.32694122195243835,0.02,0.389968,0.0,0.36503955721855164,0.9999996423721313,0.01846209168434143,0.3153865933418274,0.03682424873113632,0.2686835527420044,0.355172723531723,0.3570408821105957,0.36503955721855164,0.36503955721855164,0.3139674663543701,0.23191925883293152,0.0,0.03589408768716061,12678.8115234375,256,nan,-1.0,True,,False,0.21266666054725647,0.0,0.21266666054725647,15.0,15.0,1.0,0.0,0.0,0.0,0.0,0.0
461,13156.6337890625,159.512451171875,1.0,0.7339868545532227,60.650638580322266,60.650638580322266,60.650638580322266,0.3249967098236084,0.3249967098236084,0.3134859502315521,0.3134859502315521,0.3249967098236084,0.3134859502315521,0.3249967098236084,0.3134859502315521,0.30199670791625977,0.2904859483242035,0.02,0.3895953405,0.0,0.3279750645160675,0.9999996423721313,0.017030874267220497,0.31576627492904663,0.03338681161403656,0.26868361234664917,0.3188130259513855,0.3206802010536194,0.3279750645160675,0.3279750645160675,0.3012405037879944,0.2320404201745987,0.0,0.024782418163441535,12678.8115234375,256,nan,-1.0,True,,False,0.21236929297447205,0.0,0.21236929297447205,15.0,15.0,1.0,0.0,0.0,0.0,0.0,0.0
462,13174.6572265625,208.00186157226562,1.0,0.7325381636619568,60.50193405151367,60.50193405151367,60.50193405151367,0.3672850728034973,0.3672850728034973,0.35471221804618835,0.35471221804618835,0.3672850728034973,0.35471221804618835,0.3672850728034973,0.35471221804618835,0.3442850708961487,0.3317122161388397,0.02,0.389222564,0.0,0.36991316080093384,0.9999997615814209,0.0183897502720356,0.3359147310256958,0.03640402853488922,0.26868361234664917,0.35980188846588135,0.36165228486061096,0.36991316080093384,0.36991316080093384,0.3185044825077057,0.23215559124946594,0.0,0.03346674508550981,12678.8115234375,256,nan,-1.0,True,,False,0.2120901346206665,0.0,0.2120901346206665,15.0,15.0,1.0,0.0,0.0,0.0,0.0,0.0
463,13168.3515625,196.88876342773438,1.0,0.7313738465309143,60.52888107299805,60.52888107299805,60.52888107299805,0.3584722876548767,0.3584722876548767,0.3457292318344116,0.3457292318344116,0.3584722876548767,0.3457292318344116,0.3584722876548767,0.3457292318344116,0.3354722857475281,0.322729229927063,0.02,0.3888496735,0.0,0.3608986437320709,0.9999997615814209,0.018443599343299866,0.32432442903518677,0.03666301071643829,0.26868361234664917,0.3514519929885864,0.3533167541027069,0.3608986437320709,0.3608986437320709,0.31070059537887573,0.23227591812610626,0.0,0.03269038903332936,12678.8115234375,256,nan,-1.0,True,,False,0.2118229866027832,0.0,0.2118229866027832,15.0,15.0,1.0,0.0,0.0,0.0,0.0,0.0
464,13173.2568359375,205.55621337890625,1.0,0.7302567362785339,60.51285934448242,60.51285934448242,60.51285934448242,0.3651127219200134,0.3651127219200134,0.3527563214302063,0.3527563214302063,0.3651127219200134,0.3527563214302063,0.3651127219200134,0.3527563214302063,0.3421127200126648,0.32975631952285767,0.02,0.388476672,0.0,0.36760589480400085,0.9999997615814209,0.018405413255095482,0.32826247811317444,0.03699510172009468,0.26868361234664917,0.3578813672065735,0.359729528427124,0.36760589480400085,0.36760589480400085,0.31645870208740234,0.23238956928253174,0.0,0.033810420495380335,12678.8115234375,256,nan,-1.0,True,,False,0.2115635871887207,0.0,0.2115635871887207,15.0,15.0,1.0,0.0,0.0,0.0,0.0,0.0
465,13174.138671875,204.593505859375,1.0,0.7321993708610535,60.51722717285156,60.51722717285156,60.51722717285156,0.364340215921402,0.364340215921402,0.3519832193851471,0.3519832193851471,0.364340215921402,0.3519832193851471,0.364340215921402,0.3519832193851471,0.34134021401405334,0.32898321747779846,0.02,0.3881035625,0.0,0.36676692962646484,0.9999997615814209,0.018400564789772034,0.3215588331222534,0.037039611488580704,0.2686835527420044,0.3571161925792694,0.3589632213115692,0.36676692962646484,0.36676692962646484,0.31575438380241394,0.2324957400560379,0.0,0.044931121248131,12678.8115234375,256,nan,-1.0,True,,False,0.21131734549999237,0.0,0.21131734549999237,15.0,15.0,1.0,0.0,0.0,0.0,0.0,0.0
466,13169.0048828125,193.64352416992188,1.0,0.7327768206596375,60.54486083984375,60.54486083984375,60.54486083984375,0.3557324707508087,0.3557324707508087,0.3430584669113159,0.3430584669113159,0.3557324707508087,0.3430584669113159,0.3557324707508087,0.3430584669113159,0.3327324688434601,0.3200584650039673,0.02,0.387730348,0.0,0.3579416573047638,0.9999996423721313,0.018494730815291405,0.32256466150283813,0.03703654184937477,0.2686835527420044,0.34881579875946045,0.35067692399024963,0.3579416573047638,0.3579416573047638,0.30895209312438965,0.23259036242961884,0.0,0.03012354606309802,12678.8115234375,256,nan,-1.0,True,,False,0.21108023822307587,0.0,0.21108023822307587,15.0,15.0,1.0,0.0,0.0,0.0,0.0,0.0
467,13160.1796875,153.34812927246094,1.0,0.7340736985206604,60.698974609375,60.698974609375,60.698974609375,0.31953805685043335,0.31953805685043335,0.3078177571296692,0.3078177571296692,0.31953805685043335,0.3078177571296692,0.31953805685043335,0.3078177571296692,0.2965380549430847,0.28481775522232056,0.02,0.3873570315,0.0,0.3220735490322113,0.9999996423721313,0.017026834189891815,0.32375776767730713,0.03368411213159561,0.2686835825443268,0.31362780928611755,0.3154865801334381,0.3220735490322113,0.3220735490322113,0.298349529504776,0.23267722129821777,0.0,0.029243335797218606,12678.8115234375,256,nan,-1.0,True,,False,0.21085786819458008,0.0,0.21085786819458008,15.0,15.0,1.0,0.0,0.0,0.0,0.0,0.0
468,13160.0341796875,153.40882873535156,1.0,0.7313783764839172,60.704681396484375,60.704681396484375,60.704681396484375,0.3195330500602722,0.3195330500602722,0.3078741431236267,0.3078741431236267,0.3195330500602722,0.3078741431236267,0.3195330500602722,0.3078741431236267,0.2965330481529236,0.2848741412162781,0.02,0.386983616,0.0,0.3220023512840271,0.9999997615814209,0.017051804810762405,0.321723073720932,0.033876270055770874,0.26868361234664917,0.31365978717803955,0.31551700830459595,0.3220023810863495,0.3220023810863495,0.2983567416667938,0.23275595903396606,0.0,0.03603635738383875,12678.8115234375,256,nan,-1.0,True,,False,0.21065573394298553,0.0,0.21065573394298553,15.0,15.0,1.0,0.0,0.0,0.0,0.0,0.0
469,13167.66015625,191.35997009277344,1.0,0.7299185991287231,60.556705474853516,60.556705474853516,60.556705474853516,0.3539022207260132,0.3539022207260132,0.3411657214164734,0.3411657214164734,0.3539022207260132,0.3411657214164734,0.3539022207260132,0.3411657214164734,0.33090221881866455,0.31816571950912476,0.02,0.3866101045,0.0,0.3559305965900421,0.9999996423721313,0.018478041514754295,0.3137636184692383,0.037340302020311356,0.2686835527420044,0.3471131920814514,0.34896916151046753,0.3559305965900421,0.3559305965900421,0.30781078338623047,0.23283539712429047,0.0,0.01125318844181796,12678.8115234375,256,nan,-1.0,True,,False,0.21047556400299072,0.0,0.21047556400299072,15.0,15.0,1.0,0.0,0.0,0.0,0.0,0.0
470,13158.3857421875,152.07955932617188,1.0,0.728373646736145,60.710594177246094,60.710594177246094,60.710594177246094,0.3183155059814453,0.3183155059814453,0.3066372573375702,0.3066372573375702,0.3183155059814453,0.3066372573375702,0.3183155059814453,0.3066372573375702,0.2953155040740967,0.28363725543022156,0.02,0.3862365,0.0,0.32072386145591736,0.9999996423721313,0.017057597637176514,0.31718045473098755,0.03398068621754646,0.26868361234664917,0.3123990297317505,0.31425103545188904,0.32072386145591736,0.32072386145591736,0.2975998818874359,0.2329118698835373,0.0,0.04222825393986164,12678.8115234375,256,nan,-1.0,True,,False,0.21055449545383453,0.0,0.21055449545383453,15.0,15.0,1.0,0.0,0.0,0.0,0.0,0.0
471,13165.6435546875,191.56651306152344,1.0,0.7291547656059265,60.54750061035156,60.54750061035156,60.54750061035156,0.3540860116481781,0.3540860116481781,0.3413373827934265,0.3413373827934265,0.3540860116481781,0.3413373827934265,0.3540860116481781,0.3413373827934265,0.33108600974082947,0.3183373808860779,0.02,0.3858628055,0.0,0.3562373220920563,0.9999997615814209,0.018481213599443436,0.32838404178619385,0.037031203508377075,0.26868361234664917,0.34717968106269836,0.34903684258461,0.3562373220920563,0.3562373220920563,0.30845358967781067,0.2329859584569931,0.0,0.03420800167239375,12678.8115234375,256,nan,-1.0,True,,False,0.2108611762523651,0.0,0.2108611762523651,15.0,15.0,1.0,0.0,0.0,0.0,0.0,0.0
472,13155.0830078125,151.80934143066406,1.0,0.7285857796669006,60.69490051269531,60.69490051269531,60.69490051269531,0.3179474174976349,0.3179474174976349,0.3063851594924927,0.3063851594924927,0.3179474174976349,0.3063851594924927,0.3179474174976349,0.3063851594924927,0.29494741559028625,0.28338515758514404,0.02,0.385489024,0.0,0.32060590386390686,0.9999996423721313,0.017025867477059364,0.33391445875167847,0.03371543809771538,0.26868361234664917,0.3120357096195221,0.3138953745365143,0.32060590386390686,0.32060590386390686,0.29763761162757874,0.23305319249629974,0.0,0.04122814799646019,12678.8115234375,256,nan,-1.0,True,,False,0.21117670834064484,0.0,0.21117670834064484,15.0,15.0,1.0,0.0,0.0,0.0,0.0,0.0
473,13153.8056640625,151.5133056640625,1.0,0.7283053398132324,60.690696716308594,60.690696716308594,60.690696716308594,0.31767556071281433,0.31767556071281433,0.3061087131500244,0.3061087131500244,0.31767556071281433,0.3061087131500244,0.31767556071281433,0.3061087131500244,0.2946755588054657,0.2831087112426758,0.02,0.3851151585,0.0,0.3203737139701843,0.9999996423721313,0.017064334824681282,0.3142332434654236,0.03377071022987366,0.2686835527420044,0.31167230010032654,0.31353381276130676,0.3203737139701843,0.3203737139701843,0.29772937297821045,0.23311878740787506,0.0,0.04242154897979668,12678.8115234375,256,nan,-1.0,True,,False,0.2112911492586136,0.0,0.2112911492586136,15.0,15.0,1.0,0.0,0.0,0.0,0.0,0.0
474,13214.7685546875,190.24871826171875,1.0,0.7270246148109436,60.80503845214844,60.80503845214844,60.80503845214844,0.35289323329925537,0.35289323329925537,0.34024056792259216,0.34024056792259216,0.35289323329925537,0.34024056792259216,0.35289323329925537,0.34024056792259216,0.32989323139190674,0.31724056601524353,0.020000000000000004,0.384741212,0.0,0.3551606833934784,0.9999996423721313,0.018362944945693016,0.3105444312095642,0.03666220232844353,0.2686835527420044,0.345953106880188,0.34781500697135925,0.3551606833934784,0.3551606833934784,0.31659916043281555,0.23317167162895203,0.0,0.01670135624913706,12678.8115234375,256,nan,-1.0,True,,False,0.21112845838069916,0.0,0.21112845838069916,15.0,15.0,1.0,0.0,0.0,0.0,0.0,0.0
475,13152.181640625,150.1805419921875,1.0,0.7266935706138611,60.69327163696289,60.69327163696289,60.69327163696289,0.3165475130081177,0.3165475130081177,0.30486080050468445,0.30486080050468445,0.3165475130081177,0.30486080050468445,0.3165475130081177,0.30486080050468445,0.29354751110076904,0.2818607985973358,0.02,0.3843671875,0.0,0.31916314363479614,0.9999996423721313,0.017003048211336136,0.3219345510005951,0.03356833755970001,0.2686834931373596,0.3104528784751892,0.31231337785720825,0.31916314363479614,0.31916314363479614,0.2962700128555298,0.23321731388568878,0.0,0.04052085698802128,12678.8115234375,256,nan,-1.0,True,,False,0.21099254488945007,0.0,0.21099254488945007,15.0,15.0,1.0,0.0,0.0,0.0,0.0,0.0
476,13234.8798828125,148.8079376220703,1.0,0.7275420427322388,61.11150360107422,61.11150360107422,61.11150360107422,0.31528013944625854,0.31528013944625854,0.3035697638988495,0.3035697638988495,0.31528013944625854,0.3035697638988495,0.31528013944625854,0.3035697638988495,0.2922801375389099,0.28056976199150085,0.02,0.383993088,0.0,0.3181256949901581,0.9999996423721313,0.01699047163128853,0.32573598623275757,0.03382530435919762,0.2686835527420044,0.30982282757759094,0.3116310238838196,0.3181256949901581,0.3181256949901581,0.30351337790489197,0.23325157165527344,0.0,0.033986482817757256,12678.8115234375,256,nan,-1.0,True,,False,0.21087156236171722,0.0,0.21087156236171722,15.0,15.0,1.0,0.0,0.0,0.0,0.0,0.0
477,13213.3544921875,186.17752075195312,1.0,0.728531002998352,60.81455612182617,60.81455612182617,60.81455612182617,0.34910106658935547,0.34910106658935547,0.3368278443813324,0.3368278443813324,0.34910106658935547,0.3368278443813324,0.34910106658935547,0.3368278443813324,0.32610106468200684,0.31382784247398376,0.02,0.3836189165,0.0,0.3520853519439697,0.9999996423721313,0.018001584336161613,0.3392404317855835,0.03669315576553345,0.2686835825443268,0.3434637784957886,0.34518134593963623,0.3520853519439697,0.3520853519439697,0.3151998221874237,0.2332749217748642,0.0,0.03538844132304399,12678.8115234375,256,nan,-1.0,True,,False,0.21078084409236908,0.0,0.21078084409236908,15.0,15.0,1.0,0.0,0.0,0.0,0.0,0.0
478,13153.1845703125,143.99375915527344,1.0,0.7286936640739441,60.724220275878906,60.724220275878906,60.724220275878906,0.3105076849460602,0.3105076849460602,0.2989940047264099,0.2989940047264099,0.3105076849460602,0.2989940047264099,0.3105076849460602,0.2989940047264099,0.28750768303871155,0.2759940028190613,0.02,0.383244676,0.0,0.3132464289665222,0.9999996423721313,0.016759952530264854,0.3081602454185486,0.033515527844429016,0.26868361234664917,0.3052537441253662,0.30705657601356506,0.3132464289665222,0.3132464289665222,0.2916830778121948,0.23328626155853271,0.0,0.03740833789278339,12678.8115234375,256,nan,-1.0,True,,False,0.21071995794773102,0.0,0.21071995794773102,15.0,15.0,1.0,0.0,0.0,0.0,0.0,0.0
479,13230.1611328125,148.09861755371094,1.0,0.7264124751091003,61.09428405761719,61.09428405761719,61.09428405761719,0.31469613313674927,0.31469613313674927,0.3029002845287323,0.3029002845287323,0.31469613313674927,0.3029002845287323,0.31469613313674927,0.3029002845287323,0.29169613122940063,0.27990028262138367,0.02,0.38287036950000003,0.0,0.31748172640800476,0.9999996423721313,0.017040042206645012,0.3224751651287079,0.033925220370292664,0.26868361234664917,0.309283584356308,0.3110920786857605,0.31748172640800476,0.31748172640800476,0.3010275959968567,0.23330219089984894,0.0,0.01838152435569403,12678.8115234375,256,nan,-1.0,True,,False,0.21068784594535828,0.0,0.21068784594535828,15.0,15.0,1.0,0.0,0.0,0.0,0.0,0.0
480,13149.638671875,143.36671447753906,1.0,0.7234640717506409,60.72269821166992,60.72269821166992,60.72269821166992,0.3098624348640442,0.3098624348640442,0.2983924448490143,0.2983924448490143,0.3098624348640442,0.2983924448490143,0.3098624348640442,0.2983924448490143,0.28686243295669556,0.27539244294166565,0.02,0.382496,0.0,0.3125999867916107,0.9999996423721313,0.016789209097623825,0.32926565408706665,0.0336129404604435,0.2686835825443268,0.30460861325263977,0.3064112663269043,0.3125999867916107,0.3125999867916107,0.28975528478622437,0.2333276867866516,0.0,0.0279407417434009,12678.8115234375,256,nan,-1.0,True,,False,0.21068918704986572,0.0,0.21068918704986572,15.0,15.0,1.0,0.0,0.0,0.0,0.0,0.0
481,13158.908203125,184.2719268798828,1.0,0.723331868648529,60.56485366821289,60.56485366821289,60.56485366821289,0.34740933775901794,0.34740933775901794,0.3352176249027252,0.3352176249027252,0.34740933775901794,0.3352176249027252,0.34740933775901794,0.3352176249027252,0.3244093358516693,0.3122176229953766,0.02,0.3821215705,0.0,0.35031363368034363,0.9999996423721313,0.018110277131199837,0.31666314601898193,0.03746860846877098,0.26868361234664917,0.3419085443019867,0.3436200022697449,0.35031363368034363,0.35031363368034363,0.3047172427177429,0.23335401713848114,0.0,0.02501529200688108,12678.8115234375,256,nan,-1.0,True,,False,0.21072158217430115,0.0,0.21072158217430115,15.0,15.0,1.0,0.0,0.0,0.0,0.0,0.0
482,13221.6923828125,145.48416137695312,1.0,0.7213457226753235,61.077674865722656,61.077674865722656,61.077674865722656,0.31209632754325867,0.31209632754325867,0.3004186749458313,0.3004186749458313,0.31209632754325867,0.3004186749458313,0.31209632754325867,0.3004186749458313,0.28909632563591003,0.27741867303848267,0.02,0.381747084,0.0,0.31481853127479553,0.9999996423721313,0.0170571468770504,0.3127121925354004,0.0342198871076107,0.2686835527420044,0.30670028924942017,0.30852439999580383,0.31481853127479553,0.31481853127479553,0.2975980043411255,0.2333831489086151,0.0,0.024901070134041622,12678.8115234375,256,nan,-1.0,True,,False,0.21040315926074982,0.0,0.21040315926074982,15.0,15.0,1.0,0.0,0.0,0.0,0.0,0.0
483,13257.91796875,180.1167755126953,1.0,0.721055269241333,61.086368560791016,61.086368560791016,61.086368560791016,0.3446832299232483,0.3446832299232483,0.33167746663093567,0.33167746663093567,0.3446832299232483,0.33167746663093567,0.3446832299232483,0.33167746663093567,0.32168322801589966,0.30867746472358704,0.02,0.3813725435,0.0,0.34665393829345703,0.9999996423721313,0.01889496110379696,0.3127287030220032,0.03925653174519539,0.26868361234664917,0.33907344937324524,0.34084171056747437,0.34665387868881226,0.34665387868881226,0.31202638149261475,0.23340436816215515,0.0,0.03278669524782648,12678.8115234375,256,nan,-1.0,True,,False,0.2096547931432724,0.0,0.2096547931432724,15.0,15.0,1.0,0.0,0.0,0.0,0.0,0.0
484,13240.5693359375,145.7335205078125,1.0,0.7237364649772644,61.16484069824219,61.16484069824219,61.16484069824219,0.31275489926338196,0.31275489926338196,0.3006563186645508,0.3006563186645508,0.31275489926338196,0.3006563186645508,0.31275489926338196,0.3006563186645508,0.2897548973560333,0.27765631675720215,0.02,0.380997952,0.0,0.31476831436157227,0.9999996423721313,0.01720975898206234,0.3167933523654938,0.03486829996109009,0.26868361234664917,0.3073440194129944,0.30918607115745544,0.31476831436157227,0.31476831436157227,0.2930980324745178,0.23342108726501465,0.0,0.034655392003413804,12678.8115234375,256,nan,-1.0,True,,False,0.20901410281658173,0.0,0.20901410281658173,15.0,15.0,1.0,0.0,0.0,0.0,0.0,0.0
485,13220.7939453125,182.79185485839844,1.0,0.7246267199516296,60.878440856933594,60.878440856933594,60.878440856933594,0.34646761417388916,0.34646761417388916,0.33396124839782715,0.33396124839782715,0.34646761417388916,0.33396124839782715,0.34646761417388916,0.33396124839782715,0.3234676122665405,0.3109612464904785,0.02,0.3806233125,0.0,0.34900838136672974,0.9999996423721313,0.018192386254668236,0.3140437602996826,0.0376749224960804,0.2686835825443268,0.34113138914108276,0.34284910559654236,0.34900838136672974,0.34900838136672974,0.30829089879989624,0.23343311250209808,0.0,0.035793597860093646,12678.8115234375,256,nan,-1.0,True,,False,0.20901185274124146,0.0,0.20901185274124146,15.0,15.0,1.0,0.0,0.0,0.0,0.0,0.0
486,13147.5205078125,139.61277770996094,1.0,0.7227770090103149,60.73259735107422,60.73259735107422,60.73259735107422,0.3066405951976776,0.3066405951976776,0.29476305842399597,0.29476305842399597,0.3066405951976776,0.29476305842399597,0.3066405951976776,0.29476305842399597,0.283640593290329,0.27176305651664734,0.02,0.38024862800000003,0.0,0.3087262511253357,0.9999996423721313,0.01696076989173889,0.32130664587020874,0.034256305545568466,0.2686835527420044,0.30121517181396484,0.3030599355697632,0.3087262511253357,0.3087262511253357,0.2806868553161621,0.23344065248966217,0.0,0.026963064670174692,12678.8115234375,256,nan,-1.0,True,,False,0.209035724401474,0.0,0.209035724401474,15.0,15.0,1.0,0.0,0.0,0.0,0.0,0.0
487,13145.62890625,139.3817901611328,1.0,0.7201210260391235,60.730934143066406,60.730934143066406,60.730934143066406,0.3063751757144928,0.3063751757144928,0.29453814029693604,0.29453814029693604,0.3063751757144928,0.29453814029693604,0.3063751757144928,0.29453814029693604,0.28337517380714417,0.2715381383895874,0.02,0.3798739015,0.0,0.3084816038608551,0.9999996423721313,0.016975754871964455,0.3118748068809509,0.034317925572395325,0.2686835527420044,0.30094629526138306,0.30279162526130676,0.3084816038608551,0.3084816038608551,0.279723584651947,0.23344406485557556,0.0,0.030310305246126115,12678.8115234375,256,nan,-1.0,True,,False,0.20908385515213013,0.0,0.20908385515213013,15.0,15.0,1.0,0.0,0.0,0.0,0.0,0.0
488,13153.4599609375,151.40371704101562,1.0,0.7193666100502014,60.71186447143555,60.71186447143555,60.71186447143555,0.31827911734580994,0.31827911734580994,0.3060063123703003,0.3060063123703003,0.31827911734580994,0.3060063123703003,0.31827911734580994,0.3060063123703003,0.2952791154384613,0.28300631046295166,0.02,0.379499136,0.0,0.32029417157173157,0.9999995231628418,0.017555899918079376,0.32221555709838867,0.035643961280584335,0.26868361234664917,0.3126768171787262,0.3145217001438141,0.32029417157173157,0.32029417157173157,0.2881912291049957,0.2334495484828949,0.0,0.02976098275070803,12678.8115234375,256,nan,-1.0,True,,False,0.2091594636440277,0.0,0.2091594636440277,15.0,15.0,1.0,0.0,0.0,0.0,0.0,0.0
489,13228.24609375,141.90293884277344,1.0,0.7189965844154358,61.13422393798828,61.13422393798828,61.13422393798828,0.30893853306770325,0.30893853306770325,0.29698294401168823,0.29698294401168823,0.30893853306770325,0.29698294401168823,0.30893853306770325,0.29698294401168823,0.2859385311603546,0.2739829421043396,0.02,0.3791243345,0.0,0.311260849237442,0.9999996423721313,0.01708988845348358,0.324215292930603,0.03455141931772232,0.2686835825443268,0.30382007360458374,0.3056356906890869,0.311260849237442,0.311260849237442,0.2872481644153595,0.23345842957496643,0.0,0.04062765779801541,12678.8115234375,256,nan,-1.0,True,,False,0.20926231145858765,0.0,0.20926231145858765,15.0,15.0,1.0,0.0,0.0,0.0,0.0,0.0
490,13159.8818359375,181.38919067382812,1.0,0.7179927825927734,60.59748077392578,60.59748077392578,60.59748077392578,0.3450924754142761,0.3450924754142761,0.3327658474445343,0.3327658474445343,0.3450924754142761,0.3327658474445343,0.3450924754142761,0.3327658474445343,0.3220924735069275,0.30976584553718567,0.02,0.3787495,0.0,0.34766700863838196,0.9999996423721313,0.018177039921283722,0.3171612322330475,0.03807013854384422,0.2686835527420044,0.3397144079208374,0.3414335548877716,0.34766700863838196,0.34766700863838196,0.2966983914375305,0.233465775847435,0.0,0.04062775738162196,12678.8115234375,256,nan,-1.0,True,,False,0.20939625799655914,0.0,0.20939625799655914,15.0,15.0,1.0,0.0,0.0,0.0,0.0,0.0
491,13225.705078125,146.4163055419922,1.0,0.7170809507369995,61.10374069213867,61.10374069213867,61.10374069213867,0.313203901052475,0.313203901052475,0.30130600929260254,0.30130600929260254,0.313203901052475,0.30130600929260254,0.313203901052475,0.30130600929260254,0.29020389914512634,0.2783060073852539,0.02,0.3783746355,0.0,0.31569233536720276,0.9999996423721313,0.01708029769361019,0.32378116250038147,0.03454882279038429,0.26868361234664917,0.3080497980117798,0.30984681844711304,0.31569233536720276,0.31569233536720276,0.28709742426872253,0.23347067832946777,0.0,0.03442944421355302,12678.8115234375,256,nan,-1.0,True,,False,0.20955908298492432,0.0,0.20955908298492432,15.0,15.0,1.0,0.0,0.0,0.0,0.0,0.0
492,13223.982421875,146.8130340576172,1.0,0.7171447277069092,61.09298324584961,61.09298324584961,61.09298324584961,0.3135565519332886,0.3135565519332886,0.30168280005455017,0.30168280005455017,0.3135565519332886,0.30168280005455017,0.3135565519332886,0.30168280005455017,0.29055655002593994,0.27868279814720154,0.02,0.377999744,0.0,0.31610357761383057,0.9999996423721313,0.017091359943151474,0.32036298513412476,0.03453000634908676,0.2686835527420044,0.30839812755584717,0.31019505858421326,0.31610357761383057,0.31610357761383057,0.28634902834892273,0.23352007567882538,0.0,0.03464448586196846,12678.8115234375,256,nan,-1.0,True,,False,0.20975236594676971,0.0,0.20975236594676971,15.0,15.0,1.0,0.0,0.0,0.0,0.0,0.0
493,13222.67578125,147.39669799804688,1.0,0.7178100347518921,61.081871032714844,61.081871032714844,61.081871032714844,0.3140985369682312,0.3140985369682312,0.3022361993789673,0.3022361993789673,0.3140985369682312,0.3022361993789673,0.3140985369682312,0.3022361993789673,0.29109853506088257,0.27923619747161865,0.02,0.3776248285,0.0,0.31671735644340515,0.9999996423721313,0.0170827005058527,0.31607651710510254,0.03440278768539429,0.26868361234664917,0.30890753865242004,0.3107050359249115,0.31671735644340515,0.31671735644340515,0.2858608067035675,0.23356276750564575,0.0,0.029151515247778863,12678.8115234375,256,nan,-1.0,True,,False,0.20997737348079681,0.0,0.20997737348079681,15.0,15.0,1.0,0.0,0.0,0.0,0.0,0.0
494,13204.330078125,182.2329864501953,1.0,0.7180682420730591,60.815311431884766,60.815311431884766,60.815311431884766,0.34620895981788635,0.34620895981788635,0.33348551392555237,0.33348551392555237,0.34620895981788635,0.33348551392555237,0.34620895981788635,0.33348551392555237,0.3232089579105377,0.31048551201820374,0.02,0.37724989200000003,0.0,0.34823930263519287,0.9999996423721313,0.018750999122858047,0.31161877512931824,0.03893377259373665,0.26868361234664917,0.34052419662475586,0.34228864312171936,0.34823930263519287,0.34823930263519287,0.3008103370666504,0.23359860479831696,0.0,0.029851941401526954,12678.8115234375,256,nan,-1.0,True,,False,0.2102370709180832,0.0,0.2102370709180832,15.0,15.0,1.0,0.0,0.0,0.0,0.0,0.0
495,13216.28515625,144.9392852783203,1.0,0.7170947194099426,61.063995361328125,61.063995361328125,61.063995361328125,0.31171897053718567,0.31171897053718567,0.2998986840248108,0.2998986840248108,0.31171897053718567,0.2998986840248108,0.31171897053718567,0.2998986840248108,0.28871896862983704,0.27689868211746216,0.02,0.3768749375,0.0,0.31445038318634033,0.9999997615814209,0.017072323709726334,0.3170931935310364,0.0341210775077343,0.26868361234664917,0.3064483404159546,0.3082645535469055,0.31445038318634033,0.31445038318634033,0.283914715051651,0.23362861573696136,0.0,0.032873043965082616,12678.8115234375,256,nan,-1.0,True,,False,0.2105322778224945,0.0,0.2105322778224945,15.0,15.0,1.0,0.0,0.0,0.0,0.0,0.0
496,13180.306640625,227.97634887695312,1.0,0.7154233455657959,60.47309112548828,60.47309112548828,60.47309112548828,0.3836907148361206,0.3836907148361206,0.3702743649482727,0.3702743649482727,0.3836907148361206,0.3702743649482727,0.3836907148361206,0.3702743649482727,0.360690712928772,0.3472743630409241,0.02,0.376499968,0.0,0.3855147659778595,0.9999996423721313,0.01945996843278408,0.33414334058761597,0.03916749358177185,0.2686835527420044,0.3758090138435364,0.3776680827140808,0.3855147659778595,0.3855147659778595,0.327568382024765,0.23365578055381775,0.0,0.031999263485583164,12678.8115234375,256,nan,-1.0,True,,False,0.21086110174655914,0.0,0.21086110174655914,15.0,15.0,1.0,0.0,0.0,0.0,0.0,0.0
497,13163.693359375,194.8553009033203,1.0,0.7131261825561523,60.561378479003906,60.561378479003906,60.561378479003906,0.3566247522830963,0.3566247522830963,0.3440583348274231,0.3440583348274231,0.3566247522830963,0.3440583348274231,0.3566247522830963,0.3440583348274231,0.3336247503757477,0.32105833292007446,0.02,0.3761249865,0.0,0.35886842012405396,0.9999996423721313,0.018251417204737663,0.3379787504673004,0.03623206168413162,0.2686835527420044,0.34934303164482117,0.3512038290500641,0.35886842012405396,0.35886842012405396,0.3001013994216919,0.2336701899766922,0.0,0.02996932983579528,12678.8115234375,256,nan,-1.0,True,,False,0.2112087458372116,0.0,0.2112087458372116,15.0,15.0,1.0,0.0,0.0,0.0,0.0,0.0
498,13163.49609375,196.0912322998047,1.0,0.7121349573135376,60.55668640136719,60.55668640136719,60.55668640136719,0.35763245820999146,0.35763245820999146,0.34507492184638977,0.34507492184638977,0.35763245820999146,0.34507492184638977,0.35763245820999146,0.34507492184638977,0.3346324563026428,0.32207491993904114,0.02,0.37574999600000003,0.0,0.3599853217601776,0.9999996423721313,0.018270917236804962,0.345054566860199,0.03614117577672005,0.26868361234664917,0.350244402885437,0.3521089255809784,0.3599853217601776,0.3599853217601776,0.30063703656196594,0.23375597596168518,0.0,0.025398834980377514,12678.8115234375,256,nan,-1.0,True,,False,0.21157819032669067,0.0,0.21157819032669067,15.0,15.0,1.0,0.0,0.0,0.0,0.0,0.0
499,13243.3125,234.42958068847656,1.0,0.7128307819366455,60.76233673095703,60.76233673095703,60.76233673095703,0.3881138265132904,0.3881138265132904,0.37515515089035034,0.37515515089035034,0.3881138265132904,0.37515515089035034,0.3881138265132904,0.37515515089035034,0.3651138246059418,0.3521551489830017,0.02,0.37537499950000003,0.0,0.3905583620071411,0.9999996423721313,0.01925351284444332,0.3716669976711273,0.03863732889294624,0.26868361234664917,0.38028350472450256,0.3821064829826355,0.3905583620071411,0.3905583620071411,0.32269638776779175,0.23391810059547424,0.0,0.03535812443199878,12678.8115234375,256,nan,-1.0,True,,False,0.21196193993091583,0.0,0.21196193993091583,15.0,15.0,1.0,0.0,0.0,0.0,0.0,0.0
500,13137.48828125,146.57391357421875,1.0,0.7136551141738892,60.670433044433594,60.670433044433594,60.670433044433594,0.31311842799186707,0.31311842799186707,0.3014557361602783,0.3014557361602783,0.31311842799186707,0.3014557361602783,0.31311842799186707,0.3014557361602783,0.29011842608451843,0.2784557342529297,0.02,0.375,0.0,0.3162285387516022,0.9999996423721313,0.017001137137413025,0.32346370816230774,0.0332360565662384,0.2686835527420044,0.30718639492988586,0.30905258655548096,0.3162285387516022,0.3162285387516022,0.2783583998680115,0.2340729832649231,0.0,0.03709912700125844,12678.8115234375,256,nan,-1.0,True,,False,0.21236662566661835,0.0,0.21236662566661835,15.0,15.0,1.0,0.0,0.0,0.0,0.0,0.0
501,13146.5078125,147.44482421875,1.0,0.7122769951820374,60.714622497558594,60.714622497558594,60.714622497558594,0.3138452172279358,0.3138452172279358,0.30228176712989807,0.30228176712989807,0.3138452172279358,0.30228176712989807,0.3138452172279358,0.30228176712989807,0.29084521532058716,0.27928176522254944,0.02,0.3746250005,0.0,0.3170967996120453,0.9999996423721313,0.01696048490703106,0.31271007657051086,0.033020876348018646,0.26868361234664917,0.3077796995639801,0.3096492290496826,0.3170967996120453,0.3170967996120453,0.27748385071754456,0.23422278463840485,0.0,0.04349242576831279,12678.8115234375,256,nan,-1.0,True,,False,0.21279530227184296,0.0,0.21279530227184296,15.0,15.0,1.0,0.0,0.0,0.0,0.0,0.0
502,13216.03515625,200.98184204101562,1.0,0.7106359004974365,60.798675537109375,60.798675537109375,60.798675537109375,0.36070385575294495,0.36070385575294495,0.3490665555000305,0.3490665555000305,0.36070385575294495,0.3490665555000305,0.36070385575294495,0.3490665555000305,0.3377038538455963,0.3260665535926819,0.02,0.37425000399999997,0.0,0.3638722598552704,0.9999996423721313,0.017567303031682968,0.36095672845840454,0.034345462918281555,0.26868361234664917,0.35309597849845886,0.35492852330207825,0.3638722598552704,0.3638722598552704,0.3099942207336426,0.23436999320983887,0.0,0.043126035829320446,12678.8115234375,256,nan,-1.0,True,,False,0.21324917674064636,0.0,0.21324917674064636,15.0,15.0,1.0,0.0,0.0,0.0,0.0,0.0
503,13219.998046875,211.52392578125,1.0,0.7090916633605957,60.76964569091797,60.76964569091797,60.76964569091797,0.36860424280166626,0.36860424280166626,0.3575088381767273,0.3575088381767273,0.36860424280166626,0.3575088381767273,0.36860424280166626,0.3575088381767273,0.3456042408943176,0.33450883626937866,0.02,0.3738750135,0.0,0.37181493639945984,0.9999996423721313,0.01722152903676033,0.3482159972190857,0.03308377414941788,0.26868361234664917,0.3593629002571106,0.3612115681171417,0.37181493639945984,0.37181493639945984,0.3145962953567505,0.23451285064220428,0.0,0.03780777996224868,12678.8115234375,256,nan,-1.0,True,,False,0.21373026072978973,0.0,0.21373026072978973,15.0,15.0,1.0,0.0,0.0,0.0,0.0,0.0
504,13183.3466796875,160.09744262695312,1.0,0.7092676758766174,60.843074798583984,60.843074798583984,60.843074798583984,0.3256586790084839,0.3256586790084839,0.3140181303024292,0.3140181303024292,0.3256586790084839,0.3140181303024292,0.3256586790084839,0.3140181303024292,0.30265867710113525,0.29101812839508057,0.02,0.373500032,0.0,0.3292585015296936,0.9999997615814209,0.01736787147819996,0.324574738740921,0.03393380716443062,0.2686835825443268,0.3192027509212494,0.321075439453125,0.3292585015296936,0.3292585015296936,0.2939242720603943,0.23464642465114594,0.0,0.03903041705941885,12678.8115234375,256,nan,-1.0,True,,False,0.21423715353012085,0.0,0.21423715353012085,15.0,15.0,1.0,0.0,0.0,0.0,0.0,0.0
505,13191.5380859375,180.2328338623047,1.0,0.7093469500541687,60.78315734863281,60.78315734863281,60.78315734863281,0.34279343485832214,0.34279343485832214,0.331776887178421,0.331776887178421,0.34279343485832214,0.331776887178421,0.34279343485832214,0.331776887178421,0.3197934329509735,0.3087768852710724,0.02,0.3731250625,0.0,0.3467828333377838,0.9999997615814209,0.017298128455877304,0.3408685028553009,0.03368256986141205,0.26868361234664917,0.33465132117271423,0.3364749550819397,0.3467828333377838,0.3467828333377838,0.3033556044101715,0.23476560413837433,0.0,0.034825204816621005,12678.8115234375,256,nan,-1.0,True,,False,0.2147717922925949,0.0,0.2147717922925949,15.0,15.0,1.0,0.0,0.0,0.0,0.0,0.0
506,13127.2685546875,153.3756103515625,1.0,0.7081689834594727,60.59904479980469,60.59904479980469,60.59904479980469,0.3190542459487915,0.3190542459487915,0.30784329771995544,0.30784329771995544,0.3190542459487915,0.30784329771995544,0.3190542459487915,0.30784329771995544,0.29605424404144287,0.2848432958126068,0.02,0.37275010799999997,0.0,0.3230797350406647,0.9999997615814209,0.016968362033367157,0.32616597414016724,0.033267904072999954,0.2686835825443268,0.31261464953422546,0.31448668241500854,0.3230797350406647,0.3230797350406647,0.2898367643356323,0.23487332463264465,0.0,0.042572557137140796,12678.8115234375,256,nan,-1.0,True,,False,0.21533413231372833,0.0,0.21533413231372833,15.0,15.0,1.0,0.0,0.0,0.0,0.0,0.0
507,13147.90234375,186.8791961669922,1.0,0.7046839594841003,60.54340744018555,60.54340744018555,60.54340744018555,0.34924817085266113,0.34924817085266113,0.33741867542266846,0.33741867542266846,0.34924817085266113,0.33741867542266846,0.34924817085266113,0.33741867542266846,0.3262481689453125,0.3144186735153198,0.02,0.3723751715,0.0,0.3527597486972809,0.9999996423721313,0.017994942143559456,0.36564597487449646,0.03522147983312607,0.2686835825443268,0.3404780626296997,0.3423359990119934,0.3527597486972809,0.3527597486972809,0.30822333693504333,0.23496651649475098,0.0,0.04216390796419647,12678.8115234375,256,nan,-1.0,True,,False,0.2159196138381958,0.0,0.2159196138381958,15.0,15.0,1.0,0.0,0.0,0.0,0.0,0.0
508,13146.892578125,176.97689819335938,1.0,0.7013653516769409,60.596168518066406,60.596168518066406,60.596168518066406,0.34023478627204895,0.34023478627204895,0.3289751410484314,0.3289751410484314,0.34023478627204895,0.3289751410484314,0.34023478627204895,0.3289751410484314,0.3172347843647003,0.30597513914108276,0.02,0.372000256,0.0,0.3444696068763733,0.9999997615814209,0.017524050548672676,0.3361704647541046,0.03507235646247864,0.2686835825443268,0.333282470703125,0.3351213335990906,0.3444696068763733,0.3444696068763733,0.3068435490131378,0.2350488156080246,0.0,0.041218477280280136,12678.8115234375,256,nan,-1.0,True,,False,0.21652862429618835,0.0,0.21652862429618835,15.0,15.0,1.0,0.0,0.0,0.0,0.0,0.0
509,13143.90625,189.3727569580078,1.0,0.700942873954773,60.52030563354492,60.52030563354492,60.52030563354492,0.3512764275074005,0.3512764275074005,0.33950936794281006,0.33950936794281006,0.3512764275074005,0.33950936794281006,0.3512764275074005,0.33950936794281006,0.3282764256000519,0.3165093660354614,0.02,0.3716253645,0.0,0.3554464280605316,0.9999997615814209,0.018171925097703934,0.30579322576522827,0.03635384142398834,0.2686835527420044,0.34343287348747253,0.34530332684516907,0.3554464280605316,0.3554464280605316,0.31365838646888733,0.23512104153633118,0.0,0.03472659506304707,12678.8115234375,256,nan,-1.0,True,,False,0.21715843677520752,0.0,0.21715843677520752,15.0,15.0,1.0,0.0,0.0,0.0,0.0,0.0
510,13120.1328125,161.4815673828125,1.0,0.7011428475379944,60.540401458740234,60.540401458740234,60.540401458740234,0.32593756914138794,0.32593756914138794,0.3152734041213989,0.3152734041213989,0.32593756914138794,0.3152734041213989,0.32593756914138794,0.3152734041213989,0.3029375672340393,0.2922734022140503,0.02,0.37125050000000004,0.0,0.3306261897087097,0.9999997615814209,0.01691298931837082,0.31274479627609253,0.03416162356734276,0.2686835527420044,0.3193134665489197,0.32117995619773865,0.33062615990638733,0.33062615990638733,0.3014647662639618,0.23520556092262268,0.0,0.033364403501359954,12678.8115234375,256,nan,-1.0,True,,False,0.2178005427122116,0.0,0.2178005427122116,15.0,15.0,1.0,0.0,0.0,0.0,0.0,0.0
511,13142.9375,191.8098907470703,1.0,0.7010654807090759,60.50297546386719,60.50297546386719,60.50297546386719,0.3529551029205322,0.3529551029205322,0.34153953194618225,0.34153953194618225,0.3529551029205322,0.34153953194618225,0.3529551029205322,0.34153953194618225,0.3299551010131836,0.3185395300388336,0.02,0.3708756655,0.0,0.35746774077415466,0.9999997615814209,0.018176104873418808,0.3342777490615845,0.03712449595332146,0.26868361234664917,0.3453507125377655,0.3472139239311218,0.35746774077415466,0.35746774077415466,0.31876376271247864,0.2353086620569229,0.0,0.036720564217022106,12678.8115234375,256,nan,-1.0,True,,False,0.2184261530637741,0.0,0.2184261530637741,15.0,15.0,1.0,0.0,0.0,0.0,0.0,0.0
512,13141.5771484375,181.51156616210938,1.0,0.6978238224983215,60.55576705932617,60.55576705932617,60.55576705932617,0.3437696099281311,0.3437696099281311,0.33287033438682556,0.33287033438682556,0.3437696099281311,0.33287033438682556,0.3437696099281311,0.33287033438682556,0.32076960802078247,0.30987033247947693,0.02,0.37050086400000004,0.0,0.3485174775123596,0.9999997615814209,0.017545083537697792,0.32719141244888306,0.035804931074380875,0.26868361234664917,0.3366917669773102,0.3385219871997833,0.3485174775123596,0.3485174775123596,0.31563588976860046,0.23540589213371277,0.0,0.024717171511535223,12678.8115234375,256,nan,-1.0,True,,False,0.21855971217155457,0.0,0.21855971217155457,15.0,15.0,1.0,0.0,0.0,0.0,0.0,0.0
513,13140.1767578125,193.4554443359375,1.0,0.6951342225074768,60.49577331542969,60.49577331542969,60.49577331542969,0.35418060421943665,0.35418060421943665,0.3429029881954193,0.3429029881954193,0.35418060421943665,0.3429029881954193,0.35418060421943665,0.3429029881954193,0.331180602312088,0.3199029862880707,0.02,0.3701260985,0.0,0.3588610887527466,0.9999997615814209,0.018168078735470772,0.33313071727752686,0.03745153546333313,0.26868361234664917,0.3467283844947815,0.348584920167923,0.3588610887527466,0.3588610887527466,0.32297706604003906,0.23550240695476532,0.0,0.029252836053880554,12678.8115234375,256,nan,-1.0,True,,False,0.21910056471824646,0.0,0.21910056471824646,15.0,15.0,1.0,0.0,0.0,0.0,0.0,0.0
514,13125.724609375,188.45213317871094,1.0,0.69527667760849,60.44816970825195,60.44816970825195,60.44816970825195,0.3496261537075043,0.3496261537075043,0.3387390971183777,0.3387390971183777,0.3496261537075043,0.3387390971183777,0.3496261537075043,0.3387390971183777,0.32662615180015564,0.31573909521102905,0.02,0.36975137199999997,0.0,0.35449573397636414,0.9999997615814209,0.01773509383201599,0.322622150182724,0.036671511828899384,0.2686834931373596,0.3424316346645355,0.34428590536117554,0.35449573397636414,0.35449573397636414,0.3226867914199829,0.23560386896133423,0.0,0.03522633097923568,12678.8115234375,256,nan,-1.0,True,,False,0.21965791285037994,0.0,0.21965791285037994,15.0,15.0,1.0,0.0,0.0,0.0,0.0,0.0
515,13107.9814453125,166.4802703857422,0.9769161343574524,0.6988046765327454,60.51820373535156,60.51820373535156,60.51820373535156,0.3299088776111603,0.3299088776111603,0.319762647151947,0.319762647151947,0.3299088776111603,0.319762647151947,0.3299088776111603,0.319762647151947,0.30690887570381165,0.2967626452445984,0.02,0.36937668749999997,0.0,0.3351816236972809,0.9999997615814209,0.01691710203886032,0.31115999817848206,0.034973595291376114,0.26868361234664917,0.3232502043247223,0.3250987231731415,0.3351816236972809,0.3351816236972809,0.3123021125793457,0.23570318520069122,0.0001160928004537709,0.023167984566599544,12678.8115234375,256,nan,-1.0,True,,False,0.22022853791713715,0.0,0.22022853791713715,15.0,15.0,1.0,0.0,0.0,0.0,0.0,0.0
516,13077.01953125,165.49180603027344,0.9131502509117126,0.7000056505203247,60.524749755859375,60.524749755859375,60.524749755859375,0.32894375920295715,0.32894375920295715,0.3188803195953369,0.3188803195953369,0.32894375920295715,0.3188803195953369,0.32894375920295715,0.3188803195953369,0.3059437572956085,0.2958803176879883,0.02,0.369002048,0.0,0.3343544900417328,0.9999997615814209,0.016938474029302597,0.31012147665023804,0.03512965142726898,0.26868361234664917,0.32233333587646484,0.32417723536491394,0.3343544900417328,0.3343544900417328,0.3131016194820404,0.23579135537147522,0.0004441106575541198,0.023150113220455952,12678.8115234375,256,nan,-1.0,True,,False,0.22079871594905853,0.0,0.22079871594905853,15.0,15.0,1.0,0.0,0.0,0.0,0.0,0.0
517,13028.0341796875,165.32862854003906,0.8195888996124268,0.6959410309791565,60.52470397949219,60.52470397949219,60.52470397949219,0.3286725580692291,0.3286725580692291,0.31873440742492676,0.31873440742492676,0.3286725580692291,0.31873440742492676,0.3286725580692291,0.31873440742492676,0.3056725561618805,0.2957344055175781,0.02,0.3686274565,0.0,0.33420878648757935,0.9999997615814209,0.016938673332333565,0.305812805891037,0.03530053794384003,0.26868361234664917,0.32210007309913635,0.323938250541687,0.33420878648757935,0.33420878648757935,0.3140776753425598,0.23586969077587128,0.0009468845673836768,0.02355843290893568,12678.8115234375,256,nan,-1.0,True,,False,0.22136801481246948,0.0,0.22136801481246948,15.0,15.0,1.0,0.0,0.0,0.0,0.0,0.0
518,12965.9716796875,166.1160125732422,0.7010628581047058,0.6904288530349731,60.520545959472656,60.520545959472656,60.520545959472656,0.32927200198173523,0.32927200198173523,0.31943780183792114,0.31943780183792114,0.32927200198173523,0.31943780183792114,0.32927200198173523,0.31943780183792114,0.3062720000743866,0.2964377999305725,0.02,0.368252916,0.0,0.33491837978363037,0.9999997615814209,0.016910148784518242,0.3022257387638092,0.03544636815786362,0.26868361234664917,0.32277166843414307,0.3246006965637207,0.33491837978363037,0.33491837978363037,0.31560221314430237,0.23593775928020477,0.0016270498745143414,0.023669113498827856,12678.8115234375,256,nan,-1.0,True,,False,0.22193607687950134,0.0,0.22193607687950134,15.0,15.0,1.0,0.0,0.0,0.0,0.0,0.0
519,12896.63671875,167.1837921142578,0.5638868808746338,0.6891418099403381,60.51469039916992,60.51469039916992,60.51469039916992,0.33009204268455505,0.33009204268455505,0.3203890323638916,0.3203890323638916,0.33009204268455505,0.3203890323638916,0.33009204268455505,0.3203890323638916,0.3070920407772064,0.29738903045654297,0.02,0.3678784295,0.0,0.33584144711494446,0.9999997615814209,0.016925061121582985,0.30474406480789185,0.035569801926612854,0.2686835527420044,0.3235940933227539,0.3254168927669525,0.33584144711494446,0.33584144711494446,0.3170700967311859,0.235990971326828,0.0024907600600272417,0.023473460104368214,12678.8115234375,256,nan,-1.0,True,,False,0.22250230610370636,0.0,0.22250230610370636,15.0,15.0,1.0,0.0,0.0,0.0,0.0,0.0
520,12824.83984375,168.32920837402344,0.41715478897094727,0.6931544542312622,60.50677490234375,60.50677490234375,60.50677490234375,0.3309957981109619,0.3309957981109619,0.3214060068130493,0.3214060068130493,0.3309957981109619,0.3214060068130493,0.3309957981109619,0.3214060068130493,0.3079957962036133,0.2984060049057007,0.02,0.367504,0.0,0.3368397355079651,0.9999997615814209,0.016889456659555435,0.2919961214065552,0.03568078950047493,0.26868361234664917,0.3245691955089569,0.32638558745384216,0.3368397355079651,0.3368397355079651,0.3182157874107361,0.2360479086637497,0.003541247919201851,0.023171881100602656,12678.8115234375,256,nan,-1.0,True,,False,0.22306670248508453,0.0,0.22306670248508453,15.0,15.0,1.0,0.0,0.0,0.0,0.0,0.0
521,12814.2294921875,169.5345001220703,0.3968292474746704,0.693848192691803,60.49678039550781,60.49678039550781,60.49678039550781,0.33191409707069397,0.33191409707069397,0.3224724531173706,0.3224724531173706,0.33191409707069397,0.3224724531173706,0.33191409707069397,0.3224724531173706,0.30891409516334534,0.299472451210022,0.02,0.36712963049999997,0.0,0.3378467857837677,0.9999997615814209,0.0168742872774601,0.29997533559799194,0.0358114019036293,0.26868361234664917,0.3255639970302582,0.3273715078830719,0.3378467857837677,0.3378467857837677,0.31934913992881775,0.23615972697734833,0.0037005613557994366,0.005914204055443406,12678.8115234375,256,nan,-1.0,True,,False,0.22362828254699707,0.0,0.22362828254699707,15.0,15.0,1.0,0.0,0.0,0.0,0.0,0.0
522,12830.482421875,170.73455810546875,0.43308404088020325,0.6922125816345215,60.485496520996094,60.485496520996094,60.485496520996094,0.3328534662723541,0.3328534662723541,0.32353049516677856,0.32353049516677856,0.3328534662723541,0.32353049516677856,0.3328534662723541,0.32353049516677856,0.3098534643650055,0.30053049325942993,0.02,0.366755324,0.0,0.3388655483722687,0.9999998807907104,0.016870517283678055,0.29804369807243347,0.03588252142071724,0.2686835527420044,0.3265320956707001,0.3283313810825348,0.3388655483722687,0.3388655483722687,0.32028138637542725,0.23626740276813507,0.0034190877340734005,0.006220187050833677,12678.8115234375,256,nan,-1.0,True,,False,0.22417619824409485,0.0,0.22417619824409485,15.0,15.0,1.0,0.0,0.0,0.0,0.0,0.0
523,12838.765625,171.80413818359375,0.4542016386985779,0.689975917339325,60.474365234375,60.474365234375,60.474365234375,0.33376166224479675,0.33376166224479675,0.3244703710079193,0.3244703710079193,0.33376166224479675,0.3244703710079193,0.33376166224479675,0.3244703710079193,0.3107616603374481,0.3014703691005707,0.02,0.3663810835,0.0,0.3398461639881134,0.9999998807907104,0.016831975430250168,0.28807923197746277,0.03580738231539726,0.26868361234664917,0.3275616466999054,0.32935190200805664,0.3398461639881134,0.3398461639881134,0.3212178647518158,0.23637057840824127,0.0032605514861643314,0.006029905893632935,12678.8115234375,256,nan,-1.0,True,,False,0.22470951080322266,0.0,0.22470951080322266,15.0,15.0,1.0,0.0,0.0,0.0,0.0,0.0
524,12839.755859375,172.892822265625,0.4576479196548462,0.6901760101318359,60.46475601196289,60.46475601196289,60.46475601196289,0.3345615267753601,0.3345615267753601,0.32542404532432556,0.32542404532432556,0.3345615267753601,0.32542404532432556,0.3345615267753601,0.32542404532432556,0.3115615248680115,0.30242404341697693,0.02,0.366006912,0.0,0.34070685505867004,0.9999998807907104,0.016830500215291977,0.29506173729896545,0.03598393127322197,0.2686835825443268,0.3284284770488739,0.3302103281021118,0.34070685505867004,0.34070685505867004,0.3219233751296997,0.23646903038024902,0.0032350318506360054,0.006135140856107076,12678.8115234375,256,nan,-1.0,True,,False,0.22518914937973022,0.0,0.22518914937973022,15.0,15.0,1.0,0.0,0.0,0.0,0.0,0.0
525,12830.66796875,172.79537963867188,0.4418976902961731,0.6891765594482422,60.46167755126953,60.46167755126953,60.46167755126953,0.3345497250556946,0.3345497250556946,0.32533881068229675,0.32533881068229675,0.3345497250556946,0.32533881068229675,0.3345497250556946,0.32533881068229675,0.31154972314834595,0.3023388087749481,0.02,0.3656328125,0.0,0.34065526723861694,0.9999998807907104,0.016839489340782166,0.2954413592815399,0.035983648151159286,0.26868361234664917,0.3283403813838959,0.33012649416923523,0.34065526723861694,0.34065526723861694,0.3219315707683563,0.2365626096725464,0.0033524613827466965,0.005616766817790146,12678.8115234375,256,nan,-1.0,True,,False,0.22491365671157837,0.0,0.22491365671157837,15.0,15.0,1.0,0.0,0.0,0.0,0.0,0.0
526,12813.0751953125,172.60568237304688,0.4068821966648102,0.6897224187850952,60.46083450317383,60.46083450317383,60.46083450317383,0.33453136682510376,0.33453136682510376,0.3251728117465973,0.3251728117465973,0.33453136682510376,0.3251728117465973,0.33453136682510376,0.3251728117465973,0.3115313649177551,0.30217280983924866,0.02,0.365258788,0.0,0.340595006942749,0.9999998807907104,0.016851074993610382,0.2917000651359558,0.03581332415342331,0.2686835527420044,0.3283357322216034,0.3301258981227875,0.340595006942749,0.340595006942749,0.32186460494995117,0.23665130138397217,0.0036212680861353874,0.0058073253765340066,12678.8115234375,256,nan,-1.0,True,,False,0.22463788092136383,0.0,0.22463788092136383,15.0,15.0,1.0,0.0,0.0,0.0,0.0,0.0
527,12787.2509765625,172.85580444335938,0.3537667393684387,0.6897523403167725,60.46318054199219,60.46318054199219,60.46318054199219,0.3346063196659088,0.3346063196659088,0.3253916800022125,0.3253916800022125,0.3346063196659088,0.3253916800022125,0.3346063196659088,0.3253916800022125,0.3116063177585602,0.3023916780948639,0.02,0.3648848415,0.0,0.34062525629997253,0.9999998807907104,0.016928963363170624,0.30351370573043823,0.036210834980010986,0.26868361234664917,0.3282187283039093,0.33001434803009033,0.3406252861022949,0.3406252861022949,0.3217650055885315,0.23673485219478607,0.004052170552313328,0.005849602331484978,12678.8115234375,256,nan,-1.0,True,,False,0.22436194121837616,0.0,0.22436194121837616,15.0,15.0,1.0,0.0,0.0,0.0,0.0,0.0
528,12752.0791015625,172.1873016357422,0.2859717607498169,0.6864838600158691,60.468318939208984,60.468318939208984,60.468318939208984,0.33437997102737427,0.33437997102737427,0.3248063623905182,0.3248063623905182,0.33437997102737427,0.3248063623905182,0.33437997102737427,0.3248063623905182,0.31137996912002563,0.30180636048316956,0.02,0.364510976,0.0,0.34035661816596985,0.9999998807907104,0.016872161999344826,0.2964426279067993,0.035665128380060196,0.2686835527420044,0.3281817138195038,0.329982191324234,0.3403566777706146,0.3403566777706146,0.321387380361557,0.23681312799453735,0.004652366973459721,0.005881387297348637,12678.8115234375,256,nan,-1.0,True,,False,0.22408579289913177,0.0,0.22408579289913177,15.0,15.0,1.0,0.0,0.0,0.0,0.0,0.0
529,12715.951171875,172.81748962402344,0.20929451286792755,0.6870317459106445,60.474853515625,60.474853515625,60.474853515625,0.33469149470329285,0.33469149470329285,0.32535815238952637,0.32535815238952637,0.33469149470329285,0.32535815238952637,0.33469149470329285,0.32535815238952637,0.3116914927959442,0.30235815048217773,0.02,0.36413719450000004,0.0,0.3406184911727905,0.9999998807907104,0.01698605902493,0.29803407192230225,0.03621792420744896,0.2686835527420044,0.3281800448894501,0.32998448610305786,0.3406184911727905,0.3406184911727905,0.32145267724990845,0.23688609898090363,0.0054251281544566154,0.006383714240251316,12678.8115234375,256,nan,-1.0,True,,False,0.22380965948104858,0.0,0.22380965948104858,15.0,15.0,1.0,0.0,0.0,0.0,0.0,0.0
530,12678.5400390625,172.29844665527344,0.1311091184616089,0.6885207295417786,60.48213195800781,60.48213195800781,60.48213195800781,0.33452990651130676,0.33452990651130676,0.3249037563800812,0.3249037563800812,0.33452990651130676,0.3249037563800812,0.33452990651130676,0.3249037563800812,0.31152990460395813,0.30190375447273254,0.02,0.3637635,0.0,0.34041252732276917,0.9999998807907104,0.016950856894254684,0.299214243888855,0.035826176404953,0.2686830759048462,0.3282114863395691,0.3300209641456604,0.34041252732276917,0.34041252732276917,0.3211594223976135,0.23695355653762817,0.006379100494086742,0.006034594876432998,12678.5400390625,530,nan,-1.0,True,,False,0.22353367507457733,0.0,0.22353367507457733,15.0,15.0,1.0,0.0,0.0,0.0,0.0,0.0
531,12644.3017578125,172.5776824951172,0.061503831297159195,0.6866486072540283,60.48823547363281,60.48823547363281,60.48823547363281,0.33474045991897583,0.33474045991897583,0.3251483142375946,0.3251483142375946,0.33474045991897583,0.3251483142375946,0.33474045991897583,0.3251483142375946,0.3117404580116272,0.30214831233024597,0.02,0.3633898955,0.0,0.3405712842941284,0.9999998807907104,0.01700398325920105,0.29192879796028137,0.0359882190823555,0.26868361234664917,0.3282388746738434,0.33005231618881226,0.3405712842941284,0.3405712842941284,0.32118719816207886,0.2370154857635498,0.007520003244280815,0.006217849324457347,12644.3017578125,531,nan,-1.0,True,,False,0.22325782477855682,0.0,0.22325782477855682,15.0,15.0,1.0,0.0,0.0,0.0,0.0,0.0
532,12621.4951171875,172.56478881835938,0.013171800412237644,0.68801349401474,60.4916877746582,60.4916877746582,60.4916877746582,0.3347928524017334,0.3347928524017334,0.32513701915740967,0.32513701915740967,0.3347928524017334,0.32513701915740967,0.3347928524017334,0.32513701915740967,0.31179285049438477,0.30213701725006104,0.02,0.36301638399999997,0.0,0.3405723571777344,0.9999998807907104,0.01703580468893051,0.3058626055717468,0.03596697747707367,0.26868361234664917,0.32827329635620117,0.33009088039398193,0.3405723571777344,0.3405723571777344,0.3210363984107971,0.2370719462633133,0.00885231513530016,0.008076284488197416,12621.4951171875,532,nan,-1.0,True,,False,0.22298204898834229,0.0,0.22298204898834229,15.0,15.0,1.0,0.0,0.0,0.0,0.0,0.0
533,12619.615234375,172.47479248046875,0.007192129269242287,0.6903902292251587,60.49174880981445,60.49174880981445,60.49174880981445,0.3348481059074402,0.3348481059074402,0.3250582218170166,0.3250582218170166,0.3348481059074402,0.3250582218170166,0.3348481059074402,0.3250582218170166,0.31184810400009155,0.30205821990966797,0.02,0.3626429685,0.0,0.3405758738517761,0.9999998807907104,0.017041891813278198,0.29727572202682495,0.035842232406139374,0.2686835527420044,0.3283347487449646,0.3301562964916229,0.3405758738517761,0.3405758738517761,0.3209322690963745,0.23712269961833954,0.009151935577392578,0.009652480276094543,12619.615234375,533,nan,-1.0,True,,False,0.22270628809928894,0.0,0.22270628809928894,15.0,15.0,1.0,0.0,0.0,0.0,0.0,0.0
534,12618.189453125,172.647705078125,0.006977408193051815,0.6886793971061707,60.48856735229492,60.48856735229492,60.48856735229492,0.3350246548652649,0.3350246548652649,0.3252095878124237,0.3252095878124237,0.3350246548652649,0.3252095878124237,0.3350246548652649,0.3252095878124237,0.31202465295791626,0.3022095859050751,0.02,0.362269652,0.0,0.3406970202922821,0.9999997615814209,0.01706492155790329,0.30130958557128906,0.03593512997031212,0.26868361234664917,0.3284434676170349,0.33026817440986633,0.3406970500946045,0.3406970500946045,0.32087045907974243,0.2371717393398285,0.009164690971374512,0.007434437677147798,12618.189453125,534,nan,-1.0,True,,False,0.2224304974079132,0.0,0.2224304974079132,15.0,15.0,1.0,0.0,0.0,0.0,0.0,0.0
535,12616.294921875,172.67684936523438,0.006371786817908287,0.6875503659248352,60.4832878112793,60.4832878112793,60.4832878112793,0.3351406753063202,0.3351406753063202,0.3252350986003876,0.3252350986003876,0.3351406753063202,0.3252350986003876,0.3351406753063202,0.3252350986003876,0.31214067339897156,0.30223509669303894,0.02,0.3618964375,0.0,0.34075531363487244,0.9999997615814209,0.01709878444671631,0.30299413204193115,0.03590315207839012,0.26868361234664917,0.32854849100112915,0.3303757905960083,0.34075531363487244,0.34075531363487244,0.3208965063095093,0.23722004890441895,0.009201765060424805,0.009940074171431156,12616.294921875,535,nan,-1.0,True,,False,0.22215498983860016,0.0,0.22215498983860016,15.0,15.0,1.0,0.0,0.0,0.0,0.0,0.0
536,12614.06640625,172.7698974609375,0.0054583861492574215,0.686277449131012,60.477142333984375,60.477142333984375,60.477142333984375,0.33530399203300476,0.33530399203300476,0.32531651854515076,0.32531651854515076,0.33530399203300476,0.32531651854515076,0.33530399203300476,0.32531651854515076,0.31230399012565613,0.3023165166378021,0.02,0.361523328,0.0,0.34085965156555176,0.9999997615814209,0.01710386946797371,0.2992616295814514,0.03585222736001015,0.26868361234664917,0.32870975136756897,0.33054059743881226,0.34085962176322937,0.34085962176322937,0.32092371582984924,0.2372671216726303,0.00926119089126587,0.011276809912588861,12614.06640625,536,nan,-1.0,True,,False,0.22187890112400055,0.0,0.22187890112400055,15.0,15.0,1.0,0.0,0.0,0.0,0.0,0.0
537,12614.7587890625,173.5535125732422,0.004280167631804943,0.6904130578041077,60.46929168701172,60.46929168701172,60.46929168701172,0.3359805941581726,0.3359805941581726,0.3260013461112976,0.3260013461112976,0.3359805941581726,0.3260013461112976,0.3359805941581726,0.3260013461112976,0.312980592250824,0.303001344203949,0.02,0.3611503265,0.0,0.34154126048088074,0.9999997615814209,0.017124736681580544,0.30295485258102417,0.0359262116253376,0.2686835527420044,0.32934698462486267,0.3311775326728821,0.34154126048088074,0.34154126048088074,0.3215065896511078,0.23731419444084167,0.009345769882202148,0.01502185112298725,12614.06640625,536,nan,-1.0,True,,False,0.22194798290729523,0.0,0.22194798290729523,15.0,15.0,1.0,0.0,0.0,0.0,0.0,0.0
538,12613.265625,175.31382751464844,0.002972572110593319,0.6895144581794739,60.45853805541992,60.45853805541992,60.45853805541992,0.3373678922653198,0.3373678922653198,0.32753410935401917,0.32753410935401917,0.3373678922653198,0.32753410935401917,0.3373678922653198,0.32753410935401917,0.3143678903579712,0.30453410744667053,0.02,0.360777436,0.0,0.34303465485572815,0.9999997615814209,0.017127644270658493,0.2981882393360138,0.03610813617706299,0.26868361234664917,0.3307627737522125,0.33258751034736633,0.34303465485572815,0.34303465485572815,0.3227299153804779,0.23736236989498138,0.009454786777496338,0.012204407851742063,12613.265625,538,nan,-1.0,True,,False,0.22256386280059814,0.0,0.22256386280059814,15.0,15.0,1.0,0.0,0.0,0.0,0.0,0.0
539,12612.4609375,177.02197265625,0.0017344473162665963,0.6889079213142395,60.450592041015625,60.450592041015625,60.450592041015625,0.33873650431632996,0.33873650431632996,0.3290140926837921,0.3290140926837921,0.33873650431632996,0.3290140926837921,0.33873650431632996,0.3290140926837921,0.3157365024089813,0.3060140907764435,0.02,0.3604046595,0.0,0.3444957137107849,0.9999997615814209,0.01712484285235405,0.3005310893058777,0.036212701350450516,0.2686835527420044,0.33219391107559204,0.33401086926460266,0.3444957137107849,0.3444957137107849,0.3238879442214966,0.23741011321544647,0.009583532810211182,0.01258787845047967,12612.4609375,539,nan,-1.0,True,,False,0.22318191826343536,0.0,0.22318191826343536,15.0,15.0,1.0,0.0,0.0,0.0,0.0,0.0
540,12613.7607421875,178.7760772705078,0.0007165995775721967,0.6911395192146301,60.445281982421875,60.445281982421875,60.445281982421875,0.3401416838169098,0.3401416838169098,0.3305265009403229,0.3305265009403229,0.3401416838169098,0.3305265009403229,0.3401416838169098,0.3305265009403229,0.31714168190956116,0.30752649903297424,0.02,0.360032,0.0,0.3459925651550293,0.9999997615814209,0.01710423454642296,0.29494738578796387,0.036326952278614044,0.2686835527420044,0.33366677165031433,0.3354704678058624,0.3459925651550293,0.3459925651550293,0.3252250552177429,0.23745760321617126,0.009732306003570557,0.022031441993830312,12612.4609375,539,nan,-1.0,True,,False,0.2237970381975174,0.0,0.2237970381975174,15.0,15.0,1.0,0.0,0.0,0.0,0.0,0.0
541,12612.2529296875,180.60165405273438,0.0001148722367361188,0.6863887906074524,60.44199752807617,60.44199752807617,60.44199752807617,0.34160488843917847,0.34160488843917847,0.33209267258644104,0.33209267258644104,0.34160488843917847,0.33209267258644104,0.34160488843917847,0.33209267258644104,0.31860488653182983,0.3090926706790924,0.02,0.3596594605,0.0,0.3475407063961029,0.9999997615814209,0.017086463049054146,0.29617196321487427,0.03642277419567108,0.2686835527420044,0.33518916368484497,0.33698415756225586,0.3475407063961029,0.3475407063961029,0.32664358615875244,0.23750290274620056,0.009892821311950684,0.01681910961310172,12612.2529296875,541,nan,-1.0,True,,False,0.22441694140434265,0.0,0.22441694140434265,15.0,15.0,1.0,0.0,0.0,0.0,0.0,0.0
542,12615.634765625,182.384765625,0.0,0.6906454563140869,60.439640045166016,60.439640045166016,60.439640045166016,0.3430493175983429,0.3430493175983429,0.3336147964000702,0.3336147964000702,0.3430493175983429,0.3336147964000702,0.3430493175983429,0.3336147964000702,0.32004931569099426,0.31061479449272156,0.02,0.359287044,0.0,0.34906360507011414,0.9999997615814209,0.017080672085285187,0.3014245629310608,0.036433540284633636,0.2686835527420044,0.3367191553115845,0.3385035991668701,0.34906360507011414,0.34906360507011414,0.3280073404312134,0.23755159974098206,0.010067760944366455,0.030765195794325944,12612.2529296875,541,nan,-1.0,True,,False,0.22503428161144257,0.0,0.22503428161144257,15.0,15.0,1.0,0.0,0.0,0.0,0.0,0.0
543,12618.0693359375,184.22288513183594,0.0,0.6927322745323181,60.43740463256836,60.43740463256836,60.43740463256836,0.34449028968811035,0.34449028968811035,0.3351760804653168,0.3351760804653168,0.34449028968811035,0.3351760804653168,0.34449028968811035,0.3351760804653168,0.3214902877807617,0.31217607855796814,0.02,0.3589147535,0.0,0.3505742847919464,0.9999997615814209,0.01709144376218319,0.30341053009033203,0.03657146543264389,0.26868361234664917,0.33823493123054504,0.34001070261001587,0.3505743443965912,0.3505743443965912,0.32934436202049255,0.2376030683517456,0.010253489017486572,0.027061683080521308,12612.2529296875,541,nan,-1.0,True,,False,0.22564132511615753,0.0,0.22564132511615753,15.0,15.0,1.0,0.0,0.0,0.0,1.0,0.0
544,12619.42578125,186.09971618652344,0.0,0.6930761933326721,60.43394088745117,60.43394088745117,60.43394088745117,0.34593522548675537,0.34593522548675537,0.3367622494697571,0.3367622494697571,0.34593522548675537,0.3367622494697571,0.34593522548675537,0.3367622494697571,0.32293522357940674,0.31376224756240845,0.02,0.358542592,0.0,0.352082759141922,0.9999998807907104,0.01708223670721054,0.31096747517585754,0.03670923039317131,0.268683522939682,0.33974596858024597,0.34150904417037964,0.352082759141922,0.352082759141922,0.33077746629714966,0.2376548796892166,0.010448634624481201,0.013607138379787406,12612.2529296875,541,nan,-1.0,True,,False,0.22624027729034424,0.0,0.22624027729034424,15.0,15.0,1.0,0.0,0.0,0.0,1.0,0.0
545,12619.962890625,187.88970947265625,0.0,0.6926041841506958,60.428855895996094,60.428855895996094,60.428855895996094,0.34731701016426086,0.34731701016426086,0.33826759457588196,0.33826759457588196,0.34731701016426086,0.33826759457588196,0.34731701016426086,0.33826759457588196,0.32431700825691223,0.3152675926685333,0.02,0.3581705625,0.0,0.3535224497318268,0.9999998807907104,0.01708894409239292,0.3104773461818695,0.0368335023522377,0.2686835825443268,0.3412324786186218,0.342983216047287,0.3535224497318268,0.3535224497318268,0.33210575580596924,0.23770536482334137,0.01064300537109375,0.015483387315826904,12612.2529296875,541,nan,-1.0,True,,False,0.22683486342430115,0.0,0.22683486342430115,15.0,15.0,1.0,0.0,0.0,0.0,1.0,0.0
546,12621.1005859375,189.61656188964844,0.0,0.6940127611160278,60.422386169433594,60.422386169433594,60.422386169433594,0.34868019819259644,0.34868019819259644,0.33971306681632996,0.33971306681632996,0.34868019819259644,0.33971306681632996,0.34868019819259644,0.33971306681632996,0.3256801962852478,0.3167130649089813,0.02,0.357798668,0.0,0.35493817925453186,0.9999998807907104,0.017066795378923416,0.3096511662006378,0.0369022861123085,0.26868361234664917,0.3427044749259949,0.34444373846054077,0.35493817925453186,0.35493817925453186,0.33344653248786926,0.23775139451026917,0.010841965675354004,0.021787562996097323,12612.2529296875,541,nan,-1.0,True,,False,0.22742286324501038,0.0,0.22742286324501038,15.0,15.0,1.0,0.0,0.0,0.0,1.0,0.0
547,12622.013671875,191.25881958007812,0.0,0.6953823566436768,60.41531753540039,60.41531753540039,60.41531753540039,0.35000792145729065,0.35000792145729065,0.3410816192626953,0.3410816192626953,0.35000792145729065,0.3410816192626953,0.35000792145729065,0.3410816192626953,0.327007919549942,0.3180816173553467,0.02,0.35742691149999994,0.0,0.3563133776187897,0.9999998807907104,0.01705832965672016,0.3010519742965698,0.03689241036772728,0.26868361234664917,0.34412911534309387,0.34585660696029663,0.3563133776187897,0.3563133776187897,0.3347580134868622,0.2377958595752716,0.011044144630432129,0.015887589417009924,12612.2529296875,541,nan,-1.0,True,,False,0.2280007153749466,0.0,0.2280007153749466,15.0,15.0,1.0,0.0,0.0,0.0,1.0,0.0
548,12620.966796875,191.75457763671875,0.0,0.6938251852989197,60.4114990234375,60.4114990234375,60.4114990234375,0.35048359632492065,0.35048359632492065,0.3414936065673828,0.3414936065673828,0.35048359632492065,0.3414936065673828,0.35048359632492065,0.3414936065673828,0.327483594417572,0.3184936046600342,0.02,0.35705529599999997,0.0,0.35676348209381104,0.9999998807907104,0.017076434567570686,0.2997434139251709,0.0368882417678833,0.2686835825443268,0.3445117473602295,0.3462446928024292,0.35676348209381104,0.35676348209381104,0.3353256583213806,0.23783992230892181,0.011248409748077393,0.027354830539681844,12612.2529296875,541,nan,-1.0,True,,False,0.2278064340353012,0.0,0.2278064340353012,15.0,15.0,1.0,0.0,0.0,0.0,1.0,0.0
549,12623.91015625,192.1531524658203,0.0,0.7001186013221741,60.408485412597656,60.408485412597656,60.408485412597656,0.3508314788341522,0.3508314788341522,0.3418244421482086,0.3418244421482086,0.3508314788341522,0.3418244421482086,0.3508314788341522,0.3418244421482086,0.3278314769268036,0.31882444024086,0.02,0.3566838245,0.0,0.3570788502693176,0.9999998807907104,0.01713992841541767,0.29310694336891174,0.03705693036317825,0.2686835825443268,0.34475263953208923,0.3464915156364441,0.3570788502693176,0.3570788502693176,0.33580446243286133,0.2378830760717392,0.01146167516708374,0.034567395728016787,12612.2529296875,541,nan,-1.0,True,,False,0.22754251956939697,0.0,0.22754251956939697,15.0,15.0,1.0,0.0,0.0,0.0,1.0,0.0
550,12623.9921875,192.42091369628906,0.0,0.700471043586731,60.406681060791016,60.406681060791016,60.406681060791016,0.3510768413543701,0.3510768413543701,0.34204649925231934,0.34204649925231934,0.3510768413543701,0.34204649925231934,0.3510768413543701,0.34204649925231934,0.3280768394470215,0.3190464973449707,0.02,0.3563125,0.0,0.357293039560318,0.9999998807907104,0.017188237980008125,0.302567720413208,0.037123341113328934,0.26868361234664917,0.3448997139930725,0.34664401412010193,0.357293039560318,0.357293039560318,0.3361895978450775,0.23792803287506104,0.011683404445648193,0.0321250772281524,12612.2529296875,541,nan,-1.0,True,,False,0.22728465497493744,0.0,0.22728465497493744,15.0,15.0,1.0,0.0,0.0,0.0,1.0,0.0
551,12623.6728515625,192.58091735839844,0.0,0.6996104121208191,60.406436920166016,60.406436920166016,60.406436920166016,0.351235032081604,0.351235032081604,0.3421791195869446,0.3421791195869446,0.351235032081604,0.3421791195869446,0.351235032081604,0.3421791195869446,0.32823503017425537,0.31917911767959595,0.02,0.3559413255,0.0,0.35741913318634033,0.9999998807907104,0.017259914427995682,0.2887156009674072,0.03725558891892433,0.26868361234664917,0.34497618675231934,0.3467249870300293,0.35741913318634033,0.35741913318634033,0.33640486001968384,0.2379714399576187,0.011900186538696289,0.030927022602150425,12612.2529296875,541,nan,-1.0,True,,False,0.2270222157239914,0.0,0.2270222157239914,15.0,15.0,1.0,0.0,0.0,0.0,1.0,0.0
552,12626.033203125,192.04124450683594,0.0,0.704285740852356,60.409244537353516,60.409244537353516,60.409244537353516,0.35090920329093933,0.35090920329093933,0.34173157811164856,0.34173157811164856,0.35090920329093933,0.34173157811164856,0.35090920329093933,0.34173157811164856,0.3279092013835907,0.3187315762042999,0.02,0.355570304,0.0,0.3570241332054138,0.9999998807907104,0.017313934862613678,0.30296453833580017,0.037328362464904785,0.2686835825443268,0.3445073068141937,0.3462667167186737,0.35702410340309143,0.35702410340309143,0.33617067337036133,0.2380123734474182,0.012096285820007324,0.03322196317862512,12612.2529296875,541,nan,-1.0,True,,False,0.2264176905155182,0.0,0.2264176905155182,15.0,15.0,1.0,0.0,0.0,0.0,1.0,0.0
553,12625.908203125,190.65469360351562,0.0,0.7041231989860535,60.41596221923828,60.41596221923828,60.41596221923828,0.35002222657203674,0.35002222657203674,0.3405788540840149,0.3405788540840149,0.35002222657203674,0.3405788540840149,0.35002222657203674,0.3405788540840149,0.3270222246646881,0.31757885217666626,0.02,0.3551994385,0.0,0.3560222089290619,0.9999998807907104,0.01738753542304039,0.2868027091026306,0.03727612644433975,0.2686835825443268,0.3434722423553467,0.3452490568161011,0.3560222089290619,0.3560222089290619,0.3354899287223816,0.23804788291454315,0.012274026870727539,0.03379079737998028,12612.2529296875,541,nan,-1.0,True,,False,0.22546841204166412,0.0,0.22546841204166412,15.0,15.0,1.0,0.0,0.0,0.0,1.0,0.0
554,12627.634765625,190.13819885253906,0.0,0.7069025039672852,60.42022705078125,60.42022705078125,60.42022705078125,0.3497612774372101,0.3497612774372101,0.340148389339447,0.340148389339447,0.3497612774372101,0.340148389339447,0.3497612774372101,0.340148389339447,0.32676127552986145,0.3171483874320984,0.02,0.354828732,0.0,0.3557238280773163,0.9999998807907104,0.017365282401442528,0.28985029458999634,0.037087332457304,0.2686835527420044,0.3432483673095703,0.34503039717674255,0.3557238280773163,0.3557238280773163,0.3351728618144989,0.23807980120182037,0.01242828369140625,0.015107786153546639,12612.2529296875,541,nan,-1.0,True,,False,0.2251836359500885,0.0,0.2251836359500885,15.0,15.0,1.0,0.0,0.0,0.0,1.0,0.0
555,12629.603515625,190.5668487548828,0.0,0.7096808552742004,60.420982360839844,60.420982360839844,60.420982360839844,0.35011500120162964,0.35011500120162964,0.3405056893825531,0.3405056893825531,0.35011500120162964,0.3405056893825531,0.35011500120162964,0.3405056893825531,0.327114999294281,0.31750568747520447,0.02,0.3544581875,0.0,0.3561159670352936,0.9999998807907104,0.017305888235569,0.3022872507572174,0.036981869488954544,0.2686835527420044,0.34374383091926575,0.345520555973053,0.3561159670352936,0.3561159670352936,0.3354598581790924,0.23811224102973938,0.012565433979034424,0.013704449585121539,12612.2529296875,541,nan,-1.0,True,,False,0.22548240423202515,0.0,0.22548240423202515,15.0,15.0,1.0,0.0,0.0,0.0,1.0,0.0
556,12632.62890625,191.00393676757812,0.0,0.7146515250205994,60.42149353027344,60.42149353027344,60.42149353027344,0.3503856658935547,0.3503856658935547,0.34086960554122925,0.34086960554122925,0.3503856658935547,0.34086960554122925,0.3503856658935547,0.34086960554122925,0.32738566398620605,0.3178696036338806,0.02,0.35408780799999995,0.0,0.3564160466194153,0.9999997615814209,0.01731448993086815,0.28744128346443176,0.03707338124513626,0.26868361234664917,0.3440850079059601,0.34585845470428467,0.3564160466194153,0.3564160466194153,0.33559295535087585,0.2381446361541748,0.012690246105194092,0.015113040407110626,12612.2529296875,541,nan,-1.0,True,,False,0.22571952641010284,0.0,0.22571952641010284,15.0,15.0,1.0,0.0,0.0,0.0,1.0,0.0
557,12633.6689453125,190.73133850097656,0.0,0.716022789478302,60.42462921142578,60.42462921142578,60.42462921142578,0.35013407468795776,0.35013407468795776,0.34064269065856934,0.34064269065856934,0.35013407468795776,0.34064269065856934,0.35013407468795776,0.34064269065856934,0.32713407278060913,0.3176426887512207,0.02,0.3537175965,0.0,0.3561331629753113,0.9999997615814209,0.017297664657235146,0.28930675983428955,0.03708072751760483,0.26868361234664917,0.3437717854976654,0.3455501198768616,0.3561331629753113,0.3561331629753113,0.33515098690986633,0.23818065226078033,0.012800097465515137,0.032917648460069254,12612.2529296875,541,nan,-1.0,True,,False,0.2254689484834671,0.0,0.2254689484834671,15.0,15.0,1.0,0.0,0.0,0.0,1.0,0.0
558,12635.9560546875,190.7444305419922,0.0,0.7195690870285034,60.4271354675293,60.4271354675293,60.4271354675293,0.35008227825164795,0.35008227825164795,0.34065359830856323,0.34065359830856323,0.35008227825164795,0.34065359830856323,0.35008227825164795,0.34065359830856323,0.3270822763442993,0.3176535964012146,0.02,0.353347556,0.0,0.35606974363327026,0.9999997615814209,0.017287664115428925,0.2867771089076996,0.03715131804347038,0.2686835527420044,0.3436938524246216,0.34547367691993713,0.35606974363327026,0.35606974363327026,0.3347642719745636,0.23821550607681274,0.012888491153717041,0.013892138955674859,12612.2529296875,541,nan,-1.0,True,,False,0.22538445889949799,0.0,0.22538445889949799,15.0,15.0,1.0,0.0,0.0,0.0,1.0,0.0
559,12638.013671875,191.13807678222656,0.0,0.722675621509552,60.42769241333008,60.42769241333008,60.42769241333008,0.35035935044288635,0.35035935044288635,0.34098121523857117,0.34098121523857117,0.35035935044288635,0.34098121523857117,0.35035935044288635,0.34098121523857117,0.3273593485355377,0.31798121333122253,0.02,0.35297768949999997,0.0,0.3563782870769501,0.9999998807907104,0.01727239415049553,0.28764212131500244,0.03709420934319496,0.2686835527420044,0.34402409195899963,0.3457987904548645,0.3563782870769501,0.3563782870769501,0.3343579173088074,0.23824939131736755,0.012963294982910156,0.03630929182691034,12612.2529296875,541,nan,-1.0,True,,False,0.22563476860523224,0.0,0.22563476860523224,15.0,15.0,1.0,0.0,0.0,0.0,1.0,0.0
560,12637.33984375,191.53086853027344,0.0,0.7206256985664368,60.4274787902832,60.4274787902832,60.4274787902832,0.3506454527378082,0.3506454527378082,0.34130775928497314,0.34130775928497314,0.3506454527378082,0.34130775928497314,0.3506454527378082,0.34130775928497314,0.3276454508304596,0.3183077573776245,0.02,0.352608,0.0,0.3566947877407074,0.9999998807907104,0.01723892241716385,0.288558691740036,0.03701397031545639,0.2686835527420044,0.3443734347820282,0.3461429178714752,0.3566947877407074,0.3566947877407074,0.3337809145450592,0.23828013241291046,0.013015389442443848,0.015508141860158907,12612.2529296875,541,nan,-1.0,True,,False,0.22588254511356354,0.0,0.22588254511356354,15.0,15.0,1.0,0.0,0.0,0.0,1.0,0.0
561,12641.1572265625,191.97573852539062,0.0,0.7277191281318665,60.426612854003906,60.426612854003906,60.426612854003906,0.350962370634079,0.350962370634079,0.3416772186756134,0.3416772186756134,0.350962370634079,0.3416772186756134,0.350962370634079,0.3416772186756134,0.32796236872673035,0.31867721676826477,0.02,0.3522384905,0.0,0.3570404648780823,0.9999998807907104,0.01720682717859745,0.2857024073600769,0.0369601771235466,0.26868361234664917,0.3447287380695343,0.3464932143688202,0.3570404648780823,0.3570404648780823,0.3329935073852539,0.23830999433994293,0.013054251670837402,0.028686592090202287,12612.2529296875,541,nan,-1.0,True,,False,0.22612802684307098,0.0,0.22612802684307098,15.0,15.0,1.0,0.0,0.0,0.0,1.0,0.0
562,12642.271484375,192.4112091064453,0.0,0.7295275330543518,60.42548370361328,60.42548370361328,60.42548370361328,0.3512442708015442,0.3512442708015442,0.34203845262527466,0.34203845262527466,0.3512442708015442,0.34203845262527466,0.3512442708015442,0.34203845262527466,0.32824426889419556,0.319038450717926,0.02,0.351869164,0.0,0.3573504388332367,0.9999998807907104,0.01718219555914402,0.2861848473548889,0.03698548674583435,0.2686835527420044,0.3450615108013153,0.3468210697174072,0.3573504388332367,0.3573504388332367,0.3319999575614929,0.2383427619934082,0.013088345527648926,0.019448238192126155,12612.2529296875,541,nan,-1.0,True,,False,0.2263713777065277,0.0,0.2263713777065277,15.0,15.0,1.0,0.0,0.0,0.0,1.0,0.0
563,12644.7470703125,192.82644653320312,0.0,0.734150230884552,60.42422866821289,60.42422866821289,60.42422866821289,0.3515152633190155,0.3515152633190155,0.3423825204372406,0.3423825204372406,0.3515152633190155,0.3423825204372406,0.3515152633190155,0.3423825204372406,0.32851526141166687,0.31938251852989197,0.02,0.3515000235,0.0,0.35764873027801514,0.9999998807907104,0.01714898832142353,0.2963781952857971,0.03695745766162872,0.2686835527420044,0.34538742899894714,0.3471432626247406,0.35764873027801514,0.35764873027801514,0.33083903789520264,0.23837512731552124,0.013109803199768066,0.03626130700609388,12612.2529296875,541,nan,-1.0,True,,False,0.2266101986169815,0.0,0.2266101986169815,15.0,15.0,1.0,0.0,0.0,0.0,1.0,0.0
564,12648.8515625,193.03915405273438,0.0,0.7424103021621704,60.42303466796875,60.42303466796875,60.42303466796875,0.35166260600090027,0.35166260600090027,0.3425586223602295,0.3425586223602295,0.35166260600090027,0.3425586223602295,0.35166260600090027,0.3425586223602295,0.32866260409355164,0.31955862045288086,0.02,0.35113107200000004,0.0,0.35780924558639526,0.9999998807907104,0.017146745696663857,0.29350537061691284,0.03692551329731941,0.2686835527420044,0.3455439805984497,0.3472980558872223,0.35780924558639526,0.35780924558639526,0.32942941784858704,0.23840895295143127,0.013131499290466309,0.01909129536620134,12612.2529296875,541,nan,-1.0,True,,False,0.22673934698104858,0.0,0.22673934698104858,15.0,15.0,1.0,0.0,0.0,0.0,1.0,0.0
565,12648.392578125,193.05311584472656,0.0,0.7419825792312622,60.42174530029297,60.42174530029297,60.42174530029297,0.35168635845184326,0.35168635845184326,0.3425701856613159,0.3425701856613159,0.35168635845184326,0.3425701856613159,0.35168635845184326,0.3425701856613159,0.32868635654449463,0.3195701837539673,0.02,0.3507623125,0.0,0.35783013701438904,0.9999998807907104,0.017097530886530876,0.2956933379173279,0.0368017740547657,0.26868361234664917,0.3455558121204376,0.3473106324672699,0.35783013701438904,0.35783013701438904,0.3281489610671997,0.23847661912441254,0.013138890266418457,0.02300239896026647,12612.2529296875,541,nan,-1.0,True,,False,0.22670815885066986,0.0,0.22670815885066986,15.0,15.0,1.0,0.0,0.0,0.0,1.0,0.0
566,12649.990234375,193.4542999267578,0.0,0.7456067204475403,60.418663024902344,60.418663024902344,60.418663024902344,0.3519630432128906,0.3519630432128906,0.3429020643234253,0.3429020643234253,0.3519630432128906,0.3429020643234253,0.3519630432128906,0.3429020643234253,0.328963041305542,0.31990206241607666,0.02,0.350393748,0.0,0.3581322431564331,0.9999998807907104,0.017080191522836685,0.3033410310745239,0.03682386130094528,0.26868361234664917,0.34590286016464233,0.3476535677909851,0.3581322431564331,0.3581322431564331,0.3271062970161438,0.23855358362197876,0.01313471794128418,0.02862466550626171,12612.2529296875,541,nan,-1.0,True,,False,0.22694510221481323,0.0,0.22694510221481323,15.0,15.0,1.0,0.0,0.0,0.0,1.0,0.0
567,12650.732421875,193.87835693359375,0.0,0.7477445602416992,60.41490936279297,60.41490936279297,60.41490936279297,0.3522917926311493,0.3522917926311493,0.3432524800300598,0.3432524800300598,0.3522917926311493,0.3432524800300598,0.3522917926311493,0.3432524800300598,0.32929179072380066,0.3202524781227112,0.02,0.3500253815,0.0,0.35848361253738403,0.9999998807907104,0.01705559715628624,0.30686119198799133,0.036757662892341614,0.2686835825443268,0.34625327587127686,0.3479989171028137,0.35848361253738403,0.35848361253738403,0.3262922465801239,0.23863324522972107,0.013125300407409668,0.01781949224661932,12612.2529296875,541,nan,-1.0,True,,False,0.22718128561973572,0.0,0.22718128561973572,15.0,15.0,1.0,0.0,0.0,0.0,1.0,0.0
568,12650.3916015625,194.2152862548828,0.0,0.7478222846984863,60.41132736206055,60.41132736206055,60.41132736206055,0.35251080989837646,0.35251080989837646,0.3435306251049042,0.3435306251049042,0.35251080989837646,0.3435306251049042,0.35251080989837646,0.3435306251049042,0.32951080799102783,0.32053062319755554,0.02,0.349657216,0.0,0.35872095823287964,0.9999998807907104,0.017049508169293404,0.31011611223220825,0.03670910745859146,0.2686835527420044,0.34651273488998413,0.3482535481452942,0.35872095823287964,0.35872095823287964,0.3254729211330414,0.23870621621608734,0.013098061084747314,0.01396039484340387,12612.2529296875,541,nan,-1.0,True,,False,0.22736887633800507,0.0,0.22736887633800507,15.0,15.0,1.0,0.0,0.0,0.0,1.0,0.0
569,12651.5390625,194.53952026367188,0.0,0.7506864070892334,60.40827941894531,60.40827941894531,60.40827941894531,0.35274192690849304,0.35274192690849304,0.34379807114601135,0.34379807114601135,0.35274192690849304,0.34379807114601135,0.35274192690849304,0.34379807114601135,0.3297419250011444,0.3207980692386627,0.02,0.34928925450000003,0.0,0.35896652936935425,0.9999998807907104,0.017021995037794113,0.31579411029815674,0.03670309856534004,0.26868361234664917,0.34676116704940796,0.3484996259212494,0.35896652936935425,0.35896652936935425,0.3248455822467804,0.2387727051973343,0.013057112693786621,0.033596660686372265,12612.2529296875,541,nan,-1.0,True,,False,0.22752301394939423,0.0,0.22752301394939423,15.0,15.0,1.0,0.0,0.0,0.0,1.0,0.0
570,12652.001953125,194.85377502441406,0.0,0.7520173192024231,60.405696868896484,60.405696868896484,60.405696868896484,0.3530006408691406,0.3530006408691406,0.3440570831298828,0.3440570831298828,0.3530006408691406,0.3440570831298828,0.3530006408691406,0.3440570831298828,0.330000638961792,0.3210570812225342,0.02,0.3489215,0.0,0.3592471480369568,0.9999998807907104,0.016966555267572403,0.31584057211875916,0.036591578274965286,0.26868361234664917,0.34708327054977417,0.34881579875946045,0.3592471480369568,0.3592471480369568,0.32440710067749023,0.2388525903224945,0.013014793395996094,0.029658099397137348,12612.2529296875,541,nan,-1.0,True,,False,0.22774848341941833,0.0,0.22774848341941833,15.0,15.0,1.0,0.0,0.0,0.0,1.0,0.0
571,12652.8955078125,194.8068084716797,0.0,0.7539383172988892,60.40559768676758,60.40559768676758,60.40559768676758,0.35295113921165466,0.35295113921165466,0.3440183997154236,0.3440183997154236,0.35295113921165466,0.3440183997154236,0.35295113921165466,0.3440183997154236,0.32995113730430603,0.32101839780807495,0.02,0.3485539555,0.0,0.35919007658958435,0.9999997615814209,0.01698281429708004,0.3287135362625122,0.036586541682481766,0.2686835825443268,0.34699511528015137,0.3487296402454376,0.35919007658958435,0.35919007658958435,0.32391512393951416,0.23898501694202423,0.012965083122253418,0.032531202932457544,12612.2529296875,541,nan,-1.0,True,,False,0.2276528924703598,0.0,0.2276528924703598,15.0,15.0,1.0,0.0,0.0,0.0,1.0,0.0
572,12653.92578125,194.2909393310547,0.0,0.7560470700263977,60.40805435180664,60.40805435180664,60.40805435180664,0.3525514602661133,0.3525514602661133,0.3435930609703064,0.3435930609703064,0.3525514602661133,0.3435930609703064,0.3525514602661133,0.3435930609703064,0.32955145835876465,0.32059305906295776,0.02,0.348186624,0.0,0.35874858498573303,0.9999998807907104,0.017033159732818604,0.3241879343986511,0.03664178401231766,0.2686835825443268,0.3464939594268799,0.3482377827167511,0.35874858498573303,0.35874858498573303,0.3232423663139343,0.23911304771900177,0.012910842895507812,0.03459358626342793,12612.2529296875,541,nan,-1.0,True,,False,0.22722633183002472,0.0,0.22722633183002472,15.0,15.0,1.0,0.0,0.0,0.0,1.0,0.0
573,12655.3720703125,193.7882537841797,0.0,0.7585962414741516,60.41143035888672,60.41143035888672,60.41143035888672,0.3521920144557953,0.3521920144557953,0.34317806363105774,0.34317806363105774,0.3521920144557953,0.34317806363105774,0.3521920144557953,0.34317806363105774,0.32919201254844666,0.3201780617237091,0.02,0.3478195085,0.0,0.35834482312202454,0.9999997615814209,0.017059503123164177,0.3207472860813141,0.03663967549800873,0.2686835825443268,0.3460208773612976,0.34777143597602844,0.35834482312202454,0.35834482312202454,0.32273828983306885,0.23923693597316742,0.012856841087341309,0.027342507816178516,12612.2529296875,541,nan,-1.0,True,,False,0.22680410742759705,0.0,0.22680410742759705,15.0,15.0,1.0,0.0,0.0,0.0,1.0,0.0
574,12656.728515625,193.1776123046875,0.0,0.7607143521308899,60.41596603393555,60.41596603393555,60.41596603393555,0.3517991602420807,0.3517991602420807,0.3426732122898102,0.3426732122898102,0.3517991602420807,0.3426732122898102,0.3517991602420807,0.3426732122898102,0.32879915833473206,0.31967321038246155,0.02,0.347452612,0.0,0.35790523886680603,0.9999998807907104,0.01707240380346775,0.3192322850227356,0.036588773131370544,0.2686835527420044,0.3455507159233093,0.3473106324672699,0.35790523886680603,0.35790523886680603,0.3223092555999756,0.23936064541339874,0.012795627117156982,0.02789604269977038,12612.2529296875,541,nan,-1.0,True,,False,0.22639505565166473,0.0,0.22639505565166473,15.0,15.0,1.0,0.0,0.0,0.0,1.0,0.0
575,12657.693359375,192.7100830078125,0.0,0.7617009282112122,60.42066192626953,60.42066192626953,60.42066192626953,0.3515315353870392,0.3515315353870392,0.3422861397266388,0.3422861397266388,0.3515315353870392,0.3422861397266388,0.3515315353870392,0.3422861397266388,0.32853153347969055,0.31928613781929016,0.02,0.34708593750000005,0.0,0.35759153962135315,0.9999998807907104,0.017056254670023918,0.3238072693347931,0.03643123432993889,0.26868361234664917,0.34518158435821533,0.34694987535476685,0.35759153962135315,0.35759153962135315,0.3220039904117584,0.2394833266735077,0.01271909475326538,0.025666873148616612,12612.2529296875,541,nan,-1.0,True,,False,0.22599473595619202,0.0,0.22599473595619202,15.0,15.0,1.0,0.0,0.0,0.0,1.0,0.0
576,12658.8603515625,192.1444091796875,0.0,0.762983500957489,60.42612075805664,60.42612075805664,60.42612075805664,0.3510948121547699,0.3510948121547699,0.341817170381546,0.341817170381546,0.3510948121547699,0.341817170381546,0.3510948121547699,0.341817170381546,0.32809481024742126,0.3188171684741974,0.02,0.346719488,0.0,0.3571051061153412,0.9999997615814209,0.017077116295695305,0.3119279742240906,0.03649686649441719,0.26868361234664917,0.3446876108646393,0.34646233916282654,0.3571051061153412,0.3571051061153412,0.3216235041618347,0.23959465324878693,0.012631833553314209,0.02495730883998072,12612.2529296875,541,nan,-1.0,True,,False,0.22558969259262085,0.0,0.22558969259262085,15.0,15.0,1.0,0.0,0.0,0.0,1.0,0.0
577,12659.07421875,191.84234619140625,0.0,0.7620720267295837,60.43098068237305,60.43098068237305,60.43098068237305,0.35084885358810425,0.35084885358810425,0.3415664732456207,0.3415664732456207,0.35084885358810425,0.3415664732456207,0.35084885358810425,0.3415664732456207,0.3278488516807556,0.3185664713382721,0.02,0.3463532665,0.0,0.35680657625198364,0.9999997615814209,0.017105579376220703,0.3008093237876892,0.03657913953065872,0.26868361234664917,0.34431344270706177,0.3460944592952728,0.35680657625198364,0.35680657625198364,0.3215061128139496,0.2396882176399231,0.012531757354736328,0.029015776633362595,12612.2529296875,541,nan,-1.0,True,,False,0.22519321739673615,0.0,0.22519321739673615,15.0,15.0,1.0,0.0,0.0,0.0,1.0,0.0
578,12659.1640625,191.5960235595703,0.0,0.7606793642044067,60.43614196777344,60.43614196777344,60.43614196777344,0.3506337106227875,0.3506337106227875,0.3413619101047516,0.3413619101047516,0.3506337106227875,0.3413619101047516,0.3506337106227875,0.3413619101047516,0.32763370871543884,0.31836190819740295,0.02,0.345987276,0.0,0.35653695464134216,0.9999997615814209,0.017170313745737076,0.2917909026145935,0.03671211004257202,0.2686835527420044,0.34397637844085693,0.3457641005516052,0.35653695464134216,0.35653695464134216,0.32134902477264404,0.23977923393249512,0.012415945529937744,0.028254049830138683,12612.2529296875,541,nan,-1.0,True,,False,0.2248036414384842,0.0,0.2248036414384842,15.0,15.0,1.0,0.0,0.0,0.0,1.0,0.0
579,12659.8828125,191.37355041503906,0.0,0.7606263756752014,60.440982818603516,60.440982818603516,60.440982818603516,0.3504486083984375,0.3504486083984375,0.3411770164966583,0.3411770164966583,0.3504486083984375,0.3411770164966583,0.3504486083984375,0.3411770164966583,0.32744860649108887,0.3181770145893097,0.02,0.3456215195,0.0,0.35629376769065857,0.9999997615814209,0.017220893874764442,0.29653212428092957,0.036828119307756424,0.2686835527420044,0.34364333748817444,0.3454374372959137,0.35629376769065857,0.35629376769065857,0.32136112451553345,0.23986470699310303,0.012289881706237793,0.03416942244803067,12612.2529296875,541,nan,-1.0,True,,False,0.2244090437889099,0.0,0.2244090437889099,15.0,15.0,1.0,0.0,0.0,0.0,1.0,0.0
580,12661.197265625,191.0496826171875,0.0,0.7619385123252869,60.445892333984375,60.445892333984375,60.445892333984375,0.3502388000488281,0.3502388000488281,0.34090766310691833,0.34090766310691833,0.3502388000488281,0.34090766310691833,0.3502388000488281,0.34090766310691833,0.3272387981414795,0.3179076611995697,0.02,0.345256,0.0,0.3560253381729126,0.9999997615814209,0.017251908779144287,0.29237353801727295,0.03679395839571953,0.2686835527420044,0.34333792328834534,0.3451388478279114,0.3560253381729126,0.3560253381729126,0.3214123845100403,0.23995257914066315,0.012157976627349854,0.036089192817194596,12612.2529296875,541,nan,-1.0,True,,False,0.22402818500995636,0.0,0.22402818500995636,15.0,15.0,1.0,0.0,0.0,0.0,1.0,0.0
581,12661.9697265625,190.7495880126953,0.0,0.7623392939567566,60.45025634765625,60.45025634765625,60.45025634765625,0.3500635623931885,0.3500635623931885,0.34065788984298706,0.34065788984298706,0.3500635623931885,0.34065788984298706,0.3500635623931885,0.34065788984298706,0.32706356048583984,0.3176578879356384,0.02,0.3448907205,0.0,0.35579177737236023,0.9999997615814209,0.017292143777012825,0.2938494384288788,0.03676445037126541,0.2686835825443268,0.34302717447280884,0.34483376145362854,0.35579177737236023,0.35579177737236023,0.321564644575119,0.2400434911251068,0.012023448944091797,0.038763305485998795,12612.2529296875,541,nan,-1.0,True,,False,0.22366128861904144,0.0,0.22366128861904144,15.0,15.0,1.0,0.0,0.0,0.0,1.0,0.0
582,12663.1787109375,190.3629150390625,0.0,0.7637193202972412,60.45478057861328,60.45478057861328,60.45478057861328,0.3498252034187317,0.3498252034187317,0.34033575654029846,0.34033575654029846,0.3498252034187317,0.34033575654029846,0.3498252034187317,0.34033575654029846,0.32682520151138306,0.31733575463294983,0.02,0.344525684,0.0,0.3554933965206146,0.9999997615814209,0.0173273254185915,0.3011564314365387,0.03675927221775055,0.2686835527420044,0.34271475672721863,0.34452685713768005,0.3554933965206146,0.3554933965206146,0.3218059837818146,0.24013574421405792,0.011889994144439697,0.0413366154631755,12612.2529296875,541,nan,-1.0,True,,False,0.22329933941364288,0.0,0.22329933941364288,15.0,15.0,1.0,0.0,0.0,0.0,1.0,0.0
583,12663.767578125,189.95526123046875,0.0,0.7640886902809143,60.45883560180664,60.45883560180664,60.45883560180664,0.3495877981185913,0.3495877981185913,0.339995801448822,0.339995801448822,0.3495877981185913,0.339995801448822,0.3495877981185913,0.339995801448822,0.3265877962112427,0.3169957995414734,0.02,0.3441608935,0.0,0.355197936296463,0.9999997615814209,0.017367219552397728,0.29844221472740173,0.03670620173215866,0.2686835825443268,0.3423985242843628,0.3442153036594391,0.355197936296463,0.355197936296463,0.3221115171909332,0.24023181200027466,0.011758685111999512,0.03432832694508963,12612.2529296875,541,nan,-1.0,True,,False,0.22295217216014862,0.0,0.22295217216014862,15.0,15.0,1.0,0.0,0.0,0.0,1.0,0.0
584,12663.927734375,189.73243713378906,0.0,0.7638599872589111,60.46133041381836,60.46133041381836,60.46133041381836,0.349496990442276,0.349496990442276,0.3398098051548004,0.3398098051548004,0.349496990442276,0.3398098051548004,0.349496990442276,0.3398098051548004,0.32649698853492737,0.3168098032474518,0.02,0.343796352,0.0,0.355068176984787,0.9999997615814209,0.017347218468785286,0.29830411076545715,0.036578334867954254,0.2686835527420044,0.3423042297363281,0.34412431716918945,0.355068176984787,0.355068176984787,0.32236409187316895,0.24033042788505554,0.011640548706054688,0.040846525167580694,12612.2529296875,541,nan,-1.0,True,,False,0.22273360192775726,0.0,0.22273360192775726,15.0,15.0,1.0,0.0,0.0,0.0,1.0,0.0
585,12664.3779296875,189.61354064941406,0.0,0.7643791437149048,60.46287536621094,60.46287536621094,60.46287536621094,0.34946349263191223,0.34946349263191223,0.339710533618927,0.339710533618927,0.34946349263191223,0.339710533618927,0.34946349263191223,0.339710533618927,0.3264634907245636,0.31671053171157837,0.02,0.3434320625,0.0,0.35500621795654297,0.9999997615814209,0.017360886558890343,0.3042113184928894,0.03647725656628609,0.26868361234664917,0.3422483503818512,0.3440697193145752,0.35500621795654297,0.35500621795654297,0.3225477337837219,0.24042966961860657,0.011539101600646973,0.02450114032803362,12612.2529296875,541,nan,-1.0,True,,False,0.2225738763809204,0.0,0.2225738763809204,15.0,15.0,1.0,0.0,0.0,0.0,1.0,0.0
586,12664.1044921875,189.60910034179688,0.0,0.7635800242424011,60.46352767944336,60.46352767944336,60.46352767944336,0.3494837284088135,0.3494837284088135,0.3397068381309509,0.3397068381309509,0.3494837284088135,0.3397068381309509,0.3494837284088135,0.3397068381309509,0.32648372650146484,0.3167068362236023,0.02,0.343068028,0.0,0.3549973964691162,0.9999997615814209,0.017376501113176346,0.3250621259212494,0.036466024816036224,0.26868361234664917,0.3421858251094818,0.34400928020477295,0.3549974262714386,0.3549974262714386,0.32270121574401855,0.24052736163139343,0.01113495510071516,0.025271785762419716,12612.2529296875,541,nan,-1.0,True,,False,0.2224166989326477,0.0,0.2224166989326477,15.0,15.0,1.0,0.0,0.0,0.0,1.0,0.0
587,12663.7431640625,189.59226989746094,0.0,0.7629356980323792,60.46341323852539,60.46341323852539,60.46341323852539,0.3494914770126343,0.3494914770126343,0.33969277143478394,0.33969277143478394,0.3494914770126343,0.33969277143478394,0.3494914770126343,0.33969277143478394,0.32649147510528564,0.3166927695274353,0.02,0.3427042515,0.0,0.3549756705760956,0.9999997615814209,0.017382269725203514,0.31994593143463135,0.03656436502933502,0.2686835527420044,0.34215766191482544,0.3439832627773285,0.3549756705760956,0.3549756705760956,0.3226313889026642,0.24062561988830566,0.010644467547535896,0.03126523284461453,12612.2529296875,541,nan,-1.0,True,,False,0.2222650647163391,0.0,0.2222650647163391,15.0,15.0,1.0,0.0,0.0,0.0,1.0,0.0
588,12664.935546875,189.46456909179688,0.0,0.7660561203956604,60.462215423583984,60.462215423583984,60.462215423583984,0.34948375821113586,0.34948375821113586,0.3395861089229584,0.3395861089229584,0.34948375821113586,0.3395861089229584,0.34948375821113586,0.3395861089229584,0.32648375630378723,0.31658610701560974,0.02,0.34234073600000003,0.0,0.354941189289093,0.9999997615814209,0.01736956275999546,0.3113803565502167,0.036437228322029114,0.2686835527420044,0.3421415686607361,0.3439677953720093,0.354941189289093,0.354941189289093,0.3223780691623688,0.24072301387786865,0.010161062702536583,0.02485019384766929,12612.2529296875,541,nan,-1.0,True,,False,0.2221204787492752,0.0,0.2221204787492752,15.0,15.0,1.0,0.0,0.0,0.0,1.0,0.0
589,12665.20703125,189.3699951171875,0.0009269564761780202,0.7665887475013733,60.46039581298828,60.46039581298828,60.46039581298828,0.3494659662246704,0.3494659662246704,0.3395070731639862,0.3395070731639862,0.3494659662246704,0.3395070731639862,0.3494659662246704,0.3395070731639862,0.3264659643173218,0.3165070712566376,0.02,0.3419774845,0.0,0.35489583015441895,0.9999997615814209,0.017372265458106995,0.3018561899662018,0.03635302186012268,0.26868361234664917,0.3421182930469513,0.34394633769989014,0.35489583015441895,0.35489583015441895,0.3220579922199249,0.2408214956521988,0.009695540182292461,0.03230728058163853,12612.2529296875,541,nan,-1.0,True,,False,0.22197800874710083,0.0,0.22197800874710083,15.0,15.0,1.0,0.0,0.0,0.0,1.0,0.0
590,12666.58203125,189.4362030029297,0.0053194789215922356,0.7658252120018005,60.45786666870117,60.45786666870117,60.45786666870117,0.34954634308815,0.34954634308815,0.33956238627433777,0.33956238627433777,0.34954634308815,0.33956238627433777,0.34954634308815,0.33956238627433777,0.3265463411808014,0.31656238436698914,0.02,0.34161450000000004,0.0,0.35494565963745117,0.9999997615814209,0.01740291528403759,0.34388500452041626,0.036362119019031525,0.2686835527420044,0.3420998156070709,0.3439300060272217,0.35494565963745117,0.35494565963745117,0.32168617844581604,0.240921288728714,0.009270652197301388,0.023293284513379656,12612.2529296875,541,nan,-1.0,True,,False,0.2218354046344757,0.0,0.2218354046344757,15.0,15.0,1.0,0.0,0.0,0.0,0.0,0.0
591,12670.658203125,189.68646240234375,0.0123063363134861,0.7676810622215271,60.45488739013672,60.45488739013672,60.45488739013672,0.3496813476085663,0.3496813476085663,0.33977141976356506,0.33977141976356506,0.3496813476085663,0.33977141976356506,0.3496813476085663,0.33977141976356506,0.32668134570121765,0.31677141785621643,0.02,0.3412517855,0.0,0.3550501763820648,0.9999997615814209,0.017445702105760574,0.3350302278995514,0.03659312427043915,0.2686835825443268,0.3421093225479126,0.3439421057701111,0.3550501763820648,0.3550501763820648,0.32117360830307007,0.24102316796779633,0.008890660479664803,0.01556587808752536,12612.2529296875,541,nan,-1.0,True,,False,0.2216932773590088,0.0,0.2216932773590088,15.0,15.0,1.0,0.0,0.0,0.0,0.0,0.0
592,12674.1435546875,189.75730895996094,0.020816108211874962,0.7672746181488037,60.45170211791992,60.45170211791992,60.45170211791992,0.3497670888900757,0.3497670888900757,0.33983057737350464,0.33983057737350464,0.3497670888900757,0.33983057737350464,0.3497670888900757,0.33983057737350464,0.32676708698272705,0.316830575466156,0.02,0.34088934400000004,0.0,0.3551047444343567,0.9999997615814209,0.017506223171949387,0.30631130933761597,0.0367119163274765,0.26868361234664917,0.34204715490341187,0.34388190507888794,0.3551047444343567,0.3551047444343567,0.3206532299518585,0.24112610518932343,0.008557220920920372,0.018106215153238736,12612.2529296875,541,nan,-1.0,True,,False,0.22155196964740753,0.0,0.22155196964740753,15.0,15.0,1.0,0.0,0.0,0.0,0.0,0.0
593,12675.802734375,189.53688049316406,0.02990112081170082,0.7627229690551758,60.449771881103516,60.449771881103516,60.449771881103516,0.3496673107147217,0.3496673107147217,0.33964651823043823,0.33964651823043823,0.3496673107147217,0.33964651823043823,0.3496673107147217,0.33964651823043823,0.32666730880737305,0.3166465163230896,0.02,0.3405271785,0.0,0.3549349308013916,0.9999997615814209,0.01751440204679966,0.3019827902317047,0.03665364161133766,0.26868361234664917,0.3418661952018738,0.34370481967926025,0.3549349308013916,0.3549349308013916,0.3199293911457062,0.2412293255329132,0.008270805701613426,0.018485170588569924,12612.2529296875,541,nan,-1.0,True,,False,0.22122320532798767,0.0,0.22122320532798767,15.0,15.0,1.0,0.0,0.0,0.0,0.0,0.0
594,12678.68359375,189.22120666503906,0.038763243705034256,0.7607467770576477,60.44853591918945,60.44853591918945,60.44853591918945,0.3494880199432373,0.3494880199432373,0.33938270807266235,0.33938270807266235,0.3494880199432373,0.33938270807266235,0.3494880199432373,0.33938270807266235,0.32648801803588867,0.3163827061653137,0.02,0.340165292,0.0,0.3546834886074066,0.9999997615814209,0.01756758615374565,0.3240572512149811,0.03665613755583763,0.2686835527420044,0.34158456325531006,0.343428373336792,0.3546834886074066,0.3546834886074066,0.3191167116165161,0.24133282899856567,0.00803116150200367,0.012512973883228065,12612.2529296875,541,nan,-1.0,True,,False,0.22087717056274414,0.0,0.22087717056274414,15.0,15.0,1.0,0.0,0.0,0.0,0.0,0.0
595,12684.79296875,189.44747924804688,0.04676157981157303,0.7658778429031372,60.445125579833984,60.445125579833984,60.445125579833984,0.3497343361377716,0.3497343361377716,0.33957183361053467,0.33957183361053467,0.3497343361377716,0.33957183361053467,0.3497343361377716,0.33957183361053467,0.326734334230423,0.31657183170318604,0.02,0.3398036875,0.0,0.35493186116218567,0.9999997615814209,0.017608197405934334,0.31540998816490173,0.036772165447473526,0.26868361234664917,0.3417922854423523,0.34363695979118347,0.35493186116218567,0.35493186116218567,0.3186330795288086,0.24143707752227783,0.00783755723387003,0.012905731157742493,12612.2529296875,541,nan,-1.0,True,,False,0.22089415788650513,0.0,0.22089415788650513,15.0,15.0,1.0,0.0,0.0,0.0,0.0,0.0
596,12688.3583984375,189.67266845703125,0.05337149649858475,0.766959011554718,60.442604064941406,60.442604064941406,60.442604064941406,0.35000404715538025,0.35000404715538025,0.3397599160671234,0.3397599160671234,0.35000404715538025,0.3397599160671234,0.35000404715538025,0.3397599160671234,0.3270040452480316,0.3167599141597748,0.02,0.339442368,0.0,0.35520878434181213,0.9999997615814209,0.017618587240576744,0.33394938707351685,0.03669343143701553,0.26868361234664917,0.34207242727279663,0.3439160883426666,0.35520878434181213,0.35520878434181213,0.3181361258029938,0.24154241383075714,0.007689772639423609,0.01523652517870586,12612.2529296875,541,nan,-1.0,True,,False,0.22094570100307465,0.0,0.22094570100307465,15.0,15.0,1.0,0.0,0.0,0.0,0.0,0.0
597,12688.556640625,189.85060119628906,0.05460691452026367,0.7657768130302429,60.44256591796875,60.44256591796875,60.44256591796875,0.35018402338027954,0.35018402338027954,0.3399084508419037,0.3399084508419037,0.35018402338027954,0.3399084508419037,0.35018402338027954,0.3399084508419037,0.3271840214729309,0.31690844893455505,0.02,0.3390813365,0.0,0.355366587638855,0.9999997615814209,0.017604317516088486,0.3052617907524109,0.036634933203458786,0.26868361234664917,0.34228217601776123,0.34412676095962524,0.355366587638855,0.355366587638855,0.31752875447273254,0.24165114760398865,0.007663187570869923,0.025007550894062862,12612.2529296875,541,nan,-1.0,True,,False,0.22085171937942505,0.0,0.22085171937942505,15.0,15.0,1.0,0.0,0.0,0.0,0.0,0.0
598,12688.1748046875,189.4031219482422,0.049289505928754807,0.7701839804649353,60.44517517089844,60.44517517089844,60.44517517089844,0.350032240152359,0.350032240152359,0.3395347595214844,0.3395347595214844,0.350032240152359,0.3395347595214844,0.350032240152359,0.3395347595214844,0.3270322382450104,0.31653475761413574,0.02,0.33872059600000004,0.0,0.35518547892570496,0.9999997615814209,0.01762528531253338,0.30657875537872314,0.03641287237405777,0.2686835825443268,0.3422298729419708,0.3440762460231781,0.35518547892570496,0.35518547892570496,0.316666841506958,0.24176287651062012,0.00777987577021122,0.02303517759881086,12612.2529296875,541,nan,-1.0,True,,False,0.22071127593517303,0.0,0.22071127593517303,15.0,15.0,1.0,0.0,0.0,0.0,0.0,0.0
599,12685.609375,189.06410217285156,0.03948654234409332,0.7738408446311951,60.44940948486328,60.44940948486328,60.44940948486328,0.34987083077430725,0.34987083077430725,0.3392513394355774,0.3392513394355774,0.34987083077430725,0.3392513394355774,0.34987083077430725,0.3392513394355774,0.3268708288669586,0.31625133752822876,0.02,0.33836014950000004,0.0,0.35499483346939087,0.9999997615814209,0.01764034293591976,0.3121907711029053,0.036404334008693695,0.2686835825443268,0.3422110974788666,0.344059020280838,0.35499483346939087,0.35499483346939087,0.31596553325653076,0.241876482963562,0.008012877777218819,0.024727181206496123,12612.2529296875,541,nan,-1.0,True,,False,0.2205694317817688,0.0,0.2205694317817688,15.0,15.0,1.0,0.0,0.0,0.0,0.0,0.0
600,12679.4501953125,188.7657928466797,0.026723971590399742,0.7724164724349976,60.455570220947266,60.455570220947266,60.455570220947266,0.34966933727264404,0.34966933727264404,0.33900174498558044,0.33900174498558044,0.34966933727264404,0.33900174498558044,0.34966933727264404,0.33900174498558044,0.3266693353652954,0.3160017430782318,0.02,0.33799999999999997,0.0,0.3547618091106415,0.9999997615814209,0.017664825543761253,0.3127044141292572,0.03651140257716179,0.26868361234664917,0.34217381477355957,0.3440224230289459,0.3547618091106415,0.3547618091106415,0.31549277901649475,0.24199166893959045,0.008365252986550331,0.02597921080208228,12612.2529296875,541,nan,-1.0,True,,False,0.22042600810527802,0.0,0.22042600810527802,15.0,15.0,1.0,0.0,0.0,0.0,0.0,0.0
601,12673.646484375,188.57614135742188,0.013467961922287941,0.7717726826667786,60.462249755859375,60.462249755859375,60.462249755859375,0.3495286703109741,0.3495286703109741,0.3388429582118988,0.3388429582118988,0.3495286703109741,0.3388429582118988,0.3495286703109741,0.3388429582118988,0.3265286684036255,0.31584295630455017,0.02,0.33764015049999996,0.0,0.3545895516872406,0.9999997615814209,0.017721859738230705,0.3110502362251282,0.03660522401332855,0.2686835527420044,0.34213533997535706,0.3439854681491852,0.3545895516872406,0.3545895516872406,0.3151961863040924,0.24210825562477112,0.008839484304189682,0.023430347263153333,12612.2529296875,541,nan,-1.0,True,,False,0.220280721783638,0.0,0.220280721783638,15.0,15.0,1.0,0.0,0.0,0.0,0.0,0.0
602,12672.216796875,188.58163452148438,0.0031489431858062744,0.776599109172821,60.46880340576172,60.46880340576172,60.46880340576172,0.34954848885536194,0.34954848885536194,0.3388475775718689,0.3388475775718689,0.34954848885536194,0.3388475775718689,0.34954848885536194,0.3388475775718689,0.3265484869480133,0.31584757566452026,0.02,0.33728060400000004,0.0,0.3545767068862915,0.9999997615814209,0.01770593225955963,0.30910369753837585,0.03659924864768982,0.2686835527420044,0.3421512544155121,0.3440024256706238,0.3545767068862915,0.3545767068862915,0.3151876926422119,0.24222639203071594,0.009438845328986645,0.021598254087924335,12612.2529296875,541,nan,-1.0,True,,False,0.22013409435749054,0.0,0.22013409435749054,15.0,15.0,1.0,0.0,0.0,0.0,0.0,0.0
603,12671.80078125,188.46116638183594,0.0,0.7762655019760132,60.476036071777344,60.476036071777344,60.476036071777344,0.34946343302726746,0.34946343302726746,0.33874666690826416,0.33874666690826416,0.34946343302726746,0.33874666690826416,0.34946343302726746,0.33874666690826416,0.3264634311199188,0.3157466650009155,0.02,0.3369213635,0.0,0.35445767641067505,0.9999997615814209,0.017765244469046593,0.3073439598083496,0.036690402776002884,0.2686835825443268,0.34207507967948914,0.34392857551574707,0.35445767641067505,0.35445767641067505,0.31537333130836487,0.24234639108181,0.010162798687815666,0.032685706713689595,12612.2529296875,541,nan,-1.0,True,,False,0.21998585760593414,0.0,0.21998585760593414,15.0,15.0,1.0,0.0,0.0,0.0,0.0,0.0
604,12671.5087890625,188.3774871826172,0.0,0.772781491279602,60.483699798583984,60.483699798583984,60.483699798583984,0.3494085967540741,0.3494085967540741,0.3386765718460083,0.3386765718460083,0.3494085967540741,0.3386765718460083,0.3494085967540741,0.3386765718460083,0.32640859484672546,0.31567656993865967,0.02,0.336562432,0.0,0.35436707735061646,0.9999997615814209,0.017787033692002296,0.30576419830322266,0.036798957735300064,0.26868361234664917,0.3419693410396576,0.3438224494457245,0.35436707735061646,0.35436707735061646,0.31575530767440796,0.2424677610397339,0.010601639747619629,0.03194751304140987,12612.2529296875,541,nan,-1.0,True,,False,0.21983455121517181,0.0,0.21983455121517181,15.0,15.0,1.0,0.0,0.0,0.0,1.0,0.0
605,12674.46875,188.25253295898438,0.0,0.7756952047348022,60.49184036254883,60.49184036254883,60.49184036254883,0.34935078024864197,0.34935078024864197,0.33857184648513794,0.33857184648513794,0.34935078024864197,0.33857184648513794,0.34935078024864197,0.33857184648513794,0.32635077834129333,0.3155718445777893,0.02,0.3362038125,0.0,0.3542745113372803,0.9999997615814209,0.01782514899969101,0.3043690025806427,0.03685307130217552,0.2686835527420044,0.34186381101608276,0.3437177240848541,0.3542745113372803,0.3542745113372803,0.3161083161830902,0.24259056150913239,0.010570764541625977,0.03711157676136483,12612.2529296875,541,nan,-1.0,True,,False,0.21967977285385132,0.0,0.21967977285385132,15.0,15.0,1.0,0.0,0.0,0.0,1.0,0.0
606,12678.5400390625,188.0973358154297,0.0,0.7806388139724731,60.500614166259766,60.500614166259766,60.500614166259766,0.3492555320262909,0.3492555320262909,0.33844172954559326,0.33844172954559326,0.3492555320262909,0.33844172954559326,0.3492555320262909,0.33844172954559326,0.32625553011894226,0.31544172763824463,0.02,0.335845508,0.0,0.35414257645606995,0.9999997615814209,0.017860423773527145,0.30386725068092346,0.036909397691488266,0.2686835825443268,0.3417406678199768,0.3435961902141571,0.35414254665374756,0.35414254665374756,0.31638506054878235,0.24271588027477264,0.010553121566772461,0.04180270919944936,12612.2529296875,541,nan,-1.0,True,,False,0.2195306271314621,0.0,0.2195306271314621,15.0,15.0,1.0,0.0,0.0,0.0,1.0,0.0
607,12678.78515625,187.8573455810547,0.0,0.7781320214271545,60.50931167602539,60.50931167602539,60.50931167602539,0.3490830361843109,0.3490830361843109,0.33824044466018677,0.33824044466018677,0.3490830361843109,0.33824044466018677,0.3490830361843109,0.33824044466018677,0.3260830342769623,0.31524044275283813,0.02,0.3354875215,0.0,0.353937566280365,0.9999997615814209,0.01789270155131817,0.30507031083106995,0.03697603568434715,0.2686835825443268,0.34156903624534607,0.34342488646507263,0.353937566280365,0.353937566280365,0.3167058229446411,0.24284596741199493,0.010549008846282959,0.03854293805973915,12612.2529296875,541,nan,-1.0,True,,False,0.21938790380954742,0.0,0.21938790380954742,15.0,15.0,1.0,0.0,0.0,0.0,1.0,0.0
608,12680.806640625,187.53684997558594,0.0,0.779218316078186,60.518306732177734,60.518306732177734,60.518306732177734,0.3488921821117401,0.3488921821117401,0.33797141909599304,0.33797141909599304,0.3488921821117401,0.33797141909599304,0.3488921821117401,0.33797141909599304,0.3258921802043915,0.3149714171886444,0.02,0.335129856,0.0,0.35371530055999756,0.9999997615814209,0.017908770591020584,0.30538415908813477,0.036931127309799194,0.26868361234664917,0.34140440821647644,0.3432609736919403,0.35371530055999756,0.35371530055999756,0.3169429898262024,0.24297648668289185,0.010556638240814209,0.04149081867944915,12612.2529296875,541,nan,-1.0,True,,False,0.21925239264965057,0.0,0.21925239264965057,15.0,15.0,1.0,0.0,0.0,0.0,1.0,0.0
609,12682.9638671875,185.83706665039062,0.0,0.7830561995506287,60.527992248535156,60.527992248535156,60.527992248535156,0.34754693508148193,0.34754693508148193,0.33654075860977173,0.33654075860977173,0.34754693508148193,0.33654075860977173,0.34754693508148193,0.33654075860977173,0.3245469331741333,0.3135407567024231,0.02,0.3347725145,0.0,0.35235294699668884,0.9999997615814209,0.017936917021870613,0.3068831264972687,0.03697313368320465,0.26868361234664917,0.34010061621665955,0.34195929765701294,0.35235294699668884,0.35235294699668884,0.3159022927284241,0.24310854077339172,0.010578453540802002,0.032706831030534685,12612.2529296875,541,nan,-1.0,True,,False,0.21912561357021332,0.0,0.21912561357021332,15.0,15.0,1.0,0.0,0.0,0.0,1.0,0.0
610,12683.845703125,186.8842010498047,0.0,0.779867947101593,60.53513717651367,60.53513717651367,60.53513717651367,0.3484640419483185,0.3484640419483185,0.3374228775501251,0.3374228775501251,0.3484640419483185,0.3374228775501251,0.3484640419483185,0.3374228775501251,0.32546404004096985,0.3144228756427765,0.02,0.3344155,0.0,0.35322895646095276,0.9999997615814209,0.017924251034855843,0.30809468030929565,0.03683049604296684,0.2686835527420044,0.34107130765914917,0.3429299592971802,0.35322895646095276,0.35322895646095276,0.31703194975852966,0.24324515461921692,0.01061326265335083,0.03404320001007161,12612.2529296875,541,nan,-1.0,True,,False,0.21900537610054016,0.0,0.21900537610054016,15.0,15.0,1.0,0.0,0.0,0.0,1.0,0.0
611,12684.5634765625,186.60903930664062,0.0,0.7790775895118713,60.54207992553711,60.54207992553711,60.54207992553711,0.34826621413230896,0.34826621413230896,0.33719131350517273,0.33719131350517273,0.34826621413230896,0.33719131350517273,0.34826621413230896,0.33719131350517273,0.3252662122249603,0.3141913115978241,0.02,0.33405881550000005,0.0,0.35300377011299133,0.9999997615814209,0.017927715554833412,0.30606114864349365,0.03680798411369324,0.26868361234664917,0.3409084379673004,0.3427671790122986,0.35300377011299133,0.35300377011299133,0.3169947564601898,0.24338389933109283,0.010650813579559326,0.03793317388368046,12612.2529296875,541,nan,-1.0,True,,False,0.21888573467731476,0.0,0.21888573467731476,15.0,15.0,1.0,0.0,0.0,0.0,1.0,0.0
612,12687.3115234375,187.6180877685547,0.0,0.7839986681938171,60.53847122192383,60.53847122192383,60.53847122192383,0.3490079939365387,0.3490079939365387,0.3380396366119385,0.3380396366119385,0.3490079939365387,0.3380396366119385,0.3490079939365387,0.3380396366119385,0.32600799202919006,0.31503963470458984,0.02,0.33370246400000003,0.0,0.35388126969337463,0.9999997615814209,0.01794055663049221,0.3057039678096771,0.037048012018203735,0.2686835527420044,0.341688334941864,0.34354323148727417,0.35388123989105225,0.35388123989105225,0.31770962476730347,0.24352481961250305,0.010699868202209473,0.035992883234737545,12612.2529296875,541,nan,-1.0,True,,False,0.2194511443376541,0.0,0.2194511443376541,15.0,15.0,1.0,0.0,0.0,0.0,1.0,0.0
613,12687.9931640625,187.36154174804688,0.0,0.7848826050758362,60.540950775146484,60.540950775146484,60.540950775146484,0.34883490204811096,0.34883490204811096,0.33782416582107544,0.33782416582107544,0.34883490204811096,0.33782416582107544,0.34883490204811096,0.33782416582107544,0.32583490014076233,0.3148241639137268,0.02,0.3333464485,0.0,0.35369160771369934,0.9999997615814209,0.017920376732945442,0.30727776885032654,0.036977916955947876,0.26868361234664917,0.341561496257782,0.34341874718666077,0.35369160771369934,0.35369160771369934,0.3175187110900879,0.24366748332977295,0.010760366916656494,0.03578681878732621,12612.2529296875,541,nan,-1.0,True,,False,0.21936900913715363,0.0,0.21936900913715363,15.0,15.0,1.0,0.0,0.0,0.0,1.0,0.0
614,12685.60546875,185.9134063720703,0.0,0.7790600061416626,60.550811767578125,60.550811767578125,60.550811767578125,0.3477843403816223,0.3477843403816223,0.33660516142845154,0.33660516142845154,0.3477843403816223,0.33660516142845154,0.3477843403816223,0.33660516142845154,0.3247843384742737,0.3136051595211029,0.02,0.332990772,0.0,0.3524526357650757,0.9999997615814209,0.01795221120119095,0.31010931730270386,0.036818139255046844,0.26868361234664917,0.340512752532959,0.3423764109611511,0.3524526357650757,0.3524526357650757,0.31643715500831604,0.24380876123905182,0.010822951793670654,0.036652564573968344,12612.2529296875,541,nan,-1.0,True,,False,0.21859796345233917,0.0,0.21859796345233917,15.0,15.0,1.0,0.0,0.0,0.0,1.0,0.0
615,12684.8544921875,185.66265869140625,0.0,0.7781221270561218,60.550655364990234,60.550655364990234,60.550655364990234,0.34763678908348083,0.34763678908348083,0.3363935947418213,0.3363935947418213,0.34763678908348083,0.3363935947418213,0.34763678908348083,0.3363935947418213,0.3246367871761322,0.31339359283447266,0.02,0.3326354375,0.0,0.3522692024707794,0.9999997615814209,0.01791948266327381,0.31168729066848755,0.03661977872252464,0.2686835825443268,0.3403360843658447,0.3422010540962219,0.3522692024707794,0.3522692024707794,0.3160051107406616,0.2439485490322113,0.010886907577514648,0.04257365809139123,12612.2529296875,541,nan,-1.0,True,,False,0.21845893561840057,0.0,0.21845893561840057,15.0,15.0,1.0,0.0,0.0,0.0,1.0,0.0
616,12686.560546875,185.5234375,0.0,0.7827793955802917,60.54823684692383,60.54823684692383,60.54823684692383,0.3475375473499298,0.3475375473499298,0.3362760841846466,0.3362760841846466,0.3475375473499298,0.3362760841846466,0.3475375473499298,0.3362760841846466,0.3245375454425812,0.313276082277298,0.02,0.332280448,0.0,0.35214778780937195,0.9999997615814209,0.017913872376084328,0.3129819631576538,0.036625273525714874,0.2686835527420044,0.3401830494403839,0.342046856880188,0.35214778780937195,0.35214778780937195,0.3155757486820221,0.24408933520317078,0.010963797569274902,0.04541763189061183,12612.2529296875,541,nan,-1.0,True,,False,0.2183668464422226,0.0,0.2183668464422226,15.0,15.0,1.0,0.0,0.0,0.0,1.0,0.0
617,12686.4677734375,185.37754821777344,0.0,0.7842547297477722,60.54481506347656,60.54481506347656,60.54481506347656,0.3474385142326355,0.3474385142326355,0.3361528813838959,0.3361528813838959,0.3474385142326355,0.3361528813838959,0.3474385142326355,0.3361528813838959,0.32443851232528687,0.31315287947654724,0.02,0.33192580650000003,0.0,0.3520277142524719,0.9999997615814209,0.01789734698832035,0.31430119276046753,0.0365477055311203,0.26868361234664917,0.3400455713272095,0.3419093191623688,0.3520277142524719,0.3520277142524719,0.3151874244213104,0.2442302107810974,0.011053681373596191,0.015092783061037254,12612.2529296875,541,nan,-1.0,True,,False,0.21828636527061462,0.0,0.21828636527061462,15.0,15.0,1.0,0.0,0.0,0.0,1.0,0.0
618,12684.3876953125,185.27908325195312,0.0,0.7821915149688721,60.540061950683594,60.540061950683594,60.540061950683594,0.34734272956848145,0.34734272956848145,0.3360697031021118,0.3360697031021118,0.34734272956848145,0.3360697031021118,0.34734272956848145,0.3360697031021118,0.3243427276611328,0.3130697011947632,0.02,0.331571516,0.0,0.3519125282764435,0.9999997615814209,0.017942091450095177,0.31589046120643616,0.036708664149045944,0.26868361234664917,0.33992642164230347,0.34179195761680603,0.3519125282764435,0.3519125282764435,0.3148000240325928,0.2443738728761673,0.01115185022354126,0.019280323635838512,12612.2529296875,541,nan,-1.0,True,,False,0.21821260452270508,0.0,0.21821260452270508,15.0,15.0,1.0,0.0,0.0,0.0,1.0,0.0
619,12683.8515625,184.83587646484375,0.0,0.7835419178009033,60.536224365234375,60.536224365234375,60.536224365234375,0.3470318615436554,0.3470318615436554,0.3356950283050537,0.3356950283050537,0.3470318615436554,0.3356950283050537,0.3470318615436554,0.3356950283050537,0.32403185963630676,0.3126950263977051,0.02,0.33121757949999997,0.0,0.351541668176651,0.9999997615814209,0.01793292909860611,0.31472066044807434,0.036599449813365936,0.2686835825443268,0.339603066444397,0.3414676785469055,0.351541668176651,0.351541668176651,0.3141857087612152,0.24452200531959534,0.011256754398345947,0.022876309175949752,12612.2529296875,541,nan,-1.0,True,,False,0.21797695755958557,0.0,0.21797695755958557,15.0,15.0,1.0,0.0,0.0,0.0,1.0,0.0
620,12684.080078125,183.9918212890625,0.0,0.7865705490112305,60.53401565551758,60.53401565551758,60.53401565551758,0.346409410238266,0.346409410238266,0.3349802494049072,0.3349802494049072,0.346409410238266,0.3349802494049072,0.346409410238266,0.3349802494049072,0.32340940833091736,0.3119802474975586,0.02,0.330864,0.0,0.35081687569618225,0.9999997615814209,0.0179480891674757,0.31423041224479675,0.036533061414957047,0.26868361234664917,0.33905866742134094,0.3409261107444763,0.35081687569618225,0.35081687569618225,0.3133464753627777,0.2446722537279129,0.011374473571777344,0.02403623850356477,12612.2529296875,541,nan,-1.0,True,,False,0.2175876498222351,0.0,0.2175876498222351,15.0,15.0,1.0,0.0,0.0,0.0,1.0,0.0
621,12681.458984375,183.12010192871094,0.0,0.7842860221862793,60.53097915649414,60.53097915649414,60.53097915649414,0.3457821011543274,0.3457821011543274,0.3342403173446655,0.3342403173446655,0.3457821011543274,0.3342403173446655,0.3457821011543274,0.3342403173446655,0.32278209924697876,0.3112403154373169,0.02,0.3305107805,0.0,0.3500857949256897,0.9999997615814209,0.017943577840924263,0.3138395845890045,0.03629152104258537,0.2686835825443268,0.33850082755088806,0.3403715193271637,0.3500857949256897,0.3500857949256897,0.3124735951423645,0.24481874704360962,0.011502265930175781,0.0374719501722009,12612.2529296875,541,nan,-1.0,True,,False,0.21720343828201294,0.0,0.21720343828201294,15.0,15.0,1.0,0.0,0.0,0.0,1.0,0.0
622,12678.4033203125,182.22991943359375,0.0,0.7807073593139648,60.52909469604492,60.52909469604492,60.52909469604492,0.34510889649391174,0.34510889649391174,0.33348289132118225,0.33348289132118225,0.34510889649391174,0.33348289132118225,0.34510889649391174,0.33348289132118225,0.3221088945865631,0.3104828894138336,0.02,0.330157924,0.0,0.3493092656135559,0.9999997615814209,0.01794450730085373,0.31331634521484375,0.036170512437820435,0.2686835527420044,0.33794793486595154,0.33982038497924805,0.3493092656135559,0.3493092656135559,0.3116450905799866,0.24496103823184967,0.011631786823272705,0.037190990307458885,12612.2529296875,541,nan,-1.0,True,,False,0.21681983768939972,0.0,0.21681983768939972,15.0,15.0,1.0,0.0,0.0,0.0,1.0,0.0
623,12676.8037109375,181.265625,0.0,0.7795038819313049,60.5289306640625,60.5289306640625,60.5289306640625,0.3443768322467804,0.3443768322467804,0.3326603174209595,0.3326603174209595,0.3443768322467804,0.3326603174209595,0.3443768322467804,0.3326603174209595,0.32137683033943176,0.30966031551361084,0.02,0.3298054335,0.0,0.3484700918197632,0.9999997615814209,0.01794370450079441,0.31278055906295776,0.03592737391591072,0.268683522939682,0.33734023571014404,0.33921390771865845,0.3484700918197632,0.3484700918197632,0.3108414113521576,0.24510082602500916,0.011764049530029297,0.026065022755776428,12612.2529296875,541,nan,-1.0,True,,False,0.21643760800361633,0.0,0.21643760800361633,15.0,15.0,1.0,0.0,0.0,0.0,1.0,0.0
624,12677.3720703125,180.44442749023438,0.0,0.7815634608268738,60.53072738647461,60.53072738647461,60.53072738647461,0.3437385857105255,0.3437385857105255,0.3319580852985382,0.3319580852985382,0.3437385857105255,0.3319580852985382,0.3437385857105255,0.3319580852985382,0.3207385838031769,0.3089580833911896,0.02,0.329453312,0.0,0.3477253019809723,0.9999997615814209,0.017957065254449844,0.31218159198760986,0.03586840629577637,0.2686835825443268,0.3368472158908844,0.33872130513191223,0.3477253019809723,0.3477253019809723,0.3102455735206604,0.24523724615573883,0.011905014514923096,0.03270253832387324,12612.2529296875,541,nan,-1.0,True,,False,0.21606148779392242,0.0,0.21606148779392242,15.0,15.0,1.0,0.0,0.0,0.0,1.0,0.0
625,12677.7099609375,179.9138946533203,0.0,0.7827621698379517,60.532073974609375,60.532073974609375,60.532073974609375,0.34331250190734863,0.34331250190734863,0.33150357007980347,0.33150357007980347,0.34331250190734863,0.33150357007980347,0.34331250190734863,0.33150357007980347,0.3203125,0.30850356817245483,0.02,0.3291015625,0.0,0.34723058342933655,0.9999997615814209,0.017924940213561058,0.3122943937778473,0.03574001044034958,0.2686835825443268,0.33649975061416626,0.33837348222732544,0.34723058342933655,0.34723058342933655,0.30993443727493286,0.24537231028079987,0.012045800685882568,0.022025421808292676,12612.2529296875,541,nan,-1.0,True,,False,0.21582373976707458,0.0,0.21582373976707458,15.0,15.0,1.0,0.0,0.0,0.0,1.0,0.0
626,12679.345703125,179.0554656982422,0.0,0.7854830026626587,60.53774642944336,60.53774642944336,60.53774642944336,0.34263646602630615,0.34263646602630615,0.3307667076587677,0.3307667076587677,0.34263646602630615,0.3307667076587677,0.34263646602630615,0.3307667076587677,0.3196364641189575,0.30776670575141907,0.02,0.328750188,0.0,0.34642383456230164,0.9999997615814209,0.017950735986232758,0.3130165636539459,0.03567066043615341,0.2686835527420044,0.33588072657585144,0.3377549946308136,0.34642383456230164,0.34642383456230164,0.30946803092956543,0.2455078363418579,0.012175679206848145,0.021670542696180444,12612.2529296875,541,nan,-1.0,True,,False,0.215381920337677,0.0,0.215381920337677,15.0,15.0,1.0,0.0,0.0,0.0,1.0,0.0
627,12679.779296875,178.9043731689453,0.0,0.7858002781867981,60.53987503051758,60.53987503051758,60.53987503051758,0.3425377607345581,0.3425377607345581,0.3306368291378021,0.3306368291378021,0.3425377607345581,0.3306368291378021,0.3425377607345581,0.3306368291378021,0.3195377588272095,0.3076368272304535,0.02,0.32839919149999997,0.0,0.3462904691696167,0.9999997615814209,0.01792646199464798,0.31323593854904175,0.03556390106678009,0.26868361234664917,0.335788369178772,0.33766308426856995,0.3462904691696167,0.3462904691696167,0.309652715921402,0.24564504623413086,0.012293696403503418,0.03988596221218662,12612.2529296875,541,nan,-1.0,True,,False,0.2152692973613739,0.0,0.2152692973613739,15.0,15.0,1.0,0.0,0.0,0.0,1.0,0.0
628,12679.392578125,178.84243774414062,0.0,0.7839933633804321,60.54277038574219,60.54277038574219,60.54277038574219,0.34249043464660645,0.34249043464660645,0.3305835723876953,0.3305835723876953,0.34249043464660645,0.3305835723876953,0.34249043464660645,0.3305835723876953,0.3194904327392578,0.3075835704803467,0.02,0.32804857600000004,0.0,0.34622833132743835,0.9999996423721313,0.01792597398161888,0.31320807337760925,0.035545699298381805,0.26868361234664917,0.33571672439575195,0.33759164810180664,0.34622833132743835,0.34622833132743835,0.3099779486656189,0.2457808554172516,0.012406349182128906,0.02565298476353443,12612.2529296875,541,nan,-1.0,True,,False,0.21521589159965515,0.0,0.21521589159965515,15.0,15.0,1.0,0.0,0.0,0.0,1.0,0.0
629,12679.248046875,178.77801513671875,0.0,0.7821567058563232,60.546958923339844,60.546958923339844,60.546958923339844,0.34247180819511414,0.34247180819511414,0.3305281698703766,0.3305281698703766,0.34247180819511414,0.3305281698703766,0.34247180819511414,0.3305281698703766,0.3194718062877655,0.30752816796302795,0.02,0.3276983445,0.0,0.3461844325065613,0.9999997615814209,0.017907146364450455,0.31306955218315125,0.03539641574025154,0.26868361234664917,0.3356507420539856,0.3375260829925537,0.3461844325065613,0.3461844325065613,0.31041043996810913,0.2459128350019455,0.012508630752563477,0.028258371496728312,12612.2529296875,541,nan,-1.0,True,,False,0.21513208746910095,0.0,0.21513208746910095,15.0,15.0,1.0,0.0,0.0,0.0,1.0,0.0
630,12681.134765625,178.2142791748047,0.0,0.7834473252296448,60.55598449707031,60.55598449707031,60.55598449707031,0.34205132722854614,0.34205132722854614,0.33004292845726013,0.33004292845726013,0.34205132722854614,0.33004292845726013,0.34205132722854614,0.33004292845726013,0.3190513253211975,0.3070429265499115,0.02,0.3273485,0.0,0.3456606864929199,0.9999997615814209,0.017911719158291817,0.31366458535194397,0.03535792976617813,0.2686835825443268,0.33521994948387146,0.33709508180618286,0.3456606864929199,0.3456606864929199,0.3105602264404297,0.2460407316684723,0.01259768009185791,0.02477324330862353,12612.2529296875,541,nan,-1.0,True,,False,0.21479743719100952,0.0,0.21479743719100952,15.0,15.0,1.0,0.0,0.0,0.0,1.0,0.0
631,12682.494140625,177.60975646972656,0.0,0.7831504940986633,60.56654739379883,60.56654739379883,60.56654739379883,0.3416064381599426,0.3416064381599426,0.32952171564102173,0.32952171564102173,0.3416064381599426,0.32952171564102173,0.3416064381599426,0.32952171564102173,0.318606436252594,0.3065217137336731,0.02,0.32699904550000003,0.0,0.3451066315174103,0.9999997615814209,0.017921974882483482,0.3143615126609802,0.03524013236165047,0.26868361234664917,0.33478885889053345,0.3366631269454956,0.3451066017150879,0.3451066017150879,0.31074413657188416,0.2461683601140976,0.012674927711486816,0.02185768733680662,12612.2529296875,541,nan,-1.0,True,,False,0.21444889903068542,0.0,0.21444889903068542,15.0,15.0,1.0,0.0,0.0,0.0,1.0,0.0
632,12683.486328125,176.98976135253906,0.0,0.7817043662071228,60.578224182128906,60.578224182128906,60.578224182128906,0.3411158621311188,0.3411158621311188,0.328986257314682,0.328986257314682,0.3411158621311188,0.328986257314682,0.3411158621311188,0.328986257314682,0.31811586022377014,0.3059862554073334,0.02,0.326649984,0.0,0.34450823068618774,0.9999997615814209,0.017881274223327637,0.31490734219551086,0.03513915464282036,0.26868361234664917,0.3343699276447296,0.3362431824207306,0.34450823068618774,0.34450823068618774,0.31093907356262207,0.24629400670528412,0.012739717960357666,0.017700777870939217,12612.2529296875,541,nan,-1.0,True,,False,0.2141018658876419,0.0,0.2141018658876419,15.0,15.0,1.0,0.0,0.0,0.0,1.0,0.0
633,12685.3974609375,176.4111328125,0.0,0.7818353176116943,60.59033966064453,60.59033966064453,60.59033966064453,0.34062492847442627,0.34062492847442627,0.3284856677055359,0.3284856677055359,0.34062492847442627,0.3284856677055359,0.34062492847442627,0.3284856677055359,0.31762492656707764,0.30548566579818726,0.02,0.3263013185,0.0,0.3439079225063324,0.9999996423721313,0.017886217683553696,0.3154439330101013,0.035170163959264755,0.2686835527420044,0.33395522832870483,0.33582794666290283,0.3439079225063324,0.3439079225063324,0.3111526668071747,0.2464156299829483,0.012791335582733154,0.04173776778366624,12612.2529296875,541,nan,-1.0,True,,False,0.21375329792499542,0.0,0.21375329792499542,15.0,15.0,1.0,0.0,0.0,0.0,1.0,0.0
634,12688.029296875,175.8393096923828,0.0,0.7830390334129333,60.603355407714844,60.603355407714844,60.603355407714844,0.3401395380496979,0.3401395380496979,0.32799017429351807,0.32799017429351807,0.3401395380496979,0.32799017429351807,0.3401395380496979,0.32799017429351807,0.31713953614234924,0.30499017238616943,0.02,0.325953052,0.0,0.34331846237182617,0.9999996423721313,0.017895469442009926,0.3157248795032501,0.035250600427389145,0.268683522939682,0.33354824781417847,0.3354208469390869,0.34331846237182617,0.34331846237182617,0.3113919794559479,0.24653629958629608,0.0128401517868042,0.03836876891728025,12612.2529296875,541,nan,-1.0,True,,False,0.21341578662395477,0.0,0.21341578662395477,15.0,15.0,1.0,0.0,0.0,0.0,1.0,0.0
635,12688.97265625,176.9853973388672,0.0,0.783117949962616,60.602142333984375,60.602142333984375,60.602142333984375,0.3410166800022125,0.3410166800022125,0.32898247241973877,0.32898247241973877,0.3410166800022125,0.32898247241973877,0.3410166800022125,0.32898247241973877,0.3180166780948639,0.30598247051239014,0.02,0.3256051875,0.0,0.3443508446216583,0.9999996423721313,0.017905235290527344,0.3153584897518158,0.03536029905080795,0.2686835825443268,0.3343530297279358,0.3362264335155487,0.3443508446216583,0.3443508446216583,0.31290140748023987,0.2466564029455185,0.012884676456451416,0.017764261679581575,12612.2529296875,541,nan,-1.0,True,,False,0.21391580998897552,0.0,0.21391580998897552,15.0,15.0,1.0,0.0,0.0,0.0,1.0,0.0
636,12688.5185546875,178.43455505371094,0.0,0.7815448641777039,60.5965576171875,60.5965576171875,60.5965576171875,0.34217381477355957,0.34217381477355957,0.3302326202392578,0.3302326202392578,0.34217381477355957,0.3302326202392578,0.34217381477355957,0.3302326202392578,0.31917381286621094,0.3072326183319092,0.02,0.32525772799999997,0.0,0.34573280811309814,0.9999996423721313,0.017883384600281715,0.314745157957077,0.035295307636260986,0.26868361234664917,0.33545076847076416,0.3373262584209442,0.34573280811309814,0.34573280811309814,0.31467607617378235,0.24678027629852295,0.012917816638946533,0.026750739036490105,12612.2529296875,541,nan,-1.0,True,,False,0.2146489918231964,0.0,0.2146489918231964,15.0,15.0,1.0,0.0,0.0,0.0,1.0,0.0
637,12690.2509765625,177.9139862060547,0.0,0.7816510200500488,60.60755920410156,60.60755920410156,60.60755920410156,0.34175431728363037,0.34175431728363037,0.3297841250896454,0.3297841250896454,0.34175431728363037,0.3297841250896454,0.34175431728363037,0.3297841250896454,0.31875431537628174,0.30678412318229675,0.02,0.3249106765,0.0,0.34520724415779114,0.9999997615814209,0.017910202965140343,0.31529831886291504,0.03536428511142731,0.2686835825443268,0.33505234122276306,0.33692681789398193,0.34520724415779114,0.34520724415779114,0.3149738013744354,0.2469048649072647,0.012947618961334229,0.035189686313970014,12612.2529296875,541,nan,-1.0,True,,False,0.21430882811546326,0.0,0.21430882811546326,15.0,15.0,1.0,0.0,0.0,0.0,1.0,0.0
638,12692.779296875,177.43199157714844,0.0,0.783762514591217,60.61732864379883,60.61732864379883,60.61732864379883,0.34148138761520386,0.34148138761520386,0.3293682932853699,0.3293682932853699,0.34148138761520386,0.3293682932853699,0.34148138761520386,0.3293682932853699,0.3184813857078552,0.30636829137802124,0.02,0.324564036,0.0,0.3448297679424286,0.9999997615814209,0.01784624718129635,0.31630629301071167,0.03507344424724579,0.26868361234664917,0.3346867263317108,0.33655843138694763,0.3448297679424286,0.3448297679424286,0.3153303861618042,0.2470264583826065,0.012973010540008545,0.041715747300056845,12612.2529296875,541,nan,-1.0,True,,False,0.21398240327835083,0.0,0.21398240327835083,15.0,15.0,1.0,0.0,0.0,0.0,1.0,0.0
639,12694.0615234375,176.97418212890625,0.0,0.7833707332611084,60.627010345458984,60.627010345458984,60.627010345458984,0.3410995602607727,0.3410995602607727,0.32897278666496277,0.32897278666496277,0.3410995602607727,0.32897278666496277,0.3410995602607727,0.32897278666496277,0.3180995583534241,0.30597278475761414,0.02,0.3242178095,0.0,0.344352662563324,0.9999997615814209,0.017865771427750587,0.31749865412712097,0.03513462468981743,0.26868361234664917,0.3343524634838104,0.3362254202365875,0.344352662563324,0.344352662563324,0.31550508737564087,0.2471449077129364,0.012994885444641113,0.03789265079669551,12612.2529296875,541,nan,-1.0,True,,False,0.21366825699806213,0.0,0.21366825699806213,15.0,15.0,1.0,0.0,0.0,0.0,1.0,0.0
640,12693.3056640625,176.54702758789062,0.0,0.7789142727851868,60.63650894165039,60.63650894165039,60.63650894165039,0.3408854603767395,0.3408854603767395,0.3286032974720001,0.3286032974720001,0.3408854603767395,0.3286032974720001,0.3408854603767395,0.3286032974720001,0.31788545846939087,0.3056032955646515,0.02,0.323872,0.0,0.3440351188182831,0.9999997615814209,0.017848752439022064,0.3187296390533447,0.034940969198942184,0.26868361234664917,0.33403268456459045,0.33590540289878845,0.3440351188182831,0.3440351188182831,0.3156976103782654,0.24726071953773499,0.013010501861572266,0.039966686902011536,12612.2529296875,541,nan,-1.0,True,,False,0.21336419880390167,0.0,0.21336419880390167,15.0,15.0,1.0,0.0,0.0,0.0,1.0,0.0
641,12692.955078125,176.06277465820312,0.0,0.775181770324707,60.646507263183594,60.646507263183594,60.646507263183594,0.34048402309417725,0.34048402309417725,0.3281838893890381,0.3281838893890381,0.34048402309417725,0.3281838893890381,0.34048402309417725,0.3281838893890381,0.3174840211868286,0.30518388748168945,0.02,0.3235266105,0.0,0.3435390293598175,0.9999996423721313,0.01785767823457718,0.319783091545105,0.034999359399080276,0.26868361234664917,0.33364808559417725,0.33551812171936035,0.3435390293598175,0.3435390293598175,0.31566664576530457,0.2473730593919754,0.013013899326324463,0.016209534970888246,12612.2529296875,541,nan,-1.0,True,,False,0.21306747198104858,0.0,0.21306747198104858,15.0,15.0,1.0,0.0,0.0,0.0,1.0,0.0
642,12695.3271484375,175.66033935546875,0.0,0.7765985131263733,60.656837463378906,60.656837463378906,60.656837463378906,0.34010931849479675,0.34010931849479675,0.3278349041938782,0.3278349041938782,0.34010931849479675,0.3278349041938782,0.34010931849479675,0.3278349041938782,0.3171093165874481,0.30483490228652954,0.02,0.323181644,0.0,0.3430728316307068,0.9999997615814209,0.01788431964814663,0.3187805116176605,0.035176776349544525,0.26868361234664917,0.33335790038108826,0.335227370262146,0.3430728316307068,0.3430728316307068,0.3155551552772522,0.24748733639717102,0.013011515140533447,0.03827336128193161,12612.2529296875,541,nan,-1.0,True,,False,0.21278072893619537,0.0,0.21278072893619537,15.0,15.0,1.0,0.0,0.0,0.0,1.0,0.0
643,12698.654296875,175.25022888183594,0.0,0.7800509333610535,60.66689682006836,60.66689682006836,60.66689682006836,0.3397115468978882,0.3397115468978882,0.3274788558483124,0.3274788558483124,0.3397115468978882,0.3274788558483124,0.3397115468978882,0.3274788558483124,0.31671154499053955,0.30447885394096375,0.02,0.3228371035,0.0,0.3425872325897217,0.9999996423721313,0.01790636032819748,0.3177996575832367,0.03532729670405388,0.2686835527420044,0.3330485224723816,0.3349170386791229,0.3425872325897217,0.3425872325897217,0.3153356909751892,0.24760274589061737,0.013012588024139404,0.0449704279098013,12612.2529296875,541,nan,-1.0,True,,False,0.21250814199447632,0.0,0.21250814199447632,15.0,15.0,1.0,0.0,0.0,0.0,1.0,0.0
644,12701.2890625,174.95242309570312,0.0,0.7827177047729492,60.674888610839844,60.674888610839844,60.674888610839844,0.3394200801849365,0.3394200801849365,0.32722005248069763,0.32722005248069763,0.3394200801849365,0.32722005248069763,0.3394200801849365,0.32722005248069763,0.3164200782775879,0.304220050573349,0.02,0.322492992,0.0,0.3422147333621979,0.9999996423721313,0.01792951487004757,0.3173532783985138,0.035509657114744186,0.2686835527420044,0.33278539776802063,0.3346536457538605,0.3422147333621979,0.3422147333621979,0.31511858105659485,0.24771812558174133,0.013018012046813965,0.046173965791240335,12612.2529296875,541,nan,-1.0,True,,False,0.21225038170814514,0.0,0.21225038170814514,15.0,15.0,1.0,0.0,0.0,0.0,1.0,0.0
645,12700.9287109375,174.6106719970703,0.0,0.7798113226890564,60.68206024169922,60.68206024169922,60.68206024169922,0.3391592502593994,0.3391592502593994,0.32692277431488037,0.32692277431488037,0.3391592502593994,0.32692277431488037,0.3391592502593994,0.32692277431488037,0.3161592483520508,0.30392277240753174,0.02,0.3221493125,0.0,0.3418751358985901,0.9999996423721313,0.017914244905114174,0.31729868054389954,0.035477589815855026,0.26868361234664917,0.33252665400505066,0.33439314365386963,0.3418751060962677,0.3418751060962677,0.3147873878479004,0.24783338606357574,0.01302570104598999,0.03510597403995538,12612.2529296875,541,nan,-1.0,True,,False,0.2120070457458496,0.0,0.2120070457458496,15.0,15.0,1.0,0.0,0.0,0.0,1.0,0.0
646,12700.80078125,174.33567810058594,0.0,0.7771865129470825,60.689361572265625,60.689361572265625,60.689361572265625,0.3389667868614197,0.3389667868614197,0.3266833424568176,0.3266833424568176,0.3389667868614197,0.3266833424568176,0.3389667868614197,0.3266833424568176,0.31596678495407104,0.303683340549469,0.02,0.321806068,0.0,0.34160253405570984,0.9999996423721313,0.0178887527436018,0.31703346967697144,0.035461775958538055,0.26868361234664917,0.33232733607292175,0.3341916799545288,0.34160253405570984,0.34160253405570984,0.3143710494041443,0.2479473203420639,0.01302415132522583,0.022526782678647175,12612.2529296875,541,nan,-1.0,True,,False,0.2117728590965271,0.0,0.2117728590965271,15.0,15.0,1.0,0.0,0.0,0.0,1.0,0.0
647,12700.4267578125,173.9806365966797,0.0,0.77475905418396,60.69533157348633,60.69533157348633,60.69533157348633,0.3387433886528015,0.3387433886528015,0.32637396454811096,0.32637396454811096,0.3387433886528015,0.32637396454811096,0.3387433886528015,0.32637396454811096,0.3157433867454529,0.30337396264076233,0.02,0.32146326150000004,0.0,0.3413044512271881,0.9999996423721313,0.01788301020860672,0.3167171776294708,0.035426314920186996,0.2686835825443268,0.3320501744747162,0.33391284942626953,0.3413044512271881,0.3413044512271881,0.31390663981437683,0.24806271493434906,0.013013601303100586,0.02724045788959807,12612.2529296875,541,nan,-1.0,True,,False,0.21154902875423431,0.0,0.21154902875423431,15.0,15.0,1.0,0.0,0.0,0.0,1.0,0.0
648,12701.310546875,173.6835479736328,0.0,0.7757391929626465,60.69879150390625,60.69879150390625,60.69879150390625,0.3385838270187378,0.3385838270187378,0.32611483335494995,0.32611483335494995,0.3385838270187378,0.32611483335494995,0.3385838270187378,0.32611483335494995,0.31558382511138916,0.3031148314476013,0.02,0.32112089600000004,0.0,0.3410775065422058,0.9999996423721313,0.017836321145296097,0.3164146840572357,0.03518293797969818,0.2686835527420044,0.3318413496017456,0.33370357751846313,0.3410775065422058,0.3410775065422058,0.31341293454170227,0.24817980825901031,0.012998461723327637,0.04208625963171168,12612.2529296875,541,nan,-1.0,True,,False,0.21133790910243988,0.0,0.21133790910243988,15.0,15.0,1.0,0.0,0.0,0.0,1.0,0.0
649,12701.5693359375,173.38856506347656,0.0,0.7761874794960022,60.700435638427734,60.700435638427734,60.700435638427734,0.33840706944465637,0.33840706944465637,0.3258573114871979,0.3258573114871979,0.33840706944465637,0.3258573114871979,0.33840706944465637,0.3258573114871979,0.31540706753730774,0.30285730957984924,0.02,0.3207789745,0.0,0.3408397138118744,0.9999996423721313,0.017817864194512367,0.316089004278183,0.035104900598526,0.26868361234664917,0.33163148164749146,0.33349329233169556,0.3408397138118744,0.3408397138118744,0.3128792941570282,0.24829576909542084,0.012983500957489014,0.042615761606915235,12612.2529296875,541,nan,-1.0,True,,False,0.21114280819892883,0.0,0.21114280819892883,15.0,15.0,1.0,0.0,0.0,0.0,1.0,0.0
650,12701.564453125,173.0435028076172,0.0,0.7754549980163574,60.70397186279297,60.70397186279297,60.70397186279297,0.3380894362926483,0.3380894362926483,0.32555580139160156,0.32555580139160156,0.3380894362926483,0.32555580139160156,0.3380894362926483,0.32555580139160156,0.3150894343852997,0.30255579948425293,0.02,0.3204375,0.0,0.34044787287712097,0.9999996423721313,0.01783691719174385,0.3158353567123413,0.03525906428694725,0.26868361234664917,0.33135107159614563,0.3332114815711975,0.34044787287712097,0.34044787287712097,0.3122420012950897,0.24841061234474182,0.01296842098236084,0.017347512857264116,12612.2529296875,541,nan,-1.0,True,,False,0.21091333031654358,0.0,0.21091333031654358,15.0,15.0,1.0,0.0,0.0,0.0,1.0,0.0
651,12701.3544921875,172.774169921875,0.0,0.7742608189582825,60.707252502441406,60.707252502441406,60.707252502441406,0.33777090907096863,0.33777090907096863,0.3253202438354492,0.3253202438354492,0.33777090907096863,0.3253202438354492,0.33777090907096863,0.3253202438354492,0.31477090716362,0.3023202419281006,0.02,0.3200964755,0.0,0.3400588929653168,0.9999996423721313,0.017859118059277534,0.31559497117996216,0.03547286242246628,0.26868361234664917,0.3311268091201782,0.3329860270023346,0.34005892276763916,0.34005892276763916,0.31158119440078735,0.2485261857509613,0.012945890426635742,0.01951545940796172,12612.2529296875,541,nan,-1.0,True,,False,0.21068936586380005,0.0,0.21068936586380005,15.0,15.0,1.0,0.0,0.0,0.0,1.0,0.0
652,12700.5498046875,172.83895874023438,0.0,0.7733551263809204,60.70516586303711,60.70516586303711,60.70516586303711,0.33769235014915466,0.33769235014915466,0.3253769278526306,0.3253769278526306,0.33769235014915466,0.3253769278526306,0.33769235014915466,0.3253769278526306,0.31469234824180603,0.302376925945282,0.02,0.319755904,0.0,0.33996495604515076,0.9999996423721313,0.01788795366883278,0.31564855575561523,0.03568761795759201,0.2686835527420044,0.3311130702495575,0.332971453666687,0.33996495604515076,0.33996495604515076,0.31111469864845276,0.2486456334590912,0.012916922569274902,0.02309768626097745,12612.2529296875,541,nan,-1.0,True,,False,0.21064503490924835,0.0,0.21064503490924835,15.0,15.0,1.0,0.0,0.0,0.0,1.0,0.0
653,12699.1923828125,172.74742126464844,0.0,0.7716666460037231,60.70305633544922,60.70305633544922,60.70305633544922,0.33754196763038635,0.33754196763038635,0.3252968490123749,0.3252968490123749,0.33754196763038635,0.3252968490123749,0.33754196763038635,0.3252968490123749,0.3145419657230377,0.30229684710502625,0.02,0.31941578849999996,0.0,0.33976808190345764,0.9999996423721313,0.017876148223876953,0.3215099275112152,0.03580832853913307,0.2686835825443268,0.3310126066207886,0.33286917209625244,0.33976808190345764,0.33976808190345764,0.3104800283908844,0.2487671673297882,0.01288139820098877,0.045050391469784595,12612.2529296875,541,nan,-1.0,True,,False,0.21050289273262024,0.0,0.21050289273262024,15.0,15.0,1.0,0.0,0.0,0.0,1.0,0.0
654,12698.7021484375,172.57525634765625,0.0,0.7716418504714966,60.70153045654297,60.70153045654297,60.70153045654297,0.3373926877975464,0.3373926877975464,0.3251461684703827,0.3251461684703827,0.3373926877975464,0.3251461684703827,0.3373926877975464,0.3251461684703827,0.31439268589019775,0.30214616656303406,0.02,0.31907613199999996,0.0,0.3395787477493286,0.9999996423721313,0.017857331782579422,0.31659072637557983,0.0358242467045784,0.26868343353271484,0.3308904767036438,0.3327464461326599,0.3395787477493286,0.3395787477493286,0.3098800778388977,0.24888986349105835,0.01284557580947876,0.044492185859578766,12612.2529296875,541,nan,-1.0,True,,False,0.21037419140338898,0.0,0.21037419140338898,15.0,15.0,1.0,0.0,0.0,0.0,1.0,0.0
655,12699.3515625,172.32217407226562,0.0,0.7733524441719055,60.70176696777344,60.70176696777344,60.70176696777344,0.3372238874435425,0.3372238874435425,0.3249245584011078,0.3249245584011078,0.3372238874435425,0.3249245584011078,0.3372238874435425,0.3249245584011078,0.31422388553619385,0.30192455649375916,0.02,0.3187369375,0.0,0.33937394618988037,0.9999996423721313,0.017818916589021683,0.31699422001838684,0.035732537508010864,0.2686835825443268,0.33072754740715027,0.33258286118507385,0.33937394618988037,0.33937394618988037,0.309278279542923,0.2490135282278061,0.01280909776687622,0.036962047022017136,12612.2529296875,541,nan,-1.0,True,,False,0.21025913953781128,0.0,0.21025913953781128,15.0,15.0,1.0,0.0,0.0,0.0,1.0,0.0
656,12700.0322265625,172.0923614501953,0.0,0.7741800546646118,60.704246520996094,60.704246520996094,60.704246520996094,0.33708009123802185,0.33708009123802185,0.32472315430641174,0.32472315430641174,0.33708009123802185,0.32472315430641174,0.33708009123802185,0.32472315430641174,0.3140800893306732,0.3017231523990631,0.02,0.31839820799999996,0.0,0.3391980528831482,0.9999996423721313,0.01777777262032032,0.3173545002937317,0.03562905639410019,0.26868361234664917,0.3305842876434326,0.3324381411075592,0.3391980230808258,0.3391980230808258,0.3087190091609955,0.24914173781871796,0.012772858142852783,0.026537109978057236,12612.2529296875,541,nan,-1.0,True,,False,0.2101583331823349,0.0,0.2101583331823349,15.0,15.0,1.0,0.0,0.0,0.0,1.0,0.0
657,12699.525390625,171.91885375976562,0.0,0.7719462513923645,60.708168029785156,60.708168029785156,60.708168029785156,0.33693984150886536,0.33693984150886536,0.32457101345062256,0.32457101345062256,0.33693984150886536,0.32457101345062256,0.33693984150886536,0.32457101345062256,0.3139398396015167,0.3015710115432739,0.02,0.31805994649999997,0.0,0.3390309512615204,0.9999996423721313,0.017752204090356827,0.32117921113967896,0.03551071137189865,0.2686835527420044,0.3304709792137146,0.33232381939888,0.3390309512615204,0.3390309512615204,0.30816853046417236,0.2492719292640686,0.012734830379486084,0.020477750021705612,12612.2529296875,541,nan,-1.0,True,,False,0.21007578074932098,0.0,0.21007578074932098,15.0,15.0,1.0,0.0,0.0,0.0,1.0,0.0
658,12698.353515625,171.83323669433594,0.0,0.7681664824485779,60.712188720703125,60.712188720703125,60.712188720703125,0.3368357717990875,0.3368357717990875,0.32449591159820557,0.32449591159820557,0.3368357717990875,0.32449591159820557,0.3368357717990875,0.32449591159820557,0.3138357698917389,0.30149590969085693,0.02,0.317722156,0.0,0.33890753984451294,0.9999996423721313,0.017745530232787132,0.31828004121780396,0.03551378846168518,0.26868361234664917,0.33039602637290955,0.33224835991859436,0.33890753984451294,0.33890753984451294,0.307585746049881,0.24939988553524017,0.01269155740737915,0.01928987209814497,12612.2529296875,541,nan,-1.0,True,,False,0.21001118421554565,0.0,0.21001118421554565,15.0,15.0,1.0,0.0,0.0,0.0,1.0,0.0
659,12698.0205078125,171.74610900878906,0.0,0.7661900520324707,60.71590042114258,60.71590042114258,60.71590042114258,0.336696594953537,0.336696594953537,0.32441946864128113,0.32441946864128113,0.336696594953537,0.32441946864128113,0.336696594953537,0.32441946864128113,0.31369659304618835,0.3014194667339325,0.02,0.31738483949999996,0.0,0.3387543261051178,0.9999996423721313,0.017761990427970886,0.31915149092674255,0.035701923072338104,0.26868361234664917,0.33029255270957947,0.332144558429718,0.3387543261051178,0.3387543261051178,0.3070167601108551,0.2495253086090088,0.012643039226531982,0.03910762527246132,12612.2529296875,541,nan,-1.0,True,,False,0.20996545255184174,0.0,0.20996545255184174,15.0,15.0,1.0,0.0,0.0,0.0,1.0,0.0
660,12699.7783203125,171.7318115234375,0.0,0.7683563232421875,60.71934127807617,60.71934127807617,60.71934127807617,0.3366219401359558,0.3366219401359558,0.3244069218635559,0.3244069218635559,0.3366219401359558,0.3244069218635559,0.3366219401359558,0.3244069218635559,0.3136219382286072,0.3014069199562073,0.02,0.317048,0.0,0.3386704623699188,0.9999996423721313,0.017745597288012505,0.31917905807495117,0.03570253774523735,0.2686835527420044,0.3302474319934845,0.3320994973182678,0.3386704623699188,0.3386704623699188,0.3065189719200134,0.24965141713619232,0.01259535551071167,0.039132758821425445,12612.2529296875,541,nan,-1.0,True,,False,0.20993907749652863,0.0,0.20993907749652863,15.0,15.0,1.0,0.0,0.0,0.0,1.0,0.0
661,12701.7734375,171.694091796875,0.0,0.7714360952377319,60.721805572509766,60.721805572509766,60.721805572509766,0.3365460932254791,0.3365460932254791,0.3243738114833832,0.3243738114833832,0.3365460932254791,0.3243738114833832,0.3365460932254791,0.3243738114833832,0.3135460913181305,0.30137380957603455,0.02,0.3167116405,0.0,0.3385940194129944,0.9999996423721313,0.017739534378051758,0.3184036612510681,0.03571828082203865,0.26868361234664917,0.3301946520805359,0.3320474326610565,0.3385940194129944,0.3385940194129944,0.30604666471481323,0.24977831542491913,0.012549042701721191,0.03058840059384238,12612.2529296875,541,nan,-1.0,True,,False,0.20993193984031677,0.0,0.20993193984031677,15.0,15.0,1.0,0.0,0.0,0.0,1.0,0.0
662,12701.685546875,171.64242553710938,0.0,0.7706792950630188,60.723514556884766,60.723514556884766,60.723514556884766,0.33650878071784973,0.33650878071784973,0.3243284523487091,0.3243284523487091,0.33650878071784973,0.3243284523487091,0.33650878071784973,0.3243284523487091,0.3135087788105011,0.3013284504413605,0.02,0.316375764,0.0,0.3385612368583679,0.9999996423721313,0.017719339579343796,0.3176368474960327,0.03565710783004761,0.2686835527420044,0.33016541600227356,0.33201828598976135,0.3385612368583679,0.3385612368583679,0.30565592646598816,0.24990534782409668,0.012499749660491943,0.04053423404305553,12612.2529296875,541,nan,-1.0,True,,False,0.20994296669960022,0.0,0.20994296669960022,15.0,15.0,1.0,0.0,0.0,0.0,1.0,0.0
663,12700.51171875,171.52601623535156,0.0,0.7679117321968079,60.72515106201172,60.72515106201172,60.72515106201172,0.33643800020217896,0.33643800020217896,0.3242262601852417,0.3242262601852417,0.33643800020217896,0.3242262601852417,0.33643800020217896,0.3242262601852417,0.3134379982948303,0.30122625827789307,0.02,0.3160403735,0.0,0.3385007679462433,0.9999996423721313,0.017697935923933983,0.31701114773750305,0.03553498163819313,0.26868361234664917,0.3300985097885132,0.331951379776001,0.3385007679462433,0.3385007679462433,0.3052096366882324,0.2500319182872772,0.012450814247131348,0.03218209029000718,12612.2529296875,541,nan,-1.0,True,,False,0.20997187495231628,0.0,0.20997187495231628,15.0,15.0,1.0,0.0,0.0,0.0,1.0,0.0
664,12713.7919921875,188.61061096191406,0.0,0.7662432789802551,60.710296630859375,60.710296630859375,60.710296630859375,0.3515534996986389,0.3515534996986389,0.3388718366622925,0.3388718366622925,0.3515534996986389,0.3388718366622925,0.3515534996986389,0.3388718366622925,0.3285534977912903,0.31587183475494385,0.02,0.315705472,0.0,0.353461354970932,0.9999996423721313,0.018271109089255333,0.3180820345878601,0.036936014890670776,0.26868361234664917,0.3448673188686371,0.34671977162361145,0.353461354970932,0.353461354970932,0.31731927394866943,0.2501583695411682,0.012399375438690186,0.023288863605961926,12612.2529296875,541,nan,-1.0,True,,False,0.21001867949962616,0.0,0.21001867949962616,15.0,15.0,1.0,0.0,0.0,0.0,1.0,0.0
665,12698.865234375,171.30787658691406,0.0,0.7660498023033142,60.722660064697266,60.722660064697266,60.722660064697266,0.33633536100387573,0.33633536100387573,0.3240346610546112,0.3240346610546112,0.33633536100387573,0.3240346610546112,0.33633536100387573,0.3240346610546112,0.3133353590965271,0.3010346591472626,0.02,0.3153710625,0.0,0.33843061327934265,0.9999996423721313,0.017602475360035896,0.31626784801483154,0.035180967301130295,0.26868361234664917,0.3299722969532013,0.33182492852211,0.3384305536746979,0.3384305536746979,0.30437982082366943,0.250288188457489,0.012350022792816162,0.030016629133671004,12612.2529296875,541,nan,-1.0,True,,False,0.21007350087165833,0.0,0.21007350087165833,15.0,15.0,1.0,0.0,0.0,0.0,1.0,0.0
666,12697.7451171875,171.271484375,0.0,0.7656819224357605,60.718162536621094,60.718162536621094,60.718162536621094,0.33627671003341675,0.33627671003341675,0.3240026831626892,0.3240026831626892,0.33627671003341675,0.3240026831626892,0.33627671003341675,0.3240026831626892,0.3132767081260681,0.3010026812553406,0.02,0.315037148,0.0,0.33839765191078186,0.9999996423721313,0.01757953315973282,0.3159525692462921,0.03511276841163635,0.26868361234664917,0.3299157917499542,0.33176982402801514,0.33839765191078186,0.33839765191078186,0.3039708435535431,0.2504204511642456,0.012298047542572021,0.03494272928866041,12612.2529296875,541,nan,-1.0,True,,False,0.21014592051506042,0.0,0.21014592051506042,15.0,15.0,1.0,0.0,0.0,0.0,1.0,0.0
667,12696.4072265625,171.20748901367188,0.0,0.7651844620704651,60.71303939819336,60.71303939819336,60.71303939819336,0.3361697494983673,0.3361697494983673,0.32394644618034363,0.32394644618034363,0.3361697494983673,0.32394644618034363,0.3361697494983673,0.32394644618034363,0.3131697475910187,0.300946444272995,0.02,0.3147037315,0.0,0.3383207321166992,0.9999996423721313,0.01758851669728756,0.31561213731765747,0.03511860594153404,0.26868361234664917,0.32982468605041504,0.33167892694473267,0.3383207321166992,0.3383207321166992,0.3035770356655121,0.2505553364753723,0.01224362850189209,0.04391061556331503,12612.2529296875,541,nan,-1.0,True,,False,0.2102338671684265,0.0,0.2102338671684265,15.0,15.0,1.0,0.0,0.0,0.0,1.0,0.0
668,12695.416015625,171.26414489746094,0.0,0.7653705477714539,60.70733642578125,60.70733642578125,60.70733642578125,0.3361361622810364,0.3361361622810364,0.32399624586105347,0.32399624586105347,0.3361361622810364,0.32399624586105347,0.3361361622810364,0.32399624586105347,0.31313616037368774,0.30099624395370483,0.02,0.31437081599999994,0.0,0.3383234739303589,0.9999996423721313,0.01759399101138115,0.3208507299423218,0.035140253603458405,0.26868361234664917,0.3298252522945404,0.3316815197467804,0.3383234739303589,0.3383234739303589,0.30320683121681213,0.25069180130958557,0.012190520763397217,0.03452007405414608,12612.2529296875,541,nan,-1.0,True,,False,0.21033601462841034,0.0,0.21033601462841034,15.0,15.0,1.0,0.0,0.0,0.0,1.0,0.0
669,12695.5517578125,171.30967712402344,0.0,0.7672569751739502,60.703067779541016,60.703067779541016,60.703067779541016,0.33610740303993225,0.33610740303993225,0.32403624057769775,0.32403624057769775,0.33610740303993225,0.32403624057769775,0.33610740303993225,0.32403624057769775,0.3131074011325836,0.3010362386703491,0.02,0.3140384045,0.0,0.3383327126502991,0.9999996423721313,0.01759129762649536,0.31597697734832764,0.035152506083250046,0.2686835527420044,0.3298053443431854,0.331661194562912,0.3383327126502991,0.3383327126502991,0.3028969168663025,0.2508307993412018,0.012136101722717285,0.03627240543978082,12612.2529296875,541,nan,-1.0,True,,False,0.21045231819152832,0.0,0.21045231819152832,15.0,15.0,1.0,0.0,0.0,0.0,1.0,0.0
670,12695.365234375,171.3369140625,0.0,0.7683459520339966,60.699275970458984,60.699275970458984,60.699275970458984,0.3360856771469116,0.3360856771469116,0.3240601718425751,0.3240601718425751,0.3360856771469116,0.3240601718425751,0.3360856771469116,0.3240601718425751,0.313085675239563,0.30106016993522644,0.02,0.3137065,0.0,0.3383527398109436,0.9999996423721313,0.01756412908434868,0.3163151144981384,0.03515252843499184,0.26868361234664917,0.3297843337059021,0.33164191246032715,0.3383527398109436,0.3383527398109436,0.3026112914085388,0.2509721517562866,0.012081146240234375,0.02018145848382523,12612.2529296875,541,nan,-1.0,True,,False,0.21058346331119537,0.0,0.21058346331119537,15.0,15.0,1.0,0.0,0.0,0.0,1.0,0.0
671,12693.771484375,171.4113006591797,0.0,0.7669201493263245,60.69449996948242,60.69449996948242,60.69449996948242,0.3361532688140869,0.3361532688140869,0.3241255283355713,0.3241255283355713,0.3361532688140869,0.3241255283355713,0.3361532688140869,0.3241255283355713,0.3131532669067383,0.30112552642822266,0.02,0.3133751055,0.0,0.33846738934516907,0.9999996423721313,0.017557330429553986,0.3191608786582947,0.03505731746554375,0.2686835825443268,0.3298177719116211,0.33167609572410583,0.33846738934516907,0.33846738934516907,0.3023970425128937,0.2511138617992401,0.012018263339996338,0.033789555078126594,12612.2529296875,541,nan,-1.0,True,,False,0.21072737872600555,0.0,0.21072737872600555,15.0,15.0,1.0,0.0,0.0,0.0,1.0,0.0
672,12691.234375,171.44700622558594,0.0,0.7635939717292786,60.6899528503418,60.6899528503418,60.6899528503418,0.336211621761322,0.336211621761322,0.32415688037872314,0.32415688037872314,0.336211621761322,0.32415688037872314,0.336211621761322,0.32415688037872314,0.3132116198539734,0.3011568784713745,0.02,0.313044224,0.0,0.3385782241821289,0.9999996423721313,0.017522763460874557,0.31705111265182495,0.03489087522029877,0.2686835527420044,0.3298383951187134,0.3316980004310608,0.3385782241821289,0.3385782241821289,0.30222299695014954,0.2512539327144623,0.011945188045501709,0.03444258403356394,12612.2529296875,541,nan,-1.0,True,,False,0.21088220179080963,0.0,0.21088220179080963,15.0,15.0,1.0,0.0,0.0,0.0,1.0,0.0
673,12689.2099609375,171.44589233398438,0.0,0.7611914873123169,60.68584060668945,60.68584060668945,60.68584060668945,0.33624762296676636,0.33624762296676636,0.32415589690208435,0.32415589690208435,0.33624762296676636,0.32415589690208435,0.33624762296676636,0.32415589690208435,0.3132476210594177,0.3011558949947357,0.02,0.3127138585,0.0,0.33866679668426514,0.9999996423721313,0.017492933198809624,0.3174307644367218,0.03462491184473038,0.26868361234664917,0.32984644174575806,0.3317069411277771,0.33866679668426514,0.33866679668426514,0.30208927392959595,0.25139209628105164,0.011861979961395264,0.026925158462189656,12612.2529296875,541,nan,-1.0,True,,False,0.21104773879051208,0.0,0.21104773879051208,15.0,15.0,1.0,0.0,0.0,0.0,1.0,0.0
674,12688.3798828125,171.63059997558594,0.0,0.7607581615447998,60.68185043334961,60.68185043334961,60.68185043334961,0.33638641238212585,0.33638641238212585,0.3243180811405182,0.3243180811405182,0.33638641238212585,0.3243180811405182,0.33638641238212585,0.3243180811405182,0.3133864104747772,0.30131807923316956,0.02,0.312384012,0.0,0.3388610780239105,0.9999996423721313,0.017468519508838654,0.31761232018470764,0.03455611318349838,0.2686835527420044,0.32996416091918945,0.33182552456855774,0.3388610780239105,0.3388610780239105,0.30204206705093384,0.2515304684638977,0.011767566204071045,0.02600843243029279,12612.2529296875,541,nan,-1.0,True,,False,0.21122387051582336,0.0,0.21122387051582336,15.0,15.0,1.0,0.0,0.0,0.0,1.0,0.0
675,12687.76953125,171.81578063964844,0.0,0.7606510519981384,60.678138732910156,60.678138732910156,60.678138732910156,0.3364790976047516,0.3364790976047516,0.3244805932044983,0.3244805932044983,0.3364790976047516,0.3244805932044983,0.3364790976047516,0.3244805932044983,0.31347909569740295,0.30148059129714966,0.02,0.3120546875,0.0,0.3390154242515564,0.9999996423721313,0.01745789684355259,0.31758013367652893,0.03458087146282196,0.26868361234664917,0.330044686794281,0.3319067358970642,0.3390154540538788,0.3390154540538788,0.30200740694999695,0.2516701817512512,0.011680066585540771,0.024394398954528797,12612.2529296875,541,nan,-1.0,True,,False,0.21141082048416138,0.0,0.21141082048416138,15.0,15.0,1.0,0.0,0.0,0.0,1.0,0.0
676,12686.3955078125,172.01072692871094,0.0,0.7593050003051758,60.67366409301758,60.67366409301758,60.67366409301758,0.3365848958492279,0.3365848958492279,0.3246515691280365,0.3246515691280365,0.3365848958492279,0.3246515691280365,0.3365848958492279,0.3246515691280365,0.3135848939418793,0.30165156722068787,0.02,0.311725888,0.0,0.3391856551170349,0.9999996423721313,0.01748025231063366,0.32686102390289307,0.03459598496556282,0.2686834931373596,0.330147385597229,0.3320111036300659,0.3391856551170349,0.3391856551170349,0.3020659387111664,0.2518113851547241,0.011603176593780518,0.03816493122980723,12612.2529296875,541,nan,-1.0,True,,False,0.2116105705499649,0.0,0.2116105705499649,15.0,15.0,1.0,0.0,0.0,0.0,1.0,0.0
677,12685.6689453125,172.26412963867188,0.0,0.7596399188041687,60.66792297363281,60.66792297363281,60.66792297363281,0.3367282450199127,0.3367282450199127,0.324873685836792,0.324873685836792,0.3367282450199127,0.324873685836792,0.3367282450199127,0.324873685836792,0.3137282431125641,0.30187368392944336,0.02,0.3113976165,0.0,0.33939969539642334,0.9999996423721313,0.017486749216914177,0.3175591230392456,0.03455880284309387,0.2686835825443268,0.3303164839744568,0.3321820795536041,0.33939969539642334,0.33939969539642334,0.302256315946579,0.25195232033729553,0.011536836624145508,0.04363415877742227,12612.2529296875,541,nan,-1.0,True,,False,0.21182245016098022,0.0,0.21182245016098022,15.0,15.0,1.0,0.0,0.0,0.0,1.0,0.0
678,12685.82421875,172.48391723632812,0.0,0.761917769908905,60.66190719604492,60.66190719604492,60.66190719604492,0.33689719438552856,0.33689719438552856,0.3250662088394165,0.3250662088394165,0.33689719438552856,0.3250662088394165,0.33689719438552856,0.3250662088394165,0.31389719247817993,0.30206620693206787,0.02,0.311069876,0.0,0.3396401107311249,0.9999997615814209,0.017464835196733475,0.3209267854690552,0.03442836180329323,0.2686835527420044,0.33046755194664,0.33233359456062317,0.3396401107311249,0.3396401107311249,0.30251193046569824,0.2520940899848938,0.011483967304229736,0.04258806391994262,12612.2529296875,541,nan,-1.0,True,,False,0.21204619109630585,0.0,0.21204619109630585,15.0,15.0,1.0,0.0,0.0,0.0,1.0,0.0
679,12686.6240234375,172.73878479003906,0.0,0.7648935914039612,60.65719223022461,60.65719223022461,60.65719223022461,0.3371330201625824,0.3371330201625824,0.3252893090248108,0.3252893090248108,0.3371330201625824,0.3252893090248108,0.3371330201625824,0.3252893090248108,0.31413301825523376,0.30228930711746216,0.02,0.31074266949999996,0.0,0.3399522006511688,0.9999996423721313,0.01743093878030777,0.32694581151008606,0.03423048183321953,0.2686835825443268,0.33065393567085266,0.33252134919166565,0.3399522006511688,0.3399522006511688,0.30281761288642883,0.2522382438182831,0.011445403099060059,0.04247609764408682,12612.2529296875,541,nan,-1.0,True,,False,0.2122817486524582,0.0,0.2122817486524582,15.0,15.0,1.0,0.0,0.0,0.0,1.0,0.0
680,12686.970703125,173.0767059326172,0.0,0.7665121555328369,60.6531867980957,60.6531867980957,60.6531867980957,0.3374232351779938,0.3374232351779938,0.3255848288536072,0.3255848288536072,0.3374232351779938,0.3255848288536072,0.3374232351779938,0.3255848288536072,0.31442323327064514,0.30258482694625854,0.02,0.31041599999999997,0.0,0.3403211832046509,0.9999996423721313,0.017430653795599937,0.3175489008426666,0.03414561599493027,0.268683522939682,0.3308737576007843,0.33274218440055847,0.3403211832046509,0.3403211832046509,0.3031666576862335,0.2523847818374634,0.011420905590057373,0.041281519918508515,12612.2529296875,541,nan,-1.0,True,,False,0.21252892911434174,0.0,0.21252892911434174,15.0,15.0,1.0,0.0,0.0,0.0,1.0,0.0
681,12686.0185546875,173.4486541748047,0.0,0.7657272219657898,60.648529052734375,60.648529052734375,60.648529052734375,0.33772850036621094,0.33772850036621094,0.3259097933769226,0.3259097933769226,0.33772850036621094,0.3259097933769226,0.33772850036621094,0.3259097933769226,0.3147284984588623,0.302909791469574,0.02,0.3100898705,0.0,0.3407082259654999,0.9999996423721313,0.017411155626177788,0.3257930874824524,0.03405749425292015,0.26868361234664917,0.33111220598220825,0.33298158645629883,0.3407082259654999,0.3407082259654999,0.30370447039604187,0.2525317072868347,0.011411428451538086,0.03649990700553948,12612.2529296875,541,nan,-1.0,True,,False,0.21278756856918335,0.0,0.21278756856918335,15.0,15.0,1.0,0.0,0.0,0.0,1.0,0.0
682,12685.2939453125,173.86965942382812,0.0,0.7653096318244934,60.64384841918945,60.64384841918945,60.64384841918945,0.33805930614471436,0.33805930614471436,0.3262771964073181,0.3262771964073181,0.33805930614471436,0.3262771964073181,0.33805930614471436,0.3262771964073181,0.3150593042373657,0.3032771944999695,0.02,0.309764284,0.0,0.3411250412464142,0.9999996423721313,0.017415201291441917,0.3234120011329651,0.03408897668123245,0.26868361234664917,0.33139678835868835,0.3332674503326416,0.3411250412464142,0.3411250412464142,0.3043122887611389,0.2526780664920807,0.011415839195251465,0.027254294138401747,12612.2529296875,541,nan,-1.0,True,,False,0.21305599808692932,0.0,0.21305599808692932,15.0,15.0,1.0,0.0,0.0,0.0,1.0,0.0
683,12685.4462890625,174.26919555664062,0.0,0.7664843797683716,60.639671325683594,60.639671325683594,60.639671325683594,0.33836615085601807,0.33836615085601807,0.32662543654441833,0.32662543654441833,0.33836615085601807,0.32662543654441833,0.33836615085601807,0.32662543654441833,0.31536614894866943,0.3036254346370697,0.02,0.30943924349999996,0.0,0.3415190875530243,0.9999996423721313,0.01739688217639923,0.3164391815662384,0.03403529152274132,0.26868361234664917,0.33167868852615356,0.3335498571395874,0.3415191173553467,0.3415191173553467,0.3048561215400696,0.25282713770866394,0.011432647705078125,0.02451757674700477,12612.2529296875,541,nan,-1.0,True,,False,0.21333274245262146,0.0,0.21333274245262146,15.0,15.0,1.0,0.0,0.0,0.0,1.0,0.0
684,12685.333984375,174.74566650390625,0.0,0.7673919796943665,60.634464263916016,60.634464263916016,60.634464263916016,0.3386944532394409,0.3386944532394409,0.3270402252674103,0.3270402252674103,0.3386944532394409,0.3270402252674103,0.3386944532394409,0.3270402252674103,0.3156944513320923,0.30404022336006165,0.02,0.309114752,0.0,0.3419392704963684,0.9999996423721313,0.017395058646798134,0.3252466320991516,0.034068237990140915,0.26868361234664917,0.33201873302459717,0.33388981223106384,0.3419392704963684,0.3419392704963684,0.30538827180862427,0.2529791593551636,0.011460721492767334,0.027022204775777128,12612.2529296875,541,nan,-1.0,True,,False,0.21361777186393738,0.0,0.21361777186393738,15.0,15.0,1.0,0.0,0.0,0.0,1.0,0.0
685,12683.8525390625,175.22340393066406,0.0,0.7663204073905945,60.627342224121094,60.627342224121094,60.627342224121094,0.33902794122695923,0.33902794122695923,0.3274555504322052,0.3274555504322052,0.33902794122695923,0.3274555504322052,0.33902794122695923,0.3274555504322052,0.3160279393196106,0.30445554852485657,0.02,0.30879081249999996,0.0,0.3423665761947632,0.9999996423721313,0.017391052097082138,0.3171941041946411,0.03404043987393379,0.2686835527420044,0.33236992359161377,0.33424267172813416,0.3423665761947632,0.3423665761947632,0.30587559938430786,0.253132700920105,0.011497795581817627,0.030058807405617297,12612.2529296875,541,nan,-1.0,True,,False,0.2139100283384323,0.0,0.2139100283384323,15.0,15.0,1.0,0.0,0.0,0.0,1.0,0.0
686,12681.73828125,175.76785278320312,0.0,0.7640873789787292,60.619632720947266,60.619632720947266,60.619632720947266,0.3394414782524109,0.3394414782524109,0.32792818546295166,0.32792818546295166,0.3394414782524109,0.32792818546295166,0.3394414782524109,0.32792818546295166,0.31644147634506226,0.304928183555603,0.02,0.308467428,0.0,0.34287506341934204,0.9999996423721313,0.017375407740473747,0.3151730000972748,0.034037064760923386,0.26868361234664917,0.3327711522579193,0.33464521169662476,0.34287506341934204,0.34287506341934204,0.30642640590667725,0.25328564643859863,0.011543095111846924,0.03447658942443215,12612.2529296875,541,nan,-1.0,True,,False,0.21420912444591522,0.0,0.21420912444591522,15.0,15.0,1.0,0.0,0.0,0.0,1.0,0.0
687,12680.642578125,176.3855743408203,0.0,0.7637324929237366,60.61195373535156,60.61195373535156,60.61195373535156,0.3399359881877899,0.3399359881877899,0.32846352458000183,0.32846352458000183,0.3399359881877899,0.32846352458000183,0.3399359881877899,0.32846352458000183,0.3169359862804413,0.3054635226726532,0.02,0.3081446015,0.0,0.3434602618217468,0.9999996423721313,0.01738831214606762,0.3252844214439392,0.03413688391447067,0.26868361234664917,0.3332153856754303,0.3350884020328522,0.3434602618217468,0.3434602618217468,0.3069097101688385,0.25343719124794006,0.011593759059906006,0.037446187383870386,12612.2529296875,541,nan,-1.0,True,,False,0.21451415121555328,0.0,0.21451415121555328,15.0,15.0,1.0,0.0,0.0,0.0,1.0,0.0
688,12680.6650390625,177.04627990722656,0.0,0.765320360660553,60.604793548583984,60.604793548583984,60.604793548583984,0.34045204520225525,0.34045204520225525,0.32903510332107544,0.32903510332107544,0.34045204520225525,0.32903510332107544,0.34045204520225525,0.32903510332107544,0.3174520432949066,0.3060351014137268,0.02,0.307822336,0.0,0.34406936168670654,0.9999997615814209,0.017383994534611702,0.3148762285709381,0.034227631986141205,0.26868361234664917,0.33366528153419495,0.33553946018218994,0.34406936168670654,0.34406936168670654,0.30745989084243774,0.2535710632801056,0.011646807193756104,0.0347915740211546,12612.2529296875,541,nan,-1.0,True,,False,0.21482355892658234,0.0,0.21482355892658234,15.0,15.0,1.0,0.0,0.0,0.0,1.0,0.0
689,12680.4287109375,177.78521728515625,0.0,0.7658019065856934,60.59871292114258,60.59871292114258,60.59871292114258,0.34106022119522095,0.34106022119522095,0.32967308163642883,0.32967308163642883,0.34106022119522095,0.32967308163642883,0.34106022119522095,0.32967308163642883,0.3180602192878723,0.3066730797290802,0.02,0.3075006345,0.0,0.3447718620300293,0.9999997615814209,0.017369616776704788,0.3141328692436218,0.034231919795274734,0.26868361234664917,0.3342050313949585,0.33608198165893555,0.3447718620300293,0.3447718620300293,0.3083428740501404,0.2536911368370056,0.011709749698638916,0.028515891113784164,12612.2529296875,541,nan,-1.0,True,,False,0.21514427661895752,0.0,0.21514427661895752,15.0,15.0,1.0,0.0,0.0,0.0,1.0,0.0
690,12679.990234375,178.51321411132812,0.0,0.7652153968811035,60.59434509277344,60.59434509277344,60.59434509277344,0.3416338264942169,0.3416338264942169,0.33030033111572266,0.33030033111572266,0.3416338264942169,0.33030033111572266,0.3416338264942169,0.33030033111572266,0.3186338245868683,0.307300329208374,0.02,0.30717950000000005,0.0,0.3454447090625763,0.9999997615814209,0.017358187586069107,0.32801738381385803,0.03437773138284683,0.26868361234664917,0.3347313106060028,0.3366023004055023,0.3454447090625763,0.3454447090625763,0.30927103757858276,0.2538076639175415,0.011784553527832031,0.03679562078872954,12612.2529296875,541,nan,-1.0,True,,False,0.21547754108905792,0.0,0.21547754108905792,15.0,15.0,1.0,0.0,0.0,0.0,1.0,0.0
691,12679.58203125,179.10679626464844,0.0,0.7642190456390381,60.591827392578125,60.591827392578125,60.591827392578125,0.34211862087249756,0.34211862087249756,0.3308108150959015,0.3308108150959015,0.34211862087249756,0.3308108150959015,0.34211862087249756,0.3308108150959015,0.3191186189651489,0.30781081318855286,0.02,0.3068589355,0.0,0.3460029363632202,0.9999997615814209,0.017377641052007675,0.31360363960266113,0.034421008080244064,0.2686834931373596,0.3351725935935974,0.33704644441604614,0.3460029363632202,0.3460029363632202,0.31010857224464417,0.25391995906829834,0.011870920658111572,0.02901946553093795,12612.2529296875,541,nan,-1.0,True,,False,0.2157246619462967,0.0,0.2157246619462967,15.0,15.0,1.0,0.0,0.0,0.0,1.0,0.0
692,12680.77734375,178.88504028320312,0.0,0.7658365368843079,60.59486770629883,60.59486770629883,60.59486770629883,0.3419620394706726,0.3419620394706726,0.3306201994419098,0.3306201994419098,0.3419620394706726,0.3306201994419098,0.3419620394706726,0.3306201994419098,0.318962037563324,0.30762019753456116,0.02,0.30653894400000004,0.0,0.34579136967658997,0.9999997615814209,0.01735960692167282,0.31684428453445435,0.03430777043104172,0.2686835527420044,0.33507081866264343,0.3369441628456116,0.34579136967658997,0.34579136967658997,0.31038185954093933,0.25402769446372986,0.01195138692855835,0.03727745055059333,12612.2529296875,541,nan,-1.0,True,,False,0.2155473381280899,0.0,0.2155473381280899,15.0,15.0,1.0,0.0,0.0,0.0,1.0,0.0
693,12681.7373046875,178.64544677734375,0.0,0.7675715684890747,60.596527099609375,60.596527099609375,60.596527099609375,0.3418135344982147,0.3418135344982147,0.3304141163825989,0.3304141163825989,0.3418135344982147,0.3304141163825989,0.3418135344982147,0.3304141163825989,0.3188135325908661,0.30741411447525024,0.02,0.3062195285,0.0,0.3455857038497925,0.9999996423721313,0.017365600913763046,0.3240199089050293,0.03419537842273712,0.26868361234664917,0.3349795937538147,0.3368532955646515,0.3455857038497925,0.3455857038497925,0.31074976921081543,0.2541336715221405,0.012025773525238037,0.03578271564523069,12612.2529296875,541,nan,-1.0,True,,False,0.21536269783973694,0.0,0.21536269783973694,15.0,15.0,1.0,0.0,0.0,0.0,1.0,0.0
694,12681.4267578125,178.50001525878906,0.0,0.7668188214302063,60.59758758544922,60.59758758544922,60.59758758544922,0.3416856527328491,0.3416856527328491,0.33028897643089294,0.33028897643089294,0.3416856527328491,0.33028897643089294,0.3416856527328491,0.33028897643089294,0.3186856508255005,0.3072889745235443,0.02,0.30590069200000003,0.0,0.3453983664512634,0.9999996423721313,0.017390644177794456,0.3139263391494751,0.034260429441928864,0.26868361234664917,0.33489990234375,0.33677396178245544,0.3453983664512634,0.3453983664512634,0.3110955059528351,0.2542385756969452,0.012092769145965576,0.018837693532178592,12612.2529296875,541,nan,-1.0,True,,False,0.2151738703250885,0.0,0.2151738703250885,15.0,15.0,1.0,0.0,0.0,0.0,1.0,0.0
695,12680.912109375,178.36158752441406,0.0,0.7651451230049133,60.59988784790039,60.59988784790039,60.59988784790039,0.3415753245353699,0.3415753245353699,0.33016979694366455,0.33016979694366455,0.3415753245353699,0.33016979694366455,0.3415753245353699,0.33016979694366455,0.31857532262802124,0.3071697950363159,0.02,0.3055824375,0.0,0.34522706270217896,0.9999996423721313,0.01742151379585266,0.33075404167175293,0.034260835498571396,0.26868361234664917,0.3348334729671478,0.3367079496383667,0.34522706270217896,0.34522706270217896,0.31148988008499146,0.25433915853500366,0.012148499488830566,0.03311233462429502,12612.2529296875,541,nan,-1.0,True,,False,0.21498338878154755,0.0,0.21498338878154755,15.0,15.0,1.0,0.0,0.0,0.0,1.0,0.0
696,12681.3984375,178.22885131835938,0.0,0.7646723389625549,60.604164123535156,60.604164123535156,60.604164123535156,0.3415032923221588,0.3415032923221588,0.33005547523498535,0.33005547523498535,0.3415032923221588,0.33005547523498535,0.3415032923221588,0.33005547523498535,0.3185032904148102,0.3070554733276367,0.02,0.305264768,0.0,0.345089852809906,0.9999997615814209,0.017416318878531456,0.3229110538959503,0.03424670174717903,0.26868361234664917,0.3347567319869995,0.33663055300712585,0.345089852809906,0.345089852809906,0.31196966767311096,0.2544366717338562,0.012198686599731445,0.042789269013964154,12612.2529296875,541,nan,-1.0,True,,False,0.2147912234067917,0.0,0.2147912234067917,15.0,15.0,1.0,0.0,0.0,0.0,1.0,0.0
697,12682.6962890625,178.91123962402344,0.0,0.7658755779266357,60.6042366027832,60.6042366027832,60.6042366027832,0.3420926630496979,0.3420926630496979,0.3306427299976349,0.3306427299976349,0.3420926630496979,0.3306427299976349,0.3420926630496979,0.3306427299976349,0.31909266114234924,0.30764272809028625,0.02,0.30494768650000004,0.0,0.3457391560077667,0.9999997615814209,0.01740492507815361,0.33006152510643005,0.034227386116981506,0.26868361234664917,0.33525437116622925,0.3371276259422302,0.3457391560077667,0.3457391560077667,0.313127726316452,0.25453320145606995,0.012243509292602539,0.04019927218258898,12612.2529296875,541,nan,-1.0,True,,False,0.2150062769651413,0.0,0.2150062769651413,15.0,15.0,1.0,0.0,0.0,0.0,1.0,0.0
698,12683.5966796875,179.9043731689453,0.0,0.7665553092956543,60.602073669433594,60.602073669433594,60.602073669433594,0.3429141938686371,0.3429141938686371,0.33149540424346924,0.33149540424346924,0.3429141938686371,0.33149540424346924,0.3429141938686371,0.33149540424346924,0.31991419196128845,0.3084954023361206,0.02,0.304631196,0.0,0.34667733311653137,0.9999997615814209,0.017417704686522484,0.3227831721305847,0.03433641791343689,0.26868361234664917,0.3359594941139221,0.33783331513404846,0.3466772735118866,0.3466772735118866,0.31457582116127014,0.2546280026435852,0.012279510498046875,0.03381499268127502,12612.2529296875,541,nan,-1.0,True,,False,0.21539561450481415,0.0,0.21539561450481415,15.0,15.0,1.0,0.0,0.0,0.0,1.0,0.0
699,12682.6162109375,180.92837524414062,0.0,0.7640929818153381,60.598209381103516,60.598209381103516,60.598209381103516,0.3437359631061554,0.3437359631061554,0.33237212896347046,0.33237212896347046,0.3437359631061554,0.33237212896347046,0.3437359631061554,0.33237212896347046,0.32073596119880676,0.3093721270561218,0.02,0.3043152995,0.0,0.3476158380508423,0.9999997615814209,0.01744156889617443,0.3243944048881531,0.03454437106847763,0.2686835825443268,0.33671411871910095,0.33858710527420044,0.3476158380508423,0.3476158380508423,0.3160538971424103,0.2547200322151184,0.012304246425628662,0.027699442729095206,12612.2529296875,541,nan,-1.0,True,,False,0.21579721570014954,0.0,0.21579721570014954,15.0,15.0,1.0,0.0,0.0,0.0,1.0,0.0
700,12681.6865234375,181.93687438964844,0.0,0.7624437808990479,60.59263610839844,60.59263610839844,60.59263610839844,0.34454262256622314,0.34454262256622314,0.33323314785957336,0.33323314785957336,0.34454262256622314,0.33323314785957336,0.34454262256622314,0.33323314785957336,0.3215426206588745,0.31023314595222473,0.02,0.30400000000000005,0.0,0.34854260087013245,0.9999997615814209,0.01744811236858368,0.33249974250793457,0.034692589193582535,0.2686835527420044,0.33748865127563477,0.33936160802841187,0.34854260087013245,0.34854260087013245,0.3175741136074066,0.2548085153102875,0.012316346168518066,0.0326967982352168,12612.2529296875,541,nan,-1.0,True,,False,0.21621116995811462,0.0,0.21621116995811462,15.0,15.0,1.0,0.0,0.0,0.0,1.0,0.0
701,12681.30859375,182.98379516601562,0.0,0.7615333795547485,60.587791442871094,60.587791442871094,60.587791442871094,0.34536468982696533,0.34536468982696533,0.33412444591522217,0.33412444591522217,0.34536468982696533,0.33412444591522217,0.34536468982696533,0.33412444591522217,0.3223646879196167,0.31112444400787354,0.02,0.30368530050000003,0.0,0.3494844436645508,0.9999997615814209,0.017425939440727234,0.3225128948688507,0.03484252467751503,0.26868361234664917,0.33830660581588745,0.3401784300804138,0.3494844436645508,0.3494844436645508,0.3190624713897705,0.25489339232444763,0.012318253517150879,0.03750318855195979,12612.2529296875,541,nan,-1.0,True,,False,0.21663746237754822,0.0,0.21663746237754822,15.0,15.0,1.0,0.0,0.0,0.0,1.0,0.0
702,12680.5615234375,184.00794982910156,0.0,0.7613202929496765,60.5794677734375,60.5794677734375,60.5794677734375,0.34618285298347473,0.34618285298347473,0.3349939286708832,0.3349939286708832,0.34618285298347473,0.3349939286708832,0.34618285298347473,0.3349939286708832,0.3231828510761261,0.31199392676353455,0.02,0.303371204,0.0,0.350423127412796,0.9999997615814209,0.017442284151911736,0.3173184096813202,0.034990448504686356,0.2686835527420044,0.33911171555519104,0.3409826159477234,0.350423127412796,0.350423127412796,0.320451945066452,0.2549769878387451,0.01230931282043457,0.02257780099332902,12612.2529296875,541,nan,-1.0,True,,False,0.2170754224061966,0.0,0.2170754224061966,15.0,15.0,1.0,0.0,0.0,0.0,1.0,0.0
703,12679.228515625,185.1229248046875,0.0,0.7612863779067993,60.56731414794922,60.56731414794922,60.56731414794922,0.3470378816127777,0.3470378816127777,0.3359377384185791,0.3359377384185791,0.3470378816127777,0.3359377384185791,0.3470378816127777,0.3359377384185791,0.3240378797054291,0.31293773651123047,0.02,0.3030577135,0.0,0.35139814019203186,0.9999997615814209,0.01747714728116989,0.3235381245613098,0.035197265446186066,0.2686835825443268,0.3399561047554016,0.34182459115982056,0.35139814019203186,0.35139814019203186,0.32181239128112793,0.2550605535507202,0.012285113334655762,0.01645074683539052,12612.2529296875,541,nan,-1.0,True,,False,0.21752052009105682,0.0,0.21752052009105682,15.0,15.0,1.0,0.0,0.0,0.0,1.0,0.0
704,12677.6220703125,186.2274169921875,0.0,0.7599765062332153,60.55703353881836,60.55703353881836,60.55703353881836,0.34788763523101807,0.34788763523101807,0.33686989545822144,0.33686989545822144,0.34788763523101807,0.33686989545822144,0.34788763523101807,0.33686989545822144,0.32488763332366943,0.3138698935508728,0.02,0.302744832,0.0,0.3523649573326111,0.9999997615814209,0.017489474266767502,0.328764945268631,0.035356685519218445,0.26868361234664917,0.3407846987247467,0.34265047311782837,0.3523649573326111,0.3523649573326111,0.32316476106643677,0.2551437020301819,0.012245416641235352,0.029872602186514996,12612.2529296875,541,nan,-1.0,True,,False,0.21797199547290802,0.0,0.21797199547290802,15.0,15.0,1.0,0.0,0.0,0.0,1.0,0.0
705,12676.6787109375,187.41041564941406,0.0,0.7588186860084534,60.54929733276367,60.54929733276367,60.54929733276367,0.3488317131996155,0.3488317131996155,0.3378652334213257,0.3378652334213257,0.3488317131996155,0.3378652334213257,0.3488317131996155,0.3378652334213257,0.32583171129226685,0.31486523151397705,0.02,0.3024325625,0.0,0.35342150926589966,0.9999997615814209,0.017483478412032127,0.319856733083725,0.03543034568428993,0.2686835527420044,0.34164324402809143,0.3435061275959015,0.35342150926589966,0.35342150926589966,0.32456040382385254,0.2552254796028137,0.012192010879516602,0.028335596358778678,12612.2529296875,541,nan,-1.0,True,,False,0.21843115985393524,0.0,0.21843115985393524,15.0,15.0,1.0,0.0,0.0,0.0,1.0,0.0
706,12676.72265625,188.6826171875,0.0,0.7586042881011963,60.5436897277832,60.5436897277832,60.5436897277832,0.3497990369796753,0.3497990369796753,0.3389321267604828,0.3389321267604828,0.3497990369796753,0.3389321267604828,0.3497990369796753,0.3389321267604828,0.32679903507232666,0.31593212485313416,0.02,0.302120908,0.0,0.3545016050338745,0.9999997615814209,0.017460456117987633,0.3173002004623413,0.035617176443338394,0.2686835825443268,0.342529833316803,0.34438979625701904,0.3545016050338745,0.3545016050338745,0.3259318172931671,0.2553056478500366,0.012125194072723389,0.03213830423030433,12612.2529296875,541,nan,-1.0,True,,False,0.2188972681760788,0.0,0.2188972681760788,15.0,15.0,1.0,0.0,0.0,0.0,1.0,0.0
707,12677.1201171875,189.91932678222656,0.0,0.758768618106842,60.53908157348633,60.53908157348633,60.53908157348633,0.35074836015701294,0.35074836015701294,0.3399658203125,0.3399658203125,0.35074836015701294,0.3399658203125,0.35074836015701294,0.3399658203125,0.3277483582496643,0.31696581840515137,0.02,0.30180987150000005,0.0,0.3555610179901123,0.9999997615814209,0.01747960038483143,0.32298845052719116,0.0358075313270092,0.2686835527420044,0.34341713786125183,0.345272958278656,0.3555610179901123,0.3555610179901123,0.32727015018463135,0.2553870677947998,0.01204591989517212,0.030207340759160515,12612.2529296875,541,nan,-1.0,True,,False,0.21936900913715363,0.0,0.21936900913715363,15.0,15.0,1.0,0.0,0.0,0.0,1.0,0.0
708,12676.8974609375,189.78309631347656,0.0,0.7577588558197021,60.541175842285156,60.541175842285156,60.541175842285156,0.3507078289985657,0.3507078289985657,0.33985209465026855,0.33985209465026855,0.3507078289985657,0.33985209465026855,0.3507078289985657,0.33985209465026855,0.32770782709121704,0.3168520927429199,0.02,0.30149945600000005,0.0,0.35545676946640015,0.9999997615814209,0.017530489712953568,0.32979127764701843,0.03578001633286476,0.2686835527420044,0.3433228135108948,0.34518104791641235,0.35545676946640015,0.35545676946640015,0.32777440547943115,0.25547051429748535,0.011953949928283691,0.0182131890356282,12612.2529296875,541,nan,-1.0,True,,False,0.219124436378479,0.0,0.219124436378479,15.0,15.0,1.0,0.0,0.0,0.0,1.0,0.0
709,12675.7880859375,191.16697692871094,0.0,0.7568057775497437,60.531089782714844,60.531089782714844,60.531089782714844,0.3517376184463501,0.3517376184463501,0.34100523591041565,0.34100523591041565,0.3517376184463501,0.34100523591041565,0.3517376184463501,0.34100523591041565,0.32873761653900146,0.318005234003067,0.02,0.3011896645,0.0,0.35660937428474426,0.9999997615814209,0.017532801255583763,0.32913482189178467,0.03601325303316116,0.2686835527420044,0.3442818224430084,0.3461366593837738,0.35660940408706665,0.35660940408706665,0.32922327518463135,0.25555577874183655,0.011848807334899902,0.032939190612523817,12612.2529296875,541,nan,-1.0,True,,False,0.2196529358625412,0.0,0.2196529358625412,15.0,15.0,1.0,0.0,0.0,0.0,1.0,0.0
710,12674.015625,192.8279266357422,0.0,0.7549418807029724,60.518585205078125,60.518585205078125,60.518585205078125,0.3529653251171112,0.3529653251171112,0.3423837423324585,0.3423837423324585,0.3529653251171112,0.3423837423324585,0.3529653251171112,0.3423837423324585,0.3299653232097626,0.31938374042510986,0.02,0.3008805,0.0,0.3579813838005066,0.9999997615814209,0.0175138171762228,0.3228577673435211,0.03614579886198044,0.26868361234664917,0.3454418480396271,0.34729084372520447,0.3579813838005066,0.3579813838005066,0.3307749629020691,0.25564080476760864,0.011735975742340088,0.027683357687136676,12612.2529296875,541,nan,-1.0,True,,False,0.22031106054782867,0.0,0.22031106054782867,15.0,15.0,1.0,0.0,0.0,0.0,1.0,0.0
711,12673.044921875,194.39700317382812,0.0,0.7543213367462158,60.50743865966797,60.50743865966797,60.50743865966797,0.3540959656238556,0.3540959656238556,0.34368056058883667,0.34368056058883667,0.3540959656238556,0.34368056058883667,0.3540959656238556,0.34368056058883667,0.33109596371650696,0.32068055868148804,0.02,0.3005719655,0.0,0.3592492938041687,0.9999997615814209,0.01749437116086483,0.30983877182006836,0.03634576126933098,0.2686835825443268,0.3465688228607178,0.3484116494655609,0.3592492938041687,0.3592492938041687,0.33219587802886963,0.25572720170021057,0.01163184642791748,0.037118372717587694,12612.2529296875,541,nan,-1.0,True,,False,0.22096718847751617,0.0,0.22096718847751617,15.0,15.0,1.0,0.0,0.0,0.0,1.0,0.0
712,12673.2744140625,195.8773193359375,0.0,0.755454421043396,60.498348236083984,60.498348236083984,60.498348236083984,0.35517096519470215,0.35517096519470215,0.3448992073535919,0.3448992073535919,0.35517096519470215,0.3448992073535919,0.35517096519470215,0.3448992073535919,0.3321709632873535,0.3218992054462433,0.02,0.300264064,0.0,0.3604520559310913,0.9999997615814209,0.017449695616960526,0.3009026348590851,0.03646397963166237,0.2686835527420044,0.34765347838401794,0.34948885440826416,0.3604520559310913,0.3604520559310913,0.3336240351200104,0.25581783056259155,0.011540055274963379,0.03614363109712334,12612.2529296875,541,nan,-1.0,True,,False,0.22161847352981567,0.0,0.22161847352981567,15.0,15.0,1.0,0.0,0.0,0.0,1.0,0.0
713,12673.2197265625,197.3751678466797,0.0,0.754885196685791,60.49201202392578,60.49201202392578,60.49201202392578,0.3562026917934418,0.3562026917934418,0.34612762928009033,0.34612762928009033,0.3562026917934418,0.34612762928009033,0.3562026917934418,0.34612762928009033,0.33320268988609314,0.3231276273727417,0.02,0.2999567985,0.0,0.3616046905517578,0.9999997615814209,0.017465727403759956,0.30551445484161377,0.036737777292728424,0.2686835825443268,0.3487624526023865,0.35058996081352234,0.3616046905517578,0.3616046905517578,0.33491289615631104,0.2559126019477844,0.01146167516708374,0.03504378200159408,12612.2529296875,541,nan,-1.0,True,,False,0.22226421535015106,0.0,0.22226421535015106,15.0,15.0,1.0,0.0,0.0,0.0,1.0,0.0
714,12672.9853515625,198.5433349609375,0.0,0.7534973621368408,60.48846435546875,60.48846435546875,60.48846435546875,0.3570150136947632,0.3570150136947632,0.3470824360847473,0.3470824360847473,0.3570150136947632,0.3470824360847473,0.3570150136947632,0.3470824360847473,0.33401501178741455,0.3240824341773987,0.02,0.299650172,0.0,0.3625020384788513,0.9999997615814209,0.017476845532655716,0.3097746968269348,0.03693046420812607,0.26868361234664917,0.3496532738208771,0.35147416591644287,0.3625020384788513,0.3625020384788513,0.3359566628932953,0.2560112476348877,0.011400580406188965,0.04203350920741084,12612.2529296875,541,nan,-1.0,True,,False,0.22275714576244354,0.0,0.22275714576244354,15.0,15.0,1.0,0.0,0.0,0.0,1.0,0.0
715,12671.529296875,199.72183227539062,0.0,0.7502818703651428,60.48332977294922,60.48332977294922,60.48332977294922,0.3578270673751831,0.3578270673751831,0.3480428457260132,0.3480428457260132,0.3578270673751831,0.3480428457260132,0.3578270673751831,0.3480428457260132,0.3348270654678345,0.32504284381866455,0.02,0.2993441875,0.0,0.36339446902275085,0.9999997615814209,0.017453467473387718,0.3146441578865051,0.037070490419864655,0.26868361234664917,0.3505399823188782,0.35235387086868286,0.36339452862739563,0.36339452862739563,0.3370530903339386,0.25611183047294617,0.011355280876159668,0.04255050984405292,12612.2529296875,541,nan,-1.0,True,,False,0.22324863076210022,0.0,0.22324863076210022,15.0,15.0,1.0,0.0,0.0,0.0,1.0,0.0
716,12669.345703125,200.77188110351562,0.0,0.7466146349906921,60.47633361816406,60.47633361816406,60.47633361816406,0.358571857213974,0.358571857213974,0.34889617562294006,0.34889617562294006,0.358571857213974,0.34889617562294006,0.358571857213974,0.34889617562294006,0.33557185530662537,0.32589617371559143,0.02,0.299038848,0.0,0.3642128109931946,0.9999997615814209,0.0174387376755476,0.3063819706439972,0.037137288600206375,0.26868361234664917,0.35137739777565,0.3531842827796936,0.3642128109931946,0.3642128109931946,0.33798861503601074,0.2562139928340912,0.011325240135192871,0.04380790191417974,12612.2529296875,541,nan,-1.0,True,,False,0.22372053563594818,0.0,0.22372053563594818,15.0,15.0,1.0,0.0,0.0,0.0,1.0,0.0
717,12668.1337890625,199.99053955078125,0.0,0.7453885674476624,60.47724533081055,60.47724533081055,60.47724533081055,0.35804998874664307,0.35804998874664307,0.34826141595840454,0.34826141595840454,0.35804998874664307,0.34826141595840454,0.35804998874664307,0.34826141595840454,0.33504998683929443,0.3252614140510559,0.02,0.2987341565,0.0,0.36359089612960815,0.9999997615814209,0.01750553771853447,0.3155457079410553,0.03716347739100456,0.26868361234664917,0.3507343530654907,0.3525497019290924,0.36359089612960815,0.36359089612960815,0.3378477394580841,0.25631946325302124,0.011309444904327393,0.03885979360913754,12612.2529296875,541,nan,-1.0,True,,False,0.22311629354953766,0.0,0.22311629354953766,15.0,15.0,1.0,0.0,0.0,0.0,1.0,0.0
718,12667.392578125,199.02987670898438,0.0,0.7451903223991394,60.47883987426758,60.47883987426758,60.47883987426758,0.3574240803718567,0.3574240803718567,0.34747928380966187,0.34747928380966187,0.3574240803718567,0.34747928380966187,0.3574240803718567,0.34747928380966187,0.33442407846450806,0.32447928190231323,0.02,0.298430116,0.0,0.3628571033477783,0.9999997615814209,0.017543556168675423,0.3150973916053772,0.03705579787492752,0.26868361234664917,0.35005998611450195,0.35188329219818115,0.3628571033477783,0.3628571033477783,0.3375401198863983,0.2564299702644348,0.011307179927825928,0.030725275397546485,12612.2529296875,541,nan,-1.0,True,,False,0.22250604629516602,0.0,0.22250604629516602,15.0,15.0,1.0,0.0,0.0,0.0,1.0,0.0
719,12667.458984375,197.97093200683594,0.0,0.7463585138320923,60.481544494628906,60.481544494628906,60.481544494628906,0.35676804184913635,0.35676804184913635,0.34661492705345154,0.34661492705345154,0.35676804184913635,0.34661492705345154,0.35676804184913635,0.34661492705345154,0.3337680399417877,0.3236149251461029,0.02,0.29812672949999997,0.0,0.3620865046977997,0.9999997615814209,0.01758573204278946,0.32067009806632996,0.03695866838097572,0.2686835527420044,0.3493993282318115,0.3512301743030548,0.3620865046977997,0.3620865046977997,0.3371991813182831,0.2565455436706543,0.011315762996673584,0.02411228896299791,12612.2529296875,541,nan,-1.0,True,,False,0.2218942642211914,0.0,0.2218942642211914,15.0,15.0,1.0,0.0,0.0,0.0,1.0,0.0
720,12667.21484375,197.02413940429688,0.0,0.7462687492370605,60.48528289794922,60.48528289794922,60.48528289794922,0.3561256527900696,0.3561256527900696,0.3458401560783386,0.3458401560783386,0.3561256527900696,0.3458401560783386,0.3561256527900696,0.3458401560783386,0.33312565088272095,0.32284015417099,0.02,0.297824,0.0,0.3613232374191284,0.9999997615814209,0.01763441599905491,0.31633833050727844,0.036979809403419495,0.2686835825443268,0.34868311882019043,0.3505213260650635,0.3613232374191284,0.3613232374191284,0.3367287814617157,0.2566654086112976,0.011336207389831543,0.022780104887917534,12612.2529296875,541,nan,-1.0,True,,False,0.22128154337406158,0.0,0.22128154337406158,15.0,15.0,1.0,0.0,0.0,0.0,1.0,0.0
721,12667.013671875,196.08753967285156,0.0,0.7461652755737305,60.489219665527344,60.489219665527344,60.489219665527344,0.35547852516174316,0.35547852516174316,0.3450719118118286,0.3450719118118286,0.35547852516174316,0.3450719118118286,0.35547852516174316,0.3450719118118286,0.33247852325439453,0.32207190990448,0.02,0.2975219305,0.0,0.36054617166519165,0.9999997615814209,0.017682038247585297,0.31200429797172546,0.037019018083810806,0.2686835527420044,0.347970575094223,0.34981581568717957,0.36054617166519165,0.36054617166519165,0.33613497018814087,0.2567877769470215,0.011370301246643066,0.023699312574333616,12612.2529296875,541,nan,-1.0,True,,False,0.22066785395145416,0.0,0.22066785395145416,15.0,15.0,1.0,0.0,0.0,0.0,1.0,0.0
722,12665.671875,194.70628356933594,0.0,0.7447986006736755,60.49283218383789,60.49283218383789,60.49283218383789,0.35459840297698975,0.35459840297698975,0.3439355492591858,0.3439355492591858,0.35459840297698975,0.3439355492591858,0.35459840297698975,0.3439355492591858,0.3315984010696411,0.32093554735183716,0.02,0.297220524,0.0,0.3595300316810608,0.9999997615814209,0.017680443823337555,0.3070680499076843,0.036685120314359665,0.26868361234664917,0.3471807837486267,0.3490320146083832,0.3595300316810608,0.3595300316810608,0.33523818850517273,0.2569088935852051,0.011415064334869385,0.019791707635805424,12612.2529296875,541,nan,-1.0,True,,False,0.2200532853603363,0.0,0.2200532853603363,15.0,15.0,1.0,0.0,0.0,0.0,1.0,0.0
723,12664.751953125,194.6041717529297,0.0,0.7440323829650879,60.490657806396484,60.490657806396484,60.490657806396484,0.3545597493648529,0.3545597493648529,0.34385138750076294,0.34385138750076294,0.3545597493648529,0.34385138750076294,0.3545597493648529,0.34385138750076294,0.3315597474575043,0.3208513855934143,0.02,0.29691978350000003,0.0,0.3594672679901123,0.9999997615814209,0.0176716186106205,0.30086463689804077,0.036618731915950775,0.2686835527420044,0.3471839129924774,0.3490360975265503,0.3594672679901123,0.3594672679901123,0.3347930312156677,0.25703054666519165,0.0114707350730896,0.026083460860213056,12612.2529296875,541,nan,-1.0,True,,False,0.21995574235916138,0.0,0.21995574235916138,15.0,15.0,1.0,0.0,0.0,0.0,1.0,0.0
724,12664.20703125,195.19093322753906,0.0,0.7439753413200378,60.48514175415039,60.48514175415039,60.48514175415039,0.3549695909023285,0.3549695909023285,0.3443347215652466,0.3443347215652466,0.3549695909023285,0.3443347215652466,0.3549695909023285,0.3443347215652466,0.33196958899497986,0.32133471965789795,0.02,0.29661971200000004,0.0,0.35991936922073364,0.9999997615814209,0.017718806862831116,0.2952355444431305,0.03680790960788727,0.268683522939682,0.34753936529159546,0.3493894934654236,0.35991936922073364,0.35991936922073364,0.3346395790576935,0.25715208053588867,0.011538326740264893,0.03312277664372232,12612.2529296875,541,nan,-1.0,True,,False,0.22014406323432922,0.0,0.22014406323432922,15.0,15.0,1.0,0.0,0.0,0.0,1.0,0.0
725,12664.5126953125,195.49806213378906,0.0,0.7457253932952881,60.48076248168945,60.48076248168945,60.48076248168945,0.3551881015300751,0.3551881015300751,0.34458744525909424,0.34458744525909424,0.3551881015300751,0.34458744525909424,0.3551881015300751,0.34458744525909424,0.33218809962272644,0.3215874433517456,0.02,0.2963203125,0.0,0.3601744472980499,0.9999997615814209,0.01774013787508011,0.2924124300479889,0.03687731921672821,0.2686835825443268,0.3478417992591858,0.3496904969215393,0.36017441749572754,0.36017441749572754,0.334306925535202,0.2572742700576782,0.011613667011260986,0.01524311838471072,12612.2529296875,541,nan,-1.0,True,,False,0.22032420337200165,0.0,0.22032420337200165,15.0,15.0,1.0,0.0,0.0,0.0,1.0,0.0
726,12663.9794921875,195.94741821289062,0.0,0.7455918192863464,60.47618103027344,60.47618103027344,60.47618103027344,0.3555166721343994,0.3555166721343994,0.34495681524276733,0.34495681524276733,0.3555166721343994,0.34495681524276733,0.3555166721343994,0.34495681524276733,0.3325166702270508,0.3219568133354187,0.02,0.296021588,0.0,0.3605426549911499,0.9999997615814209,0.017751067876815796,0.296337366104126,0.03692334517836571,0.26868361234664917,0.34822577238082886,0.35007283091545105,0.3605426549911499,0.3605426549911499,0.3338782489299774,0.25739628076553345,0.011705100536346436,0.02241927401337307,12612.2529296875,541,nan,-1.0,True,,False,0.22050262987613678,0.0,0.22050262987613678,15.0,15.0,1.0,0.0,0.0,0.0,1.0,0.0
727,12662.62109375,196.4017333984375,0.0,0.7438497543334961,60.471473693847656,60.471473693847656,60.471473693847656,0.3558449447154999,0.3558449447154999,0.34532982110977173,0.34532982110977173,0.3558449447154999,0.34532982110977173,0.3558449447154999,0.34532982110977173,0.33284494280815125,0.3223298192024231,0.02,0.2957235415,0.0,0.36090919375419617,0.9999997615814209,0.01778830774128437,0.3015371859073639,0.0369977131485939,0.26868361234664917,0.3485572040081024,0.3504024147987366,0.36090919375419617,0.36090919375419617,0.3333764672279358,0.25751641392707825,0.011810719966888428,0.021021500855567865,12612.2529296875,541,nan,-1.0,True,,False,0.22068776190280914,0.0,0.22068776190280914,15.0,15.0,1.0,0.0,0.0,0.0,1.0,0.0
728,12661.2958984375,196.9423065185547,0.0,0.7419087886810303,60.46699523925781,60.46699523925781,60.46699523925781,0.35622501373291016,0.35622501373291016,0.3457731008529663,0.3457731008529663,0.35622501373291016,0.3457731008529663,0.35622501373291016,0.3457731008529663,0.3332250118255615,0.3227730989456177,0.02,0.295426176,0.0,0.36132925748825073,0.9999997615814209,0.01781219244003296,0.3068698048591614,0.03714103251695633,0.26868361234664917,0.3489570915699005,0.35080021619796753,0.36132925748825073,0.36132925748825073,0.33309024572372437,0.2576359510421753,0.011910319328308105,0.025094433926925477,12612.2529296875,541,nan,-1.0,True,,False,0.22087828814983368,0.0,0.22087828814983368,15.0,15.0,1.0,0.0,0.0,0.0,1.0,0.0
729,12660.5126953125,197.46409606933594,0.0,0.7408193349838257,60.46319580078125,60.46319580078125,60.46319580078125,0.3565925359725952,0.3565925359725952,0.3462004065513611,0.3462004065513611,0.3565925359725952,0.3462004065513611,0.3565925359725952,0.3462004065513611,0.3335925340652466,0.32320040464401245,0.02,0.29512949450000003,0.0,0.3617366552352905,0.9999997615814209,0.01782357692718506,0.31168192625045776,0.03725415840744972,0.2686835825443268,0.3493376672267914,0.35117819905281067,0.3617366552352905,0.3617366552352905,0.33293163776397705,0.2577555477619171,0.012003004550933838,0.032040084312838085,12612.2529296875,541,nan,-1.0,True,,False,0.22107438743114471,0.0,0.22107438743114471,15.0,15.0,1.0,0.0,0.0,0.0,1.0,0.0
730,12660.517578125,197.94326782226562,0.0,0.7412830591201782,60.45966339111328,60.45966339111328,60.45966339111328,0.3569502532482147,0.3569502532482147,0.3465923070907593,0.3465923070907593,0.3569502532482147,0.3465923070907593,0.3569502532482147,0.3465923070907593,0.3339502513408661,0.32359230518341064,0.02,0.2948335,0.0,0.3621302545070648,0.9999997615814209,0.01780669577419758,0.3171257972717285,0.03729098662734032,0.2686835527420044,0.349715918302536,0.35155391693115234,0.3621302545070648,0.3621302545070648,0.33279886841773987,0.2578780949115753,0.012089133262634277,0.026213528640154336,12612.2529296875,541,nan,-1.0,True,,False,0.22126390039920807,0.0,0.22126390039920807,15.0,15.0,1.0,0.0,0.0,0.0,1.0,0.0
731,12661.669921875,198.36778259277344,0.0,0.7442566752433777,60.45587158203125,60.45587158203125,60.45587158203125,0.3572806417942047,0.3572806417942047,0.3469391167163849,0.3469391167163849,0.3572806417942047,0.3469391167163849,0.3572806417942047,0.3469391167163849,0.3342806398868561,0.32393911480903625,0.02,0.29453819550000004,0.0,0.36249542236328125,0.9999997615814209,0.01779927685856819,0.319760262966156,0.03731996566057205,0.26868361234664917,0.3500654399394989,0.351901113986969,0.36249542236328125,0.36249542236328125,0.33268049359321594,0.2580049932003021,0.01216346025466919,0.029603969473909173,12612.2529296875,541,nan,-1.0,True,,False,0.2214449793100357,0.0,0.2214449793100357,15.0,15.0,1.0,0.0,0.0,0.0,1.0,0.0
732,12662.4736328125,198.8125457763672,0.0,0.7465157508850098,60.45201873779297,60.45201873779297,60.45201873779297,0.3576319217681885,0.3576319217681885,0.34730207920074463,0.34730207920074463,0.3576319217681885,0.34730207920074463,0.3576319217681885,0.34730207920074463,0.33463191986083984,0.324302077293396,0.02,0.294243584,0.0,0.3628796935081482,0.9999997615814209,0.01776946149766445,0.3187457323074341,0.03731309995055199,0.2686835527420044,0.3504420220851898,0.3522759974002838,0.3628796935081482,0.3628796935081482,0.3326834738254547,0.25813302397727966,0.01222008466720581,0.020532167720375583,12612.2529296875,541,nan,-1.0,True,,False,0.22162394225597382,0.0,0.22162394225597382,15.0,15.0,1.0,0.0,0.0,0.0,1.0,0.0
733,12661.015625,199.2799530029297,0.0,0.7440860271453857,60.448463439941406,60.448463439941406,60.448463439941406,0.35801270604133606,0.35801270604133606,0.3476830720901489,0.3476830720901489,0.35801270604133606,0.3476830720901489,0.35801270604133606,0.3476830720901489,0.3350127041339874,0.3246830701828003,0.02,0.2939496685,0.0,0.3632937967777252,0.9999997615814209,0.01775115355849266,0.3243495523929596,0.03730618953704834,0.26868361234664917,0.3508506417274475,0.3526829481124878,0.3632937967777252,0.3632937967777252,0.332785040140152,0.25826123356819153,0.012257039546966553,0.031911055854935616,12612.2529296875,541,nan,-1.0,True,,False,0.22180089354515076,0.0,0.22180089354515076,15.0,15.0,1.0,0.0,0.0,0.0,1.0,0.0
734,12659.5283203125,199.70301818847656,0.0,0.7415416836738586,60.445274353027344,60.445274353027344,60.445274353027344,0.358346164226532,0.358346164226532,0.3480275273323059,0.3480275273323059,0.358346164226532,0.3480275273323059,0.358346164226532,0.3480275273323059,0.33534616231918335,0.3250275254249573,0.02,0.293656452,0.0,0.36365994811058044,0.9999997615814209,0.017713941633701324,0.32095837593078613,0.0371842123568058,0.2686834931373596,0.3512456715106964,0.3530759811401367,0.36365994811058044,0.36365994811058044,0.33282238245010376,0.25838762521743774,0.012284457683563232,0.03167410357046821,12612.2529296875,541,nan,-1.0,True,,False,0.2219822257757187,0.0,0.2219822257757187,15.0,15.0,1.0,0.0,0.0,0.0,1.0,0.0
735,12658.5205078125,200.1102294921875,0.0,0.7399256229400635,60.44223403930664,60.44223403930664,60.44223403930664,0.35867100954055786,0.35867100954055786,0.34835875034332275,0.34835875034332275,0.35867100954055786,0.34835875034332275,0.35867100954055786,0.34835875034332275,0.33567100763320923,0.3253587484359741,0.02,0.2933639375,0.0,0.36401796340942383,0.9999997615814209,0.017701711505651474,0.3147604465484619,0.037210866808891296,0.26868361234664917,0.351629376411438,0.3534577786922455,0.36401796340942383,0.36401796340942383,0.33289146423339844,0.25851213932037354,0.012301743030548096,0.02978226516279392,12612.2529296875,541,nan,-1.0,True,,False,0.22216877341270447,0.0,0.22216877341270447,15.0,15.0,1.0,0.0,0.0,0.0,1.0,0.0
736,12658.326171875,200.48239135742188,0.0,0.7399807572364807,60.43927001953125,60.43927001953125,60.43927001953125,0.3589420020580292,0.3589420020580292,0.3486611545085907,0.3486611545085907,0.3589420020580292,0.3486611545085907,0.3589420020580292,0.3486611545085907,0.33594200015068054,0.32566115260124207,0.02,0.29307212800000004,0.0,0.3643205463886261,0.9999997615814209,0.017696818336844444,0.30830737948417664,0.037259601056575775,0.2686835825443268,0.3519704043865204,0.3537967801094055,0.3643205463886261,0.3643205463886261,0.33290696144104004,0.2586386799812317,0.012305855751037598,0.03488684187242244,12612.2529296875,541,nan,-1.0,True,,False,0.22234748303890228,0.0,0.22234748303890228,15.0,15.0,1.0,0.0,0.0,0.0,1.0,0.0
737,12658.2568359375,200.92356872558594,0.0,0.7399986386299133,60.436668395996094,60.436668395996094,60.436668395996094,0.35924869775772095,0.35924869775772095,0.34901928901672363,0.34901928901672363,0.35924869775772095,0.34901928901672363,0.35924869775772095,0.34901928901672363,0.3362486958503723,0.326019287109375,0.02,0.2927810265,0.0,0.36465832591056824,0.9999997615814209,0.017713475972414017,0.3018640875816345,0.037427376955747604,0.2686835527420044,0.3523063361644745,0.3541303873062134,0.36465832591056824,0.36465832591056824,0.3330238461494446,0.2587684690952301,0.012300252914428711,0.03565506111448889,12612.2529296875,541,nan,-1.0,True,,False,0.22251805663108826,0.0,0.22251805663108826,15.0,15.0,1.0,0.0,0.0,0.0,1.0,0.0
738,12658.4326171875,201.3273468017578,0.0,0.7403786182403564,60.43457794189453,60.43457794189453,60.43457794189453,0.3595380485057831,0.3595380485057831,0.34934669733047485,0.34934669733047485,0.3595380485057831,0.34934669733047485,0.3595380485057831,0.34934669733047485,0.33653804659843445,0.3263466954231262,0.02,0.292490636,0.0,0.3649764657020569,0.9999997615814209,0.01769830845296383,0.2955111563205719,0.03744199126958847,0.26868361234664917,0.3526245057582855,0.3544464409351349,0.3649764657020569,0.3649764657020569,0.33314967155456543,0.25890177488327026,0.012285172939300537,0.016368188179007523,12612.2529296875,541,nan,-1.0,True,,False,0.2226795107126236,0.0,0.2226795107126236,15.0,15.0,1.0,0.0,0.0,0.0,1.0,0.0
739,12657.974609375,201.70773315429688,0.0,0.7392017841339111,60.43333053588867,60.43333053588867,60.43333053588867,0.3598099648952484,0.3598099648952484,0.3496548533439636,0.3496548533439636,0.3598099648952484,0.3496548533439636,0.3598099648952484,0.3496548533439636,0.3368099629878998,0.326654851436615,0.02,0.2922009595,0.0,0.36527517437934875,0.9999997615814209,0.017679980024695396,0.28932809829711914,0.03748767077922821,0.26868361234664917,0.3529447019100189,0.35476452112197876,0.36527517437934875,0.36527517437934875,0.3333221673965454,0.2590363919734955,0.012256741523742676,0.03347451759651045,12612.2529296875,541,nan,-1.0,True,,False,0.2228369116783142,0.0,0.2228369116783142,15.0,15.0,1.0,0.0,0.0,0.0,1.0,0.0
740,12658.544921875,202.06365966796875,0.0,0.7399324178695679,60.43257522583008,60.43257522583008,60.43257522583008,0.3600575923919678,0.3600575923919678,0.3499429225921631,0.3499429225921631,0.3600575923919678,0.3499429225921631,0.3600575923919678,0.3499429225921631,0.33705759048461914,0.32694292068481445,0.02,0.291912,0.0,0.3655489683151245,0.9999997615814209,0.017706120386719704,0.2906133234500885,0.03758938983082771,0.2686835825443268,0.3532077968120575,0.35502538084983826,0.3655489683151245,0.3655489683151245,0.3335117995738983,0.25916895270347595,0.01221168041229248,0.040876877414929264,12612.2529296875,541,nan,-1.0,True,,False,0.22299760580062866,0.0,0.22299760580062866,15.0,15.0,1.0,0.0,0.0,0.0,1.0,0.0
741,12659.8671875,202.49574279785156,0.0,0.7420013546943665,60.431854248046875,60.431854248046875,60.431854248046875,0.36035075783729553,0.36035075783729553,0.35029229521751404,0.35029229521751404,0.36035075783729553,0.35029229521751404,0.36035075783729553,0.35029229521751404,0.3373507559299469,0.3272922933101654,0.02,0.2916237605,0.0,0.36586764454841614,0.9999997615814209,0.017703423276543617,0.28923675417900085,0.03763234615325928,0.26868361234664917,0.3534994423389435,0.3553147614002228,0.36586764454841614,0.36586764454841614,0.3337143063545227,0.2593002915382385,0.012150347232818604,0.04081596427487158,12612.2529296875,541,nan,-1.0,True,,False,0.22316034138202667,0.0,0.22316034138202667,15.0,15.0,1.0,0.0,0.0,0.0,1.0,0.0
742,12660.751953125,202.8768310546875,0.0,0.7432775497436523,60.431182861328125,60.431182861328125,60.431182861328125,0.36062467098236084,0.36062467098236084,0.35060012340545654,0.35060012340545654,0.36062467098236084,0.35060012340545654,0.36062467098236084,0.35060012340545654,0.3376246690750122,0.3276001214981079,0.02,0.291336244,0.0,0.3661670982837677,0.9999997615814209,0.017712343484163284,0.28660324215888977,0.03773168474435806,0.2686835527420044,0.3537972867488861,0.35561037063598633,0.3661670982837677,0.3661670982837677,0.3338846266269684,0.25943031907081604,0.01207268238067627,0.03860327291638694,12612.2529296875,541,nan,-1.0,True,,False,0.22332541644573212,0.0,0.22332541644573212,15.0,15.0,1.0,0.0,0.0,0.0,1.0,0.0
743,12661.376953125,203.15655517578125,0.0,0.7442982196807861,60.430355072021484,60.430355072021484,60.430355072021484,0.36085689067840576,0.36085689067840576,0.3508259057998657,0.3508259057998657,0.36085689067840576,0.3508259057998657,0.36085689067840576,0.3508259057998657,0.33785688877105713,0.3278259038925171,0.02,0.2910494535,0.0,0.36642658710479736,0.9999997615814209,0.017712898552417755,0.2921645939350128,0.03766942396759987,0.26868361234664917,0.35407745838165283,0.3558879494667053,0.36642664670944214,0.36642664670944214,0.33415451645851135,0.2595577836036682,0.011977970600128174,0.025339833641838696,12612.2529296875,541,nan,-1.0,True,,False,0.22349414229393005,0.0,0.22349414229393005,15.0,15.0,1.0,0.0,0.0,0.0,1.0,0.0
744,12661.09765625,203.58221435546875,0.0,0.7433438897132874,60.42921829223633,60.42921829223633,60.42921829223633,0.36115479469299316,0.36115479469299316,0.3511691391468048,0.3511691391468048,0.36115479469299316,0.3511691391468048,0.36115479469299316,0.3511691391468048,0.33815479278564453,0.3281691372394562,0.02,0.290763392,0.0,0.36674946546554565,0.9999997615814209,0.017730148509144783,0.297542929649353,0.037876300513744354,0.26868361234664917,0.35436713695526123,0.3561747670173645,0.36674946546554565,0.36674946546554565,0.33444851636886597,0.2596845030784607,0.011870741844177246,0.03455468455083772,12612.2529296875,541,nan,-1.0,True,,False,0.22365431487560272,0.0,0.22365431487560272,15.0,15.0,1.0,0.0,0.0,0.0,1.0,0.0
745,12661.021484375,203.86634826660156,0.0,0.7429476976394653,60.42840576171875,60.42840576171875,60.42840576171875,0.36139029264450073,0.36139029264450073,0.3513980805873871,0.3513980805873871,0.36139029264450073,0.3513980805873871,0.36139029264450073,0.3513980805873871,0.3383902907371521,0.32839807868003845,0.02,0.29047806249999997,0.0,0.3670082092285156,0.9999997615814209,0.017729271203279495,0.30268076062202454,0.03786395117640495,0.26868361234664917,0.3546137511730194,0.3564188778400421,0.3670082092285156,0.3670082092285156,0.33463242650032043,0.25981178879737854,0.011756181716918945,0.029422384023847472,12612.2529296875,541,nan,-1.0,True,,False,0.22380611300468445,0.0,0.22380611300468445,15.0,15.0,1.0,0.0,0.0,0.0,1.0,0.0
746,12661.5556640625,204.18240356445312,0.0,0.7435863614082336,60.42790222167969,60.42790222167969,60.42790222167969,0.36163148283958435,0.36163148283958435,0.3516525328159332,0.3516525328159332,0.36163148283958435,0.3516525328159332,0.36163148283958435,0.3516525328159332,0.3386314809322357,0.3286525309085846,0.02,0.290193468,0.0,0.367270290851593,0.9999997615814209,0.017717167735099792,0.30758512020111084,0.037893570959568024,0.2686835527420044,0.3548997640609741,0.3567028045654297,0.367270290851593,0.367270290851593,0.3348912000656128,0.2599413990974426,0.011651337146759033,0.03487716574131304,12612.2529296875,541,nan,-1.0,True,,False,0.22394679486751556,0.0,0.22394679486751556,15.0,15.0,1.0,0.0,0.0,0.0,1.0,0.0
747,12661.251953125,204.48976135253906,0.0,0.7425204515457153,60.42750930786133,60.42750930786133,60.42750930786133,0.36188796162605286,0.36188796162605286,0.35189980268478394,0.35189980268478394,0.36188796162605286,0.35189980268478394,0.36188796162605286,0.35189980268478394,0.3388879597187042,0.3288998007774353,0.02,0.2899096115,0.0,0.3675464689731598,0.9999997615814209,0.01773264817893505,0.3124830722808838,0.03787502273917198,0.26868361234664917,0.35517802834510803,0.35697904229164124,0.3675464987754822,0.3675464987754822,0.3351079821586609,0.26007339358329773,0.011562049388885498,0.03192055107663489,12612.2529296875,541,nan,-1.0,True,,False,0.22408339381217957,0.0,0.22408339381217957,15.0,15.0,1.0,0.0,0.0,0.0,1.0,0.0
748,12661.201171875,205.00738525390625,0.0,0.7421059608459473,60.42570495605469,60.42570495605469,60.42570495605469,0.36228328943252563,0.36228328943252563,0.3523158133029938,0.3523158133029938,0.36228328943252563,0.3523158133029938,0.36228328943252563,0.3523158133029938,0.339283287525177,0.32931581139564514,0.02,0.289626496,0.0,0.36797237396240234,0.9999997615814209,0.01772591657936573,0.3097915053367615,0.03794162720441818,0.26868361234664917,0.35558056831359863,0.357377827167511,0.36797237396240234,0.36797237396240234,0.3355375826358795,0.26020699739456177,0.011488854885101318,0.015774581293549597,12612.2529296875,541,nan,-1.0,True,,False,0.22429729998111725,0.0,0.22429729998111725,15.0,15.0,1.0,0.0,0.0,0.0,1.0,0.0
749,12660.794921875,205.44448852539062,0.0,0.7415030598640442,60.42299270629883,60.42299270629883,60.42299270629883,0.3626432716846466,0.3626432716846466,0.3526667058467865,0.3526667058467865,0.3626432716846466,0.3526667058467865,0.3626432716846466,0.3526667058467865,0.339643269777298,0.32966670393943787,0.02,0.2893441245,0.0,0.3683570623397827,0.9999997615814209,0.017737817019224167,0.30581435561180115,0.03789985924959183,0.26868361234664917,0.355985552072525,0.3577805459499359,0.3683570623397827,0.3683570623397827,0.33589354157447815,0.2603403329849243,0.011426091194152832,0.022203186237473145,12612.2529296875,541,nan,-1.0,True,,False,0.22447282075881958,0.0,0.22447282075881958,15.0,15.0,1.0,0.0,0.0,0.0,1.0,0.0
750,12660.490234375,205.60733032226562,0.0,0.7419376969337463,60.41957092285156,60.41957092285156,60.41957092285156,0.362778902053833,0.362778902053833,0.35279732942581177,0.35279732942581177,0.362778902053833,0.35279732942581177,0.362778902053833,0.35279732942581177,0.3397789001464844,0.32979732751846313,0.02,0.2890625,0.0,0.3684976100921631,0.9999997615814209,0.0177310798317194,0.3109804391860962,0.03787429258227348,0.26868361234664917,0.35616081953048706,0.3579546809196472,0.3684976100921631,0.3684976100921631,0.3360636234283447,0.26047295331954956,0.011374056339263916,0.03266732339236316,12612.2529296875,541,nan,-1.0,True,,False,0.22451595962047577,0.0,0.22451595962047577,15.0,15.0,1.0,0.0,0.0,0.0,1.0,0.0
751,12661.7861328125,206.0768585205078,0.0,0.7458197474479675,60.413997650146484,60.413997650146484,60.413997650146484,0.36312854290008545,0.36312854290008545,0.3531736731529236,0.3531736731529236,0.36312854290008545,0.3531736731529236,0.36312854290008545,0.3531736731529236,0.3401285409927368,0.33017367124557495,0.02,0.28878162549999997,0.0,0.3688642978668213,0.9999997615814209,0.017753589898347855,0.3158290386199951,0.03799066320061684,0.26868361234664917,0.3564983308315277,0.35829052329063416,0.3688642978668213,0.3688642978668213,0.33637863397598267,0.26060834527015686,0.011324942111968994,0.02893186843882884,12612.2529296875,541,nan,-1.0,True,,False,0.2246471345424652,0.0,0.2246471345424652,15.0,15.0,1.0,0.0,0.0,0.0,1.0,0.0
752,12662.064453125,206.59242248535156,0.0,0.7480114102363586,60.40733337402344,60.40733337402344,60.40733337402344,0.36349910497665405,0.36349910497665405,0.35358643531799316,0.35358643531799316,0.36349910497665405,0.35358643531799316,0.36349910497665405,0.35358643531799316,0.3404991030693054,0.33058643341064453,0.02,0.28850150399999996,0.0,0.36925390362739563,0.9999997615814209,0.017767174169421196,0.3192075490951538,0.03813888877630234,0.2686835527420044,0.3569045960903168,0.3586949408054352,0.36925390362739563,0.36925390362739563,0.33679434657096863,0.26074498891830444,0.011280417442321777,0.036836689341321796,12612.2529296875,541,nan,-1.0,True,,False,0.22479456663131714,0.0,0.22479456663131714,15.0,15.0,1.0,0.0,0.0,0.0,1.0,0.0
753,12660.8857421875,207.13853454589844,0.0,0.7471137046813965,60.40095138549805,60.40095138549805,60.40095138549805,0.36388298869132996,0.36388298869132996,0.3540230989456177,0.3540230989456177,0.36388298869132996,0.3540230989456177,0.36388298869132996,0.3540230989456177,0.3408829867839813,0.33102309703826904,0.02,0.2882221385,0.0,0.36965465545654297,0.9999997615814209,0.017774466425180435,0.3137712776660919,0.038227375596761703,0.26868361234664917,0.3572683036327362,0.35905614495277405,0.36965465545654297,0.36965465545654297,0.33719879388809204,0.26088306307792664,0.011240839958190918,0.045321109966607764,12612.2529296875,541,nan,-1.0,True,,False,0.2249402105808258,0.0,0.2249402105808258,15.0,15.0,1.0,0.0,0.0,0.0,1.0,0.0
754,12659.126953125,207.43028259277344,0.0,0.7452484369277954,60.39535903930664,60.39535903930664,60.39535903930664,0.36415114998817444,0.36415114998817444,0.35425612330436707,0.35425612330436707,0.36415114998817444,0.35425612330436707,0.36415114998817444,0.35425612330436707,0.3411511480808258,0.33125612139701843,0.02,0.287943532,0.0,0.3699418902397156,0.9999997615814209,0.01779136247932911,0.30837082862854004,0.03815053403377533,0.26868361234664917,0.3576277792453766,0.3594135344028473,0.3699418902397156,0.3699418902397156,0.3374847173690796,0.26102226972579956,0.011205971240997314,0.03759548796127395,12612.2529296875,541,nan,-1.0,True,,False,0.22508417069911957,0.0,0.22508417069911957,15.0,15.0,1.0,0.0,0.0,0.0,1.0,0.0
755,12657.5361328125,207.7927703857422,0.0,0.7432426810264587,60.39060974121094,60.39060974121094,60.39060974121094,0.3644655644893646,0.3644655644893646,0.3545454442501068,0.3545454442501068,0.3644655644893646,0.3545454442501068,0.3644655644893646,0.3545454442501068,0.341465562582016,0.3315454423427582,0.02,0.2876656875,0.0,0.3702733516693115,0.9999997615814209,0.017795735970139503,0.30263978242874146,0.03814428672194481,0.26868361234664917,0.35794273018836975,0.359726220369339,0.3702733516693115,0.3702733516693115,0.33772194385528564,0.26116225123405457,0.011175811290740967,0.015091048857559346,12612.2529296875,541,nan,-1.0,True,,False,0.22522732615470886,0.0,0.22522732615470886,15.0,15.0,1.0,0.0,0.0,0.0,1.0,0.0
756,12658.208984375,208.413818359375,0.0,0.7449631094932556,60.386566162109375,60.386566162109375,60.386566162109375,0.36484190821647644,0.36484190821647644,0.3550405204296112,0.3550405204296112,0.36484190821647644,0.3550405204296112,0.36484190821647644,0.3550405204296112,0.3418419063091278,0.3320405185222626,0.02,0.287388608,0.0,0.37066593766212463,0.9999997615814209,0.017817189916968346,0.2970242202281952,0.038420889526605606,0.2686835825443268,0.3583085238933563,0.36008918285369873,0.37066593766212463,0.37066593766212463,0.3382580578327179,0.2613028883934021,0.011150360107421875,0.03153384419824255,12612.2529296875,541,nan,-1.0,True,,False,0.22537067532539368,0.0,0.22537067532539368,15.0,15.0,1.0,0.0,0.0,0.0,1.0,0.0
757,12659.0517578125,208.74887084960938,0.0,0.7472440004348755,60.38340377807617,60.38340377807617,60.38340377807617,0.36511459946632385,0.36511459946632385,0.35530731081962585,0.35530731081962585,0.36511459946632385,0.35530731081962585,0.36511459946632385,0.35530731081962585,0.3421145975589752,0.3323073089122772,0.02,0.28711229650000003,0.0,0.3709564805030823,0.9999997615814209,0.017820149660110474,0.29137733578681946,0.03833742439746857,0.2686835825443268,0.3586154282093048,0.3603934347629547,0.3709564805030823,0.3709564805030823,0.33871132135391235,0.2614436149597168,0.01112830638885498,0.03928204560684713,12612.2529296875,541,nan,-1.0,True,,False,0.22551441192626953,0.0,0.22551441192626953,15.0,15.0,1.0,0.0,0.0,0.0,1.0,0.0
758,12659.8642578125,209.1699676513672,0.0,0.7486177086830139,60.381927490234375,60.381927490234375,60.381927490234375,0.3654221296310425,0.3654221296310425,0.35564231872558594,0.35564231872558594,0.3654221296310425,0.35564231872558594,0.3654221296310425,0.35564231872558594,0.34242212772369385,0.3326423168182373,0.02,0.286836756,0.0,0.37128037214279175,0.9999997615814209,0.017823489382863045,0.28754371404647827,0.038255393505096436,0.2686835527420044,0.35892173647880554,0.3606971800327301,0.37128037214279175,0.37128037214279175,0.3391469120979309,0.26158466935157776,0.011108815670013428,0.03567466828098986,12612.2529296875,541,nan,-1.0,True,,False,0.2256583869457245,0.0,0.2256583869457245,15.0,15.0,1.0,0.0,0.0,0.0,1.0,0.0
759,12661.146484375,209.5581817626953,0.0,0.7504022121429443,60.38193130493164,60.38193130493164,60.38193130493164,0.36569008231163025,0.36569008231163025,0.35595086216926575,0.35595086216926575,0.36569008231163025,0.35595086216926575,0.36569008231163025,0.35595086216926575,0.3426900804042816,0.3329508602619171,0.02,0.2865619895,0.0,0.37156492471694946,0.9999997615814209,0.017878280952572823,0.28482431173324585,0.038451459258794785,0.2686835825443268,0.3592109680175781,0.36098411679267883,0.37156492471694946,0.37156492471694946,0.3396966755390167,0.2617257535457611,0.011091649532318115,0.04026670314649689,12612.2529296875,541,nan,-1.0,True,,False,0.22580280900001526,0.0,0.22580280900001526,15.0,15.0,1.0,0.0,0.0,0.0,1.0,0.0
760,12662.474609375,209.89639282226562,0.0,0.752265989780426,60.38222885131836,60.38222885131836,60.38222885131836,0.3659731149673462,0.3659731149673462,0.35621944069862366,0.35621944069862366,0.3659731149673462,0.35621944069862366,0.3659731149673462,0.35621944069862366,0.34297311305999756,0.333219438791275,0.02,0.286288,0.0,0.37186431884765625,0.9999998807907104,0.017858851701021194,0.2980768084526062,0.038538601249456406,0.268683522939682,0.3595080077648163,0.36127859354019165,0.37186434864997864,0.37186434864997864,0.34037303924560547,0.2618672847747803,0.01107698678970337,0.03824134801430369,12612.2529296875,541,nan,-1.0,True,,False,0.22594554722309113,0.0,0.22594554722309113,15.0,15.0,1.0,0.0,0.0,0.0,1.0,0.0
761,12664.6640625,210.1087188720703,0.0,0.7557170987129211,60.383480072021484,60.383480072021484,60.383480072021484,0.366150826215744,0.366150826215744,0.3563879430294037,0.3563879430294037,0.366150826215744,0.3563879430294037,0.366150826215744,0.3563879430294037,0.3431508243083954,0.33338794112205505,0.02,0.2860147905,0.0,0.3720589280128479,0.9999998807907104,0.01782865636050701,0.2808727025985718,0.038483403623104095,0.2686835527420044,0.3597377836704254,0.3615053594112396,0.3720589280128479,0.3720589280128479,0.34092119336128235,0.2620096504688263,0.011064887046813965,0.03637004231859464,12612.2529296875,541,nan,-1.0,True,,False,0.22608664631843567,0.0,0.22608664631843567,15.0,15.0,1.0,0.0,0.0,0.0,1.0,0.0
762,12666.697265625,210.46482849121094,0.0,0.758588969707489,60.38468933105469,60.38468933105469,60.38468933105469,0.3664063513278961,0.3664063513278961,0.3566703498363495,0.3566703498363495,0.3664063513278961,0.3566703498363495,0.3664063513278961,0.3566703498363495,0.3434063494205475,0.33367034792900085,0.02,0.28574236399999997,0.0,0.37233227491378784,0.9999998807907104,0.017820023000240326,0.3032563328742981,0.03840656951069832,0.2686835527420044,0.36001408100128174,0.36177849769592285,0.37233227491378784,0.37233227491378784,0.3416321575641632,0.26215267181396484,0.01105564832687378,0.032684888268704526,12612.2529296875,541,nan,-1.0,True,,False,0.22624291479587555,0.0,0.22624291479587555,15.0,15.0,1.0,0.0,0.0,0.0,1.0,0.0
763,12666.8720703125,210.68687438964844,0.0,0.7579899430274963,60.38595199584961,60.38595199584961,60.38595199584961,0.3665670156478882,0.3665670156478882,0.35684630274772644,0.35684630274772644,0.3665670156478882,0.35684630274772644,0.3665670156478882,0.35684630274772644,0.34356701374053955,0.3338463008403778,0.02,0.2854707235,0.0,0.37250834703445435,0.9999998807907104,0.01785281114280224,0.2892436981201172,0.03856426104903221,0.26868361234664917,0.3602110743522644,0.3619728088378906,0.37250834703445435,0.37250834703445435,0.34225398302078247,0.262296199798584,0.011049270629882812,0.03368258467364487,12612.2529296875,541,nan,-1.0,True,,False,0.2263810932636261,0.0,0.2263810932636261,15.0,15.0,1.0,0.0,0.0,0.0,1.0,0.0
764,12666.63671875,210.9231719970703,0.0,0.7565619945526123,60.38716125488281,60.38716125488281,60.38716125488281,0.36673393845558167,0.36673393845558167,0.35703346133232117,0.35703346133232117,0.36673393845558167,0.35703346133232117,0.36673393845558167,0.35703346133232117,0.34373393654823303,0.33403345942497253,0.02,0.28519987199999997,0.0,0.37269049882888794,0.9999998807907104,0.017860047519207,0.2932731509208679,0.038686905056238174,0.26868361234664917,0.36042600870132446,0.3621847927570343,0.37269049882888794,0.37269049882888794,0.3430585563182831,0.262440025806427,0.01104658842086792,0.02402968488038621,12612.2529296875,541,nan,-1.0,True,,False,0.22651836276054382,0.0,0.22651836276054382,15.0,15.0,1.0,0.0,0.0,0.0,1.0,0.0
765,12666.69140625,211.14857482910156,0.0,0.7559331059455872,60.387882232666016,60.387882232666016,60.387882232666016,0.3668830096721649,0.3668830096721649,0.3572119176387787,0.3572119176387787,0.3668830096721649,0.3572119176387787,0.3668830096721649,0.3572119176387787,0.3438830077648163,0.33421191573143005,0.02,0.28492981250000005,0.0,0.3728554844856262,0.9999998807907104,0.017850928008556366,0.29739710688591003,0.038702696561813354,0.268683522939682,0.3606049418449402,0.3623604476451874,0.3728554844856262,0.3728554844856262,0.34380871057510376,0.2625837028026581,0.011046946048736572,0.020623699986673374,12612.2529296875,541,nan,-1.0,True,,False,0.226655974984169,0.0,0.226655974984169,15.0,15.0,1.0,0.0,0.0,0.0,1.0,0.0
766,12667.8388671875,211.392578125,0.0,0.7577073574066162,60.38796615600586,60.38796615600586,60.38796615600586,0.36707550287246704,0.36707550287246704,0.3574049472808838,0.3574049472808838,0.36707550287246704,0.3574049472808838,0.36707550287246704,0.3574049472808838,0.3440755009651184,0.33440494537353516,0.02,0.28466054799999996,0.0,0.3730621337890625,0.9999998807907104,0.01782866194844246,0.30153700709342957,0.03852648660540581,0.26868361234664917,0.36081239581108093,0.3625650107860565,0.3730621337890625,0.3730621337890625,0.3445953130722046,0.2627272307872772,0.011049985885620117,0.020711000279536367,12612.2529296875,541,nan,-1.0,True,,False,0.2267940789461136,0.0,0.2267940789461136,15.0,15.0,1.0,0.0,0.0,0.0,1.0,0.0
767,12668.794921875,211.5133056640625,0.0,0.7599021196365356,60.386653900146484,60.386653900146484,60.386653900146484,0.36717185378074646,0.36717185378074646,0.35750043392181396,0.35750043392181396,0.36717185378074646,0.35750043392181396,0.36717185378074646,0.35750043392181396,0.3441718518733978,0.33450043201446533,0.02,0.28439208149999995,0.0,0.3731721341609955,0.9999998807907104,0.017824910581111908,0.2990933954715729,0.0385521724820137,0.26868361234664917,0.360950767993927,0.3627009391784668,0.3731721341609955,0.3731721341609955,0.34522271156311035,0.26287055015563965,0.011055529117584229,0.03745648316301716,12612.2529296875,541,nan,-1.0,True,,False,0.22691576182842255,0.0,0.22691576182842255,15.0,15.0,1.0,0.0,0.0,0.0,1.0,0.0
768,12669.572265625,211.76048278808594,0.0,0.7623778581619263,60.383113861083984,60.383113861083984,60.383113861083984,0.3673544228076935,0.3673544228076935,0.3576958179473877,0.3576958179473877,0.3673544228076935,0.3576958179473877,0.3673544228076935,0.3576958179473877,0.34435442090034485,0.33469581604003906,0.02,0.284124416,0.0,0.3733687102794647,0.9999998807907104,0.017820393666625023,0.2935662567615509,0.03861447796225548,0.2686835527420044,0.3611751198768616,0.3629225492477417,0.3733687102794647,0.3733687102794647,0.34588420391082764,0.26301443576812744,0.011062800884246826,0.03335259729970454,12612.2529296875,541,nan,-1.0,True,,False,0.22705280780792236,0.0,0.22705280780792236,15.0,15.0,1.0,0.0,0.0,0.0,1.0,0.0
769,12668.892578125,211.7725830078125,0.0,0.7628162503242493,60.37855911254883,60.37855911254883,60.37855911254883,0.3673609793186188,0.3673609793186188,0.35770538449287415,0.35770538449287415,0.3673609793186188,0.35770538449287415,0.3673609793186188,0.35770538449287415,0.34436097741127014,0.3347053825855255,0.02,0.2838575545,0.0,0.37337589263916016,0.9999998807907104,0.01782309077680111,0.2956383228302002,0.03864220157265663,0.26868361234664917,0.36119526624679565,0.3629431128501892,0.37337589263916016,0.37337589263916016,0.3463488221168518,0.2631588876247406,0.011072516441345215,0.03342248679513836,12612.2529296875,541,nan,-1.0,True,,False,0.2270543873310089,0.0,0.2270543873310089,15.0,15.0,1.0,0.0,0.0,0.0,1.0,0.0
770,12668.05078125,211.30979919433594,0.0,0.763434112071991,60.375118255615234,60.375118255615234,60.375118255615234,0.3670417070388794,0.3670417070388794,0.357339471578598,0.357339471578598,0.3670417070388794,0.357339471578598,0.3670417070388794,0.357339471578598,0.34404170513153076,0.3343394696712494,0.02,0.2835915,0.0,0.37302663922309875,0.9999998807907104,0.01783136837184429,0.30000466108322144,0.03857775032520294,0.2686834931373596,0.36082056164741516,0.36257362365722656,0.37302669882774353,0.37302669882774353,0.3465725779533386,0.26330119371414185,0.011084556579589844,0.0344456233967018,12612.2529296875,541,nan,-1.0,True,,False,0.22676555812358856,0.0,0.22676555812358856,15.0,15.0,1.0,0.0,0.0,0.0,1.0,0.0
771,12667.8662109375,210.848388671875,0.0,0.7652136087417603,60.37205505371094,60.37205505371094,60.37205505371094,0.366750568151474,0.366750568151474,0.3569742441177368,0.3569742441177368,0.366750568151474,0.3569742441177368,0.366750568151474,0.3569742441177368,0.34375056624412537,0.3339742422103882,0.02,0.2833262555,0.0,0.3727107346057892,0.9999998807907104,0.0178657379001379,0.29700571298599243,0.038538556545972824,0.26868361234664917,0.3605017364025116,0.3622601628303528,0.3727107346057892,0.3727107346057892,0.34664857387542725,0.2634395360946655,0.011098802089691162,0.01529393851524219,12612.2529296875,541,nan,-1.0,True,,False,0.22652983665466309,0.0,0.22652983665466309,15.0,15.0,1.0,0.0,0.0,0.0,1.0,0.0
772,12669.474609375,211.81866455078125,0.0,0.7684596180915833,60.36712646484375,60.36712646484375,60.36712646484375,0.3674057722091675,0.3674057722091675,0.3577418029308319,0.3577418029308319,0.3674057722091675,0.3577418029308319,0.3674057722091675,0.3577418029308319,0.34440577030181885,0.3347418010234833,0.02,0.283061824,0.0,0.37342554330825806,0.9999998807907104,0.017866889014840126,0.2989586591720581,0.038782328367233276,0.2686835527420044,0.36130210757255554,0.3630503714084625,0.37342554330825806,0.37342554330825806,0.3474339246749878,0.263577401638031,0.01111537218093872,0.02981806034707309,12612.2529296875,541,nan,-1.0,True,,False,0.22710107266902924,0.0,0.22710107266902924,15.0,15.0,1.0,0.0,0.0,0.0,1.0,0.0
773,12670.439453125,212.87255859375,0.0,0.769888699054718,60.36310958862305,60.36310958862305,60.36310958862305,0.36813023686408997,0.36813023686408997,0.3585735261440277,0.3585735261440277,0.36813023686408997,0.3585735261440277,0.36813023686408997,0.3585735261440277,0.34513023495674133,0.3355735242366791,0.02,0.28279820850000004,0.0,0.3742046058177948,0.9999998807907104,0.017837954685091972,0.3015134632587433,0.03883454576134682,0.26868361234664917,0.3621232211589813,0.3638593554496765,0.3742046058177948,0.3742046058177948,0.3483212888240814,0.263714075088501,0.011133432388305664,0.017556039807257347,12612.2529296875,541,nan,-1.0,True,,False,0.22766833007335663,0.0,0.22766833007335663,15.0,15.0,1.0,0.0,0.0,0.0,1.0,0.0
774,12670.5048828125,213.1558837890625,0.0,0.7700303792953491,60.36166763305664,60.36166763305664,60.36166763305664,0.3683561384677887,0.3683561384677887,0.35879677534103394,0.35879677534103394,0.3683561384677887,0.35879677534103394,0.3683561384677887,0.35879677534103394,0.34535613656044006,0.3357967734336853,0.02,0.282535412,0.0,0.37444770336151123,0.9999997615814209,0.017790714278817177,0.3056163489818573,0.038668084889650345,0.26868361234664917,0.362390398979187,0.3641193211078644,0.37444770336151123,0.37444770336151123,0.3486986458301544,0.2638489902019501,0.011153459548950195,0.013079069981661936,12612.2529296875,541,nan,-1.0,True,,False,0.2278527170419693,0.0,0.2278527170419693,15.0,15.0,1.0,0.0,0.0,0.0,1.0,0.0
775,12670.462890625,213.3365478515625,0.0,0.7698495388031006,60.36100769042969,60.36100769042969,60.36100769042969,0.36850211024284363,0.36850211024284363,0.3589390218257904,0.3589390218257904,0.36850211024284363,0.3589390218257904,0.36850211024284363,0.3589390218257904,0.345502108335495,0.3359390199184418,0.02,0.2822734375,0.0,0.37460562586784363,0.9999997615814209,0.017772093415260315,0.3097973167896271,0.03861617296934128,0.26868361234664917,0.3625485897064209,0.36427730321884155,0.37460562586784363,0.37460562586784363,0.3490622639656067,0.2639821469783783,0.011175334453582764,0.01736759507750523,12612.2529296875,541,nan,-1.0,True,,False,0.2279869019985199,0.0,0.2279869019985199,15.0,15.0,1.0,0.0,0.0,0.0,1.0,0.0
776,12671.19140625,213.56373596191406,0.0,0.7709216475486755,60.360836029052734,60.360836029052734,60.360836029052734,0.36861199140548706,0.36861199140548706,0.35911786556243896,0.35911786556243896,0.36861199140548706,0.35911786556243896,0.36861199140548706,0.35911786556243896,0.3456119894981384,0.33611786365509033,0.02,0.282012288,0.0,0.37472835183143616,0.9999997615814209,0.017791766673326492,0.30442747473716736,0.03876509889960289,0.26868361234664917,0.36267757415771484,0.36440280079841614,0.37472835183143616,0.37472835183143616,0.3492073714733124,0.2641136348247528,0.011199474334716797,0.028641000312442582,12612.2529296875,541,nan,-1.0,True,,False,0.22812174260616302,0.0,0.22812174260616302,15.0,15.0,1.0,0.0,0.0,0.0,1.0,0.0
777,12672.484375,213.40711975097656,0.0,0.773511528968811,60.36160659790039,60.36160659790039,60.36160659790039,0.3684717118740082,0.3684717118740082,0.35899460315704346,0.35899460315704346,0.3684717118740082,0.35899460315704346,0.3684717118740082,0.35899460315704346,0.34547170996665955,0.3359946012496948,0.02,0.2817519665,0.0,0.37458565831184387,0.9999997615814209,0.017833733931183815,0.2998424768447876,0.03885217383503914,0.2686835825443268,0.362529993057251,0.3642568588256836,0.37458565831184387,0.37458565831184387,0.3492541015148163,0.26424410939216614,0.011225223541259766,0.03190788906229298,12612.2529296875,541,nan,-1.0,True,,False,0.22808632254600525,0.0,0.22808632254600525,15.0,15.0,1.0,0.0,0.0,0.0,1.0,0.0
778,12673.298828125,212.35812377929688,0.0,0.7762438654899597,60.36409378051758,60.36409378051758,60.36409378051758,0.36777758598327637,0.36777758598327637,0.3581677973270416,0.3581677973270416,0.36777758598327637,0.3581677973270416,0.36777758598327637,0.3581677973270416,0.34477758407592773,0.335167795419693,0.02,0.281492476,0.0,0.3738509714603424,0.9999997615814209,0.017840776592493057,0.2969544231891632,0.03867645934224129,0.26868361234664917,0.36171194911003113,0.36344826221466064,0.3738509714603424,0.3738509714603424,0.3486945331096649,0.2643739581108093,0.011252343654632568,0.022119301589555107,12612.2529296875,541,nan,-1.0,True,,False,0.2276126742362976,0.0,0.2276126742362976,15.0,15.0,1.0,0.0,0.0,0.0,1.0,0.0
779,12673.349609375,211.2783660888672,0.0,0.7773759365081787,60.366920471191406,60.366920471191406,60.366920471191406,0.36700835824012756,0.36700835824012756,0.3573146164417267,0.3573146164417267,0.36700835824012756,0.3573146164417267,0.36700835824012756,0.3573146164417267,0.34400835633277893,0.33431461453437805,0.02,0.2812338195,0.0,0.3730378746986389,0.9999997615814209,0.017888562753796577,0.29403436183929443,0.03864745423197746,0.26868361234664917,0.36086606979370117,0.362612783908844,0.3730378746986389,0.3730378746986389,0.348136842250824,0.2645031213760376,0.011281132698059082,0.028135294005753368,12612.2529296875,541,nan,-1.0,True,,False,0.22713914513587952,0.0,0.22713914513587952,15.0,15.0,1.0,0.0,0.0,0.0,1.0,0.0
780,12674.509765625,210.30313110351562,0.0,0.780683696269989,60.369327545166016,60.369327545166016,60.369327545166016,0.3662632405757904,0.3662632405757904,0.3565421402454376,0.3565421402454376,0.3662632405757904,0.3565421402454376,0.3662632405757904,0.3565421402454376,0.3432632386684418,0.333542138338089,0.02,0.280976,0.0,0.37224552035331726,0.9999997615814209,0.017956743016839027,0.2941468060016632,0.038882311433553696,0.2686835825443268,0.36000603437423706,0.36176180839538574,0.37224552035331726,0.37224552035331726,0.34752312302589417,0.26463696360588074,0.01131141185760498,0.032740864369164534,12612.2529296875,541,nan,-1.0,True,,False,0.22666583955287933,0.0,0.22666583955287933,15.0,15.0,1.0,0.0,0.0,0.0,1.0,0.0
781,12674.9619140625,209.2360382080078,0.0,0.7828604578971863,60.37147903442383,60.37147903442383,60.37147903442383,0.3654384911060333,0.3654384911060333,0.35569486021995544,0.35569486021995544,0.3654384911060333,0.35569486021995544,0.3654384911060333,0.35569486021995544,0.3424384891986847,0.3326948583126068,0.02,0.28071902049999997,0.0,0.3713713586330414,0.9999997615814209,0.017987975850701332,0.2884030044078827,0.039057228714227676,0.2686835527420044,0.35909488797187805,0.36085978150367737,0.3713713586330414,0.3713713586330414,0.3467741310596466,0.2647708058357239,0.011342287063598633,0.03578418167954725,12612.2529296875,541,nan,-1.0,True,,False,0.22619237005710602,0.0,0.22619237005710602,15.0,15.0,1.0,0.0,0.0,0.0,1.0,0.0
782,12675.857421875,207.9650421142578,0.0,0.7864077091217041,60.373443603515625,60.373443603515625,60.373443603515625,0.36458396911621094,0.36458396911621094,0.3546828329563141,0.3546828329563141,0.36458396911621094,0.3546828329563141,0.36458396911621094,0.3546828329563141,0.3415839672088623,0.33168283104896545,0.02,0.28046288399999997,0.0,0.37046414613723755,0.9999997615814209,0.017981182783842087,0.28574177622795105,0.038862962275743484,0.268683522939682,0.3581746220588684,0.35994753241539,0.37046414613723755,0.37046414613723755,0.3459404408931732,0.2649044394493103,0.011373698711395264,0.022955428493636038,12612.2529296875,541,nan,-1.0,True,,False,0.2257186621427536,0.0,0.2257186621427536,15.0,15.0,1.0,0.0,0.0,0.0,1.0,0.0
783,12675.2177734375,206.79051208496094,0.0,0.7869601845741272,60.37473678588867,60.37473678588867,60.37473678588867,0.3636954426765442,0.3636954426765442,0.35374489426612854,0.35374489426612854,0.3636954426765442,0.35374489426612854,0.3636954426765442,0.35374489426612854,0.34069544076919556,0.3307448923587799,0.02,0.2802075935,0.0,0.36952096223831177,0.9999997615814209,0.01800810731947422,0.2887234687805176,0.03887488320469856,0.2686835527420044,0.35719525814056396,0.35897645354270935,0.36952096223831177,0.36952096223831177,0.3450535535812378,0.2650245130062103,0.011406123638153076,0.03584854093302662,12612.2529296875,541,nan,-1.0,True,,False,0.22524909675121307,0.0,0.22524909675121307,15.0,15.0,1.0,0.0,0.0,0.0,1.0,0.0
784,12673.517578125,206.2193145751953,0.0,0.7849916219711304,60.37401580810547,60.37401580810547,60.37401580810547,0.36320921778678894,0.36320921778678894,0.35328778624534607,0.35328778624534607,0.36320921778678894,0.35328778624534607,0.36320921778678894,0.35328778624534607,0.3402092158794403,0.33028778433799744,0.02,0.279953152,0.0,0.3690164387226105,0.9999998807907104,0.018008939921855927,0.28994622826576233,0.03888987749814987,0.2686835825443268,0.35662350058555603,0.3584076464176178,0.3690164387226105,0.3690164387226105,0.3445231020450592,0.2651268243789673,0.0114402174949646,0.04058863582354712,12612.2529296875,541,nan,-1.0,True,,False,0.22508157789707184,0.0,0.22508157789707184,15.0,15.0,1.0,0.0,0.0,0.0,1.0,0.0
785,12671.1845703125,205.28421020507812,0.0,0.7824257016181946,60.373435974121094,60.373435974121094,60.373435974121094,0.3626037538051605,0.3626037538051605,0.3525380790233612,0.3525380790233612,0.3626037538051605,0.3525380790233612,0.3626037538051605,0.3525380790233612,0.3396037518978119,0.3295380771160126,0.02,0.2796995625,0.0,0.3683936893939972,0.9999998807907104,0.017983026802539825,0.2944760322570801,0.03869570419192314,0.2686835825443268,0.3560596704483032,0.35784685611724854,0.3683936893939972,0.3683936893939972,0.3438042998313904,0.26522958278656006,0.011475980281829834,0.03666589919238403,12612.2529296875,541,nan,-1.0,True,,False,0.22491207718849182,0.0,0.22491207718849182,15.0,15.0,1.0,0.0,0.0,0.0,1.0,0.0
786,12669.373046875,204.59341430664062,0.0,0.7802673578262329,60.37322998046875,60.37322998046875,60.37322998046875,0.3620447814464569,0.3620447814464569,0.3519831597805023,0.3519831597805023,0.3620447814464569,0.3519831597805023,0.3620447814464569,0.3519831597805023,0.3390447795391083,0.3289831578731537,0.02,0.279446828,0.0,0.3678159713745117,0.9999998807907104,0.018012268468737602,0.29919058084487915,0.03881025314331055,0.2686834931373596,0.35548126697540283,0.3572709262371063,0.36781594157218933,0.36781594157218933,0.34308940172195435,0.26533299684524536,0.01151341199874878,0.034663785829454556,12612.2529296875,541,nan,-1.0,True,,False,0.22474105656147003,0.0,0.22474105656147003,15.0,15.0,1.0,0.0,0.0,0.0,1.0,0.0
787,12668.8349609375,204.12481689453125,0.0,0.7800307869911194,60.373470306396484,60.373470306396484,60.373470306396484,0.36159002780914307,0.36159002780914307,0.35160619020462036,0.35160619020462036,0.36159002780914307,0.35160619020462036,0.36159002780914307,0.35160619020462036,0.33859002590179443,0.32860618829727173,0.02,0.27919495149999995,0.0,0.3673407733440399,0.9999998807907104,0.018042542040348053,0.3038049638271332,0.038935791701078415,0.2686835527420044,0.35491153597831726,0.3567039966583252,0.3673407733440399,0.3673407733440399,0.3423796594142914,0.2654370069503784,0.011552691459655762,0.043288652510252885,12612.2529296875,541,nan,-1.0,True,,False,0.22456833720207214,0.0,0.22456833720207214,15.0,15.0,1.0,0.0,0.0,0.0,1.0,0.0
788,12668.7646484375,203.02099609375,0.0,0.781619668006897,60.37466812133789,60.37466812133789,60.37466812133789,0.3609180450439453,0.3609180450439453,0.3507165014743805,0.3507165014743805,0.3609180450439453,0.3507165014743805,0.3609180450439453,0.3507165014743805,0.3379180431365967,0.32771649956703186,0.02,0.278943936,0.0,0.36664900183677673,0.9999998807907104,0.017970765009522438,0.3084367513656616,0.03843836858868599,0.26868361234664917,0.3543766736984253,0.35617193579673767,0.36664900183677673,0.36664900183677673,0.341462105512619,0.265541672706604,0.011593341827392578,0.03147896900190972,12612.2529296875,541,nan,-1.0,True,,False,0.2243959754705429,0.0,0.2243959754705429,15.0,15.0,1.0,0.0,0.0,0.0,1.0,0.0
789,12670.2099609375,202.57521057128906,0.0,0.7848471999168396,60.37605285644531,60.37605285644531,60.37605285644531,0.36050015687942505,0.36050015687942505,0.3503565192222595,0.3503565192222595,0.36050015687942505,0.3503565192222595,0.36050015687942505,0.3503565192222595,0.3375001549720764,0.3273565173149109,0.02,0.2786937845,0.0,0.36620834469795227,0.9999997615814209,0.01799193024635315,0.3086872398853302,0.038553230464458466,0.26868361234664917,0.3538464903831482,0.3556447923183441,0.3662083148956299,0.3662083148956299,0.3405860960483551,0.265647292137146,0.011383398436009884,0.034135803085519,12612.2529296875,541,nan,-1.0,True,,False,0.22422416508197784,0.0,0.22422416508197784,15.0,15.0,1.0,0.0,0.0,0.0,1.0,0.0
790,12671.2880859375,201.7613983154297,0.0,0.7877823114395142,60.378177642822266,60.378177642822266,60.378177642822266,0.3599417209625244,0.3599417209625244,0.3496983051300049,0.3496983051300049,0.3599417209625244,0.3496983051300049,0.3599417209625244,0.3496983051300049,0.3369417190551758,0.32669830322265625,0.02,0.2784445,0.0,0.3656284213066101,0.9999998807907104,0.017967121675610542,0.3046143352985382,0.03839939460158348,0.2686835527420044,0.35334840416908264,0.3551495671272278,0.3656284213066101,0.3656284213066101,0.3397078812122345,0.2657538950443268,0.010846201330423355,0.0263756851070664,12612.2529296875,541,nan,-1.0,True,,False,0.22405312955379486,0.0,0.22405312955379486,15.0,15.0,1.0,0.0,0.0,0.0,1.0,0.0
791,12671.4267578125,201.17495727539062,0.0,0.7880795001983643,60.38105773925781,60.38105773925781,60.38105773925781,0.3594716787338257,0.3594716787338257,0.34922316670417786,0.34922316670417786,0.3594716787338257,0.34922316670417786,0.3594716787338257,0.34922316670417786,0.33647167682647705,0.3262231647968292,0.02,0.27819608549999997,0.0,0.3651365339756012,0.9999997615814209,0.01797078549861908,0.30116215348243713,0.038459546864032745,0.2686835527420044,0.3528352379798889,0.3546392023563385,0.3651365339756012,0.3651365339756012,0.33897483348846436,0.265860915184021,0.010330526158213615,0.03474281224286339,12612.2529296875,541,nan,-1.0,True,,False,0.2238808125257492,0.0,0.2238808125257492,15.0,15.0,1.0,0.0,0.0,0.0,1.0,0.0
792,12671.4345703125,200.47923278808594,0.0002691932604648173,0.7877739071846008,60.384666442871094,60.384666442871094,60.384666442871094,0.35894349217414856,0.35894349217414856,0.34865859150886536,0.34865859150886536,0.35894349217414856,0.34865859150886536,0.35894349217414856,0.34865859150886536,0.3359434902667999,0.3256585896015167,0.02,0.277948544,0.0,0.36458560824394226,0.9999997615814209,0.01795017346739769,0.3001512289047241,0.038381177932024,0.2686835527420044,0.35232341289520264,0.3541296720504761,0.36458560824394226,0.36458560824394226,0.33832430839538574,0.26596808433532715,0.009835928678512573,0.02880622757139564,12612.2529296875,541,nan,-1.0,True,,False,0.22370652854442596,0.0,0.22370652854442596,15.0,15.0,1.0,0.0,0.0,0.0,1.0,0.0
793,12673.189453125,199.87110900878906,0.004042724147439003,0.7872473001480103,60.38836669921875,60.38836669921875,60.38836669921875,0.35846278071403503,0.35846278071403503,0.34816429018974304,0.34816429018974304,0.35846278071403503,0.34816429018974304,0.35846278071403503,0.34816429018974304,0.3354627788066864,0.3251642882823944,0.02,0.27770187849999994,0.0,0.36408111453056335,0.9999997615814209,0.017948416993021965,0.30409854650497437,0.038324445486068726,0.2686835527420044,0.3518148362636566,0.3536239266395569,0.36408111453056335,0.36408111453056335,0.3379344344139099,0.2660757899284363,0.009364175610244274,0.021981457498946436,12612.2529296875,541,nan,-1.0,True,,False,0.2235308438539505,0.0,0.2235308438539505,15.0,15.0,1.0,0.0,0.0,0.0,0.0,0.0
794,12676.7802734375,199.22543334960938,0.011751122772693634,0.7866096496582031,60.39187240600586,60.39187240600586,60.39187240600586,0.3579459488391876,0.3579459488391876,0.34763866662979126,0.34763866662979126,0.3579459488391876,0.34763866662979126,0.3579459488391876,0.34763866662979126,0.334945946931839,0.3246386647224426,0.02,0.277456092,0.0,0.3635390102863312,0.9999997615814209,0.01794336549937725,0.3082663416862488,0.0382574237883091,0.26868361234664917,0.3512924313545227,0.3531041145324707,0.3635390102863312,0.3635390102863312,0.33769840002059937,0.2661839723587036,0.008915973827242851,0.02063049024258766,12612.2529296875,541,nan,-1.0,True,,False,0.22335438430309296,0.0,0.22335438430309296,15.0,15.0,1.0,0.0,0.0,0.0,0.0,0.0
795,12683.091796875,198.5960693359375,0.02277875505387783,0.7881768941879272,60.39508819580078,60.39508819580078,60.39508819580078,0.3574315905570984,0.3574315905570984,0.34712547063827515,0.34712547063827515,0.3574315905570984,0.34712547063827515,0.3574315905570984,0.34712547063827515,0.33443158864974976,0.3241254687309265,0.02,0.27721118749999996,0.0,0.3629990816116333,0.9999997615814209,0.017952151596546173,0.310112863779068,0.03828124701976776,0.26868361234664917,0.3507300913333893,0.3525444567203522,0.3629990816116333,0.3629990816116333,0.33754321932792664,0.2662927806377411,0.008490736596286297,0.020665870752256725,12612.2529296875,541,nan,-1.0,True,,False,0.2231779247522354,0.0,0.2231779247522354,15.0,15.0,1.0,0.0,0.0,0.0,0.0,0.0
796,12691.044921875,197.93283081054688,0.036566223949193954,0.7906423211097717,60.39753723144531,60.39753723144531,60.39753723144531,0.35689008235931396,0.35689008235931396,0.3465837836265564,0.3465837836265564,0.35689008235931396,0.3465837836265564,0.35689008235931396,0.3465837836265564,0.33389008045196533,0.32358378171920776,0.02,0.276967168,0.0,0.36243200302124023,0.9999997615814209,0.017952173948287964,0.3097805976867676,0.0383206270635128,0.2686835825443268,0.35016337037086487,0.3519797921180725,0.36243200302124023,0.36243200302124023,0.33751195669174194,0.2664017379283905,0.008087770082056522,0.019107959132977866,12612.2529296875,541,nan,-1.0,True,,False,0.22300145030021667,0.0,0.22300145030021667,15.0,15.0,1.0,0.0,0.0,0.0,0.0,0.0
797,12700.0,197.21766662597656,0.05261050909757614,0.793247401714325,60.39926528930664,60.39926528930664,60.39926528930664,0.3563465178012848,0.3563465178012848,0.3459986746311188,0.3459986746311188,0.3563465178012848,0.3459986746311188,0.3563465178012848,0.3459986746311188,0.33334651589393616,0.32299867272377014,0.02,0.2767240365,0.0,0.3618629574775696,0.9999997615814209,0.017956625670194626,0.31987494230270386,0.03823409229516983,0.26868361234664917,0.34958091378211975,0.351400226354599,0.3618629574775696,0.3618629574775696,0.3376563489437103,0.2665103077888489,0.007706301752477884,0.017103034113663144,12612.2529296875,541,nan,-1.0,True,,False,0.2228250503540039,0.0,0.2228250503540039,15.0,15.0,1.0,0.0,0.0,0.0,0.0,0.0
798,12709.0439453125,196.42913818359375,0.0704607293009758,0.7947237491607666,60.40011215209961,60.40011215209961,60.40011215209961,0.35573968291282654,0.35573968291282654,0.34535232186317444,0.34535232186317444,0.35573968291282654,0.34535232186317444,0.35573968291282654,0.34535232186317444,0.3327396810054779,0.3223523199558258,0.02,0.276481796,0.0,0.3612297773361206,0.9999997615814209,0.017957162111997604,0.3201877772808075,0.03816533088684082,0.26868361234664917,0.3489573299884796,0.3507792055606842,0.3612297773361206,0.3612297773361206,0.33770951628685,0.26661917567253113,0.007345555815845728,0.015108637477775725,12612.2529296875,541,nan,-1.0,True,,False,0.22264856100082397,0.0,0.22264856100082397,15.0,15.0,1.0,0.0,0.0,0.0,0.0,0.0
799,12717.3134765625,195.6416015625,0.08971532434225082,0.7934601902961731,60.400421142578125,60.400421142578125,60.400421142578125,0.3551323413848877,0.3551323413848877,0.3447054624557495,0.3447054624557495,0.3551323413848877,0.3447054624557495,0.3551323413848877,0.3447054624557495,0.33213233947753906,0.3217054605484009,0.02,0.2762404495,0.0,0.3605949282646179,0.9999997615814209,0.017965305596590042,0.32516732811927795,0.0381438210606575,0.26868361234664917,0.34833234548568726,0.3501564860343933,0.3605949282646179,0.3605949282646179,0.33779269456863403,0.2667282819747925,0.007004748098552227,0.01563543530452686,12612.2529296875,541,nan,-1.0,True,,False,0.2224719226360321,0.0,0.2224719226360321,15.0,15.0,1.0,0.0,0.0,0.0,0.0,0.0
800,12726.7568359375,194.83779907226562,0.11002976447343826,0.7935988903045654,60.4005241394043,60.4005241394043,60.4005241394043,0.35450804233551025,0.35450804233551025,0.34404391050338745,0.34404391050338745,0.35450804233551025,0.34404391050338745,0.35450804233551025,0.34404391050338745,0.3315080404281616,0.3210439085960388,0.02,0.27599999999999997,0.0,0.35994401574134827,0.9999997615814209,0.017959680408239365,0.32577210664749146,0.03809259086847305,0.2686835825443268,0.34772205352783203,0.3495482802391052,0.35994401574134827,0.35994401574134827,0.3376779556274414,0.2668376564979553,0.006682926323264837,0.014684758164447784,12612.2529296875,541,nan,-1.0,True,,False,0.2222951352596283,0.0,0.2222951352596283,15.0,15.0,1.0,0.0,0.0,0.0,0.0,0.0
801,12736.71484375,194.07798767089844,0.1310836225748062,0.7938503623008728,60.400848388671875,60.400848388671875,60.400848388671875,0.3539227545261383,0.3539227545261383,0.34341731667518616,0.34341731667518616,0.3539227545261383,0.34341731667518616,0.3539227545261383,0.34341731667518616,0.3309227526187897,0.3204173147678375,0.02,0.2757604505,0.0,0.3593301475048065,0.9999997615814209,0.017943747341632843,0.3236282467842102,0.03801020607352257,0.26868361234664917,0.34712889790534973,0.34895724058151245,0.3593301475048065,0.3593301475048065,0.33729588985443115,0.26694732904434204,0.006379452534019947,0.013435311539473737,12612.2529296875,541,nan,-1.0,True,,False,0.22211819887161255,0.0,0.22211819887161255,15.0,15.0,1.0,0.0,0.0,0.0,0.0,0.0
802,12747.5673828125,193.31192016601562,0.15259550511837006,0.7953259348869324,60.40147399902344,60.40147399902344,60.40147399902344,0.35332897305488586,0.35332897305488586,0.3427843153476715,0.3427843153476715,0.35332897305488586,0.3427843153476715,0.35332897305488586,0.3427843153476715,0.33032897114753723,0.3197843134403229,0.02,0.275521804,0.0,0.3587084710597992,0.9999997615814209,0.017920689657330513,0.3274620473384857,0.037887636572122574,0.2686835527420044,0.34653958678245544,0.3483702838420868,0.3587084710597992,0.3587084710597992,0.33677250146865845,0.26705724000930786,0.006093652453273535,0.013060805448427951,12612.2529296875,541,nan,-1.0,True,,False,0.221941277384758,0.0,0.221941277384758,15.0,15.0,1.0,0.0,0.0,0.0,0.0,0.0
803,12759.322265625,192.6056365966797,0.17432035505771637,0.7978965044021606,60.40304183959961,60.40304183959961,60.40304183959961,0.35277846455574036,0.35277846455574036,0.3421995937824249,0.3421995937824249,0.35277846455574036,0.3421995937824249,0.35277846455574036,0.3421995937824249,0.3297784626483917,0.3191995918750763,0.02,0.2752840635,0.0,0.3581281900405884,0.9999997615814209,0.01790761947631836,0.3175983130931854,0.03784980997443199,0.26868361234664917,0.34597644209861755,0.34780973196029663,0.3581281900405884,0.3581281900405884,0.3359105587005615,0.26716741919517517,0.00582483084872365,0.014086728616449464,12612.2529296875,541,nan,-1.0,True,,False,0.22176438570022583,0.0,0.22176438570022583,15.0,15.0,1.0,0.0,0.0,0.0,0.0,0.0
804,12772.392578125,191.94085693359375,0.1960427463054657,0.8025891184806824,60.405677795410156,60.405677795410156,60.405677795410156,0.35223618149757385,0.35223618149757385,0.34164825081825256,0.34164825081825256,0.35223618149757385,0.34164825081825256,0.35223618149757385,0.34164825081825256,0.3292361795902252,0.31864824891090393,0.02,0.275047232,0.0,0.35755422711372375,0.9999997615814209,0.017909521237015724,0.3092416524887085,0.037847913801670074,0.2686835527420044,0.34541186690330505,0.3472476601600647,0.35755422711372375,0.35755422711372375,0.33476150035858154,0.26727792620658875,0.005572328343987465,0.012919841067842854,12612.2529296875,541,nan,-1.0,True,,False,0.22158756852149963,0.0,0.22158756852149963,15.0,15.0,1.0,0.0,0.0,0.0,0.0,0.0
805,12784.326171875,191.2624053955078,0.21757562458515167,0.8046450614929199,60.40976333618164,60.40976333618164,60.40976333618164,0.351710706949234,0.351710706949234,0.3410845994949341,0.3410845994949341,0.351710706949234,0.3410845994949341,0.351710706949234,0.3410845994949341,0.3287107050418854,0.31808459758758545,0.02,0.2748113125,0.0,0.3569990396499634,0.9999997615814209,0.017895175144076347,0.3049001693725586,0.03777332603931427,0.2686835825443268,0.3448651432991028,0.3467022478580475,0.3569990396499634,0.3569990396499634,0.3336445689201355,0.26738861203193665,0.005335499532520771,0.01233169372345502,12612.2529296875,541,nan,-1.0,True,,False,0.22141078114509583,0.0,0.22141078114509583,15.0,15.0,1.0,0.0,0.0,0.0,0.0,0.0
806,12795.8623046875,190.59896850585938,0.23875722289085388,0.806066632270813,60.41425704956055,60.41425704956055,60.41425704956055,0.35118433833122253,0.35118433833122253,0.34053245186805725,0.34053245186805725,0.35118433833122253,0.34053245186805725,0.35118433833122253,0.34053245186805725,0.3281843364238739,0.3175324499607086,0.02,0.274576308,0.0,0.35643908381462097,0.9999997615814209,0.01789611019194126,0.3037961721420288,0.03768511489033699,0.26868361234664917,0.34432855248451233,0.3461672067642212,0.35643908381462097,0.35643908381462097,0.33251890540122986,0.26749956607818604,0.005113720893859863,0.011685218999951353,12612.2529296875,541,nan,-1.0,True,,False,0.22123399376869202,0.0,0.22123399376869202,15.0,15.0,1.0,0.0,0.0,0.0,0.0,0.0
807,12806.841796875,189.88433837890625,0.2594490945339203,0.8068692088127136,60.41899108886719,60.41899108886719,60.41899108886719,0.35063445568084717,0.35063445568084717,0.33993661403656006,0.33993661403656006,0.35063445568084717,0.33993661403656006,0.35063445568084717,0.33993661403656006,0.32763445377349854,0.3169366121292114,0.02,0.2743422215,0.0,0.355857253074646,0.9999997615814209,0.017896868288517,0.30819278955459595,0.03758346289396286,0.26868361234664917,0.343780517578125,0.3456210792064667,0.355857253074646,0.355857253074646,0.33127862215042114,0.26761069893836975,0.004906385205686092,0.0104777551540691,12612.2529296875,541,nan,-1.0,True,,False,0.2210572510957718,0.0,0.2210572510957718,15.0,15.0,1.0,0.0,0.0,0.0,0.0,0.0
808,12816.7568359375,189.29843139648438,0.27953267097473145,0.8062734007835388,60.42277908325195,60.42277908325195,60.42277908325195,0.3501542806625366,0.3501542806625366,0.3394472599029541,0.3394472599029541,0.3501542806625366,0.3394472599029541,0.3501542806625366,0.3394472599029541,0.327154278755188,0.31644725799560547,0.02,0.274109056,0.0,0.3553440570831299,0.9999997615814209,0.017888788133859634,0.31265825033187866,0.03757503628730774,0.26868361234664917,0.34329482913017273,0.34513768553733826,0.3553440570831299,0.3553440570831299,0.33012256026268005,0.2677220404148102,0.004712915048003197,0.010479947742472481,12612.2529296875,541,nan,-1.0,True,,False,0.22088047862052917,0.0,0.22088047862052917,15.0,15.0,1.0,0.0,0.0,0.0,0.0,0.0
809,12826.583984375,188.61802673339844,0.29890650510787964,0.8067607283592224,60.425662994384766,60.425662994384766,60.425662994384766,0.3496224284172058,0.3496224284172058,0.3388780355453491,0.3388780355453491,0.3496224284172058,0.3388780355453491,0.3496224284172058,0.3388780355453491,0.3266224265098572,0.3158780336380005,0.02,0.2738768145,0.0,0.35477739572525024,0.9999997615814209,0.017888305708765984,0.31713956594467163,0.03751065209507942,0.2686835527420044,0.3427691161632538,0.34461361169815063,0.35477739572525024,0.35477739572525024,0.32895931601524353,0.2678335905075073,0.004532765597105026,0.010122936915447807,12612.2529296875,541,nan,-1.0,True,,False,0.2207038253545761,0.0,0.2207038253545761,15.0,15.0,1.0,0.0,0.0,0.0,0.0,0.0
810,12835.650390625,188.01397705078125,0.3174856901168823,0.8069794774055481,60.42701721191406,60.42701721191406,60.42701721191406,0.3491367697715759,0.3491367697715759,0.3383718430995941,0.3383718430995941,0.3491367697715759,0.3383718430995941,0.3491367697715759,0.3383718430995941,0.3261367678642273,0.3153718411922455,0.02,0.2736455,0.0,0.3542585074901581,0.9999997615814209,0.0178899634629488,0.3183227777481079,0.03747709095478058,0.26868361234664917,0.3422706425189972,0.3441166877746582,0.3542585074901581,0.3542585074901581,0.3277817666530609,0.2679452896118164,0.00436541298404336,0.009903078098836381,12612.2529296875,541,nan,-1.0,True,,False,0.2205272614955902,0.0,0.2205272614955902,15.0,15.0,1.0,0.0,0.0,0.0,0.0,0.0
811,12844.7255859375,187.3862762451172,0.3351997137069702,0.8085572719573975,60.427303314208984,60.427303314208984,60.427303314208984,0.34865429997444153,0.34865429997444153,0.33784493803977966,0.33784493803977966,0.34865429997444153,0.33784493803977966,0.34865429997444153,0.33784493803977966,0.3256542980670929,0.31484493613243103,0.02,0.27341511549999997,0.0,0.35374099016189575,0.9999997615814209,0.01788419485092163,0.3141156733036041,0.03736018016934395,0.2686835527420044,0.3417891561985016,0.3436364233493805,0.35374099016189575,0.35374099016189575,0.3266010284423828,0.2680572271347046,0.004210356622934341,0.011046505263948347,12612.2529296875,541,nan,-1.0,True,,False,0.22035078704357147,0.0,0.22035078704357147,15.0,15.0,1.0,0.0,0.0,0.0,0.0,0.0
812,12853.8427734375,186.7815399169922,0.3519890010356903,0.8112799525260925,60.4271354675293,60.4271354675293,60.4271354675293,0.3481706380844116,0.3481706380844116,0.3373365104198456,0.3373365104198456,0.3481706380844116,0.3373365104198456,0.3481706380844116,0.3373365104198456,0.325170636177063,0.31433650851249695,0.02,0.273185664,0.0,0.3532220721244812,0.9999997615814209,0.01788841374218464,0.3107329308986664,0.03729764372110367,0.26868361234664917,0.34131574630737305,0.3431646227836609,0.3532220721244812,0.3532220721244812,0.32551026344299316,0.2681693136692047,0.004067133646458387,0.01099543063658833,12612.2529296875,541,nan,-1.0,True,,False,0.2201744019985199,0.0,0.2201744019985199,15.0,15.0,1.0,0.0,0.0,0.0,0.0,0.0
813,12862.755859375,186.1848907470703,0.36780762672424316,0.8144485354423523,60.427215576171875,60.427215576171875,60.427215576171875,0.3476850092411041,0.3476850092411041,0.33683404326438904,0.33683404326438904,0.3476850092411041,0.33683404326438904,0.3476850092411041,0.33683404326438904,0.3246850073337555,0.3138340413570404,0.02,0.27295714849999997,0.0,0.35269808769226074,0.9999997615814209,0.017884626984596252,0.3077239990234375,0.037272047251462936,0.26868361234664917,0.34084552526474,0.34269601106643677,0.35269808769226074,0.35269808769226074,0.32442909479141235,0.2682815492153168,0.0039352853782474995,0.010765732293091586,12612.2529296875,541,nan,-1.0,True,,False,0.2199980616569519,0.0,0.2199980616569519,15.0,15.0,1.0,0.0,0.0,0.0,0.0,0.0
814,12871.4306640625,185.62313842773438,0.3826198875904083,0.8177069425582886,60.42822265625,60.42822265625,60.42822265625,0.3472308814525604,0.3472308814525604,0.33636024594306946,0.33636024594306946,0.3472308814525604,0.33636024594306946,0.3472308814525604,0.33636024594306946,0.3242308795452118,0.3133602440357208,0.02,0.27272957200000003,0.0,0.35220521688461304,0.9999997615814209,0.01790429838001728,0.30616292357444763,0.037260036915540695,0.2686835825443268,0.3403725326061249,0.34222424030303955,0.35220521688461304,0.35220521688461304,0.323278546333313,0.26838940382003784,0.003814372466877103,0.010603868062187556,12612.2529296875,541,nan,-1.0,True,,False,0.21982179582118988,0.0,0.21982179582118988,15.0,15.0,1.0,0.0,0.0,0.0,0.0,0.0
815,12879.8857421875,185.09536743164062,0.3963993489742279,0.8209947347640991,60.43046951293945,60.43046951293945,60.43046951293945,0.34680792689323425,0.34680792689323425,0.3359144330024719,0.3359144330024719,0.34680792689323425,0.3359144330024719,0.34680792689323425,0.3359144330024719,0.3238079249858856,0.3129144310951233,0.02,0.2725029375,0.0,0.35174423456192017,0.9999997615814209,0.017890455201268196,0.3095633089542389,0.037231385707855225,0.2686835825443268,0.3399406969547272,0.34179383516311646,0.35174423456192017,0.35174423456192017,0.32223036885261536,0.26848602294921875,0.0037039746530354023,0.010437319049540546,12612.2529296875,541,nan,-1.0,True,,False,0.21964555978775024,0.0,0.21964555978775024,15.0,15.0,1.0,0.0,0.0,0.0,0.0,0.0
816,12888.1875,185.64813232421875,0.40912798047065735,0.8241692781448364,60.42945098876953,60.42945098876953,60.42945098876953,0.3471848666667938,0.3471848666667938,0.33638134598731995,0.33638134598731995,0.3471848666667938,0.33638134598731995,0.3471848666667938,0.33638134598731995,0.3241848647594452,0.3133813440799713,0.02,0.272277248,0.0,0.3522144854068756,0.9999997615814209,0.017888257279992104,0.31176942586898804,0.03732943534851074,0.2686835825443268,0.3403099477291107,0.3421599566936493,0.3522144854068756,0.3522144854068756,0.3217783570289612,0.26858043670654297,0.003603688208386302,0.009675219089533331,12612.2529296875,541,nan,-1.0,True,,False,0.22004297375679016,0.0,0.22004297375679016,15.0,15.0,1.0,0.0,0.0,0.0,0.0,0.0
817,12895.3046875,186.22633361816406,0.42079538106918335,0.8255069255828857,60.42963790893555,60.42963790893555,60.42963790893555,0.3475682735443115,0.3475682735443115,0.3368689715862274,0.3368689715862274,0.3475682735443115,0.3368689715862274,0.3475682735443115,0.3368689715862274,0.3245682716369629,0.3138689696788788,0.02,0.2720525065,0.0,0.3526897728443146,0.9999997615814209,0.017858130857348442,0.31457024812698364,0.03742162138223648,0.26868361234664917,0.34071075916290283,0.3425574004650116,0.3526897728443146,0.3526897728443146,0.32133620977401733,0.26867279410362244,0.0035131259355694056,0.009148648874543142,12612.2529296875,541,nan,-1.0,True,,False,0.22045066952705383,0.0,0.22045066952705383,15.0,15.0,1.0,0.0,0.0,0.0,0.0,0.0
818,12901.919921875,186.7749786376953,0.43139636516571045,0.8265746831893921,60.43079376220703,60.43079376220703,60.43079376220703,0.347929984331131,0.347929984331131,0.33733096718788147,0.33733096718788147,0.347929984331131,0.33733096718788147,0.347929984331131,0.33733096718788147,0.32492998242378235,0.31433096528053284,0.02,0.271828716,0.0,0.35313642024993896,0.9999997615814209,0.01783636398613453,0.3158498704433441,0.037518177181482315,0.2686835825443268,0.341085284948349,0.342928409576416,0.35313642024993896,0.35313642024993896,0.32080700993537903,0.26876312494277954,0.00343192252330482,0.008507398099835781,12612.2529296875,541,nan,-1.0,True,,False,0.2208443433046341,0.0,0.2208443433046341,15.0,15.0,1.0,0.0,0.0,0.0,0.0,0.0
819,12907.3974609375,187.3446502685547,0.44093218445777893,0.8262859582901001,60.43221664428711,60.43221664428711,60.43221664428711,0.3483295738697052,0.3483295738697052,0.3378099799156189,0.3378099799156189,0.3483295738697052,0.3378099799156189,0.3483295738697052,0.3378099799156189,0.32532957196235657,0.31480997800827026,0.02,0.27160587950000004,0.0,0.3536161482334137,0.9999997615814209,0.017797302454710007,0.3113953173160553,0.03754158318042755,0.26868361234664917,0.3414933979511261,0.3433322608470917,0.3536161482334137,0.3536161482334137,0.32032695412635803,0.26885145902633667,0.0033597275614738464,0.008612373890274385,12612.2529296875,541,nan,-1.0,True,,False,0.22122448682785034,0.0,0.22122448682785034,15.0,15.0,1.0,0.0,0.0,0.0,0.0,0.0
820,12912.4736328125,187.88072204589844,0.44940847158432007,0.8263679146766663,60.43352508544922,60.43352508544922,60.43352508544922,0.3487042188644409,0.3487042188644409,0.33826005458831787,0.33826005458831787,0.3487042188644409,0.33826005458831787,0.3487042188644409,0.33826005458831787,0.3257042169570923,0.31526005268096924,0.02,0.271384,0.0,0.35406461358070374,0.9999997615814209,0.01777399331331253,0.31509050726890564,0.03759712353348732,0.2686835527420044,0.341876745223999,0.3437114655971527,0.3540646433830261,0.3540646433830261,0.31990569829940796,0.268938273191452,0.0032962062396109104,0.008927277790967815,12612.2529296875,541,nan,-1.0,True,,False,0.2215917408466339,0.0,0.2215917408466339,15.0,15.0,1.0,0.0,0.0,0.0,0.0,0.0
821,12916.5478515625,187.91004943847656,0.45683491230010986,0.8265048861503601,60.43484115600586,60.43484115600586,60.43484115600586,0.34871891140937805,0.34871891140937805,0.3382846713066101,0.3382846713066101,0.34871891140937805,0.3382846713066101,0.34871891140937805,0.3382846713066101,0.3257189095020294,0.3152846693992615,0.02,0.27116308050000004,0.0,0.3541114032268524,0.9999997615814209,0.017743946984410286,0.3194786012172699,0.03753829747438431,0.2686835527420044,0.341895192861557,0.34372812509536743,0.3541114032268524,0.3541114032268524,0.3195646107196808,0.26899728178977966,0.0032410435378551483,0.008133543736928713,12612.2529296875,541,nan,-1.0,True,,False,0.22174206376075745,0.0,0.22174206376075745,15.0,15.0,1.0,0.0,0.0,0.0,0.0,0.0
822,12919.869140625,187.83396911621094,0.463225781917572,0.8264693021774292,60.435935974121094,60.435935974121094,60.435935974121094,0.3486494719982147,0.3486494719982147,0.33822083473205566,0.33822083473205566,0.3486494719982147,0.33822083473205566,0.3486494719982147,0.33822083473205566,0.3256494700908661,0.31522083282470703,0.02,0.270943124,0.0,0.35405051708221436,0.9999997615814209,0.017737820744514465,0.32387658953666687,0.03750547394156456,0.2686835527420044,0.3418267071247101,0.34365954995155334,0.35405051708221436,0.35405051708221436,0.31929707527160645,0.26903948187828064,0.003193930722773075,0.008744419230626792,12612.2529296875,541,nan,-1.0,True,,False,0.22177836298942566,0.0,0.22177836298942566,15.0,15.0,1.0,0.0,0.0,0.0,0.0,0.0
823,12923.134765625,187.75177001953125,0.46859824657440186,0.8275776505470276,60.43647384643555,60.43647384643555,60.43647384643555,0.3485792577266693,0.3485792577266693,0.33815184235572815,0.33815184235572815,0.3485792577266693,0.33815184235572815,0.3485792577266693,0.33815184235572815,0.3255792558193207,0.3151518404483795,0.02,0.2707241335,0.0,0.35398754477500916,0.9999997615814209,0.017731808125972748,0.32819220423698425,0.037494778633117676,0.26868361234664917,0.34177470207214355,0.34360697865486145,0.35398754477500916,0.35398754477500916,0.31902411580085754,0.2690812945365906,0.003154576290398836,0.008824198185821943,12612.2529296875,541,nan,-1.0,True,,False,0.22181525826454163,0.0,0.22181525826454163,15.0,15.0,1.0,0.0,0.0,0.0,0.0,0.0
824,12925.97265625,187.6976776123047,0.4729720950126648,0.8289293050765991,60.436622619628906,60.436622619628906,60.436622619628906,0.34851956367492676,0.34851956367492676,0.3381064534187317,0.3381064534187317,0.34851956367492676,0.3381064534187317,0.34851956367492676,0.3381064534187317,0.3255195617675781,0.31510645151138306,0.02,0.270506112,0.0,0.3539361357688904,0.9999997615814209,0.017731083557009697,0.3254197835922241,0.037495218217372894,0.26868361234664917,0.3417254090309143,0.34355682134628296,0.3539361357688904,0.3539361357688904,0.31873518228530884,0.26912277936935425,0.0031227029394358397,0.008734399070615635,12612.2529296875,541,nan,-1.0,True,,False,0.22185274958610535,0.0,0.22185274958610535,15.0,15.0,1.0,0.0,0.0,0.0,0.0,0.0
825,12927.5126953125,187.6262969970703,0.4763701260089874,0.8288522958755493,60.436378479003906,60.436378479003906,60.436378479003906,0.3484649658203125,0.3484649658203125,0.33804652094841003,0.33804652094841003,0.3484649658203125,0.33804652094841003,0.3484649658203125,0.33804652094841003,0.32546496391296387,0.3150465190410614,0.02,0.2702890625,0.0,0.3538893461227417,0.9999997615814209,0.017738955095410347,0.3208753168582916,0.037484072148799896,0.26868361234664917,0.34168094396591187,0.3435119390487671,0.3538893461227417,0.3538893461227417,0.31842154264450073,0.2691638767719269,0.0030980424489825964,0.00811366055495455,12612.2529296875,541,nan,-1.0,True,,False,0.2218908667564392,0.0,0.2218908667564392,15.0,15.0,1.0,0.0,0.0,0.0,0.0,0.0
826,12927.4580078125,187.58018493652344,0.4788174331188202,0.8266459703445435,60.435733795166016,60.435733795166016,60.435733795166016,0.3484208285808563,0.3484208285808563,0.3380078077316284,0.3380078077316284,0.3484208285808563,0.3380078077316284,0.3484208285808563,0.3380078077316284,0.3254208266735077,0.3150078058242798,0.02,0.270072988,0.0,0.35385313630104065,0.9999997615814209,0.017729975283145905,0.316180944442749,0.037460751831531525,0.2686835527420044,0.34163567423820496,0.343466192483902,0.35385313630104065,0.35385313630104065,0.31815606355667114,0.269204705953598,0.0030803366098552942,0.008474572940637396,12612.2529296875,541,nan,-1.0,True,,False,0.22192959487438202,0.0,0.22192959487438202,15.0,15.0,1.0,0.0,0.0,0.0,0.0,0.0
827,12926.775390625,187.54884338378906,0.4803406298160553,0.824155867099762,60.43489074707031,60.43489074707031,60.43489074707031,0.3483847677707672,0.3483847677707672,0.3379814922809601,0.3379814922809601,0.3483847677707672,0.3379814922809601,0.3483847677707672,0.3379814922809601,0.3253847658634186,0.31498149037361145,0.02,0.26985789150000006,0.0,0.3538256287574768,0.9999997615814209,0.017734192311763763,0.3112996220588684,0.03744834288954735,0.2686835527420044,0.34161093831062317,0.3434414267539978,0.3538256287574768,0.3538256287574768,0.31791359186172485,0.2692451477050781,0.0030693388544023037,0.008424634744086588,12612.2529296875,541,nan,-1.0,True,,False,0.2219688892364502,0.0,0.2219688892364502,15.0,15.0,1.0,0.0,0.0,0.0,0.0,0.0
828,12925.68359375,187.5263214111328,0.48096808791160583,0.8217861652374268,60.433902740478516,60.433902740478516,60.433902740478516,0.3483382761478424,0.3483382761478424,0.3379625678062439,0.3379625678062439,0.3483382761478424,0.3379625678062439,0.3483382761478424,0.3379625678062439,0.3253382742404938,0.31496256589889526,0.02,0.269643776,0.0,0.3537876605987549,0.9999997615814209,0.0177494827657938,0.30804282426834106,0.03751436620950699,0.2686835527420044,0.34158313274383545,0.34341341257095337,0.3537876605987549,0.3537876605987549,0.3176543712615967,0.26928529143333435,0.003064813558012247,0.008875499726653087,12612.2529296875,541,nan,-1.0,True,,False,0.22200877964496613,0.0,0.22200877964496613,15.0,15.0,1.0,0.0,0.0,0.0,0.0,0.0
829,12925.1591796875,187.5049591064453,0.480728417634964,0.8214154839515686,60.43291091918945,60.43291091918945,60.43291091918945,0.34831488132476807,0.34831488132476807,0.3379446268081665,0.3379446268081665,0.34831488132476807,0.3379446268081665,0.34831488132476807,0.3379446268081665,0.32531487941741943,0.31494462490081787,0.02,0.26943064450000004,0.0,0.3537735044956207,0.9999997615814209,0.017739249393343925,0.31200718879699707,0.037482041865587234,0.26868361234664917,0.34156084060668945,0.3433902859687805,0.3537735044956207,0.3537735044956207,0.3174421489238739,0.2693251073360443,0.003066541627049446,0.007556898894714929,12612.2529296875,541,nan,-1.0,True,,False,0.22204920649528503,0.0,0.22204920649528503,15.0,15.0,1.0,0.0,0.0,0.0,0.0,0.0
830,12925.310546875,187.48988342285156,0.47965261340141296,0.8231630325317383,60.432064056396484,60.432064056396484,60.432064056396484,0.3482767343521118,0.3482767343521118,0.3379319906234741,0.3379319906234741,0.3482767343521118,0.3379319906234741,0.3482767343521118,0.3379319906234741,0.3252767324447632,0.3149319887161255,0.02,0.2692185,0.0,0.35374370217323303,0.9999997615814209,0.01772375963628292,0.3149186074733734,0.03749094158411026,0.2686835527420044,0.3415355086326599,0.3433639109134674,0.35374370217323303,0.35374370217323303,0.31724900007247925,0.2693646550178528,0.0030743044335395098,0.007968780612322411,12612.2529296875,541,nan,-1.0,True,,False,0.22209031879901886,0.0,0.22209031879901886,15.0,15.0,1.0,0.0,0.0,0.0,0.0,0.0
831,12924.955078125,187.49813842773438,0.47777193784713745,0.8246227502822876,60.43130111694336,60.43130111694336,60.43130111694336,0.3482629060745239,0.3482629060745239,0.33793890476226807,0.33793890476226807,0.3482629060745239,0.33793890476226807,0.3482629060745239,0.33793890476226807,0.3252629041671753,0.31493890285491943,0.02,0.2690073455,0.0,0.3537386655807495,0.9999997615814209,0.017718587070703506,0.31022852659225464,0.03752054274082184,0.2686835527420044,0.3415236175060272,0.3433515429496765,0.3537386655807495,0.3537386655807495,0.3170395791530609,0.2694039046764374,0.0030878952238708735,0.007720955766570923,12612.2529296875,541,nan,-1.0,True,,False,0.22213207185268402,0.0,0.22213207185268402,15.0,15.0,1.0,0.0,0.0,0.0,0.0,0.0
832,12924.560546875,187.52903747558594,0.4751186668872833,0.8266934156417847,60.43062973022461,60.43062973022461,60.43062973022461,0.348257452249527,0.348257452249527,0.33796486258506775,0.33796486258506775,0.348257452249527,0.33796486258506775,0.348257452249527,0.33796486258506775,0.32525745034217834,0.3149648606777191,0.02,0.26879718399999997,0.0,0.353741317987442,0.9999997615814209,0.01772106997668743,0.30586352944374084,0.03752405568957329,0.26868361234664917,0.34152454137802124,0.343351811170578,0.353741317987442,0.353741317987442,0.3168179988861084,0.26944291591644287,0.0031071144621819258,0.007484997121436108,12612.2529296875,541,nan,-1.0,True,,False,0.2221744805574417,0.0,0.2221744805574417,15.0,15.0,1.0,0.0,0.0,0.0,0.0,0.0
833,12922.8056640625,187.49942016601562,0.4717256426811218,0.8268128037452698,60.4301872253418,60.4301872253418,60.4301872253418,0.3482373058795929,0.3482373058795929,0.337939977645874,0.337939977645874,0.3482373058795929,0.337939977645874,0.3482373058795929,0.337939977645874,0.32523730397224426,0.3149399757385254,0.02,0.2685880185,0.0,0.35373032093048096,0.9999997615814209,0.017710279673337936,0.3021297752857208,0.037483468651771545,0.26868361234664917,0.34150898456573486,0.34333568811416626,0.35373032093048096,0.35373032093048096,0.31663885712623596,0.2694816589355469,0.003131771693006158,0.007252689376602777,12612.2529296875,541,nan,-1.0,True,,False,0.22221753001213074,0.0,0.22221753001213074,15.0,15.0,1.0,0.0,0.0,0.0,0.0,0.0
834,12920.0126953125,187.51776123046875,0.467625230550766,0.8254148960113525,60.42987060546875,60.42987060546875,60.42987060546875,0.3482331931591034,0.3482331931591034,0.33795538544654846,0.33795538544654846,0.3482331931591034,0.33795538544654846,0.3482331931591034,0.33795538544654846,0.32523319125175476,0.31495538353919983,0.02,0.26837985200000003,0.0,0.35373637080192566,0.9999997615814209,0.01771565154194832,0.32802921533584595,0.037518806755542755,0.26868361234664917,0.3415079712867737,0.3433339297771454,0.35373637080192566,0.35373637080192566,0.3165060877799988,0.26952019333839417,0.0031616869382560253,0.007590790792164626,12612.2529296875,541,nan,-1.0,True,,False,0.2222612351179123,0.0,0.2222612351179123,15.0,15.0,1.0,0.0,0.0,0.0,0.0,0.0
835,12916.6943359375,187.54852294921875,0.4628506004810333,0.8236005306243896,60.42959976196289,60.42959976196289,60.42959976196289,0.3482453525066376,0.3482453525066376,0.3379812240600586,0.3379812240600586,0.3482453525066376,0.3379812240600586,0.3482453525066376,0.3379812240600586,0.32524535059928894,0.31498122215270996,0.02,0.2681726875,0.0,0.3537568151950836,0.9999997615814209,0.01770908571779728,0.3548961877822876,0.03752706199884415,0.2686835527420044,0.3415217995643616,0.3433469831943512,0.3537568151950836,0.3537568151950836,0.3163650631904602,0.2695584297180176,0.0031966872047632933,0.008012929236833265,12612.2529296875,541,nan,-1.0,True,,False,0.22230559587478638,0.0,0.22230559587478638,15.0,15.0,1.0,0.0,0.0,0.0,0.0,0.0
836,12912.6767578125,187.5494842529297,0.45743462443351746,0.8209624290466309,60.42964172363281,60.42964172363281,60.42964172363281,0.3482312858104706,0.3482312858104706,0.33798202872276306,0.33798202872276306,0.3482312858104706,0.33798202872276306,0.3482312858104706,0.33798202872276306,0.32523128390312195,0.31498202681541443,0.02,0.267966528,0.0,0.3537504971027374,0.9999997615814209,0.017711995169520378,0.3605254292488098,0.03753580152988434,0.26868361234664917,0.341516375541687,0.3433409035205841,0.3537504971027374,0.3537504971027374,0.3162038028240204,0.2695966958999634,0.0032366085797548294,0.008770746067360355,12612.2529296875,541,nan,-1.0,True,,False,0.2223505675792694,0.0,0.2223505675792694,15.0,15.0,1.0,0.0,0.0,0.0,0.0,0.0
837,12909.681640625,187.5455780029297,0.45140984654426575,0.8209215998649597,60.42985534667969,60.42985534667969,60.42985534667969,0.3482431173324585,0.3482431173324585,0.3379787504673004,0.3379787504673004,0.3482431173324585,0.3379787504673004,0.3482431173324585,0.3379787504673004,0.32524311542510986,0.3149787485599518,0.02,0.2677613765,0.0,0.3537701368331909,0.9999997615814209,0.017697753384709358,0.3561664819717407,0.037491485476493835,0.2686835825443268,0.3415287733078003,0.3433534801006317,0.3537701368331909,0.3537701368331909,0.3161053955554962,0.2696586549282074,0.0032812957651913166,0.008842070228436368,12612.2529296875,541,nan,-1.0,True,,False,0.2223961353302002,0.0,0.2223961353302002,15.0,15.0,1.0,0.0,0.0,0.0,0.0,0.0
838,12907.076171875,187.5525665283203,0.4448085129261017,0.8220881819725037,60.43037796020508,60.43037796020508,60.43037796020508,0.34823623299598694,0.34823623299598694,0.3379846215248108,0.3379846215248108,0.34823623299598694,0.3379846215248108,0.34823623299598694,0.3379846215248108,0.3252362310886383,0.31498461961746216,0.02,0.26755723600000003,0.0,0.3537718653678894,0.9999997615814209,0.017693018540740013,0.35101985931396484,0.037476975470781326,0.2686835825443268,0.34153324365615845,0.34335729479789734,0.3537718653678894,0.3537718653678894,0.31599944829940796,0.26972243189811707,0.003330603474751115,0.008924528989559298,12612.2529296875,541,nan,-1.0,True,,False,0.22244231402873993,0.0,0.22244231402873993,15.0,15.0,1.0,0.0,0.0,0.0,0.0,0.0
839,12904.642578125,187.60076904296875,0.4376632571220398,0.8239826560020447,60.43109130859375,60.43109130859375,60.43109130859375,0.34825119376182556,0.34825119376182556,0.3380250930786133,0.3380250930786133,0.34825119376182556,0.3380250930786133,0.34825119376182556,0.3380250930786133,0.32525119185447693,0.31502509117126465,0.02,0.26735410950000005,0.0,0.35379666090011597,0.9999997615814209,0.01769126206636429,0.3442874848842621,0.037511195987463,0.2686835825443268,0.3415428698062897,0.34336599707603455,0.35379666090011597,0.35379666090011597,0.31590577960014343,0.26978760957717896,0.0033843875862658024,0.009412460514391164,12612.2529296875,541,nan,-1.0,True,,False,0.22248905897140503,0.0,0.22248905897140503,15.0,15.0,1.0,0.0,0.0,0.0,0.0,0.0
840,12901.9453125,187.65675354003906,0.43000659346580505,0.8257414698600769,60.43207550048828,60.43207550048828,60.43207550048828,0.34825772047042847,0.34825772047042847,0.3380720913410187,0.3380720913410187,0.34825772047042847,0.3380720913410187,0.34825772047042847,0.3380720913410187,0.32525771856307983,0.31507208943367004,0.02,0.26715200000000006,0.0,0.3538121283054352,0.9999997615814209,0.017694219946861267,0.3379434049129486,0.03758116811513901,0.2686835825443268,0.34155401587486267,0.34337669610977173,0.35381215810775757,0.35381215810775757,0.3158067762851715,0.2698529064655304,0.0034425107296556234,0.009114291165234236,12612.2529296875,541,nan,-1.0,True,,False,0.2225363850593567,0.0,0.2225363850593567,15.0,15.0,1.0,0.0,0.0,0.0,0.0,0.0
841,12898.53515625,187.6786346435547,0.4218706786632538,0.8266441822052002,60.43299865722656,60.43299865722656,60.43299865722656,0.34827545285224915,0.34827545285224915,0.3380904495716095,0.3380904495716095,0.34827545285224915,0.3380904495716095,0.34827545285224915,0.3380904495716095,0.3252754509449005,0.31509044766426086,0.02,0.26695091049999997,0.0,0.3538389503955841,0.9999997615814209,0.017685214057564735,0.3274165987968445,0.03756226226687431,0.2686835825443268,0.3415682911872864,0.34339097142219543,0.3538389503955841,0.3538389503955841,0.31572961807250977,0.2699183225631714,0.0035048427525907755,0.008857466873653012,12612.2529296875,541,nan,-1.0,True,,False,0.2225843220949173,0.0,0.2225843220949173,15.0,15.0,1.0,0.0,0.0,0.0,0.0,0.0
