step,L_total,loss_vol,loss_rep,loss_bnd,loss_curve_length,curve_length_min,curve_length_max,curve_length_mean,loss_cell_edge_uniform,loss_fem,loss_comp,comp,vol_frac,vol_frac_internal,vol_frac_eff_total,vol_frac_eff,VF_total,VF_eff_total,VF_int,VF_eff_int,vol_dev,vol_dev_eff,tau,seed_offset_scale,rho_min,rho_mean,rho_max,filter_delta_mean,filter_delta_max,projection_delta_mean,projection_delta_max,rho_raw_mean,rho_filtered_mean,rho_projected_mean,rho_final_mean,drho,dseed,min_seed_dist,grad_mean,best_score,best_step,best_hard_score,best_hard_step,fem_valid,fem_failure_reason,optimizer_step_skipped,w_geo_mean,h_mean,centerline_radius_mean,active_count_total,active_count_mean,active_frac_mean,inactive_count_total,inactive_count_mean,inactive_frac_mean,anchor_update_allowed,collapse_active
0,112.85755157470703,0.0,0.0,0.0,112.85755157470703,0.020883003249764442,6.341059684753418,2.6245694160461426,0.0,0.0,0.0,0.0,0.0,0.0,0.0,0.0,0.0,0.0,0.0,0.0,0.023000000044703484,0.023000000044703484,0.02,0.15,0.0,0.0,0.0,0.0,0.0,0.0,0.0,0.0,0.0,0.0,0.0,0.0,0.0,0.09759235382080078,0.0005694556562048092,112.85755157470703,0,nan,-1.0,True,,False,0.010050058364868164,0.0,0.1258549690246582,20.0,20.0,1.0,0.0,0.0,0.0,1.0,0.0
1,42.904109954833984,-0.0,0.0,-0.0,42.904109954833984,0.12946687638759613,6.339853286743164,2.624077796936035,-0.0,0.0,0.0,0.0,0.0,0.0,0.0,0.0,0.0,0.0,0.0,0.0,0.023000000044703484,0.023000000044703484,0.02,0.15,0.0,0.0,0.0,0.0,0.0,0.0,0.0,0.0,0.0,0.0,0.0,0.0,0.00022608325525652617,0.09754544496536255,0.0006730616846652993,42.904109954833984,1,nan,-1.0,True,,False,0.010050058364868164,0.0,0.1258549690246582,20.0,20.0,1.0,0.0,0.0,0.0,0.0,0.0
2,30.597299575805664,-0.0,0.0,-0.0,30.597299575805664,0.20456062257289886,6.338466644287109,2.6237330436706543,-0.0,0.0,0.0,0.0,0.0,0.0,0.0,0.0,0.0,0.0,0.0,0.0,0.023000000044703484,0.023000000044703484,0.02,0.14999999999999997,0.0,0.0,0.0,0.0,0.0,0.0,0.0,0.0,0.0,0.0,0.0,0.0,0.0004443638026714325,0.09752406924962997,0.0004374683940113755,30.597299575805664,2,nan,-1.0,True,,False,0.010050058364868164,0.0,0.1258549690246582,20.0,20.0,1.0,0.0,0.0,0.0,0.0,0.0
3,29.112436294555664,-0.0,0.0,-0.0,29.112436294555664,0.21732592582702637,6.33787727355957,2.6235060691833496,-0.0,0.0,0.0,0.0,0.0,0.0,0.0,0.0,0.0,0.0,0.0,0.0,0.023000000044703484,0.023000000044703484,0.02,0.15,0.0,0.0,0.0,0.0,0.0,0.0,0.0,0.0,0.0,0.0,0.0,0.0,0.0005909870960749686,0.09751951694488525,0.0004374662817099306,29.112436294555664,3,nan,-1.0,True,,False,0.010050058364868164,0.0,0.1258549690246582,20.0,20.0,1.0,0.0,0.0,0.0,0.0,0.0
4,27.46256446838379,-0.0,0.0,-0.0,27.46256446838379,0.23296838998794556,6.3370466232299805,2.62331485748291,-0.0,0.0,0.0,0.0,0.0,0.0,0.0,0.0,0.0,0.0,0.0,0.0,0.023000000044703484,0.023000000044703484,0.02,0.15,0.0,0.0,0.0,0.0,0.0,0.0,0.0,0.0,0.0,0.0,0.0,0.0,0.0007314467220567167,0.09752241522073746,0.0004517379661592713,27.46256446838379,4,nan,-1.0,True,,False,0.010050058364868164,0.0,0.1258549690246582,20.0,20.0,1.0,0.0,0.0,0.0,0.0,0.0
5,25.89151382446289,-0.0,0.0,-0.0,25.89151382446289,0.24944216012954712,6.336234092712402,2.6231539249420166,-0.0,0.0,0.0,0.0,0.0,0.0,0.0,0.0,0.0,0.0,0.0,0.0,0.023000000044703484,0.023000000044703484,0.02,0.15,0.0,0.0,0.0,0.0,0.0,0.0,0.0,0.0,0.0,0.0,0.0,0.0,0.0008595524705015123,0.09752921760082245,0.00047180407364066923,25.89151382446289,5,nan,-1.0,True,,False,0.010050058364868164,0.0,0.1258549690246582,20.0,20.0,1.0,0.0,0.0,0.0,0.0,0.0
6,24.46147346496582,-0.0,0.0,-0.0,24.46147346496582,0.26595693826675415,6.335175514221191,2.6229963302612305,-0.0,0.0,0.0,0.0,0.0,0.0,0.0,0.0,0.0,0.0,0.0,0.0,0.023000000044703484,0.023000000044703484,0.02,0.15,0.0,0.0,0.0,0.0,0.0,0.0,0.0,0.0,0.0,0.0,0.0,0.0,0.000979923876002431,0.09753743559122086,0.000495323739869491,24.46147346496582,6,nan,-1.0,True,,False,0.010050058364868164,0.0,0.1258549690246582,20.0,20.0,1.0,0.0,0.0,0.0,0.0,0.0
7,23.107091903686523,-0.0,0.0,-0.0,23.107091903686523,0.283124715089798,6.3338727951049805,2.622849225997925,-0.0,0.0,0.0,0.0,0.0,0.0,0.0,0.0,0.0,0.0,0.0,0.0,0.023000000044703484,0.023000000044703484,0.02,0.14999999999999997,0.0,0.0,0.0,0.0,0.0,0.0,0.0,0.0,0.0,0.0,0.0,0.0,0.0011010331800207496,0.09754572063684464,0.0005121121657793992,23.107091903686523,7,nan,-1.0,True,,False,0.010050058364868164,0.0,0.1258549690246582,20.0,20.0,1.0,0.0,0.0,0.0,0.0,0.0
8,21.823270797729492,-0.0,0.0,-0.0,21.823270797729492,0.3009580969810486,6.332214832305908,2.622704267501831,-0.0,0.0,0.0,0.0,0.0,0.0,0.0,0.0,0.0,0.0,0.0,0.0,0.023000000044703484,0.023000000044703484,0.02,0.15,0.0,0.0,0.0,0.0,0.0,0.0,0.0,0.0,0.0,0.0,0.0,0.0,0.0012222564546391368,0.09755375981330872,0.0005409465256889234,21.823270797729492,8,nan,-1.0,True,,False,0.010050058364868164,0.0,0.1258549690246582,20.0,20.0,1.0,0.0,0.0,0.0,0.0,0.0
9,20.641048431396484,-0.0,0.0,-0.0,20.641048431396484,0.31890779733657837,6.330275535583496,2.622568368911743,-0.0,0.0,0.0,0.0,0.0,0.0,0.0,0.0,0.0,0.0,0.0,0.0,0.023000000044703484,0.023000000044703484,0.02,0.15,0.0,0.0,0.0,0.0,0.0,0.0,0.0,0.0,0.0,0.0,0.0,0.0,0.0013439110480248928,0.09756185114383698,0.0005493895532708848,20.641048431396484,9,nan,-1.0,True,,False,0.010050058364868164,0.0,0.1258549690246582,20.0,20.0,1.0,0.0,0.0,0.0,0.0,0.0
10,19.556602478027344,-0.0,0.0,-0.0,19.556602478027344,0.3368349075317383,6.328266620635986,2.6224303245544434,-0.0,0.0,0.0,0.0,0.0,0.0,0.0,0.0,0.0,0.0,0.0,0.0,0.023000000044703484,0.023000000044703484,0.02,0.15,0.0,0.0,0.0,0.0,0.0,0.0,0.0,0.0,0.0,0.0,0.0,0.0,0.001466994872316718,0.09756962209939957,0.0005792227916572301,19.556602478027344,10,nan,-1.0,True,,False,0.010050058364868164,0.0,0.1258549690246582,20.0,20.0,1.0,0.0,0.0,0.0,0.0,0.0
11,19.445844650268555,-0.0,0.0,-0.0,19.445844650268555,0.3387378454208374,6.326136589050293,2.6222972869873047,-0.0,0.0,0.0,0.0,0.0,0.0,0.0,0.0,0.0,0.0,0.0,0.0,0.023000000044703484,0.023000000044703484,0.02,0.14999999999999997,0.0,0.0,0.0,0.0,0.0,0.0,0.0,0.0,0.0,0.0,0.0,0.0,0.001595717272721231,0.09757725894451141,0.0005652353997902537,19.445844650268555,11,nan,-1.0,True,,False,0.010050058364868164,0.0,0.1258549690246582,20.0,20.0,1.0,0.0,0.0,0.0,0.0,0.0
12,19.62081527709961,-0.0,0.0,-0.0,19.62081527709961,0.33568447828292847,6.324394702911377,2.622143507003784,-0.0,0.0,0.0,0.0,0.0,0.0,0.0,0.0,0.0,0.0,0.0,0.0,0.023000000044703484,0.023000000044703484,0.02,0.15,0.0,0.0,0.0,0.0,0.0,0.0,0.0,0.0,0.0,0.0,0.0,0.0,0.0016966810217127204,0.09758207201957703,0.0005830017139487609,19.445844650268555,11,nan,-1.0,True,,False,0.010050058364868164,0.0,0.1258549690246582,20.0,20.0,1.0,0.0,0.0,0.0,0.0,0.0
13,19.53028106689453,-0.0,0.0,-0.0,19.53028106689453,0.33720383048057556,6.322725772857666,2.6219851970672607,-0.0,0.0,0.0,0.0,0.0,0.0,0.0,0.0,0.0,0.0,0.0,0.0,0.023000000044703484,0.023000000044703484,0.02,0.15,0.0,0.0,0.0,0.0,0.0,0.0,0.0,0.0,0.0,0.0,0.0,0.0,0.0017757307505235076,0.09758540242910385,0.0005915694505347346,19.445844650268555,11,nan,-1.0,True,,False,0.010050058364868164,0.0,0.1258549690246582,20.0,20.0,1.0,0.0,0.0,0.0,0.0,0.0
14,19.232969284057617,-0.0,0.0,-0.0,19.232969284057617,0.34235015511512756,6.321115016937256,2.6218085289001465,-0.0,0.0,0.0,0.0,0.0,0.0,0.0,0.0,0.0,0.0,0.0,0.0,0.023000000044703484,0.023000000044703484,0.02,0.15,0.0,0.0,0.0,0.0,0.0,0.0,0.0,0.0,0.0,0.0,0.0,0.0,0.0018359952373430133,0.09758737683296204,0.000586469719564775,19.232969284057617,14,nan,-1.0,True,,False,0.010050058364868164,0.0,0.1258549690246582,20.0,20.0,1.0,0.0,0.0,0.0,0.0,0.0
15,18.801692962646484,-0.0,0.0,-0.0,18.801692962646484,0.3500460088253021,6.319704055786133,2.6216177940368652,-0.0,0.0,0.0,0.0,0.0,0.0,0.0,0.0,0.0,0.0,0.0,0.0,0.023000000044703484,0.023000000044703484,0.02,0.15,0.0,0.0,0.0,0.0,0.0,0.0,0.0,0.0,0.0,0.0,0.0,0.0,0.0018806360894814134,0.09758812934160233,0.0005747813647758448,18.801692962646484,15,nan,-1.0,True,,False,0.010050058364868164,0.0,0.1258549690246582,20.0,20.0,1.0,0.0,0.0,0.0,0.0,0.0
16,18.268991470336914,-0.0,0.0,-0.0,18.268991470336914,0.3599320650100708,6.318432331085205,2.6214334964752197,-0.0,0.0,0.0,0.0,0.0,0.0,0.0,0.0,0.0,0.0,0.0,0.0,0.023000000044703484,0.023000000044703484,0.02,0.15,0.0,0.0,0.0,0.0,0.0,0.0,0.0,0.0,0.0,0.0,0.0,0.0,0.0019166938727721572,0.09758798778057098,0.0005522323299373966,18.268991470336914,16,nan,-1.0,True,,False,0.010050058364868164,0.0,0.1258549690246582,20.0,20.0,1.0,0.0,0.0,0.0,0.0,0.0
17,17.671247482299805,-0.0,0.0,-0.0,17.671247482299805,0.37154632806777954,6.31715202331543,2.621232748031616,-0.0,0.0,0.0,0.0,0.0,0.0,0.0,0.0,0.0,0.0,0.0,0.0,0.023000000044703484,0.023000000044703484,0.02,0.15,0.0,0.0,0.0,0.0,0.0,0.0,0.0,0.0,0.0,0.0,0.0,0.0,0.0019418668234720826,0.09758715331554413,0.0005762690698247752,17.671247482299805,17,nan,-1.0,True,,False,0.010050058364868164,0.0,0.1258549690246582,20.0,20.0,1.0,0.0,0.0,0.0,0.0,0.0
18,17.037513732910156,-0.0,0.0,-0.0,17.037513732910156,0.3845090866088867,6.315936088562012,2.6210339069366455,-0.0,0.0,0.0,0.0,0.0,0.0,0.0,0.0,0.0,0.0,0.0,0.0,0.023000000044703484,0.023000000044703484,0.02,0.15,0.0,0.0,0.0,0.0,0.0,0.0,0.0,0.0,0.0,0.0,0.0,0.0,0.001958623295649886,0.09758557379245758,0.0006202515173754364,17.037513732910156,18,nan,-1.0,True,,False,0.010050058364868164,0.0,0.1258549690246582,20.0,20.0,1.0,0.0,0.0,0.0,0.0,0.0
19,16.708627700805664,-0.0,0.0,-0.0,16.708627700805664,0.3914748728275299,6.314617156982422,2.6208369731903076,-0.0,0.0,0.0,0.0,0.0,0.0,0.0,0.0,0.0,0.0,0.0,0.0,0.023000000044703484,0.023000000044703484,0.019999999999999997,0.15,0.0,0.0,0.0,0.0,0.0,0.0,0.0,0.0,0.0,0.0,0.0,0.0,0.0019739100243896246,0.09758371859788895,0.0007609859299009258,16.708627700805664,19,nan,-1.0,True,,False,0.010050058364868164,0.0,0.1258549690246582,20.0,20.0,1.0,0.0,0.0,0.0,0.0,0.0
20,16.659793853759766,-0.0,0.0,-0.0,16.659793853759766,0.392455518245697,6.313240051269531,2.6206741333007812,-0.0,0.0,0.0,0.0,0.0,0.0,0.0,0.0,0.0,0.0,0.0,0.0,0.023000000044703484,0.023000000044703484,0.02,0.15,0.0,0.0,0.0,0.0,0.0,0.0,0.0,0.0,0.0,0.0,0.0,0.0,0.0019725284073501825,0.09758356958627701,0.0007802195545991708,16.659793853759766,20,nan,-1.0,True,,False,0.010050058364868164,0.0,0.1258549690246582,20.0,20.0,1.0,0.0,0.0,0.0,0.0,0.0
21,16.57984161376953,-0.0,0.0,-0.0,16.57984161376953,0.3941318988800049,6.311670780181885,2.6205060482025146,-0.0,0.0,0.0,0.0,0.0,0.0,0.0,0.0,0.0,0.0,0.0,0.0,0.023000000044703484,0.023000000044703484,0.02,0.15,0.0,0.0,0.0,0.0,0.0,0.0,0.0,0.0,0.0,0.0,0.0,0.0,0.001997682498767972,0.09758507460355759,0.0008109210552902368,16.57984161376953,21,nan,-1.0,True,,False,0.010050058364868164,0.0,0.1258549690246582,20.0,20.0,1.0,0.0,0.0,0.0,0.0,0.0
22,16.386220932006836,-0.0,0.0,-0.0,16.386220932006836,0.39835095405578613,6.310011386871338,2.620332717895508,-0.0,0.0,0.0,0.0,0.0,0.0,0.0,0.0,0.0,0.0,0.0,0.0,0.023000000044703484,0.023000000044703484,0.02,0.15,0.0,0.0,0.0,0.0,0.0,0.0,0.0,0.0,0.0,0.0,0.0,0.0,0.0020372120197862387,0.09758801013231277,0.0008485696671414189,16.386220932006836,22,nan,-1.0,True,,False,0.010050058364868164,0.0,0.1258549690246582,20.0,20.0,1.0,0.0,0.0,0.0,0.0,0.0
23,16.086828231811523,-0.0,0.0,-0.0,16.086828231811523,0.40505772829055786,6.308176517486572,2.620157480239868,-0.0,0.0,0.0,0.0,0.0,0.0,0.0,0.0,0.0,0.0,0.0,0.0,0.023000000044703484,0.023000000044703484,0.019999999999999997,0.15,0.0,0.0,0.0,0.0,0.0,0.0,0.0,0.0,0.0,0.0,0.0,0.0,0.0020924739073961973,0.0975920632481575,0.0008910350643418496,16.086828231811523,23,nan,-1.0,True,,False,0.010050058364868164,0.0,0.1258549690246582,20.0,20.0,1.0,0.0,0.0,0.0,0.0,0.0
24,15.711588859558105,-0.0,0.0,-0.0,15.711588859558105,0.41374146938323975,6.306230068206787,2.6199779510498047,-0.0,0.0,0.0,0.0,0.0,0.0,0.0,0.0,0.0,0.0,0.0,0.0,0.023000000044703484,0.023000000044703484,0.02,0.15,0.0,0.0,0.0,0.0,0.0,0.0,0.0,0.0,0.0,0.0,0.0,0.0,0.00216059572994709,0.0975968986749649,0.0009503724177193362,15.711588859558105,24,nan,-1.0,True,,False,0.010050058364868164,0.0,0.1258549690246582,20.0,20.0,1.0,0.0,0.0,0.0,0.0,0.0
25,15.473974227905273,-0.0,0.0,-0.0,15.473974227905273,0.4193750023841858,6.304071426391602,2.619798421859741,-0.0,0.0,0.0,0.0,0.0,0.0,0.0,0.0,0.0,0.0,0.0,0.0,0.023000000044703484,0.023000000044703484,0.02,0.15,0.0,0.0,0.0,0.0,0.0,0.0,0.0,0.0,0.0,0.0,0.0,0.0,0.0022387129720300436,0.09760235995054245,0.0007874533603171585,15.473974227905273,25,nan,-1.0,True,,False,0.010050058364868164,0.0,0.1258549690246582,20.0,20.0,1.0,0.0,0.0,0.0,0.0,0.0
26,15.27124309539795,-0.0,0.0,-0.0,15.27124309539795,0.42426425218582153,6.302084922790527,2.6196398735046387,-0.0,0.0,0.0,0.0,0.0,0.0,0.0,0.0,0.0,0.0,0.0,0.0,0.023000000044703484,0.023000000044703484,0.02,0.15,0.0,0.0,0.0,0.0,0.0,0.0,0.0,0.0,0.0,0.0,0.0,0.0,0.0022920414339751005,0.09760916233062744,0.0007851426730667299,15.27124309539795,26,nan,-1.0,True,,False,0.010050058364868164,0.0,0.1258549690246582,20.0,20.0,1.0,0.0,0.0,0.0,0.0,0.0
27,14.926312446594238,-0.0,0.0,-0.0,14.926312446594238,0.43283501267433167,6.300107002258301,2.6194913387298584,-0.0,0.0,0.0,0.0,0.0,0.0,0.0,0.0,0.0,0.0,0.0,0.0,0.023000000044703484,0.023000000044703484,0.02,0.15,0.0,0.0,0.0,0.0,0.0,0.0,0.0,0.0,0.0,0.0,0.0,0.0,0.0023250223603099585,0.09761727601289749,0.0007821956714906264,14.926312446594238,27,nan,-1.0,True,,False,0.010050058364868164,0.0,0.1258549690246582,20.0,20.0,1.0,0.0,0.0,0.0,0.0,0.0
28,14.60718059539795,-0.0,0.0,-0.0,14.60718059539795,0.4410060942173004,6.298188209533691,2.61936354637146,-0.0,0.0,0.0,0.0,0.0,0.0,0.0,0.0,0.0,0.0,0.0,0.0,0.023000000044703484,0.023000000044703484,0.02,0.15,0.0,0.0,0.0,0.0,0.0,0.0,0.0,0.0,0.0,0.0,0.0,0.0,0.0023434911854565144,0.09762637317180634,0.0011426383875914325,14.60718059539795,28,nan,-1.0,True,,False,0.010050058364868164,0.0,0.1258549690246582,20.0,20.0,1.0,0.0,0.0,0.0,0.0,0.0
29,14.361028671264648,-0.0,0.0,-0.0,14.361028671264648,0.44746533036231995,6.296000957489014,2.6192145347595215,-0.0,0.0,0.0,0.0,0.0,0.0,0.0,0.0,0.0,0.0,0.0,0.0,0.023000000044703484,0.023000000044703484,0.02,0.15,0.0,0.0,0.0,0.0,0.0,0.0,0.0,0.0,0.0,0.0,0.0,0.0,0.0023787878453731537,0.09763582795858383,0.0011874776319018565,14.361028671264648,29,nan,-1.0,True,,False,0.010050058364868164,0.0,0.1258549690246582,20.0,20.0,1.0,0.0,0.0,0.0,0.0,0.0
30,14.051426887512207,-0.0,0.0,-0.0,14.051426887512207,0.4558333158493042,6.293663024902344,2.619065284729004,-0.0,0.0,0.0,0.0,0.0,0.0,0.0,0.0,0.0,0.0,0.0,0.0,0.023000000044703484,0.023000000044703484,0.02,0.14999999999999997,0.0,0.0,0.0,0.0,0.0,0.0,0.0,0.0,0.0,0.0,0.0,0.0,0.0024304853286594152,0.09764538705348969,0.0012421781907505647,14.051426887512207,30,nan,-1.0,True,,False,0.010050058364868164,0.0,0.1258549690246582,20.0,20.0,1.0,0.0,0.0,0.0,0.0,0.0
31,13.747568130493164,-0.0,0.0,-0.0,13.747568130493164,0.464295893907547,6.291036128997803,2.6189000606536865,-0.0,0.0,0.0,0.0,0.0,0.0,0.0,0.0,0.0,0.0,0.0,0.0,0.023000000044703484,0.023000000044703484,0.02,0.15,0.0,0.0,0.0,0.0,0.0,0.0,0.0,0.0,0.0,0.0,0.0,0.0,0.002496571047231555,0.09765525162220001,0.0010801375219671172,13.747568130493164,31,nan,-1.0,True,,False,0.010050058364868164,0.0,0.1258549690246582,20.0,20.0,1.0,0.0,0.0,0.0,0.0,0.0
32,13.594921112060547,-0.0,0.0,-0.0,13.594921112060547,0.46861007809638977,6.2884626388549805,2.618743896484375,-0.0,0.0,0.0,0.0,0.0,0.0,0.0,0.0,0.0,0.0,0.0,0.0,0.023000000044703484,0.023000000044703484,0.02,0.15,0.0,0.0,0.0,0.0,0.0,0.0,0.0,0.0,0.0,0.0,0.0,0.0,0.0025634572375565767,0.09766383469104767,0.0011181600179952511,13.594921112060547,32,nan,-1.0,True,,False,0.010050058364868164,0.0,0.1258549690246582,20.0,20.0,1.0,0.0,0.0,0.0,0.0,0.0
33,13.362527847290039,-0.0,0.0,-0.0,13.362527847290039,0.4753305912017822,6.2859272956848145,2.6185708045959473,-0.0,0.0,0.0,0.0,0.0,0.0,0.0,0.0,0.0,0.0,0.0,0.0,0.023000000044703484,0.023000000044703484,0.02,0.15,0.0,0.0,0.0,0.0,0.0,0.0,0.0,0.0,0.0,0.0,0.0,0.0,0.0026311217807233334,0.09767111390829086,0.0011649653556560224,13.362527847290039,33,nan,-1.0,True,,False,0.010050058364868164,0.0,0.1258549690246582,20.0,20.0,1.0,0.0,0.0,0.0,0.0,0.0
34,13.059442520141602,-0.0,0.0,-0.0,13.059442520141602,0.4843539595603943,6.283402442932129,2.618382215499878,-0.0,0.0,0.0,0.0,0.0,0.0,0.0,0.0,0.0,0.0,0.0,0.0,0.023000000044703484,0.023000000044703484,0.02,0.15,0.0,0.0,0.0,0.0,0.0,0.0,0.0,0.0,0.0,0.0,0.0,0.0,0.0026963360141962767,0.09767746925354004,0.001204605113798607,13.059442520141602,34,nan,-1.0,True,,False,0.010050058364868164,0.0,0.1258549690246582,20.0,20.0,1.0,0.0,0.0,0.0,0.0,0.0
35,12.923426628112793,-0.0,0.0,-0.0,12.923426628112793,0.4884515404701233,6.280902862548828,2.6182138919830322,-0.0,0.0,0.0,0.0,0.0,0.0,0.0,0.0,0.0,0.0,0.0,0.0,0.023000000044703484,0.023000000044703484,0.02,0.15,0.0,0.0,0.0,0.0,0.0,0.0,0.0,0.0,0.0,0.0,0.0,0.0,0.0027573094703257084,0.09768315404653549,0.0015164951955739525,12.923426628112793,35,nan,-1.0,True,,False,0.010050058364868164,0.0,0.1258549690246582,20.0,20.0,1.0,0.0,0.0,0.0,0.0,0.0
36,12.730449676513672,-0.0,0.0,-0.0,12.730449676513672,0.49440252780914307,6.277920722961426,2.618018388748169,-0.0,0.0,0.0,0.0,0.0,0.0,0.0,0.0,0.0,0.0,0.0,0.0,0.023000000044703484,0.023000000044703484,0.019999999999999997,0.15,0.0,0.0,0.0,0.0,0.0,0.0,0.0,0.0,0.0,0.0,0.0,0.0,0.002836052095517516,0.09768887609243393,0.0015799026173226594,12.730449676513672,36,nan,-1.0,True,,False,0.010050058364868164,0.0,0.1258549690246582,20.0,20.0,1.0,0.0,0.0,0.0,0.0,0.0
37,12.765779495239258,-0.0,0.0,-0.0,12.765779495239258,0.49321848154067993,6.2746782302856445,2.61782169342041,-0.0,0.0,0.0,0.0,0.0,0.0,0.0,0.0,0.0,0.0,0.0,0.0,0.023000000044703484,0.023000000044703484,0.02,0.15,0.0,0.0,0.0,0.0,0.0,0.0,0.0,0.0,0.0,0.0,0.0,0.0,0.0029308409430086613,0.0976945161819458,0.0008828618788356835,12.730449676513672,36,nan,-1.0,True,,False,0.010050058364868164,0.0,0.1258549690246582,20.0,20.0,1.0,0.0,0.0,0.0,0.0,0.0
38,12.63620376586914,-0.0,0.0,-0.0,12.63620376586914,0.49727022647857666,6.272180080413818,2.6177783012390137,-0.0,0.0,0.0,0.0,0.0,0.0,0.0,0.0,0.0,0.0,0.0,0.0,0.023000000044703484,0.023000000044703484,0.02,0.15,0.0,0.0,0.0,0.0,0.0,0.0,0.0,0.0,0.0,0.0,0.0,0.0,0.0029811658896505833,0.09770297259092331,0.0009112629941228079,12.63620376586914,38,nan,-1.0,True,,False,0.010050058364868164,0.0,0.1258549690246582,20.0,20.0,1.0,0.0,0.0,0.0,0.0,0.0
39,12.309301376342773,-0.0,0.0,-0.0,12.309301376342773,0.5078360438346863,6.2702178955078125,2.617835760116577,-0.0,0.0,0.0,0.0,0.0,0.0,0.0,0.0,0.0,0.0,0.0,0.0,0.023000000044703484,0.023000000044703484,0.02,0.15,0.0,0.0,0.0,0.0,0.0,0.0,0.0,0.0,0.0,0.0,0.0,0.0,0.003000230062752962,0.09771310538053513,0.0009385967673551932,12.309301376342773,39,nan,-1.0,True,,False,0.010050058364868164,0.0,0.1258549690246582,20.0,20.0,1.0,0.0,0.0,0.0,0.0,0.0
40,12.07190990447998,-0.0,0.0,-0.0,12.07190990447998,0.5157515406608582,6.2687578201293945,2.6179697513580322,-0.0,0.0,0.0,0.0,0.0,0.0,0.0,0.0,0.0,0.0,0.0,0.0,0.023000000044703484,0.023000000044703484,0.019999999999999997,0.15,0.0,0.0,0.0,0.0,0.0,0.0,0.0,0.0,0.0,0.0,0.0,0.0,0.0029944104608148336,0.09772446006536484,0.0017859604354271141,12.07190990447998,40,nan,-1.0,True,,False,0.010050058364868164,0.0,0.1258549690246582,20.0,20.0,1.0,0.0,0.0,0.0,0.0,0.0
41,11.983261108398438,-0.0,0.0,-0.0,11.983261108398438,0.5187522768974304,6.266820907592773,2.6180672645568848,-0.0,0.0,0.0,0.0,0.0,0.0,0.0,0.0,0.0,0.0,0.0,0.0,0.023000000044703484,0.023000000044703484,0.02,0.14999999999999997,0.0,0.0,0.0,0.0,0.0,0.0,0.0,0.0,0.0,0.0,0.0,0.0,0.003011150984093547,0.09773565083742142,0.0004549144100565172,11.983261108398438,41,nan,-1.0,True,,False,0.010050058364868164,0.0,0.1258549690246582,20.0,20.0,1.0,0.0,0.0,0.0,0.0,0.0
42,11.800500869750977,-0.0,0.0,-0.0,11.800500869750977,0.525055468082428,6.265775203704834,2.618196964263916,-0.0,0.0,0.0,0.0,0.0,0.0,0.0,0.0,0.0,0.0,0.0,0.0,0.023000000044703484,0.023000000044703484,0.02,0.15,0.0,0.0,0.0,0.0,0.0,0.0,0.0,0.0,0.0,0.0,0.0,0.0,0.0030262053478509188,0.09774366766214371,0.00046287315808513085,11.800500869750977,42,nan,-1.0,True,,False,0.010050058364868164,0.0,0.1258549690246582,20.0,20.0,1.0,0.0,0.0,0.0,0.0,0.0
43,11.67540454864502,-0.0,0.0,-0.0,11.67540454864502,0.5294471979141235,6.265512466430664,2.6183314323425293,-0.0,0.0,0.0,0.0,0.0,0.0,0.0,0.0,0.0,0.0,0.0,0.0,0.023000000044703484,0.023000000044703484,0.02,0.15,0.0,0.0,0.0,0.0,0.0,0.0,0.0,0.0,0.0,0.0,0.0,0.0,0.0030400422401726246,0.09774872660636902,0.001885600532659737,11.67540454864502,43,nan,-1.0,True,,False,0.010050058364868164,0.0,0.1258549690246582,20.0,20.0,1.0,0.0,0.0,0.0,0.0,0.0
44,11.535327911376953,-0.0,0.0,-0.0,11.535327911376953,0.5344452857971191,6.264835357666016,2.618443012237549,-0.0,0.0,0.0,0.0,0.0,0.0,0.0,0.0,0.0,0.0,0.0,0.0,0.023000000044703484,0.023000000044703484,0.019999999999999997,0.15,0.0,0.0,0.0,0.0,0.0,0.0,0.0,0.0,0.0,0.0,0.0,0.0,0.003072917927056551,0.09775406122207642,0.0008129640036713681,11.535327911376953,44,nan,-1.0,True,,False,0.010050058364868164,0.0,0.1258549690246582,20.0,20.0,1.0,0.0,0.0,0.0,0.0,0.0
45,11.423712730407715,-0.0,0.0,-0.0,11.423712730407715,0.5384790897369385,6.263840198516846,2.6185452938079834,-0.0,0.0,0.0,0.0,0.0,0.0,0.0,0.0,0.0,0.0,0.0,0.0,0.023000000044703484,0.023000000044703484,0.02,0.14999999999999997,0.0,0.0,0.0,0.0,0.0,0.0,0.0,0.0,0.0,0.0,0.0,0.0,0.0030932549852877855,0.09776187688112259,0.0009743991213326808,11.423712730407715,45,nan,-1.0,True,,False,0.010050058364868164,0.0,0.1258549690246582,20.0,20.0,1.0,0.0,0.0,0.0,0.0,0.0
46,11.317270278930664,-0.0,0.0,-0.0,11.317270278930664,0.5424082279205322,6.263175964355469,2.618774175643921,-0.0,0.0,0.0,0.0,0.0,0.0,0.0,0.0,0.0,0.0,0.0,0.0,0.023000000044703484,0.023000000044703484,0.02,0.15,0.0,0.0,0.0,0.0,0.0,0.0,0.0,0.0,0.0,0.0,0.0,0.0,0.0031849921215325594,0.09775862842798233,0.0016054074139901786,11.317270278930664,46,nan,-1.0,True,,False,0.010050058364868164,0.0,0.1258549690246582,20.0,20.0,1.0,0.0,0.0,0.0,0.0,0.0
47,11.196065902709961,-0.0,0.0,-0.0,11.196065902709961,0.5469356179237366,6.2626543045043945,2.6189839839935303,-0.0,0.0,0.0,0.0,0.0,0.0,0.0,0.0,0.0,0.0,0.0,0.0,0.023000000044703484,0.023000000044703484,0.02,0.15,0.0,0.0,0.0,0.0,0.0,0.0,0.0,0.0,0.0,0.0,0.0,0.0,0.003277422161772847,0.09775514900684357,0.0020173435332253575,11.196065902709961,47,nan,-1.0,True,,False,0.010050058364868164,0.0,0.1258549690246582,20.0,20.0,1.0,0.0,0.0,0.0,0.0,0.0
48,11.096715927124023,-0.0,0.0,-0.0,11.096715927124023,0.5507088303565979,6.261587142944336,2.6191625595092773,-0.0,0.0,0.0,0.0,0.0,0.0,0.0,0.0,0.0,0.0,0.0,0.0,0.023000000044703484,0.023000000044703484,0.019999999999999997,0.15,0.0,0.0,0.0,0.0,0.0,0.0,0.0,0.0,0.0,0.0,0.0,0.0,0.003379021305590868,0.09775224328041077,0.00166597030874982,11.096715927124023,48,nan,-1.0,True,,False,0.010050058364868164,0.0,0.1258549690246582,20.0,20.0,1.0,0.0,0.0,0.0,0.0,0.0
49,10.982528686523438,-0.0,0.0,-0.0,10.982528686523438,0.5550888180732727,6.260671615600586,2.6193275451660156,-0.0,0.0,0.0,0.0,0.0,0.0,0.0,0.0,0.0,0.0,0.0,0.0,0.023000000044703484,0.023000000044703484,0.019999999999999997,0.15,0.0,0.0,0.0,0.0,0.0,0.0,0.0,0.0,0.0,0.0,0.0,0.0,0.003468342125415802,0.09774894267320633,0.0021025296005063865,10.982528686523438,49,nan,-1.0,True,,False,0.010050058364868164,0.0,0.1258549690246582,20.0,20.0,1.0,0.0,0.0,0.0,0.0,0.0
50,10.845222473144531,-0.0,0.0,-0.0,10.845222473144531,0.5604364275932312,6.259354591369629,2.6194698810577393,-0.0,0.0,0.0,0.0,0.0,0.0,0.0,0.0,0.0,0.0,0.0,0.0,0.023000000044703484,0.023000000044703484,0.02,0.15,0.0,0.0,0.0,0.0,0.0,0.0,0.0,0.0,0.0,0.0,0.0,0.0,0.0035686360206454992,0.09774620831012726,0.0017077588072424987,10.845222473144531,50,nan,-1.0,True,,False,0.010050058364868164,0.0,0.1258549690246582,20.0,20.0,1.0,0.0,0.0,0.0,0.0,0.0
51,10.748878479003906,-0.0,0.0,-0.0,10.748878479003906,0.5642460584640503,6.258260726928711,2.6195921897888184,-0.0,0.0,0.0,0.0,0.0,0.0,0.0,0.0,0.0,0.0,0.0,0.0,0.023000000044703484,0.023000000044703484,0.02,0.14999999999999997,0.0,0.0,0.0,0.0,0.0,0.0,0.0,0.0,0.0,0.0,0.0,0.0,0.003662585513666272,0.09774371981620789,0.002191323716942861,10.748878479003906,51,nan,-1.0,True,,False,0.010050058364868164,0.0,0.1258549690246582,20.0,20.0,1.0,0.0,0.0,0.0,0.0,0.0
52,10.600275993347168,-0.0,0.0,-0.0,10.600275993347168,0.570192813873291,6.256533622741699,2.6196982860565186,-0.0,0.0,0.0,0.0,0.0,0.0,0.0,0.0,0.0,0.0,0.0,0.0,0.023000000044703484,0.023000000044703484,0.02,0.15,0.0,0.0,0.0,0.0,0.0,0.0,0.0,0.0,0.0,0.0,0.0,0.0,0.0037658759392797947,0.09774159640073776,0.002233876776699617,10.600275993347168,52,nan,-1.0,True,,False,0.010050058364868164,0.0,0.1258549690246582,20.0,20.0,1.0,0.0,0.0,0.0,0.0,0.0
53,10.525503158569336,-0.0,0.0,-0.0,10.525503158569336,0.5732632279396057,6.254263401031494,2.619792938232422,-0.0,0.0,0.0,0.0,0.0,0.0,0.0,0.0,0.0,0.0,0.0,0.0,0.023000000044703484,0.023000000044703484,0.019999999999999997,0.15,0.0,0.0,0.0,0.0,0.0,0.0,0.0,0.0,0.0,0.0,0.0,0.0,0.003877426730468869,0.09774003177881241,0.0018132498794329877,10.525503158569336,53,nan,-1.0,True,,False,0.010050058364868164,0.0,0.1258549690246582,20.0,20.0,1.0,0.0,0.0,0.0,0.0,0.0
54,10.398802757263184,-0.0,0.0,-0.0,10.398802757263184,0.5784580111503601,6.252481460571289,2.6198408603668213,-0.0,0.0,0.0,0.0,0.0,0.0,0.0,0.0,0.0,0.0,0.0,0.0,0.023000000044703484,0.023000000044703484,0.02,0.15,0.0,0.0,0.0,0.0,0.0,0.0,0.0,0.0,0.0,0.0,0.0,0.0,0.003971158992499113,0.0977398008108139,0.0018483930007278104,10.398802757263184,54,nan,-1.0,True,,False,0.010050058364868164,0.0,0.1258549690246582,20.0,20.0,1.0,0.0,0.0,0.0,0.0,0.0
55,10.642172813415527,-0.0,0.0,-0.0,10.642172813415527,0.56863933801651,6.250848770141602,2.619849681854248,-0.0,0.0,0.0,0.0,0.0,0.0,0.0,0.0,0.0,0.0,0.0,0.0,0.023000000044703484,0.023000000044703484,0.02,0.15,0.0,0.0,0.0,0.0,0.0,0.0,0.0,0.0,0.0,0.0,0.0,0.0,0.004046838264912367,0.09774128347635269,0.001003016201138962,10.398802757263184,54,nan,-1.0,True,,False,0.010050058364868164,0.0,0.1258549690246582,20.0,20.0,1.0,0.0,0.0,0.0,0.0,0.0
56,10.545119285583496,-0.0,0.0,-0.0,10.545119285583496,0.572515606880188,6.250526428222656,2.6198160648345947,-0.0,0.0,0.0,0.0,0.0,0.0,0.0,0.0,0.0,0.0,0.0,0.0,0.023000000044703484,0.023000000044703484,0.02,0.14999999999999997,0.0,0.0,0.0,0.0,0.0,0.0,0.0,0.0,0.0,0.0,0.0,0.0,0.004110954236239195,0.09773904830217361,0.0010151221626983897,10.398802757263184,54,nan,-1.0,True,,False,0.010050058364868164,0.0,0.1258549690246582,20.0,20.0,1.0,0.0,0.0,0.0,0.0,0.0
57,10.700737953186035,-0.0,0.0,-0.0,10.700737953186035,0.5662724375724792,6.251185417175293,2.6197423934936523,-0.0,0.0,0.0,0.0,0.0,0.0,0.0,0.0,0.0,0.0,0.0,0.0,0.023000000044703484,0.023000000044703484,0.019999999999999997,0.15000000000000002,0.0,0.0,0.0,0.0,0.0,0.0,0.0,0.0,0.0,0.0,0.0,0.0,0.0041674114763736725,0.09773341566324234,0.000957848844336695,10.398802757263184,54,nan,-1.0,True,,False,0.010050058364868164,0.0,0.1258549690246582,20.0,20.0,1.0,0.0,0.0,0.0,0.0,0.0
58,10.138829231262207,-0.0,0.0,-0.0,10.138829231262207,0.589013934135437,6.251194953918457,2.6192543506622314,-0.0,0.0,0.0,0.0,0.0,0.0,0.0,0.0,0.0,0.0,0.0,0.0,0.023000000044703484,0.023000000044703484,0.02,0.15,0.0,0.0,0.0,0.0,0.0,0.0,0.0,0.0,0.0,0.0,0.0,0.0,0.004122935235500336,0.09775782376527786,0.0009436809236831323,10.138829231262207,58,nan,-1.0,True,,False,0.010050058364868164,0.0,0.1258549690246582,20.0,20.0,1.0,0.0,0.0,0.0,0.0,0.0
59,10.173748970031738,-0.0,0.0,-0.0,10.173748970031738,0.5872186422348022,6.250842571258545,2.618581771850586,-0.0,0.0,0.0,0.0,0.0,0.0,0.0,0.0,0.0,0.0,0.0,0.0,0.023000000044703484,0.023000000044703484,0.02,0.15,0.0,0.0,0.0,0.0,0.0,0.0,0.0,0.0,0.0,0.0,0.0,0.0,0.004005716647952795,0.09780079871416092,0.0013358123851503478,10.138829231262207,58,nan,-1.0,True,,False,0.010050058364868164,0.0,0.1258549690246582,20.0,20.0,1.0,0.0,0.0,0.0,0.0,0.0
60,10.108531951904297,-0.0,0.0,-0.0,10.108531951904297,0.5898011922836304,6.250406742095947,2.618194341659546,-0.0,0.0,0.0,0.0,0.0,0.0,0.0,0.0,0.0,0.0,0.0,0.0,0.023000000044703484,0.023000000044703484,0.02,0.15,0.0,0.0,0.0,0.0,0.0,0.0,0.0,0.0,0.0,0.0,0.0,0.0,0.003901558695361018,0.09783904254436493,0.0013346821751838434,10.108531951904297,60,nan,-1.0,True,,False,0.010050058364868164,0.0,0.1258549690246582,20.0,20.0,1.0,0.0,0.0,0.0,0.0,0.0
61,10.779688835144043,-0.0,0.0,-0.0,10.779688835144043,0.5623980760574341,6.249998569488525,2.6180193424224854,-0.0,0.0,0.0,0.0,0.0,0.0,0.0,0.0,0.0,0.0,0.0,0.0,0.023000000044703484,0.023000000044703484,0.02,0.15,0.0,0.0,0.0,0.0,0.0,0.0,0.0,0.0,0.0,0.0,0.0,0.0,0.003812510520219803,0.0978737473487854,0.000918601553166809,10.108531951904297,60,nan,-1.0,True,,False,0.010050058364868164,0.0,0.1258549690246582,20.0,20.0,1.0,0.0,0.0,0.0,0.0,0.0
62,10.94206428527832,-0.0,0.0,-0.0,10.94206428527832,0.5561108589172363,6.249903202056885,2.6180508136749268,-0.0,0.0,0.0,0.0,0.0,0.0,0.0,0.0,0.0,0.0,0.0,0.0,0.023000000044703484,0.023000000044703484,0.02,0.15,0.0,0.0,0.0,0.0,0.0,0.0,0.0,0.0,0.0,0.0,0.0,0.0,0.0037943930365145206,0.09788704663515091,0.0009154757331089058,10.108531951904297,60,nan,-1.0,True,,False,0.010050058364868164,0.0,0.1258549690246582,20.0,20.0,1.0,0.0,0.0,0.0,0.0,0.0
63,10.47536563873291,-0.0,0.0,-0.0,10.47536563873291,0.5745679140090942,6.250041961669922,2.61824107170105,-0.0,0.0,0.0,0.0,0.0,0.0,0.0,0.0,0.0,0.0,0.0,0.0,0.023000000044703484,0.023000000044703484,0.020000000000000004,0.15,0.0,0.0,0.0,0.0,0.0,0.0,0.0,0.0,0.0,0.0,0.0,0.0,0.003834008937701583,0.09788352996110916,0.000936036797156703,10.108531951904297,60,nan,-1.0,True,,False,0.010050058364868164,0.0,0.1258549690246582,20.0,20.0,1.0,0.0,0.0,0.0,0.0,0.0
64,10.172926902770996,-0.0,0.0,-0.0,10.172926902770996,0.5871831178665161,6.250283241271973,2.618610382080078,-0.0,0.0,0.0,0.0,0.0,0.0,0.0,0.0,0.0,0.0,0.0,0.0,0.023000000044703484,0.023000000044703484,0.02,0.14999999999999997,0.0,0.0,0.0,0.0,0.0,0.0,0.0,0.0,0.0,0.0,0.0,0.0,0.003927443642169237,0.09786287695169449,0.0006971819639147725,10.108531951904297,60,nan,-1.0,True,,False,0.010050058364868164,0.0,0.1258549690246582,20.0,20.0,1.0,0.0,0.0,0.0,0.0,0.0
65,10.102996826171875,-0.0,0.0,-0.0,10.102996826171875,0.590307891368866,6.252242088317871,2.61903715133667,-0.0,0.0,0.0,0.0,0.0,0.0,0.0,0.0,0.0,0.0,0.0,0.0,0.023000000044703484,0.023000000044703484,0.02,0.15,0.0,0.0,0.0,0.0,0.0,0.0,0.0,0.0,0.0,0.0,0.0,0.0,0.0040332176722586155,0.09783850610256195,0.000718096625405451,10.102996826171875,65,nan,-1.0,True,,False,0.010050058364868164,0.0,0.1258549690246582,20.0,20.0,1.0,0.0,0.0,0.0,0.0,0.0
66,10.206762313842773,-0.0,0.0,-0.0,10.206762313842773,0.586133599281311,6.255452632904053,2.6195032596588135,-0.0,0.0,0.0,0.0,0.0,0.0,0.0,0.0,0.0,0.0,0.0,0.0,0.023000000044703484,0.023000000044703484,0.019999999999999997,0.15,0.0,0.0,0.0,0.0,0.0,0.0,0.0,0.0,0.0,0.0,0.0,0.0,0.004134323447942734,0.09781112521886826,0.0009779975771380123,10.102996826171875,65,nan,-1.0,True,,False,0.010050058364868164,0.0,0.1258549690246582,20.0,20.0,1.0,0.0,0.0,0.0,0.0,0.0
67,10.358768463134766,-0.0,0.0,-0.0,10.358768463134766,0.5800188779830933,6.259559154510498,2.6199593544006348,-0.0,0.0,0.0,0.0,0.0,0.0,0.0,0.0,0.0,0.0,0.0,0.0,0.023000000044703484,0.023000000044703484,0.020000000000000004,0.14999999999999997,0.0,0.0,0.0,0.0,0.0,0.0,0.0,0.0,0.0,0.0,0.0,0.0,0.004225101321935654,0.09777941554784775,0.0009789798368728952,10.102996826171875,65,nan,-1.0,True,,False,0.010050058364868164,0.0,0.1258549690246582,20.0,20.0,1.0,0.0,0.0,0.0,0.0,0.0
68,10.289616584777832,-0.0,0.0,-0.0,10.289616584777832,0.5828851461410522,6.262909889221191,2.6200175285339355,-0.0,0.0,0.0,0.0,0.0,0.0,0.0,0.0,0.0,0.0,0.0,0.0,0.023000000044703484,0.023000000044703484,0.02,0.15,0.0,0.0,0.0,0.0,0.0,0.0,0.0,0.0,0.0,0.0,0.0,0.0,0.004223836585879326,0.09777708351612091,0.000981686396698933,10.102996826171875,65,nan,-1.0,True,,False,0.010050058364868164,0.0,0.1258549690246582,20.0,20.0,1.0,0.0,0.0,0.0,0.0,0.0
69,10.123887062072754,-0.0,0.0,-0.0,10.123887062072754,0.5896849632263184,6.265749931335449,2.619748830795288,-0.0,0.0,0.0,0.0,0.0,0.0,0.0,0.0,0.0,0.0,0.0,0.0,0.023000000044703484,0.023000000044703484,0.02,0.15,0.0,0.0,0.0,0.0,0.0,0.0,0.0,0.0,0.0,0.0,0.0,0.0,0.004147275350987911,0.09780050814151764,0.0009760606844793074,10.102996826171875,65,nan,-1.0,True,,False,0.010050058364868164,0.0,0.1258549690246582,20.0,20.0,1.0,0.0,0.0,0.0,0.0,0.0
70,10.102282524108887,-0.0,0.0,-0.0,10.102282524108887,0.5904640555381775,6.269577503204346,2.619523286819458,-0.0,0.0,0.0,0.0,0.0,0.0,0.0,0.0,0.0,0.0,0.0,0.0,0.023000000044703484,0.023000000044703484,0.019999999999999997,0.15,0.0,0.0,0.0,0.0,0.0,0.0,0.0,0.0,0.0,0.0,0.0,0.0,0.004076437558978796,0.09781718999147415,0.0025129703053607955,10.102282524108887,70,nan,-1.0,True,,False,0.010050058364868164,0.0,0.1258549690246582,20.0,20.0,1.0,0.0,0.0,0.0,0.0,0.0
71,10.047101020812988,-0.0,0.0,-0.0,10.047101020812988,0.5927181243896484,6.272308349609375,2.6193337440490723,-0.0,0.0,0.0,0.0,0.0,0.0,0.0,0.0,0.0,0.0,0.0,0.0,0.023000000044703484,0.023000000044703484,0.020000000000000004,0.15,0.0,0.0,0.0,0.0,0.0,0.0,0.0,0.0,0.0,0.0,0.0,0.0,0.004036261234432459,0.09783091396093369,0.00252534888613809,10.047101020812988,71,nan,-1.0,True,,False,0.010050058364868164,0.0,0.1258549690246582,20.0,20.0,1.0,0.0,0.0,0.0,0.0,0.0
72,9.931769371032715,-0.0,0.0,-0.0,9.931769371032715,0.5976208448410034,6.273635387420654,2.6191775798797607,-0.0,0.0,0.0,0.0,0.0,0.0,0.0,0.0,0.0,0.0,0.0,0.0,0.023000000044703484,0.023000000044703484,0.02,0.15,0.0,0.0,0.0,0.0,0.0,0.0,0.0,0.0,0.0,0.0,0.0,0.0,0.004022629000246525,0.0978420078754425,0.002571904535216163,9.931769371032715,72,nan,-1.0,True,,False,0.010050058364868164,0.0,0.1258549690246582,20.0,20.0,1.0,0.0,0.0,0.0,0.0,0.0
73,9.94601058959961,-0.0,0.0,-0.0,9.94601058959961,0.5969581604003906,6.273933410644531,2.6190414428710938,-0.0,0.0,0.0,0.0,0.0,0.0,0.0,0.0,0.0,0.0,0.0,0.0,0.023000000044703484,0.023000000044703484,0.02,0.14999999999999997,0.0,0.0,0.0,0.0,0.0,0.0,0.0,0.0,0.0,0.0,0.0,0.0,0.004031341057270765,0.0978512167930603,0.0015409318839374464,9.931769371032715,72,nan,-1.0,True,,False,0.010050058364868164,0.0,0.1258549690246582,20.0,20.0,1.0,0.0,0.0,0.0,0.0,0.0
74,9.932510375976562,-0.0,0.0,-0.0,9.932510375976562,0.5975402593612671,6.273955345153809,2.61901593208313,-0.0,0.0,0.0,0.0,0.0,0.0,0.0,0.0,0.0,0.0,0.0,0.0,0.023000000044703484,0.023000000044703484,0.02,0.15,0.0,0.0,0.0,0.0,0.0,0.0,0.0,0.0,0.0,0.0,0.0,0.0,0.004027279559522867,0.09786366671323776,0.001567705227444094,9.931769371032715,72,nan,-1.0,True,,False,0.010050058364868164,0.0,0.1258549690246582,20.0,20.0,1.0,0.0,0.0,0.0,0.0,0.0
75,9.850915908813477,-0.0,0.0,-0.0,9.850915908813477,0.6011298894882202,6.273889541625977,2.6190974712371826,-0.0,0.0,0.0,0.0,0.0,0.0,0.0,0.0,0.0,0.0,0.0,0.0,0.023000000044703484,0.023000000044703484,0.020000000000000004,0.15,0.0,0.0,0.0,0.0,0.0,0.0,0.0,0.0,0.0,0.0,0.0,0.0,0.004012944642454386,0.09787894785404205,0.0008239989942921966,9.850915908813477,75,nan,-1.0,True,,False,0.010050058364868164,0.0,0.1258549690246582,20.0,20.0,1.0,0.0,0.0,0.0,0.0,0.0
76,9.741896629333496,-0.0,0.0,-0.0,9.741896629333496,0.605953574180603,6.273105621337891,2.6191482543945312,-0.0,0.0,0.0,0.0,0.0,0.0,0.0,0.0,0.0,0.0,0.0,0.0,0.023000000044703484,0.023000000044703484,0.02,0.14999999999999997,0.0,0.0,0.0,0.0,0.0,0.0,0.0,0.0,0.0,0.0,0.0,0.0,0.003997595515102148,0.0978960320353508,0.0008381466327591625,9.741896629333496,76,nan,-1.0,True,,False,0.010050058364868164,0.0,0.1258549690246582,20.0,20.0,1.0,0.0,0.0,0.0,0.0,0.0
77,9.791189193725586,-0.0,0.0,-0.0,9.791189193725586,0.6037764549255371,6.2718000411987305,2.619197130203247,-0.0,0.0,0.0,0.0,0.0,0.0,0.0,0.0,0.0,0.0,0.0,0.0,0.023000000044703484,0.023000000044703484,0.02,0.15,0.0,0.0,0.0,0.0,0.0,0.0,0.0,0.0,0.0,0.0,0.0,0.0,0.003987982869148254,0.0979146659374237,0.0009554528837725229,9.741896629333496,76,nan,-1.0,True,,False,0.010050058364868164,0.0,0.1258549690246582,20.0,20.0,1.0,0.0,0.0,0.0,0.0,0.0
78,9.706746101379395,-0.0,0.0,-0.0,9.706746101379395,0.6075924038887024,6.270713806152344,2.6194162368774414,-0.0,0.0,0.0,0.0,0.0,0.0,0.0,0.0,0.0,0.0,0.0,0.0,0.023000000044703484,0.023000000044703484,0.02,0.15000000000000002,0.0,0.0,0.0,0.0,0.0,0.0,0.0,0.0,0.0,0.0,0.0,0.0,0.004041919019073248,0.09791184216737747,0.000965720373642398,9.706746101379395,78,nan,-1.0,True,,False,0.010050058364868164,0.0,0.1258549690246582,20.0,20.0,1.0,0.0,0.0,0.0,0.0,0.0
79,9.600394248962402,-0.0,0.0,-0.0,9.600394248962402,0.6124137043952942,6.271214485168457,2.619577169418335,-0.0,0.0,0.0,0.0,0.0,0.0,0.0,0.0,0.0,0.0,0.0,0.0,0.023000000044703484,0.023000000044703484,0.020000000000000004,0.15000000000000002,0.0,0.0,0.0,0.0,0.0,0.0,0.0,0.0,0.0,0.0,0.0,0.0,0.00408524926751852,0.09790500998497009,0.0021473063543453463,9.600394248962402,79,nan,-1.0,True,,False,0.010050058364868164,0.0,0.1258549690246582,20.0,20.0,1.0,0.0,0.0,0.0,0.0,0.0
80,9.538865089416504,-0.0,0.0,-0.0,9.538865089416504,0.615230143070221,6.272289276123047,2.6197125911712646,-0.0,0.0,0.0,0.0,0.0,0.0,0.0,0.0,0.0,0.0,0.0,0.0,0.023000000044703484,0.023000000044703484,0.02,0.15,0.0,0.0,0.0,0.0,0.0,0.0,0.0,0.0,0.0,0.0,0.0,0.0,0.004119583871215582,0.09789974987506866,0.0021573357389570447,9.538865089416504,80,nan,-1.0,True,,False,0.010050058364868164,0.0,0.1258549690246582,20.0,20.0,1.0,0.0,0.0,0.0,0.0,0.0
81,9.560478210449219,-0.0,0.0,-0.0,9.560478210449219,0.6142516732215881,6.273861885070801,2.6198089122772217,-0.0,0.0,0.0,0.0,0.0,0.0,0.0,0.0,0.0,0.0,0.0,0.0,0.023000000044703484,0.023000000044703484,0.02,0.15,0.0,0.0,0.0,0.0,0.0,0.0,0.0,0.0,0.0,0.0,0.0,0.0,0.004142799414694309,0.09789665788412094,0.0009702851798465417,9.538865089416504,80,nan,-1.0,True,,False,0.010050058364868164,0.0,0.1258549690246582,20.0,20.0,1.0,0.0,0.0,0.0,0.0,0.0
82,9.53285026550293,-0.0,0.0,-0.0,9.53285026550293,0.6155252456665039,6.277408599853516,2.619921922683716,-0.0,0.0,0.0,0.0,0.0,0.0,0.0,0.0,0.0,0.0,0.0,0.0,0.023000000044703484,0.023000000044703484,0.02,0.15,0.0,0.0,0.0,0.0,0.0,0.0,0.0,0.0,0.0,0.0,0.0,0.0,0.004163242410868406,0.0978909581899643,0.00257584553628476,9.53285026550293,82,nan,-1.0,True,,False,0.010050058364868164,0.0,0.1258549690246582,20.0,20.0,1.0,0.0,0.0,0.0,0.0,0.0
83,9.525869369506836,-0.0,0.0,-0.0,9.525869369506836,0.6158739924430847,6.279723167419434,2.6200337409973145,-0.0,0.0,0.0,0.0,0.0,0.0,0.0,0.0,0.0,0.0,0.0,0.0,0.023000000044703484,0.023000000044703484,0.020000000000000004,0.15,0.0,0.0,0.0,0.0,0.0,0.0,0.0,0.0,0.0,0.0,0.0,0.0,0.004199331160634756,0.09788557887077332,0.002578040467142273,9.525869369506836,83,nan,-1.0,True,,False,0.010050058364868164,0.0,0.1258549690246582,20.0,20.0,1.0,0.0,0.0,0.0,0.0,0.0
84,9.472088813781738,-0.0,0.0,-0.0,9.472088813781738,0.6183755397796631,6.280782699584961,2.6201281547546387,-0.0,0.0,0.0,0.0,0.0,0.0,0.0,0.0,0.0,0.0,0.0,0.0,0.023000000044703484,0.023000000044703484,0.02,0.15,0.0,0.0,0.0,0.0,0.0,0.0,0.0,0.0,0.0,0.0,0.0,0.0,0.004250451922416687,0.09788013994693756,0.0009800306179386098,9.472088813781738,84,nan,-1.0,True,,False,0.010050058364868164,0.0,0.1258549690246582,20.0,20.0,1.0,0.0,0.0,0.0,0.0,0.0
85,9.403356552124023,-0.0,0.0,-0.0,9.403356552124023,0.6215613484382629,6.283362865447998,2.6201884746551514,-0.0,0.0,0.0,0.0,0.0,0.0,0.0,0.0,0.0,0.0,0.0,0.0,0.023000000044703484,0.023000000044703484,0.02,0.15,0.0,0.0,0.0,0.0,0.0,0.0,0.0,0.0,0.0,0.0,0.0,0.0,0.00429701991379261,0.09787064045667648,0.002597726396743383,9.403356552124023,85,nan,-1.0,True,,False,0.010050058364868164,0.0,0.1258549690246582,20.0,20.0,1.0,0.0,0.0,0.0,0.0,0.0
86,9.368783950805664,-0.0,0.0,-0.0,9.368783950805664,0.6231856346130371,6.284699440002441,2.6202266216278076,-0.0,0.0,0.0,0.0,0.0,0.0,0.0,0.0,0.0,0.0,0.0,0.0,0.023000000044703484,0.023000000044703484,0.02,0.15,0.0,0.0,0.0,0.0,0.0,0.0,0.0,0.0,0.0,0.0,0.0,0.0,0.004361369647085667,0.0978611633181572,0.0016923996608966263,9.368783950805664,86,nan,-1.0,True,,False,0.010050058364868164,0.0,0.1258549690246582,20.0,20.0,1.0,0.0,0.0,0.0,0.0,0.0
87,9.414205551147461,-0.0,0.0,-0.0,9.414205551147461,0.6211379170417786,6.28542423248291,2.620387315750122,-0.0,0.0,0.0,0.0,0.0,0.0,0.0,0.0,0.0,0.0,0.0,0.0,0.023000000044703484,0.023000000044703484,0.02,0.15,0.0,0.0,0.0,0.0,0.0,0.0,0.0,0.0,0.0,0.0,0.0,0.0,0.004411404952406883,0.09785862267017365,0.002154317877284484,9.368783950805664,86,nan,-1.0,True,,False,0.010050058364868164,0.0,0.1258549690246582,20.0,20.0,1.0,0.0,0.0,0.0,0.0,0.0
88,9.382283210754395,-0.0,0.0,-0.0,9.382283210754395,0.6226419806480408,6.286703109741211,2.6204702854156494,-0.0,0.0,0.0,0.0,0.0,0.0,0.0,0.0,0.0,0.0,0.0,0.0,0.023000000044703484,0.023000000044703484,0.020000000000000004,0.15,0.0,0.0,0.0,0.0,0.0,0.0,0.0,0.0,0.0,0.0,0.0,0.0,0.004447355400770903,0.09785968065261841,0.0021706229722440185,9.368783950805664,86,nan,-1.0,True,,False,0.010050058364868164,0.0,0.1258549690246582,20.0,20.0,1.0,0.0,0.0,0.0,0.0,0.0
89,9.272397994995117,-0.0,0.0,-0.0,9.272397994995117,0.6277869939804077,6.288592338562012,2.620512008666992,-0.0,0.0,0.0,0.0,0.0,0.0,0.0,0.0,0.0,0.0,0.0,0.0,0.023000000044703484,0.023000000044703484,0.02,0.15,0.0,0.0,0.0,0.0,0.0,0.0,0.0,0.0,0.0,0.0,0.0,0.0,0.0044706580229103565,0.09786402434110641,0.0021706014404117013,9.272397994995117,89,nan,-1.0,True,,False,0.010050058364868164,0.0,0.1258549690246582,20.0,20.0,1.0,0.0,0.0,0.0,0.0,0.0
90,9.276247024536133,-0.0,0.0,-0.0,9.276247024536133,0.6275736093521118,6.290861129760742,2.6205060482025146,-0.0,0.0,0.0,0.0,0.0,0.0,0.0,0.0,0.0,0.0,0.0,0.0,0.023000000044703484,0.023000000044703484,0.02,0.15,0.0,0.0,0.0,0.0,0.0,0.0,0.0,0.0,0.0,0.0,0.0,0.0,0.00449339859187603,0.0978715717792511,0.00259991953817007,9.272397994995117,89,nan,-1.0,True,,False,0.010050058364868164,0.0,0.1258549690246582,20.0,20.0,1.0,0.0,0.0,0.0,0.0,0.0
91,9.273906707763672,-0.0,0.0,-0.0,9.273906707763672,0.6276714205741882,6.291905403137207,2.62050724029541,-0.0,0.0,0.0,0.0,0.0,0.0,0.0,0.0,0.0,0.0,0.0,0.0,0.023000000044703484,0.023000000044703484,0.02,0.15,0.0,0.0,0.0,0.0,0.0,0.0,0.0,0.0,0.0,0.0,0.0,0.0,0.004528539255261421,0.09787766635417938,0.0025932962776096247,9.272397994995117,89,nan,-1.0,True,,False,0.010050058364868164,0.0,0.1258549690246582,20.0,20.0,1.0,0.0,0.0,0.0,0.0,0.0
92,9.32480239868164,-0.0,0.0,-0.0,9.32480239868164,0.6252642869949341,6.2916951179504395,2.620483636856079,-0.0,0.0,0.0,0.0,0.0,0.0,0.0,0.0,0.0,0.0,0.0,0.0,0.023000000044703484,0.023000000044703484,0.020000000000000004,0.15,0.0,0.0,0.0,0.0,0.0,0.0,0.0,0.0,0.0,0.0,0.0,0.0,0.004569582175463438,0.09788225591182709,0.0008886490227268951,9.272397994995117,89,nan,-1.0,True,,False,0.010050058364868164,0.0,0.1258549690246582,20.0,20.0,1.0,0.0,0.0,0.0,0.0,0.0
93,9.14013671875,-0.0,0.0,-0.0,9.14013671875,0.6338403820991516,6.291208267211914,2.6201059818267822,-0.0,0.0,0.0,0.0,0.0,0.0,0.0,0.0,0.0,0.0,0.0,0.0,0.023000000044703484,0.023000000044703484,0.02,0.15,0.0,0.0,0.0,0.0,0.0,0.0,0.0,0.0,0.0,0.0,0.0,0.0,0.00453293276950717,0.09792520850896835,0.0025737477994880464,9.14013671875,93,nan,-1.0,True,,False,0.010050058364868164,0.0,0.1258549690246582,20.0,20.0,1.0,0.0,0.0,0.0,0.0,0.0
94,9.138011932373047,-0.0,0.0,-0.0,9.138011932373047,0.6337946653366089,6.2896575927734375,2.619784355163574,-0.0,0.0,0.0,0.0,0.0,0.0,0.0,0.0,0.0,0.0,0.0,0.0,0.023000000044703484,0.023000000044703484,0.02,0.15,0.0,0.0,0.0,0.0,0.0,0.0,0.0,0.0,0.0,0.0,0.0,0.0,0.004513527266681194,0.09796151518821716,0.0017703905623420724,9.138011932373047,94,nan,-1.0,True,,False,0.010050058364868164,0.0,0.1258549690246582,20.0,20.0,1.0,0.0,0.0,0.0,0.0,0.0
95,9.2227201461792,-0.0,0.0,-0.0,9.2227201461792,0.6296682357788086,6.28767204284668,2.619624614715576,-0.0,0.0,0.0,0.0,0.0,0.0,0.0,0.0,0.0,0.0,0.0,0.0,0.023000000044703484,0.023000000044703484,0.02,0.15,0.0,0.0,0.0,0.0,0.0,0.0,0.0,0.0,0.0,0.0,0.0,0.0,0.004503212403506041,0.09800024330615997,0.0009465834345974145,9.138011932373047,94,nan,-1.0,True,,False,0.010050058364868164,0.0,0.1258549690246582,20.0,20.0,1.0,0.0,0.0,0.0,0.0,0.0
96,9.218125343322754,-0.0,0.0,-0.0,9.218125343322754,0.6299147009849548,6.285937309265137,2.6197052001953125,-0.0,0.0,0.0,0.0,0.0,0.0,0.0,0.0,0.0,0.0,0.0,0.0,0.023000000044703484,0.023000000044703484,0.020000000000000004,0.15,0.0,0.0,0.0,0.0,0.0,0.0,0.0,0.0,0.0,0.0,0.0,0.0,0.0045617022551596165,0.09800495952367783,0.0009760306356838555,9.138011932373047,94,nan,-1.0,True,,False,0.010050058364868164,0.0,0.1258549690246582,20.0,20.0,1.0,0.0,0.0,0.0,0.0,0.0
97,9.200916290283203,-0.0,0.0,-0.0,9.200916290283203,0.6307343244552612,6.286087512969971,2.6197497844696045,-0.0,0.0,0.0,0.0,0.0,0.0,0.0,0.0,0.0,0.0,0.0,0.0,0.023000000044703484,0.023000000044703484,0.02,0.15,0.0,0.0,0.0,0.0,0.0,0.0,0.0,0.0,0.0,0.0,0.0,0.0,0.004612501710653305,0.09800530970096588,0.0005409972500274307,9.138011932373047,94,nan,-1.0,True,,False,0.010050058364868164,0.0,0.1258549690246582,20.0,20.0,1.0,0.0,0.0,0.0,0.0,0.0
98,9.239213943481445,-0.0,0.0,-0.0,9.239213943481445,0.6288068890571594,6.286300182342529,2.6196651458740234,-0.0,0.0,0.0,0.0,0.0,0.0,0.0,0.0,0.0,0.0,0.0,0.0,0.023000000044703484,0.023000000044703484,0.02,0.15,0.0,0.0,0.0,0.0,0.0,0.0,0.0,0.0,0.0,0.0,0.0,0.0,0.00464047584682703,0.09800995886325836,0.0010201013024015992,9.138011932373047,94,nan,-1.0,True,,False,0.010050058364868164,0.0,0.1258549690246582,20.0,20.0,1.0,0.0,0.0,0.0,0.0,0.0
99,9.160934448242188,-0.0,0.0,-0.0,9.160934448242188,0.6324506998062134,6.289017200469971,2.6196060180664062,-0.0,0.0,0.0,0.0,0.0,0.0,0.0,0.0,0.0,0.0,0.0,0.0,0.023000000044703484,0.023000000044703484,0.02,0.15,0.0,0.0,0.0,0.0,0.0,0.0,0.0,0.0,0.0,0.0,0.0,0.0,0.004676069598644972,0.09801045060157776,0.002164236582302692,9.138011932373047,94,nan,-1.0,True,,False,0.010050058364868164,0.0,0.1258549690246582,20.0,20.0,1.0,0.0,0.0,0.0,0.0,0.0
100,9.095433235168457,-0.0,0.0,-0.0,9.095433235168457,0.6355076432228088,6.292369365692139,2.619527816772461,-0.0,0.0,0.0,0.0,0.0,0.0,0.0,0.0,0.0,0.0,0.0,0.0,0.023000000044703484,0.023000000044703484,0.020000000000000004,0.15,0.0,0.0,0.0,0.0,0.0,0.0,0.0,0.0,0.0,0.0,0.0,0.0,0.004697469994425774,0.09801458567380905,0.002209295567809022,9.095433235168457,100,nan,-1.0,True,,False,0.010050058364868164,0.0,0.1258549690246582,20.0,20.0,1.0,0.0,0.0,0.0,0.0,0.0
101,8.985494613647461,-0.0,0.0,-0.0,8.985494613647461,0.6407442092895508,6.296092987060547,2.619413375854492,-0.0,0.0,0.0,0.0,0.0,0.0,0.0,0.0,0.0,0.0,0.0,0.0,0.023000000044703484,0.023000000044703484,0.02,0.15,0.0,0.0,0.0,0.0,0.0,0.0,0.0,0.0,0.0,0.0,0.0,0.0,0.0047106086276471615,0.09802225232124329,0.0010491811990505084,8.985494613647461,101,nan,-1.0,True,,False,0.010050058364868164,0.0,0.1258549690246582,20.0,20.0,1.0,0.0,0.0,0.0,0.0,0.0
102,8.990581512451172,-0.0,0.0,-0.0,8.990581512451172,0.6404092907905579,6.301563262939453,2.6193320751190186,-0.0,0.0,0.0,0.0,0.0,0.0,0.0,0.0,0.0,0.0,0.0,0.0,0.023000000044703484,0.023000000044703484,0.02,0.15,0.0,0.0,0.0,0.0,0.0,0.0,0.0,0.0,0.0,0.0,0.0,0.0,0.004750260151922703,0.0980263277888298,0.0018277222952747252,8.985494613647461,101,nan,-1.0,True,,False,0.010050058364868164,0.0,0.1258549690246582,20.0,20.0,1.0,0.0,0.0,0.0,0.0,0.0
103,9.245269775390625,-0.0,0.0,-0.0,9.245269775390625,0.6281211972236633,6.305781364440918,2.6193695068359375,-0.0,0.0,0.0,0.0,0.0,0.0,0.0,0.0,0.0,0.0,0.0,0.0,0.023000000044703484,0.023000000044703484,0.02,0.15,0.0,0.0,0.0,0.0,0.0,0.0,0.0,0.0,0.0,0.0,0.0,0.0,0.004777383059263229,0.09803756326436996,0.0009484198853897396,8.985494613647461,101,nan,-1.0,True,,False,0.010050058364868164,0.0,0.1258549690246582,20.0,20.0,1.0,0.0,0.0,0.0,0.0,0.0
104,9.205404281616211,-0.0,0.0,-0.0,9.205404281616211,0.6299635171890259,6.31100606918335,2.6193740367889404,-0.0,0.0,0.0,0.0,0.0,0.0,0.0,0.0,0.0,0.0,0.0,0.0,0.023000000044703484,0.023000000044703484,0.02,0.15,0.0,0.0,0.0,0.0,0.0,0.0,0.0,0.0,0.0,0.0,0.0,0.0,0.004796900320798159,0.09804338961839676,0.000933092418108572,8.985494613647461,101,nan,-1.0,True,,False,0.010050058364868164,0.0,0.1258549690246582,20.0,20.0,1.0,0.0,0.0,0.0,0.0,0.0
105,9.012788772583008,-0.0,0.0,-0.0,9.012788772583008,0.6391751766204834,6.316897392272949,2.6193535327911377,-0.0,0.0,0.0,0.0,0.0,0.0,0.0,0.0,0.0,0.0,0.0,0.0,0.023000000044703484,0.023000000044703484,0.02,0.15,0.0,0.0,0.0,0.0,0.0,0.0,0.0,0.0,0.0,0.0,0.0,0.0,0.004809667356312275,0.09804454445838928,0.0024721223353481037,8.985494613647461,101,nan,-1.0,True,,False,0.010050058364868164,0.0,0.1258549690246582,20.0,20.0,1.0,0.0,0.0,0.0,0.0,0.0
106,9.01884651184082,-0.0,0.0,-0.0,9.01884651184082,0.6388353705406189,6.320752143859863,2.6193270683288574,-0.0,0.0,0.0,0.0,0.0,0.0,0.0,0.0,0.0,0.0,0.0,0.0,0.023000000044703484,0.023000000044703484,0.02,0.15,0.0,0.0,0.0,0.0,0.0,0.0,0.0,0.0,0.0,0.0,0.0,0.0,0.004832194186747074,0.0980430543422699,0.0024555441395932576,8.985494613647461,101,nan,-1.0,True,,False,0.010050058364868164,0.0,0.1258549690246582,20.0,20.0,1.0,0.0,0.0,0.0,0.0,0.0
107,9.04230785369873,-0.0,0.0,-0.0,9.04230785369873,0.637662947177887,6.323151111602783,2.6193125247955322,-0.0,0.0,0.0,0.0,0.0,0.0,0.0,0.0,0.0,0.0,0.0,0.0,0.023000000044703484,0.023000000044703484,0.02,0.14999999999999997,0.0,0.0,0.0,0.0,0.0,0.0,0.0,0.0,0.0,0.0,0.0,0.0,0.0048614442348480225,0.09803912788629532,0.0017992484868045722,8.985494613647461,101,nan,-1.0,True,,False,0.010050058364868164,0.0,0.1258549690246582,20.0,20.0,1.0,0.0,0.0,0.0,0.0,0.0
108,8.983686447143555,-0.0,0.0,-0.0,8.983686447143555,0.6405310034751892,6.3248114585876465,2.6194000244140625,-0.0,0.0,0.0,0.0,0.0,0.0,0.0,0.0,0.0,0.0,0.0,0.0,0.023000000044703484,0.023000000044703484,0.02,0.15,0.0,0.0,0.0,0.0,0.0,0.0,0.0,0.0,0.0,0.0,0.0,0.0,0.00488182483240962,0.09804321825504303,0.0017999428268922202,8.983686447143555,108,nan,-1.0,True,,False,0.010050058364868164,0.0,0.1258549690246582,20.0,20.0,1.0,0.0,0.0,0.0,0.0,0.0
109,8.890229225158691,-0.0,0.0,-0.0,8.890229225158691,0.6451801657676697,6.325883865356445,2.6195876598358154,-0.0,0.0,0.0,0.0,0.0,0.0,0.0,0.0,0.0,0.0,0.0,0.0,0.023000000044703484,0.023000000044703484,0.02,0.15,0.0,0.0,0.0,0.0,0.0,0.0,0.0,0.0,0.0,0.0,0.0,0.0,0.0048929727636277676,0.09805449098348618,0.002444298770114983,8.890229225158691,109,nan,-1.0,True,,False,0.010050058364868164,0.0,0.1258549690246582,20.0,20.0,1.0,0.0,0.0,0.0,0.0,0.0
110,8.802530288696289,-0.0,0.0,-0.0,8.802530288696289,0.6495966911315918,6.326021671295166,2.619741439819336,-0.0,0.0,0.0,0.0,0.0,0.0,0.0,0.0,0.0,0.0,0.0,0.0,0.023000000044703484,0.023000000044703484,0.02,0.15000000000000002,0.0,0.0,0.0,0.0,0.0,0.0,0.0,0.0,0.0,0.0,0.0,0.0,0.0049135759472846985,0.09806212782859802,0.00243187606383799,8.802530288696289,110,nan,-1.0,True,,False,0.010050058364868164,0.0,0.1258549690246582,20.0,20.0,1.0,0.0,0.0,0.0,0.0,0.0
111,8.894562721252441,-0.0,0.0,-0.0,8.894562721252441,0.6450568437576294,6.325289726257324,2.6198909282684326,-0.0,0.0,0.0,0.0,0.0,0.0,0.0,0.0,0.0,0.0,0.0,0.0,0.023000000044703484,0.023000000044703484,0.02,0.15,0.0,0.0,0.0,0.0,0.0,0.0,0.0,0.0,0.0,0.0,0.0,0.0,0.0049428790807724,0.0980663001537323,0.002238543422663497,8.802530288696289,110,nan,-1.0,True,,False,0.010050058364868164,0.0,0.1258549690246582,20.0,20.0,1.0,0.0,0.0,0.0,0.0,0.0
112,8.947359085083008,-0.0,0.0,-0.0,8.947359085083008,0.6424710154533386,6.325005531311035,2.61997389793396,-0.0,0.0,0.0,0.0,0.0,0.0,0.0,0.0,0.0,0.0,0.0,0.0,0.023000000044703484,0.023000000044703484,0.02,0.15,0.0,0.0,0.0,0.0,0.0,0.0,0.0,0.0,0.0,0.0,0.0,0.0,0.004960288293659687,0.09807510673999786,0.002250255550734437,8.802530288696289,110,nan,-1.0,True,,False,0.010050058364868164,0.0,0.1258549690246582,20.0,20.0,1.0,0.0,0.0,0.0,0.0,0.0
113,8.921623229980469,-0.0,0.0,-0.0,8.921623229980469,0.643750786781311,6.325247764587402,2.6200273036956787,-0.0,0.0,0.0,0.0,0.0,0.0,0.0,0.0,0.0,0.0,0.0,0.0,0.023000000044703484,0.023000000044703484,0.020000000000000004,0.15,0.0,0.0,0.0,0.0,0.0,0.0,0.0,0.0,0.0,0.0,0.0,0.0,0.004966422449797392,0.09808824211359024,0.0009753224894666346,8.802530288696289,110,nan,-1.0,True,,False,0.010050058364868164,0.0,0.1258549690246582,20.0,20.0,1.0,0.0,0.0,0.0,0.0,0.0
114,8.920743942260742,-0.0,0.0,-0.0,8.920743942260742,0.6439563035964966,6.325649261474609,2.620396137237549,-0.0,0.0,0.0,0.0,0.0,0.0,0.0,0.0,0.0,0.0,0.0,0.0,0.023000000044703484,0.023000000044703484,0.02,0.15,0.0,0.0,0.0,0.0,0.0,0.0,0.0,0.0,0.0,0.0,0.0,0.0,0.005052774213254452,0.0980541780591011,0.0007475442707800539,8.802530288696289,110,nan,-1.0,True,,False,0.010050058364868164,0.0,0.1258549690246582,20.0,20.0,1.0,0.0,0.0,0.0,0.0,0.0
115,8.871471405029297,-0.0,0.0,-0.0,8.871471405029297,0.6463462114334106,6.326049327850342,2.620344638824463,-0.0,0.0,0.0,0.0,0.0,0.0,0.0,0.0,0.0,0.0,0.0,0.0,0.023000000044703484,0.023000000044703484,0.02,0.15,0.0,0.0,0.0,0.0,0.0,0.0,0.0,0.0,0.0,0.0,0.0,0.0,0.005077384412288666,0.09806867688894272,0.002254179036754067,8.802530288696289,110,nan,-1.0,True,,False,0.010050058364868164,0.0,0.1258549690246582,20.0,20.0,1.0,0.0,0.0,0.0,0.0,0.0
116,8.915124893188477,-0.0,0.0,-0.0,8.915124893188477,0.644115686416626,6.326879024505615,2.620250701904297,-0.0,0.0,0.0,0.0,0.0,0.0,0.0,0.0,0.0,0.0,0.0,0.0,0.023000000044703484,0.023000000044703484,0.02,0.15,0.0,0.0,0.0,0.0,0.0,0.0,0.0,0.0,0.0,0.0,0.0,0.0,0.005089283920824528,0.09808722883462906,0.0007716920945313177,8.802530288696289,110,nan,-1.0,True,,False,0.010050058364868164,0.0,0.1258549690246582,20.0,20.0,1.0,0.0,0.0,0.0,0.0,0.0
117,8.72096061706543,-0.0,0.0,-0.0,8.72096061706543,0.6537595987319946,6.329451560974121,2.6201486587524414,-0.0,0.0,0.0,0.0,0.0,0.0,0.0,0.0,0.0,0.0,0.0,0.0,0.023000000044703484,0.023000000044703484,0.020000000000000004,0.15,0.0,0.0,0.0,0.0,0.0,0.0,0.0,0.0,0.0,0.0,0.0,0.0,0.005093829240649939,0.09810058027505875,0.0009363940912407998,8.72096061706543,117,nan,-1.0,True,,False,0.010050058364868164,0.0,0.1258549690246582,20.0,20.0,1.0,0.0,0.0,0.0,0.0,0.0
118,8.992354393005371,-0.0,0.0,-0.0,8.992354393005371,0.6400390863418579,6.33119535446167,2.6197831630706787,-0.0,0.0,0.0,0.0,0.0,0.0,0.0,0.0,0.0,0.0,0.0,0.0,0.023000000044703484,0.023000000044703484,0.02,0.15,0.0,0.0,0.0,0.0,0.0,0.0,0.0,0.0,0.0,0.0,0.0,0.0,0.005015531089156866,0.09815622866153717,0.000965541138612025,8.72096061706543,117,nan,-1.0,True,,False,0.010050058364868164,0.0,0.1258549690246582,20.0,20.0,1.0,0.0,0.0,0.0,0.0,0.0
119,8.914361000061035,-0.0,0.0,-0.0,8.914361000061035,0.643832266330719,6.332878112792969,2.6197497844696045,-0.0,0.0,0.0,0.0,0.0,0.0,0.0,0.0,0.0,0.0,0.0,0.0,0.023000000044703484,0.023000000044703484,0.02,0.15,0.0,0.0,0.0,0.0,0.0,0.0,0.0,0.0,0.0,0.0,0.0,0.0,0.0050261118449270725,0.09816371649503708,0.00096350056492156,8.72096061706543,117,nan,-1.0,True,,False,0.010050058364868164,0.0,0.1258549690246582,20.0,20.0,1.0,0.0,0.0,0.0,0.0,0.0
120,8.757719993591309,-0.0,0.0,-0.0,8.757719993591309,0.6517680883407593,6.334549903869629,2.6200249195098877,-0.0,0.0,0.0,0.0,0.0,0.0,0.0,0.0,0.0,0.0,0.0,0.0,0.023000000044703484,0.023000000044703484,0.02,0.15,0.0,0.0,0.0,0.0,0.0,0.0,0.0,0.0,0.0,0.0,0.0,0.0,0.005111901555210352,0.09812901169061661,0.0012051440530740365,8.72096061706543,117,nan,-1.0,True,,False,0.010050058364868164,0.0,0.1258549690246582,20.0,20.0,1.0,0.0,0.0,0.0,0.0,0.0
121,9.245139122009277,-0.0,0.0,-0.0,9.245139122009277,0.6281018257141113,6.336705207824707,2.620333671569824,-0.0,0.0,0.0,0.0,0.0,0.0,0.0,0.0,0.0,0.0,0.0,0.0,0.023000000044703484,0.023000000044703484,0.02,0.15,0.0,0.0,0.0,0.0,0.0,0.0,0.0,0.0,0.0,0.0,0.0,0.0,0.00519956648349762,0.09809255599975586,0.0009394554267601052,8.72096061706543,117,nan,-1.0,True,,False,0.010050058364868164,0.0,0.1258549690246582,20.0,20.0,1.0,0.0,0.0,0.0,0.0,0.0
122,9.052838325500488,-0.0,0.0,-0.0,9.052838325500488,0.6372610926628113,6.338022232055664,2.620265245437622,-0.0,0.0,0.0,0.0,0.0,0.0,0.0,0.0,0.0,0.0,0.0,0.0,0.023000000044703484,0.023000000044703484,0.02,0.15,0.0,0.0,0.0,0.0,0.0,0.0,0.0,0.0,0.0,0.0,0.0,0.0,0.005195922218263149,0.09810712933540344,0.0009352249080620822,8.72096061706543,117,nan,-1.0,True,,False,0.010050058364868164,0.0,0.1258549690246582,20.0,20.0,1.0,0.0,0.0,0.0,0.0,0.0
123,8.739563941955566,-0.0,0.0,-0.0,8.739563941955566,0.6525895595550537,6.338717937469482,2.6199049949645996,-0.0,0.0,0.0,0.0,0.0,0.0,0.0,0.0,0.0,0.0,0.0,0.0,0.023000000044703484,0.023000000044703484,0.02,0.15000000000000002,0.0,0.0,0.0,0.0,0.0,0.0,0.0,0.0,0.0,0.0,0.0,0.0,0.005120294634252787,0.09816344827413559,0.002300639107488678,8.72096061706543,117,nan,-1.0,True,,False,0.010050058364868164,0.0,0.1258549690246582,20.0,20.0,1.0,0.0,0.0,0.0,0.0,0.0
124,8.792757987976074,-0.0,0.0,-0.0,8.792757987976074,0.649791419506073,6.33859395980835,2.6196601390838623,-0.0,0.0,0.0,0.0,0.0,0.0,0.0,0.0,0.0,0.0,0.0,0.0,0.023000000044703484,0.023000000044703484,0.02,0.15,0.0,0.0,0.0,0.0,0.0,0.0,0.0,0.0,0.0,0.0,0.0,0.0,0.00505528599023819,0.09820932894945145,0.0009405027471984795,8.72096061706543,117,nan,-1.0,True,,False,0.010050058364868164,0.0,0.1258549690246582,20.0,20.0,1.0,0.0,0.0,0.0,0.0,0.0
125,8.742277145385742,-0.0,0.0,-0.0,8.742277145385742,0.6523502469062805,6.338747978210449,2.6196987628936768,-0.0,0.0,0.0,0.0,0.0,0.0,0.0,0.0,0.0,0.0,0.0,0.0,0.023000000044703484,0.023000000044703484,0.02,0.15,0.0,0.0,0.0,0.0,0.0,0.0,0.0,0.0,0.0,0.0,0.0,0.0,0.005062541458755732,0.09821204096078873,0.0008031471493268327,8.72096061706543,117,nan,-1.0,True,,False,0.010050058364868164,0.0,0.1258549690246582,20.0,20.0,1.0,0.0,0.0,0.0,0.0,0.0
126,8.751788139343262,-0.0,0.0,-0.0,8.751788139343262,0.651722252368927,6.339107990264893,2.6194286346435547,-0.0,0.0,0.0,0.0,0.0,0.0,0.0,0.0,0.0,0.0,0.0,0.0,0.023000000044703484,0.023000000044703484,0.02,0.14999999999999997,0.0,0.0,0.0,0.0,0.0,0.0,0.0,0.0,0.0,0.0,0.0,0.0,0.0050253127701580524,0.09824923425912857,0.0009206495769831236,8.72096061706543,117,nan,-1.0,True,,False,0.010050058364868164,0.0,0.1258549690246582,20.0,20.0,1.0,0.0,0.0,0.0,0.0,0.0
127,8.587803840637207,-0.0,0.0,-0.0,8.587803840637207,0.6600646376609802,6.3396501541137695,2.619412422180176,-0.0,0.0,0.0,0.0,0.0,0.0,0.0,0.0,0.0,0.0,0.0,0.0,0.023000000044703484,0.023000000044703484,0.02,0.15,0.0,0.0,0.0,0.0,0.0,0.0,0.0,0.0,0.0,0.0,0.0,0.0,0.005053650122135878,0.09824828803539276,0.002276829146921955,8.587803840637207,127,nan,-1.0,True,,False,0.010050058364868164,0.0,0.1258549690246582,20.0,20.0,1.0,0.0,0.0,0.0,0.0,0.0
128,8.649938583374023,-0.0,0.0,-0.0,8.649938583374023,0.6568697690963745,6.339615821838379,2.6194217205047607,-0.0,0.0,0.0,0.0,0.0,0.0,0.0,0.0,0.0,0.0,0.0,0.0,0.023000000044703484,0.023000000044703484,0.02,0.15,0.0,0.0,0.0,0.0,0.0,0.0,0.0,0.0,0.0,0.0,0.0,0.0,0.005083277355879545,0.098245769739151,0.0022223931068765523,8.587803840637207,127,nan,-1.0,True,,False,0.010050058364868164,0.0,0.1258549690246582,20.0,20.0,1.0,0.0,0.0,0.0,0.0,0.0
129,8.671093940734863,-0.0,0.0,-0.0,8.671093940734863,0.6557812690734863,6.339524269104004,2.619401216506958,-0.0,0.0,0.0,0.0,0.0,0.0,0.0,0.0,0.0,0.0,0.0,0.0,0.023000000044703484,0.023000000044703484,0.02,0.15,0.0,0.0,0.0,0.0,0.0,0.0,0.0,0.0,0.0,0.0,0.0,0.0,0.005112332757562399,0.09824695438146591,0.0022423368827730883,8.587803840637207,127,nan,-1.0,True,,False,0.010050058364868164,0.0,0.1258549690246582,20.0,20.0,1.0,0.0,0.0,0.0,0.0,0.0
130,8.61463737487793,-0.0,0.0,-0.0,8.61463737487793,0.6586414575576782,6.339629650115967,2.6193289756774902,-0.0,0.0,0.0,0.0,0.0,0.0,0.0,0.0,0.0,0.0,0.0,0.0,0.023000000044703484,0.023000000044703484,0.02,0.14999999999999997,0.0,0.0,0.0,0.0,0.0,0.0,0.0,0.0,0.0,0.0,0.0,0.0,0.005140306893736124,0.09825191646814346,0.0008662190884933807,8.587803840637207,127,nan,-1.0,True,,False,0.010050058364868164,0.0,0.1258549690246582,20.0,20.0,1.0,0.0,0.0,0.0,0.0,0.0
131,8.619808197021484,-0.0,0.0,-0.0,8.619808197021484,0.6582232713699341,6.33922815322876,2.6190333366394043,-0.0,0.0,0.0,0.0,0.0,0.0,0.0,0.0,0.0,0.0,0.0,0.0,0.023000000044703484,0.023000000044703484,0.02,0.15,0.0,0.0,0.0,0.0,0.0,0.0,0.0,0.0,0.0,0.0,0.0,0.0,0.005094989202916622,0.09829281270503998,0.0018893366373049503,8.587803840637207,127,nan,-1.0,True,,False,0.010050058364868164,0.0,0.1258549690246582,20.0,20.0,1.0,0.0,0.0,0.0,0.0,0.0
132,8.520522117614746,-0.0,0.0,-0.0,8.520522117614746,0.6632898449897766,6.3388824462890625,2.618929386138916,-0.0,0.0,0.0,0.0,0.0,0.0,0.0,0.0,0.0,0.0,0.0,0.0,0.023000000044703484,0.023000000044703484,0.02,0.15,0.0,0.0,0.0,0.0,0.0,0.0,0.0,0.0,0.0,0.0,0.0,0.0,0.0050544035620987415,0.09833484143018723,0.001881516157027363,8.520522117614746,132,nan,-1.0,True,,False,0.010050058364868164,0.0,0.1258549690246582,20.0,20.0,1.0,0.0,0.0,0.0,0.0,0.0
133,8.543181419372559,-0.0,0.0,-0.0,8.543181419372559,0.6621159315109253,6.338596820831299,2.6189913749694824,-0.0,0.0,0.0,0.0,0.0,0.0,0.0,0.0,0.0,0.0,0.0,0.0,0.023000000044703484,0.023000000044703484,0.02,0.15,0.0,0.0,0.0,0.0,0.0,0.0,0.0,0.0,0.0,0.0,0.0,0.0,0.0050172652117908,0.09837757050991058,0.002246968031158758,8.520522117614746,132,nan,-1.0,True,,False,0.010050058364868164,0.0,0.1258549690246582,20.0,20.0,1.0,0.0,0.0,0.0,0.0,0.0
134,8.75432300567627,-0.0,0.0,-0.0,8.75432300567627,0.6513282060623169,6.337677955627441,2.6190552711486816,-0.0,0.0,0.0,0.0,0.0,0.0,0.0,0.0,0.0,0.0,0.0,0.0,0.023000000044703484,0.023000000044703484,0.019999999999999997,0.15,0.0,0.0,0.0,0.0,0.0,0.0,0.0,0.0,0.0,0.0,0.0,0.0,0.004985826555639505,0.09841219335794449,0.0006412354064195824,8.520522117614746,132,nan,-1.0,True,,False,0.010050058364868164,0.0,0.1258549690246582,20.0,20.0,1.0,0.0,0.0,0.0,0.0,0.0
135,8.92294692993164,-0.0,0.0,-0.0,8.92294692993164,0.6429227590560913,6.338418006896973,2.6191039085388184,-0.0,0.0,0.0,0.0,0.0,0.0,0.0,0.0,0.0,0.0,0.0,0.0,0.023000000044703484,0.023000000044703484,0.02,0.15,0.0,0.0,0.0,0.0,0.0,0.0,0.0,0.0,0.0,0.0,0.0,0.0,0.004956705030053854,0.09843946248292923,0.0008540168428226025,8.520522117614746,132,nan,-1.0,True,,False,0.010050058364868164,0.0,0.1258549690246582,20.0,20.0,1.0,0.0,0.0,0.0,0.0,0.0
136,8.669325828552246,-0.0,0.0,-0.0,8.669325828552246,0.6557047367095947,6.339345932006836,2.619302272796631,-0.0,0.0,0.0,0.0,0.0,0.0,0.0,0.0,0.0,0.0,0.0,0.0,0.023000000044703484,0.023000000044703484,0.02,0.15,0.0,0.0,0.0,0.0,0.0,0.0,0.0,0.0,0.0,0.0,0.0,0.0,0.004988623317331076,0.09843993186950684,0.0005998481392452959,8.520522117614746,132,nan,-1.0,True,,False,0.010050058364868164,0.0,0.1258549690246582,20.0,20.0,1.0,0.0,0.0,0.0,0.0,0.0
137,8.472753524780273,-0.0,0.0,-0.0,8.472753524780273,0.6659111380577087,6.341855049133301,2.6194658279418945,-0.0,0.0,0.0,0.0,0.0,0.0,0.0,0.0,0.0,0.0,0.0,0.0,0.023000000044703484,0.023000000044703484,0.02,0.15,0.0,0.0,0.0,0.0,0.0,0.0,0.0,0.0,0.0,0.0,0.0,0.0,0.00500949053093791,0.0984373614192009,0.0022203287649062986,8.472753524780273,137,nan,-1.0,True,,False,0.010050058364868164,0.0,0.1258549690246582,20.0,20.0,1.0,0.0,0.0,0.0,0.0,0.0
138,8.545536041259766,-0.0,0.0,-0.0,8.545536041259766,0.6621567606925964,6.343575954437256,2.619619369506836,-0.0,0.0,0.0,0.0,0.0,0.0,0.0,0.0,0.0,0.0,0.0,0.0,0.023000000044703484,0.023000000044703484,0.020000000000000004,0.15000000000000002,0.0,0.0,0.0,0.0,0.0,0.0,0.0,0.0,0.0,0.0,0.0,0.0,0.005030219908803701,0.09843376278877258,0.0022416569336201064,8.472753524780273,137,nan,-1.0,True,,False,0.010050058364868164,0.0,0.1258549690246582,20.0,20.0,1.0,0.0,0.0,0.0,0.0,0.0
139,8.549357414245605,-0.0,0.0,-0.0,8.549357414245605,0.6619938611984253,6.345211982727051,2.619734764099121,-0.0,0.0,0.0,0.0,0.0,0.0,0.0,0.0,0.0,0.0,0.0,0.0,0.023000000044703484,0.023000000044703484,0.02,0.15,0.0,0.0,0.0,0.0,0.0,0.0,0.0,0.0,0.0,0.0,0.0,0.0,0.0050514149479568005,0.09843143075704575,0.0022396912672775215,8.472753524780273,137,nan,-1.0,True,,False,0.010050058364868164,0.0,0.1258549690246582,20.0,20.0,1.0,0.0,0.0,0.0,0.0,0.0
140,8.58137035369873,-0.0,0.0,-0.0,8.58137035369873,0.6603536605834961,6.346638202667236,2.619797945022583,-0.0,0.0,0.0,0.0,0.0,0.0,0.0,0.0,0.0,0.0,0.0,0.0,0.023000000044703484,0.023000000044703484,0.02,0.15,0.0,0.0,0.0,0.0,0.0,0.0,0.0,0.0,0.0,0.0,0.0,0.0,0.00507532199844718,0.09843014180660248,0.001350872612420062,8.472753524780273,137,nan,-1.0,True,,False,0.010050058364868164,0.0,0.1258549690246582,20.0,20.0,1.0,0.0,0.0,0.0,0.0,0.0
141,8.51747989654541,-0.0,0.0,-0.0,8.51747989654541,0.6637148857116699,6.347502708435059,2.619885206222534,-0.0,0.0,0.0,0.0,0.0,0.0,0.0,0.0,0.0,0.0,0.0,0.0,0.023000000044703484,0.023000000044703484,0.02,0.14999999999999997,0.0,0.0,0.0,0.0,0.0,0.0,0.0,0.0,0.0,0.0,0.0,0.0,0.0051001510582864285,0.09842603653669357,0.001344795767636242,8.472753524780273,137,nan,-1.0,True,,False,0.010050058364868164,0.0,0.1258549690246582,20.0,20.0,1.0,0.0,0.0,0.0,0.0,0.0
142,8.632638931274414,-0.0,0.0,-0.0,8.632638931274414,0.6578097343444824,6.347512245178223,2.6199629306793213,-0.0,0.0,0.0,0.0,0.0,0.0,0.0,0.0,0.0,0.0,0.0,0.0,0.023000000044703484,0.023000000044703484,0.02,0.14999999999999997,0.0,0.0,0.0,0.0,0.0,0.0,0.0,0.0,0.0,0.0,0.0,0.0,0.005128396209329367,0.09841976314783096,0.0009378062909490836,8.472753524780273,137,nan,-1.0,True,,False,0.010050058364868164,0.0,0.1258549690246582,20.0,20.0,1.0,0.0,0.0,0.0,0.0,0.0
143,8.611330032348633,-0.0,0.0,-0.0,8.611330032348633,0.6587936878204346,6.347724914550781,2.619755744934082,-0.0,0.0,0.0,0.0,0.0,0.0,0.0,0.0,0.0,0.0,0.0,0.0,0.023000000044703484,0.023000000044703484,0.019999999999999997,0.15,0.0,0.0,0.0,0.0,0.0,0.0,0.0,0.0,0.0,0.0,0.0,0.0,0.00512052932754159,0.09844248741865158,0.0021002217163186288,8.472753524780273,137,nan,-1.0,True,,False,0.010050058364868164,0.0,0.1258549690246582,20.0,20.0,1.0,0.0,0.0,0.0,0.0,0.0
144,8.591370582580566,-0.0,0.0,-0.0,8.591370582580566,0.659731388092041,6.347312927246094,2.619584798812866,-0.0,0.0,0.0,0.0,0.0,0.0,0.0,0.0,0.0,0.0,0.0,0.0,0.023000000044703484,0.023000000044703484,0.02,0.15,0.0,0.0,0.0,0.0,0.0,0.0,0.0,0.0,0.0,0.0,0.0,0.0,0.00511009618639946,0.09846168011426926,0.0021122833209119563,8.472753524780273,137,nan,-1.0,True,,False,0.010050058364868164,0.0,0.1258549690246582,20.0,20.0,1.0,0.0,0.0,0.0,0.0,0.0
145,8.513246536254883,-0.0,0.0,-0.0,8.513246536254883,0.6636959314346313,6.346409797668457,2.619410753250122,-0.0,0.0,0.0,0.0,0.0,0.0,0.0,0.0,0.0,0.0,0.0,0.0,0.023000000044703484,0.023000000044703484,0.02,0.14999999999999997,0.0,0.0,0.0,0.0,0.0,0.0,0.0,0.0,0.0,0.0,0.0,0.0,0.00510422233492136,0.09847810864448547,0.0021155677086426294,8.472753524780273,137,nan,-1.0,True,,False,0.010050058364868164,0.0,0.1258549690246582,20.0,20.0,1.0,0.0,0.0,0.0,0.0,0.0
146,8.650955200195312,-0.0,0.0,-0.0,8.650955200195312,0.6565219759941101,6.345121383666992,2.6192736625671387,-0.0,0.0,0.0,0.0,0.0,0.0,0.0,0.0,0.0,0.0,0.0,0.0,0.023000000044703484,0.023000000044703484,0.02,0.15,0.0,0.0,0.0,0.0,0.0,0.0,0.0,0.0,0.0,0.0,0.0,0.0,0.005102583672851324,0.09849198162555695,0.0022211841828720935,8.472753524780273,137,nan,-1.0,True,,False,0.010050058364868164,0.0,0.1258549690246582,20.0,20.0,1.0,0.0,0.0,0.0,0.0,0.0
147,8.727824211120605,-0.0,0.0,-0.0,8.727824211120605,0.6525450944900513,6.343805313110352,2.619110107421875,-0.0,0.0,0.0,0.0,0.0,0.0,0.0,0.0,0.0,0.0,0.0,0.0,0.023000000044703484,0.023000000044703484,0.019999999999999997,0.15,0.0,0.0,0.0,0.0,0.0,0.0,0.0,0.0,0.0,0.0,0.0,0.0,0.005105908028781414,0.09850535541772842,0.00223532364680068,8.472753524780273,137,nan,-1.0,True,,False,0.010050058364868164,0.0,0.1258549690246582,20.0,20.0,1.0,0.0,0.0,0.0,0.0,0.0
148,8.710145950317383,-0.0,0.0,-0.0,8.710145950317383,0.6533746123313904,6.342474460601807,2.618942975997925,-0.0,0.0,0.0,0.0,0.0,0.0,0.0,0.0,0.0,0.0,0.0,0.0,0.023000000044703484,0.023000000044703484,0.02,0.15,0.0,0.0,0.0,0.0,0.0,0.0,0.0,0.0,0.0,0.0,0.0,0.0,0.0051126317121088505,0.09851834923028946,0.002227089696134499,8.472753524780273,137,nan,-1.0,True,,False,0.010050058364868164,0.0,0.1258549690246582,20.0,20.0,1.0,0.0,0.0,0.0,0.0,0.0
149,8.608011245727539,-0.0,0.0,-0.0,8.608011245727539,0.6585215330123901,6.34114933013916,2.6187632083892822,-0.0,0.0,0.0,0.0,0.0,0.0,0.0,0.0,0.0,0.0,0.0,0.0,0.023000000044703484,0.023000000044703484,0.02,0.15,0.0,0.0,0.0,0.0,0.0,0.0,0.0,0.0,0.0,0.0,0.0,0.0,0.005122238304466009,0.0985310971736908,0.002214383624959737,8.472753524780273,137,nan,-1.0,True,,False,0.010050058364868164,0.0,0.1258549690246582,20.0,20.0,1.0,0.0,0.0,0.0,0.0,0.0
150,8.808229446411133,-0.0,0.0,-0.0,8.808229446411133,0.6483049392700195,6.339764595031738,2.618577241897583,-0.0,0.0,0.0,0.0,0.0,0.0,0.0,0.0,0.0,0.0,0.0,0.0,0.023000000044703484,0.023000000044703484,0.02,0.15,0.0,0.0,0.0,0.0,0.0,0.0,0.0,0.0,0.0,0.0,0.0,0.0,0.005140840075910091,0.09854314476251602,0.0007879477893766307,8.472753524780273,137,nan,-1.0,True,,False,0.010050058364868164,0.0,0.1258549690246582,20.0,20.0,1.0,0.0,0.0,0.0,0.0,0.0
151,8.672979354858398,-0.0,0.0,-0.0,8.672979354858398,0.6551350355148315,6.338527679443359,2.6185595989227295,-0.0,0.0,0.0,0.0,0.0,0.0,0.0,0.0,0.0,0.0,0.0,0.0,0.023000000044703484,0.023000000044703484,0.019999999999999997,0.15,0.0,0.0,0.0,0.0,0.0,0.0,0.0,0.0,0.0,0.0,0.0,0.0,0.005215903278440237,0.09852920472621918,0.0018228504832222825,8.472753524780273,137,nan,-1.0,True,,False,0.010050058364868164,0.0,0.1258549690246582,20.0,20.0,1.0,0.0,0.0,0.0,0.0,0.0
152,8.592596054077148,-0.0,0.0,-0.0,8.592596054077148,0.6593284606933594,6.3381428718566895,2.6187264919281006,-0.0,0.0,0.0,0.0,0.0,0.0,0.0,0.0,0.0,0.0,0.0,0.0,0.023000000044703484,0.023000000044703484,0.02,0.15,0.0,0.0,0.0,0.0,0.0,0.0,0.0,0.0,0.0,0.0,0.0,0.0,0.00528429402038455,0.09852027893066406,0.0018257535875818576,8.472753524780273,137,nan,-1.0,True,,False,0.010050058364868164,0.0,0.1258549690246582,20.0,20.0,1.0,0.0,0.0,0.0,0.0,0.0
153,8.77354621887207,-0.0,0.0,-0.0,8.77354621887207,0.6502279043197632,6.338397026062012,2.6189942359924316,-0.0,0.0,0.0,0.0,0.0,0.0,0.0,0.0,0.0,0.0,0.0,0.0,0.023000000044703484,0.023000000044703484,0.02,0.15,0.0,0.0,0.0,0.0,0.0,0.0,0.0,0.0,0.0,0.0,0.0,0.0,0.00534416176378727,0.0985163152217865,0.0005301253245306725,8.472753524780273,137,nan,-1.0,True,,False,0.010050058364868164,0.0,0.1258549690246582,20.0,20.0,1.0,0.0,0.0,0.0,0.0,0.0
154,8.790621757507324,-0.0,0.0,-0.0,8.790621757507324,0.6494538187980652,6.340343475341797,2.6192290782928467,-0.0,0.0,0.0,0.0,0.0,0.0,0.0,0.0,0.0,0.0,0.0,0.0,0.023000000044703484,0.023000000044703484,0.02,0.15,0.0,0.0,0.0,0.0,0.0,0.0,0.0,0.0,0.0,0.0,0.0,0.0,0.0053870417177677155,0.09851003438234329,0.0004909742406198347,8.472753524780273,137,nan,-1.0,True,,False,0.010050058364868164,0.0,0.1258549690246582,20.0,20.0,1.0,0.0,0.0,0.0,0.0,0.0
155,8.783117294311523,-0.0,0.0,-0.0,8.783117294311523,0.6498857736587524,6.343602657318115,2.619419574737549,-0.0,0.0,0.0,0.0,0.0,0.0,0.0,0.0,0.0,0.0,0.0,0.0,0.023000000044703484,0.023000000044703484,0.019999999999999997,0.15,0.0,0.0,0.0,0.0,0.0,0.0,0.0,0.0,0.0,0.0,0.0,0.0,0.005415925290435553,0.09850182384252548,0.0020297118412599957,8.472753524780273,137,nan,-1.0,True,,False,0.010050058364868164,0.0,0.1258549690246582,20.0,20.0,1.0,0.0,0.0,0.0,0.0,0.0
156,8.78394603729248,-0.0,0.0,-0.0,8.78394603729248,0.6498892307281494,6.346104145050049,2.61958384513855,-0.0,0.0,0.0,0.0,0.0,0.0,0.0,0.0,0.0,0.0,0.0,0.0,0.023000000044703484,0.023000000044703484,0.02,0.15,0.0,0.0,0.0,0.0,0.0,0.0,0.0,0.0,0.0,0.0,0.0,0.0,0.005437332671135664,0.09849413484334946,0.002007101013987267,8.472753524780273,137,nan,-1.0,True,,False,0.010050058364868164,0.0,0.1258549690246582,20.0,20.0,1.0,0.0,0.0,0.0,0.0,0.0
157,8.727949142456055,-0.0,0.0,-0.0,8.727949142456055,0.6527422666549683,6.347986221313477,2.61971378326416,-0.0,0.0,0.0,0.0,0.0,0.0,0.0,0.0,0.0,0.0,0.0,0.0,0.023000000044703484,0.023000000044703484,0.02,0.15,0.0,0.0,0.0,0.0,0.0,0.0,0.0,0.0,0.0,0.0,0.0,0.0,0.005452752113342285,0.09848709404468536,0.0020175714512333798,8.472753524780273,137,nan,-1.0,True,,False,0.010050058364868164,0.0,0.1258549690246582,20.0,20.0,1.0,0.0,0.0,0.0,0.0,0.0
158,8.623886108398438,-0.0,0.0,-0.0,8.623886108398438,0.6580747365951538,6.349226474761963,2.6198368072509766,-0.0,0.0,0.0,0.0,0.0,0.0,0.0,0.0,0.0,0.0,0.0,0.0,0.023000000044703484,0.023000000044703484,0.02,0.15,0.0,0.0,0.0,0.0,0.0,0.0,0.0,0.0,0.0,0.0,0.0,0.0,0.005462855100631714,0.09848086535930634,0.0020179615135020867,8.472753524780273,137,nan,-1.0,True,,False,0.010050058364868164,0.0,0.1258549690246582,20.0,20.0,1.0,0.0,0.0,0.0,0.0,0.0
159,8.478713989257812,-0.0,0.0,-0.0,8.478713989257812,0.6656255125999451,6.3499040603637695,2.619927406311035,-0.0,0.0,0.0,0.0,0.0,0.0,0.0,0.0,0.0,0.0,0.0,0.0,0.023000000044703484,0.023000000044703484,0.019999999999999997,0.14999999999999997,0.0,0.0,0.0,0.0,0.0,0.0,0.0,0.0,0.0,0.0,0.0,0.0,0.005467136390507221,0.09847559779882431,0.0019971271162830817,8.472753524780273,137,nan,-1.0,True,,False,0.010050058364868164,0.0,0.1258549690246582,20.0,20.0,1.0,0.0,0.0,0.0,0.0,0.0
160,8.498100280761719,-0.0,0.0,-0.0,8.498100280761719,0.6646396517753601,6.350076675415039,2.6200125217437744,-0.0,0.0,0.0,0.0,0.0,0.0,0.0,0.0,0.0,0.0,0.0,0.0,0.023000000044703484,0.023000000044703484,0.02,0.15,0.0,0.0,0.0,0.0,0.0,0.0,0.0,0.0,0.0,0.0,0.0,0.0,0.005464839283376932,0.09847155958414078,0.0022892302545187704,8.472753524780273,137,nan,-1.0,True,,False,0.010050058364868164,0.0,0.1258549690246582,20.0,20.0,1.0,0.0,0.0,0.0,0.0,0.0
161,8.647404670715332,-0.0,0.0,-0.0,8.647404670715332,0.6569370627403259,6.349871635437012,2.6200573444366455,-0.0,0.0,0.0,0.0,0.0,0.0,0.0,0.0,0.0,0.0,0.0,0.0,0.023000000044703484,0.023000000044703484,0.02,0.15,0.0,0.0,0.0,0.0,0.0,0.0,0.0,0.0,0.0,0.0,0.0,0.0,0.0054696910083293915,0.09846760332584381,0.0022993575589680404,8.472753524780273,137,nan,-1.0,True,,False,0.010050058364868164,0.0,0.1258549690246582,20.0,20.0,1.0,0.0,0.0,0.0,0.0,0.0
162,8.697897911071777,-0.0,0.0,-0.0,8.697897911071777,0.6543704271316528,6.349404335021973,2.6200571060180664,-0.0,0.0,0.0,0.0,0.0,0.0,0.0,0.0,0.0,0.0,0.0,0.0,0.023000000044703484,0.023000000044703484,0.02,0.15000000000000002,0.0,0.0,0.0,0.0,0.0,0.0,0.0,0.0,0.0,0.0,0.0,0.0,0.005481282249093056,0.09846414625644684,0.002307523653144017,8.472753524780273,137,nan,-1.0,True,,False,0.010050058364868164,0.0,0.1258549690246582,20.0,20.0,1.0,0.0,0.0,0.0,0.0,0.0
163,8.657052993774414,-0.0,0.0,-0.0,8.657052993774414,0.6564462780952454,6.348875999450684,2.6200315952301025,-0.0,0.0,0.0,0.0,0.0,0.0,0.0,0.0,0.0,0.0,0.0,0.0,0.023000000044703484,0.023000000044703484,0.02,0.15,0.0,0.0,0.0,0.0,0.0,0.0,0.0,0.0,0.0,0.0,0.0,0.0,0.005500371102243662,0.09846111387014389,0.0023233181245814194,8.472753524780273,137,nan,-1.0,True,,False,0.010050058364868164,0.0,0.1258549690246582,20.0,20.0,1.0,0.0,0.0,0.0,0.0,0.0
164,8.541086196899414,-0.0,0.0,-0.0,8.541086196899414,0.6624202728271484,6.348207473754883,2.6199896335601807,-0.0,0.0,0.0,0.0,0.0,0.0,0.0,0.0,0.0,0.0,0.0,0.0,0.023000000044703484,0.023000000044703484,0.02,0.15000000000000002,0.0,0.0,0.0,0.0,0.0,0.0,0.0,0.0,0.0,0.0,0.0,0.0,0.005524233914911747,0.09845787286758423,0.0023182708368949534,8.472753524780273,137,nan,-1.0,True,,False,0.010050058364868164,0.0,0.1258549690246582,20.0,20.0,1.0,0.0,0.0,0.0,0.0,0.0
165,8.642845153808594,-0.0,0.0,-0.0,8.642845153808594,0.6571786403656006,6.3473944664001465,2.6199393272399902,-0.0,0.0,0.0,0.0,0.0,0.0,0.0,0.0,0.0,0.0,0.0,0.0,0.023000000044703484,0.023000000044703484,0.02,0.15,0.0,0.0,0.0,0.0,0.0,0.0,0.0,0.0,0.0,0.0,0.0,0.0,0.0055521102622151375,0.09845420718193054,0.0010457317357577267,8.472753524780273,137,nan,-1.0,True,,False,0.010050058364868164,0.0,0.1258549690246582,20.0,20.0,1.0,0.0,0.0,0.0,0.0,0.0
166,8.571895599365234,-0.0,0.0,-0.0,8.571895599365234,0.660660445690155,6.346890449523926,2.61959171295166,-0.0,0.0,0.0,0.0,0.0,0.0,0.0,0.0,0.0,0.0,0.0,0.0,0.023000000044703484,0.023000000044703484,0.02,0.15,0.0,0.0,0.0,0.0,0.0,0.0,0.0,0.0,0.0,0.0,0.0,0.0,0.0055391862988471985,0.09848569333553314,0.001472915972044575,8.472753524780273,137,nan,-1.0,True,,False,0.010050058364868164,0.0,0.1258549690246582,20.0,20.0,1.0,0.0,0.0,0.0,0.0,0.0
167,8.454516410827637,-0.0,0.0,-0.0,8.454516410827637,0.6665025353431702,6.346553802490234,2.619098424911499,-0.0,0.0,0.0,0.0,0.0,0.0,0.0,0.0,0.0,0.0,0.0,0.0,0.023000000044703484,0.023000000044703484,0.02,0.15,0.0,0.0,0.0,0.0,0.0,0.0,0.0,0.0,0.0,0.0,0.0,0.0,0.005528351757675409,0.09851978719234467,0.0017498186548436934,8.454516410827637,167,nan,-1.0,True,,False,0.010050058364868164,0.0,0.1258549690246582,20.0,20.0,1.0,0.0,0.0,0.0,0.0,0.0
168,8.384737014770508,-0.0,0.0,-0.0,8.384737014770508,0.670006513595581,6.34745979309082,2.6188361644744873,-0.0,0.0,0.0,0.0,0.0,0.0,0.0,0.0,0.0,0.0,0.0,0.0,0.023000000044703484,0.023000000044703484,0.019999999999999997,0.15,0.0,0.0,0.0,0.0,0.0,0.0,0.0,0.0,0.0,0.0,0.0,0.0,0.005524602718651295,0.09855491667985916,0.0018259809480696276,8.384737014770508,168,nan,-1.0,True,,False,0.010050058364868164,0.0,0.1258549690246582,20.0,20.0,1.0,0.0,0.0,0.0,0.0,0.0
169,8.352764129638672,-0.0,0.0,-0.0,8.352764129638672,0.6715466976165771,6.347864151000977,2.6185944080352783,-0.0,0.0,0.0,0.0,0.0,0.0,0.0,0.0,0.0,0.0,0.0,0.0,0.023000000044703484,0.023000000044703484,0.02,0.15,0.0,0.0,0.0,0.0,0.0,0.0,0.0,0.0,0.0,0.0,0.0,0.0,0.00551357539370656,0.09858707338571548,0.0018204558136858395,8.352764129638672,169,nan,-1.0,True,,False,0.010050058364868164,0.0,0.1258549690246582,20.0,20.0,1.0,0.0,0.0,0.0,0.0,0.0
170,8.275071144104004,-0.0,0.0,-0.0,8.275071144104004,0.6755727529525757,6.3478922843933105,2.6183900833129883,-0.0,0.0,0.0,0.0,0.0,0.0,0.0,0.0,0.0,0.0,0.0,0.0,0.023000000044703484,0.023000000044703484,0.02,0.15,0.0,0.0,0.0,0.0,0.0,0.0,0.0,0.0,0.0,0.0,0.0,0.0,0.005499802064150572,0.09861625730991364,0.001835683087392681,8.275071144104004,170,nan,-1.0,True,,False,0.010050058364868164,0.0,0.1258549690246582,20.0,20.0,1.0,0.0,0.0,0.0,0.0,0.0
171,8.31567668914795,-0.0,0.0,-0.0,8.31567668914795,0.6732900142669678,6.34752082824707,2.6182239055633545,-0.0,0.0,0.0,0.0,0.0,0.0,0.0,0.0,0.0,0.0,0.0,0.0,0.023000000044703484,0.023000000044703484,0.02,0.15,0.0,0.0,0.0,0.0,0.0,0.0,0.0,0.0,0.0,0.0,0.0,0.0,0.005478648468852043,0.09864260256290436,0.0008616022082605923,8.275071144104004,170,nan,-1.0,True,,False,0.010050058364868164,0.0,0.1258549690246582,20.0,20.0,1.0,0.0,0.0,0.0,0.0,0.0
172,8.371103286743164,-0.0,0.0,-0.0,8.371103286743164,0.6703389883041382,6.347087383270264,2.618258237838745,-0.0,0.0,0.0,0.0,0.0,0.0,0.0,0.0,0.0,0.0,0.0,0.0,0.023000000044703484,0.023000000044703484,0.02,0.15,0.0,0.0,0.0,0.0,0.0,0.0,0.0,0.0,0.0,0.0,0.0,0.0,0.005520721897482872,0.09864063560962677,0.002235698667846009,8.275071144104004,170,nan,-1.0,True,,False,0.010050058364868164,0.0,0.1258549690246582,20.0,20.0,1.0,0.0,0.0,0.0,0.0,0.0
173,8.411086082458496,-0.0,0.0,-0.0,8.411086082458496,0.6682268381118774,6.346698760986328,2.618273973464966,-0.0,0.0,0.0,0.0,0.0,0.0,0.0,0.0,0.0,0.0,0.0,0.0,0.023000000044703484,0.023000000044703484,0.02,0.15,0.0,0.0,0.0,0.0,0.0,0.0,0.0,0.0,0.0,0.0,0.0,0.0,0.005576527211815119,0.09863792359828949,0.002231350554211531,8.275071144104004,170,nan,-1.0,True,,False,0.010050058364868164,0.0,0.1258549690246582,20.0,20.0,1.0,0.0,0.0,0.0,0.0,0.0
174,8.368976593017578,-0.0,0.0,-0.0,8.368976593017578,0.6704511046409607,6.346281051635742,2.6182634830474854,-0.0,0.0,0.0,0.0,0.0,0.0,0.0,0.0,0.0,0.0,0.0,0.0,0.023000000044703484,0.023000000044703484,0.02,0.15000000000000002,0.0,0.0,0.0,0.0,0.0,0.0,0.0,0.0,0.0,0.0,0.0,0.0,0.005627661477774382,0.09863428771495819,0.0022508624006150058,8.275071144104004,170,nan,-1.0,True,,False,0.010050058364868164,0.0,0.1258549690246582,20.0,20.0,1.0,0.0,0.0,0.0,0.0,0.0
175,8.251851081848145,-0.0,0.0,-0.0,8.251851081848145,0.6766968965530396,6.345849990844727,2.61820650100708,-0.0,0.0,0.0,0.0,0.0,0.0,0.0,0.0,0.0,0.0,0.0,0.0,0.023000000044703484,0.023000000044703484,0.02,0.15,0.0,0.0,0.0,0.0,0.0,0.0,0.0,0.0,0.0,0.0,0.0,0.0,0.00567450700327754,0.09862957149744034,0.0022406013777072076,8.251851081848145,175,nan,-1.0,True,,False,0.010050058364868164,0.0,0.1258549690246582,20.0,20.0,1.0,0.0,0.0,0.0,0.0,0.0
176,8.203669548034668,-0.0,0.0,-0.0,8.203669548034668,0.6792717576026917,6.34548282623291,2.6181349754333496,-0.0,0.0,0.0,0.0,0.0,0.0,0.0,0.0,0.0,0.0,0.0,0.0,0.023000000044703484,0.023000000044703484,0.02,0.15,0.0,0.0,0.0,0.0,0.0,0.0,0.0,0.0,0.0,0.0,0.0,0.0,0.005724211223423481,0.09862396121025085,0.0007153367641876685,8.203669548034668,176,nan,-1.0,True,,False,0.010050058364868164,0.0,0.1258549690246582,20.0,20.0,1.0,0.0,0.0,0.0,0.0,0.0
177,8.171717643737793,-0.0,0.0,-0.0,8.171717643737793,0.6809432506561279,6.34479284286499,2.618037462234497,-0.0,0.0,0.0,0.0,0.0,0.0,0.0,0.0,0.0,0.0,0.0,0.0,0.023000000044703484,0.023000000044703484,0.019999999999999997,0.15,0.0,0.0,0.0,0.0,0.0,0.0,0.0,0.0,0.0,0.0,0.0,0.0,0.005791063420474529,0.09862116724252701,0.00181305285605049,8.171717643737793,177,nan,-1.0,True,,False,0.010050058364868164,0.0,0.1258549690246582,20.0,20.0,1.0,0.0,0.0,0.0,0.0,0.0
178,8.193055152893066,-0.0,0.0,-0.0,8.193055152893066,0.6797269582748413,6.343682765960693,2.617950677871704,-0.0,0.0,0.0,0.0,0.0,0.0,0.0,0.0,0.0,0.0,0.0,0.0,0.023000000044703484,0.023000000044703484,0.020000000000000004,0.15000000000000002,0.0,0.0,0.0,0.0,0.0,0.0,0.0,0.0,0.0,0.0,0.0,0.0,0.0058417534455657005,0.09861980378627777,0.0018061555401800433,8.171717643737793,177,nan,-1.0,True,,False,0.010050058364868164,0.0,0.1258549690246582,20.0,20.0,1.0,0.0,0.0,0.0,0.0,0.0
179,8.169645309448242,-0.0,0.0,-0.0,8.169645309448242,0.6809523105621338,6.341983318328857,2.6178598403930664,-0.0,0.0,0.0,0.0,0.0,0.0,0.0,0.0,0.0,0.0,0.0,0.0,0.023000000044703484,0.023000000044703484,0.02,0.15,0.0,0.0,0.0,0.0,0.0,0.0,0.0,0.0,0.0,0.0,0.0,0.0,0.005878850817680359,0.09862040728330612,0.0018034444574368536,8.169645309448242,179,nan,-1.0,True,,False,0.010050058364868164,0.0,0.1258549690246582,20.0,20.0,1.0,0.0,0.0,0.0,0.0,0.0
180,8.16930103302002,-0.0,0.0,-0.0,8.16930103302002,0.6809293627738953,6.340030670166016,2.6177732944488525,-0.0,0.0,0.0,0.0,0.0,0.0,0.0,0.0,0.0,0.0,0.0,0.0,0.023000000044703484,0.023000000044703484,0.02,0.15,0.0,0.0,0.0,0.0,0.0,0.0,0.0,0.0,0.0,0.0,0.0,0.0,0.005902466829866171,0.09862325340509415,0.0006103989403527521,8.16930103302002,180,nan,-1.0,True,,False,0.010050058364868164,0.0,0.1258549690246582,20.0,20.0,1.0,0.0,0.0,0.0,0.0,0.0
181,8.058965682983398,-0.0,0.0,-0.0,8.058965682983398,0.6868506669998169,6.337878227233887,2.6174914836883545,-0.0,0.0,0.0,0.0,0.0,0.0,0.0,0.0,0.0,0.0,0.0,0.0,0.023000000044703484,0.023000000044703484,0.019999999999999997,0.15,0.0,0.0,0.0,0.0,0.0,0.0,0.0,0.0,0.0,0.0,0.0,0.0,0.005858542863279581,0.09865627437829971,0.0017242014555449714,8.058965682983398,181,nan,-1.0,True,,False,0.010050058364868164,0.0,0.1258549690246582,20.0,20.0,1.0,0.0,0.0,0.0,0.0,0.0
182,8.059205055236816,-0.0,0.0,-0.0,8.059205055236816,0.6867737770080566,6.337347984313965,2.6174235343933105,-0.0,0.0,0.0,0.0,0.0,0.0,0.0,0.0,0.0,0.0,0.0,0.0,0.023000000044703484,0.023000000044703484,0.020000000000000004,0.15,0.0,0.0,0.0,0.0,0.0,0.0,0.0,0.0,0.0,0.0,0.0,0.0,0.005824114661663771,0.0986885279417038,0.0021341812166610907,8.058965682983398,181,nan,-1.0,True,,False,0.010050058364868164,0.0,0.1258549690246582,20.0,20.0,1.0,0.0,0.0,0.0,0.0,0.0
183,8.115493774414062,-0.0,0.0,-0.0,8.115493774414062,0.6836138367652893,6.336973190307617,2.617363452911377,-0.0,0.0,0.0,0.0,0.0,0.0,0.0,0.0,0.0,0.0,0.0,0.0,0.023000000044703484,0.023000000044703484,0.02,0.15,0.0,0.0,0.0,0.0,0.0,0.0,0.0,0.0,0.0,0.0,0.0,0.0,0.005800140090286732,0.09871487319469452,0.000863626677528373,8.058965682983398,181,nan,-1.0,True,,False,0.010050058364868164,0.0,0.1258549690246582,20.0,20.0,1.0,0.0,0.0,0.0,0.0,0.0
184,8.06397533416748,-0.0,0.0,-0.0,8.06397533416748,0.6864964365959167,6.336931228637695,2.6174819469451904,-0.0,0.0,0.0,0.0,0.0,0.0,0.0,0.0,0.0,0.0,0.0,0.0,0.023000000044703484,0.023000000044703484,0.02,0.15,0.0,0.0,0.0,0.0,0.0,0.0,0.0,0.0,0.0,0.0,0.0,0.0,0.005831997841596603,0.09871307015419006,0.0004660087506636046,8.058965682983398,181,nan,-1.0,True,,False,0.010050058364868164,0.0,0.1258549690246582,20.0,20.0,1.0,0.0,0.0,0.0,0.0,0.0
185,8.087459564208984,-0.0,0.0,-0.0,8.087459564208984,0.6852126121520996,6.3396148681640625,2.617601156234741,-0.0,0.0,0.0,0.0,0.0,0.0,0.0,0.0,0.0,0.0,0.0,0.0,0.023000000044703484,0.023000000044703484,0.019999999999999997,0.15,0.0,0.0,0.0,0.0,0.0,0.0,0.0,0.0,0.0,0.0,0.0,0.0,0.005870178807526827,0.09870892018079758,0.0014794104390603025,8.058965682983398,181,nan,-1.0,True,,False,0.010050058364868164,0.0,0.1258549690246582,20.0,20.0,1.0,0.0,0.0,0.0,0.0,0.0
186,8.039698600769043,-0.0,0.0,-0.0,8.039698600769043,0.6878933906555176,6.33969783782959,2.6176843643188477,-0.0,0.0,0.0,0.0,0.0,0.0,0.0,0.0,0.0,0.0,0.0,0.0,0.023000000044703484,0.023000000044703484,0.020000000000000004,0.15,0.0,0.0,0.0,0.0,0.0,0.0,0.0,0.0,0.0,0.0,0.0,0.0,0.005896733142435551,0.09870202094316483,0.0014813097909609496,8.039698600769043,186,nan,-1.0,True,,False,0.010050058364868164,0.0,0.1258549690246582,20.0,20.0,1.0,0.0,0.0,0.0,0.0,0.0
187,8.087122917175293,-0.0,0.0,-0.0,8.087122917175293,0.6853027939796448,6.337071895599365,2.6177287101745605,-0.0,0.0,0.0,0.0,0.0,0.0,0.0,0.0,0.0,0.0,0.0,0.0,0.023000000044703484,0.023000000044703484,0.02,0.15,0.0,0.0,0.0,0.0,0.0,0.0,0.0,0.0,0.0,0.0,0.0,0.0,0.005911679472774267,0.09869282692670822,0.0004723091283267422,8.039698600769043,186,nan,-1.0,True,,False,0.010050058364868164,0.0,0.1258549690246582,20.0,20.0,1.0,0.0,0.0,0.0,0.0,0.0
188,8.130690574645996,-0.0,0.0,-0.0,8.130690574645996,0.6829209327697754,6.337296962738037,2.6177756786346436,-0.0,0.0,0.0,0.0,0.0,0.0,0.0,0.0,0.0,0.0,0.0,0.0,0.023000000044703484,0.023000000044703484,0.02,0.15,0.0,0.0,0.0,0.0,0.0,0.0,0.0,0.0,0.0,0.0,0.0,0.0,0.005928327329456806,0.09868255257606506,0.0017727194176586636,8.039698600769043,186,nan,-1.0,True,,False,0.010050058364868164,0.0,0.1258549690246582,20.0,20.0,1.0,0.0,0.0,0.0,0.0,0.0
189,8.126919746398926,-0.0,0.0,-0.0,8.126919746398926,0.6831458210945129,6.336909770965576,2.617814302444458,-0.0,0.0,0.0,0.0,0.0,0.0,0.0,0.0,0.0,0.0,0.0,0.0,0.023000000044703484,0.023000000044703484,0.019999999999999997,0.15,0.0,0.0,0.0,0.0,0.0,0.0,0.0,0.0,0.0,0.0,0.0,0.0,0.005935852415859699,0.09867559373378754,0.001776580793375615,8.039698600769043,186,nan,-1.0,True,,False,0.010050058364868164,0.0,0.1258549690246582,20.0,20.0,1.0,0.0,0.0,0.0,0.0,0.0
190,8.22724437713623,-0.0,0.0,-0.0,8.22724437713623,0.6776726245880127,6.336061000823975,2.617805242538452,-0.0,0.0,0.0,0.0,0.0,0.0,0.0,0.0,0.0,0.0,0.0,0.0,0.023000000044703484,0.023000000044703484,0.020000000000000004,0.15,0.0,0.0,0.0,0.0,0.0,0.0,0.0,0.0,0.0,0.0,0.0,0.0,0.005933094769716263,0.09867116808891296,0.0020892911302325956,8.039698600769043,186,nan,-1.0,True,,False,0.010050058364868164,0.0,0.1258549690246582,20.0,20.0,1.0,0.0,0.0,0.0,0.0,0.0
191,8.284475326538086,-0.0,0.0,-0.0,8.284475326538086,0.6745918989181519,6.335350036621094,2.6177961826324463,-0.0,0.0,0.0,0.0,0.0,0.0,0.0,0.0,0.0,0.0,0.0,0.0,0.023000000044703484,0.023000000044703484,0.02,0.15,0.0,0.0,0.0,0.0,0.0,0.0,0.0,0.0,0.0,0.0,0.0,0.0,0.005939953960478306,0.09866498410701752,0.002080171410852927,8.039698600769043,186,nan,-1.0,True,,False,0.010050058364868164,0.0,0.1258549690246582,20.0,20.0,1.0,0.0,0.0,0.0,0.0,0.0
192,8.279335021972656,-0.0,0.0,-0.0,8.279335021972656,0.674870491027832,6.334546089172363,2.6177632808685303,-0.0,0.0,0.0,0.0,0.0,0.0,0.0,0.0,0.0,0.0,0.0,0.0,0.023000000044703484,0.023000000044703484,0.02,0.15,0.0,0.0,0.0,0.0,0.0,0.0,0.0,0.0,0.0,0.0,0.0,0.0,0.005955039523541927,0.09865714609622955,0.0016454154656457831,8.039698600769043,186,nan,-1.0,True,,False,0.010050058364868164,0.0,0.1258549690246582,20.0,20.0,1.0,0.0,0.0,0.0,0.0,0.0
193,8.234875679016113,-0.0,0.0,-0.0,8.234875679016113,0.6773449182510376,6.335594654083252,2.6179330348968506,-0.0,0.0,0.0,0.0,0.0,0.0,0.0,0.0,0.0,0.0,0.0,0.0,0.023000000044703484,0.023000000044703484,0.019999999999999997,0.15,0.0,0.0,0.0,0.0,0.0,0.0,0.0,0.0,0.0,0.0,0.0,0.0,0.005967369303107262,0.0986531674861908,0.001643637644519913,8.039698600769043,186,nan,-1.0,True,,False,0.010050058364868164,0.0,0.1258549690246582,20.0,20.0,1.0,0.0,0.0,0.0,0.0,0.0
194,8.198134422302246,-0.0,0.0,-0.0,8.198134422302246,0.6794739961624146,6.338118553161621,2.618262767791748,-0.0,0.0,0.0,0.0,0.0,0.0,0.0,0.0,0.0,0.0,0.0,0.0,0.023000000044703484,0.023000000044703484,0.020000000000000004,0.15,0.0,0.0,0.0,0.0,0.0,0.0,0.0,0.0,0.0,0.0,0.0,0.0,0.005976696964353323,0.0986521989107132,0.0017649248652560345,8.039698600769043,186,nan,-1.0,True,,False,0.010050058364868164,0.0,0.1258549690246582,20.0,20.0,1.0,0.0,0.0,0.0,0.0,0.0
195,8.20549201965332,-0.0,0.0,-0.0,8.20549201965332,0.6791872978210449,6.340071201324463,2.6185436248779297,-0.0,0.0,0.0,0.0,0.0,0.0,0.0,0.0,0.0,0.0,0.0,0.0,0.023000000044703484,0.023000000044703484,0.02,0.15,0.0,0.0,0.0,0.0,0.0,0.0,0.0,0.0,0.0,0.0,0.0,0.0,0.005976525600999594,0.09865405410528183,0.0020592529599525733,8.039698600769043,186,nan,-1.0,True,,False,0.010050058364868164,0.0,0.1258549690246582,20.0,20.0,1.0,0.0,0.0,0.0,0.0,0.0
196,8.249374389648438,-0.0,0.0,-0.0,8.249374389648438,0.6769227981567383,6.341814994812012,2.6187801361083984,-0.0,0.0,0.0,0.0,0.0,0.0,0.0,0.0,0.0,0.0,0.0,0.0,0.023000000044703484,0.023000000044703484,0.02,0.15,0.0,0.0,0.0,0.0,0.0,0.0,0.0,0.0,0.0,0.0,0.0,0.0,0.005992019083350897,0.09865307807922363,0.0014098956685302255,8.039698600769043,186,nan,-1.0,True,,False,0.010050058364868164,0.0,0.1258549690246582,20.0,20.0,1.0,0.0,0.0,0.0,0.0,0.0
197,8.204838752746582,-0.0,0.0,-0.0,8.204838752746582,0.6793020963668823,6.343302249908447,2.6188032627105713,-0.0,0.0,0.0,0.0,0.0,0.0,0.0,0.0,0.0,0.0,0.0,0.0,0.023000000044703484,0.023000000044703484,0.019999999999999997,0.15,0.0,0.0,0.0,0.0,0.0,0.0,0.0,0.0,0.0,0.0,0.0,0.0,0.00600704550743103,0.09866213798522949,0.0017623569210627466,8.039698600769043,186,nan,-1.0,True,,False,0.010050058364868164,0.0,0.1258549690246582,20.0,20.0,1.0,0.0,0.0,0.0,0.0,0.0
198,8.246116638183594,-0.0,0.0,-0.0,8.246116638183594,0.6770169138908386,6.344179153442383,2.6187987327575684,-0.0,0.0,0.0,0.0,0.0,0.0,0.0,0.0,0.0,0.0,0.0,0.0,0.023000000044703484,0.023000000044703484,0.020000000000000004,0.15,0.0,0.0,0.0,0.0,0.0,0.0,0.0,0.0,0.0,0.0,0.0,0.0,0.006008583586663008,0.09867265820503235,0.002043779008090496,8.039698600769043,186,nan,-1.0,True,,False,0.010050058364868164,0.0,0.1258549690246582,20.0,20.0,1.0,0.0,0.0,0.0,0.0,0.0
199,8.280309677124023,-0.0,0.0,-0.0,8.280309677124023,0.6751506328582764,6.345078468322754,2.618800640106201,-0.0,0.0,0.0,0.0,0.0,0.0,0.0,0.0,0.0,0.0,0.0,0.0,0.023000000044703484,0.023000000044703484,0.02,0.15,0.0,0.0,0.0,0.0,0.0,0.0,0.0,0.0,0.0,0.0,0.0,0.0,0.006018266547471285,0.09867939352989197,0.000629416224455781,8.039698600769043,186,nan,-1.0,True,,False,0.010050058364868164,0.0,0.1258549690246582,20.0,20.0,1.0,0.0,0.0,0.0,0.0,0.0
200,8.23361587524414,-0.0,0.0,-0.0,8.23361587524414,0.6776421070098877,6.348975658416748,2.618839740753174,-0.0,0.0,0.0,0.0,0.0,0.0,0.0,0.0,0.0,0.0,0.0,0.0,0.023000000044703484,0.023000000044703484,0.02,0.15,0.0,0.0,0.0,0.0,0.0,0.0,0.0,0.0,0.0,0.0,0.0,0.0,0.0060326112434268,0.09868433326482773,0.002031254333360266,8.039698600769043,186,nan,-1.0,True,,False,0.010050058364868164,0.0,0.1258549690246582,20.0,20.0,1.0,0.0,0.0,0.0,0.0,0.0
201,10.203680992126465,-0.0,0.0,-0.0,10.203680992126465,0.5839436650276184,6.3523359298706055,2.6184260845184326,-0.0,0.0,0.0,0.0,0.0,0.0,0.0,0.0,0.0,0.0,0.0,0.0,0.023000000044703484,0.023000000044703484,0.019999999999999997,0.15,0.0,0.0,0.0,0.0,0.0,0.0,0.0,0.0,0.0,0.0,0.0,0.0,0.006861398462206125,0.09938683360815048,0.001447969494620338,8.039698600769043,186,nan,-1.0,True,,False,0.010050058364868164,0.0,0.1258549690246582,20.0,20.0,1.0,0.0,0.0,0.0,0.0,0.0
202,13.24219036102295,-0.0,0.0,-0.0,13.24219036102295,0.47707194089889526,6.3558573722839355,2.618424415588379,-0.0,0.0,0.0,0.0,0.0,0.0,0.0,0.0,0.0,0.0,0.0,0.0,0.023000000044703484,0.023000000044703484,0.020000000000000004,0.14999999999999997,0.0,0.0,0.0,0.0,0.0,0.0,0.0,0.0,0.0,0.0,0.0,0.0,0.007881165482103825,0.09983586519956589,0.0014781350960220152,8.039698600769043,186,nan,-1.0,True,,False,0.010050058364868164,0.0,0.1258549690246582,20.0,20.0,1.0,0.0,0.0,0.0,0.0,0.0
203,16.815828323364258,-0.0,0.0,-0.0,16.815828323364258,0.38714534044265747,6.359312534332275,2.6185011863708496,-0.0,0.0,0.0,0.0,0.0,0.0,0.0,0.0,0.0,0.0,0.0,0.0,0.023000000044703484,0.023000000044703484,0.02,0.15,0.0,0.0,0.0,0.0,0.0,0.0,0.0,0.0,0.0,0.0,0.0,0.0,0.009053959511220455,0.09999961405992508,0.0015162169361246924,8.039698600769043,186,nan,-1.0,True,,False,0.010050058364868164,0.0,0.1258549690246582,20.0,20.0,1.0,0.0,0.0,0.0,0.0,0.0
204,20.4569149017334,-0.0,0.0,-0.0,20.4569149017334,0.31997936964035034,6.362828254699707,2.618227481842041,-0.0,0.0,0.0,0.0,0.0,0.0,0.0,0.0,0.0,0.0,0.0,0.0,0.023000000044703484,0.023000000044703484,0.02,0.15,0.0,0.0,0.0,0.0,0.0,0.0,0.0,0.0,0.0,0.0,0.0,0.0,0.010275527834892273,0.09999941289424896,0.001553472707655601,8.039698600769043,186,nan,-1.0,True,,False,0.010050058364868164,0.0,0.1258549690246582,20.0,20.0,1.0,0.0,0.0,0.0,0.0,0.0
205,24.33556365966797,-0.0,0.0,-0.0,24.33556365966797,0.26608598232269287,6.366065979003906,2.618257761001587,-0.0,0.0,0.0,0.0,0.0,0.0,0.0,0.0,0.0,0.0,0.0,0.0,0.023000000044703484,0.023000000044703484,0.02,0.15,0.0,0.0,0.0,0.0,0.0,0.0,0.0,0.0,0.0,0.0,0.0,0.0,0.011517858132719994,0.09999912232160568,0.0016438706661574543,8.039698600769043,186,nan,-1.0,True,,False,0.010050058364868164,0.0,0.1258549690246582,20.0,20.0,1.0,0.0,0.0,0.0,0.0,0.0
206,28.56056022644043,-0.0,0.0,-0.0,28.56056022644043,0.22133392095565796,6.368828773498535,2.61875581741333,-0.0,0.0,0.0,0.0,0.0,0.0,0.0,0.0,0.0,0.0,0.0,0.0,0.023000000044703484,0.023000000044703484,0.02,0.14999999999999997,0.0,0.0,0.0,0.0,0.0,0.0,0.0,0.0,0.0,0.0,0.0,0.0,0.012754440307617188,0.09999876469373703,0.0017130818337136589,8.039698600769043,186,nan,-1.0,True,,False,0.010050058364868164,0.0,0.1258549690246582,20.0,20.0,1.0,0.0,0.0,0.0,0.0,0.0
207,33.031837463378906,-0.0,0.0,-0.0,33.031837463378906,0.1849178671836853,6.3708672523498535,2.6198008060455322,-0.0,0.0,0.0,0.0,0.0,0.0,0.0,0.0,0.0,0.0,0.0,0.0,0.023000000044703484,0.023000000044703484,0.020000000000000004,0.15,0.0,0.0,0.0,0.0,0.0,0.0,0.0,0.0,0.0,0.0,0.0,0.0,0.01399991661310196,0.09999825060367584,0.0017495319702902634,8.039698600769043,186,nan,-1.0,True,,False,0.010050058364868164,0.0,0.1258549690246582,20.0,20.0,1.0,0.0,0.0,0.0,0.0,0.0
208,37.44288635253906,-0.0,0.0,-0.0,37.44288635253906,0.1568892002105713,6.37170934677124,2.6214847564697266,-0.0,0.0,0.0,0.0,0.0,0.0,0.0,0.0,0.0,0.0,0.0,0.0,0.023000000044703484,0.023000000044703484,0.02,0.14999999999999997,0.0,0.0,0.0,0.0,0.0,0.0,0.0,0.0,0.0,0.0,0.0,0.0,0.015264883637428284,0.09999765455722809,0.0017207332348334603,8.039698600769043,186,nan,-1.0,True,,False,0.010050058364868164,0.0,0.1258549690246582,20.0,20.0,1.0,0.0,0.0,0.0,0.0,0.0
209,108.11888122558594,-0.0,0.0,-0.0,108.11888122558594,0.023112324997782707,6.370656490325928,2.623861312866211,-0.0,0.0,0.0,0.0,0.0,0.0,0.0,0.0,0.0,0.0,0.0,0.0,0.023000000044703484,0.023000000044703484,0.02,0.15,0.0,0.0,0.0,0.0,0.0,0.0,0.0,0.0,0.0,0.0,0.0,0.0,0.016517050564289093,0.0999969094991684,0.0014217293778528983,8.039698600769043,186,nan,-1.0,True,,False,0.010050058364868164,0.0,0.1258549690246582,20.0,20.0,1.0,0.0,0.0,0.0,0.0,0.0
210,57.616512298583984,-0.0,0.0,-0.0,57.616512298583984,0.0813634842634201,6.3697357177734375,2.624077796936035,-0.0,0.0,0.0,0.0,0.0,0.0,0.0,0.0,0.0,0.0,0.0,0.0,0.023000000044703484,0.023000000044703484,0.02,0.15000000000000002,0.0,0.0,0.0,0.0,0.0,0.0,0.0,0.0,0.0,0.0,0.0,0.0,0.017746418714523315,0.09999603778123856,0.0014097143143771973,8.039698600769043,186,nan,-1.0,True,,False,0.010050058364868164,0.0,0.1258549690246582,20.0,20.0,1.0,0.0,0.0,0.0,0.0,0.0
211,51.27090072631836,-0.0,0.0,-0.0,51.27090072631836,0.09866192936897278,6.368844032287598,2.624291181564331,-0.0,0.0,0.0,0.0,0.0,0.0,0.0,0.0,0.0,0.0,0.0,0.0,0.023000000044703484,0.023000000044703484,0.020000000000000004,0.14999999999999997,0.0,0.0,0.0,0.0,0.0,0.0,0.0,0.0,0.0,0.0,0.0,0.0,0.01900874637067318,0.09999493509531021,0.0016416225353168556,8.039698600769043,186,nan,-1.0,True,,False,0.010050058364868164,0.0,0.1258549690246582,20.0,20.0,1.0,0.0,0.0,0.0,0.0,0.0
212,54.97364807128906,-0.0,0.0,-0.0,54.97364807128906,0.08811940252780914,6.365960121154785,2.625000238418579,-0.0,0.0,0.0,0.0,0.0,0.0,0.0,0.0,0.0,0.0,0.0,0.0,0.023000000044703484,0.023000000044703484,0.02,0.15,0.0,0.0,0.0,0.0,0.0,0.0,0.0,0.0,0.0,0.0,0.0,0.0,0.020272469148039818,0.09999356418848038,0.0016194939648812579,8.039698600769043,186,nan,-1.0,True,,False,0.010050058364868164,0.0,0.1258549690246582,20.0,20.0,1.0,0.0,0.0,0.0,0.0,0.0
213,56.45220947265625,-0.0,0.0,-0.0,56.45220947265625,0.08439397811889648,6.360515594482422,2.6257781982421875,-0.0,0.0,0.0,0.0,0.0,0.0,0.0,0.0,0.0,0.0,0.0,0.0,0.023000000044703484,0.023000000044703484,0.02,0.15,0.0,0.0,0.0,0.0,0.0,0.0,0.0,0.0,0.0,0.0,0.0,0.0,0.021470369771122932,0.0999436154961586,0.0014025536884219036,8.039698600769043,186,nan,-1.0,True,,False,0.010050058364868164,0.0,0.1258549690246582,20.0,20.0,1.0,0.0,0.0,0.0,0.0,0.0
214,177.27285766601562,-0.0,0.0,-0.0,177.27285766601562,0.006288125179708004,6.354486465454102,2.627096652984619,-0.0,0.0,0.0,0.0,0.0,0.0,0.0,0.0,0.0,0.0,0.0,0.0,0.023000000044703484,0.023000000044703484,0.02,0.14999999999999997,0.0,0.0,0.0,0.0,0.0,0.0,0.0,0.0,0.0,0.0,0.0,0.0,0.022662457078695297,0.09991329908370972,0.0014299339236458763,8.039698600769043,186,nan,-1.0,True,,False,0.010050058364868164,0.0,0.1258549690246582,20.0,20.0,1.0,0.0,0.0,0.0,0.0,0.0
215,65.79945373535156,-0.0,0.0,-0.0,65.79945373535156,0.0646687000989914,6.348099708557129,2.627368211746216,-0.0,0.0,0.0,0.0,0.0,0.0,0.0,0.0,0.0,0.0,0.0,0.0,0.023000000044703484,0.023000000044703484,0.020000000000000004,0.15,0.0,0.0,0.0,0.0,0.0,0.0,0.0,0.0,0.0,0.0,0.0,0.0,0.023845504969358444,0.09989926964044571,0.0009166110212390777,8.039698600769043,186,nan,-1.0,True,,False,0.010050058364868164,0.0,0.1258549690246582,20.0,20.0,1.0,0.0,0.0,0.0,0.0,0.0
216,138.83746337890625,-0.0,0.0,-0.0,138.83746337890625,0.012477869167923927,6.492100715637207,2.627821445465088,-0.0,0.0,0.0,0.0,0.0,0.0,0.0,0.0,0.0,0.0,0.0,0.0,0.023000000044703484,0.023000000044703484,0.02,0.15,0.0,0.0,0.0,0.0,0.0,0.0,0.0,0.0,0.0,0.0,0.0,0.0,0.025015264749526978,0.09989405423402786,0.0009510340482847823,8.039698600769043,186,nan,-1.0,True,,False,0.010050058364868164,0.0,0.1258549690246582,20.0,20.0,1.0,0.0,0.0,0.0,0.0,0.0
217,55.23548889160156,-0.0,0.0,-0.0,55.23548889160156,0.08764861524105072,6.665616989135742,2.6280250549316406,-0.0,0.0,0.0,0.0,0.0,0.0,0.0,0.0,0.0,0.0,0.0,0.0,0.023000000044703484,0.023000000044703484,0.02,0.15,0.0,0.0,0.0,0.0,0.0,0.0,0.0,0.0,0.0,0.0,0.0,0.0,0.02617483213543892,0.099889375269413,0.0009830806152422156,8.039698600769043,186,nan,-1.0,True,,False,0.010050058364868164,0.0,0.1258549690246582,20.0,20.0,1.0,0.0,0.0,0.0,0.0,0.0
218,52.5673713684082,-0.0,0.0,-0.0,52.5673713684082,0.09522607922554016,6.873188495635986,2.6291205883026123,-0.0,0.0,0.0,0.0,0.0,0.0,0.0,0.0,0.0,0.0,0.0,0.0,0.023000000044703484,0.023000000044703484,0.02,0.15,0.0,0.0,0.0,0.0,0.0,0.0,0.0,0.0,0.0,0.0,0.0,0.0,0.027329806238412857,0.09988555312156677,0.0007954482266541163,8.039698600769043,186,nan,-1.0,True,,False,0.010050058364868164,0.0,0.1258549690246582,20.0,20.0,1.0,0.0,0.0,0.0,0.0,0.0
219,81.4296875,-0.0,0.0,-0.0,81.4296875,0.04302400350570679,7.042076110839844,2.630167007446289,-0.0,0.0,0.0,0.0,0.0,0.0,0.0,0.0,0.0,0.0,0.0,0.0,0.023000000044703484,0.023000000044703484,0.02,0.15,0.0,0.0,0.0,0.0,0.0,0.0,0.0,0.0,0.0,0.0,0.0,0.0,0.028464192524552345,0.09988559037446976,0.0008031890811253106,8.039698600769043,186,nan,-1.0,True,,False,0.010050058364868164,0.0,0.1258549690246582,20.0,20.0,1.0,0.0,0.0,0.0,0.0,0.0
220,92.24873352050781,-0.0,0.0,-0.0,92.24873352050781,0.03322743624448776,7.150786399841309,2.6307923793792725,-0.0,0.0,0.0,0.0,0.0,0.0,0.0,0.0,0.0,0.0,0.0,0.0,0.023000000044703484,0.023000000044703484,0.02,0.15,0.0,0.0,0.0,0.0,0.0,0.0,0.0,0.0,0.0,0.0,0.0,0.0,0.029576821252703667,0.09988885372877121,0.0007735474223409256,8.039698600769043,186,nan,-1.0,True,,False,0.010050058364868164,0.0,0.1258549690246582,20.0,20.0,1.0,0.0,0.0,0.0,0.0,0.0
221,408.7490539550781,-0.0,0.0,-0.0,408.7490539550781,0.00028800551081076264,7.183177471160889,2.630690336227417,-0.0,0.0,0.0,0.0,0.0,0.0,0.0,0.0,0.0,0.0,0.0,0.0,0.023000000044703484,0.023000000044703484,0.02,0.15,0.0,0.0,0.0,0.0,0.0,0.0,0.0,0.0,0.0,0.0,0.0,0.0,0.030759502202272415,0.09989500045776367,0.000737275508527091,8.039698600769043,186,nan,-1.0,True,,False,0.010050058364868164,0.0,0.1258549690246582,20.0,20.0,1.0,0.0,0.0,0.0,0.0,0.0
222,78.27802276611328,-0.0,0.0,-0.0,78.27802276611328,0.04659523069858551,7.1909027099609375,2.63053297996521,-0.0,0.0,0.0,0.0,0.0,0.0,0.0,0.0,0.0,0.0,0.0,0.0,0.023000000044703484,0.023000000044703484,0.02,0.15,0.0,0.0,0.0,0.0,0.0,0.0,0.0,0.0,0.0,0.0,0.0,0.0,0.03204081952571869,0.09990278631448746,0.0007249424288602313,8.039698600769043,186,nan,-1.0,True,,False,0.010050058364868164,0.0,0.1258549690246582,20.0,20.0,1.0,0.0,0.0,0.0,0.0,0.0
223,150.80108642578125,-0.0,0.0,-0.0,150.80108642578125,0.010007482022047043,7.209803581237793,2.6308956146240234,-0.0,0.0,0.0,0.0,0.0,0.0,0.0,0.0,0.0,0.0,0.0,0.0,0.023000000044703484,0.023000000044703484,0.02,0.15,0.0,0.0,0.0,0.0,0.0,0.0,0.0,0.0,0.0,0.0,0.0,0.0,0.033344365656375885,0.09991183131933212,0.0009217970491590677,8.039698600769043,186,nan,-1.0,True,,False,0.010050058364868164,0.0,0.1258549690246582,20.0,20.0,1.0,0.0,0.0,0.0,0.0,0.0
224,69.24089050292969,-0.0,0.0,-0.0,69.24089050292969,0.058875128626823425,7.230737209320068,2.630931854248047,-0.0,0.0,0.0,0.0,0.0,0.0,0.0,0.0,0.0,0.0,0.0,0.0,0.023000000044703484,0.023000000044703484,0.02,0.15,0.0,0.0,0.0,0.0,0.0,0.0,0.0,0.0,0.0,0.0,0.0,0.0,0.034642260521650314,0.09992846846580505,0.0009577104997333663,8.039698600769043,186,nan,-1.0,True,,False,0.010050058364868164,0.0,0.1258549690246582,20.0,20.0,1.0,0.0,0.0,0.0,0.0,0.0
225,42.16732406616211,-0.0,0.0,-0.0,42.16732406616211,0.13368743658065796,7.2527852058410645,2.6311519145965576,-0.0,0.0,0.0,0.0,0.0,0.0,0.0,0.0,0.0,0.0,0.0,0.0,0.023000000044703484,0.023000000044703484,0.020000000000000004,0.15,0.0,0.0,0.0,0.0,0.0,0.0,0.0,0.0,0.0,0.0,0.0,0.0,0.03594539314508438,0.0999443382024765,0.0007485646892746445,8.039698600769043,186,nan,-1.0,True,,False,0.010050058364868164,0.0,0.1258549690246582,20.0,20.0,1.0,0.0,0.0,0.0,0.0,0.0
226,35.50377655029297,-0.0,0.0,-0.0,35.50377655029297,0.1698651909828186,7.262873649597168,2.6316282749176025,-0.0,0.0,0.0,0.0,0.0,0.0,0.0,0.0,0.0,0.0,0.0,0.0,0.023000000044703484,0.023000000044703484,0.02,0.15,0.0,0.0,0.0,0.0,0.0,0.0,0.0,0.0,0.0,0.0,0.0,0.0,0.037247151136398315,0.09995868802070618,0.0007219118174361938,8.039698600769043,186,nan,-1.0,True,,False,0.010050058364868164,0.0,0.1258549690246582,20.0,20.0,1.0,0.0,0.0,0.0,0.0,0.0
227,33.63385772705078,-0.0,0.0,-0.0,33.63385772705078,0.1822781264781952,7.261720180511475,2.6323657035827637,-0.0,0.0,0.0,0.0,0.0,0.0,0.0,0.0,0.0,0.0,0.0,0.0,0.023000000044703484,0.023000000044703484,0.020000000000000004,0.14999999999999997,0.0,0.0,0.0,0.0,0.0,0.0,0.0,0.0,0.0,0.0,0.0,0.0,0.038546957075595856,0.09997175633907318,0.0011121619368168467,8.039698600769043,186,nan,-1.0,True,,False,0.010050058364868164,0.0,0.1258549690246582,20.0,20.0,1.0,0.0,0.0,0.0,0.0,0.0
228,34.19425964355469,-0.0,0.0,-0.0,34.19425964355469,0.17826984822750092,7.26158332824707,2.633394241333008,-0.0,0.0,0.0,0.0,0.0,0.0,0.0,0.0,0.0,0.0,0.0,0.0,0.023000000044703484,0.023000000044703484,0.02,0.15,0.0,0.0,0.0,0.0,0.0,0.0,0.0,0.0,0.0,0.0,0.0,0.0,0.03983581066131592,0.09997532516717911,0.0011528404502314515,8.039698600769043,186,nan,-1.0,True,,False,0.010050058364868164,0.0,0.1258549690246582,20.0,20.0,1.0,0.0,0.0,0.0,0.0,0.0
229,30.616640090942383,-0.0,0.0,-0.0,30.616640090942383,0.20541471242904663,7.2660956382751465,2.6347737312316895,-0.0,0.0,0.0,0.0,0.0,0.0,0.0,0.0,0.0,0.0,0.0,0.0,0.023000000044703484,0.023000000044703484,0.02,0.15,0.0,0.0,0.0,0.0,0.0,0.0,0.0,0.0,0.0,0.0,0.0,0.0,0.041108448058366776,0.0999748483300209,0.001193724014228792,8.039698600769043,186,nan,-1.0,True,,False,0.010050058364868164,0.0,0.1258549690246582,20.0,20.0,1.0,0.0,0.0,0.0,0.0,0.0
230,34.64701843261719,-0.0,0.0,-0.0,34.64701843261719,0.1752769947052002,7.274291038513184,2.6365628242492676,-0.0,0.0,0.0,0.0,0.0,0.0,0.0,0.0,0.0,0.0,0.0,0.0,0.023000000044703484,0.023000000044703484,0.02,0.15,0.0,0.0,0.0,0.0,0.0,0.0,0.0,0.0,0.0,0.0,0.0,0.0,0.04236002638936043,0.09997473657131195,0.0014060094499654952,8.039698600769043,186,nan,-1.0,True,,False,0.010050058364868164,0.0,0.1258549690246582,20.0,20.0,1.0,0.0,0.0,0.0,0.0,0.0
231,48.58964538574219,-0.0,0.0,-0.0,48.58964538574219,0.10774216055870056,7.2840070724487305,2.638845682144165,-0.0,0.0,0.0,0.0,0.0,0.0,0.0,0.0,0.0,0.0,0.0,0.0,0.023000000044703484,0.023000000044703484,0.02,0.15,0.0,0.0,0.0,0.0,0.0,0.0,0.0,0.0,0.0,0.0,0.0,0.0,0.04360136389732361,0.09997483342885971,0.0014365296428877627,8.039698600769043,186,nan,-1.0,True,,False,0.010050058364868164,0.0,0.1258549690246582,20.0,20.0,1.0,0.0,0.0,0.0,0.0,0.0
232,76.82136535644531,-0.0,0.0,-0.0,76.82136535644531,0.04826808720827103,7.296248912811279,2.6417396068573,-0.0,0.0,0.0,0.0,0.0,0.0,0.0,0.0,0.0,0.0,0.0,0.0,0.023000000044703484,0.023000000044703484,0.02,0.15,0.0,0.0,0.0,0.0,0.0,0.0,0.0,0.0,0.0,0.0,0.0,0.0,0.04482855647802353,0.09997529536485672,0.0014604593725380255,8.039698600769043,186,nan,-1.0,True,,False,0.010050058364868164,0.0,0.1258549690246582,20.0,20.0,1.0,0.0,0.0,0.0,0.0,0.0
233,185.32737731933594,-0.0,0.0,-0.0,185.32737731933594,0.005526276305317879,7.310999870300293,2.645294427871704,-0.0,0.0,0.0,0.0,0.0,0.0,0.0,0.0,0.0,0.0,0.0,0.0,0.023000000044703484,0.023000000044703484,0.02,0.15,0.0,0.0,0.0,0.0,0.0,0.0,0.0,0.0,0.0,0.0,0.0,0.0,0.046037446707487106,0.0999760702252388,0.00148819017704227,8.039698600769043,186,nan,-1.0,True,,False,0.010050058364868164,0.0,0.1258549690246582,20.0,20.0,1.0,0.0,0.0,0.0,0.0,0.0
234,63.4974479675293,-0.0,0.0,-0.0,63.4974479675293,0.06923000514507294,7.326260566711426,2.6491708755493164,-0.0,0.0,0.0,0.0,0.0,0.0,0.0,0.0,0.0,0.0,0.0,0.0,0.023000000044703484,0.023000000044703484,0.02,0.15,0.0,0.0,0.0,0.0,0.0,0.0,0.0,0.0,0.0,0.0,0.0,0.0,0.0472501665353775,0.09997668117284775,0.0015276639942385373,8.039698600769043,186,nan,-1.0,True,,False,0.010050058364868164,0.0,0.1258549690246582,20.0,20.0,1.0,0.0,0.0,0.0,0.0,0.0
235,54.53483581542969,-0.0,0.0,-0.0,54.53483581542969,0.09031341969966888,7.341905117034912,2.654625415802002,-0.0,0.0,0.0,0.0,0.0,0.0,0.0,0.0,0.0,0.0,0.0,0.0,0.023000000044703484,0.023000000044703484,0.02,0.15,0.0,0.0,0.0,0.0,0.0,0.0,0.0,0.0,0.0,0.0,0.0,0.0,0.048472702503204346,0.0999770238995552,0.0010077378751702781,8.039698600769043,186,nan,-1.0,True,,False,0.010050058364868164,0.0,0.1258549690246582,20.0,20.0,1.0,0.0,0.0,0.0,0.0,0.0
236,66.24813842773438,-0.0,0.0,-0.0,66.24813842773438,0.0646570473909378,7.357844829559326,2.6617038249969482,-0.0,0.0,0.0,0.0,0.0,0.0,0.0,0.0,0.0,0.0,0.0,0.0,0.023000000044703484,0.023000000044703484,0.02,0.15,0.0,0.0,0.0,0.0,0.0,0.0,0.0,0.0,0.0,0.0,0.0,0.0,0.04970288649201393,0.09997712075710297,0.0009687526217021514,8.039698600769043,186,nan,-1.0,True,,False,0.010050058364868164,0.0,0.1258549690246582,20.0,20.0,1.0,0.0,0.0,0.0,0.0,0.0
237,35.0827751159668,-0.0,0.0,-0.0,35.0827751159668,0.1750163435935974,7.374889850616455,2.663743734359741,-0.0,0.0,0.0,0.0,0.0,0.0,0.0,0.0,0.0,0.0,0.0,0.0,0.023000000044703484,0.023000000044703484,0.02,0.15,0.0,0.0,0.0,0.0,0.0,0.0,0.0,0.0,0.0,0.0,0.0,0.0,0.05092639848589897,0.09997741132974625,0.0013094715986881056,8.039698600769043,186,nan,-1.0,True,,False,0.010050058364868164,0.0,0.1258549690246582,20.0,20.0,1.0,0.0,0.0,0.0,0.0,0.0
238,24.852073669433594,-0.0,0.0,-0.0,24.852073669433594,0.26640594005584717,7.394611358642578,2.66322922706604,-0.0,0.0,0.0,0.0,0.0,0.0,0.0,0.0,0.0,0.0,0.0,0.0,0.023000000044703484,0.023000000044703484,0.02,0.15,0.0,0.0,0.0,0.0,0.0,0.0,0.0,0.0,0.0,0.0,0.0,0.0,0.05214940384030342,0.09997796267271042,0.0010517371083551552,8.039698600769043,186,nan,-1.0,True,,False,0.010050058364868164,0.0,0.1258549690246582,20.0,20.0,1.0,0.0,0.0,0.0,0.0,0.0
239,30.897823333740234,-0.0,0.0,-0.0,30.897823333740234,0.2054319977760315,7.415457725524902,2.6631760597229004,-0.0,0.0,0.0,0.0,0.0,0.0,0.0,0.0,0.0,0.0,0.0,0.0,0.023000000044703484,0.023000000044703484,0.02,0.15,0.0,0.0,0.0,0.0,0.0,0.0,0.0,0.0,0.0,0.0,0.0,0.0,0.05335737392306328,0.0999787449836731,0.0010663983607628325,8.039698600769043,186,nan,-1.0,True,,False,0.010050058364868164,0.0,0.1258549690246582,20.0,20.0,1.0,0.0,0.0,0.0,0.0,0.0
240,39.68690490722656,-0.0,0.0,-0.0,39.68690490722656,0.14716653525829315,7.436761856079102,2.66328501701355,-0.0,0.0,0.0,0.0,0.0,0.0,0.0,0.0,0.0,0.0,0.0,0.0,0.023000000044703484,0.023000000044703484,0.02,0.15,0.0,0.0,0.0,0.0,0.0,0.0,0.0,0.0,0.0,0.0,0.0,0.0,0.05459520220756531,0.0999796912074089,0.001090328354621306,8.039698600769043,186,nan,-1.0,True,,False,0.010050058364868164,0.0,0.1258549690246582,20.0,20.0,1.0,0.0,0.0,0.0,0.0,0.0
241,53.84300231933594,-0.0,0.0,-0.0,53.84300231933594,0.09239184856414795,7.45835018157959,2.66377329826355,-0.0,0.0,0.0,0.0,0.0,0.0,0.0,0.0,0.0,0.0,0.0,0.0,0.023000000044703484,0.023000000044703484,0.02,0.15,0.0,0.0,0.0,0.0,0.0,0.0,0.0,0.0,0.0,0.0,0.0,0.0,0.055808644741773605,0.09998060017824173,0.0011193580630788347,8.039698600769043,186,nan,-1.0,True,,False,0.010050058364868164,0.0,0.1258549690246582,20.0,20.0,1.0,0.0,0.0,0.0,0.0,0.0
242,83.40023803710938,-0.0,0.0,-0.0,83.40023803710938,0.0413726344704628,7.481097221374512,2.6646413803100586,-0.0,0.0,0.0,0.0,0.0,0.0,0.0,0.0,0.0,0.0,0.0,0.0,0.023000000044703484,0.023000000044703484,0.02,0.15,0.0,0.0,0.0,0.0,0.0,0.0,0.0,0.0,0.0,0.0,0.0,0.0,0.05699827894568443,0.09998162090778351,0.0011489178511965292,8.039698600769043,186,nan,-1.0,True,,False,0.010050058364868164,0.0,0.1258549690246582,20.0,20.0,1.0,0.0,0.0,0.0,0.0,0.0
243,165.2333221435547,-0.0,0.0,-0.0,165.2333221435547,0.00783187709748745,7.504875183105469,2.665740728378296,-0.0,0.0,0.0,0.0,0.0,0.0,0.0,0.0,0.0,0.0,0.0,0.0,0.023000000044703484,0.023000000044703484,0.02,0.15,0.0,0.0,0.0,0.0,0.0,0.0,0.0,0.0,0.0,0.0,0.0,0.0,0.0581648014485836,0.09998265653848648,0.0011695058290115412,8.039698600769043,186,nan,-1.0,True,,False,0.010050058364868164,0.0,0.1258549690246582,20.0,20.0,1.0,0.0,0.0,0.0,0.0,0.0
244,67.09911346435547,-0.0,0.0,-0.0,67.09911346435547,0.06325259804725647,7.52896785736084,2.6666102409362793,-0.0,0.0,0.0,0.0,0.0,0.0,0.0,0.0,0.0,0.0,0.0,0.0,0.023000000044703484,0.023000000044703484,0.02,0.15,0.0,0.0,0.0,0.0,0.0,0.0,0.0,0.0,0.0,0.0,0.0,0.0,0.0593436062335968,0.09998344630002975,0.0011797808863320824,8.039698600769043,186,nan,-1.0,True,,False,0.010050058364868164,0.0,0.1258549690246582,20.0,20.0,1.0,0.0,0.0,0.0,0.0,0.0
245,87.90287017822266,-0.0,0.0,-0.0,87.90287017822266,0.03719888627529144,7.553630828857422,2.6680092811584473,-0.0,0.0,0.0,0.0,0.0,0.0,0.0,0.0,0.0,0.0,0.0,0.0,0.023000000044703484,0.023000000044703484,0.02,0.15,0.0,0.0,0.0,0.0,0.0,0.0,0.0,0.0,0.0,0.0,0.0,0.0,0.060463692992925644,0.09991750866174698,0.0006872840608593833,8.039698600769043,186,nan,-1.0,True,,False,0.010050058364868164,0.0,0.1258549690246582,20.0,20.0,1.0,0.0,0.0,0.0,0.0,0.0
246,117.29818725585938,-0.0,0.0,-0.0,117.29818725585938,0.01940799690783024,7.578983306884766,2.669947385787964,-0.0,0.0,0.0,0.0,0.0,0.0,0.0,0.0,0.0,0.0,0.0,0.0,0.023000000044703484,0.023000000044703484,0.02,0.15,0.0,0.0,0.0,0.0,0.0,0.0,0.0,0.0,0.0,0.0,0.0,0.0,0.06158411502838135,0.09979216009378433,0.0006115416445027222,8.039698600769043,186,nan,-1.0,True,,False,0.010050058364868164,0.0,0.1258549690246582,20.0,20.0,1.0,0.0,0.0,0.0,0.0,0.0
247,116.4951171875,-0.0,0.0,-0.0,116.4951171875,0.01976860873401165,7.604272842407227,2.672262191772461,-0.0,0.0,0.0,0.0,0.0,0.0,0.0,0.0,0.0,0.0,0.0,0.0,0.023000000044703484,0.023000000044703484,0.02,0.15,0.0,0.0,0.0,0.0,0.0,0.0,0.0,0.0,0.0,0.0,0.0,0.0,0.06272560358047485,0.09968866407871246,0.0004393763565531117,8.039698600769043,186,nan,-1.0,True,,False,0.010050058364868164,0.0,0.1258549690246582,20.0,20.0,1.0,0.0,0.0,0.0,0.0,0.0
248,155.21417236328125,-0.0,0.0,-0.0,155.21417236328125,0.009418281726539135,7.629204750061035,2.6749110221862793,-0.0,0.0,0.0,0.0,0.0,0.0,0.0,0.0,0.0,0.0,0.0,0.0,0.023000000044703484,0.023000000044703484,0.02,0.15,0.0,0.0,0.0,0.0,0.0,0.0,0.0,0.0,0.0,0.0,0.0,0.0,0.0638124942779541,0.09960330277681351,0.0009697543168840639,8.039698600769043,186,nan,-1.0,True,,False,0.010050058364868164,0.0,0.1258549690246582,20.0,20.0,1.0,0.0,0.0,0.0,0.0,0.0
249,69.89585876464844,-0.0,0.0,-0.0,69.89585876464844,0.058955177664756775,7.655384063720703,2.6765758991241455,-0.0,0.0,0.0,0.0,0.0,0.0,0.0,0.0,0.0,0.0,0.0,0.0,0.023000000044703484,0.023000000044703484,0.02,0.14999999999999997,0.0,0.0,0.0,0.0,0.0,0.0,0.0,0.0,0.0,0.0,0.0,0.0,0.06487361341714859,0.09953135251998901,0.00041807579691521823,8.039698600769043,186,nan,-1.0,True,,False,0.010050058364868164,0.0,0.1258549690246582,20.0,20.0,1.0,0.0,0.0,0.0,0.0,0.0
250,51.16557693481445,-0.0,0.0,-0.0,51.16557693481445,0.10133358836174011,7.680332183837891,2.6785202026367188,-0.0,0.0,0.0,0.0,0.0,0.0,0.0,0.0,0.0,0.0,0.0,0.0,0.023000000044703484,0.023000000044703484,0.02,0.15,0.0,0.0,0.0,0.0,0.0,0.0,0.0,0.0,0.0,0.0,0.0,0.0,0.06602708250284195,0.09947197139263153,0.0005925896716689749,8.039698600769043,186,nan,-1.0,True,,False,0.010050058364868164,0.0,0.1258549690246582,20.0,20.0,1.0,0.0,0.0,0.0,0.0,0.0
251,50.67626953125,-0.0,0.0,-0.0,50.67626953125,0.10294075310230255,7.706330299377441,2.6808340549468994,-0.0,0.0,0.0,0.0,0.0,0.0,0.0,0.0,0.0,0.0,0.0,0.0,0.023000000044703484,0.023000000044703484,0.02,0.15,0.0,0.0,0.0,0.0,0.0,0.0,0.0,0.0,0.0,0.0,0.0,0.0,0.06719183176755905,0.0994228720664978,0.0013010795810259879,8.039698600769043,186,nan,-1.0,True,,False,0.010050058364868164,0.0,0.1258549690246582,20.0,20.0,1.0,0.0,0.0,0.0,0.0,0.0
252,98.44123840332031,-0.0,0.0,-0.0,98.44123840332031,0.029299095273017883,7.734670639038086,2.683424949645996,-0.0,0.0,0.0,0.0,0.0,0.0,0.0,0.0,0.0,0.0,0.0,0.0,0.023000000044703484,0.023000000044703484,0.02,0.15,0.0,0.0,0.0,0.0,0.0,0.0,0.0,0.0,0.0,0.0,0.0,0.0,0.06841589510440826,0.09938701242208481,0.0012663193106163817,8.039698600769043,186,nan,-1.0,True,,False,0.010050058364868164,0.0,0.1258549690246582,20.0,20.0,1.0,0.0,0.0,0.0,0.0,0.0
253,93.1286392211914,-0.0,0.0,-0.0,93.1286392211914,0.033110566437244415,7.766674041748047,2.68572998046875,-0.0,0.0,0.0,0.0,0.0,0.0,0.0,0.0,0.0,0.0,0.0,0.0,0.023000000044703484,0.023000000044703484,0.02,0.15,0.0,0.0,0.0,0.0,0.0,0.0,0.0,0.0,0.0,0.0,0.0,0.0,0.06966950744390488,0.09936206787824631,0.001185742478355678,8.039698600769043,186,nan,-1.0,True,,False,0.010050058364868164,0.0,0.1258549690246582,20.0,20.0,1.0,0.0,0.0,0.0,0.0,0.0
254,48.533870697021484,-0.0,0.0,-0.0,48.533870697021484,0.11047250032424927,7.802772521972656,2.6878089904785156,-0.0,0.0,0.0,0.0,0.0,0.0,0.0,0.0,0.0,0.0,0.0,0.0,0.023000000044703484,0.023000000044703484,0.02,0.15000000000000002,0.0,0.0,0.0,0.0,0.0,0.0,0.0,0.0,0.0,0.0,0.0,0.0,0.07105764746665955,0.0993376076221466,0.001139192321261362,8.039698600769043,186,nan,-1.0,True,,False,0.010050058364868164,0.0,0.1258549690246582,20.0,20.0,1.0,0.0,0.0,0.0,0.0,0.0
255,84.30399322509766,-0.0,0.0,-0.0,84.30399322509766,0.040915459394454956,7.906907558441162,2.6901965141296387,-0.0,0.0,0.0,0.0,0.0,0.0,0.0,0.0,0.0,0.0,0.0,0.0,0.023000000044703484,0.023000000044703484,0.02,0.15,0.0,0.0,0.0,0.0,0.0,0.0,0.0,0.0,0.0,0.0,0.0,0.0,0.07244489341974258,0.09931357949972153,0.0005563338349929836,8.039698600769043,186,nan,-1.0,True,,False,0.010050058364868164,0.0,0.1258549690246582,20.0,20.0,1.0,0.0,0.0,0.0,0.0,0.0
256,63.149742126464844,-0.0,0.0,-0.0,63.149742126464844,0.07115383446216583,8.055554389953613,2.691593647003174,-0.0,0.0,0.0,0.0,0.0,0.0,0.0,0.0,0.0,0.0,0.0,0.0,0.023000000044703484,0.023000000044703484,0.02,0.15,0.0,0.0,0.0,0.0,0.0,0.0,0.0,0.0,0.0,0.0,0.0,0.0,0.0738169252872467,0.09929199516773224,0.00049738417737899,8.039698600769043,186,nan,-1.0,True,,False,0.010050058364868164,0.0,0.1258549690246582,20.0,20.0,1.0,0.0,0.0,0.0,0.0,0.0
257,33.436790466308594,-0.0,0.0,-0.0,33.436790466308594,0.18811261653900146,8.19705867767334,2.692922353744507,-0.0,0.0,0.0,0.0,0.0,0.0,0.0,0.0,0.0,0.0,0.0,0.0,0.023000000044703484,0.023000000044703484,0.02,0.15,0.0,0.0,0.0,0.0,0.0,0.0,0.0,0.0,0.0,0.0,0.0,0.0,0.07525218278169632,0.09920269250869751,0.0004897135554529086,8.039698600769043,186,nan,-1.0,True,,False,0.010050058364868164,0.0,0.1258549690246582,20.0,20.0,1.0,0.0,0.0,0.0,0.0,0.0
258,22.19448471069336,-0.0,0.0,-0.0,22.19448471069336,0.305294394493103,8.335548400878906,2.694983720779419,-0.0,0.0,0.0,0.0,0.0,0.0,0.0,0.0,0.0,0.0,0.0,0.0,0.023000000044703484,0.023000000044703484,0.02,0.15,0.0,0.0,0.0,0.0,0.0,0.0,0.0,0.0,0.0,0.0,0.0,0.0,0.07671139389276505,0.09902239590883255,0.00046064736943662865,8.039698600769043,186,nan,-1.0,True,,False,0.010050058364868164,0.0,0.1258549690246582,20.0,20.0,1.0,0.0,0.0,0.0,0.0,0.0
259,17.888072967529297,-0.0,0.0,-0.0,17.888072967529297,0.3804842531681061,8.473089218139648,2.697903871536255,-0.0,0.0,0.0,0.0,0.0,0.0,0.0,0.0,0.0,0.0,0.0,0.0,0.023000000044703484,0.023000000044703484,0.02,0.15,0.0,0.0,0.0,0.0,0.0,0.0,0.0,0.0,0.0,0.0,0.0,0.0,0.07817020267248154,0.0989287942647934,0.0011801015084529354,8.039698600769043,186,nan,-1.0,True,,False,0.010050058364868164,0.0,0.1258549690246582,20.0,20.0,1.0,0.0,0.0,0.0,0.0,0.0
260,19.914695739746094,-0.0,0.0,-0.0,19.914695739746094,0.3431617021560669,8.58047103881836,2.70084547996521,-0.0,0.0,0.0,0.0,0.0,0.0,0.0,0.0,0.0,0.0,0.0,0.0,0.023000000044703484,0.023000000044703484,0.02,0.15,0.0,0.0,0.0,0.0,0.0,0.0,0.0,0.0,0.0,0.0,0.0,0.0,0.07962789386510849,0.09889962524175644,0.0011796660414802318,8.039698600769043,186,nan,-1.0,True,,False,0.010050058364868164,0.0,0.1258549690246582,20.0,20.0,1.0,0.0,0.0,0.0,0.0,0.0
261,23.78657341003418,-0.0,0.0,-0.0,23.78657341003418,0.28552860021591187,8.658834457397461,2.7031848430633545,-0.0,0.0,0.0,0.0,0.0,0.0,0.0,0.0,0.0,0.0,0.0,0.0,0.023000000044703484,0.023000000044703484,0.02,0.15,0.0,0.0,0.0,0.0,0.0,0.0,0.0,0.0,0.0,0.0,0.0,0.0,0.08102492243051529,0.09889635443687439,0.0012325614989094902,8.039698600769043,186,nan,-1.0,True,,False,0.010050058364868164,0.0,0.1258549690246582,20.0,20.0,1.0,0.0,0.0,0.0,0.0,0.0
262,68.77830505371094,-0.0,0.0,-0.0,68.77830505371094,0.06160091608762741,8.738473892211914,2.7058780193328857,-0.0,0.0,0.0,0.0,0.0,0.0,0.0,0.0,0.0,0.0,0.0,0.0,0.023000000044703484,0.023000000044703484,0.02,0.14999999999999997,0.0,0.0,0.0,0.0,0.0,0.0,0.0,0.0,0.0,0.0,0.0,0.0,0.0824403241276741,0.09891638159751892,0.001464902807128965,8.039698600769043,186,nan,-1.0,True,,False,0.010050058364868164,0.0,0.1258549690246582,20.0,20.0,1.0,0.0,0.0,0.0,0.0,0.0
263,96.15151977539062,-0.0,0.0,-0.0,96.15151977539062,0.031191200017929077,8.827070236206055,2.701859712600708,-0.0,0.0,0.0,0.0,0.0,0.0,0.0,0.0,0.0,0.0,0.0,0.0,0.023000000044703484,0.023000000044703484,0.02,0.15,0.0,0.0,0.0,0.0,0.0,0.0,0.0,0.0,0.0,0.0,0.0,0.0,0.08387888222932816,0.09896067529916763,0.001245077399744332,8.039698600769043,186,nan,-1.0,True,,False,0.010050058364868164,0.0,0.1258549690246582,20.0,20.0,1.0,0.0,0.0,0.0,0.0,0.0
264,98.45498657226562,-0.0,0.0,-0.0,98.45498657226562,0.029421135783195496,8.912898063659668,2.692172050476074,-0.0,0.0,0.0,0.0,0.0,0.0,0.0,0.0,0.0,0.0,0.0,0.0,0.023000000044703484,0.023000000044703484,0.02,0.15,0.0,0.0,0.0,0.0,0.0,0.0,0.0,0.0,0.0,0.0,0.0,0.0,0.08530650287866592,0.09901268035173416,0.0007841785154596437,8.039698600769043,186,nan,-1.0,True,,False,0.010050058364868164,0.0,0.1258549690246582,20.0,20.0,1.0,0.0,0.0,0.0,0.0,0.0
265,55.06050491333008,-0.0,0.0,-0.0,55.06050491333008,0.0899282842874527,9.002420425415039,2.682544469833374,-0.0,0.0,0.0,0.0,0.0,0.0,0.0,0.0,0.0,0.0,0.0,0.0,0.023000000044703484,0.023000000044703484,0.02,0.15,0.0,0.0,0.0,0.0,0.0,0.0,0.0,0.0,0.0,0.0,0.0,0.0,0.0867815837264061,0.0990704819560051,0.0008692492319823941,8.039698600769043,186,nan,-1.0,True,,False,0.010050058364868164,0.0,0.1258549690246582,20.0,20.0,1.0,0.0,0.0,0.0,0.0,0.0
266,33.050228118896484,-0.0,0.0,-0.0,33.050228118896484,0.18996435403823853,9.09323501586914,2.673489809036255,-0.0,0.0,0.0,0.0,0.0,0.0,0.0,0.0,0.0,0.0,0.0,0.0,0.023000000044703484,0.023000000044703484,0.02,0.15,0.0,0.0,0.0,0.0,0.0,0.0,0.0,0.0,0.0,0.0,0.0,0.0,0.08826547116041183,0.09912552684545517,0.0010420560961392766,8.039698600769043,186,nan,-1.0,True,,False,0.010050058364868164,0.0,0.1258549690246582,20.0,20.0,1.0,0.0,0.0,0.0,0.0,0.0
267,39.409584045410156,-0.0,0.0,-0.0,39.409584045410156,0.1493372619152069,9.173547744750977,2.665407180786133,-0.0,0.0,0.0,0.0,0.0,0.0,0.0,0.0,0.0,0.0,0.0,0.0,0.023000000044703484,0.023000000044703484,0.02,0.15,0.0,0.0,0.0,0.0,0.0,0.0,0.0,0.0,0.0,0.0,0.0,0.0,0.08988629281520844,0.09917735308408737,0.0015536783571405977,8.039698600769043,186,nan,-1.0,True,,False,0.010050058364868164,0.0,0.1258549690246582,20.0,20.0,1.0,0.0,0.0,0.0,0.0,0.0
268,332.4989929199219,-0.0,0.0,-0.0,332.4989929199219,0.0007055653259158134,9.232406616210938,2.658825397491455,-0.0,0.0,0.0,0.0,0.0,0.0,0.0,0.0,0.0,0.0,0.0,0.0,0.023000000044703484,0.023000000044703484,0.02,0.15000000000000002,0.0,0.0,0.0,0.0,0.0,0.0,0.0,0.0,0.0,0.0,0.0,0.0,0.09154834598302841,0.09922490268945694,0.0015262427268680767,8.039698600769043,186,nan,-1.0,True,,False,0.010050058364868164,0.0,0.1258549690246582,20.0,20.0,1.0,0.0,0.0,0.0,0.0,0.0
269,42.376564025878906,-0.0,0.0,-0.0,42.376564025878906,0.13309958577156067,9.192334175109863,2.6459782123565674,-0.0,0.0,0.0,0.0,0.0,0.0,0.0,0.0,0.0,0.0,0.0,0.0,0.023000000044703484,0.023000000044703484,0.02,0.15,0.0,0.0,0.0,0.0,0.0,0.0,0.0,0.0,0.0,0.0,0.0,0.0,0.09319160133600235,0.09927083551883698,0.0007959960394146037,8.039698600769043,186,nan,-1.0,True,,False,0.010050058364868164,0.0,0.1258549690246582,20.0,20.0,1.0,0.0,0.0,0.0,0.0,0.0
270,46.01363754272461,-0.0,0.0,-0.0,46.01363754272461,0.11707913130521774,9.15140151977539,2.635338306427002,-0.0,0.0,0.0,0.0,0.0,0.0,0.0,0.0,0.0,0.0,0.0,0.0,0.023000000044703484,0.023000000044703484,0.02,0.15,0.0,0.0,0.0,0.0,0.0,0.0,0.0,0.0,0.0,0.0,0.0,0.0,0.09484311193227768,0.09931201487779617,0.0006564920108758088,8.039698600769043,186,nan,-1.0,True,,False,0.010050058364868164,0.0,0.1258549690246582,20.0,20.0,1.0,0.0,0.0,0.0,0.0,0.0
271,49.39500045776367,-0.0,0.0,-0.0,49.39500045776367,0.10443463921546936,9.1075439453125,2.6254165172576904,-0.0,0.0,0.0,0.0,0.0,0.0,0.0,0.0,0.0,0.0,0.0,0.0,0.023000000044703484,0.023000000044703484,0.02,0.15,0.0,0.0,0.0,0.0,0.0,0.0,0.0,0.0,0.0,0.0,0.0,0.0,0.09650027006864548,0.09934844821691513,0.0004247970414326119,8.039698600769043,186,nan,-1.0,True,,False,0.010050058364868164,0.0,0.1258549690246582,20.0,20.0,1.0,0.0,0.0,0.0,0.0,0.0
272,52.43069076538086,-0.0,0.0,-0.0,52.43069076538086,0.09457091242074966,9.065074920654297,2.6163668632507324,-0.0,0.0,0.0,0.0,0.0,0.0,0.0,0.0,0.0,0.0,0.0,0.0,0.023000000044703484,0.023000000044703484,0.02,0.14999999999999997,0.0,0.0,0.0,0.0,0.0,0.0,0.0,0.0,0.0,0.0,0.0,0.0,0.09815920144319534,0.09938064962625504,0.0006088583818382176,8.039698600769043,186,nan,-1.0,True,,False,0.010050058364868164,0.0,0.1258549690246582,20.0,20.0,1.0,0.0,0.0,0.0,0.0,0.0
273,54.796512603759766,-0.0,0.0,-0.0,54.796512603759766,0.08766098320484161,9.022634506225586,2.6078438758850098,-0.0,0.0,0.0,0.0,0.0,0.0,0.0,0.0,0.0,0.0,0.0,0.0,0.023000000044703484,0.023000000044703484,0.02,0.15,0.0,0.0,0.0,0.0,0.0,0.0,0.0,0.0,0.0,0.0,0.0,0.0,0.09981443732976913,0.09941000491380692,0.0009268592821172206,8.039698600769043,186,nan,-1.0,True,,False,0.010050058364868164,0.0,0.1258549690246582,20.0,20.0,1.0,0.0,0.0,0.0,0.0,0.0
274,55.758663177490234,-0.0,0.0,-0.0,55.758663177490234,0.08494029194116592,8.980557441711426,2.600815773010254,-0.0,0.0,0.0,0.0,0.0,0.0,0.0,0.0,0.0,0.0,0.0,0.0,0.023000000044703484,0.023000000044703484,0.02,0.15,0.0,0.0,0.0,0.0,0.0,0.0,0.0,0.0,0.0,0.0,0.0,0.0,0.10132910311222076,0.09903452545404434,0.0011799821968452306,8.039698600769043,186,nan,-1.0,True,,False,0.010050058364868164,0.0,0.1258549690246582,20.0,20.0,1.0,0.0,0.0,0.0,0.0,0.0
275,54.492645263671875,-0.0,0.0,-0.0,54.492645263671875,0.0880875363945961,8.937845230102539,2.5946078300476074,-0.0,0.0,0.0,0.0,0.0,0.0,0.0,0.0,0.0,0.0,0.0,0.0,0.023000000044703484,0.023000000044703484,0.02,0.15,0.0,0.0,0.0,0.0,0.0,0.0,0.0,0.0,0.0,0.0,0.0,0.0,0.10279621183872223,0.09886905550956726,0.001324391784692125,8.039698600769043,186,nan,-1.0,True,,False,0.010050058364868164,0.0,0.1258549690246582,20.0,20.0,1.0,0.0,0.0,0.0,0.0,0.0
276,50.33658218383789,-0.0,0.0,-0.0,50.33658218383789,0.10009649395942688,8.894947052001953,2.5890989303588867,-0.0,0.0,0.0,0.0,0.0,0.0,0.0,0.0,0.0,0.0,0.0,0.0,0.023000000044703484,0.023000000044703484,0.02,0.15,0.0,0.0,0.0,0.0,0.0,0.0,0.0,0.0,0.0,0.0,0.0,0.0,0.10425050556659698,0.09876202791929245,0.0013965105313218373,8.039698600769043,186,nan,-1.0,True,,False,0.010050058364868164,0.0,0.1258549690246582,20.0,20.0,1.0,0.0,0.0,0.0,0.0,0.0
277,67.08382415771484,-0.0,0.0,-0.0,67.08382415771484,0.06119253486394882,8.850044250488281,2.584721565246582,-0.0,0.0,0.0,0.0,0.0,0.0,0.0,0.0,0.0,0.0,0.0,0.0,0.023000000044703484,0.023000000044703484,0.02,0.14999999999999997,0.0,0.0,0.0,0.0,0.0,0.0,0.0,0.0,0.0,0.0,0.0,0.0,0.10568933933973312,0.09870316088199615,0.0015303967488762282,8.039698600769043,186,nan,-1.0,True,,False,0.010050058364868164,0.0,0.1258549690246582,20.0,20.0,1.0,0.0,0.0,0.0,0.0,0.0
278,111.47626495361328,-0.0,0.0,-0.0,111.47626495361328,0.02115577831864357,8.80478286743164,2.5804123878479004,-0.0,0.0,0.0,0.0,0.0,0.0,0.0,0.0,0.0,0.0,0.0,0.0,0.023000000044703484,0.023000000044703484,0.02,0.14999999999999997,0.0,0.0,0.0,0.0,0.0,0.0,0.0,0.0,0.0,0.0,0.0,0.0,0.10710938274860382,0.09868143498897552,0.0015230593776323076,8.039698600769043,186,nan,-1.0,True,,False,0.010050058364868164,0.0,0.1258549690246582,20.0,20.0,1.0,0.0,0.0,0.0,0.0,0.0
279,54.550941467285156,-0.0,0.0,-0.0,54.550941467285156,0.0874403864145279,8.76347541809082,2.5756285190582275,-0.0,0.0,0.0,0.0,0.0,0.0,0.0,0.0,0.0,0.0,0.0,0.0,0.023000000044703484,0.023000000044703484,0.02,0.15,0.0,0.0,0.0,0.0,0.0,0.0,0.0,0.0,0.0,0.0,0.0,0.0,0.10856006294488907,0.09868825227022171,0.001518555854090664,8.039698600769043,186,nan,-1.0,True,,False,0.010050058364868164,0.0,0.1258549690246582,20.0,20.0,1.0,0.0,0.0,0.0,0.0,0.0
280,45.675437927246094,-0.0,0.0,-0.0,45.675437927246094,0.11567273736000061,8.724020004272461,2.571641445159912,-0.0,0.0,0.0,0.0,0.0,0.0,0.0,0.0,0.0,0.0,0.0,0.0,0.023000000044703484,0.023000000044703484,0.02,0.15,0.0,0.0,0.0,0.0,0.0,0.0,0.0,0.0,0.0,0.0,0.0,0.0,0.11011507362127304,0.09872010350227356,0.002605076474537782,8.039698600769043,186,nan,-1.0,True,,False,0.010050058364868164,0.0,0.1258549690246582,20.0,20.0,1.0,0.0,0.0,0.0,0.0,0.0
281,68.67817687988281,-0.0,0.0,-0.0,68.67817687988281,0.05813124030828476,8.68525218963623,2.568011999130249,-0.0,0.0,0.0,0.0,0.0,0.0,0.0,0.0,0.0,0.0,0.0,0.0,0.023000000044703484,0.023000000044703484,0.02,0.15,0.0,0.0,0.0,0.0,0.0,0.0,0.0,0.0,0.0,0.0,0.0,0.0,0.1116771250963211,0.09876894950866699,0.0025863891760309343,8.039698600769043,186,nan,-1.0,True,,False,0.010050058364868164,0.0,0.1258549690246582,20.0,20.0,1.0,0.0,0.0,0.0,0.0,0.0
282,271.1421813964844,-0.0,0.0,-0.0,271.1421813964844,0.0014969734475016594,8.649192810058594,2.5650808811187744,-0.0,0.0,0.0,0.0,0.0,0.0,0.0,0.0,0.0,0.0,0.0,0.0,0.023000000044703484,0.023000000044703484,0.019999999999999997,0.15,0.0,0.0,0.0,0.0,0.0,0.0,0.0,0.0,0.0,0.0,0.0,0.0,0.1132449060678482,0.09882870316505432,0.002553040205839352,8.039698600769043,186,nan,-1.0,True,,False,0.010050058364868164,0.0,0.1258549690246582,20.0,20.0,1.0,0.0,0.0,0.0,0.0,0.0
283,74.94561004638672,-0.0,0.0,-0.0,74.94561004638672,0.04909501597285271,8.612730026245117,2.56208872795105,-0.0,0.0,0.0,0.0,0.0,0.0,0.0,0.0,0.0,0.0,0.0,0.0,0.023000000044703484,0.023000000044703484,0.02,0.15,0.0,0.0,0.0,0.0,0.0,0.0,0.0,0.0,0.0,0.0,0.0,0.0,0.11481719464063644,0.0988943949341774,0.002501850359749369,8.039698600769043,186,nan,-1.0,True,,False,0.010050058364868164,0.0,0.1258549690246582,20.0,20.0,1.0,0.0,0.0,0.0,0.0,0.0
284,50.17506408691406,-0.0,0.0,-0.0,50.17506408691406,0.09925246238708496,8.58005142211914,2.559746742248535,-0.0,0.0,0.0,0.0,0.0,0.0,0.0,0.0,0.0,0.0,0.0,0.0,0.023000000044703484,0.023000000044703484,0.019999999999999997,0.15000000000000002,0.0,0.0,0.0,0.0,0.0,0.0,0.0,0.0,0.0,0.0,0.0,0.0,0.11639415472745895,0.09896538406610489,0.002449248962875572,8.039698600769043,186,nan,-1.0,True,,False,0.010050058364868164,0.0,0.1258549690246582,20.0,20.0,1.0,0.0,0.0,0.0,0.0,0.0
285,38.149497985839844,-0.0,0.0,-0.0,38.149497985839844,0.14898811280727386,8.548988342285156,2.5577826499938965,-0.0,0.0,0.0,0.0,0.0,0.0,0.0,0.0,0.0,0.0,0.0,0.0,0.023000000044703484,0.023000000044703484,0.02,0.15,0.0,0.0,0.0,0.0,0.0,0.0,0.0,0.0,0.0,0.0,0.0,0.0,0.11797871440649033,0.09903837740421295,0.002417580740257108,8.039698600769043,186,nan,-1.0,True,,False,0.010050058364868164,0.0,0.1258549690246582,20.0,20.0,1.0,0.0,0.0,0.0,0.0,0.0
286,30.68305206298828,-0.0,0.0,-0.0,30.68305206298828,0.198350191116333,8.52073860168457,2.556032657623291,-0.0,0.0,0.0,0.0,0.0,0.0,0.0,0.0,0.0,0.0,0.0,0.0,0.023000000044703484,0.023000000044703484,0.019999999999999997,0.15,0.0,0.0,0.0,0.0,0.0,0.0,0.0,0.0,0.0,0.0,0.0,0.0,0.1195734366774559,0.0991106778383255,0.002391244749105681,8.039698600769043,186,nan,-1.0,True,,False,0.010050058364868164,0.0,0.1258549690246582,20.0,20.0,1.0,0.0,0.0,0.0,0.0,0.0
287,25.483427047729492,-0.0,0.0,-0.0,25.483427047729492,0.2476464807987213,8.493919372558594,2.5548181533813477,-0.0,0.0,0.0,0.0,0.0,0.0,0.0,0.0,0.0,0.0,0.0,0.0,0.023000000044703484,0.023000000044703484,0.02,0.15,0.0,0.0,0.0,0.0,0.0,0.0,0.0,0.0,0.0,0.0,0.0,0.0,0.12118015438318253,0.0991801917552948,0.0023531862884738075,8.039698600769043,186,nan,-1.0,True,,False,0.010050058364868164,0.0,0.1258549690246582,20.0,20.0,1.0,0.0,0.0,0.0,0.0,0.0
288,34.14302062988281,-0.0,0.0,-0.0,34.14302062988281,0.17321127653121948,8.470083236694336,2.5534918308258057,-0.0,0.0,0.0,0.0,0.0,0.0,0.0,0.0,0.0,0.0,0.0,0.0,0.023000000044703484,0.023000000044703484,0.019999999999999997,0.14999999999999997,0.0,0.0,0.0,0.0,0.0,0.0,0.0,0.0,0.0,0.0,0.0,0.0,0.1228012964129448,0.0992453321814537,0.0014333781596178596,8.039698600769043,186,nan,-1.0,True,,False,0.010050058364868164,0.0,0.1258549690246582,20.0,20.0,1.0,0.0,0.0,0.0,0.0,0.0
289,43.719932556152344,-0.0,0.0,-0.0,43.719932556152344,0.12257969379425049,8.449084281921387,2.551053285598755,-0.0,0.0,0.0,0.0,0.0,0.0,0.0,0.0,0.0,0.0,0.0,0.0,0.023000000044703484,0.023000000044703484,0.02,0.15,0.0,0.0,0.0,0.0,0.0,0.0,0.0,0.0,0.0,0.0,0.0,0.0,0.12444515526294708,0.09930416941642761,0.0014430380319936376,8.039698600769043,186,nan,-1.0,True,,False,0.010050058364868164,0.0,0.1258549690246582,20.0,20.0,1.0,0.0,0.0,0.0,0.0,0.0
290,47.97569274902344,-0.0,0.0,-0.0,47.97569274902344,0.10642192512750626,8.4292573928833,2.5480411052703857,-0.0,0.0,0.0,0.0,0.0,0.0,0.0,0.0,0.0,0.0,0.0,0.0,0.023000000044703484,0.023000000044703484,0.019999999999999997,0.15,0.0,0.0,0.0,0.0,0.0,0.0,0.0,0.0,0.0,0.0,0.0,0.0,0.12609688937664032,0.0993511825799942,0.0012986506048946467,8.039698600769043,186,nan,-1.0,True,,False,0.010050058364868164,0.0,0.1258549690246582,20.0,20.0,1.0,0.0,0.0,0.0,0.0,0.0
291,101.31946563720703,-0.0,0.0,-0.0,101.31946563720703,0.026033105328679085,8.419012069702148,2.5456466674804688,-0.0,0.0,0.0,0.0,0.0,0.0,0.0,0.0,0.0,0.0,0.0,0.0,0.023000000044703484,0.023000000044703484,0.02,0.15,0.0,0.0,0.0,0.0,0.0,0.0,0.0,0.0,0.0,0.0,0.0,0.0,0.12774710357189178,0.09938120096921921,0.0013203408229855995,8.039698600769043,186,nan,-1.0,True,,False,0.010050058364868164,0.0,0.1258549690246582,20.0,20.0,1.0,0.0,0.0,0.0,0.0,0.0
292,72.84697723388672,-0.0,0.0,-0.0,72.84697723388672,0.05162474513053894,8.417707443237305,2.54319429397583,-0.0,0.0,0.0,0.0,0.0,0.0,0.0,0.0,0.0,0.0,0.0,0.0,0.023000000044703484,0.023000000044703484,0.019999999999999997,0.15,0.0,0.0,0.0,0.0,0.0,0.0,0.0,0.0,0.0,0.0,0.0,0.0,0.12941665947437286,0.0994003564119339,0.0013428502338683757,8.039698600769043,186,nan,-1.0,True,,False,0.010050058364868164,0.0,0.1258549690246582,20.0,20.0,1.0,0.0,0.0,0.0,0.0,0.0
293,38.98624038696289,-0.0,0.0,-0.0,38.98624038696289,0.14413118362426758,8.411846160888672,2.539973735809326,-0.0,0.0,0.0,0.0,0.0,0.0,0.0,0.0,0.0,0.0,0.0,0.0,0.023000000044703484,0.023000000044703484,0.02,0.15,0.0,0.0,0.0,0.0,0.0,0.0,0.0,0.0,0.0,0.0,0.0,0.0,0.13107262551784515,0.09941366314888,0.0013591145425380091,8.039698600769043,186,nan,-1.0,True,,False,0.010050058364868164,0.0,0.1258549690246582,20.0,20.0,1.0,0.0,0.0,0.0,0.0,0.0
294,34.061195373535156,-0.0,0.0,-0.0,34.061195373535156,0.17265500128269196,8.417265892028809,2.536297082901001,-0.0,0.0,0.0,0.0,0.0,0.0,0.0,0.0,0.0,0.0,0.0,0.0,0.023000000044703484,0.023000000044703484,0.019999999999999997,0.15,0.0,0.0,0.0,0.0,0.0,0.0,0.0,0.0,0.0,0.0,0.0,0.0,0.1327107548713684,0.09927777200937271,0.001442967153252539,8.039698600769043,186,nan,-1.0,True,,False,0.010050058364868164,0.0,0.1258549690246582,20.0,20.0,1.0,0.0,0.0,0.0,0.0,0.0
295,25.368127822875977,-0.0,0.0,-0.0,25.368127822875977,0.24692296981811523,8.448875427246094,2.5321688652038574,-0.0,0.0,0.0,0.0,0.0,0.0,0.0,0.0,0.0,0.0,0.0,0.0,0.023000000044703484,0.023000000044703484,0.02,0.15,0.0,0.0,0.0,0.0,0.0,0.0,0.0,0.0,0.0,0.0,0.0,0.0,0.13434019684791565,0.09885754436254501,0.001441288472051383,8.039698600769043,186,nan,-1.0,True,,False,0.010050058364868164,0.0,0.1258549690246582,20.0,20.0,1.0,0.0,0.0,0.0,0.0,0.0
296,24.356433868408203,-0.0,0.0,-0.0,24.356433868408203,0.2578616738319397,8.479970932006836,2.5280299186706543,-0.0,0.0,0.0,0.0,0.0,0.0,0.0,0.0,0.0,0.0,0.0,0.0,0.023000000044703484,0.023000000044703484,0.019999999999999997,0.15000000000000002,0.0,0.0,0.0,0.0,0.0,0.0,0.0,0.0,0.0,0.0,0.0,0.0,0.1359630674123764,0.0984908938407898,0.0007700515570832067,8.039698600769043,186,nan,-1.0,True,,False,0.010050058364868164,0.0,0.1258549690246582,20.0,20.0,1.0,0.0,0.0,0.0,0.0,0.0
297,33.68722152709961,-0.0,0.0,-0.0,33.68722152709961,0.17396998405456543,8.510335922241211,2.524127244949341,-0.0,0.0,0.0,0.0,0.0,0.0,0.0,0.0,0.0,0.0,0.0,0.0,0.023000000044703484,0.023000000044703484,0.02,0.15,0.0,0.0,0.0,0.0,0.0,0.0,0.0,0.0,0.0,0.0,0.0,0.0,0.1375434249639511,0.098195880651474,0.0005837797634740127,8.039698600769043,186,nan,-1.0,True,,False,0.010050058364868164,0.0,0.1258549690246582,20.0,20.0,1.0,0.0,0.0,0.0,0.0,0.0
298,54.329891204833984,-0.0,0.0,-0.0,54.329891204833984,0.08597327768802643,8.53974723815918,2.520768404006958,-0.0,0.0,0.0,0.0,0.0,0.0,0.0,0.0,0.0,0.0,0.0,0.0,0.023000000044703484,0.023000000044703484,0.019999999999999997,0.15,0.0,0.0,0.0,0.0,0.0,0.0,0.0,0.0,0.0,0.0,0.0,0.0,0.1391143649816513,0.09791776537895203,0.0004102146353943681,8.039698600769043,186,nan,-1.0,True,,False,0.010050058364868164,0.0,0.1258549690246582,20.0,20.0,1.0,0.0,0.0,0.0,0.0,0.0
299,183.89808654785156,-0.0,0.0,-0.0,183.89808654785156,0.005382385570555925,8.568183898925781,2.5176682472229004,-0.0,0.0,0.0,0.0,0.0,0.0,0.0,0.0,0.0,0.0,0.0,0.0,0.023000000044703484,0.023000000044703484,0.02,0.15,0.0,0.0,0.0,0.0,0.0,0.0,0.0,0.0,0.0,0.0,0.0,0.0,0.14065133035182953,0.09759343415498734,0.000832741446174623,8.039698600769043,186,nan,-1.0,True,,False,0.010050058364868164,0.0,0.1258549690246582,20.0,20.0,1.0,0.0,0.0,0.0,0.0,0.0
300,59.29304504394531,-0.0,0.0,-0.0,59.29304504394531,0.07395008951425552,8.596593856811523,2.513840436935425,-0.0,0.0,0.0,0.0,0.0,0.0,0.0,0.0,0.0,0.0,0.0,0.0,0.023000000044703484,0.023000000044703484,0.019999999999999997,0.15,0.0,0.0,0.0,0.0,0.0,0.0,0.0,0.0,0.0,0.0,0.0,0.0,0.14221149682998657,0.09721040725708008,0.0010376767622801708,8.039698600769043,186,nan,-1.0,True,,False,0.010050058364868164,0.0,0.1258549690246582,20.0,20.0,1.0,0.0,0.0,0.0,0.0,0.0
301,37.30387496948242,-0.0,0.0,-0.0,37.30387496948242,0.15081004798412323,8.625093460083008,2.510098934173584,-0.0,0.0,0.0,0.0,0.0,0.0,0.0,0.0,0.0,0.0,0.0,0.0,0.023000000044703484,0.023000000044703484,0.02,0.15000000000000002,0.0,0.0,0.0,0.0,0.0,0.0,0.0,0.0,0.0,0.0,0.0,0.0,0.14376093447208405,0.09679172933101654,0.0010736803296822472,8.039698600769043,186,nan,-1.0,True,,False,0.010050058364868164,0.0,0.1258549690246582,20.0,20.0,1.0,0.0,0.0,0.0,0.0,0.0
302,26.47491455078125,-0.0,0.0,-0.0,26.47491455078125,0.23211029171943665,8.653528213500977,2.506662130355835,-0.0,0.0,0.0,0.0,0.0,0.0,0.0,0.0,0.0,0.0,0.0,0.0,0.023000000044703484,0.023000000044703484,0.02,0.15,0.0,0.0,0.0,0.0,0.0,0.0,0.0,0.0,0.0,0.0,0.0,0.0,0.14526979625225067,0.09630224853754044,0.0010322563543923025,8.039698600769043,186,nan,-1.0,True,,False,0.010050058364868164,0.0,0.1258549690246582,20.0,20.0,1.0,0.0,0.0,0.0,0.0,0.0
303,21.027334213256836,-0.0,0.0,-0.0,21.027334213256836,0.29830431938171387,8.68143367767334,2.5032479763031006,-0.0,0.0,0.0,0.0,0.0,0.0,0.0,0.0,0.0,0.0,0.0,0.0,0.023000000044703484,0.023000000044703484,0.02,0.15000000000000002,0.0,0.0,0.0,0.0,0.0,0.0,0.0,0.0,0.0,0.0,0.0,0.0,0.14673231542110443,0.09584171324968338,0.0010538313654251397,8.039698600769043,186,nan,-1.0,True,,False,0.010050058364868164,0.0,0.1258549690246582,20.0,20.0,1.0,0.0,0.0,0.0,0.0,0.0
304,17.13200569152832,-0.0,0.0,-0.0,17.13200569152832,0.3645329475402832,8.708701133728027,2.5000035762786865,-0.0,0.0,0.0,0.0,0.0,0.0,0.0,0.0,0.0,0.0,0.0,0.0,0.023000000044703484,0.023000000044703484,0.02,0.14999999999999997,0.0,0.0,0.0,0.0,0.0,0.0,0.0,0.0,0.0,0.0,0.0,0.0,0.14815865457057953,0.09537098556756973,0.000976340210854687,8.039698600769043,186,nan,-1.0,True,,False,0.010050058364868164,0.0,0.1258549690246582,20.0,20.0,1.0,0.0,0.0,0.0,0.0,0.0
305,14.290872573852539,-0.0,0.0,-0.0,14.290872573852539,0.4284185767173767,8.734931945800781,2.4968533515930176,-0.0,0.0,0.0,0.0,0.0,0.0,0.0,0.0,0.0,0.0,0.0,0.0,0.023000000044703484,0.023000000044703484,0.02,0.15,0.0,0.0,0.0,0.0,0.0,0.0,0.0,0.0,0.0,0.0,0.0,0.0,0.14954011142253876,0.09488549083471298,0.0009804722640183172,8.039698600769043,186,nan,-1.0,True,,False,0.010050058364868164,0.0,0.1258549690246582,20.0,20.0,1.0,0.0,0.0,0.0,0.0,0.0
306,12.082925796508789,-0.0,0.0,-0.0,12.082925796508789,0.49155017733573914,8.759626388549805,2.493884325027466,-0.0,0.0,0.0,0.0,0.0,0.0,0.0,0.0,0.0,0.0,0.0,0.0,0.023000000044703484,0.023000000044703484,0.02,0.14999999999999997,0.0,0.0,0.0,0.0,0.0,0.0,0.0,0.0,0.0,0.0,0.0,0.0,0.15089471638202667,0.09441976249217987,0.0010986604252138932,8.039698600769043,186,nan,-1.0,True,,False,0.010050058364868164,0.0,0.1258549690246582,20.0,20.0,1.0,0.0,0.0,0.0,0.0,0.0
307,12.017118453979492,-0.0,0.0,-0.0,12.017118453979492,0.49324873089790344,8.782315254211426,2.4909915924072266,-0.0,0.0,0.0,0.0,0.0,0.0,0.0,0.0,0.0,0.0,0.0,0.0,0.023000000044703484,0.023000000044703484,0.02,0.15,0.0,0.0,0.0,0.0,0.0,0.0,0.0,0.0,0.0,0.0,0.0,0.0,0.1522304117679596,0.09391671419143677,0.001505945043390966,8.039698600769043,186,nan,-1.0,True,,False,0.010050058364868164,0.0,0.1258549690246582,20.0,20.0,1.0,0.0,0.0,0.0,0.0,0.0
308,12.580548286437988,-0.0,0.0,-0.0,12.580548286437988,0.47522544860839844,8.802446365356445,2.4882736206054688,-0.0,0.0,0.0,0.0,0.0,0.0,0.0,0.0,0.0,0.0,0.0,0.0,0.023000000044703484,0.023000000044703484,0.02,0.14999999999999997,0.0,0.0,0.0,0.0,0.0,0.0,0.0,0.0,0.0,0.0,0.0,0.0,0.15355658531188965,0.09345661848783493,0.0011309729616186814,8.039698600769043,186,nan,-1.0,True,,False,0.010050058364868164,0.0,0.1258549690246582,20.0,20.0,1.0,0.0,0.0,0.0,0.0,0.0
309,15.40835189819336,-0.0,0.0,-0.0,15.40835189819336,0.39988815784454346,8.819260597229004,2.4856793880462646,-0.0,0.0,0.0,0.0,0.0,0.0,0.0,0.0,0.0,0.0,0.0,0.0,0.023000000044703484,0.023000000044703484,0.02,0.15,0.0,0.0,0.0,0.0,0.0,0.0,0.0,0.0,0.0,0.0,0.0,0.0,0.15487229824066162,0.09304213523864746,0.0011617713071245817,8.039698600769043,186,nan,-1.0,True,,False,0.010050058364868164,0.0,0.1258549690246582,20.0,20.0,1.0,0.0,0.0,0.0,0.0,0.0
310,19.2100830078125,-0.0,0.0,-0.0,19.2100830078125,0.3248670995235443,8.8328857421875,2.4831812381744385,-0.0,0.0,0.0,0.0,0.0,0.0,0.0,0.0,0.0,0.0,0.0,0.0,0.023000000044703484,0.023000000044703484,0.02,0.15,0.0,0.0,0.0,0.0,0.0,0.0,0.0,0.0,0.0,0.0,0.0,0.0,0.1561821550130844,0.09266863018274307,0.0011939914893446257,8.039698600769043,186,nan,-1.0,True,,False,0.010050058364868164,0.0,0.1258549690246582,20.0,20.0,1.0,0.0,0.0,0.0,0.0,0.0
311,24.814453125,-0.0,0.0,-0.0,24.814453125,0.2478329837322235,8.844011306762695,2.480825424194336,-0.0,0.0,0.0,0.0,0.0,0.0,0.0,0.0,0.0,0.0,0.0,0.0,0.023000000044703484,0.023000000044703484,0.02,0.15,0.0,0.0,0.0,0.0,0.0,0.0,0.0,0.0,0.0,0.0,0.0,0.0,0.15748579800128937,0.09233565628528595,0.0012483108966989676,8.039698600769043,186,nan,-1.0,True,,False,0.010050058364868164,0.0,0.1258549690246582,20.0,20.0,1.0,0.0,0.0,0.0,0.0,0.0
312,33.85749435424805,-0.0,0.0,-0.0,33.85749435424805,0.16992852091789246,8.852972984313965,2.478620767593384,-0.0,0.0,0.0,0.0,0.0,0.0,0.0,0.0,0.0,0.0,0.0,0.0,0.023000000044703484,0.023000000044703484,0.02,0.15,0.0,0.0,0.0,0.0,0.0,0.0,0.0,0.0,0.0,0.0,0.0,0.0,0.1587844341993332,0.09203844517469406,0.0013205715840740595,8.039698600769043,186,nan,-1.0,True,,False,0.010050058364868164,0.0,0.1258549690246582,20.0,20.0,1.0,0.0,0.0,0.0,0.0,0.0
313,51.74314880371094,-0.0,0.0,-0.0,51.74314880371094,0.09163079410791397,8.860157012939453,2.4766147136688232,-0.0,0.0,0.0,0.0,0.0,0.0,0.0,0.0,0.0,0.0,0.0,0.0,0.023000000044703484,0.023000000044703484,0.020000000000000004,0.15,0.0,0.0,0.0,0.0,0.0,0.0,0.0,0.0,0.0,0.0,0.0,0.0,0.1600804626941681,0.09176745265722275,0.0013801097943542118,8.039698600769043,186,nan,-1.0,True,,False,0.010050058364868164,0.0,0.1258549690246582,20.0,20.0,1.0,0.0,0.0,0.0,0.0,0.0
314,133.55174255371094,-0.0,0.0,-0.0,133.55174255371094,0.012982197105884552,8.866079330444336,2.4747092723846436,-0.0,0.0,0.0,0.0,0.0,0.0,0.0,0.0,0.0,0.0,0.0,0.0,0.023000000044703484,0.023000000044703484,0.02,0.15,0.0,0.0,0.0,0.0,0.0,0.0,0.0,0.0,0.0,0.0,0.0,0.0,0.16137562692165375,0.0915415808558464,0.0013788471469524666,8.039698600769043,186,nan,-1.0,True,,False,0.010050058364868164,0.0,0.1258549690246582,20.0,20.0,1.0,0.0,0.0,0.0,0.0,0.0
315,57.91876220703125,-0.0,0.0,-0.0,57.91876220703125,0.07592424750328064,8.87153434753418,2.471956729888916,-0.0,0.0,0.0,0.0,0.0,0.0,0.0,0.0,0.0,0.0,0.0,0.0,0.023000000044703484,0.023000000044703484,0.020000000000000004,0.15,0.0,0.0,0.0,0.0,0.0,0.0,0.0,0.0,0.0,0.0,0.0,0.0,0.16267286241054535,0.09134254604578018,0.0014936845968804846,8.039698600769043,186,nan,-1.0,True,,False,0.010050058364868164,0.0,0.1258549690246582,20.0,20.0,1.0,0.0,0.0,0.0,0.0,0.0
316,35.15058898925781,-0.0,0.0,-0.0,35.15058898925781,0.16150516271591187,8.87625503540039,2.4691922664642334,-0.0,0.0,0.0,0.0,0.0,0.0,0.0,0.0,0.0,0.0,0.0,0.0,0.023000000044703484,0.023000000044703484,0.02,0.15,0.0,0.0,0.0,0.0,0.0,0.0,0.0,0.0,0.0,0.0,0.0,0.0,0.16396348178386688,0.09117041528224945,0.0015490266723645618,8.039698600769043,186,nan,-1.0,True,,False,0.010050058364868164,0.0,0.1258549690246582,20.0,20.0,1.0,0.0,0.0,0.0,0.0,0.0
317,32.90948486328125,-0.0,0.0,-0.0,32.90948486328125,0.17593008279800415,8.892587661743164,2.466606855392456,-0.0,0.0,0.0,0.0,0.0,0.0,0.0,0.0,0.0,0.0,0.0,0.0,0.023000000044703484,0.023000000044703484,0.020000000000000004,0.15,0.0,0.0,0.0,0.0,0.0,0.0,0.0,0.0,0.0,0.0,0.0,0.0,0.16524642705917358,0.09102214872837067,0.0017686614087324415,8.039698600769043,186,nan,-1.0,True,,False,0.010050058364868164,0.0,0.1258549690246582,20.0,20.0,1.0,0.0,0.0,0.0,0.0,0.0
318,39.657432556152344,-0.0,0.0,-0.0,39.657432556152344,0.13654354214668274,8.912919998168945,2.464186668395996,-0.0,0.0,0.0,0.0,0.0,0.0,0.0,0.0,0.0,0.0,0.0,0.0,0.023000000044703484,0.023000000044703484,0.02,0.15,0.0,0.0,0.0,0.0,0.0,0.0,0.0,0.0,0.0,0.0,0.0,0.0,0.16653423011302948,0.09092772752046585,0.0017686753162706736,8.039698600769043,186,nan,-1.0,True,,False,0.010050058364868164,0.0,0.1258549690246582,20.0,20.0,1.0,0.0,0.0,0.0,0.0,0.0
319,46.995323181152344,-0.0,0.0,-0.0,46.995323181152344,0.10618788003921509,8.932416915893555,2.4619853496551514,-0.0,0.0,0.0,0.0,0.0,0.0,0.0,0.0,0.0,0.0,0.0,0.0,0.023000000044703484,0.023000000044703484,0.020000000000000004,0.15,0.0,0.0,0.0,0.0,0.0,0.0,0.0,0.0,0.0,0.0,0.0,0.0,0.1678343266248703,0.09089430421590805,0.0017583428771104082,8.039698600769043,186,nan,-1.0,True,,False,0.010050058364868164,0.0,0.1258549690246582,20.0,20.0,1.0,0.0,0.0,0.0,0.0,0.0
320,53.770408630371094,-0.0,0.0,-0.0,53.770408630371094,0.0856582373380661,8.95125961303711,2.4600143432617188,-0.0,0.0,0.0,0.0,0.0,0.0,0.0,0.0,0.0,0.0,0.0,0.0,0.023000000044703484,0.023000000044703484,0.02,0.15,0.0,0.0,0.0,0.0,0.0,0.0,0.0,0.0,0.0,0.0,0.0,0.0,0.16914793848991394,0.0909106433391571,0.0017211656631843653,8.039698600769043,186,nan,-1.0,True,,False,0.010050058364868164,0.0,0.1258549690246582,20.0,20.0,1.0,0.0,0.0,0.0,0.0,0.0
321,58.41794967651367,-0.0,0.0,-0.0,58.41794967651367,0.07450695335865021,8.969646453857422,2.4582817554473877,-0.0,0.0,0.0,0.0,0.0,0.0,0.0,0.0,0.0,0.0,0.0,0.0,0.023000000044703484,0.023000000044703484,0.020000000000000004,0.15,0.0,0.0,0.0,0.0,0.0,0.0,0.0,0.0,0.0,0.0,0.0,0.0,0.17047636210918427,0.09095966070890427,0.001661288632931246,8.039698600769043,186,nan,-1.0,True,,False,0.010050058364868164,0.0,0.1258549690246582,20.0,20.0,1.0,0.0,0.0,0.0,0.0,0.0
322,55.21015167236328,-0.0,0.0,-0.0,55.21015167236328,0.0819816142320633,8.989240646362305,2.4568846225738525,-0.0,0.0,0.0,0.0,0.0,0.0,0.0,0.0,0.0,0.0,0.0,0.0,0.023000000044703484,0.023000000044703484,0.02,0.15000000000000002,0.0,0.0,0.0,0.0,0.0,0.0,0.0,0.0,0.0,0.0,0.0,0.0,0.17180922627449036,0.09102217853069305,0.0015939912516387267,8.039698600769043,186,nan,-1.0,True,,False,0.010050058364868164,0.0,0.1258549690246582,20.0,20.0,1.0,0.0,0.0,0.0,0.0,0.0
323,38.846519470214844,-0.0,0.0,-0.0,38.846519470214844,0.14049535989761353,9.009637832641602,2.455676317214966,-0.0,0.0,0.0,0.0,0.0,0.0,0.0,0.0,0.0,0.0,0.0,0.0,0.023000000044703484,0.023000000044703484,0.020000000000000004,0.15,0.0,0.0,0.0,0.0,0.0,0.0,0.0,0.0,0.0,0.0,0.0,0.0,0.17310741543769836,0.09103350341320038,0.0015336295496126695,8.039698600769043,186,nan,-1.0,True,,False,0.010050058364868164,0.0,0.1258549690246582,20.0,20.0,1.0,0.0,0.0,0.0,0.0,0.0
324,34.13851547241211,-0.0,0.0,-0.0,34.13851547241211,0.16752773523330688,9.029289245605469,2.4547417163848877,-0.0,0.0,0.0,0.0,0.0,0.0,0.0,0.0,0.0,0.0,0.0,0.0,0.023000000044703484,0.023000000044703484,0.02,0.15,0.0,0.0,0.0,0.0,0.0,0.0,0.0,0.0,0.0,0.0,0.0,0.0,0.17441673576831818,0.09106770157814026,0.00146900583513343,8.039698600769043,186,nan,-1.0,True,,False,0.010050058364868164,0.0,0.1258549690246582,20.0,20.0,1.0,0.0,0.0,0.0,0.0,0.0
325,36.61467742919922,-0.0,0.0,-0.0,36.61467742919922,0.1526394933462143,9.048147201538086,2.4540908336639404,-0.0,0.0,0.0,0.0,0.0,0.0,0.0,0.0,0.0,0.0,0.0,0.0,0.023000000044703484,0.023000000044703484,0.020000000000000004,0.15,0.0,0.0,0.0,0.0,0.0,0.0,0.0,0.0,0.0,0.0,0.0,0.0,0.17573820054531097,0.09114215523004532,0.001492149485329719,8.039698600769043,186,nan,-1.0,True,,False,0.010050058364868164,0.0,0.1258549690246582,20.0,20.0,1.0,0.0,0.0,0.0,0.0,0.0
326,39.81101608276367,-0.0,0.0,-0.0,39.81101608276367,0.13618487119674683,9.06629753112793,2.4538514614105225,-0.0,0.0,0.0,0.0,0.0,0.0,0.0,0.0,0.0,0.0,0.0,0.0,0.023000000044703484,0.023000000044703484,0.02,0.15,0.0,0.0,0.0,0.0,0.0,0.0,0.0,0.0,0.0,0.0,0.0,0.0,0.17707078158855438,0.09124752879142761,0.0014125728739600163,8.039698600769043,186,nan,-1.0,True,,False,0.010050058364868164,0.0,0.1258549690246582,20.0,20.0,1.0,0.0,0.0,0.0,0.0,0.0
327,41.499786376953125,-0.0,0.0,-0.0,41.499786376953125,0.13005468249320984,9.086847305297852,2.4947824478149414,-0.0,0.0,0.0,0.0,0.0,0.0,0.0,0.0,0.0,0.0,0.0,0.0,0.023000000044703484,0.023000000044703484,0.020000000000000004,0.14999999999999997,0.0,0.0,0.0,0.0,0.0,0.0,0.0,0.0,0.0,0.0,0.0,0.0,0.17833954095840454,0.09129177033901215,0.0015356519743363606,8.039698600769043,186,nan,-1.0,True,,False,0.010050058364868164,0.0,0.1258549690246582,20.0,20.0,1.0,0.0,0.0,0.0,0.0,0.0
328,43.475765228271484,-0.0,0.0,-0.0,43.475765228271484,0.11976207047700882,9.024221420288086,2.450611114501953,-0.0,0.0,0.0,0.0,0.0,0.0,0.0,0.0,0.0,0.0,0.0,0.0,0.023000000044703484,0.023000000044703484,0.02,0.15,0.0,0.0,0.0,0.0,0.0,0.0,0.0,0.0,0.0,0.0,0.0,0.0,0.17957304418087006,0.09132162481546402,0.0014017168950886116,8.039698600769043,186,nan,-1.0,True,,False,0.010050058364868164,0.0,0.1258549690246582,20.0,20.0,1.0,0.0,0.0,0.0,0.0,0.0
329,45.514305114746094,-0.0,0.0,-0.0,45.514305114746094,0.11149242520332336,9.054706573486328,2.447476625442505,-0.0,0.0,0.0,0.0,0.0,0.0,0.0,0.0,0.0,0.0,0.0,0.0,0.023000000044703484,0.023000000044703484,0.020000000000000004,0.15,0.0,0.0,0.0,0.0,0.0,0.0,0.0,0.0,0.0,0.0,0.0,0.0,0.18076704442501068,0.09137507528066635,0.0014211591155799397,8.039698600769043,186,nan,-1.0,True,,False,0.010050058364868164,0.0,0.1258549690246582,20.0,20.0,1.0,0.0,0.0,0.0,0.0,0.0
330,47.61138916015625,-0.0,0.0,-0.0,47.61138916015625,0.10387787222862244,9.090458869934082,2.4446489810943604,-0.0,0.0,0.0,0.0,0.0,0.0,0.0,0.0,0.0,0.0,0.0,0.0,0.023000000044703484,0.023000000044703484,0.02,0.15,0.0,0.0,0.0,0.0,0.0,0.0,0.0,0.0,0.0,0.0,0.0,0.0,0.18195714056491852,0.0914316400885582,0.0014499318699563446,8.039698600769043,186,nan,-1.0,True,,False,0.010050058364868164,0.0,0.1258549690246582,20.0,20.0,1.0,0.0,0.0,0.0,0.0,0.0
331,49.79696273803711,-0.0,0.0,-0.0,49.79696273803711,0.09670532494783401,9.133298873901367,2.4421300888061523,-0.0,0.0,0.0,0.0,0.0,0.0,0.0,0.0,0.0,0.0,0.0,0.0,0.023000000044703484,0.023000000044703484,0.020000000000000004,0.15,0.0,0.0,0.0,0.0,0.0,0.0,0.0,0.0,0.0,0.0,0.0,0.0,0.18314366042613983,0.09149035066366196,0.0014890321499478887,8.039698600769043,186,nan,-1.0,True,,False,0.010050058364868164,0.0,0.1258549690246582,20.0,20.0,1.0,0.0,0.0,0.0,0.0,0.0
332,52.03033447265625,-0.0,0.0,-0.0,52.03033447265625,0.0900607481598854,9.185277938842773,2.4399068355560303,-0.0,0.0,0.0,0.0,0.0,0.0,0.0,0.0,0.0,0.0,0.0,0.0,0.023000000044703484,0.023000000044703484,0.019999999999999997,0.15,0.0,0.0,0.0,0.0,0.0,0.0,0.0,0.0,0.0,0.0,0.0,0.0,0.18433526158332825,0.09155058115720749,0.0015358214695879724,8.039698600769043,186,nan,-1.0,True,,False,0.010050058364868164,0.0,0.1258549690246582,20.0,20.0,1.0,0.0,0.0,0.0,0.0,0.0
333,54.298065185546875,-0.0,0.0,-0.0,54.298065185546875,0.08391959220170975,9.24813175201416,2.4379026889801025,-0.0,0.0,0.0,0.0,0.0,0.0,0.0,0.0,0.0,0.0,0.0,0.0,0.023000000044703484,0.023000000044703484,0.02,0.14999999999999997,0.0,0.0,0.0,0.0,0.0,0.0,0.0,0.0,0.0,0.0,0.0,0.0,0.18552084267139435,0.0916120857000351,0.0015440843635587953,8.039698600769043,186,nan,-1.0,True,,False,0.010050058364868164,0.0,0.1258549690246582,20.0,20.0,1.0,0.0,0.0,0.0,0.0,0.0
334,56.944122314453125,-0.0,0.0,-0.0,56.944122314453125,0.07744722813367844,9.323436737060547,2.436253786087036,-0.0,0.0,0.0,0.0,0.0,0.0,0.0,0.0,0.0,0.0,0.0,0.0,0.023000000044703484,0.023000000044703484,0.019999999999999997,0.15,0.0,0.0,0.0,0.0,0.0,0.0,0.0,0.0,0.0,0.0,0.0,0.0,0.18667790293693542,0.09166010469198227,0.001385601960009808,8.039698600769043,186,nan,-1.0,True,,False,0.010050058364868164,0.0,0.1258549690246582,20.0,20.0,1.0,0.0,0.0,0.0,0.0,0.0
335,59.85901641845703,-0.0,0.0,-0.0,59.85901641845703,0.07107056677341461,9.412708282470703,2.4350059032440186,-0.0,0.0,0.0,0.0,0.0,0.0,0.0,0.0,0.0,0.0,0.0,0.0,0.023000000044703484,0.023000000044703484,0.02,0.15,0.0,0.0,0.0,0.0,0.0,0.0,0.0,0.0,0.0,0.0,0.0,0.0,0.18781597912311554,0.09169713407754898,0.0012468167988117784,8.039698600769043,186,nan,-1.0,True,,False,0.010050058364868164,0.0,0.1258549690246582,20.0,20.0,1.0,0.0,0.0,0.0,0.0,0.0
336,62.84653854370117,-0.0,0.0,-0.0,62.84653854370117,0.0652497187256813,9.517435073852539,2.4342310428619385,-0.0,0.0,0.0,0.0,0.0,0.0,0.0,0.0,0.0,0.0,0.0,0.0,0.023000000044703484,0.023000000044703484,0.019999999999999997,0.15,0.0,0.0,0.0,0.0,0.0,0.0,0.0,0.0,0.0,0.0,0.0,0.0,0.18893583118915558,0.09172765165567398,0.001253628821359598,8.039698600769043,186,nan,-1.0,True,,False,0.010050058364868164,0.0,0.1258549690246582,20.0,20.0,1.0,0.0,0.0,0.0,0.0,0.0
337,65.99087524414062,-0.0,0.0,-0.0,65.99087524414062,0.05982156842947006,9.638975143432617,2.433917999267578,-0.0,0.0,0.0,0.0,0.0,0.0,0.0,0.0,0.0,0.0,0.0,0.0,0.023000000044703484,0.023000000044703484,0.02,0.15,0.0,0.0,0.0,0.0,0.0,0.0,0.0,0.0,0.0,0.0,0.0,0.0,0.1900445520877838,0.09176158159971237,0.0012439928791536659,8.039698600769043,186,nan,-1.0,True,,False,0.010050058364868164,0.0,0.1258549690246582,20.0,20.0,1.0,0.0,0.0,0.0,0.0,0.0
338,156.4403076171875,-0.0,0.0,-0.0,156.4403076171875,0.008407080546021461,9.777929306030273,2.434141159057617,-0.0,0.0,0.0,0.0,0.0,0.0,0.0,0.0,0.0,0.0,0.0,0.0,0.023000000044703484,0.023000000044703484,0.019999999999999997,0.15,0.0,0.0,0.0,0.0,0.0,0.0,0.0,0.0,0.0,0.0,0.0,0.0,0.1911422461271286,0.09179401397705078,0.00035062545430264436,8.039698600769043,186,nan,-1.0,True,,False,0.010050058364868164,0.0,0.1258549690246582,20.0,20.0,1.0,0.0,0.0,0.0,0.0,0.0
339,72.70404052734375,-0.0,0.0,-0.0,72.70404052734375,0.049961794167757034,9.724244117736816,2.4309210777282715,-0.0,0.0,0.0,0.0,0.0,0.0,0.0,0.0,0.0,0.0,0.0,0.0,0.023000000044703484,0.023000000044703484,0.02,0.15,0.0,0.0,0.0,0.0,0.0,0.0,0.0,0.0,0.0,0.0,0.0,0.0,0.192219540476799,0.09181630611419678,0.0012757078529830324,8.039698600769043,186,nan,-1.0,True,,False,0.010050058364868164,0.0,0.1258549690246582,20.0,20.0,1.0,0.0,0.0,0.0,0.0,0.0
340,76.1302261352539,-0.0,0.0,-0.0,76.1302261352539,0.04557877033948898,9.662262916564941,2.4278712272644043,-0.0,0.0,0.0,0.0,0.0,0.0,0.0,0.0,0.0,0.0,0.0,0.0,0.023000000044703484,0.023000000044703484,0.019999999999999997,0.15000000000000002,0.0,0.0,0.0,0.0,0.0,0.0,0.0,0.0,0.0,0.0,0.0,0.0,0.19328522682189941,0.09184344112873077,0.001291440365548624,8.039698600769043,186,nan,-1.0,True,,False,0.010050058364868164,0.0,0.1258549690246582,20.0,20.0,1.0,0.0,0.0,0.0,0.0,0.0
341,79.8122787475586,-0.0,0.0,-0.0,79.8122787475586,0.04144395515322685,9.600557327270508,2.4251620769500732,-0.0,0.0,0.0,0.0,0.0,0.0,0.0,0.0,0.0,0.0,0.0,0.0,0.023000000044703484,0.023000000044703484,0.02,0.15,0.0,0.0,0.0,0.0,0.0,0.0,0.0,0.0,0.0,0.0,0.0,0.0,0.1943390816450119,0.09187529981136322,0.0013151476935036044,8.039698600769043,186,nan,-1.0,True,,False,0.010050058364868164,0.0,0.1258549690246582,20.0,20.0,1.0,0.0,0.0,0.0,0.0,0.0
342,83.69678497314453,-0.0,0.0,-0.0,83.69678497314453,0.037599533796310425,9.53893756866455,2.4228224754333496,-0.0,0.0,0.0,0.0,0.0,0.0,0.0,0.0,0.0,0.0,0.0,0.0,0.023000000044703484,0.023000000044703484,0.019999999999999997,0.15,0.0,0.0,0.0,0.0,0.0,0.0,0.0,0.0,0.0,0.0,0.0,0.0,0.19538012146949768,0.09191159158945084,0.0013439102658594493,8.039698600769043,186,nan,-1.0,True,,False,0.010050058364868164,0.0,0.1258549690246582,20.0,20.0,1.0,0.0,0.0,0.0,0.0,0.0
343,87.7231216430664,-0.0,0.0,-0.0,87.7231216430664,0.034086015075445175,9.477462768554688,2.420870780944824,-0.0,0.0,0.0,0.0,0.0,0.0,0.0,0.0,0.0,0.0,0.0,0.0,0.023000000044703484,0.023000000044703484,0.02,0.15,0.0,0.0,0.0,0.0,0.0,0.0,0.0,0.0,0.0,0.0,0.0,0.0,0.19640788435935974,0.09164585918188095,0.0013629121147005208,8.039698600769043,186,nan,-1.0,True,,False,0.010050058364868164,0.0,0.1258549690246582,20.0,20.0,1.0,0.0,0.0,0.0,0.0,0.0
344,91.81705474853516,-0.0,0.0,-0.0,91.81705474853516,0.030933000147342682,9.416126251220703,2.419321298599243,-0.0,0.0,0.0,0.0,0.0,0.0,0.0,0.0,0.0,0.0,0.0,0.0,0.023000000044703484,0.023000000044703484,0.02,0.14999999999999997,0.0,0.0,0.0,0.0,0.0,0.0,0.0,0.0,0.0,0.0,0.0,0.0,0.19742144644260406,0.09131118655204773,0.0013794886726827826,8.039698600769043,186,nan,-1.0,True,,False,0.010050058364868164,0.0,0.1258549690246582,20.0,20.0,1.0,0.0,0.0,0.0,0.0,0.0
345,95.8031005859375,-0.0,0.0,-0.0,95.8031005859375,0.028213664889335632,9.354865074157715,2.418206214904785,-0.0,0.0,0.0,0.0,0.0,0.0,0.0,0.0,0.0,0.0,0.0,0.0,0.023000000044703484,0.023000000044703484,0.02,0.15,0.0,0.0,0.0,0.0,0.0,0.0,0.0,0.0,0.0,0.0,0.0,0.0,0.1984192579984665,0.09099327027797699,0.001411540884646456,8.039698600769043,186,nan,-1.0,True,,False,0.010050058364868164,0.0,0.1258549690246582,20.0,20.0,1.0,0.0,0.0,0.0,0.0,0.0
346,98.71830749511719,-0.0,0.0,-0.0,98.71830749511719,0.026429161429405212,9.293746948242188,2.4176125526428223,-0.0,0.0,0.0,0.0,0.0,0.0,0.0,0.0,0.0,0.0,0.0,0.0,0.023000000044703484,0.023000000044703484,0.02,0.15,0.0,0.0,0.0,0.0,0.0,0.0,0.0,0.0,0.0,0.0,0.0,0.0,0.19939851760864258,0.09068866074085236,0.001441276941477554,8.039698600769043,186,nan,-1.0,True,,False,0.010050058364868164,0.0,0.1258549690246582,20.0,20.0,1.0,0.0,0.0,0.0,0.0,0.0
347,126.78524780273438,-0.0,0.0,-0.0,126.78524780273438,0.01460188440978527,9.23253059387207,2.417573928833008,-0.0,0.0,0.0,0.0,0.0,0.0,0.0,0.0,0.0,0.0,0.0,0.0,0.023000000044703484,0.023000000044703484,0.02,0.15,0.0,0.0,0.0,0.0,0.0,0.0,0.0,0.0,0.0,0.0,0.0,0.0,0.20035617053508759,0.0903935506939888,0.0013890543154957413,8.039698600769043,186,nan,-1.0,True,,False,0.010050058364868164,0.0,0.1258549690246582,20.0,20.0,1.0,0.0,0.0,0.0,0.0,0.0
348,582.5173950195312,-0.0,0.0,-0.0,582.5173950195312,4.609399547916837e-05,9.171709060668945,2.417820930480957,-0.0,0.0,0.0,0.0,0.0,0.0,0.0,0.0,0.0,0.0,0.0,0.0,0.023000000044703484,0.023000000044703484,0.02,0.15,0.0,0.0,0.0,0.0,0.0,0.0,0.0,0.0,0.0,0.0,0.0,0.0,0.20130543410778046,0.09014211595058441,0.0013928338853474997,8.039698600769043,186,nan,-1.0,True,,False,0.010050058364868164,0.0,0.1258549690246582,20.0,20.0,1.0,0.0,0.0,0.0,0.0,0.0
349,109.52984619140625,-0.0,0.0,-0.0,109.52984619140625,0.020840996876358986,9.110864639282227,2.4184257984161377,-0.0,0.0,0.0,0.0,0.0,0.0,0.0,0.0,0.0,0.0,0.0,0.0,0.023000000044703484,0.023000000044703484,0.02,0.15,0.0,0.0,0.0,0.0,0.0,0.0,0.0,0.0,0.0,0.0,0.0,0.0,0.20216980576515198,0.08991406112909317,0.0013875836862098367,8.039698600769043,186,nan,-1.0,True,,False,0.010050058364868164,0.0,0.1258549690246582,20.0,20.0,1.0,0.0,0.0,0.0,0.0,0.0
350,64.63257598876953,-0.0,0.0,-0.0,64.63257598876953,0.061884500086307526,9.049969673156738,2.419499635696411,-0.0,0.0,0.0,0.0,0.0,0.0,0.0,0.0,0.0,0.0,0.0,0.0,0.023000000044703484,0.023000000044703484,0.02,0.15,0.0,0.0,0.0,0.0,0.0,0.0,0.0,0.0,0.0,0.0,0.0,0.0,0.20297251641750336,0.08974841237068176,0.0014153694451124466,8.039698600769043,186,nan,-1.0,True,,False,0.010050058364868164,0.0,0.1258549690246582,20.0,20.0,1.0,0.0,0.0,0.0,0.0,0.0
351,58.44538116455078,-0.0,0.0,-0.0,58.44538116455078,0.07389381527900696,8.989002227783203,2.42118501663208,-0.0,0.0,0.0,0.0,0.0,0.0,0.0,0.0,0.0,0.0,0.0,0.0,0.023000000044703484,0.023000000044703484,0.02,0.15,0.0,0.0,0.0,0.0,0.0,0.0,0.0,0.0,0.0,0.0,0.0,0.0,0.2037312537431717,0.08966954797506332,0.0012590086994350713,8.039698600769043,186,nan,-1.0,True,,False,0.010050058364868164,0.0,0.1258549690246582,20.0,20.0,1.0,0.0,0.0,0.0,0.0,0.0
352,129.11805725097656,-0.0,0.0,-0.0,129.11805725097656,0.013977965340018272,8.927958488464355,2.4230685234069824,-0.0,0.0,0.0,0.0,0.0,0.0,0.0,0.0,0.0,0.0,0.0,0.0,0.023000000044703484,0.023000000044703484,0.02,0.15,0.0,0.0,0.0,0.0,0.0,0.0,0.0,0.0,0.0,0.0,0.0,0.0,0.20446638762950897,0.08966301381587982,0.0019921561256524,8.039698600769043,186,nan,-1.0,True,,False,0.010050058364868164,0.0,0.1258549690246582,20.0,20.0,1.0,0.0,0.0,0.0,0.0,0.0
353,90.3488998413086,-0.0,0.0,-0.0,90.3488998413086,0.032117970287799835,8.866701126098633,2.420900583267212,-0.0,0.0,0.0,0.0,0.0,0.0,0.0,0.0,0.0,0.0,0.0,0.0,0.023000000044703484,0.023000000044703484,0.02,0.15,0.0,0.0,0.0,0.0,0.0,0.0,0.0,0.0,0.0,0.0,0.0,0.0,0.20518307387828827,0.09002023935317993,0.0009328327801085834,8.039698600769043,186,nan,-1.0,True,,False,0.010050058364868164,0.0,0.1258549690246582,20.0,20.0,1.0,0.0,0.0,0.0,0.0,0.0
354,71.43917083740234,-0.0,0.0,-0.0,71.43917083740234,0.05120424926280975,8.805428504943848,2.416583776473999,-0.0,0.0,0.0,0.0,0.0,0.0,0.0,0.0,0.0,0.0,0.0,0.0,0.023000000044703484,0.023000000044703484,0.02,0.15,0.0,0.0,0.0,0.0,0.0,0.0,0.0,0.0,0.0,0.0,0.0,0.0,0.20587681233882904,0.09066224098205566,0.0010653618710421142,8.039698600769043,186,nan,-1.0,True,,False,0.010050058364868164,0.0,0.1258549690246582,20.0,20.0,1.0,0.0,0.0,0.0,0.0,0.0
355,86.55615997314453,-0.0,0.0,-0.0,86.55615997314453,0.03481882065534592,8.743990898132324,2.412672519683838,-0.0,0.0,0.0,0.0,0.0,0.0,0.0,0.0,0.0,0.0,0.0,0.0,0.023000000044703484,0.023000000044703484,0.02,0.15000000000000002,0.0,0.0,0.0,0.0,0.0,0.0,0.0,0.0,0.0,0.0,0.0,0.0,0.20657072961330414,0.09154030680656433,0.001020833553866396,8.039698600769043,186,nan,-1.0,True,,False,0.010050058364868164,0.0,0.1258549690246582,20.0,20.0,1.0,0.0,0.0,0.0,0.0,0.0
356,118.27171325683594,-0.0,0.0,-0.0,118.27171325683594,0.01717987284064293,8.682413101196289,2.4091274738311768,-0.0,0.0,0.0,0.0,0.0,0.0,0.0,0.0,0.0,0.0,0.0,0.0,0.023000000044703484,0.023000000044703484,0.02,0.15,0.0,0.0,0.0,0.0,0.0,0.0,0.0,0.0,0.0,0.0,0.0,0.0,0.20728209614753723,0.09254476428031921,0.0010248228700220352,8.039698600769043,186,nan,-1.0,True,,False,0.010050058364868164,0.0,0.1258549690246582,20.0,20.0,1.0,0.0,0.0,0.0,0.0,0.0
357,394.783203125,-0.0,0.0,-0.0,394.783203125,0.0003075702697969973,8.620676040649414,2.4059524536132812,-0.0,0.0,0.0,0.0,0.0,0.0,0.0,0.0,0.0,0.0,0.0,0.0,0.023000000044703484,0.023000000044703484,0.02,0.15,0.0,0.0,0.0,0.0,0.0,0.0,0.0,0.0,0.0,0.0,0.0,0.0,0.20803332328796387,0.09354458749294281,0.0010482303637218138,8.039698600769043,186,nan,-1.0,True,,False,0.010050058364868164,0.0,0.1258549690246582,20.0,20.0,1.0,0.0,0.0,0.0,0.0,0.0
358,128.3367919921875,-0.0,0.0,-0.0,128.3367919921875,0.013979032635688782,8.593873977661133,2.402909755706787,-0.0,0.0,0.0,0.0,0.0,0.0,0.0,0.0,0.0,0.0,0.0,0.0,0.023000000044703484,0.023000000044703484,0.02,0.15000000000000002,0.0,0.0,0.0,0.0,0.0,0.0,0.0,0.0,0.0,0.0,0.0,0.0,0.20883221924304962,0.09437967091798782,0.0010383547100900614,8.039698600769043,186,nan,-1.0,True,,False,0.010050058364868164,0.0,0.1258549690246582,20.0,20.0,1.0,0.0,0.0,0.0,0.0,0.0
359,98.27888488769531,-0.0,0.0,-0.0,98.27888488769531,0.026304200291633606,8.594017028808594,2.4001708030700684,-0.0,0.0,0.0,0.0,0.0,0.0,0.0,0.0,0.0,0.0,0.0,0.0,0.023000000044703484,0.023000000044703484,0.02,0.15,0.0,0.0,0.0,0.0,0.0,0.0,0.0,0.0,0.0,0.0,0.0,0.0,0.20968084037303925,0.0949336439371109,0.0010126967185897229,8.039698600769043,186,nan,-1.0,True,,False,0.010050058364868164,0.0,0.1258549690246582,20.0,20.0,1.0,0.0,0.0,0.0,0.0,0.0
360,96.5283203125,-0.0,0.0,-0.0,96.5283203125,0.027344169095158577,8.596421241760254,2.39774751663208,-0.0,0.0,0.0,0.0,0.0,0.0,0.0,0.0,0.0,0.0,0.0,0.0,0.023000000044703484,0.023000000044703484,0.02,0.14999999999999997,0.0,0.0,0.0,0.0,0.0,0.0,0.0,0.0,0.0,0.0,0.0,0.0,0.21053127944469452,0.09548571705818176,0.0009448950922887889,8.039698600769043,186,nan,-1.0,True,,False,0.010050058364868164,0.0,0.1258549690246582,20.0,20.0,1.0,0.0,0.0,0.0,0.0,0.0
361,134.32107543945312,-0.0,0.0,-0.0,134.32107543945312,0.012401087209582329,8.601258277893066,2.3955395221710205,-0.0,0.0,0.0,0.0,0.0,0.0,0.0,0.0,0.0,0.0,0.0,0.0,0.023000000044703484,0.023000000044703484,0.02,0.15,0.0,0.0,0.0,0.0,0.0,0.0,0.0,0.0,0.0,0.0,0.0,0.0,0.21134944260120392,0.09598702937364578,0.0008500845538037538,8.039698600769043,186,nan,-1.0,True,,False,0.010050058364868164,0.0,0.1258549690246582,20.0,20.0,1.0,0.0,0.0,0.0,0.0,0.0
362,157.9720001220703,-0.0,0.0,-0.0,157.9720001220703,0.007997488602995872,8.608264923095703,2.3934102058410645,-0.0,0.0,0.0,0.0,0.0,0.0,0.0,0.0,0.0,0.0,0.0,0.0,0.023000000044703484,0.023000000044703484,0.02,0.15,0.0,0.0,0.0,0.0,0.0,0.0,0.0,0.0,0.0,0.0,0.0,0.0,0.21214795112609863,0.0964743047952652,0.0007573042721560341,8.039698600769043,186,nan,-1.0,True,,False,0.010050058364868164,0.0,0.1258549690246582,20.0,20.0,1.0,0.0,0.0,0.0,0.0,0.0
363,172.5833740234375,-0.0,0.0,-0.0,172.5833740234375,0.006198893301188946,8.617349624633789,2.3915417194366455,-0.0,0.0,0.0,0.0,0.0,0.0,0.0,0.0,0.0,0.0,0.0,0.0,0.023000000044703484,0.023000000044703484,0.02,0.15,0.0,0.0,0.0,0.0,0.0,0.0,0.0,0.0,0.0,0.0,0.0,0.0,0.2129170000553131,0.09656930714845657,0.0006346963950818463,8.039698600769043,186,nan,-1.0,True,,False,0.010050058364868164,0.0,0.1258549690246582,20.0,20.0,1.0,0.0,0.0,0.0,0.0,0.0
364,193.56271362304688,-0.0,0.0,-0.0,193.56271362304688,0.004380920901894569,8.628373146057129,2.3901243209838867,-0.0,0.0,0.0,0.0,0.0,0.0,0.0,0.0,0.0,0.0,0.0,0.0,0.023000000044703484,0.023000000044703484,0.02,0.15,0.0,0.0,0.0,0.0,0.0,0.0,0.0,0.0,0.0,0.0,0.0,0.0,0.2136516124010086,0.09617377817630768,0.0004969464862369932,8.039698600769043,186,nan,-1.0,True,,False,0.010050058364868164,0.0,0.1258549690246582,20.0,20.0,1.0,0.0,0.0,0.0,0.0,0.0
365,111.45972442626953,-0.0,0.0,-0.0,111.45972442626953,0.019659994170069695,8.640289306640625,2.3888213634490967,-0.0,0.0,0.0,0.0,0.0,0.0,0.0,0.0,0.0,0.0,0.0,0.0,0.023000000044703484,0.023000000044703484,0.02,0.15,0.0,0.0,0.0,0.0,0.0,0.0,0.0,0.0,0.0,0.0,0.0,0.0,0.21436476707458496,0.09599976241588593,0.00040317622870134073,8.039698600769043,186,nan,-1.0,True,,False,0.010050058364868164,0.0,0.1258549690246582,20.0,20.0,1.0,0.0,0.0,0.0,0.0,0.0
366,84.5716323852539,-0.0,0.0,-0.0,84.5716323852539,0.03619999811053276,8.653094291687012,2.3877058029174805,-0.0,0.0,0.0,0.0,0.0,0.0,0.0,0.0,0.0,0.0,0.0,0.0,0.023000000044703484,0.023000000044703484,0.02,0.15,0.0,0.0,0.0,0.0,0.0,0.0,0.0,0.0,0.0,0.0,0.0,0.0,0.2150760442018509,0.09584975987672806,0.00036052968198418966,8.039698600769043,186,nan,-1.0,True,,False,0.010050058364868164,0.0,0.1258549690246582,20.0,20.0,1.0,0.0,0.0,0.0,0.0,0.0
367,75.43165588378906,-0.0,0.0,-0.0,75.43165588378906,0.045583322644233704,8.666213989257812,2.3867526054382324,-0.0,0.0,0.0,0.0,0.0,0.0,0.0,0.0,0.0,0.0,0.0,0.0,0.023000000044703484,0.023000000044703484,0.02,0.15,0.0,0.0,0.0,0.0,0.0,0.0,0.0,0.0,0.0,0.0,0.0,0.0,0.2157941311597824,0.09572351723909378,0.0009091856672966969,8.039698600769043,186,nan,-1.0,True,,False,0.010050058364868164,0.0,0.1258549690246582,20.0,20.0,1.0,0.0,0.0,0.0,0.0,0.0
368,119.52760314941406,-0.0,0.0,-0.0,119.52760314941406,0.016636351123452187,8.680868148803711,2.386068820953369,-0.0,0.0,0.0,0.0,0.0,0.0,0.0,0.0,0.0,0.0,0.0,0.0,0.023000000044703484,0.023000000044703484,0.02,0.15,0.0,0.0,0.0,0.0,0.0,0.0,0.0,0.0,0.0,0.0,0.0,0.0,0.2164919376373291,0.09537599235773087,0.0009530378383715288,8.039698600769043,186,nan,-1.0,True,,False,0.010050058364868164,0.0,0.1258549690246582,20.0,20.0,1.0,0.0,0.0,0.0,0.0,0.0
369,198.27513122558594,-0.0,0.0,-0.0,198.27513122558594,0.004065514542162418,8.696636199951172,2.3855488300323486,-0.0,0.0,0.0,0.0,0.0,0.0,0.0,0.0,0.0,0.0,0.0,0.0,0.023000000044703484,0.023000000044703484,0.02,0.15,0.0,0.0,0.0,0.0,0.0,0.0,0.0,0.0,0.0,0.0,0.0,0.0,0.21717433631420135,0.09505176544189453,0.0010168251410505036,8.039698600769043,186,nan,-1.0,True,,False,0.010050058364868164,0.0,0.1258549690246582,20.0,20.0,1.0,0.0,0.0,0.0,0.0,0.0
370,105.67810821533203,-0.0,0.0,-0.0,105.67810821533203,0.022303109988570213,8.71257495880127,2.3848330974578857,-0.0,0.0,0.0,0.0,0.0,0.0,0.0,0.0,0.0,0.0,0.0,0.0,0.023000000044703484,0.023000000044703484,0.02,0.15,0.0,0.0,0.0,0.0,0.0,0.0,0.0,0.0,0.0,0.0,0.0,0.0,0.21784940361976624,0.09474983811378479,0.0010450779614075145,8.039698600769043,186,nan,-1.0,True,,False,0.010050058364868164,0.0,0.1258549690246582,20.0,20.0,1.0,0.0,0.0,0.0,0.0,0.0
371,87.67879486083984,-0.0,0.0,-0.0,87.67879486083984,0.03369296342134476,8.728832244873047,2.384046792984009,-0.0,0.0,0.0,0.0,0.0,0.0,0.0,0.0,0.0,0.0,0.0,0.0,0.023000000044703484,0.023000000044703484,0.02,0.15,0.0,0.0,0.0,0.0,0.0,0.0,0.0,0.0,0.0,0.0,0.0,0.0,0.21850834786891937,0.09439051151275635,0.001050216262228787,8.039698600769043,186,nan,-1.0,True,,False,0.010050058364868164,0.0,0.1258549690246582,20.0,20.0,1.0,0.0,0.0,0.0,0.0,0.0
372,230.96644592285156,-0.0,0.0,-0.0,230.96644592285156,0.0024694795720279217,8.745644569396973,2.3833043575286865,-0.0,0.0,0.0,0.0,0.0,0.0,0.0,0.0,0.0,0.0,0.0,0.0,0.023000000044703484,0.023000000044703484,0.02,0.15,0.0,0.0,0.0,0.0,0.0,0.0,0.0,0.0,0.0,0.0,0.0,0.0,0.21918609738349915,0.09404126554727554,0.0009974388444788929,8.039698600769043,186,nan,-1.0,True,,False,0.010050058364868164,0.0,0.1258549690246582,20.0,20.0,1.0,0.0,0.0,0.0,0.0,0.0
373,83.85075378417969,-0.0,0.0,-0.0,83.85075378417969,0.03692666441202164,8.762992858886719,2.3819267749786377,-0.0,0.0,0.0,0.0,0.0,0.0,0.0,0.0,0.0,0.0,0.0,0.0,0.023000000044703484,0.023000000044703484,0.02,0.15,0.0,0.0,0.0,0.0,0.0,0.0,0.0,0.0,0.0,0.0,0.0,0.0,0.2198578119277954,0.09367037564516068,0.0009854616491793422,8.039698600769043,186,nan,-1.0,True,,False,0.010050058364868164,0.0,0.1258549690246582,20.0,20.0,1.0,0.0,0.0,0.0,0.0,0.0
374,60.33088684082031,-0.0,0.0,-0.0,60.33088684082031,0.06893711537122726,8.781023025512695,2.3806238174438477,-0.0,0.0,0.0,0.0,0.0,0.0,0.0,0.0,0.0,0.0,0.0,0.0,0.023000000044703484,0.023000000044703484,0.02,0.15,0.0,0.0,0.0,0.0,0.0,0.0,0.0,0.0,0.0,0.0,0.0,0.0,0.22049961984157562,0.09338973462581635,0.0009680791436039726,8.039698600769043,186,nan,-1.0,True,,False,0.010050058364868164,0.0,0.1258549690246582,20.0,20.0,1.0,0.0,0.0,0.0,0.0,0.0
375,51.54412078857422,-0.0,0.0,-0.0,51.54412078857422,0.0899292379617691,8.799863815307617,2.3794543743133545,-0.0,0.0,0.0,0.0,0.0,0.0,0.0,0.0,0.0,0.0,0.0,0.0,0.023000000044703484,0.023000000044703484,0.02,0.15,0.0,0.0,0.0,0.0,0.0,0.0,0.0,0.0,0.0,0.0,0.0,0.0,0.22114041447639465,0.09312810003757477,0.0016089929199551989,8.039698600769043,186,nan,-1.0,True,,False,0.010050058364868164,0.0,0.1258549690246582,20.0,20.0,1.0,0.0,0.0,0.0,0.0,0.0
376,139.17230224609375,-0.0,0.0,-0.0,139.17230224609375,0.011300439946353436,8.819478034973145,2.378328800201416,-0.0,0.0,0.0,0.0,0.0,0.0,0.0,0.0,0.0,0.0,0.0,0.0,0.023000000044703484,0.023000000044703484,0.02,0.15,0.0,0.0,0.0,0.0,0.0,0.0,0.0,0.0,0.0,0.0,0.0,0.0,0.2217603474855423,0.09288869798183441,0.00162767906431327,8.039698600769043,186,nan,-1.0,True,,False,0.010050058364868164,0.0,0.1258549690246582,20.0,20.0,1.0,0.0,0.0,0.0,0.0,0.0
377,68.02745056152344,-0.0,0.0,-0.0,68.02745056152344,0.055534727871418,8.839987754821777,2.37616229057312,-0.0,0.0,0.0,0.0,0.0,0.0,0.0,0.0,0.0,0.0,0.0,0.0,0.023000000044703484,0.023000000044703484,0.02,0.15,0.0,0.0,0.0,0.0,0.0,0.0,0.0,0.0,0.0,0.0,0.0,0.0,0.22240617871284485,0.0926617681980133,0.0009003990617202362,8.039698600769043,186,nan,-1.0,True,,False,0.010050058364868164,0.0,0.1258549690246582,20.0,20.0,1.0,0.0,0.0,0.0,0.0,0.0
378,141.85963439941406,-0.0,0.0,-0.0,141.85963439941406,0.010723956860601902,8.861297607421875,2.374194383621216,-0.0,0.0,0.0,0.0,0.0,0.0,0.0,0.0,0.0,0.0,0.0,0.0,0.023000000044703484,0.023000000044703484,0.02,0.15,0.0,0.0,0.0,0.0,0.0,0.0,0.0,0.0,0.0,0.0,0.0,0.0,0.2230468988418579,0.09245593845844269,0.0009666746032053197,8.039698600769043,186,nan,-1.0,True,,False,0.010050058364868164,0.0,0.1258549690246582,20.0,20.0,1.0,0.0,0.0,0.0,0.0,0.0
379,81.69185638427734,-0.0,0.0,-0.0,81.69185638427734,0.03892450034618378,8.883221626281738,2.371891975402832,-0.0,0.0,0.0,0.0,0.0,0.0,0.0,0.0,0.0,0.0,0.0,0.0,0.023000000044703484,0.023000000044703484,0.02,0.15,0.0,0.0,0.0,0.0,0.0,0.0,0.0,0.0,0.0,0.0,0.0,0.0,0.22367744147777557,0.09229682385921478,0.001066763990365871,8.039698600769043,186,nan,-1.0,True,,False,0.010050058364868164,0.0,0.1258549690246582,20.0,20.0,1.0,0.0,0.0,0.0,0.0,0.0
380,187.99456787109375,-0.0,0.0,-0.0,187.99456787109375,0.004808003082871437,8.905923843383789,2.3695566654205322,-0.0,0.0,0.0,0.0,0.0,0.0,0.0,0.0,0.0,0.0,0.0,0.0,0.023000000044703484,0.023000000044703484,0.02,0.15000000000000002,0.0,0.0,0.0,0.0,0.0,0.0,0.0,0.0,0.0,0.0,0.0,0.0,0.22432103753089905,0.092143714427948,0.0014394414322396187,8.039698600769043,186,nan,-1.0,True,,False,0.010050058364868164,0.0,0.1258549690246582,20.0,20.0,1.0,0.0,0.0,0.0,0.0,0.0
381,76.1095199584961,-0.0,0.0,-0.0,76.1095199584961,0.044598449021577835,8.923224449157715,2.36515212059021,-0.0,0.0,0.0,0.0,0.0,0.0,0.0,0.0,0.0,0.0,0.0,0.0,0.023000000044703484,0.023000000044703484,0.02,0.15,0.0,0.0,0.0,0.0,0.0,0.0,0.0,0.0,0.0,0.0,0.0,0.0,0.22498293220996857,0.09200374037027359,0.0007202898682407977,8.039698600769043,186,nan,-1.0,True,,False,0.010050058364868164,0.0,0.1258549690246582,20.0,20.0,1.0,0.0,0.0,0.0,0.0,0.0
382,47.92748260498047,-0.0,0.0,-0.0,47.92748260498047,0.09974755346775055,8.989919662475586,2.3606626987457275,-0.0,0.0,0.0,0.0,0.0,0.0,0.0,0.0,0.0,0.0,0.0,0.0,0.023000000044703484,0.023000000044703484,0.02,0.14999999999999997,0.0,0.0,0.0,0.0,0.0,0.0,0.0,0.0,0.0,0.0,0.0,0.0,0.22565937042236328,0.09186533838510513,0.0006680775341010303,8.039698600769043,186,nan,-1.0,True,,False,0.010050058364868164,0.0,0.1258549690246582,20.0,20.0,1.0,0.0,0.0,0.0,0.0,0.0
383,34.97370147705078,-0.0,0.0,-0.0,34.97370147705078,0.15656889975070953,9.058533668518066,2.35628342628479,-0.0,0.0,0.0,0.0,0.0,0.0,0.0,0.0,0.0,0.0,0.0,0.0,0.023000000044703484,0.023000000044703484,0.02,0.15,0.0,0.0,0.0,0.0,0.0,0.0,0.0,0.0,0.0,0.0,0.0,0.0,0.22634844481945038,0.09173090010881424,0.0005984700437693391,8.039698600769043,186,nan,-1.0,True,,False,0.010050058364868164,0.0,0.1258549690246582,20.0,20.0,1.0,0.0,0.0,0.0,0.0,0.0
384,30.728334426879883,-0.0,0.0,-0.0,30.728334426879883,0.18434035778045654,9.128959655761719,2.352029323577881,-0.0,0.0,0.0,0.0,0.0,0.0,0.0,0.0,0.0,0.0,0.0,0.0,0.023000000044703484,0.023000000044703484,0.02,0.15,0.0,0.0,0.0,0.0,0.0,0.0,0.0,0.0,0.0,0.0,0.0,0.0,0.22704747319221497,0.09161147475242615,0.001346437026768399,8.039698600769043,186,nan,-1.0,True,,False,0.010050058364868164,0.0,0.1258549690246582,20.0,20.0,1.0,0.0,0.0,0.0,0.0,0.0
385,29.507116317749023,-0.0,0.0,-0.0,29.507116317749023,0.1931438148021698,9.200371742248535,2.347991943359375,-0.0,0.0,0.0,0.0,0.0,0.0,0.0,0.0,0.0,0.0,0.0,0.0,0.023000000044703484,0.023000000044703484,0.02,0.15,0.0,0.0,0.0,0.0,0.0,0.0,0.0,0.0,0.0,0.0,0.0,0.0,0.2277379035949707,0.09148195385932922,0.0013571134675203211,8.039698600769043,186,nan,-1.0,True,,False,0.010050058364868164,0.0,0.1258549690246582,20.0,20.0,1.0,0.0,0.0,0.0,0.0,0.0
386,28.4208984375,-0.0,0.0,-0.0,28.4208984375,0.20154209434986115,9.272787094116211,2.344177007675171,-0.0,0.0,0.0,0.0,0.0,0.0,0.0,0.0,0.0,0.0,0.0,0.0,0.023000000044703484,0.023000000044703484,0.02,0.14999999999999997,0.0,0.0,0.0,0.0,0.0,0.0,0.0,0.0,0.0,0.0,0.0,0.0,0.2284199744462967,0.09135127067565918,0.0013583289962753042,8.039698600769043,186,nan,-1.0,True,,False,0.010050058364868164,0.0,0.1258549690246582,20.0,20.0,1.0,0.0,0.0,0.0,0.0,0.0
387,27.386943817138672,-0.0,0.0,-0.0,27.386943817138672,0.2101137340068817,9.346345901489258,2.340602159500122,-0.0,0.0,0.0,0.0,0.0,0.0,0.0,0.0,0.0,0.0,0.0,0.0,0.023000000044703484,0.023000000044703484,0.02,0.15,0.0,0.0,0.0,0.0,0.0,0.0,0.0,0.0,0.0,0.0,0.0,0.0,0.2290939837694168,0.09122763574123383,0.0013593760322692106,8.039698600769043,186,nan,-1.0,True,,False,0.010050058364868164,0.0,0.1258549690246582,20.0,20.0,1.0,0.0,0.0,0.0,0.0,0.0
388,26.23163604736328,-0.0,0.0,-0.0,26.23163604736328,0.22049543261528015,9.421039581298828,2.3372366428375244,-0.0,0.0,0.0,0.0,0.0,0.0,0.0,0.0,0.0,0.0,0.0,0.0,0.023000000044703484,0.023000000044703484,0.02,0.15,0.0,0.0,0.0,0.0,0.0,0.0,0.0,0.0,0.0,0.0,0.0,0.0,0.2297445833683014,0.09115331619977951,0.0013548360523145675,8.039698600769043,186,nan,-1.0,True,,False,0.010050058364868164,0.0,0.1258549690246582,20.0,20.0,1.0,0.0,0.0,0.0,0.0,0.0
389,24.552196502685547,-0.0,0.0,-0.0,24.552196502685547,0.23729662597179413,9.496816635131836,2.334016799926758,-0.0,0.0,0.0,0.0,0.0,0.0,0.0,0.0,0.0,0.0,0.0,0.0,0.023000000044703484,0.023000000044703484,0.02,0.15,0.0,0.0,0.0,0.0,0.0,0.0,0.0,0.0,0.0,0.0,0.0,0.0,0.2303376942873001,0.09119866788387299,0.0013466518732911936,8.039698600769043,186,nan,-1.0,True,,False,0.010050058364868164,0.0,0.1258549690246582,20.0,20.0,1.0,0.0,0.0,0.0,0.0,0.0
390,22.49014663696289,-0.0,0.0,-0.0,22.49014663696289,0.2608160078525543,9.573698043823242,2.33097505569458,-0.0,0.0,0.0,0.0,0.0,0.0,0.0,0.0,0.0,0.0,0.0,0.0,0.023000000044703484,0.023000000044703484,0.02,0.15,0.0,0.0,0.0,0.0,0.0,0.0,0.0,0.0,0.0,0.0,0.0,0.0,0.23089957237243652,0.0911298543214798,0.0013420168040738645,8.039698600769043,186,nan,-1.0,True,,False,0.010050058364868164,0.0,0.1258549690246582,20.0,20.0,1.0,0.0,0.0,0.0,0.0,0.0
391,20.29679298400879,-0.0,0.0,-0.0,20.29679298400879,0.28998005390167236,9.65164566040039,2.328155994415283,-0.0,0.0,0.0,0.0,0.0,0.0,0.0,0.0,0.0,0.0,0.0,0.0,0.023000000044703484,0.023000000044703484,0.02,0.15,0.0,0.0,0.0,0.0,0.0,0.0,0.0,0.0,0.0,0.0,0.0,0.0,0.2314387410879135,0.09103676676750183,0.0013391256052273093,8.039698600769043,186,nan,-1.0,True,,False,0.010050058364868164,0.0,0.1258549690246582,20.0,20.0,1.0,0.0,0.0,0.0,0.0,0.0
392,18.03556251525879,-0.0,0.0,-0.0,18.03556251525879,0.3256796598434448,9.730534553527832,2.3255724906921387,-0.0,0.0,0.0,0.0,0.0,0.0,0.0,0.0,0.0,0.0,0.0,0.0,0.023000000044703484,0.023000000044703484,0.02,0.15,0.0,0.0,0.0,0.0,0.0,0.0,0.0,0.0,0.0,0.0,0.0,0.0,0.23195376992225647,0.09092925488948822,0.001335292316525738,8.039698600769043,186,nan,-1.0,True,,False,0.010050058364868164,0.0,0.1258549690246582,20.0,20.0,1.0,0.0,0.0,0.0,0.0,0.0
393,17.988967895507812,-0.0,0.0,-0.0,17.988967895507812,0.32618314027786255,9.810394287109375,2.323256492614746,-0.0,0.0,0.0,0.0,0.0,0.0,0.0,0.0,0.0,0.0,0.0,0.0,0.023000000044703484,0.023000000044703484,0.02,0.15,0.0,0.0,0.0,0.0,0.0,0.0,0.0,0.0,0.0,0.0,0.0,0.0,0.2324334681034088,0.09085394442081451,0.0011511201796565729,8.039698600769043,186,nan,-1.0,True,,False,0.010050058364868164,0.0,0.1258549690246582,20.0,20.0,1.0,0.0,0.0,0.0,0.0,0.0
394,19.900894165039062,-0.0,0.0,-0.0,19.900894165039062,0.2950515151023865,9.891146659851074,2.3211476802825928,-0.0,0.0,0.0,0.0,0.0,0.0,0.0,0.0,0.0,0.0,0.0,0.0,0.023000000044703484,0.023000000044703484,0.02,0.14999999999999997,0.0,0.0,0.0,0.0,0.0,0.0,0.0,0.0,0.0,0.0,0.0,0.0,0.2329149693250656,0.09077852219343185,0.0011519658937686472,8.039698600769043,186,nan,-1.0,True,,False,0.010050058364868164,0.0,0.1258549690246582,20.0,20.0,1.0,0.0,0.0,0.0,0.0,0.0
395,27.55526351928711,-0.0,0.0,-0.0,27.55526351928711,0.20645098388195038,9.972898483276367,2.3192553520202637,-0.0,0.0,0.0,0.0,0.0,0.0,0.0,0.0,0.0,0.0,0.0,0.0,0.023000000044703484,0.023000000044703484,0.02,0.14999999999999997,0.0,0.0,0.0,0.0,0.0,0.0,0.0,0.0,0.0,0.0,0.0,0.0,0.2334037870168686,0.09069525450468063,0.0012107978373023798,8.039698600769043,186,nan,-1.0,True,,False,0.010050058364868164,0.0,0.1258549690246582,20.0,20.0,1.0,0.0,0.0,0.0,0.0,0.0
396,48.47840118408203,-0.0,0.0,-0.0,48.47840118408203,0.09542766213417053,10.055275917053223,2.317629814147949,-0.0,0.0,0.0,0.0,0.0,0.0,0.0,0.0,0.0,0.0,0.0,0.0,0.023000000044703484,0.023000000044703484,0.02,0.15,0.0,0.0,0.0,0.0,0.0,0.0,0.0,0.0,0.0,0.0,0.0,0.0,0.23389200866222382,0.0905967727303505,0.0011503789010021137,8.039698600769043,186,nan,-1.0,True,,False,0.010050058364868164,0.0,0.1258549690246582,20.0,20.0,1.0,0.0,0.0,0.0,0.0,0.0
397,96.0827407836914,-0.0,0.0,-0.0,96.0827407836914,0.026697862893342972,10.138212203979492,2.3158702850341797,-0.0,0.0,0.0,0.0,0.0,0.0,0.0,0.0,0.0,0.0,0.0,0.0,0.023000000044703484,0.023000000044703484,0.02,0.15,0.0,0.0,0.0,0.0,0.0,0.0,0.0,0.0,0.0,0.0,0.0,0.0,0.2343822568655014,0.09045027941465378,0.0010935480604530312,8.039698600769043,186,nan,-1.0,True,,False,0.010050058364868164,0.0,0.1258549690246582,20.0,20.0,1.0,0.0,0.0,0.0,0.0,0.0
398,35.06931686401367,-0.0,0.0,-0.0,35.06931686401367,0.1520809829235077,10.222441673278809,2.3122146129608154,-0.0,0.0,0.0,0.0,0.0,0.0,0.0,0.0,0.0,0.0,0.0,0.0,0.023000000044703484,0.023000000044703484,0.02,0.15,0.0,0.0,0.0,0.0,0.0,0.0,0.0,0.0,0.0,0.0,0.0,0.0,0.2349228858947754,0.09021055698394775,0.0011607070655372809,8.039698600769043,186,nan,-1.0,True,,False,0.010050058364868164,0.0,0.1258549690246582,20.0,20.0,1.0,0.0,0.0,0.0,0.0,0.0
399,44.226524353027344,-0.0,0.0,-0.0,44.226524353027344,0.1092897579073906,10.307719230651855,2.3088648319244385,-0.0,0.0,0.0,0.0,0.0,0.0,0.0,0.0,0.0,0.0,0.0,0.0,0.023000000044703484,0.023000000044703484,0.02,0.15,0.0,0.0,0.0,0.0,0.0,0.0,0.0,0.0,0.0,0.0,0.0,0.0,0.23548300564289093,0.08981341868638992,0.0011724485630111303,8.039698600769043,186,nan,-1.0,True,,False,0.010050058364868164,0.0,0.1258549690246582,20.0,20.0,1.0,0.0,0.0,0.0,0.0,0.0
400,61.40318298339844,-0.0,0.0,-0.0,61.40318298339844,0.06407391279935837,10.394020080566406,2.3057618141174316,-0.0,0.0,0.0,0.0,0.0,0.0,0.0,0.0,0.0,0.0,0.0,0.0,0.023000000044703484,0.023000000044703484,0.02,0.15,0.0,0.0,0.0,0.0,0.0,0.0,0.0,0.0,0.0,0.0,0.0,0.0,0.23606239259243011,0.08937431126832962,0.0011692629491335538,8.039698600769043,186,nan,-1.0,True,,False,0.010050058364868164,0.0,0.1258549690246582,20.0,20.0,1.0,0.0,0.0,0.0,0.0,0.0
401,120.70903778076172,-0.0,0.0,-0.0,120.70903778076172,0.015605218708515167,10.481342315673828,2.3029563426971436,-0.0,0.0,0.0,0.0,0.0,0.0,0.0,0.0,0.0,0.0,0.0,0.0,0.023000000044703484,0.023000000044703484,0.02,0.15,0.0,0.0,0.0,0.0,0.0,0.0,0.0,0.0,0.0,0.0,0.0,0.0,0.2366575300693512,0.088956817984581,0.0011735981838683074,8.039698600769043,186,nan,-1.0,True,,False,0.010050058364868164,0.0,0.1258549690246582,20.0,20.0,1.0,0.0,0.0,0.0,0.0,0.0
402,77.38389587402344,-0.0,0.0,-0.0,77.38389587402344,0.041553888469934464,10.569692611694336,2.299713611602783,-0.0,0.0,0.0,0.0,0.0,0.0,0.0,0.0,0.0,0.0,0.0,0.0,0.023000000044703484,0.023000000044703484,0.02,0.15,0.0,0.0,0.0,0.0,0.0,0.0,0.0,0.0,0.0,0.0,0.0,0.0,0.23724789917469025,0.0885426253080368,0.0011729849334187747,8.039698600769043,186,nan,-1.0,True,,False,0.010050058364868164,0.0,0.1258549690246582,20.0,20.0,1.0,0.0,0.0,0.0,0.0,0.0
403,45.896766662597656,-0.0,0.0,-0.0,45.896766662597656,0.10291288793087006,10.658894538879395,2.297334671020508,-0.0,0.0,0.0,0.0,0.0,0.0,0.0,0.0,0.0,0.0,0.0,0.0,0.023000000044703484,0.023000000044703484,0.02,0.15,0.0,0.0,0.0,0.0,0.0,0.0,0.0,0.0,0.0,0.0,0.0,0.0,0.23779645562171936,0.08817686885595322,0.0011831722445094783,8.039698600769043,186,nan,-1.0,True,,False,0.010050058364868164,0.0,0.1258549690246582,20.0,20.0,1.0,0.0,0.0,0.0,0.0,0.0
404,38.429664611816406,-0.0,0.0,-0.0,38.429664611816406,0.13334929943084717,10.74902057647705,2.295417070388794,-0.0,0.0,0.0,0.0,0.0,0.0,0.0,0.0,0.0,0.0,0.0,0.0,0.023000000044703484,0.023000000044703484,0.02,0.15,0.0,0.0,0.0,0.0,0.0,0.0,0.0,0.0,0.0,0.0,0.0,0.0,0.2383178323507309,0.0878603458404541,0.0009167194548354018,8.039698600769043,186,nan,-1.0,True,,False,0.010050058364868164,0.0,0.1258549690246582,20.0,20.0,1.0,0.0,0.0,0.0,0.0,0.0
405,79.62653350830078,-0.0,0.0,-0.0,79.62653350830078,0.0392046682536602,10.839178085327148,2.293816328048706,-0.0,0.0,0.0,0.0,0.0,0.0,0.0,0.0,0.0,0.0,0.0,0.0,0.023000000044703484,0.023000000044703484,0.02,0.14999999999999997,0.0,0.0,0.0,0.0,0.0,0.0,0.0,0.0,0.0,0.0,0.0,0.0,0.23882758617401123,0.08745889365673065,0.0008843927353154868,8.039698600769043,186,nan,-1.0,True,,False,0.010050058364868164,0.0,0.1258549690246582,20.0,20.0,1.0,0.0,0.0,0.0,0.0,0.0
406,73.16572570800781,-0.0,0.0,-0.0,73.16572570800781,0.04621890187263489,10.88552474975586,2.2916343212127686,-0.0,0.0,0.0,0.0,0.0,0.0,0.0,0.0,0.0,0.0,0.0,0.0,0.023000000044703484,0.023000000044703484,0.02,0.15000000000000002,0.0,0.0,0.0,0.0,0.0,0.0,0.0,0.0,0.0,0.0,0.0,0.0,0.2393258661031723,0.0870727077126503,0.0008674385367157811,8.039698600769043,186,nan,-1.0,True,,False,0.010050058364868164,0.0,0.1258549690246582,20.0,20.0,1.0,0.0,0.0,0.0,0.0,0.0
407,39.81703186035156,-0.0,0.0,-0.0,39.81703186035156,0.12642069160938263,10.899465560913086,2.2890923023223877,-0.0,0.0,0.0,0.0,0.0,0.0,0.0,0.0,0.0,0.0,0.0,0.0,0.023000000044703484,0.023000000044703484,0.019999999999999997,0.15,0.0,0.0,0.0,0.0,0.0,0.0,0.0,0.0,0.0,0.0,0.0,0.0,0.23981094360351562,0.08661697059869766,0.000853101055326988,8.039698600769043,186,nan,-1.0,True,,False,0.010050058364868164,0.0,0.1258549690246582,20.0,20.0,1.0,0.0,0.0,0.0,0.0,0.0
408,27.25404167175293,-0.0,0.0,-0.0,27.25404167175293,0.2064242959022522,10.912973403930664,2.2868432998657227,-0.0,0.0,0.0,0.0,0.0,0.0,0.0,0.0,0.0,0.0,0.0,0.0,0.023000000044703484,0.023000000044703484,0.02,0.15,0.0,0.0,0.0,0.0,0.0,0.0,0.0,0.0,0.0,0.0,0.0,0.0,0.24028311669826508,0.08637413382530212,0.0008463567128274008,8.039698600769043,186,nan,-1.0,True,,False,0.010050058364868164,0.0,0.1258549690246582,20.0,20.0,1.0,0.0,0.0,0.0,0.0,0.0
409,20.221498489379883,-0.0,0.0,-0.0,20.221498489379883,0.2863389849662781,10.92598819732666,2.2847518920898438,-0.0,0.0,0.0,0.0,0.0,0.0,0.0,0.0,0.0,0.0,0.0,0.0,0.023000000044703484,0.023000000044703484,0.019999999999999997,0.15,0.0,0.0,0.0,0.0,0.0,0.0,0.0,0.0,0.0,0.0,0.0,0.0,0.24073071777820587,0.0863087922334671,0.0008459569698970881,8.039698600769043,186,nan,-1.0,True,,False,0.010050058364868164,0.0,0.1258549690246582,20.0,20.0,1.0,0.0,0.0,0.0,0.0,0.0
410,28.265365600585938,-0.0,0.0,-0.0,28.265365600585938,0.1973445862531662,10.938343048095703,2.2827987670898438,-0.0,0.0,0.0,0.0,0.0,0.0,0.0,0.0,0.0,0.0,0.0,0.0,0.023000000044703484,0.023000000044703484,0.02,0.15000000000000002,0.0,0.0,0.0,0.0,0.0,0.0,0.0,0.0,0.0,0.0,0.0,0.0,0.24117536842823029,0.08630024641752243,0.0012928609230584698,8.039698600769043,186,nan,-1.0,True,,False,0.010050058364868164,0.0,0.1258549690246582,20.0,20.0,1.0,0.0,0.0,0.0,0.0,0.0
411,44.0814323425293,-0.0,0.0,-0.0,44.0814323425293,0.10864318907260895,10.950331687927246,2.2809159755706787,-0.0,0.0,0.0,0.0,0.0,0.0,0.0,0.0,0.0,0.0,0.0,0.0,0.023000000044703484,0.023000000044703484,0.019999999999999997,0.15000000000000002,0.0,0.0,0.0,0.0,0.0,0.0,0.0,0.0,0.0,0.0,0.0,0.0,0.241633802652359,0.08627259731292725,0.001326309709384077,8.039698600769043,186,nan,-1.0,True,,False,0.010050058364868164,0.0,0.1258549690246582,20.0,20.0,1.0,0.0,0.0,0.0,0.0,0.0
412,101.91058349609375,-0.0,0.0,-0.0,101.91058349609375,0.023041851818561554,10.961895942687988,2.2790510654449463,-0.0,0.0,0.0,0.0,0.0,0.0,0.0,0.0,0.0,0.0,0.0,0.0,0.023000000044703484,0.023000000044703484,0.02,0.15,0.0,0.0,0.0,0.0,0.0,0.0,0.0,0.0,0.0,0.0,0.0,0.0,0.24210476875305176,0.08615672588348389,0.0013600166521428037,8.039698600769043,186,nan,-1.0,True,,False,0.010050058364868164,0.0,0.1258549690246582,20.0,20.0,1.0,0.0,0.0,0.0,0.0,0.0
413,69.5052261352539,-0.0,0.0,-0.0,69.5052261352539,0.050590865314006805,10.973041534423828,2.27632474899292,-0.0,0.0,0.0,0.0,0.0,0.0,0.0,0.0,0.0,0.0,0.0,0.0,0.023000000044703484,0.023000000044703484,0.02,0.15000000000000002,0.0,0.0,0.0,0.0,0.0,0.0,0.0,0.0,0.0,0.0,0.0,0.0,0.2425837516784668,0.08599960803985596,0.0014097404550739157,8.039698600769043,186,nan,-1.0,True,,False,0.010050058364868164,0.0,0.1258549690246582,20.0,20.0,1.0,0.0,0.0,0.0,0.0,0.0
414,40.87446594238281,-0.0,0.0,-0.0,40.87446594238281,0.12091271579265594,10.98419189453125,2.2733607292175293,-0.0,0.0,0.0,0.0,0.0,0.0,0.0,0.0,0.0,0.0,0.0,0.0,0.023000000044703484,0.023000000044703484,0.02,0.15,0.0,0.0,0.0,0.0,0.0,0.0,0.0,0.0,0.0,0.0,0.0,0.0,0.2430456131696701,0.08584349602460861,0.0014358047374116722,8.039698600769043,186,nan,-1.0,True,,False,0.010050058364868164,0.0,0.1258549690246582,20.0,20.0,1.0,0.0,0.0,0.0,0.0,0.0
415,28.859649658203125,-0.0,0.0,-0.0,28.859649658203125,0.19127605855464935,10.995509147644043,2.2705116271972656,-0.0,0.0,0.0,0.0,0.0,0.0,0.0,0.0,0.0,0.0,0.0,0.0,0.023000000044703484,0.023000000044703484,0.02,0.15,0.0,0.0,0.0,0.0,0.0,0.0,0.0,0.0,0.0,0.0,0.0,0.0,0.24349212646484375,0.08570101112127304,0.001445134992536623,8.039698600769043,186,nan,-1.0,True,,False,0.010050058364868164,0.0,0.1258549690246582,20.0,20.0,1.0,0.0,0.0,0.0,0.0,0.0
416,23.083566665649414,-0.0,0.0,-0.0,23.083566665649414,0.24684587121009827,11.007061004638672,2.2677996158599854,-0.0,0.0,0.0,0.0,0.0,0.0,0.0,0.0,0.0,0.0,0.0,0.0,0.023000000044703484,0.023000000044703484,0.02,0.15,0.0,0.0,0.0,0.0,0.0,0.0,0.0,0.0,0.0,0.0,0.0,0.0,0.24392364919185638,0.0855783000588417,0.0012661956138799724,8.039698600769043,186,nan,-1.0,True,,False,0.010050058364868164,0.0,0.1258549690246582,20.0,20.0,1.0,0.0,0.0,0.0,0.0,0.0
417,23.944873809814453,-0.0,0.0,-0.0,23.944873809814453,0.2366904616355896,11.018352508544922,2.2651760578155518,-0.0,0.0,0.0,0.0,0.0,0.0,0.0,0.0,0.0,0.0,0.0,0.0,0.023000000044703484,0.023000000044703484,0.02,0.15000000000000002,0.0,0.0,0.0,0.0,0.0,0.0,0.0,0.0,0.0,0.0,0.0,0.0,0.2443609982728958,0.08543267846107483,0.0012643616760215082,8.039698600769043,186,nan,-1.0,True,,False,0.010050058364868164,0.0,0.1258549690246582,20.0,20.0,1.0,0.0,0.0,0.0,0.0,0.0
418,24.72262954711914,-0.0,0.0,-0.0,24.72262954711914,0.22805389761924744,11.02938175201416,2.262645721435547,-0.0,0.0,0.0,0.0,0.0,0.0,0.0,0.0,0.0,0.0,0.0,0.0,0.023000000044703484,0.023000000044703484,0.02,0.15,0.0,0.0,0.0,0.0,0.0,0.0,0.0,0.0,0.0,0.0,0.0,0.0,0.24480734765529633,0.08528771996498108,0.001248684868642158,8.039698600769043,186,nan,-1.0,True,,False,0.010050058364868164,0.0,0.1258549690246582,20.0,20.0,1.0,0.0,0.0,0.0,0.0,0.0
419,25.3757381439209,-0.0,0.0,-0.0,25.3757381439209,0.22113583981990814,11.040079116821289,2.2602055072784424,-0.0,0.0,0.0,0.0,0.0,0.0,0.0,0.0,0.0,0.0,0.0,0.0,0.023000000044703484,0.023000000044703484,0.02,0.15,0.0,0.0,0.0,0.0,0.0,0.0,0.0,0.0,0.0,0.0,0.0,0.0,0.24526405334472656,0.08514680713415146,0.001251256670911971,8.039698600769043,186,nan,-1.0,True,,False,0.010050058364868164,0.0,0.1258549690246582,20.0,20.0,1.0,0.0,0.0,0.0,0.0,0.0
420,25.849319458007812,-0.0,0.0,-0.0,25.849319458007812,0.216258704662323,11.050487518310547,2.257847547531128,-0.0,0.0,0.0,0.0,0.0,0.0,0.0,0.0,0.0,0.0,0.0,0.0,0.023000000044703484,0.023000000044703484,0.02,0.15,0.0,0.0,0.0,0.0,0.0,0.0,0.0,0.0,0.0,0.0,0.0,0.0,0.2457328885793686,0.08500807732343674,0.001236677746874193,8.039698600769043,186,nan,-1.0,True,,False,0.010050058364868164,0.0,0.1258549690246582,20.0,20.0,1.0,0.0,0.0,0.0,0.0,0.0
421,26.11113739013672,-0.0,0.0,-0.0,26.11113739013672,0.2135438621044159,11.060503959655762,2.255579948425293,-0.0,0.0,0.0,0.0,0.0,0.0,0.0,0.0,0.0,0.0,0.0,0.0,0.023000000044703484,0.023000000044703484,0.02,0.15,0.0,0.0,0.0,0.0,0.0,0.0,0.0,0.0,0.0,0.0,0.0,0.0,0.2462160885334015,0.08485428243875504,0.0012296999934733321,8.039698600769043,186,nan,-1.0,True,,False,0.010050058364868164,0.0,0.1258549690246582,20.0,20.0,1.0,0.0,0.0,0.0,0.0,0.0
422,26.07190704345703,-0.0,0.0,-0.0,26.07190704345703,0.21371226012706757,11.07011604309082,2.253373861312866,-0.0,0.0,0.0,0.0,0.0,0.0,0.0,0.0,0.0,0.0,0.0,0.0,0.023000000044703484,0.023000000044703484,0.02,0.15000000000000002,0.0,0.0,0.0,0.0,0.0,0.0,0.0,0.0,0.0,0.0,0.0,0.0,0.24671471118927002,0.08470706641674042,0.0012083164406249125,8.039698600769043,186,nan,-1.0,True,,False,0.010050058364868164,0.0,0.1258549690246582,20.0,20.0,1.0,0.0,0.0,0.0,0.0,0.0
423,25.761621475219727,-0.0,0.0,-0.0,25.761621475219727,0.21648472547531128,11.079242706298828,2.251230239868164,-0.0,0.0,0.0,0.0,0.0,0.0,0.0,0.0,0.0,0.0,0.0,0.0,0.023000000044703484,0.023000000044703484,0.02,0.15,0.0,0.0,0.0,0.0,0.0,0.0,0.0,0.0,0.0,0.0,0.0,0.0,0.24723072350025177,0.08457042276859283,0.001215206445522199,8.039698600769043,186,nan,-1.0,True,,False,0.010050058364868164,0.0,0.1258549690246582,20.0,20.0,1.0,0.0,0.0,0.0,0.0,0.0
424,25.157238006591797,-0.0,0.0,-0.0,25.157238006591797,0.22223985195159912,11.08790397644043,2.2491416931152344,-0.0,0.0,0.0,0.0,0.0,0.0,0.0,0.0,0.0,0.0,0.0,0.0,0.023000000044703484,0.023000000044703484,0.02,0.15,0.0,0.0,0.0,0.0,0.0,0.0,0.0,0.0,0.0,0.0,0.0,0.0,0.24776482582092285,0.08444853872060776,0.0012249682358742575,8.039698600769043,186,nan,-1.0,True,,False,0.010050058364868164,0.0,0.1258549690246582,20.0,20.0,1.0,0.0,0.0,0.0,0.0,0.0
425,24.338176727294922,-0.0,0.0,-0.0,24.338176727294922,0.23048707842826843,11.095964431762695,2.247103691101074,-0.0,0.0,0.0,0.0,0.0,0.0,0.0,0.0,0.0,0.0,0.0,0.0,0.023000000044703484,0.023000000044703484,0.02,0.15,0.0,0.0,0.0,0.0,0.0,0.0,0.0,0.0,0.0,0.0,0.0,0.0,0.2483150064945221,0.08431358635425568,0.0012532456098597322,8.039698600769043,186,nan,-1.0,True,,False,0.010050058364868164,0.0,0.1258549690246582,20.0,20.0,1.0,0.0,0.0,0.0,0.0,0.0
426,23.338809967041016,-0.0,0.0,-0.0,23.338809967041016,0.24123817682266235,11.103404998779297,2.2451610565185547,-0.0,0.0,0.0,0.0,0.0,0.0,0.0,0.0,0.0,0.0,0.0,0.0,0.023000000044703484,0.023000000044703484,0.020000000000000004,0.14999999999999997,0.0,0.0,0.0,0.0,0.0,0.0,0.0,0.0,0.0,0.0,0.0,0.0,0.2488643229007721,0.08416912704706192,0.0013039265058978344,8.039698600769043,186,nan,-1.0,True,,False,0.010050058364868164,0.0,0.1258549690246582,20.0,20.0,1.0,0.0,0.0,0.0,0.0,0.0
427,22.2521915435791,-0.0,0.0,-0.0,22.2521915435791,0.2538396120071411,11.110174179077148,2.2433910369873047,-0.0,0.0,0.0,0.0,0.0,0.0,0.0,0.0,0.0,0.0,0.0,0.0,0.023000000044703484,0.023000000044703484,0.02,0.15,0.0,0.0,0.0,0.0,0.0,0.0,0.0,0.0,0.0,0.0,0.0,0.0,0.2493867427110672,0.08406227082014084,0.0013716544171984424,8.039698600769043,186,nan,-1.0,True,,False,0.010050058364868164,0.0,0.1258549690246582,20.0,20.0,1.0,0.0,0.0,0.0,0.0,0.0
428,21.233388900756836,-0.0,0.0,-0.0,21.233388900756836,0.2665671706199646,11.116165161132812,2.2417068481445312,-0.0,0.0,0.0,0.0,0.0,0.0,0.0,0.0,0.0,0.0,0.0,0.0,0.023000000044703484,0.023000000044703484,0.020000000000000004,0.15,0.0,0.0,0.0,0.0,0.0,0.0,0.0,0.0,0.0,0.0,0.0,0.0,0.2499127835035324,0.08401297777891159,0.0014767677857889794,8.039698600769043,186,nan,-1.0,True,,False,0.010050058364868164,0.0,0.1258549690246582,20.0,20.0,1.0,0.0,0.0,0.0,0.0,0.0
429,20.213972091674805,-0.0,0.0,-0.0,20.213972091674805,0.2802709639072418,11.121373176574707,2.2401907444000244,-0.0,0.0,0.0,0.0,0.0,0.0,0.0,0.0,0.0,0.0,0.0,0.0,0.023000000044703484,0.023000000044703484,0.02,0.15,0.0,0.0,0.0,0.0,0.0,0.0,0.0,0.0,0.0,0.0,0.0,0.0,0.25043249130249023,0.08393338322639465,0.001552752314182726,8.039698600769043,186,nan,-1.0,True,,False,0.010050058364868164,0.0,0.1258549690246582,20.0,20.0,1.0,0.0,0.0,0.0,0.0,0.0
430,19.34589385986328,-0.0,0.0,-0.0,19.34589385986328,0.2927308678627014,11.125779151916504,2.238762378692627,-0.0,0.0,0.0,0.0,0.0,0.0,0.0,0.0,0.0,0.0,0.0,0.0,0.023000000044703484,0.023000000044703484,0.020000000000000004,0.15,0.0,0.0,0.0,0.0,0.0,0.0,0.0,0.0,0.0,0.0,0.0,0.0,0.25095218420028687,0.08347076177597046,0.001392949929822862,8.039698600769043,186,nan,-1.0,True,,False,0.010050058364868164,0.0,0.1258549690246582,20.0,20.0,1.0,0.0,0.0,0.0,0.0,0.0
431,18.82284927368164,-0.0,0.0,-0.0,18.82284927368164,0.30055302381515503,11.129471778869629,2.237412691116333,-0.0,0.0,0.0,0.0,0.0,0.0,0.0,0.0,0.0,0.0,0.0,0.0,0.023000000044703484,0.023000000044703484,0.02,0.15,0.0,0.0,0.0,0.0,0.0,0.0,0.0,0.0,0.0,0.0,0.0,0.0,0.25148114562034607,0.08295480161905289,0.001385909919235928,8.039698600769043,186,nan,-1.0,True,,False,0.010050058364868164,0.0,0.1258549690246582,20.0,20.0,1.0,0.0,0.0,0.0,0.0,0.0
432,18.183116912841797,-0.0,0.0,-0.0,18.183116912841797,0.3106200098991394,11.132472038269043,2.2360734939575195,-0.0,0.0,0.0,0.0,0.0,0.0,0.0,0.0,0.0,0.0,0.0,0.0,0.023000000044703484,0.023000000044703484,0.020000000000000004,0.15000000000000002,0.0,0.0,0.0,0.0,0.0,0.0,0.0,0.0,0.0,0.0,0.0,0.0,0.2520157992839813,0.0824701115489006,0.0013641873636061064,8.039698600769043,186,nan,-1.0,True,,False,0.010050058364868164,0.0,0.1258549690246582,20.0,20.0,1.0,0.0,0.0,0.0,0.0,0.0
433,17.431638717651367,-0.0,0.0,-0.0,17.431638717651367,0.3232172727584839,11.134998321533203,2.2348949909210205,-0.0,0.0,0.0,0.0,0.0,0.0,0.0,0.0,0.0,0.0,0.0,0.0,0.023000000044703484,0.023000000044703484,0.019999999999999997,0.15,0.0,0.0,0.0,0.0,0.0,0.0,0.0,0.0,0.0,0.0,0.0,0.0,0.252567321062088,0.08200029283761978,0.0013256923423341505,8.039698600769043,186,nan,-1.0,True,,False,0.010050058364868164,0.0,0.1258549690246582,20.0,20.0,1.0,0.0,0.0,0.0,0.0,0.0
434,16.601640701293945,-0.0,0.0,-0.0,16.601640701293945,0.3381577134132385,11.137328147888184,2.233888626098633,-0.0,0.0,0.0,0.0,0.0,0.0,0.0,0.0,0.0,0.0,0.0,0.0,0.023000000044703484,0.023000000044703484,0.020000000000000004,0.15,0.0,0.0,0.0,0.0,0.0,0.0,0.0,0.0,0.0,0.0,0.0,0.0,0.25312909483909607,0.08156681060791016,0.0012735574011912831,8.039698600769043,186,nan,-1.0,True,,False,0.010050058364868164,0.0,0.1258549690246582,20.0,20.0,1.0,0.0,0.0,0.0,0.0,0.0
435,15.748275756835938,-0.0,0.0,-0.0,15.748275756835938,0.3547607958316803,11.13981819152832,2.2331066131591797,-0.0,0.0,0.0,0.0,0.0,0.0,0.0,0.0,0.0,0.0,0.0,0.0,0.023000000044703484,0.023000000044703484,0.019999999999999997,0.15,0.0,0.0,0.0,0.0,0.0,0.0,0.0,0.0,0.0,0.0,0.0,0.0,0.25370103120803833,0.08118251711130142,0.0012134746666561114,8.039698600769043,186,nan,-1.0,True,,False,0.010050058364868164,0.0,0.1258549690246582,20.0,20.0,1.0,0.0,0.0,0.0,0.0,0.0
436,14.942419052124023,-0.0,0.0,-0.0,14.942419052124023,0.3717442750930786,11.142793655395508,2.232574701309204,-0.0,0.0,0.0,0.0,0.0,0.0,0.0,0.0,0.0,0.0,0.0,0.0,0.023000000044703484,0.023000000044703484,0.020000000000000004,0.15,0.0,0.0,0.0,0.0,0.0,0.0,0.0,0.0,0.0,0.0,0.0,0.0,0.254276841878891,0.08084464073181152,0.0011299095390313596,8.039698600769043,186,nan,-1.0,True,,False,0.010050058364868164,0.0,0.1258549690246582,20.0,20.0,1.0,0.0,0.0,0.0,0.0,0.0
437,14.615011215209961,-0.0,0.0,-0.0,14.615011215209961,0.37909480929374695,11.146424293518066,2.2323131561279297,-0.0,0.0,0.0,0.0,0.0,0.0,0.0,0.0,0.0,0.0,0.0,0.0,0.023000000044703484,0.023000000044703484,0.019999999999999997,0.15,0.0,0.0,0.0,0.0,0.0,0.0,0.0,0.0,0.0,0.0,0.0,0.0,0.25485268235206604,0.08055760711431503,0.0016912846995182917,8.039698600769043,186,nan,-1.0,True,,False,0.010050058364868164,0.0,0.1258549690246582,20.0,20.0,1.0,0.0,0.0,0.0,0.0,0.0
438,14.419782638549805,-0.0,0.0,-0.0,14.419782638549805,0.38377296924591064,11.151074409484863,2.2323715686798096,-0.0,0.0,0.0,0.0,0.0,0.0,0.0,0.0,0.0,0.0,0.0,0.0,0.023000000044703484,0.023000000044703484,0.020000000000000004,0.15,0.0,0.0,0.0,0.0,0.0,0.0,0.0,0.0,0.0,0.0,0.0,0.0,0.25540691614151,0.08034702390432358,0.001714179089958634,8.039698600769043,186,nan,-1.0,True,,False,0.010050058364868164,0.0,0.1258549690246582,20.0,20.0,1.0,0.0,0.0,0.0,0.0,0.0
439,14.698970794677734,-0.0,0.0,-0.0,14.698970794677734,0.3778461217880249,11.156625747680664,2.2327401638031006,-0.0,0.0,0.0,0.0,0.0,0.0,0.0,0.0,0.0,0.0,0.0,0.0,0.023000000044703484,0.023000000044703484,0.019999999999999997,0.15,0.0,0.0,0.0,0.0,0.0,0.0,0.0,0.0,0.0,0.0,0.0,0.0,0.2559470534324646,0.08021765202283859,0.0016519784549018368,8.039698600769043,186,nan,-1.0,True,,False,0.010050058364868164,0.0,0.1258549690246582,20.0,20.0,1.0,0.0,0.0,0.0,0.0,0.0
440,22.725719451904297,-0.0,0.0,-0.0,22.725719451904297,0.2475484013557434,11.16293716430664,2.2335169315338135,-0.0,0.0,0.0,0.0,0.0,0.0,0.0,0.0,0.0,0.0,0.0,0.0,0.023000000044703484,0.023000000044703484,0.020000000000000004,0.15,0.0,0.0,0.0,0.0,0.0,0.0,0.0,0.0,0.0,0.0,0.0,0.0,0.256474107503891,0.08017341047525406,0.0015427446228386543,8.039698600769043,186,nan,-1.0,True,,False,0.010050058364868164,0.0,0.1258549690246582,20.0,20.0,1.0,0.0,0.0,0.0,0.0,0.0
441,61.6483039855957,-0.0,0.0,-0.0,61.6483039855957,0.061787042766809464,11.169745445251465,2.2346174716949463,-0.0,0.0,0.0,0.0,0.0,0.0,0.0,0.0,0.0,0.0,0.0,0.0,0.023000000044703484,0.023000000044703484,0.019999999999999997,0.14999999999999997,0.0,0.0,0.0,0.0,0.0,0.0,0.0,0.0,0.0,0.0,0.0,0.0,0.25698959827423096,0.0800510048866272,0.0015573594578199845,8.039698600769043,186,nan,-1.0,True,,False,0.010050058364868164,0.0,0.1258549690246582,20.0,20.0,1.0,0.0,0.0,0.0,0.0,0.0
442,44.41667556762695,-0.0,0.0,-0.0,44.41667556762695,0.10527100414037704,11.177021026611328,2.2335305213928223,-0.0,0.0,0.0,0.0,0.0,0.0,0.0,0.0,0.0,0.0,0.0,0.0,0.023000000044703484,0.023000000044703484,0.020000000000000004,0.15,0.0,0.0,0.0,0.0,0.0,0.0,0.0,0.0,0.0,0.0,0.0,0.0,0.25749173760414124,0.0798107236623764,0.0015726301353424788,8.039698600769043,186,nan,-1.0,True,,False,0.010050058364868164,0.0,0.1258549690246582,20.0,20.0,1.0,0.0,0.0,0.0,0.0,0.0
443,23.69790267944336,-0.0,0.0,-0.0,23.69790267944336,0.2364923506975174,11.184868812561035,2.2316339015960693,-0.0,0.0,0.0,0.0,0.0,0.0,0.0,0.0,0.0,0.0,0.0,0.0,0.023000000044703484,0.023000000044703484,0.019999999999999997,0.15,0.0,0.0,0.0,0.0,0.0,0.0,0.0,0.0,0.0,0.0,0.0,0.0,0.2579931914806366,0.07942111045122147,0.0015755888550756936,8.039698600769043,186,nan,-1.0,True,,False,0.010050058364868164,0.0,0.1258549690246582,20.0,20.0,1.0,0.0,0.0,0.0,0.0,0.0
444,19.296539306640625,-0.0,0.0,-0.0,19.296539306640625,0.29302704334259033,11.193365097045898,2.2298574447631836,-0.0,0.0,0.0,0.0,0.0,0.0,0.0,0.0,0.0,0.0,0.0,0.0,0.023000000044703484,0.023000000044703484,0.020000000000000004,0.15000000000000002,0.0,0.0,0.0,0.0,0.0,0.0,0.0,0.0,0.0,0.0,0.0,0.0,0.2584974467754364,0.07905013859272003,0.0016569628760407795,8.039698600769043,186,nan,-1.0,True,,False,0.010050058364868164,0.0,0.1258549690246582,20.0,20.0,1.0,0.0,0.0,0.0,0.0,0.0
445,19.539859771728516,-0.0,0.0,-0.0,19.539859771728516,0.2890867590904236,11.202423095703125,2.22831392288208,-0.0,0.0,0.0,0.0,0.0,0.0,0.0,0.0,0.0,0.0,0.0,0.0,0.023000000044703484,0.023000000044703484,0.019999999999999997,0.15000000000000002,0.0,0.0,0.0,0.0,0.0,0.0,0.0,0.0,0.0,0.0,0.0,0.0,0.25898316502571106,0.07873644679784775,0.0016434263884548272,8.039698600769043,186,nan,-1.0,True,,False,0.010050058364868164,0.0,0.1258549690246582,20.0,20.0,1.0,0.0,0.0,0.0,0.0,0.0
446,19.817167282104492,-0.0,0.0,-0.0,19.817167282104492,0.28484857082366943,11.212026596069336,2.2269346714019775,-0.0,0.0,0.0,0.0,0.0,0.0,0.0,0.0,0.0,0.0,0.0,0.0,0.023000000044703484,0.023000000044703484,0.020000000000000004,0.15,0.0,0.0,0.0,0.0,0.0,0.0,0.0,0.0,0.0,0.0,0.0,0.0,0.25945231318473816,0.07844503223896027,0.0016614041553566494,8.039698600769043,186,nan,-1.0,True,,False,0.010050058364868164,0.0,0.1258549690246582,20.0,20.0,1.0,0.0,0.0,0.0,0.0,0.0
447,21.96307945251465,-0.0,0.0,-0.0,21.96307945251465,0.2559542655944824,11.222192764282227,2.225740909576416,-0.0,0.0,0.0,0.0,0.0,0.0,0.0,0.0,0.0,0.0,0.0,0.0,0.023000000044703484,0.023000000044703484,0.019999999999999997,0.15,0.0,0.0,0.0,0.0,0.0,0.0,0.0,0.0,0.0,0.0,0.0,0.0,0.2599043548107147,0.07819027453660965,0.001697904032880615,8.039698600769043,186,nan,-1.0,True,,False,0.010050058364868164,0.0,0.1258549690246582,20.0,20.0,1.0,0.0,0.0,0.0,0.0,0.0
448,25.31526756286621,-0.0,0.0,-0.0,25.31526756286621,0.2188788205385208,11.232917785644531,2.2247190475463867,-0.0,0.0,0.0,0.0,0.0,0.0,0.0,0.0,0.0,0.0,0.0,0.0,0.023000000044703484,0.023000000044703484,0.020000000000000004,0.15,0.0,0.0,0.0,0.0,0.0,0.0,0.0,0.0,0.0,0.0,0.0,0.0,0.2603411376476288,0.0779842808842659,0.001688850414211629,8.039698600769043,186,nan,-1.0,True,,False,0.010050058364868164,0.0,0.1258549690246582,20.0,20.0,1.0,0.0,0.0,0.0,0.0,0.0
449,29.43899154663086,-0.0,0.0,-0.0,29.43899154663086,0.18311478197574615,11.244190216064453,2.223776340484619,-0.0,0.0,0.0,0.0,0.0,0.0,0.0,0.0,0.0,0.0,0.0,0.0,0.023000000044703484,0.023000000044703484,0.019999999999999997,0.15,0.0,0.0,0.0,0.0,0.0,0.0,0.0,0.0,0.0,0.0,0.0,0.0,0.26076242327690125,0.07782106846570969,0.0016772012584169715,8.039698600769043,186,nan,-1.0,True,,False,0.010050058364868164,0.0,0.1258549690246582,20.0,20.0,1.0,0.0,0.0,0.0,0.0,0.0
450,34.84519958496094,-0.0,0.0,-0.0,34.84519958496094,0.1476399302482605,11.255938529968262,2.2229907512664795,-0.0,0.0,0.0,0.0,0.0,0.0,0.0,0.0,0.0,0.0,0.0,0.0,0.023000000044703484,0.023000000044703484,0.020000000000000004,0.15,0.0,0.0,0.0,0.0,0.0,0.0,0.0,0.0,0.0,0.0,0.0,0.0,0.26116958260536194,0.07770903408527374,0.0016612625920515711,8.039698600769043,186,nan,-1.0,True,,False,0.010050058364868164,0.0,0.1258549690246582,20.0,20.0,1.0,0.0,0.0,0.0,0.0,0.0
451,42.30269241333008,-0.0,0.0,-0.0,42.30269241333008,0.11263407766819,11.268196105957031,2.222370147705078,-0.0,0.0,0.0,0.0,0.0,0.0,0.0,0.0,0.0,0.0,0.0,0.0,0.023000000044703484,0.023000000044703484,0.019999999999999997,0.15,0.0,0.0,0.0,0.0,0.0,0.0,0.0,0.0,0.0,0.0,0.0,0.0,0.2615613341331482,0.0776529461145401,0.0016342007279490645,8.039698600769043,186,nan,-1.0,True,,False,0.010050058364868164,0.0,0.1258549690246582,20.0,20.0,1.0,0.0,0.0,0.0,0.0,0.0
452,54.6953239440918,-0.0,0.0,-0.0,54.6953239440918,0.07545039802789688,11.291977882385254,2.2218921184539795,-0.0,0.0,0.0,0.0,0.0,0.0,0.0,0.0,0.0,0.0,0.0,0.0,0.023000000044703484,0.023000000044703484,0.020000000000000004,0.15000000000000002,0.0,0.0,0.0,0.0,0.0,0.0,0.0,0.0,0.0,0.0,0.0,0.0,0.26194116473197937,0.07763120532035828,0.0016025957418150938,8.039698600769043,186,nan,-1.0,True,,False,0.010050058364868164,0.0,0.1258549690246582,20.0,20.0,1.0,0.0,0.0,0.0,0.0,0.0
453,83.1230239868164,-0.0,0.0,-0.0,83.1230239868164,0.03485748544335365,11.336039543151855,2.2215609550476074,-0.0,0.0,0.0,0.0,0.0,0.0,0.0,0.0,0.0,0.0,0.0,0.0,0.023000000044703484,0.023000000044703484,0.019999999999999997,0.14999999999999997,0.0,0.0,0.0,0.0,0.0,0.0,0.0,0.0,0.0,0.0,0.0,0.0,0.2623319625854492,0.07762715965509415,0.0015780724859268958,8.039698600769043,186,nan,-1.0,True,,False,0.010050058364868164,0.0,0.1258549690246582,20.0,20.0,1.0,0.0,0.0,0.0,0.0,0.0
454,151.25479125976562,-0.0,0.0,-0.0,151.25479125976562,0.008387807756662369,11.380086898803711,2.22123122215271,-0.0,0.0,0.0,0.0,0.0,0.0,0.0,0.0,0.0,0.0,0.0,0.0,0.023000000044703484,0.023000000044703484,0.020000000000000004,0.15,0.0,0.0,0.0,0.0,0.0,0.0,0.0,0.0,0.0,0.0,0.0,0.0,0.26280996203422546,0.07765067368745804,0.0015640525484741374,8.039698600769043,186,nan,-1.0,True,,False,0.010050058364868164,0.0,0.1258549690246582,20.0,20.0,1.0,0.0,0.0,0.0,0.0,0.0
455,67.77484893798828,-0.0,0.0,-0.0,67.77484893798828,0.05183959752321243,11.423942565917969,2.220346212387085,-0.0,0.0,0.0,0.0,0.0,0.0,0.0,0.0,0.0,0.0,0.0,0.0,0.023000000044703484,0.023000000044703484,0.019999999999999997,0.15,0.0,0.0,0.0,0.0,0.0,0.0,0.0,0.0,0.0,0.0,0.0,0.0,0.2632876932621002,0.0776713564991951,0.001562747137995757,8.039698600769043,186,nan,-1.0,True,,False,0.010050058364868164,0.0,0.1258549690246582,20.0,20.0,1.0,0.0,0.0,0.0,0.0,0.0
456,47.02375793457031,-0.0,0.0,-0.0,47.02375793457031,0.09618152678012848,11.467657089233398,2.220054864883423,-0.0,0.0,0.0,0.0,0.0,0.0,0.0,0.0,0.0,0.0,0.0,0.0,0.023000000044703484,0.023000000044703484,0.020000000000000004,0.15,0.0,0.0,0.0,0.0,0.0,0.0,0.0,0.0,0.0,0.0,0.0,0.0,0.2637401521205902,0.07776805758476257,0.0015537478084297618,8.039698600769043,186,nan,-1.0,True,,False,0.010050058364868164,0.0,0.1258549690246582,20.0,20.0,1.0,0.0,0.0,0.0,0.0,0.0
457,35.86796951293945,-0.0,0.0,-0.0,35.86796951293945,0.1422770619392395,11.51111888885498,2.2199831008911133,-0.0,0.0,0.0,0.0,0.0,0.0,0.0,0.0,0.0,0.0,0.0,0.0,0.023000000044703484,0.023000000044703484,0.019999999999999997,0.15,0.0,0.0,0.0,0.0,0.0,0.0,0.0,0.0,0.0,0.0,0.0,0.0,0.264174222946167,0.07789865136146545,0.001554064818265033,8.039698600769043,186,nan,-1.0,True,,False,0.010050058364868164,0.0,0.1258549690246582,20.0,20.0,1.0,0.0,0.0,0.0,0.0,0.0
458,29.040433883666992,-0.0,0.0,-0.0,29.040433883666992,0.18661877512931824,11.554450988769531,2.219938039779663,-0.0,0.0,0.0,0.0,0.0,0.0,0.0,0.0,0.0,0.0,0.0,0.0,0.023000000044703484,0.023000000044703484,0.02,0.15,0.0,0.0,0.0,0.0,0.0,0.0,0.0,0.0,0.0,0.0,0.0,0.0,0.26460519433021545,0.07797493785619736,0.002130320374362782,8.039698600769043,186,nan,-1.0,True,,False,0.010050058364868164,0.0,0.1258549690246582,20.0,20.0,1.0,0.0,0.0,0.0,0.0,0.0
459,29.400667190551758,-0.0,0.0,-0.0,29.400667190551758,0.18376344442367554,11.598188400268555,2.2199392318725586,-0.0,0.0,0.0,0.0,0.0,0.0,0.0,0.0,0.0,0.0,0.0,0.0,0.023000000044703484,0.023000000044703484,0.019999999999999997,0.15,0.0,0.0,0.0,0.0,0.0,0.0,0.0,0.0,0.0,0.0,0.0,0.0,0.26503005623817444,0.07802197337150574,0.0021288576053848374,8.039698600769043,186,nan,-1.0,True,,False,0.010050058364868164,0.0,0.1258549690246582,20.0,20.0,1.0,0.0,0.0,0.0,0.0,0.0
460,29.98506736755371,-0.0,0.0,-0.0,29.98506736755371,0.1793348491191864,11.642410278320312,2.220020055770874,-0.0,0.0,0.0,0.0,0.0,0.0,0.0,0.0,0.0,0.0,0.0,0.0,0.023000000044703484,0.023000000044703484,0.02,0.15,0.0,0.0,0.0,0.0,0.0,0.0,0.0,0.0,0.0,0.0,0.0,0.0,0.2654488980770111,0.07806717604398727,0.0007894340183156601,8.039698600769043,186,nan,-1.0,True,,False,0.010050058364868164,0.0,0.1258549690246582,20.0,20.0,1.0,0.0,0.0,0.0,0.0,0.0
461,32.167236328125,-0.0,0.0,-0.0,32.167236328125,0.164098858833313,11.687996864318848,2.220130681991577,-0.0,0.0,0.0,0.0,0.0,0.0,0.0,0.0,0.0,0.0,0.0,0.0,0.023000000044703484,0.023000000044703484,0.019999999999999997,0.15,0.0,0.0,0.0,0.0,0.0,0.0,0.0,0.0,0.0,0.0,0.0,0.0,0.2658568322658539,0.07808496803045273,0.0007973219130690268,8.039698600769043,186,nan,-1.0,True,,False,0.010050058364868164,0.0,0.1258549690246582,20.0,20.0,1.0,0.0,0.0,0.0,0.0,0.0
462,33.607765197753906,-0.0,0.0,-0.0,33.607765197753906,0.15500696003437042,11.734809875488281,2.22029709815979,-0.0,0.0,0.0,0.0,0.0,0.0,0.0,0.0,0.0,0.0,0.0,0.0,0.023000000044703484,0.023000000044703484,0.02,0.15,0.0,0.0,0.0,0.0,0.0,0.0,0.0,0.0,0.0,0.0,0.0,0.0,0.26624995470046997,0.07810419052839279,0.0007991009792931436,8.039698600769043,186,nan,-1.0,True,,False,0.010050058364868164,0.0,0.1258549690246582,20.0,20.0,1.0,0.0,0.0,0.0,0.0,0.0
463,34.063392639160156,-0.0,0.0,-0.0,34.063392639160156,0.1522476077079773,11.782411575317383,2.2205073833465576,-0.0,0.0,0.0,0.0,0.0,0.0,0.0,0.0,0.0,0.0,0.0,0.0,0.023000000044703484,0.023000000044703484,0.019999999999999997,0.15,0.0,0.0,0.0,0.0,0.0,0.0,0.0,0.0,0.0,0.0,0.0,0.0,0.26662442088127136,0.07812285423278809,0.0008208277695302968,8.039698600769043,186,nan,-1.0,True,,False,0.010050058364868164,0.0,0.1258549690246582,20.0,20.0,1.0,0.0,0.0,0.0,0.0,0.0
464,33.3841438293457,-0.0,0.0,-0.0,33.3841438293457,0.156273752450943,11.830442428588867,2.2207839488983154,-0.0,0.0,0.0,0.0,0.0,0.0,0.0,0.0,0.0,0.0,0.0,0.0,0.023000000044703484,0.023000000044703484,0.02,0.15,0.0,0.0,0.0,0.0,0.0,0.0,0.0,0.0,0.0,0.0,0.0,0.0,0.26697754859924316,0.07814173400402069,0.0008135037801366707,8.039698600769043,186,nan,-1.0,True,,False,0.010050058364868164,0.0,0.1258549690246582,20.0,20.0,1.0,0.0,0.0,0.0,0.0,0.0
465,31.654563903808594,-0.0,0.0,-0.0,31.654563903808594,0.16729837656021118,11.878656387329102,2.2211265563964844,-0.0,0.0,0.0,0.0,0.0,0.0,0.0,0.0,0.0,0.0,0.0,0.0,0.023000000044703484,0.023000000044703484,0.02,0.15,0.0,0.0,0.0,0.0,0.0,0.0,0.0,0.0,0.0,0.0,0.0,0.0,0.267311155796051,0.07816149294376373,0.0007486607496502984,8.039698600769043,186,nan,-1.0,True,,False,0.010050058364868164,0.0,0.1258549690246582,20.0,20.0,1.0,0.0,0.0,0.0,0.0,0.0
466,30.87312889099121,-0.0,0.0,-0.0,30.87312889099121,0.17259171605110168,11.926776885986328,2.2215664386749268,-0.0,0.0,0.0,0.0,0.0,0.0,0.0,0.0,0.0,0.0,0.0,0.0,0.023000000044703484,0.023000000044703484,0.02,0.14999999999999997,0.0,0.0,0.0,0.0,0.0,0.0,0.0,0.0,0.0,0.0,0.0,0.0,0.26763084530830383,0.07818298041820526,0.0017763229352567578,8.039698600769043,186,nan,-1.0,True,,False,0.010050058364868164,0.0,0.1258549690246582,20.0,20.0,1.0,0.0,0.0,0.0,0.0,0.0
467,31.284578323364258,-0.0,0.0,-0.0,31.284578323364258,0.16967356204986572,11.974851608276367,2.2221341133117676,-0.0,0.0,0.0,0.0,0.0,0.0,0.0,0.0,0.0,0.0,0.0,0.0,0.023000000044703484,0.023000000044703484,0.02,0.15,0.0,0.0,0.0,0.0,0.0,0.0,0.0,0.0,0.0,0.0,0.0,0.0,0.267949640750885,0.07821706682443619,0.0016857376404004754,8.039698600769043,186,nan,-1.0,True,,False,0.010050058364868164,0.0,0.1258549690246582,20.0,20.0,1.0,0.0,0.0,0.0,0.0,0.0
468,31.921167373657227,-0.0,0.0,-0.0,31.921167373657227,0.1653495579957962,12.022830963134766,2.2228498458862305,-0.0,0.0,0.0,0.0,0.0,0.0,0.0,0.0,0.0,0.0,0.0,0.0,0.023000000044703484,0.023000000044703484,0.02,0.15,0.0,0.0,0.0,0.0,0.0,0.0,0.0,0.0,0.0,0.0,0.0,0.0,0.2682674527168274,0.07826527953147888,0.0015941646533974563,8.039698600769043,186,nan,-1.0,True,,False,0.010050058364868164,0.0,0.1258549690246582,20.0,20.0,1.0,0.0,0.0,0.0,0.0,0.0
469,32.8492317199707,-0.0,0.0,-0.0,32.8492317199707,0.15935854613780975,12.07066535949707,2.2237424850463867,-0.0,0.0,0.0,0.0,0.0,0.0,0.0,0.0,0.0,0.0,0.0,0.0,0.023000000044703484,0.023000000044703484,0.02,0.15,0.0,0.0,0.0,0.0,0.0,0.0,0.0,0.0,0.0,0.0,0.0,0.0,0.2685858905315399,0.07832904905080795,0.001516696849193977,8.039698600769043,186,nan,-1.0,True,,False,0.010050058364868164,0.0,0.1258549690246582,20.0,20.0,1.0,0.0,0.0,0.0,0.0,0.0
470,34.09230422973633,-0.0,0.0,-0.0,34.09230422973633,0.15182867646217346,12.118252754211426,2.2248423099517822,-0.0,0.0,0.0,0.0,0.0,0.0,0.0,0.0,0.0,0.0,0.0,0.0,0.023000000044703484,0.023000000044703484,0.02,0.15,0.0,0.0,0.0,0.0,0.0,0.0,0.0,0.0,0.0,0.0,0.0,0.0,0.26890525221824646,0.07840599864721298,0.001445760462047474,8.039698600769043,186,nan,-1.0,True,,False,0.010050058364868164,0.0,0.1258549690246582,20.0,20.0,1.0,0.0,0.0,0.0,0.0,0.0
471,35.81079864501953,-0.0,0.0,-0.0,35.81079864501953,0.1423209011554718,12.1511812210083,2.2265243530273438,-0.0,0.0,0.0,0.0,0.0,0.0,0.0,0.0,0.0,0.0,0.0,0.0,0.023000000044703484,0.023000000044703484,0.02,0.15,0.0,0.0,0.0,0.0,0.0,0.0,0.0,0.0,0.0,0.0,0.0,0.0,0.26917049288749695,0.07850038260221481,0.0013951078913123638,8.039698600769043,186,nan,-1.0,True,,False,0.010050058364868164,0.0,0.1258549690246582,20.0,20.0,1.0,0.0,0.0,0.0,0.0,0.0
472,38.183597564697266,-0.0,0.0,-0.0,38.183597564697266,0.13049167394638062,12.178187370300293,2.228484630584717,-0.0,0.0,0.0,0.0,0.0,0.0,0.0,0.0,0.0,0.0,0.0,0.0,0.023000000044703484,0.023000000044703484,0.02,0.15,0.0,0.0,0.0,0.0,0.0,0.0,0.0,0.0,0.0,0.0,0.0,0.0,0.26947227120399475,0.07861369848251343,0.0013509282855466154,8.039698600769043,186,nan,-1.0,True,,False,0.010050058364868164,0.0,0.1258549690246582,20.0,20.0,1.0,0.0,0.0,0.0,0.0,0.0
473,41.3039436340332,-0.0,0.0,-0.0,41.3039436340332,0.11688551306724548,12.19831657409668,2.230747699737549,-0.0,0.0,0.0,0.0,0.0,0.0,0.0,0.0,0.0,0.0,0.0,0.0,0.023000000044703484,0.023000000044703484,0.02,0.15,0.0,0.0,0.0,0.0,0.0,0.0,0.0,0.0,0.0,0.0,0.0,0.0,0.2698323726654053,0.07874228805303574,0.001494371527542171,8.039698600769043,186,nan,-1.0,True,,False,0.010050058364868164,0.0,0.1258549690246582,20.0,20.0,1.0,0.0,0.0,0.0,0.0,0.0
474,45.79016876220703,-0.0,0.0,-0.0,45.79016876220703,0.1004568338394165,12.217679977416992,2.2332770824432373,-0.0,0.0,0.0,0.0,0.0,0.0,0.0,0.0,0.0,0.0,0.0,0.0,0.023000000044703484,0.023000000044703484,0.02,0.15,0.0,0.0,0.0,0.0,0.0,0.0,0.0,0.0,0.0,0.0,0.0,0.0,0.27016234397888184,0.07888109982013702,0.0014581921109311224,8.039698600769043,186,nan,-1.0,True,,False,0.010050058364868164,0.0,0.1258549690246582,20.0,20.0,1.0,0.0,0.0,0.0,0.0,0.0
475,52.2573356628418,-0.0,0.0,-0.0,52.2573356628418,0.08175218850374222,12.236017227172852,2.23612904548645,-0.0,0.0,0.0,0.0,0.0,0.0,0.0,0.0,0.0,0.0,0.0,0.0,0.023000000044703484,0.023000000044703484,0.02,0.15,0.0,0.0,0.0,0.0,0.0,0.0,0.0,0.0,0.0,0.0,0.0,0.0,0.27045854926109314,0.07903356105089188,0.0014209194785053114,8.039698600769043,186,nan,-1.0,True,,False,0.010050058364868164,0.0,0.1258549690246582,20.0,20.0,1.0,0.0,0.0,0.0,0.0,0.0
476,62.39204406738281,-0.0,0.0,-0.0,62.39204406738281,0.06062968075275421,12.253023147583008,2.2394979000091553,-0.0,0.0,0.0,0.0,0.0,0.0,0.0,0.0,0.0,0.0,0.0,0.0,0.023000000044703484,0.023000000044703484,0.02,0.15,0.0,0.0,0.0,0.0,0.0,0.0,0.0,0.0,0.0,0.0,0.0,0.0,0.2707197666168213,0.07921741157770157,0.001386965262099693,8.039698600769043,186,nan,-1.0,True,,False,0.010050058364868164,0.0,0.1258549690246582,20.0,20.0,1.0,0.0,0.0,0.0,0.0,0.0
477,81.20855712890625,-0.0,0.0,-0.0,81.20855712890625,0.03688295930624008,12.268444061279297,2.2432825565338135,-0.0,0.0,0.0,0.0,0.0,0.0,0.0,0.0,0.0,0.0,0.0,0.0,0.023000000044703484,0.023000000044703484,0.02,0.14999999999999997,0.0,0.0,0.0,0.0,0.0,0.0,0.0,0.0,0.0,0.0,0.0,0.0,0.2709665298461914,0.07945793122053146,0.0013562954325152532,8.039698600769043,186,nan,-1.0,True,,False,0.010050058364868164,0.0,0.1258549690246582,20.0,20.0,1.0,0.0,0.0,0.0,0.0,0.0
478,138.5392608642578,-0.0,0.0,-0.0,138.5392608642578,0.010742582380771637,12.282115936279297,2.2470345497131348,-0.0,0.0,0.0,0.0,0.0,0.0,0.0,0.0,0.0,0.0,0.0,0.0,0.023000000044703484,0.023000000044703484,0.02,0.15,0.0,0.0,0.0,0.0,0.0,0.0,0.0,0.0,0.0,0.0,0.0,0.0,0.2711911201477051,0.07971349358558655,0.0013313388626556844,8.039698600769043,186,nan,-1.0,True,,False,0.010050058364868164,0.0,0.1258549690246582,20.0,20.0,1.0,0.0,0.0,0.0,0.0,0.0
479,131.65286254882812,-0.0,0.0,-0.0,131.65286254882812,0.01228851918131113,12.294098854064941,2.250947952270508,-0.0,0.0,0.0,0.0,0.0,0.0,0.0,0.0,0.0,0.0,0.0,0.0,0.023000000044703484,0.023000000044703484,0.02,0.15000000000000002,0.0,0.0,0.0,0.0,0.0,0.0,0.0,0.0,0.0,0.0,0.0,0.0,0.2713846266269684,0.07993617653846741,0.0013085943744499673,8.039698600769043,186,nan,-1.0,True,,False,0.010050058364868164,0.0,0.1258549690246582,20.0,20.0,1.0,0.0,0.0,0.0,0.0,0.0
480,85.93168640136719,-0.0,0.0,-0.0,85.93168640136719,0.03303653374314308,12.305948257446289,2.2548131942749023,-0.0,0.0,0.0,0.0,0.0,0.0,0.0,0.0,0.0,0.0,0.0,0.0,0.023000000044703484,0.023000000044703484,0.02,0.15000000000000002,0.0,0.0,0.0,0.0,0.0,0.0,0.0,0.0,0.0,0.0,0.0,0.0,0.27157360315322876,0.08016063272953033,0.0012816410849154636,8.039698600769043,186,nan,-1.0,True,,False,0.010050058364868164,0.0,0.1258549690246582,20.0,20.0,1.0,0.0,0.0,0.0,0.0,0.0
481,66.3681411743164,-0.0,0.0,-0.0,66.3681411743164,0.05478234589099884,12.318000793457031,2.2589075565338135,-0.0,0.0,0.0,0.0,0.0,0.0,0.0,0.0,0.0,0.0,0.0,0.0,0.023000000044703484,0.023000000044703484,0.02,0.15,0.0,0.0,0.0,0.0,0.0,0.0,0.0,0.0,0.0,0.0,0.0,0.0,0.27176305651664734,0.08039744943380356,0.0012853155026277818,8.039698600769043,186,nan,-1.0,True,,False,0.010050058364868164,0.0,0.1258549690246582,20.0,20.0,1.0,0.0,0.0,0.0,0.0,0.0
482,54.66163635253906,-0.0,0.0,-0.0,54.66163635253906,0.07700860500335693,12.330316543579102,2.2633562088012695,-0.0,0.0,0.0,0.0,0.0,0.0,0.0,0.0,0.0,0.0,0.0,0.0,0.023000000044703484,0.023000000044703484,0.02,0.15,0.0,0.0,0.0,0.0,0.0,0.0,0.0,0.0,0.0,0.0,0.0,0.0,0.27195391058921814,0.08065380156040192,0.001285350975649635,8.039698600769043,186,nan,-1.0,True,,False,0.010050058364868164,0.0,0.1258549690246582,20.0,20.0,1.0,0.0,0.0,0.0,0.0,0.0
483,52.99940490722656,-0.0,0.0,-0.0,52.99940490722656,0.08120540529489517,12.342947006225586,2.2683799266815186,-0.0,0.0,0.0,0.0,0.0,0.0,0.0,0.0,0.0,0.0,0.0,0.0,0.023000000044703484,0.023000000044703484,0.02,0.15,0.0,0.0,0.0,0.0,0.0,0.0,0.0,0.0,0.0,0.0,0.0,0.0,0.27214667201042175,0.08090689778327942,0.0009757768284544,8.039698600769043,186,nan,-1.0,True,,False,0.010050058364868164,0.0,0.1258549690246582,20.0,20.0,1.0,0.0,0.0,0.0,0.0,0.0
484,54.66465759277344,-0.0,0.0,-0.0,54.66465759277344,0.07735243439674377,12.353758811950684,2.2741549015045166,-0.0,0.0,0.0,0.0,0.0,0.0,0.0,0.0,0.0,0.0,0.0,0.0,0.023000000044703484,0.023000000044703484,0.02,0.15,0.0,0.0,0.0,0.0,0.0,0.0,0.0,0.0,0.0,0.0,0.0,0.0,0.27232399582862854,0.08119030296802521,0.0009701405033410992,8.039698600769043,186,nan,-1.0,True,,False,0.010050058364868164,0.0,0.1258549690246582,20.0,20.0,1.0,0.0,0.0,0.0,0.0,0.0
485,54.484596252441406,-0.0,0.0,-0.0,54.484596252441406,0.07804928719997406,12.362984657287598,2.280848741531372,-0.0,0.0,0.0,0.0,0.0,0.0,0.0,0.0,0.0,0.0,0.0,0.0,0.023000000044703484,0.023000000044703484,0.02,0.15,0.0,0.0,0.0,0.0,0.0,0.0,0.0,0.0,0.0,0.0,0.0,0.0,0.2724860906600952,0.08152284473180771,0.0009532897229291848,8.039698600769043,186,nan,-1.0,True,,False,0.010050058364868164,0.0,0.1258549690246582,20.0,20.0,1.0,0.0,0.0,0.0,0.0,0.0
486,165.39413452148438,-0.0,0.0,-0.0,165.39413452148438,0.006735439412295818,12.371127128601074,2.2886300086975098,-0.0,0.0,0.0,0.0,0.0,0.0,0.0,0.0,0.0,0.0,0.0,0.0,0.023000000044703484,0.023000000044703484,0.02,0.15,0.0,0.0,0.0,0.0,0.0,0.0,0.0,0.0,0.0,0.0,0.0,0.0,0.272631973028183,0.08190177381038666,0.0010969958038913319,8.039698600769043,186,nan,-1.0,True,,False,0.010050058364868164,0.0,0.1258549690246582,20.0,20.0,1.0,0.0,0.0,0.0,0.0,0.0
487,51.907691955566406,-0.0,0.0,-0.0,51.907691955566406,0.08491219580173492,12.379364013671875,2.2910239696502686,-0.0,0.0,0.0,0.0,0.0,0.0,0.0,0.0,0.0,0.0,0.0,0.0,0.023000000044703484,0.023000000044703484,0.02,0.15,0.0,0.0,0.0,0.0,0.0,0.0,0.0,0.0,0.0,0.0,0.0,0.0,0.2727663516998291,0.08230144530534744,0.0009330316534033045,8.039698600769043,186,nan,-1.0,True,,False,0.010050058364868164,0.0,0.1258549690246582,20.0,20.0,1.0,0.0,0.0,0.0,0.0,0.0
488,50.372825622558594,-0.0,0.0,-0.0,50.372825622558594,0.08904942870140076,12.387229919433594,2.2935235500335693,-0.0,0.0,0.0,0.0,0.0,0.0,0.0,0.0,0.0,0.0,0.0,0.0,0.023000000044703484,0.023000000044703484,0.02,0.15,0.0,0.0,0.0,0.0,0.0,0.0,0.0,0.0,0.0,0.0,0.0,0.0,0.27288636565208435,0.08273535221815109,0.0008696976560713665,8.039698600769043,186,nan,-1.0,True,,False,0.010050058364868164,0.0,0.1258549690246582,20.0,20.0,1.0,0.0,0.0,0.0,0.0,0.0
489,47.339805603027344,-0.0,0.0,-0.0,47.339805603027344,0.09820200502872467,12.395121574401855,2.2960944175720215,-0.0,0.0,0.0,0.0,0.0,0.0,0.0,0.0,0.0,0.0,0.0,0.0,0.023000000044703484,0.023000000044703484,0.02,0.15,0.0,0.0,0.0,0.0,0.0,0.0,0.0,0.0,0.0,0.0,0.0,0.0,0.27296948432922363,0.08312975615262985,0.0007656690850126324,8.039698600769043,186,nan,-1.0,True,,False,0.010050058364868164,0.0,0.1258549690246582,20.0,20.0,1.0,0.0,0.0,0.0,0.0,0.0
490,42.585479736328125,-0.0,0.0,-0.0,42.585479736328125,0.11524743586778641,12.403204917907715,2.2987184524536133,-0.0,0.0,0.0,0.0,0.0,0.0,0.0,0.0,0.0,0.0,0.0,0.0,0.023000000044703484,0.023000000044703484,0.02,0.15,0.0,0.0,0.0,0.0,0.0,0.0,0.0,0.0,0.0,0.0,0.0,0.0,0.27300533652305603,0.08353620022535324,0.0006320202119241003,8.039698600769043,186,nan,-1.0,True,,False,0.010050058364868164,0.0,0.1258549690246582,20.0,20.0,1.0,0.0,0.0,0.0,0.0,0.0
491,38.85346221923828,-0.0,0.0,-0.0,38.85346221923828,0.13153594732284546,12.411593437194824,2.3009116649627686,-0.0,0.0,0.0,0.0,0.0,0.0,0.0,0.0,0.0,0.0,0.0,0.0,0.023000000044703484,0.023000000044703484,0.02,0.15,0.0,0.0,0.0,0.0,0.0,0.0,0.0,0.0,0.0,0.0,0.0,0.0,0.27299538254737854,0.08396192640066147,0.0005180597440812562,8.039698600769043,186,nan,-1.0,True,,False,0.010050058364868164,0.0,0.1258549690246582,20.0,20.0,1.0,0.0,0.0,0.0,0.0,0.0
492,35.69891357421875,-0.0,0.0,-0.0,35.69891357421875,0.14785237610340118,12.420427322387695,2.302849292755127,-0.0,0.0,0.0,0.0,0.0,0.0,0.0,0.0,0.0,0.0,0.0,0.0,0.023000000044703484,0.023000000044703484,0.02,0.15,0.0,0.0,0.0,0.0,0.0,0.0,0.0,0.0,0.0,0.0,0.0,0.0,0.27295729517936707,0.08436578512191772,0.0008063552822932252,8.039698600769043,186,nan,-1.0,True,,False,0.010050058364868164,0.0,0.1258549690246582,20.0,20.0,1.0,0.0,0.0,0.0,0.0,0.0
493,33.05268096923828,-0.0,0.0,-0.0,33.05268096923828,0.1637919545173645,12.429450988769531,2.304861545562744,-0.0,0.0,0.0,0.0,0.0,0.0,0.0,0.0,0.0,0.0,0.0,0.0,0.023000000044703484,0.023000000044703484,0.02,0.15000000000000002,0.0,0.0,0.0,0.0,0.0,0.0,0.0,0.0,0.0,0.0,0.0,0.0,0.2729232907295227,0.08476417511701584,0.0010500955277166213,8.039698600769043,186,nan,-1.0,True,,False,0.010050058364868164,0.0,0.1258549690246582,20.0,20.0,1.0,0.0,0.0,0.0,0.0,0.0
494,30.790407180786133,-0.0,0.0,-0.0,30.790407180786133,0.17940489947795868,12.438812255859375,2.3069405555725098,-0.0,0.0,0.0,0.0,0.0,0.0,0.0,0.0,0.0,0.0,0.0,0.0,0.023000000044703484,0.023000000044703484,0.02,0.15,0.0,0.0,0.0,0.0,0.0,0.0,0.0,0.0,0.0,0.0,0.0,0.0,0.27289626002311707,0.08513609319925308,0.001183345993013063,8.039698600769043,186,nan,-1.0,True,,False,0.010050058364868164,0.0,0.1258549690246582,20.0,20.0,1.0,0.0,0.0,0.0,0.0,0.0
495,28.73633575439453,-0.0,0.0,-0.0,28.73633575439453,0.19548143446445465,12.448528289794922,2.309096336364746,-0.0,0.0,0.0,0.0,0.0,0.0,0.0,0.0,0.0,0.0,0.0,0.0,0.023000000044703484,0.023000000044703484,0.02,0.14999999999999997,0.0,0.0,0.0,0.0,0.0,0.0,0.0,0.0,0.0,0.0,0.0,0.0,0.2728707790374756,0.08548638969659805,0.0012934100686834427,8.039698600769043,186,nan,-1.0,True,,False,0.010050058364868164,0.0,0.1258549690246582,20.0,20.0,1.0,0.0,0.0,0.0,0.0,0.0
496,26.929885864257812,-0.0,0.0,-0.0,26.929885864257812,0.2114022970199585,12.458385467529297,2.311359167098999,-0.0,0.0,0.0,0.0,0.0,0.0,0.0,0.0,0.0,0.0,0.0,0.0,0.023000000044703484,0.023000000044703484,0.02,0.15000000000000002,0.0,0.0,0.0,0.0,0.0,0.0,0.0,0.0,0.0,0.0,0.0,0.0,0.2728460729122162,0.08582533895969391,0.001415789975453663,8.039698600769043,186,nan,-1.0,True,,False,0.010050058364868164,0.0,0.1258549690246582,20.0,20.0,1.0,0.0,0.0,0.0,0.0,0.0
497,25.300174713134766,-0.0,0.0,-0.0,25.300174713134766,0.22742989659309387,12.468377113342285,2.3136391639709473,-0.0,0.0,0.0,0.0,0.0,0.0,0.0,0.0,0.0,0.0,0.0,0.0,0.023000000044703484,0.023000000044703484,0.02,0.15000000000000002,0.0,0.0,0.0,0.0,0.0,0.0,0.0,0.0,0.0,0.0,0.0,0.0,0.27283093333244324,0.08610283583402634,0.0015203280668174557,8.039698600769043,186,nan,-1.0,True,,False,0.010050058364868164,0.0,0.1258549690246582,20.0,20.0,1.0,0.0,0.0,0.0,0.0,0.0
498,23.832618713378906,-0.0,0.0,-0.0,23.832618713378906,0.24343633651733398,12.478622436523438,2.3159518241882324,-0.0,0.0,0.0,0.0,0.0,0.0,0.0,0.0,0.0,0.0,0.0,0.0,0.023000000044703484,0.023000000044703484,0.02,0.15,0.0,0.0,0.0,0.0,0.0,0.0,0.0,0.0,0.0,0.0,0.0,0.0,0.2728271782398224,0.08635853976011276,0.0016175258169823792,8.039698600769043,186,nan,-1.0,True,,False,0.010050058364868164,0.0,0.1258549690246582,20.0,20.0,1.0,0.0,0.0,0.0,0.0,0.0
499,22.449316024780273,-0.0,0.0,-0.0,22.449316024780273,0.2600882649421692,12.489092826843262,2.3182802200317383,-0.0,0.0,0.0,0.0,0.0,0.0,0.0,0.0,0.0,0.0,0.0,0.0,0.023000000044703484,0.023000000044703484,0.02,0.15,0.0,0.0,0.0,0.0,0.0,0.0,0.0,0.0,0.0,0.0,0.0,0.0,0.27283620834350586,0.08660080283880234,0.0016998277119455452,8.039698600769043,186,nan,-1.0,True,,False,0.010050058364868164,0.0,0.1258549690246582,20.0,20.0,1.0,0.0,0.0,0.0,0.0,0.0
500,21.199384689331055,-0.0,0.0,-0.0,21.199384689331055,0.27663561701774597,12.499740600585938,2.320600986480713,-0.0,0.0,0.0,0.0,0.0,0.0,0.0,0.0,0.0,0.0,0.0,0.0,0.023000000044703484,0.023000000044703484,0.02,0.15,0.0,0.0,0.0,0.0,0.0,0.0,0.0,0.0,0.0,0.0,0.0,0.0,0.2728865146636963,0.08680516481399536,0.0017719441525514412,8.039698600769043,186,nan,-1.0,True,,False,0.010050058364868164,0.0,0.1258549690246582,20.0,20.0,1.0,0.0,0.0,0.0,0.0,0.0
501,20.000532150268555,-0.0,0.0,-0.0,20.000532150268555,0.29401981830596924,12.510601043701172,2.3229072093963623,-0.0,0.0,0.0,0.0,0.0,0.0,0.0,0.0,0.0,0.0,0.0,0.0,0.023000000044703484,0.023000000044703484,0.02,0.15000000000000002,0.0,0.0,0.0,0.0,0.0,0.0,0.0,0.0,0.0,0.0,0.0,0.0,0.2730458676815033,0.08698153495788574,0.0018471635089554184,8.039698600769043,186,nan,-1.0,True,,False,0.010050058364868164,0.0,0.1258549690246582,20.0,20.0,1.0,0.0,0.0,0.0,0.0,0.0
502,18.8995418548584,-0.0,0.0,-0.0,18.8995418548584,0.31145742535591125,12.521651268005371,2.3251476287841797,-0.0,0.0,0.0,0.0,0.0,0.0,0.0,0.0,0.0,0.0,0.0,0.0,0.023000000044703484,0.023000000044703484,0.02,0.14999999999999997,0.0,0.0,0.0,0.0,0.0,0.0,0.0,0.0,0.0,0.0,0.0,0.0,0.27322497963905334,0.08710689842700958,0.001904897354052082,8.039698600769043,186,nan,-1.0,True,,False,0.010050058364868164,0.0,0.1258549690246582,20.0,20.0,1.0,0.0,0.0,0.0,0.0,0.0
503,17.8419132232666,-0.0,0.0,-0.0,17.8419132232666,0.32970309257507324,12.53292179107666,2.3272979259490967,-0.0,0.0,0.0,0.0,0.0,0.0,0.0,0.0,0.0,0.0,0.0,0.0,0.023000000044703484,0.023000000044703484,0.02,0.15,0.0,0.0,0.0,0.0,0.0,0.0,0.0,0.0,0.0,0.0,0.0,0.0,0.2734225392341614,0.08719827979803085,0.001952924480974616,8.039698600769043,186,nan,-1.0,True,,False,0.010050058364868164,0.0,0.1258549690246582,20.0,20.0,1.0,0.0,0.0,0.0,0.0,0.0
504,16.81111717224121,-0.0,0.0,-0.0,16.81111717224121,0.34908372163772583,12.544506072998047,2.329387664794922,-0.0,0.0,0.0,0.0,0.0,0.0,0.0,0.0,0.0,0.0,0.0,0.0,0.023000000044703484,0.023000000044703484,0.02,0.15,0.0,0.0,0.0,0.0,0.0,0.0,0.0,0.0,0.0,0.0,0.0,0.0,0.27363619208335876,0.08725448697805405,0.0019882984915966517,8.039698600769043,186,nan,-1.0,True,,False,0.010050058364868164,0.0,0.1258549690246582,20.0,20.0,1.0,0.0,0.0,0.0,0.0,0.0
505,15.833014488220215,-0.0,0.0,-0.0,15.833014488220215,0.3691338300704956,12.556205749511719,2.3313963413238525,-0.0,0.0,0.0,0.0,0.0,0.0,0.0,0.0,0.0,0.0,0.0,0.0,0.023000000044703484,0.023000000044703484,0.02,0.14999999999999997,0.0,0.0,0.0,0.0,0.0,0.0,0.0,0.0,0.0,0.0,0.0,0.0,0.273865669965744,0.08728215098381042,0.002025587153639208,8.039698600769043,186,nan,-1.0,True,,False,0.010050058364868164,0.0,0.1258549690246582,20.0,20.0,1.0,0.0,0.0,0.0,0.0,0.0
506,15.25747299194336,-0.0,0.0,-0.0,15.25747299194336,0.3818436861038208,12.568033218383789,2.333287477493286,-0.0,0.0,0.0,0.0,0.0,0.0,0.0,0.0,0.0,0.0,0.0,0.0,0.023000000044703484,0.023000000044703484,0.02,0.15,0.0,0.0,0.0,0.0,0.0,0.0,0.0,0.0,0.0,0.0,0.0,0.0,0.27410459518432617,0.08728749305009842,0.001239964390606474,8.039698600769043,186,nan,-1.0,True,,False,0.010050058364868164,0.0,0.1258549690246582,20.0,20.0,1.0,0.0,0.0,0.0,0.0,0.0
507,14.634560585021973,-0.0,0.0,-0.0,14.634560585021973,0.3963549733161926,12.58018970489502,2.335162401199341,-0.0,0.0,0.0,0.0,0.0,0.0,0.0,0.0,0.0,0.0,0.0,0.0,0.023000000044703484,0.023000000044703484,0.02,0.15000000000000002,0.0,0.0,0.0,0.0,0.0,0.0,0.0,0.0,0.0,0.0,0.0,0.0,0.27430930733680725,0.08738265186548233,0.0012689115014836716,8.039698600769043,186,nan,-1.0,True,,False,0.010050058364868164,0.0,0.1258549690246582,20.0,20.0,1.0,0.0,0.0,0.0,0.0,0.0
508,13.948025703430176,-0.0,0.0,-0.0,13.948025703430176,0.41337087750434875,12.592267036437988,2.3370444774627686,-0.0,0.0,0.0,0.0,0.0,0.0,0.0,0.0,0.0,0.0,0.0,0.0,0.023000000044703484,0.023000000044703484,0.02,0.15,0.0,0.0,0.0,0.0,0.0,0.0,0.0,0.0,0.0,0.0,0.0,0.0,0.27451178431510925,0.08761375397443771,0.0012941667268933088,8.039698600769043,186,nan,-1.0,True,,False,0.010050058364868164,0.0,0.1258549690246582,20.0,20.0,1.0,0.0,0.0,0.0,0.0,0.0
509,13.255385398864746,-0.0,0.0,-0.0,13.255385398864746,0.4317695200443268,12.604584693908691,2.338956832885742,-0.0,0.0,0.0,0.0,0.0,0.0,0.0,0.0,0.0,0.0,0.0,0.0,0.023000000044703484,0.023000000044703484,0.02,0.15,0.0,0.0,0.0,0.0,0.0,0.0,0.0,0.0,0.0,0.0,0.0,0.0,0.27471667528152466,0.08791240304708481,0.001305547163610754,8.039698600769043,186,nan,-1.0,True,,False,0.010050058364868164,0.0,0.1258549690246582,20.0,20.0,1.0,0.0,0.0,0.0,0.0,0.0
510,13.172087669372559,-0.0,0.0,-0.0,13.172087669372559,0.45216047763824463,12.617120742797852,2.3408868312835693,-0.0,0.0,0.0,0.0,0.0,0.0,0.0,0.0,0.0,0.0,0.0,0.0,0.023000000044703484,0.023000000044703484,0.02,0.15,0.0,0.0,0.0,0.0,0.0,0.0,0.0,0.0,0.0,0.0,0.0,0.0,0.27492737770080566,0.08822864294052124,0.00139772606871702,8.039698600769043,186,nan,-1.0,True,,False,0.010050058364868164,0.0,0.1258549690246582,20.0,20.0,1.0,0.0,0.0,0.0,0.0,0.0
511,13.172499656677246,-0.0,0.0,-0.0,13.172499656677246,0.4708925187587738,12.62957763671875,2.342942953109741,-0.0,0.0,0.0,0.0,0.0,0.0,0.0,0.0,0.0,0.0,0.0,0.0,0.023000000044703484,0.023000000044703484,0.02,0.15,0.0,0.0,0.0,0.0,0.0,0.0,0.0,0.0,0.0,0.0,0.0,0.0,0.27512431144714355,0.08856123685836792,0.0016727219417589367,8.039698600769043,186,nan,-1.0,True,,False,0.010050058364868164,0.0,0.1258549690246582,20.0,20.0,1.0,0.0,0.0,0.0,0.0,0.0
512,13.174365997314453,-0.0,0.0,-0.0,13.174365997314453,0.48886337876319885,12.642410278320312,2.345144510269165,-0.0,0.0,0.0,0.0,0.0,0.0,0.0,0.0,0.0,0.0,0.0,0.0,0.023000000044703484,0.023000000044703484,0.02,0.15,0.0,0.0,0.0,0.0,0.0,0.0,0.0,0.0,0.0,0.0,0.0,0.0,0.27531057596206665,0.088913194835186,0.0019624390070021036,8.039698600769043,186,nan,-1.0,True,,False,0.010050058364868164,0.0,0.1258549690246582,20.0,20.0,1.0,0.0,0.0,0.0,0.0,0.0
513,13.177370071411133,-0.0,0.0,-0.0,13.177370071411133,0.5057586431503296,12.655174255371094,2.347515106201172,-0.0,0.0,0.0,0.0,0.0,0.0,0.0,0.0,0.0,0.0,0.0,0.0,0.023000000044703484,0.023000000044703484,0.02,0.15,0.0,0.0,0.0,0.0,0.0,0.0,0.0,0.0,0.0,0.0,0.0,0.0,0.2754858136177063,0.08928480744361877,0.0021942828768715117,8.039698600769043,186,nan,-1.0,True,,False,0.010050058364868164,0.0,0.1258549690246582,20.0,20.0,1.0,0.0,0.0,0.0,0.0,0.0
514,13.182446479797363,-0.0,0.0,-0.0,13.182446479797363,0.5212795734405518,12.668233871459961,2.350020408630371,-0.0,0.0,0.0,0.0,0.0,0.0,0.0,0.0,0.0,0.0,0.0,0.0,0.023000000044703484,0.023000000044703484,0.02,0.15,0.0,0.0,0.0,0.0,0.0,0.0,0.0,0.0,0.0,0.0,0.0,0.0,0.2756482660770416,0.08967405557632446,0.002301058193324934,8.039698600769043,186,nan,-1.0,True,,False,0.010050058364868164,0.0,0.1258549690246582,20.0,20.0,1.0,0.0,0.0,0.0,0.0,0.0
515,13.189711570739746,-0.0,0.0,-0.0,13.189711570739746,0.5106868147850037,12.681480407714844,2.3526957035064697,-0.0,0.0,0.0,0.0,0.0,0.0,0.0,0.0,0.0,0.0,0.0,0.0,0.023000000044703484,0.023000000044703484,0.02,0.15000000000000002,0.0,0.0,0.0,0.0,0.0,0.0,0.0,0.0,0.0,0.0,0.0,0.0,0.2757984697818756,0.08996053040027618,0.0022202675831977103,8.039698600769043,186,nan,-1.0,True,,False,0.010050058364868164,0.0,0.1258549690246582,20.0,20.0,1.0,0.0,0.0,0.0,0.0,0.0
516,13.200299263000488,-0.0,0.0,-0.0,13.200299263000488,0.43821561336517334,12.695083618164062,2.3554883003234863,-0.0,0.0,0.0,0.0,0.0,0.0,0.0,0.0,0.0,0.0,0.0,0.0,0.023000000044703484,0.023000000044703484,0.02,0.15,0.0,0.0,0.0,0.0,0.0,0.0,0.0,0.0,0.0,0.0,0.0,0.0,0.27593860030174255,0.08968672901391983,0.001969994431874511,8.039698600769043,186,nan,-1.0,True,,False,0.010050058364868164,0.0,0.1258549690246582,20.0,20.0,1.0,0.0,0.0,0.0,0.0,0.0
517,17.921140670776367,-0.0,0.0,-0.0,17.921140670776367,0.3329541087150574,12.708654403686523,2.3583998680114746,-0.0,0.0,0.0,0.0,0.0,0.0,0.0,0.0,0.0,0.0,0.0,0.0,0.023000000044703484,0.023000000044703484,0.02,0.15,0.0,0.0,0.0,0.0,0.0,0.0,0.0,0.0,0.0,0.0,0.0,0.0,0.27607035636901855,0.08939336240291595,0.0010728896581895242,8.039698600769043,186,nan,-1.0,True,,False,0.010050058364868164,0.0,0.1258549690246582,20.0,20.0,1.0,0.0,0.0,0.0,0.0,0.0
518,25.921031951904297,-0.0,0.0,-0.0,25.921031951904297,0.22606661915779114,12.722699165344238,2.3614256381988525,-0.0,0.0,0.0,0.0,0.0,0.0,0.0,0.0,0.0,0.0,0.0,0.0,0.023000000044703484,0.023000000044703484,0.02,0.15,0.0,0.0,0.0,0.0,0.0,0.0,0.0,0.0,0.0,0.0,0.0,0.0,0.2762027680873871,0.08909592032432556,0.0010405338766759087,8.039698600769043,186,nan,-1.0,True,,False,0.010050058364868164,0.0,0.1258549690246582,20.0,20.0,1.0,0.0,0.0,0.0,0.0,0.0
519,40.723350524902344,-0.0,0.0,-0.0,40.723350524902344,0.12655898928642273,12.736703872680664,2.364508628845215,-0.0,0.0,0.0,0.0,0.0,0.0,0.0,0.0,0.0,0.0,0.0,0.0,0.023000000044703484,0.023000000044703484,0.02,0.15,0.0,0.0,0.0,0.0,0.0,0.0,0.0,0.0,0.0,0.0,0.0,0.0,0.27633681893348694,0.0887957289814949,0.001003797630801273,8.039698600769043,186,nan,-1.0,True,,False,0.010050058364868164,0.0,0.1258549690246582,20.0,20.0,1.0,0.0,0.0,0.0,0.0,0.0
520,85.74864959716797,-0.0,0.0,-0.0,85.74864959716797,0.034819260239601135,12.751062393188477,2.367638349533081,-0.0,0.0,0.0,0.0,0.0,0.0,0.0,0.0,0.0,0.0,0.0,0.0,0.023000000044703484,0.023000000044703484,0.02,0.15,0.0,0.0,0.0,0.0,0.0,0.0,0.0,0.0,0.0,0.0,0.0,0.0,0.27647385001182556,0.08849525451660156,0.0009831094325818412,8.039698600769043,186,nan,-1.0,True,,False,0.010050058364868164,0.0,0.1258549690246582,20.0,20.0,1.0,0.0,0.0,0.0,0.0,0.0
521,40.6846809387207,-0.0,0.0,-0.0,40.6846809387207,0.12699651718139648,12.765816688537598,2.368649482727051,-0.0,0.0,0.0,0.0,0.0,0.0,0.0,0.0,0.0,0.0,0.0,0.0,0.023000000044703484,0.023000000044703484,0.02,0.15,0.0,0.0,0.0,0.0,0.0,0.0,0.0,0.0,0.0,0.0,0.0,0.0,0.2766128480434418,0.08819305151700974,0.0009652944577283051,8.039698600769043,186,nan,-1.0,True,,False,0.010050058364868164,0.0,0.1258549690246582,20.0,20.0,1.0,0.0,0.0,0.0,0.0,0.0
522,17.453752517700195,-0.0,0.0,-0.0,17.453752517700195,0.343285471200943,12.78066349029541,2.36824107170105,-0.0,0.0,0.0,0.0,0.0,0.0,0.0,0.0,0.0,0.0,0.0,0.0,0.023000000044703484,0.023000000044703484,0.02,0.15,0.0,0.0,0.0,0.0,0.0,0.0,0.0,0.0,0.0,0.0,0.0,0.0,0.2767462730407715,0.0878741592168808,0.0009272729867007001,8.039698600769043,186,nan,-1.0,True,,False,0.010050058364868164,0.0,0.1258549690246582,20.0,20.0,1.0,0.0,0.0,0.0,0.0,0.0
523,15.482965469360352,-0.0,0.0,-0.0,15.482965469360352,0.3830668330192566,12.795769691467285,2.3678462505340576,-0.0,0.0,0.0,0.0,0.0,0.0,0.0,0.0,0.0,0.0,0.0,0.0,0.023000000044703484,0.023000000044703484,0.02,0.15,0.0,0.0,0.0,0.0,0.0,0.0,0.0,0.0,0.0,0.0,0.0,0.0,0.2768637239933014,0.08753915876150131,0.0009631244638512726,8.039698600769043,186,nan,-1.0,True,,False,0.010050058364868164,0.0,0.1258549690246582,20.0,20.0,1.0,0.0,0.0,0.0,0.0,0.0
524,16.424823760986328,-0.0,0.0,-0.0,16.424823760986328,0.3628759980201721,12.810819625854492,2.367967367172241,-0.0,0.0,0.0,0.0,0.0,0.0,0.0,0.0,0.0,0.0,0.0,0.0,0.023000000044703484,0.023000000044703484,0.02,0.15,0.0,0.0,0.0,0.0,0.0,0.0,0.0,0.0,0.0,0.0,0.0,0.0,0.27686411142349243,0.08720309287309647,0.0009629990090616047,8.039698600769043,186,nan,-1.0,True,,False,0.010050058364868164,0.0,0.1258549690246582,20.0,20.0,1.0,0.0,0.0,0.0,0.0,0.0
525,17.50971794128418,-0.0,0.0,-0.0,17.50971794128418,0.34182459115982056,12.82597827911377,2.368556261062622,-0.0,0.0,0.0,0.0,0.0,0.0,0.0,0.0,0.0,0.0,0.0,0.0,0.023000000044703484,0.023000000044703484,0.02,0.15,0.0,0.0,0.0,0.0,0.0,0.0,0.0,0.0,0.0,0.0,0.0,0.0,0.27685561776161194,0.0868518203496933,0.0009607629222045944,8.039698600769043,186,nan,-1.0,True,,False,0.010050058364868164,0.0,0.1258549690246582,20.0,20.0,1.0,0.0,0.0,0.0,0.0,0.0
526,18.80646514892578,-0.0,0.0,-0.0,18.80646514892578,0.31922128796577454,12.8411226272583,2.369874954223633,-0.0,0.0,0.0,0.0,0.0,0.0,0.0,0.0,0.0,0.0,0.0,0.0,0.023000000044703484,0.023000000044703484,0.02,0.15,0.0,0.0,0.0,0.0,0.0,0.0,0.0,0.0,0.0,0.0,0.0,0.0,0.2768358588218689,0.08648388832807541,0.0009425663865840761,8.039698600769043,186,nan,-1.0,True,,False,0.010050058364868164,0.0,0.1258549690246582,20.0,20.0,1.0,0.0,0.0,0.0,0.0,0.0
527,20.33711051940918,-0.0,0.0,-0.0,20.33711051940918,0.2954563498497009,12.856279373168945,2.371739387512207,-0.0,0.0,0.0,0.0,0.0,0.0,0.0,0.0,0.0,0.0,0.0,0.0,0.023000000044703484,0.023000000044703484,0.02,0.15,0.0,0.0,0.0,0.0,0.0,0.0,0.0,0.0,0.0,0.0,0.0,0.0,0.27680569887161255,0.0860988050699234,0.0008959101428445138,8.039698600769043,186,nan,-1.0,True,,False,0.010050058364868164,0.0,0.1258549690246582,20.0,20.0,1.0,0.0,0.0,0.0,0.0,0.0
528,22.11083221435547,-0.0,0.0,-0.0,22.11083221435547,0.27115780115127563,12.871471405029297,2.3738701343536377,-0.0,0.0,0.0,0.0,0.0,0.0,0.0,0.0,0.0,0.0,0.0,0.0,0.023000000044703484,0.023000000044703484,0.02,0.15,0.0,0.0,0.0,0.0,0.0,0.0,0.0,0.0,0.0,0.0,0.0,0.0,0.2767632305622101,0.08570363372564316,0.0008344247739842103,8.039698600769043,186,nan,-1.0,True,,False,0.010050058364868164,0.0,0.1258549690246582,20.0,20.0,1.0,0.0,0.0,0.0,0.0,0.0
529,24.24337387084961,-0.0,0.0,-0.0,24.24337387084961,0.24573644995689392,12.886841773986816,2.376336097717285,-0.0,0.0,0.0,0.0,0.0,0.0,0.0,0.0,0.0,0.0,0.0,0.0,0.023000000044703484,0.023000000044703484,0.02,0.15,0.0,0.0,0.0,0.0,0.0,0.0,0.0,0.0,0.0,0.0,0.0,0.0,0.2767106890678406,0.08529631793498993,0.0007693421348449192,8.039698600769043,186,nan,-1.0,True,,False,0.010050058364868164,0.0,0.1258549690246582,20.0,20.0,1.0,0.0,0.0,0.0,0.0,0.0
530,26.65037727355957,-0.0,0.0,-0.0,26.65037727355957,0.22107923030853271,12.901952743530273,2.378749132156372,-0.0,0.0,0.0,0.0,0.0,0.0,0.0,0.0,0.0,0.0,0.0,0.0,0.023000000044703484,0.023000000044703484,0.02,0.15,0.0,0.0,0.0,0.0,0.0,0.0,0.0,0.0,0.0,0.0,0.0,0.0,0.2766488790512085,0.0851060301065445,0.0006894024072607863,8.039698600769043,186,nan,-1.0,True,,False,0.010050058364868164,0.0,0.1258549690246582,20.0,20.0,1.0,0.0,0.0,0.0,0.0,0.0
531,41.436851501464844,-0.0,0.0,-0.0,41.436851501464844,0.1246316060423851,12.917269706726074,2.3815736770629883,-0.0,0.0,0.0,0.0,0.0,0.0,0.0,0.0,0.0,0.0,0.0,0.0,0.023000000044703484,0.023000000044703484,0.02,0.15,0.0,0.0,0.0,0.0,0.0,0.0,0.0,0.0,0.0,0.0,0.0,0.0,0.2765994966030121,0.08486308157444,0.0012016227931326284,8.039698600769043,186,nan,-1.0,True,,False,0.010050058364868164,0.0,0.1258549690246582,20.0,20.0,1.0,0.0,0.0,0.0,0.0,0.0
532,88.72913360595703,-0.0,0.0,-0.0,88.72913360595703,0.032710667699575424,12.932798385620117,2.3841872215270996,-0.0,0.0,0.0,0.0,0.0,0.0,0.0,0.0,0.0,0.0,0.0,0.0,0.023000000044703484,0.023000000044703484,0.02,0.15,0.0,0.0,0.0,0.0,0.0,0.0,0.0,0.0,0.0,0.0,0.0,0.0,0.2765272259712219,0.08459879457950592,0.0012029217903091194,8.039698600769043,186,nan,-1.0,True,,False,0.010050058364868164,0.0,0.1258549690246582,20.0,20.0,1.0,0.0,0.0,0.0,0.0,0.0
533,74.60951232910156,-0.0,0.0,-0.0,74.60951232910156,0.046509794890880585,12.948566436767578,2.3855814933776855,-0.0,0.0,0.0,0.0,0.0,0.0,0.0,0.0,0.0,0.0,0.0,0.0,0.023000000044703484,0.023000000044703484,0.02,0.15,0.0,0.0,0.0,0.0,0.0,0.0,0.0,0.0,0.0,0.0,0.0,0.0,0.2764340937137604,0.0843212902545929,0.0012021063269003207,8.039698600769043,186,nan,-1.0,True,,False,0.010050058364868164,0.0,0.1258549690246582,20.0,20.0,1.0,0.0,0.0,0.0,0.0,0.0
534,52.16693115234375,-0.0,0.0,-0.0,52.16693115234375,0.08784262090921402,12.96420669555664,2.3862533569335938,-0.0,0.0,0.0,0.0,0.0,0.0,0.0,0.0,0.0,0.0,0.0,0.0,0.023000000044703484,0.023000000044703484,0.02,0.15,0.0,0.0,0.0,0.0,0.0,0.0,0.0,0.0,0.0,0.0,0.0,0.0,0.27635499835014343,0.08404998481273651,0.00047631641018597293,8.039698600769043,186,nan,-1.0,True,,False,0.010050058364868164,0.0,0.1258549690246582,20.0,20.0,1.0,0.0,0.0,0.0,0.0,0.0
535,73.4242172241211,-0.0,0.0,-0.0,73.4242172241211,0.04797229915857315,12.980117797851562,2.387148857116699,-0.0,0.0,0.0,0.0,0.0,0.0,0.0,0.0,0.0,0.0,0.0,0.0,0.023000000044703484,0.023000000044703484,0.02,0.15,0.0,0.0,0.0,0.0,0.0,0.0,0.0,0.0,0.0,0.0,0.0,0.0,0.27627134323120117,0.08377521485090256,0.0004809265747098834,8.039698600769043,186,nan,-1.0,True,,False,0.010050058364868164,0.0,0.1258549690246582,20.0,20.0,1.0,0.0,0.0,0.0,0.0,0.0
536,178.04541015625,-0.0,0.0,-0.0,178.04541015625,0.005656640511006117,12.995965957641602,2.3882884979248047,-0.0,0.0,0.0,0.0,0.0,0.0,0.0,0.0,0.0,0.0,0.0,0.0,0.023000000044703484,0.023000000044703484,0.02,0.15,0.0,0.0,0.0,0.0,0.0,0.0,0.0,0.0,0.0,0.0,0.0,0.0,0.27617010474205017,0.08349855989217758,0.0004983621593055432,8.039698600769043,186,nan,-1.0,True,,False,0.010050058364868164,0.0,0.1258549690246582,20.0,20.0,1.0,0.0,0.0,0.0,0.0,0.0
537,86.56068420410156,-0.0,0.0,-0.0,86.56068420410156,0.034601397812366486,13.011930465698242,2.3888494968414307,-0.0,0.0,0.0,0.0,0.0,0.0,0.0,0.0,0.0,0.0,0.0,0.0,0.023000000044703484,0.023000000044703484,0.02,0.15,0.0,0.0,0.0,0.0,0.0,0.0,0.0,0.0,0.0,0.0,0.0,0.0,0.2760293781757355,0.08336245268583298,0.0005372324844756804,8.039698600769043,186,nan,-1.0,True,,False,0.010050058364868164,0.0,0.1258549690246582,20.0,20.0,1.0,0.0,0.0,0.0,0.0,0.0
538,56.78838348388672,-0.0,0.0,-0.0,56.78838348388672,0.07596035301685333,12.650580406188965,2.382877826690674,-0.0,0.0,0.0,0.0,0.0,0.0,0.0,0.0,0.0,0.0,0.0,0.0,0.023000000044703484,0.023000000044703484,0.02,0.15,0.0,0.0,0.0,0.0,0.0,0.0,0.0,0.0,0.0,0.0,0.0,0.0,0.27590084075927734,0.08325716108083725,0.0006411119693439105,8.039698600769043,186,nan,-1.0,True,,False,0.010050058364868164,0.0,0.1258549690246582,20.0,20.0,1.0,0.0,0.0,0.0,0.0,0.0
539,42.65068817138672,-0.0,0.0,-0.0,42.65068817138672,0.11850817501544952,11.952230453491211,2.3712236881256104,-0.0,0.0,0.0,0.0,0.0,0.0,0.0,0.0,0.0,0.0,0.0,0.0,0.023000000044703484,0.023000000044703484,0.02,0.15,0.0,0.0,0.0,0.0,0.0,0.0,0.0,0.0,0.0,0.0,0.0,0.0,0.2757940888404846,0.08317218720912933,0.0006660890630882932,8.039698600769043,186,nan,-1.0,True,,False,0.010050058364868164,0.0,0.1258549690246582,20.0,20.0,1.0,0.0,0.0,0.0,0.0,0.0
540,33.94767761230469,-0.0,0.0,-0.0,33.94767761230469,0.16197113692760468,11.435709953308105,2.3623170852661133,-0.0,0.0,0.0,0.0,0.0,0.0,0.0,0.0,0.0,0.0,0.0,0.0,0.023000000044703484,0.023000000044703484,0.02,0.15,0.0,0.0,0.0,0.0,0.0,0.0,0.0,0.0,0.0,0.0,0.0,0.0,0.27576807141304016,0.08310666680335999,0.0007005540187492443,8.039698600769043,186,nan,-1.0,True,,False,0.010050058364868164,0.0,0.1258549690246582,20.0,20.0,1.0,0.0,0.0,0.0,0.0,0.0
541,27.73480796813965,-0.0,0.0,-0.0,27.73480796813965,0.2077234834432602,10.999340057373047,2.3547959327697754,-0.0,0.0,0.0,0.0,0.0,0.0,0.0,0.0,0.0,0.0,0.0,0.0,0.023000000044703484,0.023000000044703484,0.02,0.15,0.0,0.0,0.0,0.0,0.0,0.0,0.0,0.0,0.0,0.0,0.0,0.0,0.27577170729637146,0.08306025713682175,0.0007371878532467235,8.039698600769043,186,nan,-1.0,True,,False,0.010050058364868164,0.0,0.1258549690246582,20.0,20.0,1.0,0.0,0.0,0.0,0.0,0.0
542,23.083900451660156,-0.0,0.0,-0.0,23.083900451660156,0.2549028992652893,10.527254104614258,2.346658945083618,-0.0,0.0,0.0,0.0,0.0,0.0,0.0,0.0,0.0,0.0,0.0,0.0,0.023000000044703484,0.023000000044703484,0.02,0.15,0.0,0.0,0.0,0.0,0.0,0.0,0.0,0.0,0.0,0.0,0.0,0.0,0.27580738067626953,0.08304040133953094,0.0007758941878819314,8.039698600769043,186,nan,-1.0,True,,False,0.010050058364868164,0.0,0.1258549690246582,20.0,20.0,1.0,0.0,0.0,0.0,0.0,0.0
543,20.698348999023438,-0.0,0.0,-0.0,20.698348999023438,0.28487837314605713,10.411919593811035,2.3381154537200928,-0.0,0.0,0.0,0.0,0.0,0.0,0.0,0.0,0.0,0.0,0.0,0.0,0.023000000044703484,0.023000000044703484,0.02,0.15,0.0,0.0,0.0,0.0,0.0,0.0,0.0,0.0,0.0,0.0,0.0,0.0,0.2758800685405731,0.08305719494819641,0.0012417780289979419,8.039698600769043,186,nan,-1.0,True,,False,0.010050058364868164,0.0,0.1258549690246582,20.0,20.0,1.0,0.0,0.0,0.0,0.0,0.0
544,21.06259536743164,-0.0,0.0,-0.0,21.06259536743164,0.2786490321159363,10.415182113647461,2.3302323818206787,-0.0,0.0,0.0,0.0,0.0,0.0,0.0,0.0,0.0,0.0,0.0,0.0,0.023000000044703484,0.023000000044703484,0.02,0.15,0.0,0.0,0.0,0.0,0.0,0.0,0.0,0.0,0.0,0.0,0.0,0.0,0.2759631276130676,0.0831366777420044,0.0012520980405952287,8.039698600769043,186,nan,-1.0,True,,False,0.010050058364868164,0.0,0.1258549690246582,20.0,20.0,1.0,0.0,0.0,0.0,0.0,0.0
545,21.1318302154541,-0.0,0.0,-0.0,21.1318302154541,0.2767390012741089,10.418975830078125,2.3232738971710205,-0.0,0.0,0.0,0.0,0.0,0.0,0.0,0.0,0.0,0.0,0.0,0.0,0.023000000044703484,0.023000000044703484,0.02,0.15,0.0,0.0,0.0,0.0,0.0,0.0,0.0,0.0,0.0,0.0,0.0,0.0,0.276060551404953,0.08330975472927094,0.0012614504876182764,8.039698600769043,186,nan,-1.0,True,,False,0.010050058364868164,0.0,0.1258549690246582,20.0,20.0,1.0,0.0,0.0,0.0,0.0,0.0
546,20.862751007080078,-0.0,0.0,-0.0,20.862751007080078,0.27960464358329773,10.42349910736084,2.3169424533843994,-0.0,0.0,0.0,0.0,0.0,0.0,0.0,0.0,0.0,0.0,0.0,0.0,0.023000000044703484,0.023000000044703484,0.02,0.15,0.0,0.0,0.0,0.0,0.0,0.0,0.0,0.0,0.0,0.0,0.0,0.0,0.2761753797531128,0.08361034840345383,0.0012708468907476345,8.039698600769043,186,nan,-1.0,True,,False,0.010050058364868164,0.0,0.1258549690246582,20.0,20.0,1.0,0.0,0.0,0.0,0.0,0.0
547,20.25070571899414,-0.0,0.0,-0.0,20.25070571899414,0.28757959604263306,10.42963695526123,2.3112106323242188,-0.0,0.0,0.0,0.0,0.0,0.0,0.0,0.0,0.0,0.0,0.0,0.0,0.023000000044703484,0.023000000044703484,0.02,0.15,0.0,0.0,0.0,0.0,0.0,0.0,0.0,0.0,0.0,0.0,0.0,0.0,0.27630919218063354,0.08407842367887497,0.0012784394928075926,8.039698600769043,186,nan,-1.0,True,,False,0.010050058364868164,0.0,0.1258549690246582,20.0,20.0,1.0,0.0,0.0,0.0,0.0,0.0
548,24.09573745727539,-0.0,0.0,-0.0,24.09573745727539,0.23854440450668335,10.437435150146484,2.3061773777008057,-0.0,0.0,0.0,0.0,0.0,0.0,0.0,0.0,0.0,0.0,0.0,0.0,0.023000000044703484,0.023000000044703484,0.02,0.15,0.0,0.0,0.0,0.0,0.0,0.0,0.0,0.0,0.0,0.0,0.0,0.0,0.27645227313041687,0.08475036174058914,0.001030295403324999,8.039698600769043,186,nan,-1.0,True,,False,0.010050058364868164,0.0,0.1258549690246582,20.0,20.0,1.0,0.0,0.0,0.0,0.0,0.0
549,34.639076232910156,-0.0,0.0,-0.0,34.639076232910156,0.15326336026191711,10.447002410888672,2.301360845565796,-0.0,0.0,0.0,0.0,0.0,0.0,0.0,0.0,0.0,0.0,0.0,0.0,0.023000000044703484,0.023000000044703484,0.02,0.15,0.0,0.0,0.0,0.0,0.0,0.0,0.0,0.0,0.0,0.0,0.0,0.0,0.27658602595329285,0.08552037179470062,0.0010463704666108242,8.039698600769043,186,nan,-1.0,True,,False,0.010050058364868164,0.0,0.1258549690246582,20.0,20.0,1.0,0.0,0.0,0.0,0.0,0.0
550,59.98465347290039,-0.0,0.0,-0.0,59.98465347290039,0.0663747563958168,10.457287788391113,2.2970643043518066,-0.0,0.0,0.0,0.0,0.0,0.0,0.0,0.0,0.0,0.0,0.0,0.0,0.023000000044703484,0.023000000044703484,0.02,0.15,0.0,0.0,0.0,0.0,0.0,0.0,0.0,0.0,0.0,0.0,0.0,0.0,0.27669915556907654,0.0862877294421196,0.001124753013755253,8.039698600769043,186,nan,-1.0,True,,False,0.010050058364868164,0.0,0.1258549690246582,20.0,20.0,1.0,0.0,0.0,0.0,0.0,0.0
551,113.64854431152344,-0.0,0.0,-0.0,113.64854431152344,0.017956288531422615,10.468978881835938,2.293287992477417,-0.0,0.0,0.0,0.0,0.0,0.0,0.0,0.0,0.0,0.0,0.0,0.0,0.023000000044703484,0.023000000044703484,0.02,0.15,0.0,0.0,0.0,0.0,0.0,0.0,0.0,0.0,0.0,0.0,0.0,0.0,0.27681174874305725,0.08703330904245377,0.001152566442215175,8.039698600769043,186,nan,-1.0,True,,False,0.010050058364868164,0.0,0.1258549690246582,20.0,20.0,1.0,0.0,0.0,0.0,0.0,0.0
552,48.317684173583984,-0.0,0.0,-0.0,48.317684173583984,0.09441967308521271,10.483160018920898,2.28949236869812,-0.0,0.0,0.0,0.0,0.0,0.0,0.0,0.0,0.0,0.0,0.0,0.0,0.023000000044703484,0.023000000044703484,0.02,0.15,0.0,0.0,0.0,0.0,0.0,0.0,0.0,0.0,0.0,0.0,0.0,0.0,0.27697277069091797,0.08793682605028152,0.0011798185250881943,8.039698600769043,186,nan,-1.0,True,,False,0.010050058364868164,0.0,0.1258549690246582,20.0,20.0,1.0,0.0,0.0,0.0,0.0,0.0
553,32.2816276550293,-0.0,0.0,-0.0,32.2816276550293,0.16673287749290466,10.500263214111328,2.2861721515655518,-0.0,0.0,0.0,0.0,0.0,0.0,0.0,0.0,0.0,0.0,0.0,0.0,0.023000000044703484,0.023000000044703484,0.02,0.15,0.0,0.0,0.0,0.0,0.0,0.0,0.0,0.0,0.0,0.0,0.0,0.0,0.27713629603385925,0.0890156477689743,0.001200877621613472,8.039698600769043,186,nan,-1.0,True,,False,0.010050058364868164,0.0,0.1258549690246582,20.0,20.0,1.0,0.0,0.0,0.0,0.0,0.0
554,23.94384765625,-0.0,0.0,-0.0,23.94384765625,0.23750978708267212,10.520477294921875,2.283465623855591,-0.0,0.0,0.0,0.0,0.0,0.0,0.0,0.0,0.0,0.0,0.0,0.0,0.023000000044703484,0.023000000044703484,0.02,0.15,0.0,0.0,0.0,0.0,0.0,0.0,0.0,0.0,0.0,0.0,0.0,0.0,0.27730879187583923,0.09021149575710297,0.0012178332376606704,8.039698600769043,186,nan,-1.0,True,,False,0.010050058364868164,0.0,0.1258549690246582,20.0,20.0,1.0,0.0,0.0,0.0,0.0,0.0
555,18.66855239868164,-0.0,0.0,-0.0,18.66855239868164,0.30726832151412964,10.541389465332031,2.281147003173828,-0.0,0.0,0.0,0.0,0.0,0.0,0.0,0.0,0.0,0.0,0.0,0.0,0.023000000044703484,0.023000000044703484,0.02,0.15,0.0,0.0,0.0,0.0,0.0,0.0,0.0,0.0,0.0,0.0,0.0,0.0,0.27744820713996887,0.09154287725687027,0.0012350227866591013,8.039698600769043,186,nan,-1.0,True,,False,0.010050058364868164,0.0,0.1258549690246582,20.0,20.0,1.0,0.0,0.0,0.0,0.0,0.0
556,14.9651517868042,-0.0,0.0,-0.0,14.9651517868042,0.3768081068992615,10.56358528137207,2.279153823852539,-0.0,0.0,0.0,0.0,0.0,0.0,0.0,0.0,0.0,0.0,0.0,0.0,0.023000000044703484,0.023000000044703484,0.02,0.15,0.0,0.0,0.0,0.0,0.0,0.0,0.0,0.0,0.0,0.0,0.0,0.0,0.27755919098854065,0.09305105358362198,0.0012499713893703301,8.039698600769043,186,nan,-1.0,True,,False,0.010050058364868164,0.0,0.1258549690246582,20.0,20.0,1.0,0.0,0.0,0.0,0.0,0.0
557,12.43333911895752,-0.0,0.0,-0.0,12.43333911895752,0.43996351957321167,10.58625602722168,2.2773876190185547,-0.0,0.0,0.0,0.0,0.0,0.0,0.0,0.0,0.0,0.0,0.0,0.0,0.023000000044703484,0.023000000044703484,0.02,0.15,0.0,0.0,0.0,0.0,0.0,0.0,0.0,0.0,0.0,0.0,0.0,0.0,0.27765780687332153,0.09445889294147491,0.0012618819537237869,8.039698600769043,186,nan,-1.0,True,,False,0.010050058364868164,0.0,0.1258549690246582,20.0,20.0,1.0,0.0,0.0,0.0,0.0,0.0
558,10.86715030670166,-0.0,0.0,-0.0,10.86715030670166,0.4975664019584656,10.609251022338867,2.276099443435669,-0.0,0.0,0.0,0.0,0.0,0.0,0.0,0.0,0.0,0.0,0.0,0.0,0.023000000044703484,0.023000000044703484,0.02,0.14999999999999997,0.0,0.0,0.0,0.0,0.0,0.0,0.0,0.0,0.0,0.0,0.0,0.0,0.2777332663536072,0.09570114314556122,0.001585237221661373,8.039698600769043,186,nan,-1.0,True,,False,0.010050058364868164,0.0,0.1258549690246582,20.0,20.0,1.0,0.0,0.0,0.0,0.0,0.0
559,10.903144836425781,-0.0,0.0,-0.0,10.903144836425781,0.5287209153175354,10.633432388305664,2.275700330734253,-0.0,0.0,0.0,0.0,0.0,0.0,0.0,0.0,0.0,0.0,0.0,0.0,0.023000000044703484,0.023000000044703484,0.02,0.15,0.0,0.0,0.0,0.0,0.0,0.0,0.0,0.0,0.0,0.0,0.0,0.0,0.2778056859970093,0.09556782245635986,0.0015519965027124272,8.039698600769043,186,nan,-1.0,True,,False,0.010050058364868164,0.0,0.1258549690246582,20.0,20.0,1.0,0.0,0.0,0.0,0.0,0.0
560,10.936498641967773,-0.0,0.0,-0.0,10.936498641967773,0.5355063676834106,10.658391952514648,2.276348114013672,-0.0,0.0,0.0,0.0,0.0,0.0,0.0,0.0,0.0,0.0,0.0,0.0,0.023000000044703484,0.023000000044703484,0.02,0.15,0.0,0.0,0.0,0.0,0.0,0.0,0.0,0.0,0.0,0.0,0.0,0.0,0.27787572145462036,0.09546666592359543,0.0016200851055145904,8.039698600769043,186,nan,-1.0,True,,False,0.010050058364868164,0.0,0.1258549690246582,20.0,20.0,1.0,0.0,0.0,0.0,0.0,0.0
561,10.967901229858398,-0.0,0.0,-0.0,10.967901229858398,0.5263822078704834,10.683741569519043,2.2777774333953857,-0.0,0.0,0.0,0.0,0.0,0.0,0.0,0.0,0.0,0.0,0.0,0.0,0.023000000044703484,0.023000000044703484,0.02,0.15,0.0,0.0,0.0,0.0,0.0,0.0,0.0,0.0,0.0,0.0,0.0,0.0,0.2779387831687927,0.09540420025587082,0.0016915051883188426,8.039698600769043,186,nan,-1.0,True,,False,0.010050058364868164,0.0,0.1258549690246582,20.0,20.0,1.0,0.0,0.0,0.0,0.0,0.0
562,11.978569030761719,-0.0,0.0,-0.0,11.978569030761719,0.45430728793144226,10.709693908691406,2.2801802158355713,-0.0,0.0,0.0,0.0,0.0,0.0,0.0,0.0,0.0,0.0,0.0,0.0,0.023000000044703484,0.023000000044703484,0.02,0.15,0.0,0.0,0.0,0.0,0.0,0.0,0.0,0.0,0.0,0.0,0.0,0.0,0.2779727876186371,0.0954330563545227,0.0011053646830987418,8.039698600769043,186,nan,-1.0,True,,False,0.010050058364868164,0.0,0.1258549690246582,20.0,20.0,1.0,0.0,0.0,0.0,0.0,0.0
563,14.87981128692627,-0.0,0.0,-0.0,14.87981128692627,0.3798520565032959,10.735973358154297,2.282933235168457,-0.0,0.0,0.0,0.0,0.0,0.0,0.0,0.0,0.0,0.0,0.0,0.0,0.023000000044703484,0.023000000044703484,0.02,0.15,0.0,0.0,0.0,0.0,0.0,0.0,0.0,0.0,0.0,0.0,0.0,0.0,0.27797436714172363,0.09550374746322632,0.001144123321864754,8.039698600769043,186,nan,-1.0,True,,False,0.010050058364868164,0.0,0.1258549690246582,20.0,20.0,1.0,0.0,0.0,0.0,0.0,0.0
564,18.95939064025879,-0.0,0.0,-0.0,18.95939064025879,0.30372917652130127,10.762535095214844,2.285984516143799,-0.0,0.0,0.0,0.0,0.0,0.0,0.0,0.0,0.0,0.0,0.0,0.0,0.023000000044703484,0.023000000044703484,0.02,0.15,0.0,0.0,0.0,0.0,0.0,0.0,0.0,0.0,0.0,0.0,0.0,0.0,0.2779677212238312,0.09537498652935028,0.0011921258173970273,8.039698600769043,186,nan,-1.0,True,,False,0.010050058364868164,0.0,0.1258549690246582,20.0,20.0,1.0,0.0,0.0,0.0,0.0,0.0
565,25.1697940826416,-0.0,0.0,-0.0,25.1697940826416,0.22554117441177368,10.789369583129883,2.2894322872161865,-0.0,0.0,0.0,0.0,0.0,0.0,0.0,0.0,0.0,0.0,0.0,0.0,0.023000000044703484,0.023000000044703484,0.02,0.15,0.0,0.0,0.0,0.0,0.0,0.0,0.0,0.0,0.0,0.0,0.0,0.0,0.27793923020362854,0.09510385245084763,0.0012477245127229253,8.039698600769043,186,nan,-1.0,True,,False,0.010050058364868164,0.0,0.1258549690246582,20.0,20.0,1.0,0.0,0.0,0.0,0.0,0.0
566,36.0628776550293,-0.0,0.0,-0.0,36.0628776550293,0.14479608833789825,10.816482543945312,2.2931408882141113,-0.0,0.0,0.0,0.0,0.0,0.0,0.0,0.0,0.0,0.0,0.0,0.0,0.023000000044703484,0.023000000044703484,0.02,0.15,0.0,0.0,0.0,0.0,0.0,0.0,0.0,0.0,0.0,0.0,0.0,0.0,0.27790567278862,0.09484061598777771,0.0013009992831030104,8.039698600769043,186,nan,-1.0,True,,False,0.010050058364868164,0.0,0.1258549690246582,20.0,20.0,1.0,0.0,0.0,0.0,0.0,0.0
567,62.26969528198242,-0.0,0.0,-0.0,62.26969528198242,0.062218520790338516,10.844003677368164,2.297074794769287,-0.0,0.0,0.0,0.0,0.0,0.0,0.0,0.0,0.0,0.0,0.0,0.0,0.023000000044703484,0.023000000044703484,0.02,0.15,0.0,0.0,0.0,0.0,0.0,0.0,0.0,0.0,0.0,0.0,0.0,0.0,0.2778724133968353,0.09462438523769379,0.0013608120916615007,8.039698600769043,186,nan,-1.0,True,,False,0.010050058364868164,0.0,0.1258549690246582,20.0,20.0,1.0,0.0,0.0,0.0,0.0,0.0
568,87.76522827148438,-0.0,0.0,-0.0,87.76522827148438,0.03215176984667778,10.872133255004883,2.3005268573760986,-0.0,0.0,0.0,0.0,0.0,0.0,0.0,0.0,0.0,0.0,0.0,0.0,0.023000000044703484,0.023000000044703484,0.02,0.15,0.0,0.0,0.0,0.0,0.0,0.0,0.0,0.0,0.0,0.0,0.0,0.0,0.2778478264808655,0.09447117149829865,0.0014314141158138227,8.039698600769043,186,nan,-1.0,True,,False,0.010050058364868164,0.0,0.1258549690246582,20.0,20.0,1.0,0.0,0.0,0.0,0.0,0.0
569,36.91084289550781,-0.0,0.0,-0.0,36.91084289550781,0.1409640908241272,10.900503158569336,2.3024168014526367,-0.0,0.0,0.0,0.0,0.0,0.0,0.0,0.0,0.0,0.0,0.0,0.0,0.023000000044703484,0.023000000044703484,0.02,0.15,0.0,0.0,0.0,0.0,0.0,0.0,0.0,0.0,0.0,0.0,0.0,0.0,0.2778192460536957,0.09440010040998459,0.0014518568987114122,8.039698600769043,186,nan,-1.0,True,,False,0.010050058364868164,0.0,0.1258549690246582,20.0,20.0,1.0,0.0,0.0,0.0,0.0,0.0
570,24.359094619750977,-0.0,0.0,-0.0,24.359094619750977,0.23620980978012085,10.929065704345703,2.3076438903808594,-0.0,0.0,0.0,0.0,0.0,0.0,0.0,0.0,0.0,0.0,0.0,0.0,0.023000000044703484,0.023000000044703484,0.02,0.15,0.0,0.0,0.0,0.0,0.0,0.0,0.0,0.0,0.0,0.0,0.0,0.0,0.2777140140533447,0.09441791474819183,0.0014837346043350408,8.039698600769043,186,nan,-1.0,True,,False,0.010050058364868164,0.0,0.1258549690246582,20.0,20.0,1.0,0.0,0.0,0.0,0.0,0.0
571,17.87893295288086,-0.0,0.0,-0.0,17.87893295288086,0.3264063000679016,10.9581937789917,2.3143208026885986,-0.0,0.0,0.0,0.0,0.0,0.0,0.0,0.0,0.0,0.0,0.0,0.0,0.023000000044703484,0.023000000044703484,0.02,0.14999999999999997,0.0,0.0,0.0,0.0,0.0,0.0,0.0,0.0,0.0,0.0,0.0,0.0,0.27758559584617615,0.09446515887975693,0.001518733135299044,8.039698600769043,186,nan,-1.0,True,,False,0.010050058364868164,0.0,0.1258549690246582,20.0,20.0,1.0,0.0,0.0,0.0,0.0,0.0
572,13.940502166748047,-0.0,0.0,-0.0,13.940502166748047,0.4103710353374481,10.987822532653809,2.3218512535095215,-0.0,0.0,0.0,0.0,0.0,0.0,0.0,0.0,0.0,0.0,0.0,0.0,0.023000000044703484,0.023000000044703484,0.02,0.15,0.0,0.0,0.0,0.0,0.0,0.0,0.0,0.0,0.0,0.0,0.0,0.0,0.27744823694229126,0.0945359319448471,0.0006745780551682401,8.039698600769043,186,nan,-1.0,True,,False,0.010050058364868164,0.0,0.1258549690246582,20.0,20.0,1.0,0.0,0.0,0.0,0.0,0.0
573,15.57353401184082,-0.0,0.0,-0.0,15.57353401184082,0.3739461302757263,11.01711654663086,2.330394983291626,-0.0,0.0,0.0,0.0,0.0,0.0,0.0,0.0,0.0,0.0,0.0,0.0,0.023000000044703484,0.023000000044703484,0.02,0.15,0.0,0.0,0.0,0.0,0.0,0.0,0.0,0.0,0.0,0.0,0.0,0.0,0.2773102819919586,0.09461275488138199,0.0008151473434736545,8.039698600769043,186,nan,-1.0,True,,False,0.010050058364868164,0.0,0.1258549690246582,20.0,20.0,1.0,0.0,0.0,0.0,0.0,0.0
574,17.35736656188965,-0.0,0.0,-0.0,17.35736656188965,0.3399420976638794,11.045894622802734,2.3400075435638428,-0.0,0.0,0.0,0.0,0.0,0.0,0.0,0.0,0.0,0.0,0.0,0.0,0.023000000044703484,0.023000000044703484,0.02,0.14999999999999997,0.0,0.0,0.0,0.0,0.0,0.0,0.0,0.0,0.0,0.0,0.0,0.0,0.27717432379722595,0.09469567239284515,0.0010044303185168246,8.039698600769043,186,nan,-1.0,True,,False,0.010050058364868164,0.0,0.1258549690246582,20.0,20.0,1.0,0.0,0.0,0.0,0.0,0.0
575,19.29305076599121,-0.0,0.0,-0.0,19.29305076599121,0.3084566593170166,11.217594146728516,2.3510375022888184,-0.0,0.0,0.0,0.0,0.0,0.0,0.0,0.0,0.0,0.0,0.0,0.0,0.023000000044703484,0.023000000044703484,0.02,0.15,0.0,0.0,0.0,0.0,0.0,0.0,0.0,0.0,0.0,0.0,0.0,0.0,0.2770428955554962,0.09478459507226944,0.0012216517870911048,8.039698600769043,186,nan,-1.0,True,,False,0.010050058364868164,0.0,0.1258549690246582,20.0,20.0,1.0,0.0,0.0,0.0,0.0,0.0
576,21.409589767456055,-0.0,0.0,-0.0,21.409589767456055,0.2791101932525635,11.426795959472656,2.363666296005249,-0.0,0.0,0.0,0.0,0.0,0.0,0.0,0.0,0.0,0.0,0.0,0.0,0.023000000044703484,0.023000000044703484,0.02,0.15,0.0,0.0,0.0,0.0,0.0,0.0,0.0,0.0,0.0,0.0,0.0,0.0,0.2770090699195862,0.09488030523061752,0.0014406989866984077,8.039698600769043,186,nan,-1.0,True,,False,0.010050058364868164,0.0,0.1258549690246582,20.0,20.0,1.0,0.0,0.0,0.0,0.0,0.0
577,23.67283058166504,-0.0,0.0,-0.0,23.67283058166504,0.25248944759368896,11.668251991271973,2.378504753112793,-0.0,0.0,0.0,0.0,0.0,0.0,0.0,0.0,0.0,0.0,0.0,0.0,0.023000000044703484,0.023000000044703484,0.02,0.15,0.0,0.0,0.0,0.0,0.0,0.0,0.0,0.0,0.0,0.0,0.0,0.0,0.27700862288475037,0.09498179703950882,0.0015698479533057252,8.039698600769043,186,nan,-1.0,True,,False,0.010050058364868164,0.0,0.1258549690246582,20.0,20.0,1.0,0.0,0.0,0.0,0.0,0.0
578,27.26165008544922,-0.0,0.0,-0.0,27.26165008544922,0.21697959303855896,11.941143989562988,2.3960163593292236,-0.0,0.0,0.0,0.0,0.0,0.0,0.0,0.0,0.0,0.0,0.0,0.0,0.023000000044703484,0.023000000044703484,0.02,0.15,0.0,0.0,0.0,0.0,0.0,0.0,0.0,0.0,0.0,0.0,0.0,0.0,0.27700525522232056,0.09508738666772842,0.0017632534627409768,8.039698600769043,186,nan,-1.0,True,,False,0.010050058364868164,0.0,0.1258549690246582,20.0,20.0,1.0,0.0,0.0,0.0,0.0,0.0
579,53.6678352355957,-0.0,0.0,-0.0,53.6678352355957,0.08504493534564972,12.253377914428711,2.417926073074341,-0.0,0.0,0.0,0.0,0.0,0.0,0.0,0.0,0.0,0.0,0.0,0.0,0.023000000044703484,0.023000000044703484,0.02,0.15,0.0,0.0,0.0,0.0,0.0,0.0,0.0,0.0,0.0,0.0,0.0,0.0,0.2770005166530609,0.09519688040018082,0.001447654896082895,8.039698600769043,186,nan,-1.0,True,,False,0.010050058364868164,0.0,0.1258549690246582,20.0,20.0,1.0,0.0,0.0,0.0,0.0,0.0
580,57.36371994018555,-0.0,0.0,-0.0,57.36371994018555,0.07696311920881271,12.338829040527344,2.442394256591797,-0.0,0.0,0.0,0.0,0.0,0.0,0.0,0.0,0.0,0.0,0.0,0.0,0.023000000044703484,0.023000000044703484,0.02,0.15,0.0,0.0,0.0,0.0,0.0,0.0,0.0,0.0,0.0,0.0,0.0,0.0,0.2769888937473297,0.0953165739774704,0.0014492058971882216,8.039698600769043,186,nan,-1.0,True,,False,0.010050058364868164,0.0,0.1258549690246582,20.0,20.0,1.0,0.0,0.0,0.0,0.0,0.0
581,49.316917419433594,-0.0,0.0,-0.0,49.316917419433594,0.10009390115737915,12.342426300048828,2.477444887161255,-0.0,0.0,0.0,0.0,0.0,0.0,0.0,0.0,0.0,0.0,0.0,0.0,0.023000000044703484,0.023000000044703484,0.02,0.15,0.0,0.0,0.0,0.0,0.0,0.0,0.0,0.0,0.0,0.0,0.0,0.0,0.27696332335472107,0.09543422609567642,0.0019591232016864524,8.039698600769043,186,nan,-1.0,True,,False,0.010050058364868164,0.0,0.1258549690246582,20.0,20.0,1.0,0.0,0.0,0.0,0.0,0.0
582,58.636085510253906,-0.0,0.0,-0.0,58.636085510253906,0.07710961252450943,12.885208129882812,2.5343897342681885,-0.0,0.0,0.0,0.0,0.0,0.0,0.0,0.0,0.0,0.0,0.0,0.0,0.023000000044703484,0.023000000044703484,0.02,0.15,0.0,0.0,0.0,0.0,0.0,0.0,0.0,0.0,0.0,0.0,0.0,0.0,0.2769145965576172,0.09555219858884811,0.0019646904638648266,8.039698600769043,186,nan,-1.0,True,,False,0.010050058364868164,0.0,0.1258549690246582,20.0,20.0,1.0,0.0,0.0,0.0,0.0,0.0
583,206.56857299804688,-0.0,0.0,-0.0,206.56857299804688,0.0038473987951874733,13.665136337280273,2.555938959121704,-0.0,0.0,0.0,0.0,0.0,0.0,0.0,0.0,0.0,0.0,0.0,0.0,0.023000000044703484,0.023000000044703484,0.02,0.15,0.0,0.0,0.0,0.0,0.0,0.0,0.0,0.0,0.0,0.0,0.0,0.0,0.27695271372795105,0.09561587870121002,0.0009424252289136348,8.039698600769043,186,nan,-1.0,True,,False,0.010050058364868164,0.0,0.1258549690246582,20.0,20.0,1.0,0.0,0.0,0.0,0.0,0.0
584,97.54269409179688,-0.0,0.0,-0.0,97.54269409179688,0.028806105256080627,13.66451644897461,2.5556724071502686,-0.0,0.0,0.0,0.0,0.0,0.0,0.0,0.0,0.0,0.0,0.0,0.0,0.023000000044703484,0.023000000044703484,0.02,0.15,0.0,0.0,0.0,0.0,0.0,0.0,0.0,0.0,0.0,0.0,0.0,0.0,0.2770349085330963,0.09567821770906448,0.002002200597189585,8.039698600769043,186,nan,-1.0,True,,False,0.010050058364868164,0.0,0.1258549690246582,20.0,20.0,1.0,0.0,0.0,0.0,0.0,0.0
585,130.82704162597656,-0.0,0.0,-0.0,130.82704162597656,0.01429680734872818,13.66436767578125,2.5555357933044434,-0.0,0.0,0.0,0.0,0.0,0.0,0.0,0.0,0.0,0.0,0.0,0.0,0.023000000044703484,0.023000000044703484,0.02,0.15,0.0,0.0,0.0,0.0,0.0,0.0,0.0,0.0,0.0,0.0,0.0,0.0,0.2771054208278656,0.09573940932750702,0.0020264544205019774,8.039698600769043,186,nan,-1.0,True,,False,0.010050058364868164,0.0,0.1258549690246582,20.0,20.0,1.0,0.0,0.0,0.0,0.0,0.0
586,138.2789764404297,-0.0,0.0,-0.0,138.2789764404297,0.012414883822202682,13.664186477661133,2.5554378032684326,-0.0,0.0,0.0,0.0,0.0,0.0,0.0,0.0,0.0,0.0,0.0,0.0,0.023000000044703484,0.023000000044703484,0.02,0.15,0.0,0.0,0.0,0.0,0.0,0.0,0.0,0.0,0.0,0.0,0.0,0.0,0.27715593576431274,0.09579861164093018,0.0020536540466764563,8.039698600769043,186,nan,-1.0,True,,False,0.010050058364868164,0.0,0.1258549690246582,20.0,20.0,1.0,0.0,0.0,0.0,0.0,0.0
587,144.04733276367188,-0.0,0.0,-0.0,144.04733276367188,0.011130684986710548,13.664073944091797,2.554657220840454,-0.0,0.0,0.0,0.0,0.0,0.0,0.0,0.0,0.0,0.0,0.0,0.0,0.023000000044703484,0.023000000044703484,0.02,0.15,0.0,0.0,0.0,0.0,0.0,0.0,0.0,0.0,0.0,0.0,0.0,0.0,0.27721455693244934,0.09585537016391754,0.0020929208344568906,8.039698600769043,186,nan,-1.0,True,,False,0.010050058364868164,0.0,0.1258549690246582,20.0,20.0,1.0,0.0,0.0,0.0,0.0,0.0
588,147.4852294921875,-0.0,0.0,-0.0,147.4852294921875,0.010416470468044281,13.663993835449219,2.553220748901367,-0.0,0.0,0.0,0.0,0.0,0.0,0.0,0.0,0.0,0.0,0.0,0.0,0.023000000044703484,0.023000000044703484,0.02,0.15,0.0,0.0,0.0,0.0,0.0,0.0,0.0,0.0,0.0,0.0,0.0,0.0,0.2772817313671112,0.09590966254472733,0.002142013998081893,8.039698600769043,186,nan,-1.0,True,,False,0.010050058364868164,0.0,0.1258549690246582,20.0,20.0,1.0,0.0,0.0,0.0,0.0,0.0
589,155.3253173828125,-0.0,0.0,-0.0,155.3253173828125,0.009020703844726086,13.663908004760742,2.55175518989563,-0.0,0.0,0.0,0.0,0.0,0.0,0.0,0.0,0.0,0.0,0.0,0.0,0.023000000044703484,0.023000000044703484,0.02,0.15,0.0,0.0,0.0,0.0,0.0,0.0,0.0,0.0,0.0,0.0,0.0,0.0,0.2773488759994507,0.0959707498550415,0.002196253029296713,8.039698600769043,186,nan,-1.0,True,,False,0.010050058364868164,0.0,0.1258549690246582,20.0,20.0,1.0,0.0,0.0,0.0,0.0,0.0
590,152.57347106933594,-0.0,0.0,-0.0,152.57347106933594,0.0094671081751585,13.663890838623047,2.5504448413848877,-0.0,0.0,0.0,0.0,0.0,0.0,0.0,0.0,0.0,0.0,0.0,0.0,0.023000000044703484,0.023000000044703484,0.02,0.15,0.0,0.0,0.0,0.0,0.0,0.0,0.0,0.0,0.0,0.0,0.0,0.0,0.2773403227329254,0.09609513729810715,0.0022647672242328554,8.039698600769043,186,nan,-1.0,True,,False,0.010050058364868164,0.0,0.1258549690246582,20.0,20.0,1.0,0.0,0.0,0.0,0.0,0.0
591,154.1136016845703,-0.0,0.0,-0.0,154.1136016845703,0.009194435551762581,13.663877487182617,2.5491292476654053,-0.0,0.0,0.0,0.0,0.0,0.0,0.0,0.0,0.0,0.0,0.0,0.0,0.023000000044703484,0.023000000044703484,0.02,0.15,0.0,0.0,0.0,0.0,0.0,0.0,0.0,0.0,0.0,0.0,0.0,0.0,0.27732476592063904,0.09621498733758926,0.0023544622017652728,8.039698600769043,186,nan,-1.0,True,,False,0.010050058364868164,0.0,0.1258549690246582,20.0,20.0,1.0,0.0,0.0,0.0,0.0,0.0
592,152.75392150878906,-0.0,0.0,-0.0,152.75392150878906,0.009410589933395386,13.66387939453125,2.547672748565674,-0.0,0.0,0.0,0.0,0.0,0.0,0.0,0.0,0.0,0.0,0.0,0.0,0.023000000044703484,0.023000000044703484,0.02,0.15,0.0,0.0,0.0,0.0,0.0,0.0,0.0,0.0,0.0,0.0,0.0,0.0,0.27732816338539124,0.09632020443677902,0.002454066506743402,8.039698600769043,186,nan,-1.0,True,,False,0.010050058364868164,0.0,0.1258549690246582,20.0,20.0,1.0,0.0,0.0,0.0,0.0,0.0
593,150.27911376953125,-0.0,0.0,-0.0,150.27911376953125,0.009832367300987244,13.663877487182617,2.546337127685547,-0.0,0.0,0.0,0.0,0.0,0.0,0.0,0.0,0.0,0.0,0.0,0.0,0.023000000044703484,0.023000000044703484,0.02,0.15,0.0,0.0,0.0,0.0,0.0,0.0,0.0,0.0,0.0,0.0,0.0,0.0,0.2773355543613434,0.09593535214662552,0.002590887586848112,8.039698600769043,186,nan,-1.0,True,,False,0.010050058364868164,0.0,0.1258549690246582,20.0,20.0,1.0,0.0,0.0,0.0,0.0,0.0
594,144.7266082763672,-0.0,0.0,-0.0,144.7266082763672,0.01088123582303524,13.66392707824707,2.545111894607544,-0.0,0.0,0.0,0.0,0.0,0.0,0.0,0.0,0.0,0.0,0.0,0.0,0.023000000044703484,0.023000000044703484,0.02,0.15,0.0,0.0,0.0,0.0,0.0,0.0,0.0,0.0,0.0,0.0,0.0,0.0,0.27734246850013733,0.09522385895252228,0.0027168993544819386,8.039698600769043,186,nan,-1.0,True,,False,0.010050058364868164,0.0,0.1258549690246582,20.0,20.0,1.0,0.0,0.0,0.0,0.0,0.0
595,141.52598571777344,-0.0,0.0,-0.0,141.52598571777344,0.011542128399014473,13.663946151733398,2.5438191890716553,-0.0,0.0,0.0,0.0,0.0,0.0,0.0,0.0,0.0,0.0,0.0,0.0,0.023000000044703484,0.023000000044703484,0.02,0.14999999999999997,0.0,0.0,0.0,0.0,0.0,0.0,0.0,0.0,0.0,0.0,0.0,0.0,0.27734947204589844,0.09461182355880737,0.002924273170719971,8.039698600769043,186,nan,-1.0,True,,False,0.010050058364868164,0.0,0.1258549690246582,20.0,20.0,1.0,0.0,0.0,0.0,0.0,0.0
596,135.47486877441406,-0.0,0.0,-0.0,135.47486877441406,0.012939322739839554,13.664005279541016,2.5424482822418213,-0.0,0.0,0.0,0.0,0.0,0.0,0.0,0.0,0.0,0.0,0.0,0.0,0.023000000044703484,0.023000000044703484,0.02,0.14999999999999997,0.0,0.0,0.0,0.0,0.0,0.0,0.0,0.0,0.0,0.0,0.0,0.0,0.2773582637310028,0.09410452097654343,0.0031085122423064604,8.039698600769043,186,nan,-1.0,True,,False,0.010050058364868164,0.0,0.1258549690246582,20.0,20.0,1.0,0.0,0.0,0.0,0.0,0.0
597,133.77871704101562,-0.0,0.0,-0.0,133.77871704101562,0.01335909217596054,13.664012908935547,2.5410149097442627,-0.0,0.0,0.0,0.0,0.0,0.0,0.0,0.0,0.0,0.0,0.0,0.0,0.023000000044703484,0.023000000044703484,0.02,0.15,0.0,0.0,0.0,0.0,0.0,0.0,0.0,0.0,0.0,0.0,0.0,0.0,0.27737078070640564,0.0937119871377945,0.0033282612862421956,8.039698600769043,186,nan,-1.0,True,,False,0.010050058364868164,0.0,0.1258549690246582,20.0,20.0,1.0,0.0,0.0,0.0,0.0,0.0
598,128.36959838867188,-0.0,0.0,-0.0,128.36959838867188,0.014839169569313526,13.66404914855957,2.539520025253296,-0.0,0.0,0.0,0.0,0.0,0.0,0.0,0.0,0.0,0.0,0.0,0.0,0.023000000044703484,0.023000000044703484,0.02,0.15,0.0,0.0,0.0,0.0,0.0,0.0,0.0,0.0,0.0,0.0,0.0,0.0,0.2773885130882263,0.09344612807035446,0.00356239013854065,8.039698600769043,186,nan,-1.0,True,,False,0.010050058364868164,0.0,0.1258549690246582,20.0,20.0,1.0,0.0,0.0,0.0,0.0,0.0
599,126.1238021850586,-0.0,0.0,-0.0,126.1238021850586,0.015505582094192505,13.664037704467773,2.5379791259765625,-0.0,0.0,0.0,0.0,0.0,0.0,0.0,0.0,0.0,0.0,0.0,0.0,0.023000000044703484,0.023000000044703484,0.02,0.14999999999999997,0.0,0.0,0.0,0.0,0.0,0.0,0.0,0.0,0.0,0.0,0.0,0.0,0.27741310000419617,0.09331852942705154,0.003884939301542545,8.039698600769043,186,nan,-1.0,True,,False,0.010050058364868164,0.0,0.1258549690246582,20.0,20.0,1.0,0.0,0.0,0.0,0.0,0.0
600,123.64067077636719,-0.0,0.0,-0.0,123.64067077636719,0.016287911683321,13.66404914855957,2.5364344120025635,-0.0,0.0,0.0,0.0,0.0,0.0,0.0,0.0,0.0,0.0,0.0,0.0,0.023000000044703484,0.023000000044703484,0.02,0.15,0.0,0.0,0.0,0.0,0.0,0.0,0.0,0.0,0.0,0.0,0.0,0.0,0.2774331271648407,0.09326714277267456,0.00430075426379517,8.039698600769043,186,nan,-1.0,True,,False,0.010050058364868164,0.0,0.1258549690246582,20.0,20.0,1.0,0.0,0.0,0.0,0.0,0.0
601,122.06231689453125,-0.0,0.0,-0.0,122.06231689453125,0.01680859737098217,13.664056777954102,2.5348713397979736,-0.0,0.0,0.0,0.0,0.0,0.0,0.0,0.0,0.0,0.0,0.0,0.0,0.023000000044703484,0.023000000044703484,0.02,0.14999999999999997,0.0,0.0,0.0,0.0,0.0,0.0,0.0,0.0,0.0,0.0,0.0,0.0,0.2774556577205658,0.09331794828176498,0.004654874859625124,8.039698600769043,186,nan,-1.0,True,,False,0.010050058364868164,0.0,0.1258549690246582,20.0,20.0,1.0,0.0,0.0,0.0,0.0,0.0
602,117.57611846923828,-0.0,0.0,-0.0,117.57611846923828,0.018419919535517693,13.664060592651367,2.5333375930786133,-0.0,0.0,0.0,0.0,0.0,0.0,0.0,0.0,0.0,0.0,0.0,0.0,0.023000000044703484,0.023000000044703484,0.02,0.15,0.0,0.0,0.0,0.0,0.0,0.0,0.0,0.0,0.0,0.0,0.0,0.0,0.2774582803249359,0.09347713738679886,0.003394724883719391,8.039698600769043,186,nan,-1.0,True,,False,0.010050058364868164,0.0,0.1258549690246582,20.0,20.0,1.0,0.0,0.0,0.0,0.0,0.0
603,97.90178680419922,-0.0,0.0,-0.0,97.90178680419922,0.028181839734315872,13.664093971252441,2.531811237335205,-0.0,0.0,0.0,0.0,0.0,0.0,0.0,0.0,0.0,0.0,0.0,0.0,0.023000000044703484,0.023000000044703484,0.02,0.14999999999999997,0.0,0.0,0.0,0.0,0.0,0.0,0.0,0.0,0.0,0.0,0.0,0.0,0.2774391174316406,0.09345325827598572,0.0034721017880201543,8.039698600769043,186,nan,-1.0,True,,False,0.010050058364868164,0.0,0.1258549690246582,20.0,20.0,1.0,0.0,0.0,0.0,0.0,0.0
604,81.49270629882812,-0.0,0.0,-0.0,81.49270629882812,0.04160558059811592,13.664055824279785,2.5302915573120117,-0.0,0.0,0.0,0.0,0.0,0.0,0.0,0.0,0.0,0.0,0.0,0.0,0.023000000044703484,0.023000000044703484,0.02,0.15,0.0,0.0,0.0,0.0,0.0,0.0,0.0,0.0,0.0,0.0,0.0,0.0,0.277439147233963,0.09342490881681442,0.003572577435761559,8.039698600769043,186,nan,-1.0,True,,False,0.010050058364868164,0.0,0.1258549690246582,20.0,20.0,1.0,0.0,0.0,0.0,0.0,0.0
605,79.53509521484375,-0.0,0.0,-0.0,79.53509521484375,0.04372560232877731,13.664005279541016,2.5287792682647705,-0.0,0.0,0.0,0.0,0.0,0.0,0.0,0.0,0.0,0.0,0.0,0.0,0.023000000044703484,0.023000000044703484,0.02,0.15,0.0,0.0,0.0,0.0,0.0,0.0,0.0,0.0,0.0,0.0,0.0,0.0,0.2774452567100525,0.09348773956298828,0.0010106211111633456,8.039698600769043,186,nan,-1.0,True,,False,0.010050058364868164,0.0,0.1258549690246582,20.0,20.0,1.0,0.0,0.0,0.0,0.0,0.0
606,298.0381164550781,-0.0,0.0,-0.0,298.0381164550781,0.0010399725288152695,13.663867950439453,2.5273659229278564,-0.0,0.0,0.0,0.0,0.0,0.0,0.0,0.0,0.0,0.0,0.0,0.0,0.023000000044703484,0.023000000044703484,0.02,0.15,0.0,0.0,0.0,0.0,0.0,0.0,0.0,0.0,0.0,0.0,0.0,0.0,0.27745914459228516,0.09365852177143097,0.0010530709400882188,8.039698600769043,186,nan,-1.0,True,,False,0.010050058364868164,0.0,0.1258549690246582,20.0,20.0,1.0,0.0,0.0,0.0,0.0,0.0
607,89.59607696533203,-0.0,0.0,-0.0,89.59607696533203,0.034128278493881226,13.663680076599121,2.52553653717041,-0.0,0.0,0.0,0.0,0.0,0.0,0.0,0.0,0.0,0.0,0.0,0.0,0.023000000044703484,0.023000000044703484,0.02,0.15,0.0,0.0,0.0,0.0,0.0,0.0,0.0,0.0,0.0,0.0,0.0,0.0,0.27747687697410583,0.0939328521490097,0.001103638892800518,8.039698600769043,186,nan,-1.0,True,,False,0.010050058364868164,0.0,0.1258549690246582,20.0,20.0,1.0,0.0,0.0,0.0,0.0,0.0
608,60.17103958129883,-0.0,0.0,-0.0,60.17103958129883,0.07349678128957748,13.663804054260254,2.5237791538238525,-0.0,0.0,0.0,0.0,0.0,0.0,0.0,0.0,0.0,0.0,0.0,0.0,0.023000000044703484,0.023000000044703484,0.02,0.15,0.0,0.0,0.0,0.0,0.0,0.0,0.0,0.0,0.0,0.0,0.0,0.0,0.27750131487846375,0.09432294964790344,0.0011335945669088687,8.039698600769043,186,nan,-1.0,True,,False,0.010050058364868164,0.0,0.1258549690246582,20.0,20.0,1.0,0.0,0.0,0.0,0.0,0.0
609,57.14350128173828,-0.0,0.0,-0.0,57.14350128173828,0.0802370086312294,13.663093566894531,2.5221810340881348,-0.0,0.0,0.0,0.0,0.0,0.0,0.0,0.0,0.0,0.0,0.0,0.0,0.023000000044703484,0.023000000044703484,0.02,0.15,0.0,0.0,0.0,0.0,0.0,0.0,0.0,0.0,0.0,0.0,0.0,0.0,0.2775293290615082,0.09482434391975403,0.0030127488635116606,8.039698600769043,186,nan,-1.0,True,,False,0.010050058364868164,0.0,0.1258549690246582,20.0,20.0,1.0,0.0,0.0,0.0,0.0,0.0
610,66.58897399902344,-0.0,0.0,-0.0,66.58897399902344,0.061147965490818024,13.662688255310059,2.5207366943359375,-0.0,0.0,0.0,0.0,0.0,0.0,0.0,0.0,0.0,0.0,0.0,0.0,0.023000000044703484,0.023000000044703484,0.02,0.15,0.0,0.0,0.0,0.0,0.0,0.0,0.0,0.0,0.0,0.0,0.0,0.0,0.2775711119174957,0.09539778530597687,0.002996783690605298,8.039698600769043,186,nan,-1.0,True,,False,0.010050058364868164,0.0,0.1258549690246582,20.0,20.0,1.0,0.0,0.0,0.0,0.0,0.0
611,78.86787414550781,-0.0,0.0,-0.0,78.86787414550781,0.04420337826013565,13.662193298339844,2.5195767879486084,-0.0,0.0,0.0,0.0,0.0,0.0,0.0,0.0,0.0,0.0,0.0,0.0,0.023000000044703484,0.023000000044703484,0.02,0.15,0.0,0.0,0.0,0.0,0.0,0.0,0.0,0.0,0.0,0.0,0.0,0.0,0.27762457728385925,0.0960179790854454,0.0030066406293371983,8.039698600769043,186,nan,-1.0,True,,False,0.010050058364868164,0.0,0.1258549690246582,20.0,20.0,1.0,0.0,0.0,0.0,0.0,0.0
612,94.7818374633789,-0.0,0.0,-0.0,94.7818374633789,0.03011050447821617,13.661578178405762,2.5186901092529297,-0.0,0.0,0.0,0.0,0.0,0.0,0.0,0.0,0.0,0.0,0.0,0.0,0.023000000044703484,0.023000000044703484,0.02,0.14999999999999997,0.0,0.0,0.0,0.0,0.0,0.0,0.0,0.0,0.0,0.0,0.0,0.0,0.2776874005794525,0.0964299812912941,0.0030027364421130187,8.039698600769043,186,nan,-1.0,True,,False,0.010050058364868164,0.0,0.1258549690246582,20.0,20.0,1.0,0.0,0.0,0.0,0.0,0.0
613,115.00332641601562,-0.0,0.0,-0.0,115.00332641601562,0.019333485513925552,13.66122055053711,2.5180137157440186,-0.0,0.0,0.0,0.0,0.0,0.0,0.0,0.0,0.0,0.0,0.0,0.0,0.023000000044703484,0.023000000044703484,0.02,0.14999999999999997,0.0,0.0,0.0,0.0,0.0,0.0,0.0,0.0,0.0,0.0,0.0,0.0,0.27775993943214417,0.0967378169298172,0.002987132758789812,8.039698600769043,186,nan,-1.0,True,,False,0.010050058364868164,0.0,0.1258549690246582,20.0,20.0,1.0,0.0,0.0,0.0,0.0,0.0
614,139.2650604248047,-0.0,0.0,-0.0,139.2650604248047,0.011940565891563892,13.659945487976074,2.5176239013671875,-0.0,0.0,0.0,0.0,0.0,0.0,0.0,0.0,0.0,0.0,0.0,0.0,0.023000000044703484,0.023000000044703484,0.02,0.15,0.0,0.0,0.0,0.0,0.0,0.0,0.0,0.0,0.0,0.0,0.0,0.0,0.2778427302837372,0.09676049649715424,0.0029927538398624165,8.039698600769043,186,nan,-1.0,True,,False,0.010050058364868164,0.0,0.1258549690246582,20.0,20.0,1.0,0.0,0.0,0.0,0.0,0.0
615,162.71890258789062,-0.0,0.0,-0.0,162.71890258789062,0.007800357416272163,13.659347534179688,2.5174431800842285,-0.0,0.0,0.0,0.0,0.0,0.0,0.0,0.0,0.0,0.0,0.0,0.0,0.023000000044703484,0.023000000044703484,0.02,0.15,0.0,0.0,0.0,0.0,0.0,0.0,0.0,0.0,0.0,0.0,0.0,0.0,0.2779357433319092,0.09680797904729843,0.0030052967551910115,8.039698600769043,186,nan,-1.0,True,,False,0.010050058364868164,0.0,0.1258549690246582,20.0,20.0,1.0,0.0,0.0,0.0,0.0,0.0
616,162.34957885742188,-0.0,0.0,-0.0,162.34957885742188,0.007874982431530952,13.657798767089844,2.517423391342163,-0.0,0.0,0.0,0.0,0.0,0.0,0.0,0.0,0.0,0.0,0.0,0.0,0.023000000044703484,0.023000000044703484,0.02,0.15,0.0,0.0,0.0,0.0,0.0,0.0,0.0,0.0,0.0,0.0,0.0,0.0,0.27803921699523926,0.09686203300952911,0.0019059894711972447,8.039698600769043,186,nan,-1.0,True,,False,0.010050058364868164,0.0,0.1258549690246582,20.0,20.0,1.0,0.0,0.0,0.0,0.0,0.0
617,152.6393585205078,-0.0,0.0,-0.0,152.6393585205078,0.009325195103883743,13.656476020812988,2.5173122882843018,-0.0,0.0,0.0,0.0,0.0,0.0,0.0,0.0,0.0,0.0,0.0,0.0,0.023000000044703484,0.023000000044703484,0.02,0.15,0.0,0.0,0.0,0.0,0.0,0.0,0.0,0.0,0.0,0.0,0.0,0.0,0.2781413197517395,0.09693964570760727,0.0029999694081652706,8.039698600769043,186,nan,-1.0,True,,False,0.010050058364868164,0.0,0.1258549690246582,20.0,20.0,1.0,0.0,0.0,0.0,0.0,0.0
618,141.75253295898438,-0.0,0.0,-0.0,141.75253295898438,0.011392677202820778,13.655025482177734,2.517176389694214,-0.0,0.0,0.0,0.0,0.0,0.0,0.0,0.0,0.0,0.0,0.0,0.0,0.023000000044703484,0.023000000044703484,0.02,0.15,0.0,0.0,0.0,0.0,0.0,0.0,0.0,0.0,0.0,0.0,0.0,0.0,0.27825242280960083,0.09687753766775131,0.0030007971886334417,8.039698600769043,186,nan,-1.0,True,,False,0.010050058364868164,0.0,0.1258549690246582,20.0,20.0,1.0,0.0,0.0,0.0,0.0,0.0
619,132.2282257080078,-0.0,0.0,-0.0,132.2282257080078,0.013667019084095955,13.653339385986328,2.5172271728515625,-0.0,0.0,0.0,0.0,0.0,0.0,0.0,0.0,0.0,0.0,0.0,0.0,0.023000000044703484,0.023000000044703484,0.02,0.15,0.0,0.0,0.0,0.0,0.0,0.0,0.0,0.0,0.0,0.0,0.0,0.0,0.2783643305301666,0.09688977897167206,0.0029649893187979615,8.039698600769043,186,nan,-1.0,True,,False,0.010050058364868164,0.0,0.1258549690246582,20.0,20.0,1.0,0.0,0.0,0.0,0.0,0.0
620,115.99620819091797,-0.0,0.0,-0.0,115.99620819091797,0.018948350101709366,13.651847839355469,2.5175058841705322,-0.0,0.0,0.0,0.0,0.0,0.0,0.0,0.0,0.0,0.0,0.0,0.0,0.023000000044703484,0.023000000044703484,0.02,0.15,0.0,0.0,0.0,0.0,0.0,0.0,0.0,0.0,0.0,0.0,0.0,0.0,0.2784757614135742,0.0969117134809494,0.002891048397486884,8.039698600769043,186,nan,-1.0,True,,False,0.010050058364868164,0.0,0.1258549690246582,20.0,20.0,1.0,0.0,0.0,0.0,0.0,0.0
621,100.7291488647461,-0.0,0.0,-0.0,100.7291488647461,0.026337144896388054,13.649357795715332,2.518010377883911,-0.0,0.0,0.0,0.0,0.0,0.0,0.0,0.0,0.0,0.0,0.0,0.0,0.023000000044703484,0.023000000044703484,0.02,0.15,0.0,0.0,0.0,0.0,0.0,0.0,0.0,0.0,0.0,0.0,0.0,0.0,0.27853959798812866,0.09686573594808578,0.0027539777715901437,8.039698600769043,186,nan,-1.0,True,,False,0.010050058364868164,0.0,0.1258549690246582,20.0,20.0,1.0,0.0,0.0,0.0,0.0,0.0
622,88.76104736328125,-0.0,0.0,-0.0,88.76104736328125,0.03473182022571564,13.6474027633667,2.5187768936157227,-0.0,0.0,0.0,0.0,0.0,0.0,0.0,0.0,0.0,0.0,0.0,0.0,0.023000000044703484,0.023000000044703484,0.02,0.15,0.0,0.0,0.0,0.0,0.0,0.0,0.0,0.0,0.0,0.0,0.0,0.0,0.27860134840011597,0.09679053723812103,0.0024883619262254797,8.039698600769043,186,nan,-1.0,True,,False,0.010050058364868164,0.0,0.1258549690246582,20.0,20.0,1.0,0.0,0.0,0.0,0.0,0.0
623,79.13005828857422,-0.0,0.0,-0.0,79.13005828857422,0.04404504597187042,13.644399642944336,2.519871950149536,-0.0,0.0,0.0,0.0,0.0,0.0,0.0,0.0,0.0,0.0,0.0,0.0,0.023000000044703484,0.023000000044703484,0.02,0.15,0.0,0.0,0.0,0.0,0.0,0.0,0.0,0.0,0.0,0.0,0.0,0.0,0.2786657214164734,0.09647322446107864,0.0021446526152431034,8.039698600769043,186,nan,-1.0,True,,False,0.010050058364868164,0.0,0.1258549690246582,20.0,20.0,1.0,0.0,0.0,0.0,0.0,0.0
624,83.47473907470703,-0.0,0.0,-0.0,83.47473907470703,0.039636000990867615,13.641895294189453,2.5212833881378174,-0.0,0.0,0.0,0.0,0.0,0.0,0.0,0.0,0.0,0.0,0.0,0.0,0.023000000044703484,0.023000000044703484,0.02,0.14999999999999997,0.0,0.0,0.0,0.0,0.0,0.0,0.0,0.0,0.0,0.0,0.0,0.0,0.27873191237449646,0.09583467245101929,0.002553259626893123,8.039698600769043,186,nan,-1.0,True,,False,0.010050058364868164,0.0,0.1258549690246582,20.0,20.0,1.0,0.0,0.0,0.0,0.0,0.0
625,99.17150115966797,-0.0,0.0,-0.0,99.17150115966797,0.027397945523262024,13.638345718383789,2.522138833999634,-0.0,0.0,0.0,0.0,0.0,0.0,0.0,0.0,0.0,0.0,0.0,0.0,0.023000000044703484,0.023000000044703484,0.02,0.15,0.0,0.0,0.0,0.0,0.0,0.0,0.0,0.0,0.0,0.0,0.0,0.0,0.27879202365875244,0.09525922685861588,0.0025535334827964107,8.039698600769043,186,nan,-1.0,True,,False,0.010050058364868164,0.0,0.1258549690246582,20.0,20.0,1.0,0.0,0.0,0.0,0.0,0.0
626,62.44746780395508,-0.0,0.0,-0.0,62.44746780395508,0.06902286410331726,13.635279655456543,2.5224521160125732,-0.0,0.0,0.0,0.0,0.0,0.0,0.0,0.0,0.0,0.0,0.0,0.0,0.023000000044703484,0.023000000044703484,0.02,0.15,0.0,0.0,0.0,0.0,0.0,0.0,0.0,0.0,0.0,0.0,0.0,0.0,0.27885228395462036,0.09472107887268066,0.0011057128272113914,8.039698600769043,186,nan,-1.0,True,,False,0.010050058364868164,0.0,0.1258549690246582,20.0,20.0,1.0,0.0,0.0,0.0,0.0,0.0
627,60.992515563964844,-0.0,0.0,-0.0,60.992515563964844,0.07189774513244629,13.630182266235352,2.523073673248291,-0.0,0.0,0.0,0.0,0.0,0.0,0.0,0.0,0.0,0.0,0.0,0.0,0.023000000044703484,0.023000000044703484,0.02,0.14999999999999997,0.0,0.0,0.0,0.0,0.0,0.0,0.0,0.0,0.0,0.0,0.0,0.0,0.27890506386756897,0.09423030912876129,0.0008584515003349225,8.039698600769043,186,nan,-1.0,True,,False,0.010050058364868164,0.0,0.1258549690246582,20.0,20.0,1.0,0.0,0.0,0.0,0.0,0.0
628,60.74909973144531,-0.0,0.0,-0.0,60.74909973144531,0.07240038365125656,13.625185012817383,2.5240068435668945,-0.0,0.0,0.0,0.0,0.0,0.0,0.0,0.0,0.0,0.0,0.0,0.0,0.023000000044703484,0.023000000044703484,0.02,0.15,0.0,0.0,0.0,0.0,0.0,0.0,0.0,0.0,0.0,0.0,0.0,0.0,0.27894875407218933,0.09379462152719498,0.000841037433474412,8.039698600769043,186,nan,-1.0,True,,False,0.010050058364868164,0.0,0.1258549690246582,20.0,20.0,1.0,0.0,0.0,0.0,0.0,0.0
629,55.04088592529297,-0.0,0.0,-0.0,55.04088592529297,0.08575834333896637,13.619216918945312,2.525146245956421,-0.0,0.0,0.0,0.0,0.0,0.0,0.0,0.0,0.0,0.0,0.0,0.0,0.023000000044703484,0.023000000044703484,0.02,0.14999999999999997,0.0,0.0,0.0,0.0,0.0,0.0,0.0,0.0,0.0,0.0,0.0,0.0,0.27896687388420105,0.09343156963586807,0.0009367642446704849,8.039698600769043,186,nan,-1.0,True,,False,0.010050058364868164,0.0,0.1258549690246582,20.0,20.0,1.0,0.0,0.0,0.0,0.0,0.0
630,49.22755432128906,-0.0,0.0,-0.0,49.22755432128906,0.10273072123527527,13.612363815307617,2.5261313915252686,-0.0,0.0,0.0,0.0,0.0,0.0,0.0,0.0,0.0,0.0,0.0,0.0,0.023000000044703484,0.023000000044703484,0.02,0.15,0.0,0.0,0.0,0.0,0.0,0.0,0.0,0.0,0.0,0.0,0.0,0.0,0.27894312143325806,0.09310467541217804,0.0015265665633705794,8.039698600769043,186,nan,-1.0,True,,False,0.010050058364868164,0.0,0.1258549690246582,20.0,20.0,1.0,0.0,0.0,0.0,0.0,0.0
631,48.98312759399414,-0.0,0.0,-0.0,48.98312759399414,0.10354451090097427,13.60601806640625,2.5271835327148438,-0.0,0.0,0.0,0.0,0.0,0.0,0.0,0.0,0.0,0.0,0.0,0.0,0.023000000044703484,0.023000000044703484,0.02,0.15,0.0,0.0,0.0,0.0,0.0,0.0,0.0,0.0,0.0,0.0,0.0,0.0,0.27885928750038147,0.09267761558294296,0.001425579051101522,8.039698600769043,186,nan,-1.0,True,,False,0.010050058364868164,0.0,0.1258549690246582,20.0,20.0,1.0,0.0,0.0,0.0,0.0,0.0
632,51.118595123291016,-0.0,0.0,-0.0,51.118595123291016,0.0967680886387825,13.599002838134766,2.5282132625579834,-0.0,0.0,0.0,0.0,0.0,0.0,0.0,0.0,0.0,0.0,0.0,0.0,0.023000000044703484,0.023000000044703484,0.02,0.15,0.0,0.0,0.0,0.0,0.0,0.0,0.0,0.0,0.0,0.0,0.0,0.0,0.27874553203582764,0.09221367537975311,0.0009142563490058819,8.039698600769043,186,nan,-1.0,True,,False,0.010050058364868164,0.0,0.1258549690246582,20.0,20.0,1.0,0.0,0.0,0.0,0.0,0.0
633,60.25912094116211,-0.0,0.0,-0.0,60.25912094116211,0.07347802072763443,13.592573165893555,2.5296216011047363,-0.0,0.0,0.0,0.0,0.0,0.0,0.0,0.0,0.0,0.0,0.0,0.0,0.023000000044703484,0.023000000044703484,0.02,0.15,0.0,0.0,0.0,0.0,0.0,0.0,0.0,0.0,0.0,0.0,0.0,0.0,0.27863776683807373,0.09178419411182404,0.0008722770139684144,8.039698600769043,186,nan,-1.0,True,,False,0.010050058364868164,0.0,0.1258549690246582,20.0,20.0,1.0,0.0,0.0,0.0,0.0,0.0
634,72.64936828613281,-0.0,0.0,-0.0,72.64936828613281,0.05226198583841324,13.57478141784668,2.5314972400665283,-0.0,0.0,0.0,0.0,0.0,0.0,0.0,0.0,0.0,0.0,0.0,0.0,0.023000000044703484,0.023000000044703484,0.02,0.15,0.0,0.0,0.0,0.0,0.0,0.0,0.0,0.0,0.0,0.0,0.0,0.0,0.27850380539894104,0.09136687964200974,0.0008625374389339413,8.039698600769043,186,nan,-1.0,True,,False,0.010050058364868164,0.0,0.1258549690246582,20.0,20.0,1.0,0.0,0.0,0.0,0.0,0.0
635,89.76705169677734,-0.0,0.0,-0.0,89.76705169677734,0.0341767892241478,13.554520606994629,2.533777952194214,-0.0,0.0,0.0,0.0,0.0,0.0,0.0,0.0,0.0,0.0,0.0,0.0,0.023000000044703484,0.023000000044703484,0.02,0.15,0.0,0.0,0.0,0.0,0.0,0.0,0.0,0.0,0.0,0.0,0.0,0.0,0.27835938334465027,0.09097899496555328,0.0008883020350367588,8.039698600769043,186,nan,-1.0,True,,False,0.010050058364868164,0.0,0.1258549690246582,20.0,20.0,1.0,0.0,0.0,0.0,0.0,0.0
636,183.8813018798828,-0.0,0.0,-0.0,183.8813018798828,0.0054997531697154045,13.53428840637207,2.5362842082977295,-0.0,0.0,0.0,0.0,0.0,0.0,0.0,0.0,0.0,0.0,0.0,0.0,0.023000000044703484,0.023000000044703484,0.02,0.15,0.0,0.0,0.0,0.0,0.0,0.0,0.0,0.0,0.0,0.0,0.0,0.0,0.2782205045223236,0.09062182903289795,0.0013549806390074082,8.039698600769043,186,nan,-1.0,True,,False,0.010050058364868164,0.0,0.1258549690246582,20.0,20.0,1.0,0.0,0.0,0.0,0.0,0.0
637,175.533447265625,-0.0,0.0,-0.0,175.533447265625,0.0062993960455060005,13.512733459472656,2.5364887714385986,-0.0,0.0,0.0,0.0,0.0,0.0,0.0,0.0,0.0,0.0,0.0,0.0,0.023000000044703484,0.023000000044703484,0.02,0.15,0.0,0.0,0.0,0.0,0.0,0.0,0.0,0.0,0.0,0.0,0.0,0.0,0.2780930995941162,0.09026883542537689,0.0009689889166111243,8.039698600769043,186,nan,-1.0,True,,False,0.010050058364868164,0.0,0.1258549690246582,20.0,20.0,1.0,0.0,0.0,0.0,0.0,0.0
638,205.94183349609375,-0.0,0.0,-0.0,205.94183349609375,0.003847319632768631,13.490367889404297,2.536836862564087,-0.0,0.0,0.0,0.0,0.0,0.0,0.0,0.0,0.0,0.0,0.0,0.0,0.023000000044703484,0.023000000044703484,0.02,0.15,0.0,0.0,0.0,0.0,0.0,0.0,0.0,0.0,0.0,0.0,0.0,0.0,0.27797672152519226,0.08994530141353607,0.001012348695894616,8.039698600769043,186,nan,-1.0,True,,False,0.010050058364868164,0.0,0.1258549690246582,20.0,20.0,1.0,0.0,0.0,0.0,0.0,0.0
639,120.7773208618164,-0.0,0.0,-0.0,120.7773208618164,0.017363891005516052,13.467188835144043,2.537254810333252,-0.0,0.0,0.0,0.0,0.0,0.0,0.0,0.0,0.0,0.0,0.0,0.0,0.023000000044703484,0.023000000044703484,0.02,0.15,0.0,0.0,0.0,0.0,0.0,0.0,0.0,0.0,0.0,0.0,0.0,0.0,0.2778446078300476,0.08966553956270218,0.001024939944727521,8.039698600769043,186,nan,-1.0,True,,False,0.010050058364868164,0.0,0.1258549690246582,20.0,20.0,1.0,0.0,0.0,0.0,0.0,0.0
640,140.38955688476562,-0.0,0.0,-0.0,140.38955688476562,0.011810717172920704,13.44734001159668,2.537816047668457,-0.0,0.0,0.0,0.0,0.0,0.0,0.0,0.0,0.0,0.0,0.0,0.0,0.023000000044703484,0.023000000044703484,0.02,0.15,0.0,0.0,0.0,0.0,0.0,0.0,0.0,0.0,0.0,0.0,0.0,0.0,0.2776913344860077,0.0894332081079483,0.0010998014190590766,8.039698600769043,186,nan,-1.0,True,,False,0.010050058364868164,0.0,0.1258549690246582,20.0,20.0,1.0,0.0,0.0,0.0,0.0,0.0
641,219.1799774169922,-0.0,0.0,-0.0,219.1799774169922,0.003142408560961485,13.453716278076172,2.5385899543762207,-0.0,0.0,0.0,0.0,0.0,0.0,0.0,0.0,0.0,0.0,0.0,0.0,0.023000000044703484,0.023000000044703484,0.02,0.15,0.0,0.0,0.0,0.0,0.0,0.0,0.0,0.0,0.0,0.0,0.0,0.0,0.27752265334129333,0.08923918753862381,0.001104145472709206,8.039698600769043,186,nan,-1.0,True,,False,0.010050058364868164,0.0,0.1258549690246582,20.0,20.0,1.0,0.0,0.0,0.0,0.0,0.0
642,175.74362182617188,-0.0,0.0,-0.0,175.74362182617188,0.00628996966406703,13.461753845214844,2.539440870285034,-0.0,0.0,0.0,0.0,0.0,0.0,0.0,0.0,0.0,0.0,0.0,0.0,0.023000000044703484,0.023000000044703484,0.02,0.15,0.0,0.0,0.0,0.0,0.0,0.0,0.0,0.0,0.0,0.0,0.0,0.0,0.27732905745506287,0.0890704020857811,0.0011064364871344878,8.039698600769043,186,nan,-1.0,True,,False,0.010050058364868164,0.0,0.1258549690246582,20.0,20.0,1.0,0.0,0.0,0.0,0.0,0.0
643,131.71022033691406,-0.0,0.0,-0.0,131.71022033691406,0.014039060100913048,13.472429275512695,2.540215492248535,-0.0,0.0,0.0,0.0,0.0,0.0,0.0,0.0,0.0,0.0,0.0,0.0,0.023000000044703484,0.023000000044703484,0.02,0.15,0.0,0.0,0.0,0.0,0.0,0.0,0.0,0.0,0.0,0.0,0.0,0.0,0.2771003842353821,0.08893390744924545,0.0050109057335703255,8.039698600769043,186,nan,-1.0,True,,False,0.010050058364868164,0.0,0.1258549690246582,20.0,20.0,1.0,0.0,0.0,0.0,0.0,0.0
644,97.20565032958984,-0.0,0.0,-0.0,97.20565032958984,0.02845950797200203,13.331680297851562,2.5099291801452637,-0.0,0.0,0.0,0.0,0.0,0.0,0.0,0.0,0.0,0.0,0.0,0.0,0.023000000044703484,0.023000000044703484,0.02,0.15,0.0,0.0,0.0,0.0,0.0,0.0,0.0,0.0,0.0,0.0,0.0,0.0,0.2768564820289612,0.08891231566667557,0.0050576573316902795,8.039698600769043,186,nan,-1.0,True,,False,0.010050058364868164,0.0,0.1258549690246582,20.0,20.0,1.0,0.0,0.0,0.0,0.0,0.0
645,62.38853073120117,-0.0,0.0,-0.0,62.38853073120117,0.06776148825883865,13.30106258392334,2.4827449321746826,-0.0,0.0,0.0,0.0,0.0,0.0,0.0,0.0,0.0,0.0,0.0,0.0,0.023000000044703484,0.023000000044703484,0.02,0.15,0.0,0.0,0.0,0.0,0.0,0.0,0.0,0.0,0.0,0.0,0.0,0.0,0.27660760283470154,0.08893927931785583,0.0050262523534456705,8.039698600769043,186,nan,-1.0,True,,False,0.010050058364868164,0.0,0.1258549690246582,20.0,20.0,1.0,0.0,0.0,0.0,0.0,0.0
646,47.79884338378906,-0.0,0.0,-0.0,47.79884338378906,0.10432979464530945,13.26871395111084,2.460106372833252,-0.0,0.0,0.0,0.0,0.0,0.0,0.0,0.0,0.0,0.0,0.0,0.0,0.023000000044703484,0.023000000044703484,0.02,0.15,0.0,0.0,0.0,0.0,0.0,0.0,0.0,0.0,0.0,0.0,0.0,0.0,0.2763533294200897,0.08908603340387344,0.00107773052968696,8.039698600769043,186,nan,-1.0,True,,False,0.010050058364868164,0.0,0.1258549690246582,20.0,20.0,1.0,0.0,0.0,0.0,0.0,0.0
647,37.26190948486328,-0.0,0.0,-0.0,37.26190948486328,0.14884568750858307,13.234617233276367,2.4422905445098877,-0.0,0.0,0.0,0.0,0.0,0.0,0.0,0.0,0.0,0.0,0.0,0.0,0.023000000044703484,0.023000000044703484,0.02,0.15,0.0,0.0,0.0,0.0,0.0,0.0,0.0,0.0,0.0,0.0,0.0,0.0,0.2760694622993469,0.08938808739185333,0.0049628306205704575,8.039698600769043,186,nan,-1.0,True,,False,0.010050058364868164,0.0,0.1258549690246582,20.0,20.0,1.0,0.0,0.0,0.0,0.0,0.0
648,30.720348358154297,-0.0,0.0,-0.0,30.720348358154297,0.19028423726558685,13.198973655700684,2.427600145339966,-0.0,0.0,0.0,0.0,0.0,0.0,0.0,0.0,0.0,0.0,0.0,0.0,0.023000000044703484,0.023000000044703484,0.02,0.15,0.0,0.0,0.0,0.0,0.0,0.0,0.0,0.0,0.0,0.0,0.0,0.0,0.27578088641166687,0.08975231647491455,0.004930092271024478,8.039698600769043,186,nan,-1.0,True,,False,0.010050058364868164,0.0,0.1258549690246582,20.0,20.0,1.0,0.0,0.0,0.0,0.0,0.0
649,25.7393798828125,-0.0,0.0,-0.0,25.7393798828125,0.23367634415626526,13.160385131835938,2.4153151512145996,-0.0,0.0,0.0,0.0,0.0,0.0,0.0,0.0,0.0,0.0,0.0,0.0,0.023000000044703484,0.023000000044703484,0.02,0.15,0.0,0.0,0.0,0.0,0.0,0.0,0.0,0.0,0.0,0.0,0.0,0.0,0.2754920423030853,0.09015883505344391,0.004796731850092328,8.039698600769043,186,nan,-1.0,True,,False,0.010050058364868164,0.0,0.1258549690246582,20.0,20.0,1.0,0.0,0.0,0.0,0.0,0.0
650,21.80650520324707,-0.0,0.0,-0.0,21.80650520324707,0.2789422869682312,13.11976146697998,2.4049460887908936,-0.0,0.0,0.0,0.0,0.0,0.0,0.0,0.0,0.0,0.0,0.0,0.0,0.023000000044703484,0.023000000044703484,0.02,0.15,0.0,0.0,0.0,0.0,0.0,0.0,0.0,0.0,0.0,0.0,0.0,0.0,0.2752005457878113,0.09056071937084198,0.004730030258997431,8.039698600769043,186,nan,-1.0,True,,False,0.010050058364868164,0.0,0.1258549690246582,20.0,20.0,1.0,0.0,0.0,0.0,0.0,0.0
651,18.638689041137695,-0.0,0.0,-0.0,18.638689041137695,0.3257100582122803,13.076362609863281,2.396151542663574,-0.0,0.0,0.0,0.0,0.0,0.0,0.0,0.0,0.0,0.0,0.0,0.0,0.023000000044703484,0.023000000044703484,0.02,0.15,0.0,0.0,0.0,0.0,0.0,0.0,0.0,0.0,0.0,0.0,0.0,0.0,0.27490827441215515,0.09096706658601761,0.004592407031168477,8.039698600769043,186,nan,-1.0,True,,False,0.010050058364868164,0.0,0.1258549690246582,20.0,20.0,1.0,0.0,0.0,0.0,0.0,0.0
652,16.044536590576172,-0.0,0.0,-0.0,16.044536590576172,0.3737172484397888,13.029764175415039,2.3886871337890625,-0.0,0.0,0.0,0.0,0.0,0.0,0.0,0.0,0.0,0.0,0.0,0.0,0.023000000044703484,0.023000000044703484,0.02,0.15000000000000002,0.0,0.0,0.0,0.0,0.0,0.0,0.0,0.0,0.0,0.0,0.0,0.0,0.2746196687221527,0.09141036123037338,0.004474457410196919,8.039698600769043,186,nan,-1.0,True,,False,0.010050058364868164,0.0,0.1258549690246582,20.0,20.0,1.0,0.0,0.0,0.0,0.0,0.0
653,13.852429389953613,-0.0,0.0,-0.0,13.852429389953613,0.423775851726532,12.979416847229004,2.3824069499969482,-0.0,0.0,0.0,0.0,0.0,0.0,0.0,0.0,0.0,0.0,0.0,0.0,0.023000000044703484,0.023000000044703484,0.02,0.15,0.0,0.0,0.0,0.0,0.0,0.0,0.0,0.0,0.0,0.0,0.0,0.0,0.27433642745018005,0.09188517928123474,0.004434674734966393,8.039698600769043,186,nan,-1.0,True,,False,0.010050058364868164,0.0,0.1258549690246582,20.0,20.0,1.0,0.0,0.0,0.0,0.0,0.0
654,13.29757022857666,-0.0,0.0,-0.0,13.29757022857666,0.47445473074913025,12.925076484680176,2.3771355152130127,-0.0,0.0,0.0,0.0,0.0,0.0,0.0,0.0,0.0,0.0,0.0,0.0,0.023000000044703484,0.023000000044703484,0.02,0.15000000000000002,0.0,0.0,0.0,0.0,0.0,0.0,0.0,0.0,0.0,0.0,0.0,0.0,0.2740604877471924,0.09232045710086823,0.00238163460380747,8.039698600769043,186,nan,-1.0,True,,False,0.010050058364868164,0.0,0.1258549690246582,20.0,20.0,1.0,0.0,0.0,0.0,0.0,0.0
655,13.237653732299805,-0.0,0.0,-0.0,13.237653732299805,0.4922754764556885,12.865872383117676,2.373178243637085,-0.0,0.0,0.0,0.0,0.0,0.0,0.0,0.0,0.0,0.0,0.0,0.0,0.023000000044703484,0.023000000044703484,0.02,0.15,0.0,0.0,0.0,0.0,0.0,0.0,0.0,0.0,0.0,0.0,0.0,0.0,0.27374985814094543,0.09173228591680527,0.0024011583909668843,8.039698600769043,186,nan,-1.0,True,,False,0.010050058364868164,0.0,0.1258549690246582,20.0,20.0,1.0,0.0,0.0,0.0,0.0,0.0
656,13.164871215820312,-0.0,0.0,-0.0,13.164871215820312,0.4741102457046509,12.800274848937988,2.370539665222168,-0.0,0.0,0.0,0.0,0.0,0.0,0.0,0.0,0.0,0.0,0.0,0.0,0.023000000044703484,0.023000000044703484,0.02,0.15,0.0,0.0,0.0,0.0,0.0,0.0,0.0,0.0,0.0,0.0,0.0,0.0,0.2734021842479706,0.09109089523553848,0.002411170966752252,8.039698600769043,186,nan,-1.0,True,,False,0.010050058364868164,0.0,0.1258549690246582,20.0,20.0,1.0,0.0,0.0,0.0,0.0,0.0
657,13.078206062316895,-0.0,0.0,-0.0,13.078206062316895,0.4576196074485779,12.727649688720703,2.3693323135375977,-0.0,0.0,0.0,0.0,0.0,0.0,0.0,0.0,0.0,0.0,0.0,0.0,0.023000000044703484,0.023000000044703484,0.02,0.15,0.0,0.0,0.0,0.0,0.0,0.0,0.0,0.0,0.0,0.0,0.0,0.0,0.27301642298698425,0.09045188128948212,0.002414487798432674,8.039698600769043,186,nan,-1.0,True,,False,0.010050058364868164,0.0,0.1258549690246582,20.0,20.0,1.0,0.0,0.0,0.0,0.0,0.0
658,13.025261878967285,-0.0,0.0,-0.0,13.025261878967285,0.44257956743240356,12.647256851196289,2.3694875240325928,-0.0,0.0,0.0,0.0,0.0,0.0,0.0,0.0,0.0,0.0,0.0,0.0,0.023000000044703484,0.023000000044703484,0.02,0.15,0.0,0.0,0.0,0.0,0.0,0.0,0.0,0.0,0.0,0.0,0.0,0.0,0.27261894941329956,0.08984982222318649,0.0015168918544077314,8.039698600769043,186,nan,-1.0,True,,False,0.010050058364868164,0.0,0.1258549690246582,20.0,20.0,1.0,0.0,0.0,0.0,0.0,0.0
659,13.505763053894043,-0.0,0.0,-0.0,13.505763053894043,0.4297994077205658,12.637155532836914,2.3706917762756348,-0.0,0.0,0.0,0.0,0.0,0.0,0.0,0.0,0.0,0.0,0.0,0.0,0.023000000044703484,0.023000000044703484,0.02,0.15000000000000002,0.0,0.0,0.0,0.0,0.0,0.0,0.0,0.0,0.0,0.0,0.0,0.0,0.2722374200820923,0.08933508396148682,0.0014996489994700823,8.039698600769043,186,nan,-1.0,True,,False,0.010050058364868164,0.0,0.1258549690246582,20.0,20.0,1.0,0.0,0.0,0.0,0.0,0.0
660,13.941323280334473,-0.0,0.0,-0.0,13.941323280334473,0.41910892724990845,12.659941673278809,2.372868299484253,-0.0,0.0,0.0,0.0,0.0,0.0,0.0,0.0,0.0,0.0,0.0,0.0,0.023000000044703484,0.023000000044703484,0.02,0.15,0.0,0.0,0.0,0.0,0.0,0.0,0.0,0.0,0.0,0.0,0.0,0.0,0.27185842394828796,0.08894168585538864,0.001459704607441381,8.039698600769043,186,nan,-1.0,True,,False,0.010050058364868164,0.0,0.1258549690246582,20.0,20.0,1.0,0.0,0.0,0.0,0.0,0.0
661,14.31351089477539,-0.0,0.0,-0.0,14.31351089477539,0.4108577370643616,12.683782577514648,2.37613844871521,-0.0,0.0,0.0,0.0,0.0,0.0,0.0,0.0,0.0,0.0,0.0,0.0,0.023000000044703484,0.023000000044703484,0.02,0.15,0.0,0.0,0.0,0.0,0.0,0.0,0.0,0.0,0.0,0.0,0.0,0.0,0.271499902009964,0.08864360302686691,0.001379088402245543,8.039698600769043,186,nan,-1.0,True,,False,0.010050058364868164,0.0,0.1258549690246582,20.0,20.0,1.0,0.0,0.0,0.0,0.0,0.0
662,15.777609825134277,-0.0,0.0,-0.0,15.777609825134277,0.37855198979377747,12.708944320678711,2.3806416988372803,-0.0,0.0,0.0,0.0,0.0,0.0,0.0,0.0,0.0,0.0,0.0,0.0,0.023000000044703484,0.023000000044703484,0.02,0.15,0.0,0.0,0.0,0.0,0.0,0.0,0.0,0.0,0.0,0.0,0.0,0.0,0.27116140723228455,0.08842368423938751,0.0013863674182630348,8.039698600769043,186,nan,-1.0,True,,False,0.010050058364868164,0.0,0.1258549690246582,20.0,20.0,1.0,0.0,0.0,0.0,0.0,0.0
663,37.9078254699707,-0.0,0.0,-0.0,37.9078254699707,0.14153733849525452,12.735767364501953,2.386847734451294,-0.0,0.0,0.0,0.0,0.0,0.0,0.0,0.0,0.0,0.0,0.0,0.0,0.023000000044703484,0.023000000044703484,0.02,0.15,0.0,0.0,0.0,0.0,0.0,0.0,0.0,0.0,0.0,0.0,0.0,0.0,0.2708430290222168,0.08816788345575333,0.0013866010806395934,8.039698600769043,186,nan,-1.0,True,,False,0.010050058364868164,0.0,0.1258549690246582,20.0,20.0,1.0,0.0,0.0,0.0,0.0,0.0
664,43.870079040527344,-0.0,0.0,-0.0,43.870079040527344,0.11452187597751617,12.76422119140625,2.384361743927002,-0.0,0.0,0.0,0.0,0.0,0.0,0.0,0.0,0.0,0.0,0.0,0.0,0.023000000044703484,0.023000000044703484,0.02,0.15000000000000002,0.0,0.0,0.0,0.0,0.0,0.0,0.0,0.0,0.0,0.0,0.0,0.0,0.2705584764480591,0.0881371945142746,0.0008328187623192207,8.039698600769043,186,nan,-1.0,True,,False,0.010050058364868164,0.0,0.1258549690246582,20.0,20.0,1.0,0.0,0.0,0.0,0.0,0.0
665,60.74418640136719,-0.0,0.0,-0.0,60.74418640136719,0.06747068464756012,12.79372787475586,2.3766367435455322,-0.0,0.0,0.0,0.0,0.0,0.0,0.0,0.0,0.0,0.0,0.0,0.0,0.023000000044703484,0.023000000044703484,0.02,0.15,0.0,0.0,0.0,0.0,0.0,0.0,0.0,0.0,0.0,0.0,0.0,0.0,0.2703080177307129,0.08834093809127808,0.000867703716721735,8.039698600769043,186,nan,-1.0,True,,False,0.010050058364868164,0.0,0.1258549690246582,20.0,20.0,1.0,0.0,0.0,0.0,0.0,0.0
666,28.011259078979492,-0.0,0.0,-0.0,28.011259078979492,0.2077023833990097,12.825334548950195,2.3720407485961914,-0.0,0.0,0.0,0.0,0.0,0.0,0.0,0.0,0.0,0.0,0.0,0.0,0.023000000044703484,0.023000000044703484,0.02,0.15,0.0,0.0,0.0,0.0,0.0,0.0,0.0,0.0,0.0,0.0,0.0,0.0,0.27004918456077576,0.08885099738836288,0.0012620169677575177,8.039698600769043,186,nan,-1.0,True,,False,0.010050058364868164,0.0,0.1258549690246582,20.0,20.0,1.0,0.0,0.0,0.0,0.0,0.0
667,51.13434600830078,-0.0,0.0,-0.0,51.13434600830078,0.08984183520078659,12.858115196228027,2.368823289871216,-0.0,0.0,0.0,0.0,0.0,0.0,0.0,0.0,0.0,0.0,0.0,0.0,0.023000000044703484,0.023000000044703484,0.02,0.15,0.0,0.0,0.0,0.0,0.0,0.0,0.0,0.0,0.0,0.0,0.0,0.0,0.2698156535625458,0.08977466821670532,0.0012751389344884956,8.039698600769043,186,nan,-1.0,True,,False,0.010050058364868164,0.0,0.1258549690246582,20.0,20.0,1.0,0.0,0.0,0.0,0.0,0.0
668,108.1977310180664,-0.0,0.0,-0.0,108.1977310180664,0.02094704657793045,12.89046859741211,2.3686838150024414,-0.0,0.0,0.0,0.0,0.0,0.0,0.0,0.0,0.0,0.0,0.0,0.0,0.023000000044703484,0.023000000044703484,0.02,0.15000000000000002,0.0,0.0,0.0,0.0,0.0,0.0,0.0,0.0,0.0,0.0,0.0,0.0,0.26960310339927673,0.09097764641046524,0.001293510170398804,8.039698600769043,186,nan,-1.0,True,,False,0.010050058364868164,0.0,0.1258549690246582,20.0,20.0,1.0,0.0,0.0,0.0,0.0,0.0
669,54.21213150024414,-0.0,0.0,-0.0,54.21213150024414,0.08184163272380829,12.92245101928711,2.3701488971710205,-0.0,0.0,0.0,0.0,0.0,0.0,0.0,0.0,0.0,0.0,0.0,0.0,0.023000000044703484,0.023000000044703484,0.02,0.15,0.0,0.0,0.0,0.0,0.0,0.0,0.0,0.0,0.0,0.0,0.0,0.0,0.269378125667572,0.09245658665895462,0.0009482259076776245,8.039698600769043,186,nan,-1.0,True,,False,0.010050058364868164,0.0,0.1258549690246582,20.0,20.0,1.0,0.0,0.0,0.0,0.0,0.0
670,29.02732276916504,-0.0,0.0,-0.0,29.02732276916504,0.19954335689544678,12.941875457763672,2.374685764312744,-0.0,0.0,0.0,0.0,0.0,0.0,0.0,0.0,0.0,0.0,0.0,0.0,0.023000000044703484,0.023000000044703484,0.02,0.15,0.0,0.0,0.0,0.0,0.0,0.0,0.0,0.0,0.0,0.0,0.0,0.0,0.26909658312797546,0.09374689310789108,0.0013380920941017393,8.039698600769043,186,nan,-1.0,True,,False,0.010050058364868164,0.0,0.1258549690246582,20.0,20.0,1.0,0.0,0.0,0.0,0.0,0.0
671,32.77326965332031,-0.0,0.0,-0.0,32.77326965332031,0.17263904213905334,12.951000213623047,2.3872439861297607,-0.0,0.0,0.0,0.0,0.0,0.0,0.0,0.0,0.0,0.0,0.0,0.0,0.023000000044703484,0.023000000044703484,0.02,0.15,0.0,0.0,0.0,0.0,0.0,0.0,0.0,0.0,0.0,0.0,0.0,0.0,0.2688061594963074,0.09500613063573837,0.0014071247946958465,8.039698600769043,186,nan,-1.0,True,,False,0.010050058364868164,0.0,0.1258549690246582,20.0,20.0,1.0,0.0,0.0,0.0,0.0,0.0
672,80.13990783691406,-0.0,0.0,-0.0,80.13990783691406,0.04100558161735535,12.956820487976074,2.4128472805023193,-0.0,0.0,0.0,0.0,0.0,0.0,0.0,0.0,0.0,0.0,0.0,0.0,0.023000000044703484,0.023000000044703484,0.02,0.15,0.0,0.0,0.0,0.0,0.0,0.0,0.0,0.0,0.0,0.0,0.0,0.0,0.26854565739631653,0.09612323343753815,0.0016632310666864214,8.039698600769043,186,nan,-1.0,True,,False,0.010050058364868164,0.0,0.1258549690246582,20.0,20.0,1.0,0.0,0.0,0.0,0.0,0.0
673,111.87980651855469,-0.0,0.0,-0.0,111.87980651855469,0.019747549667954445,12.960678100585938,2.4076812267303467,-0.0,0.0,0.0,0.0,0.0,0.0,0.0,0.0,0.0,0.0,0.0,0.0,0.023000000044703484,0.023000000044703484,0.02,0.15,0.0,0.0,0.0,0.0,0.0,0.0,0.0,0.0,0.0,0.0,0.0,0.0,0.2682943344116211,0.09634426236152649,0.0013363230950744764,8.039698600769043,186,nan,-1.0,True,,False,0.010050058364868164,0.0,0.1258549690246582,20.0,20.0,1.0,0.0,0.0,0.0,0.0,0.0
674,77.81765747070312,-0.0,0.0,-0.0,77.81765747070312,0.04281802102923393,12.962955474853516,2.389420509338379,-0.0,0.0,0.0,0.0,0.0,0.0,0.0,0.0,0.0,0.0,0.0,0.0,0.023000000044703484,0.023000000044703484,0.02,0.15,0.0,0.0,0.0,0.0,0.0,0.0,0.0,0.0,0.0,0.0,0.0,0.0,0.26804131269454956,0.09636522829532623,0.003743552832020214,8.039698600769043,186,nan,-1.0,True,,False,0.010050058364868164,0.0,0.1258549690246582,20.0,20.0,1.0,0.0,0.0,0.0,0.0,0.0
675,39.849037170410156,-0.0,0.0,-0.0,39.849037170410156,0.1311214566230774,12.964648246765137,2.376830577850342,-0.0,0.0,0.0,0.0,0.0,0.0,0.0,0.0,0.0,0.0,0.0,0.0,0.023000000044703484,0.023000000044703484,0.02,0.14999999999999997,0.0,0.0,0.0,0.0,0.0,0.0,0.0,0.0,0.0,0.0,0.0,0.0,0.2677845060825348,0.09638328850269318,0.0037503148132600472,8.039698600769043,186,nan,-1.0,True,,False,0.010050058364868164,0.0,0.1258549690246582,20.0,20.0,1.0,0.0,0.0,0.0,0.0,0.0
676,26.48836898803711,-0.0,0.0,-0.0,26.48836898803711,0.22076450288295746,12.967830657958984,2.3687376976013184,-0.0,0.0,0.0,0.0,0.0,0.0,0.0,0.0,0.0,0.0,0.0,0.0,0.023000000044703484,0.023000000044703484,0.02,0.15,0.0,0.0,0.0,0.0,0.0,0.0,0.0,0.0,0.0,0.0,0.0,0.0,0.2675333619117737,0.09631270170211792,0.0037502225904972875,8.039698600769043,186,nan,-1.0,True,,False,0.010050058364868164,0.0,0.1258549690246582,20.0,20.0,1.0,0.0,0.0,0.0,0.0,0.0
677,19.233675003051758,-0.0,0.0,-0.0,19.233675003051758,0.3109099864959717,12.970783233642578,2.3639347553253174,-0.0,0.0,0.0,0.0,0.0,0.0,0.0,0.0,0.0,0.0,0.0,0.0,0.023000000044703484,0.023000000044703484,0.02,0.15,0.0,0.0,0.0,0.0,0.0,0.0,0.0,0.0,0.0,0.0,0.0,0.0,0.26728254556655884,0.09626571089029312,0.003733471091663887,8.039698600769043,186,nan,-1.0,True,,False,0.010050058364868164,0.0,0.1258549690246582,20.0,20.0,1.0,0.0,0.0,0.0,0.0,0.0
678,29.048118591308594,-0.0,0.0,-0.0,29.048118591308594,0.19728732109069824,12.973228454589844,2.361879348754883,-0.0,0.0,0.0,0.0,0.0,0.0,0.0,0.0,0.0,0.0,0.0,0.0,0.023000000044703484,0.023000000044703484,0.02,0.15,0.0,0.0,0.0,0.0,0.0,0.0,0.0,0.0,0.0,0.0,0.0,0.0,0.26704350113868713,0.09629403054714203,0.0036763350462933886,8.039698600769043,186,nan,-1.0,True,,False,0.010050058364868164,0.0,0.1258549690246582,20.0,20.0,1.0,0.0,0.0,0.0,0.0,0.0
679,242.97061157226562,-0.0,0.0,-0.0,242.97061157226562,0.002046401146799326,12.975217819213867,2.3623275756835938,-0.0,0.0,0.0,0.0,0.0,0.0,0.0,0.0,0.0,0.0,0.0,0.0,0.023000000044703484,0.023000000044703484,0.02,0.15,0.0,0.0,0.0,0.0,0.0,0.0,0.0,0.0,0.0,0.0,0.0,0.0,0.2668100595474243,0.09633347392082214,0.003714290064181114,8.039698600769043,186,nan,-1.0,True,,False,0.010050058364868164,0.0,0.1258549690246582,20.0,20.0,1.0,0.0,0.0,0.0,0.0,0.0
680,52.904579162597656,-0.0,0.0,-0.0,52.904579162597656,0.08458279073238373,12.977083206176758,2.3615756034851074,-0.0,0.0,0.0,0.0,0.0,0.0,0.0,0.0,0.0,0.0,0.0,0.0,0.023000000044703484,0.023000000044703484,0.02,0.15,0.0,0.0,0.0,0.0,0.0,0.0,0.0,0.0,0.0,0.0,0.0,0.0,0.2665548026561737,0.09638757258653641,0.0037017038209796738,8.039698600769043,186,nan,-1.0,True,,False,0.010050058364868164,0.0,0.1258549690246582,20.0,20.0,1.0,0.0,0.0,0.0,0.0,0.0
681,33.644290924072266,-0.0,0.0,-0.0,33.644290924072266,0.16428378224372864,12.978670120239258,2.3622334003448486,-0.0,0.0,0.0,0.0,0.0,0.0,0.0,0.0,0.0,0.0,0.0,0.0,0.023000000044703484,0.023000000044703484,0.02,0.15,0.0,0.0,0.0,0.0,0.0,0.0,0.0,0.0,0.0,0.0,0.0,0.0,0.2662946879863739,0.09645404666662216,0.0036894702157042047,8.039698600769043,186,nan,-1.0,True,,False,0.010050058364868164,0.0,0.1258549690246582,20.0,20.0,1.0,0.0,0.0,0.0,0.0,0.0
682,40.1364631652832,-0.0,0.0,-0.0,40.1364631652832,0.1291835606098175,12.980181694030762,2.3640284538269043,-0.0,0.0,0.0,0.0,0.0,0.0,0.0,0.0,0.0,0.0,0.0,0.0,0.023000000044703484,0.023000000044703484,0.02,0.15,0.0,0.0,0.0,0.0,0.0,0.0,0.0,0.0,0.0,0.0,0.0,0.0,0.2660053074359894,0.0965137705206871,0.0017306524462128436,8.039698600769043,186,nan,-1.0,True,,False,0.010050058364868164,0.0,0.1258549690246582,20.0,20.0,1.0,0.0,0.0,0.0,0.0,0.0
683,55.23731231689453,-0.0,0.0,-0.0,55.23731231689453,0.07900448143482208,12.981490135192871,2.366802453994751,-0.0,0.0,0.0,0.0,0.0,0.0,0.0,0.0,0.0,0.0,0.0,0.0,0.023000000044703484,0.023000000044703484,0.02,0.15,0.0,0.0,0.0,0.0,0.0,0.0,0.0,0.0,0.0,0.0,0.0,0.0,0.2657392621040344,0.09657159447669983,0.0017396190964973357,8.039698600769043,186,nan,-1.0,True,,False,0.010050058364868164,0.0,0.1258549690246582,20.0,20.0,1.0,0.0,0.0,0.0,0.0,0.0
684,93.51940155029297,-0.0,0.0,-0.0,93.51940155029297,0.0290157999843359,12.982660293579102,2.370609760284424,-0.0,0.0,0.0,0.0,0.0,0.0,0.0,0.0,0.0,0.0,0.0,0.0,0.023000000044703484,0.023000000044703484,0.02,0.15,0.0,0.0,0.0,0.0,0.0,0.0,0.0,0.0,0.0,0.0,0.0,0.0,0.2655739188194275,0.09666312485933304,0.001739116526550788,8.039698600769043,186,nan,-1.0,True,,False,0.010050058364868164,0.0,0.1258549690246582,20.0,20.0,1.0,0.0,0.0,0.0,0.0,0.0
685,107.7298812866211,-0.0,0.0,-0.0,107.7298812866211,0.02118535339832306,12.983560562133789,2.3750033378601074,-0.0,0.0,0.0,0.0,0.0,0.0,0.0,0.0,0.0,0.0,0.0,0.0,0.023000000044703484,0.023000000044703484,0.02,0.15,0.0,0.0,0.0,0.0,0.0,0.0,0.0,0.0,0.0,0.0,0.0,0.0,0.26542213559150696,0.09677232056856155,0.001769012297700101,8.039698600769043,186,nan,-1.0,True,,False,0.010050058364868164,0.0,0.1258549690246582,20.0,20.0,1.0,0.0,0.0,0.0,0.0,0.0
686,108.94197845458984,-0.0,0.0,-0.0,108.94197845458984,0.020708400756120682,12.984380722045898,2.38006329536438,-0.0,0.0,0.0,0.0,0.0,0.0,0.0,0.0,0.0,0.0,0.0,0.0,0.023000000044703484,0.023000000044703484,0.02,0.15,0.0,0.0,0.0,0.0,0.0,0.0,0.0,0.0,0.0,0.0,0.0,0.0,0.2652686834335327,0.09687484800815582,0.0015594452634104528,8.039698600769043,186,nan,-1.0,True,,False,0.010050058364868164,0.0,0.1258549690246582,20.0,20.0,1.0,0.0,0.0,0.0,0.0,0.0
687,43.51906204223633,-0.0,0.0,-0.0,43.51906204223633,0.11615404486656189,12.985355377197266,2.3838679790496826,-0.0,0.0,0.0,0.0,0.0,0.0,0.0,0.0,0.0,0.0,0.0,0.0,0.023000000044703484,0.023000000044703484,0.02,0.15,0.0,0.0,0.0,0.0,0.0,0.0,0.0,0.0,0.0,0.0,0.0,0.0,0.2651319205760956,0.09695721417665482,0.0015184714220595197,8.039698600769043,186,nan,-1.0,True,,False,0.010050058364868164,0.0,0.1258549690246582,20.0,20.0,1.0,0.0,0.0,0.0,0.0,0.0
688,33.18035125732422,-0.0,0.0,-0.0,33.18035125732422,0.16941118240356445,12.985995292663574,2.388256549835205,-0.0,0.0,0.0,0.0,0.0,0.0,0.0,0.0,0.0,0.0,0.0,0.0,0.023000000044703484,0.023000000044703484,0.02,0.15,0.0,0.0,0.0,0.0,0.0,0.0,0.0,0.0,0.0,0.0,0.0,0.0,0.26498836278915405,0.09707874059677124,0.0018593653085190454,8.039698600769043,186,nan,-1.0,True,,False,0.010050058364868164,0.0,0.1258549690246582,20.0,20.0,1.0,0.0,0.0,0.0,0.0,0.0
689,33.7885627746582,-0.0,0.0,-0.0,33.7885627746582,0.1658143401145935,12.986486434936523,2.3940064907073975,-0.0,0.0,0.0,0.0,0.0,0.0,0.0,0.0,0.0,0.0,0.0,0.0,0.023000000044703484,0.023000000044703484,0.02,0.15000000000000002,0.0,0.0,0.0,0.0,0.0,0.0,0.0,0.0,0.0,0.0,0.0,0.0,0.26484137773513794,0.0972038209438324,0.002493677304528319,8.039698600769043,186,nan,-1.0,True,,False,0.010050058364868164,0.0,0.1258549690246582,20.0,20.0,1.0,0.0,0.0,0.0,0.0,0.0
690,54.24809646606445,-0.0,0.0,-0.0,54.24809646606445,0.08267000317573547,12.986804962158203,2.4009509086608887,-0.0,0.0,0.0,0.0,0.0,0.0,0.0,0.0,0.0,0.0,0.0,0.0,0.023000000044703484,0.023000000044703484,0.02,0.15,0.0,0.0,0.0,0.0,0.0,0.0,0.0,0.0,0.0,0.0,0.0,0.0,0.2647009789943695,0.09732796996831894,0.0024917105388340133,8.039698600769043,186,nan,-1.0,True,,False,0.010050058364868164,0.0,0.1258549690246582,20.0,20.0,1.0,0.0,0.0,0.0,0.0,0.0
691,259.6545715332031,-0.0,0.0,-0.0,259.6545715332031,0.0016513464506715536,12.987030029296875,2.4091293811798096,-0.0,0.0,0.0,0.0,0.0,0.0,0.0,0.0,0.0,0.0,0.0,0.0,0.023000000044703484,0.023000000044703484,0.02,0.15,0.0,0.0,0.0,0.0,0.0,0.0,0.0,0.0,0.0,0.0,0.0,0.0,0.26456713676452637,0.09735085070133209,0.0025577203296052176,8.039698600769043,186,nan,-1.0,True,,False,0.010050058364868164,0.0,0.1258549690246582,20.0,20.0,1.0,0.0,0.0,0.0,0.0,0.0
692,49.539154052734375,-0.0,0.0,-0.0,49.539154052734375,0.0965680405497551,12.987293243408203,2.4182047843933105,-0.0,0.0,0.0,0.0,0.0,0.0,0.0,0.0,0.0,0.0,0.0,0.0,0.023000000044703484,0.023000000044703484,0.02,0.15,0.0,0.0,0.0,0.0,0.0,0.0,0.0,0.0,0.0,0.0,0.0,0.0,0.26443347334861755,0.09733948111534119,0.0026505228470341535,8.039698600769043,186,nan,-1.0,True,,False,0.010050058364868164,0.0,0.1258549690246582,20.0,20.0,1.0,0.0,0.0,0.0,0.0,0.0
693,76.38709259033203,-0.0,0.0,-0.0,76.38709259033203,0.04518905654549599,12.987517356872559,2.429259777069092,-0.0,0.0,0.0,0.0,0.0,0.0,0.0,0.0,0.0,0.0,0.0,0.0,0.023000000044703484,0.023000000044703484,0.02,0.15000000000000002,0.0,0.0,0.0,0.0,0.0,0.0,0.0,0.0,0.0,0.0,0.0,0.0,0.26430290937423706,0.09732843935489655,0.0023947861186570663,8.039698600769043,186,nan,-1.0,True,,False,0.010050058364868164,0.0,0.1258549690246582,20.0,20.0,1.0,0.0,0.0,0.0,0.0,0.0
694,49.777305603027344,-0.0,0.0,-0.0,49.777305603027344,0.09677471220493317,12.987787246704102,2.4431166648864746,-0.0,0.0,0.0,0.0,0.0,0.0,0.0,0.0,0.0,0.0,0.0,0.0,0.023000000044703484,0.023000000044703484,0.02,0.15,0.0,0.0,0.0,0.0,0.0,0.0,0.0,0.0,0.0,0.0,0.0,0.0,0.26415500044822693,0.09731597453355789,0.0024526143947696255,8.039698600769043,186,nan,-1.0,True,,False,0.010050058364868164,0.0,0.1258549690246582,20.0,20.0,1.0,0.0,0.0,0.0,0.0,0.0
695,26.448143005371094,-0.0,0.0,-0.0,26.448143005371094,0.2310250848531723,12.988003730773926,2.463210105895996,-0.0,0.0,0.0,0.0,0.0,0.0,0.0,0.0,0.0,0.0,0.0,0.0,0.023000000044703484,0.023000000044703484,0.02,0.15,0.0,0.0,0.0,0.0,0.0,0.0,0.0,0.0,0.0,0.0,0.0,0.0,0.26399755477905273,0.09730829298496246,0.0016080901104942313,8.039698600769043,186,nan,-1.0,True,,False,0.010050058364868164,0.0,0.1258549690246582,20.0,20.0,1.0,0.0,0.0,0.0,0.0,0.0
696,25.879125595092773,-0.0,0.0,-0.0,25.879125595092773,0.23938745260238647,12.987948417663574,2.4895071983337402,-0.0,0.0,0.0,0.0,0.0,0.0,0.0,0.0,0.0,0.0,0.0,0.0,0.023000000044703484,0.023000000044703484,0.02,0.15,0.0,0.0,0.0,0.0,0.0,0.0,0.0,0.0,0.0,0.0,0.0,0.0,0.26383861899375916,0.0973110944032669,0.0016111456279759295,8.039698600769043,186,nan,-1.0,True,,False,0.010050058364868164,0.0,0.1258549690246582,20.0,20.0,1.0,0.0,0.0,0.0,0.0,0.0
697,28.452726364135742,-0.0,0.0,-0.0,28.452726364135742,0.21627174317836761,12.987659454345703,2.507838726043701,-0.0,0.0,0.0,0.0,0.0,0.0,0.0,0.0,0.0,0.0,0.0,0.0,0.023000000044703484,0.023000000044703484,0.02,0.15,0.0,0.0,0.0,0.0,0.0,0.0,0.0,0.0,0.0,0.0,0.0,0.0,0.2636775076389313,0.09732501953840256,0.0008277564288619033,8.039698600769043,186,nan,-1.0,True,,False,0.010050058364868164,0.0,0.1258549690246582,20.0,20.0,1.0,0.0,0.0,0.0,0.0,0.0
698,23.71656036376953,-0.0,0.0,-0.0,23.71656036376953,0.26636338233947754,12.987796783447266,2.5096383094787598,-0.0,0.0,0.0,0.0,0.0,0.0,0.0,0.0,0.0,0.0,0.0,0.0,0.023000000044703484,0.023000000044703484,0.02,0.15,0.0,0.0,0.0,0.0,0.0,0.0,0.0,0.0,0.0,0.0,0.0,0.0,0.26350799202919006,0.09731645882129669,0.001624288476023139,8.039698600769043,186,nan,-1.0,True,,False,0.010050058364868164,0.0,0.1258549690246582,20.0,20.0,1.0,0.0,0.0,0.0,0.0,0.0
699,22.9561710357666,-0.0,0.0,-0.0,22.9561710357666,0.276041179895401,12.987789154052734,2.512185573577881,-0.0,0.0,0.0,0.0,0.0,0.0,0.0,0.0,0.0,0.0,0.0,0.0,0.023000000044703484,0.023000000044703484,0.02,0.15,0.0,0.0,0.0,0.0,0.0,0.0,0.0,0.0,0.0,0.0,0.0,0.0,0.26329609751701355,0.09731752425432205,0.0009758268947734905,8.039698600769043,186,nan,-1.0,True,,False,0.010050058364868164,0.0,0.1258549690246582,20.0,20.0,1.0,0.0,0.0,0.0,0.0,0.0
700,23.619871139526367,-0.0,0.0,-0.0,23.619871139526367,0.2676216959953308,12.987556457519531,2.514019727706909,-0.0,0.0,0.0,0.0,0.0,0.0,0.0,0.0,0.0,0.0,0.0,0.0,0.023000000044703484,0.023000000044703484,0.02,0.15,0.0,0.0,0.0,0.0,0.0,0.0,0.0,0.0,0.0,0.0,0.0,0.0,0.26297062635421753,0.0973290503025055,0.0009604053529983503,8.039698600769043,186,nan,-1.0,True,,False,0.010050058364868164,0.0,0.1258549690246582,20.0,20.0,1.0,0.0,0.0,0.0,0.0,0.0
701,24.008132934570312,-0.0,0.0,-0.0,24.008132934570312,0.2629893124103546,12.987091064453125,2.5158517360687256,-0.0,0.0,0.0,0.0,0.0,0.0,0.0,0.0,0.0,0.0,0.0,0.0,0.023000000044703484,0.023000000044703484,0.02,0.15,0.0,0.0,0.0,0.0,0.0,0.0,0.0,0.0,0.0,0.0,0.0,0.0,0.26260432600975037,0.09735099226236343,0.0009611135033082974,8.039698600769043,186,nan,-1.0,True,,False,0.010050058364868164,0.0,0.1258549690246582,20.0,20.0,1.0,0.0,0.0,0.0,0.0,0.0
702,24.114755630493164,-0.0,0.0,-0.0,24.114755630493164,0.26197707653045654,12.986444473266602,2.5183444023132324,-0.0,0.0,0.0,0.0,0.0,0.0,0.0,0.0,0.0,0.0,0.0,0.0,0.023000000044703484,0.023000000044703484,0.02,0.15,0.0,0.0,0.0,0.0,0.0,0.0,0.0,0.0,0.0,0.0,0.0,0.0,0.2622247338294983,0.09738288074731827,0.0009467136824241607,8.039698600769043,186,nan,-1.0,True,,False,0.010050058364868164,0.0,0.1258549690246582,20.0,20.0,1.0,0.0,0.0,0.0,0.0,0.0
703,23.855037689208984,-0.0,0.0,-0.0,23.855037689208984,0.2655775249004364,12.985483169555664,2.52165150642395,-0.0,0.0,0.0,0.0,0.0,0.0,0.0,0.0,0.0,0.0,0.0,0.0,0.023000000044703484,0.023000000044703484,0.02,0.15000000000000002,0.0,0.0,0.0,0.0,0.0,0.0,0.0,0.0,0.0,0.0,0.0,0.0,0.26184388995170593,0.09742573648691177,0.0009506302317277004,8.039698600769043,186,nan,-1.0,True,,False,0.010050058364868164,0.0,0.1258549690246582,20.0,20.0,1.0,0.0,0.0,0.0,0.0,0.0
704,23.102344512939453,-0.0,0.0,-0.0,23.102344512939453,0.27576079964637756,12.984283447265625,2.5259077548980713,-0.0,0.0,0.0,0.0,0.0,0.0,0.0,0.0,0.0,0.0,0.0,0.0,0.023000000044703484,0.023000000044703484,0.02,0.15,0.0,0.0,0.0,0.0,0.0,0.0,0.0,0.0,0.0,0.0,0.0,0.0,0.26146483421325684,0.09748033434152603,0.0009474822263655369,8.039698600769043,186,nan,-1.0,True,,False,0.010050058364868164,0.0,0.1258549690246582,20.0,20.0,1.0,0.0,0.0,0.0,0.0,0.0
705,24.765352249145508,-0.0,0.0,-0.0,24.765352249145508,0.256136029958725,12.982856750488281,2.5311973094940186,-0.0,0.0,0.0,0.0,0.0,0.0,0.0,0.0,0.0,0.0,0.0,0.0,0.023000000044703484,0.023000000044703484,0.02,0.15,0.0,0.0,0.0,0.0,0.0,0.0,0.0,0.0,0.0,0.0,0.0,0.0,0.26108917593955994,0.09754618257284164,0.001306777180161589,8.039698600769043,186,nan,-1.0,True,,False,0.010050058364868164,0.0,0.1258549690246582,20.0,20.0,1.0,0.0,0.0,0.0,0.0,0.0
706,27.022626876831055,-0.0,0.0,-0.0,27.022626876831055,0.23282110691070557,12.979719161987305,2.5376205444335938,-0.0,0.0,0.0,0.0,0.0,0.0,0.0,0.0,0.0,0.0,0.0,0.0,0.023000000044703484,0.023000000044703484,0.02,0.15,0.0,0.0,0.0,0.0,0.0,0.0,0.0,0.0,0.0,0.0,0.0,0.0,0.2607128918170929,0.09769204258918762,0.0013057628484602901,8.039698600769043,186,nan,-1.0,True,,False,0.010050058364868164,0.0,0.1258549690246582,20.0,20.0,1.0,0.0,0.0,0.0,0.0,0.0
707,378.57464599609375,-0.0,0.0,-0.0,378.57464599609375,0.0003924280754290521,12.974781036376953,2.5450801849365234,-0.0,0.0,0.0,0.0,0.0,0.0,0.0,0.0,0.0,0.0,0.0,0.0,0.023000000044703484,0.023000000044703484,0.02,0.15,0.0,0.0,0.0,0.0,0.0,0.0,0.0,0.0,0.0,0.0,0.0,0.0,0.26033321022987366,0.09791954606771469,0.0014091055513745232,8.039698600769043,186,nan,-1.0,True,,False,0.010050058364868164,0.0,0.1258549690246582,20.0,20.0,1.0,0.0,0.0,0.0,0.0,0.0
708,34.7848014831543,-0.0,0.0,-0.0,34.7848014831543,0.1680445373058319,11.95516300201416,2.5125656127929688,-0.0,0.0,0.0,0.0,0.0,0.0,0.0,0.0,0.0,0.0,0.0,0.0,0.023000000044703484,0.023000000044703484,0.02,0.14999999999999997,0.0,0.0,0.0,0.0,0.0,0.0,0.0,0.0,0.0,0.0,0.0,0.0,0.2599332928657532,0.09816025197505951,0.002884600729430531,8.039698600769043,186,nan,-1.0,True,,False,0.010050058364868164,0.0,0.1258549690246582,20.0,20.0,1.0,0.0,0.0,0.0,0.0,0.0
709,49.00582504272461,-0.0,0.0,-0.0,49.00582504272461,0.10082091391086578,10.501124382019043,2.471966028213501,-0.0,0.0,0.0,0.0,0.0,0.0,0.0,0.0,0.0,0.0,0.0,0.0,0.023000000044703484,0.023000000044703484,0.02,0.15,0.0,0.0,0.0,0.0,0.0,0.0,0.0,0.0,0.0,0.0,0.0,0.0,0.2595399022102356,0.09836726635694504,0.002873601576538931,8.039698600769043,186,nan,-1.0,True,,False,0.010050058364868164,0.0,0.1258549690246582,20.0,20.0,1.0,0.0,0.0,0.0,0.0,0.0
710,86.67594146728516,-0.0,0.0,-0.0,86.67594146728516,0.03502828627824783,9.216445922851562,2.4291796684265137,-0.0,0.0,0.0,0.0,0.0,0.0,0.0,0.0,0.0,0.0,0.0,0.0,0.023000000044703484,0.023000000044703484,0.02,0.15,0.0,0.0,0.0,0.0,0.0,0.0,0.0,0.0,0.0,0.0,0.0,0.0,0.25915372371673584,0.09856072068214417,0.0028555863732435682,8.039698600769043,186,nan,-1.0,True,,False,0.010050058364868164,0.0,0.1258549690246582,20.0,20.0,1.0,0.0,0.0,0.0,0.0,0.0
711,93.41316223144531,-0.0,0.0,-0.0,93.41316223144531,0.029513318091630936,8.309202194213867,2.3971331119537354,-0.0,0.0,0.0,0.0,0.0,0.0,0.0,0.0,0.0,0.0,0.0,0.0,0.023000000044703484,0.023000000044703484,0.02,0.15,0.0,0.0,0.0,0.0,0.0,0.0,0.0,0.0,0.0,0.0,0.0,0.0,0.2588476538658142,0.09857218712568283,0.002844907570761279,8.039698600769043,186,nan,-1.0,True,,False,0.010050058364868164,0.0,0.1258549690246582,20.0,20.0,1.0,0.0,0.0,0.0,0.0,0.0
712,89.08475494384766,-0.0,0.0,-0.0,89.08475494384766,0.03236144781112671,8.291099548339844,2.3726398944854736,-0.0,0.0,0.0,0.0,0.0,0.0,0.0,0.0,0.0,0.0,0.0,0.0,0.023000000044703484,0.023000000044703484,0.02,0.15,0.0,0.0,0.0,0.0,0.0,0.0,0.0,0.0,0.0,0.0,0.0,0.0,0.2586022615432739,0.09844883531332016,0.0012331565139902523,8.039698600769043,186,nan,-1.0,True,,False,0.010050058364868164,0.0,0.1258549690246582,20.0,20.0,1.0,0.0,0.0,0.0,0.0,0.0
713,117.1817855834961,-0.0,0.0,-0.0,117.1817855834961,0.01727183908224106,8.270654678344727,2.353738307952881,-0.0,0.0,0.0,0.0,0.0,0.0,0.0,0.0,0.0,0.0,0.0,0.0,0.023000000044703484,0.023000000044703484,0.02,0.15,0.0,0.0,0.0,0.0,0.0,0.0,0.0,0.0,0.0,0.0,0.0,0.0,0.25835809111595154,0.09836233407258987,0.001537318747068639,8.039698600769043,186,nan,-1.0,True,,False,0.010050058364868164,0.0,0.1258549690246582,20.0,20.0,1.0,0.0,0.0,0.0,0.0,0.0
714,95.05012512207031,-0.0,0.0,-0.0,95.05012512207031,0.027695003896951675,8.248682975769043,2.338470697402954,-0.0,0.0,0.0,0.0,0.0,0.0,0.0,0.0,0.0,0.0,0.0,0.0,0.023000000044703484,0.023000000044703484,0.02,0.15,0.0,0.0,0.0,0.0,0.0,0.0,0.0,0.0,0.0,0.0,0.0,0.0,0.25814276933670044,0.09830671548843384,0.001555463548811531,8.039698600769043,186,nan,-1.0,True,,False,0.010050058364868164,0.0,0.1258549690246582,20.0,20.0,1.0,0.0,0.0,0.0,0.0,0.0
715,55.096534729003906,-0.0,0.0,-0.0,55.096534729003906,0.07831399887800217,8.229965209960938,2.3286683559417725,-0.0,0.0,0.0,0.0,0.0,0.0,0.0,0.0,0.0,0.0,0.0,0.0,0.023000000044703484,0.023000000044703484,0.02,0.15,0.0,0.0,0.0,0.0,0.0,0.0,0.0,0.0,0.0,0.0,0.0,0.0,0.25797250866889954,0.09837204962968826,0.0015695525648879993,8.039698600769043,186,nan,-1.0,True,,False,0.010050058364868164,0.0,0.1258549690246582,20.0,20.0,1.0,0.0,0.0,0.0,0.0,0.0
716,108.40752410888672,-0.0,0.0,-0.0,108.40752410888672,0.020402375608682632,8.213067054748535,2.3219187259674072,-0.0,0.0,0.0,0.0,0.0,0.0,0.0,0.0,0.0,0.0,0.0,0.0,0.023000000044703484,0.023000000044703484,0.02,0.15,0.0,0.0,0.0,0.0,0.0,0.0,0.0,0.0,0.0,0.0,0.0,0.0,0.2578480839729309,0.098451167345047,0.00138519929805625,8.039698600769043,186,nan,-1.0,True,,False,0.010050058364868164,0.0,0.1258549690246582,20.0,20.0,1.0,0.0,0.0,0.0,0.0,0.0
717,57.08590316772461,-0.0,0.0,-0.0,57.08590316772461,0.07323378324508667,8.197256088256836,2.316260814666748,-0.0,0.0,0.0,0.0,0.0,0.0,0.0,0.0,0.0,0.0,0.0,0.0,0.023000000044703484,0.023000000044703484,0.02,0.15,0.0,0.0,0.0,0.0,0.0,0.0,0.0,0.0,0.0,0.0,0.0,0.0,0.2577197253704071,0.0985320582985878,0.0014927513648217428,8.039698600769043,186,nan,-1.0,True,,False,0.010050058364868164,0.0,0.1258549690246582,20.0,20.0,1.0,0.0,0.0,0.0,0.0,0.0
718,52.91447448730469,-0.0,0.0,-0.0,52.91447448730469,0.08310479670763016,8.185234069824219,2.3120176792144775,-0.0,0.0,0.0,0.0,0.0,0.0,0.0,0.0,0.0,0.0,0.0,0.0,0.023000000044703484,0.023000000044703484,0.02,0.15,0.0,0.0,0.0,0.0,0.0,0.0,0.0,0.0,0.0,0.0,0.0,0.0,0.2575407922267914,0.09861597418785095,0.0023161652429735113,8.039698600769043,186,nan,-1.0,True,,False,0.010050058364868164,0.0,0.1258549690246582,20.0,20.0,1.0,0.0,0.0,0.0,0.0,0.0
719,34.354148864746094,-0.0,0.0,-0.0,34.354148864746094,0.15616783499717712,8.213055610656738,2.3062539100646973,-0.0,0.0,0.0,0.0,0.0,0.0,0.0,0.0,0.0,0.0,0.0,0.0,0.023000000044703484,0.023000000044703484,0.02,0.15,0.0,0.0,0.0,0.0,0.0,0.0,0.0,0.0,0.0,0.0,0.0,0.0,0.2573673725128174,0.09870168566703796,0.0008744047736399807,8.039698600769043,186,nan,-1.0,True,,False,0.010050058364868164,0.0,0.1258549690246582,20.0,20.0,1.0,0.0,0.0,0.0,0.0,0.0
720,37.05698013305664,-0.0,0.0,-0.0,37.05698013305664,0.1404198855161667,8.256799697875977,2.301149606704712,-0.0,0.0,0.0,0.0,0.0,0.0,0.0,0.0,0.0,0.0,0.0,0.0,0.023000000044703484,0.023000000044703484,0.02,0.15,0.0,0.0,0.0,0.0,0.0,0.0,0.0,0.0,0.0,0.0,0.0,0.0,0.2572440803050995,0.09878936409950256,0.0006972071842028527,8.039698600769043,186,nan,-1.0,True,,False,0.010050058364868164,0.0,0.1258549690246582,20.0,20.0,1.0,0.0,0.0,0.0,0.0,0.0
721,40.21535110473633,-0.0,0.0,-0.0,40.21535110473633,0.12507064640522003,8.299755096435547,2.2976789474487305,-0.0,0.0,0.0,0.0,0.0,0.0,0.0,0.0,0.0,0.0,0.0,0.0,0.023000000044703484,0.023000000044703484,0.02,0.15,0.0,0.0,0.0,0.0,0.0,0.0,0.0,0.0,0.0,0.0,0.0,0.0,0.25712037086486816,0.09889376163482666,0.000552546780454577,8.039698600769043,186,nan,-1.0,True,,False,0.010050058364868164,0.0,0.1258549690246582,20.0,20.0,1.0,0.0,0.0,0.0,0.0,0.0
722,83.2231674194336,-0.0,0.0,-0.0,83.2231674194336,0.035880185663700104,8.341276168823242,2.295464038848877,-0.0,0.0,0.0,0.0,0.0,0.0,0.0,0.0,0.0,0.0,0.0,0.0,0.023000000044703484,0.023000000044703484,0.02,0.15,0.0,0.0,0.0,0.0,0.0,0.0,0.0,0.0,0.0,0.0,0.0,0.0,0.2570006847381592,0.09905979037284851,0.0017026293444359908,8.039698600769043,186,nan,-1.0,True,,False,0.010050058364868164,0.0,0.1258549690246582,20.0,20.0,1.0,0.0,0.0,0.0,0.0,0.0
723,51.07872009277344,-0.0,0.0,-0.0,51.07872009277344,0.08696669340133667,8.381351470947266,2.293133497238159,-0.0,0.0,0.0,0.0,0.0,0.0,0.0,0.0,0.0,0.0,0.0,0.0,0.023000000044703484,0.023000000044703484,0.02,0.15,0.0,0.0,0.0,0.0,0.0,0.0,0.0,0.0,0.0,0.0,0.0,0.0,0.25686952471733093,0.09921912848949432,0.0017288025073867175,8.039698600769043,186,nan,-1.0,True,,False,0.010050058364868164,0.0,0.1258549690246582,20.0,20.0,1.0,0.0,0.0,0.0,0.0,0.0
724,53.66082763671875,-0.0,0.0,-0.0,53.66082763671875,0.08003976941108704,8.420547485351562,2.291250705718994,-0.0,0.0,0.0,0.0,0.0,0.0,0.0,0.0,0.0,0.0,0.0,0.0,0.023000000044703484,0.023000000044703484,0.02,0.15,0.0,0.0,0.0,0.0,0.0,0.0,0.0,0.0,0.0,0.0,0.0,0.0,0.25674566626548767,0.09930603951215744,0.0009788446379843663,8.039698600769043,186,nan,-1.0,True,,False,0.010050058364868164,0.0,0.1258549690246582,20.0,20.0,1.0,0.0,0.0,0.0,0.0,0.0
725,60.530311584472656,-0.0,0.0,-0.0,60.530311584472656,0.06520000845193863,8.458372116088867,2.290252447128296,-0.0,0.0,0.0,0.0,0.0,0.0,0.0,0.0,0.0,0.0,0.0,0.0,0.023000000044703484,0.023000000044703484,0.02,0.15,0.0,0.0,0.0,0.0,0.0,0.0,0.0,0.0,0.0,0.0,0.0,0.0,0.256629079580307,0.09939773380756378,0.0010590154274723318,8.039698600769043,186,nan,-1.0,True,,False,0.010050058364868164,0.0,0.1258549690246582,20.0,20.0,1.0,0.0,0.0,0.0,0.0,0.0
726,69.3072509765625,-0.0,0.0,-0.0,69.3072509765625,0.051063403487205505,8.494077682495117,2.289965867996216,-0.0,0.0,0.0,0.0,0.0,0.0,0.0,0.0,0.0,0.0,0.0,0.0,0.023000000044703484,0.023000000044703484,0.02,0.15,0.0,0.0,0.0,0.0,0.0,0.0,0.0,0.0,0.0,0.0,0.0,0.0,0.25652381777763367,0.09941735863685608,0.001125464033748358,8.039698600769043,186,nan,-1.0,True,,False,0.010050058364868164,0.0,0.1258549690246582,20.0,20.0,1.0,0.0,0.0,0.0,0.0,0.0
727,81.4765853881836,-0.0,0.0,-0.0,81.4765853881836,0.03730114549398422,8.527585983276367,2.289222002029419,-0.0,0.0,0.0,0.0,0.0,0.0,0.0,0.0,0.0,0.0,0.0,0.0,0.023000000044703484,0.023000000044703484,0.02,0.15,0.0,0.0,0.0,0.0,0.0,0.0,0.0,0.0,0.0,0.0,0.0,0.0,0.2564252018928528,0.09940388053655624,0.0011767128626161139,8.039698600769043,186,nan,-1.0,True,,False,0.010050058364868164,0.0,0.1258549690246582,20.0,20.0,1.0,0.0,0.0,0.0,0.0,0.0
728,98.9417953491211,-0.0,0.0,-0.0,98.9417953491211,0.024725330993533134,8.55947208404541,2.2890119552612305,-0.0,0.0,0.0,0.0,0.0,0.0,0.0,0.0,0.0,0.0,0.0,0.0,0.023000000044703484,0.023000000044703484,0.02,0.15,0.0,0.0,0.0,0.0,0.0,0.0,0.0,0.0,0.0,0.0,0.0,0.0,0.2563394010066986,0.09939352422952652,0.0012217994903949148,8.039698600769043,186,nan,-1.0,True,,False,0.010050058364868164,0.0,0.1258549690246582,20.0,20.0,1.0,0.0,0.0,0.0,0.0,0.0
729,129.3060302734375,-0.0,0.0,-0.0,129.3060302734375,0.013105882331728935,8.588144302368164,2.2894434928894043,-0.0,0.0,0.0,0.0,0.0,0.0,0.0,0.0,0.0,0.0,0.0,0.0,0.023000000044703484,0.023000000044703484,0.02,0.15,0.0,0.0,0.0,0.0,0.0,0.0,0.0,0.0,0.0,0.0,0.0,0.0,0.25626784563064575,0.09938818961381912,0.0012599263043284736,8.039698600769043,186,nan,-1.0,True,,False,0.010050058364868164,0.0,0.1258549690246582,20.0,20.0,1.0,0.0,0.0,0.0,0.0,0.0
730,221.20138549804688,-0.0,0.0,-0.0,221.20138549804688,0.0027460637502372265,8.614055633544922,2.289820909500122,-0.0,0.0,0.0,0.0,0.0,0.0,0.0,0.0,0.0,0.0,0.0,0.0,0.023000000044703484,0.023000000044703484,0.02,0.15,0.0,0.0,0.0,0.0,0.0,0.0,0.0,0.0,0.0,0.0,0.0,0.0,0.2562117278575897,0.0993899554014206,0.0013166263506718678,8.039698600769043,186,nan,-1.0,True,,False,0.010050058364868164,0.0,0.1258549690246582,20.0,20.0,1.0,0.0,0.0,0.0,0.0,0.0
731,173.07313537597656,-0.0,0.0,-0.0,173.07313537597656,0.005896280054003,8.636722564697266,2.287621259689331,-0.0,0.0,0.0,0.0,0.0,0.0,0.0,0.0,0.0,0.0,0.0,0.0,0.023000000044703484,0.023000000044703484,0.02,0.15,0.0,0.0,0.0,0.0,0.0,0.0,0.0,0.0,0.0,0.0,0.0,0.0,0.256173312664032,0.09940094500780106,0.0013636749579291063,8.039698600769043,186,nan,-1.0,True,,False,0.010050058364868164,0.0,0.1258549690246582,20.0,20.0,1.0,0.0,0.0,0.0,0.0,0.0
732,121.44429779052734,-0.0,0.0,-0.0,121.44429779052734,0.015294784680008888,8.658411979675293,2.2851741313934326,-0.0,0.0,0.0,0.0,0.0,0.0,0.0,0.0,0.0,0.0,0.0,0.0,0.023000000044703484,0.023000000044703484,0.02,0.15,0.0,0.0,0.0,0.0,0.0,0.0,0.0,0.0,0.0,0.0,0.0,0.0,0.25612685084342957,0.09941229969263077,0.0014024867555235687,8.039698600769043,186,nan,-1.0,True,,False,0.010050058364868164,0.0,0.1258549690246582,20.0,20.0,1.0,0.0,0.0,0.0,0.0,0.0
733,98.3202896118164,-0.0,0.0,-0.0,98.3202896118164,0.025067005306482315,8.680710792541504,2.283534049987793,-0.0,0.0,0.0,0.0,0.0,0.0,0.0,0.0,0.0,0.0,0.0,0.0,0.023000000044703484,0.023000000044703484,0.02,0.15,0.0,0.0,0.0,0.0,0.0,0.0,0.0,0.0,0.0,0.0,0.0,0.0,0.2560695707798004,0.09942389279603958,0.0014282203374023084,8.039698600769043,186,nan,-1.0,True,,False,0.010050058364868164,0.0,0.1258549690246582,20.0,20.0,1.0,0.0,0.0,0.0,0.0,0.0
734,96.09593963623047,-0.0,0.0,-0.0,96.09593963623047,0.026384424418210983,8.703584671020508,2.2824506759643555,-0.0,0.0,0.0,0.0,0.0,0.0,0.0,0.0,0.0,0.0,0.0,0.0,0.023000000044703484,0.023000000044703484,0.02,0.15,0.0,0.0,0.0,0.0,0.0,0.0,0.0,0.0,0.0,0.0,0.0,0.0,0.2560141980648041,0.09946063905954361,0.0016197916083910968,8.039698600769043,186,nan,-1.0,True,,False,0.010050058364868164,0.0,0.1258549690246582,20.0,20.0,1.0,0.0,0.0,0.0,0.0,0.0
735,156.6287078857422,-0.0,0.0,-0.0,156.6287078857422,0.007823463529348373,8.725727081298828,2.281724214553833,-0.0,0.0,0.0,0.0,0.0,0.0,0.0,0.0,0.0,0.0,0.0,0.0,0.023000000044703484,0.023000000044703484,0.02,0.15,0.0,0.0,0.0,0.0,0.0,0.0,0.0,0.0,0.0,0.0,0.0,0.0,0.25596556067466736,0.09946981072425842,0.0016538979384677077,8.039698600769043,186,nan,-1.0,True,,False,0.010050058364868164,0.0,0.1258549690246582,20.0,20.0,1.0,0.0,0.0,0.0,0.0,0.0
736,72.27168273925781,-0.0,0.0,-0.0,72.27168273925781,0.04719233885407448,8.747097969055176,2.281139850616455,-0.0,0.0,0.0,0.0,0.0,0.0,0.0,0.0,0.0,0.0,0.0,0.0,0.023000000044703484,0.023000000044703484,0.02,0.15,0.0,0.0,0.0,0.0,0.0,0.0,0.0,0.0,0.0,0.0,0.0,0.0,0.25592708587646484,0.09947124123573303,0.0016822696634335443,8.039698600769043,186,nan,-1.0,True,,False,0.010050058364868164,0.0,0.1258549690246582,20.0,20.0,1.0,0.0,0.0,0.0,0.0,0.0
737,58.86855697631836,-0.0,0.0,-0.0,58.86855697631836,0.06837460398674011,8.767660140991211,2.28100848197937,-0.0,0.0,0.0,0.0,0.0,0.0,0.0,0.0,0.0,0.0,0.0,0.0,0.023000000044703484,0.023000000044703484,0.02,0.15,0.0,0.0,0.0,0.0,0.0,0.0,0.0,0.0,0.0,0.0,0.0,0.0,0.2558945119380951,0.09940005838871002,0.0014784582376705657,8.039698600769043,186,nan,-1.0,True,,False,0.010050058364868164,0.0,0.1258549690246582,20.0,20.0,1.0,0.0,0.0,0.0,0.0,0.0
738,53.394187927246094,-0.0,0.0,-0.0,53.394187927246094,0.080550417304039,8.78913688659668,2.2812860012054443,-0.0,0.0,0.0,0.0,0.0,0.0,0.0,0.0,0.0,0.0,0.0,0.0,0.023000000044703484,0.023000000044703484,0.02,0.15,0.0,0.0,0.0,0.0,0.0,0.0,0.0,0.0,0.0,0.0,0.0,0.0,0.2558412551879883,0.09920554608106613,0.0014754002143035905,8.039698600769043,186,nan,-1.0,True,,False,0.010050058364868164,0.0,0.1258549690246582,20.0,20.0,1.0,0.0,0.0,0.0,0.0,0.0
739,50.7642822265625,-0.0,0.0,-0.0,50.7642822265625,0.08749938756227493,8.811803817749023,2.281940221786499,-0.0,0.0,0.0,0.0,0.0,0.0,0.0,0.0,0.0,0.0,0.0,0.0,0.023000000044703484,0.023000000044703484,0.02,0.15000000000000002,0.0,0.0,0.0,0.0,0.0,0.0,0.0,0.0,0.0,0.0,0.0,0.0,0.25577840209007263,0.0990230143070221,0.0028515071712718054,8.039698600769043,186,nan,-1.0,True,,False,0.010050058364868164,0.0,0.1258549690246582,20.0,20.0,1.0,0.0,0.0,0.0,0.0,0.0
740,84.45095825195312,-0.0,0.0,-0.0,84.45095825195312,0.03464576601982117,8.833151817321777,2.2829763889312744,-0.0,0.0,0.0,0.0,0.0,0.0,0.0,0.0,0.0,0.0,0.0,0.0,0.023000000044703484,0.023000000044703484,0.02,0.15,0.0,0.0,0.0,0.0,0.0,0.0,0.0,0.0,0.0,0.0,0.0,0.0,0.25573256611824036,0.0988810658454895,0.002876594056488102,8.039698600769043,186,nan,-1.0,True,,False,0.010050058364868164,0.0,0.1258549690246582,20.0,20.0,1.0,0.0,0.0,0.0,0.0,0.0
741,115.71520233154297,-0.0,0.0,-0.0,115.71520233154297,0.01717713102698326,8.853821754455566,2.2842111587524414,-0.0,0.0,0.0,0.0,0.0,0.0,0.0,0.0,0.0,0.0,0.0,0.0,0.023000000044703484,0.023000000044703484,0.02,0.15,0.0,0.0,0.0,0.0,0.0,0.0,0.0,0.0,0.0,0.0,0.0,0.0,0.2556978464126587,0.09877082705497742,0.0029002489609410986,8.039698600769043,186,nan,-1.0,True,,False,0.010050058364868164,0.0,0.1258549690246582,20.0,20.0,1.0,0.0,0.0,0.0,0.0,0.0
742,58.6724967956543,-0.0,0.0,-0.0,58.6724967956543,0.06887606531381607,8.874067306518555,2.2854232788085938,-0.0,0.0,0.0,0.0,0.0,0.0,0.0,0.0,0.0,0.0,0.0,0.0,0.023000000044703484,0.023000000044703484,0.02,0.15,0.0,0.0,0.0,0.0,0.0,0.0,0.0,0.0,0.0,0.0,0.0,0.0,0.25566360354423523,0.09867876023054123,0.002927528455529682,8.039698600769043,186,nan,-1.0,True,,False,0.010050058364868164,0.0,0.1258549690246582,20.0,20.0,1.0,0.0,0.0,0.0,0.0,0.0
743,41.09217071533203,-0.0,0.0,-0.0,41.09217071533203,0.1209183782339096,8.893871307373047,2.2869627475738525,-0.0,0.0,0.0,0.0,0.0,0.0,0.0,0.0,0.0,0.0,0.0,0.0,0.023000000044703484,0.023000000044703484,0.02,0.15,0.0,0.0,0.0,0.0,0.0,0.0,0.0,0.0,0.0,0.0,0.0,0.0,0.25562286376953125,0.09859786927700043,0.0029548384345616796,8.039698600769043,186,nan,-1.0,True,,False,0.010050058364868164,0.0,0.1258549690246582,20.0,20.0,1.0,0.0,0.0,0.0,0.0,0.0
744,43.94227981567383,-0.0,0.0,-0.0,43.94227981567383,0.1097126230597496,8.913347244262695,2.2889113426208496,-0.0,0.0,0.0,0.0,0.0,0.0,0.0,0.0,0.0,0.0,0.0,0.0,0.023000000044703484,0.023000000044703484,0.02,0.15,0.0,0.0,0.0,0.0,0.0,0.0,0.0,0.0,0.0,0.0,0.0,0.0,0.2555811405181885,0.09852300584316254,0.0019457358912404743,8.039698600769043,186,nan,-1.0,True,,False,0.010050058364868164,0.0,0.1258549690246582,20.0,20.0,1.0,0.0,0.0,0.0,0.0,0.0
745,71.2076187133789,-0.0,0.0,-0.0,71.2076187133789,0.04872877150774002,8.932165145874023,2.2913761138916016,-0.0,0.0,0.0,0.0,0.0,0.0,0.0,0.0,0.0,0.0,0.0,0.0,0.023000000044703484,0.023000000044703484,0.02,0.15,0.0,0.0,0.0,0.0,0.0,0.0,0.0,0.0,0.0,0.0,0.0,0.0,0.25553229451179504,0.09847329556941986,0.001959067858706476,8.039698600769043,186,nan,-1.0,True,,False,0.010050058364868164,0.0,0.1258549690246582,20.0,20.0,1.0,0.0,0.0,0.0,0.0,0.0
746,148.0321807861328,-0.0,0.0,-0.0,148.0321807861328,0.009189728647470474,8.95037841796875,2.2942891120910645,-0.0,0.0,0.0,0.0,0.0,0.0,0.0,0.0,0.0,0.0,0.0,0.0,0.023000000044703484,0.023000000044703484,0.02,0.15,0.0,0.0,0.0,0.0,0.0,0.0,0.0,0.0,0.0,0.0,0.0,0.0,0.2554747760295868,0.0984470471739769,0.0019502761745116004,8.039698600769043,186,nan,-1.0,True,,False,0.010050058364868164,0.0,0.1258549690246582,20.0,20.0,1.0,0.0,0.0,0.0,0.0,0.0
747,58.70854568481445,-0.0,0.0,-0.0,58.70854568481445,0.06940118968486786,8.967572212219238,2.2971079349517822,-0.0,0.0,0.0,0.0,0.0,0.0,0.0,0.0,0.0,0.0,0.0,0.0,0.023000000044703484,0.023000000044703484,0.02,0.15,0.0,0.0,0.0,0.0,0.0,0.0,0.0,0.0,0.0,0.0,0.0,0.0,0.2554301917552948,0.09842010587453842,0.0019813229446299374,8.039698600769043,186,nan,-1.0,True,,False,0.010050058364868164,0.0,0.1258549690246582,20.0,20.0,1.0,0.0,0.0,0.0,0.0,0.0
748,152.2928924560547,-0.0,0.0,-0.0,152.2928924560547,0.008554003201425076,9.05363655090332,2.3005008697509766,-0.0,0.0,0.0,0.0,0.0,0.0,0.0,0.0,0.0,0.0,0.0,0.0,0.023000000044703484,0.023000000044703484,0.02,0.15,0.0,0.0,0.0,0.0,0.0,0.0,0.0,0.0,0.0,0.0,0.0,0.0,0.2553984522819519,0.09839236736297607,0.0009113884157159191,8.039698600769043,186,nan,-1.0,True,,False,0.010050058364868164,0.0,0.1258549690246582,20.0,20.0,1.0,0.0,0.0,0.0,0.0,0.0
749,140.2645721435547,-0.0,0.0,-0.0,140.2645721435547,0.010684410110116005,9.149104118347168,2.3014631271362305,-0.0,0.0,0.0,0.0,0.0,0.0,0.0,0.0,0.0,0.0,0.0,0.0,0.023000000044703484,0.023000000044703484,0.02,0.15,0.0,0.0,0.0,0.0,0.0,0.0,0.0,0.0,0.0,0.0,0.0,0.0,0.2553679943084717,0.09840545803308487,0.0010042470075859455,8.039698600769043,186,nan,-1.0,True,,False,0.010050058364868164,0.0,0.1258549690246582,20.0,20.0,1.0,0.0,0.0,0.0,0.0,0.0
750,84.08411407470703,-0.0,0.0,-0.0,84.08411407470703,0.035397328436374664,9.247621536254883,2.3016645908355713,-0.0,0.0,0.0,0.0,0.0,0.0,0.0,0.0,0.0,0.0,0.0,0.0,0.023000000044703484,0.023000000044703484,0.02,0.15,0.0,0.0,0.0,0.0,0.0,0.0,0.0,0.0,0.0,0.0,0.0,0.0,0.2553308606147766,0.0984404906630516,0.0019195336085431336,8.039698600769043,186,nan,-1.0,True,,False,0.010050058364868164,0.0,0.1258549690246582,20.0,20.0,1.0,0.0,0.0,0.0,0.0,0.0
751,50.65113830566406,-0.0,0.0,-0.0,50.65113830566406,0.08868029713630676,9.34901237487793,2.3002922534942627,-0.0,0.0,0.0,0.0,0.0,0.0,0.0,0.0,0.0,0.0,0.0,0.0,0.023000000044703484,0.023000000044703484,0.02,0.15,0.0,0.0,0.0,0.0,0.0,0.0,0.0,0.0,0.0,0.0,0.0,0.0,0.25531360507011414,0.09848494082689285,0.0019025770830012334,8.039698600769043,186,nan,-1.0,True,,False,0.010050058364868164,0.0,0.1258549690246582,20.0,20.0,1.0,0.0,0.0,0.0,0.0,0.0
752,36.2829475402832,-0.0,0.0,-0.0,36.2829475402832,0.14461158215999603,9.451642990112305,2.2983975410461426,-0.0,0.0,0.0,0.0,0.0,0.0,0.0,0.0,0.0,0.0,0.0,0.0,0.023000000044703484,0.023000000044703484,0.02,0.15,0.0,0.0,0.0,0.0,0.0,0.0,0.0,0.0,0.0,0.0,0.0,0.0,0.2552846074104309,0.09853734076023102,0.001403773772835848,8.039698600769043,186,nan,-1.0,True,,False,0.010050058364868164,0.0,0.1258549690246582,20.0,20.0,1.0,0.0,0.0,0.0,0.0,0.0
753,57.65477752685547,-0.0,0.0,-0.0,57.65477752685547,0.07121983170509338,9.547784805297852,2.2969727516174316,-0.0,0.0,0.0,0.0,0.0,0.0,0.0,0.0,0.0,0.0,0.0,0.0,0.023000000044703484,0.023000000044703484,0.02,0.15000000000000002,0.0,0.0,0.0,0.0,0.0,0.0,0.0,0.0,0.0,0.0,0.0,0.0,0.255245178937912,0.09859813004732132,0.0013876966479529074,8.039698600769043,186,nan,-1.0,True,,False,0.010050058364868164,0.0,0.1258549690246582,20.0,20.0,1.0,0.0,0.0,0.0,0.0,0.0
754,30.33885383605957,-0.0,0.0,-0.0,30.33885383605957,0.18113167583942413,9.459688186645508,2.292773962020874,-0.0,0.0,0.0,0.0,0.0,0.0,0.0,0.0,0.0,0.0,0.0,0.0,0.023000000044703484,0.023000000044703484,0.02,0.15,0.0,0.0,0.0,0.0,0.0,0.0,0.0,0.0,0.0,0.0,0.0,0.0,0.25520196557044983,0.09866594523191452,0.0013628046890516998,8.039698600769043,186,nan,-1.0,True,,False,0.010050058364868164,0.0,0.1258549690246582,20.0,20.0,1.0,0.0,0.0,0.0,0.0,0.0
755,17.68441390991211,-0.0,0.0,-0.0,17.68441390991211,0.32498908042907715,9.337526321411133,2.2885351181030273,-0.0,0.0,0.0,0.0,0.0,0.0,0.0,0.0,0.0,0.0,0.0,0.0,0.023000000044703484,0.023000000044703484,0.02,0.15,0.0,0.0,0.0,0.0,0.0,0.0,0.0,0.0,0.0,0.0,0.0,0.0,0.2551499009132385,0.09873920679092407,0.0013199504783187876,8.039698600769043,186,nan,-1.0,True,,False,0.010050058364868164,0.0,0.1258549690246582,20.0,20.0,1.0,0.0,0.0,0.0,0.0,0.0
756,12.590465545654297,-0.0,0.0,-0.0,12.590465545654297,0.4364752173423767,9.222583770751953,2.285037040710449,-0.0,0.0,0.0,0.0,0.0,0.0,0.0,0.0,0.0,0.0,0.0,0.0,0.023000000044703484,0.023000000044703484,0.02,0.15,0.0,0.0,0.0,0.0,0.0,0.0,0.0,0.0,0.0,0.0,0.0,0.0,0.2550881803035736,0.09881620109081268,0.001321016882911863,8.039698600769043,186,nan,-1.0,True,,False,0.010050058364868164,0.0,0.1258549690246582,20.0,20.0,1.0,0.0,0.0,0.0,0.0,0.0
757,11.155247688293457,-0.0,0.0,-0.0,11.155247688293457,0.47847509384155273,9.101142883300781,2.2820377349853516,-0.0,0.0,0.0,0.0,0.0,0.0,0.0,0.0,0.0,0.0,0.0,0.0,0.023000000044703484,0.023000000044703484,0.02,0.15,0.0,0.0,0.0,0.0,0.0,0.0,0.0,0.0,0.0,0.0,0.0,0.0,0.2550133168697357,0.09892068058252335,0.0012946173876571265,8.039698600769043,186,nan,-1.0,True,,False,0.010050058364868164,0.0,0.1258549690246582,20.0,20.0,1.0,0.0,0.0,0.0,0.0,0.0
758,9.930191993713379,-0.0,0.0,-0.0,9.930191993713379,0.5203679800033569,9.08022403717041,2.279736042022705,-0.0,0.0,0.0,0.0,0.0,0.0,0.0,0.0,0.0,0.0,0.0,0.0,0.023000000044703484,0.023000000044703484,0.02,0.15,0.0,0.0,0.0,0.0,0.0,0.0,0.0,0.0,0.0,0.0,0.0,0.0,0.2549281120300293,0.09903599321842194,0.0012708602062048158,8.039698600769043,186,nan,-1.0,True,,False,0.010050058364868164,0.0,0.1258549690246582,20.0,20.0,1.0,0.0,0.0,0.0,0.0,0.0
759,8.875691413879395,-0.0,0.0,-0.0,8.875691413879395,0.5621510744094849,9.07762336730957,2.2781758308410645,-0.0,0.0,0.0,0.0,0.0,0.0,0.0,0.0,0.0,0.0,0.0,0.0,0.023000000044703484,0.023000000044703484,0.02,0.15,0.0,0.0,0.0,0.0,0.0,0.0,0.0,0.0,0.0,0.0,0.0,0.0,0.2548351287841797,0.09915582090616226,0.001254619613291652,8.039698600769043,186,nan,-1.0,True,,False,0.010050058364868164,0.0,0.1258549690246582,20.0,20.0,1.0,0.0,0.0,0.0,0.0,0.0
760,8.651285171508789,-0.0,0.0,-0.0,8.651285171508789,0.6018804311752319,9.074166297912598,2.2773609161376953,-0.0,0.0,0.0,0.0,0.0,0.0,0.0,0.0,0.0,0.0,0.0,0.0,0.023000000044703484,0.023000000044703484,0.02,0.15000000000000002,0.0,0.0,0.0,0.0,0.0,0.0,0.0,0.0,0.0,0.0,0.0,0.0,0.25473544001579285,0.09929153323173523,0.0016692635863364558,8.039698600769043,186,nan,-1.0,True,,False,0.010050058364868164,0.0,0.1258549690246582,20.0,20.0,1.0,0.0,0.0,0.0,0.0,0.0
761,8.643491744995117,-0.0,0.0,-0.0,8.643491744995117,0.6409416198730469,9.069299697875977,2.2774770259857178,-0.0,0.0,0.0,0.0,0.0,0.0,0.0,0.0,0.0,0.0,0.0,0.0,0.023000000044703484,0.023000000044703484,0.02,0.15,0.0,0.0,0.0,0.0,0.0,0.0,0.0,0.0,0.0,0.0,0.0,0.0,0.2546120584011078,0.09947372227907181,0.0017337763570139941,8.039698600769043,186,nan,-1.0,True,,False,0.010050058364868164,0.0,0.1258549690246582,20.0,20.0,1.0,0.0,0.0,0.0,0.0,0.0
762,8.634695053100586,-0.0,0.0,-0.0,8.634695053100586,0.6701133251190186,9.063276290893555,2.278445243835449,-0.0,0.0,0.0,0.0,0.0,0.0,0.0,0.0,0.0,0.0,0.0,0.0,0.023000000044703484,0.023000000044703484,0.02,0.15,0.0,0.0,0.0,0.0,0.0,0.0,0.0,0.0,0.0,0.0,0.0,0.0,0.25445494055747986,0.0994887724518776,0.001916581399655115,8.039698600769043,186,nan,-1.0,True,,False,0.010050058364868164,0.0,0.1258549690246582,20.0,20.0,1.0,0.0,0.0,0.0,0.0,0.0
763,8.6259126663208,-0.0,0.0,-0.0,8.6259126663208,0.5911199450492859,9.055867195129395,2.2800722122192383,-0.0,0.0,0.0,0.0,0.0,0.0,0.0,0.0,0.0,0.0,0.0,0.0,0.023000000044703484,0.023000000044703484,0.02,0.15,0.0,0.0,0.0,0.0,0.0,0.0,0.0,0.0,0.0,0.0,0.0,0.0,0.25429636240005493,0.09950592368841171,0.0022335491003104835,8.039698600769043,186,nan,-1.0,True,,False,0.010050058364868164,0.0,0.1258549690246582,20.0,20.0,1.0,0.0,0.0,0.0,0.0,0.0
764,11.367324829101562,-0.0,0.0,-0.0,11.367324829101562,0.4714016318321228,9.047551155090332,2.281860113143921,-0.0,0.0,0.0,0.0,0.0,0.0,0.0,0.0,0.0,0.0,0.0,0.0,0.023000000044703484,0.023000000044703484,0.02,0.15,0.0,0.0,0.0,0.0,0.0,0.0,0.0,0.0,0.0,0.0,0.0,0.0,0.25409775972366333,0.09952530264854431,0.0019066008853769745,8.039698600769043,186,nan,-1.0,True,,False,0.010050058364868164,0.0,0.1258549690246582,20.0,20.0,1.0,0.0,0.0,0.0,0.0,0.0
765,15.410842895507812,-0.0,0.0,-0.0,15.410842895507812,0.36713963747024536,9.038089752197266,2.2840473651885986,-0.0,0.0,0.0,0.0,0.0,0.0,0.0,0.0,0.0,0.0,0.0,0.0,0.023000000044703484,0.023000000044703484,0.02,0.15,0.0,0.0,0.0,0.0,0.0,0.0,0.0,0.0,0.0,0.0,0.0,0.0,0.25385957956314087,0.099542535841465,0.0018662702580058976,8.039698600769043,186,nan,-1.0,True,,False,0.010050058364868164,0.0,0.1258549690246582,20.0,20.0,1.0,0.0,0.0,0.0,0.0,0.0
766,22.251070022583008,-0.0,0.0,-0.0,22.251070022583008,0.25725430250167847,9.027557373046875,2.2866861820220947,-0.0,0.0,0.0,0.0,0.0,0.0,0.0,0.0,0.0,0.0,0.0,0.0,0.023000000044703484,0.023000000044703484,0.02,0.15,0.0,0.0,0.0,0.0,0.0,0.0,0.0,0.0,0.0,0.0,0.0,0.0,0.25360584259033203,0.09955767542123795,0.0018402381713258364,8.039698600769043,186,nan,-1.0,True,,False,0.010050058364868164,0.0,0.1258549690246582,20.0,20.0,1.0,0.0,0.0,0.0,0.0,0.0
767,36.01523208618164,-0.0,0.0,-0.0,36.01523208618164,0.14465907216072083,9.016220092773438,2.2896981239318848,-0.0,0.0,0.0,0.0,0.0,0.0,0.0,0.0,0.0,0.0,0.0,0.0,0.023000000044703484,0.023000000044703484,0.02,0.15,0.0,0.0,0.0,0.0,0.0,0.0,0.0,0.0,0.0,0.0,0.0,0.0,0.25335046648979187,0.09954673796892166,0.001814966391066264,8.039698600769043,186,nan,-1.0,True,,False,0.010050058364868164,0.0,0.1258549690246582,20.0,20.0,1.0,0.0,0.0,0.0,0.0,0.0
768,91.96197509765625,-0.0,0.0,-0.0,91.96197509765625,0.02902529016137123,9.003287315368652,2.2930963039398193,-0.0,0.0,0.0,0.0,0.0,0.0,0.0,0.0,0.0,0.0,0.0,0.0,0.023000000044703484,0.023000000044703484,0.02,0.15,0.0,0.0,0.0,0.0,0.0,0.0,0.0,0.0,0.0,0.0,0.0,0.0,0.25309237837791443,0.09956933557987213,0.0017813062956975045,8.039698600769043,186,nan,-1.0,True,,False,0.010050058364868164,0.0,0.1258549690246582,20.0,20.0,1.0,0.0,0.0,0.0,0.0,0.0
769,74.30352020263672,-0.0,0.0,-0.0,74.30352020263672,0.04495469480752945,8.989596366882324,2.295220136642456,-0.0,0.0,0.0,0.0,0.0,0.0,0.0,0.0,0.0,0.0,0.0,0.0,0.023000000044703484,0.023000000044703484,0.02,0.15,0.0,0.0,0.0,0.0,0.0,0.0,0.0,0.0,0.0,0.0,0.0,0.0,0.25295519828796387,0.09959277510643005,0.0013619281403407513,8.039698600769043,186,nan,-1.0,True,,False,0.010050058364868164,0.0,0.1258549690246582,20.0,20.0,1.0,0.0,0.0,0.0,0.0,0.0
770,50.579864501953125,-0.0,0.0,-0.0,50.579864501953125,0.08832333236932755,8.975075721740723,2.2959673404693604,-0.0,0.0,0.0,0.0,0.0,0.0,0.0,0.0,0.0,0.0,0.0,0.0,0.023000000044703484,0.023000000044703484,0.02,0.15,0.0,0.0,0.0,0.0,0.0,0.0,0.0,0.0,0.0,0.0,0.0,0.0,0.25285735726356506,0.099605493247509,0.0013731693284171342,8.039698600769043,186,nan,-1.0,True,,False,0.010050058364868164,0.0,0.1258549690246582,20.0,20.0,1.0,0.0,0.0,0.0,0.0,0.0
771,30.861732482910156,-0.0,0.0,-0.0,30.861732482910156,0.17770163714885712,8.959654808044434,2.2965497970581055,-0.0,0.0,0.0,0.0,0.0,0.0,0.0,0.0,0.0,0.0,0.0,0.0,0.023000000044703484,0.023000000044703484,0.02,0.15,0.0,0.0,0.0,0.0,0.0,0.0,0.0,0.0,0.0,0.0,0.0,0.0,0.2527483105659485,0.09961318969726562,0.0016099460610803362,8.039698600769043,186,nan,-1.0,True,,False,0.010050058364868164,0.0,0.1258549690246582,20.0,20.0,1.0,0.0,0.0,0.0,0.0,0.0
772,25.149524688720703,-0.0,0.0,-0.0,25.149524688720703,0.22669407725334167,8.942758560180664,2.297518253326416,-0.0,0.0,0.0,0.0,0.0,0.0,0.0,0.0,0.0,0.0,0.0,0.0,0.023000000044703484,0.023000000044703484,0.02,0.15000000000000002,0.0,0.0,0.0,0.0,0.0,0.0,0.0,0.0,0.0,0.0,0.0,0.0,0.2526472508907318,0.09962056577205658,0.0016276350893349445,8.039698600769043,186,nan,-1.0,True,,False,0.010050058364868164,0.0,0.1258549690246582,20.0,20.0,1.0,0.0,0.0,0.0,0.0,0.0
773,23.89043426513672,-0.0,0.0,-0.0,23.89043426513672,0.2401716262102127,8.925212860107422,2.298832893371582,-0.0,0.0,0.0,0.0,0.0,0.0,0.0,0.0,0.0,0.0,0.0,0.0,0.023000000044703484,0.023000000044703484,0.02,0.15000000000000002,0.0,0.0,0.0,0.0,0.0,0.0,0.0,0.0,0.0,0.0,0.0,0.0,0.25258299708366394,0.09962742775678635,0.0014587975388167251,8.039698600769043,186,nan,-1.0,True,,False,0.010050058364868164,0.0,0.1258549690246582,20.0,20.0,1.0,0.0,0.0,0.0,0.0,0.0
774,27.9415283203125,-0.0,0.0,-0.0,27.9415283203125,0.20082254707813263,8.907149314880371,2.300633668899536,-0.0,0.0,0.0,0.0,0.0,0.0,0.0,0.0,0.0,0.0,0.0,0.0,0.023000000044703484,0.023000000044703484,0.02,0.15,0.0,0.0,0.0,0.0,0.0,0.0,0.0,0.0,0.0,0.0,0.0,0.0,0.2525135576725006,0.09963387250900269,0.0014265125951169466,8.039698600769043,186,nan,-1.0,True,,False,0.010050058364868164,0.0,0.1258549690246582,20.0,20.0,1.0,0.0,0.0,0.0,0.0,0.0
775,32.509212493896484,-0.0,0.0,-0.0,32.509212493896484,0.16676035523414612,8.887767791748047,2.3029403686523438,-0.0,0.0,0.0,0.0,0.0,0.0,0.0,0.0,0.0,0.0,0.0,0.0,0.023000000044703484,0.023000000044703484,0.02,0.15000000000000002,0.0,0.0,0.0,0.0,0.0,0.0,0.0,0.0,0.0,0.0,0.0,0.0,0.2524343430995941,0.0994691550731659,0.001409875258559623,8.039698600769043,186,nan,-1.0,True,,False,0.010050058364868164,0.0,0.1258549690246582,20.0,20.0,1.0,0.0,0.0,0.0,0.0,0.0
776,37.24147033691406,-0.0,0.0,-0.0,37.24147033691406,0.13950839638710022,8.8672456741333,2.305769920349121,-0.0,0.0,0.0,0.0,0.0,0.0,0.0,0.0,0.0,0.0,0.0,0.0,0.023000000044703484,0.023000000044703484,0.02,0.15,0.0,0.0,0.0,0.0,0.0,0.0,0.0,0.0,0.0,0.0,0.0,0.0,0.2523330748081207,0.09897203743457794,0.0014208977881935425,8.039698600769043,186,nan,-1.0,True,,False,0.010050058364868164,0.0,0.1258549690246582,20.0,20.0,1.0,0.0,0.0,0.0,0.0,0.0
777,42.355960845947266,-0.0,0.0,-0.0,42.355960845947266,0.11654256284236908,8.846172332763672,2.30905818939209,-0.0,0.0,0.0,0.0,0.0,0.0,0.0,0.0,0.0,0.0,0.0,0.0,0.023000000044703484,0.023000000044703484,0.02,0.15,0.0,0.0,0.0,0.0,0.0,0.0,0.0,0.0,0.0,0.0,0.0,0.0,0.2522223889827728,0.09864766895771027,0.001452530376809591,8.039698600769043,186,nan,-1.0,True,,False,0.010050058364868164,0.0,0.1258549690246582,20.0,20.0,1.0,0.0,0.0,0.0,0.0,0.0
778,48.53877639770508,-0.0,0.0,-0.0,48.53877639770508,0.09510703384876251,8.8245267868042,2.3127970695495605,-0.0,0.0,0.0,0.0,0.0,0.0,0.0,0.0,0.0,0.0,0.0,0.0,0.023000000044703484,0.023000000044703484,0.02,0.15000000000000002,0.0,0.0,0.0,0.0,0.0,0.0,0.0,0.0,0.0,0.0,0.0,0.0,0.25208327174186707,0.09841737896203995,0.0014753277314412117,8.039698600769043,186,nan,-1.0,True,,False,0.010050058364868164,0.0,0.1258549690246582,20.0,20.0,1.0,0.0,0.0,0.0,0.0,0.0
779,56.401676177978516,-0.0,0.0,-0.0,56.401676177978516,0.07476218044757843,8.801530838012695,2.316904067993164,-0.0,0.0,0.0,0.0,0.0,0.0,0.0,0.0,0.0,0.0,0.0,0.0,0.023000000044703484,0.023000000044703484,0.02,0.15,0.0,0.0,0.0,0.0,0.0,0.0,0.0,0.0,0.0,0.0,0.0,0.0,0.25189515948295593,0.0983140617609024,0.0015234771237828681,8.039698600769043,186,nan,-1.0,True,,False,0.010050058364868164,0.0,0.1258549690246582,20.0,20.0,1.0,0.0,0.0,0.0,0.0,0.0
780,67.81599426269531,-0.0,0.0,-0.0,67.81599426269531,0.05421066656708717,8.777932167053223,2.3213541507720947,-0.0,0.0,0.0,0.0,0.0,0.0,0.0,0.0,0.0,0.0,0.0,0.0,0.023000000044703484,0.023000000044703484,0.02,0.15,0.0,0.0,0.0,0.0,0.0,0.0,0.0,0.0,0.0,0.0,0.0,0.0,0.251704603433609,0.09829872846603394,0.0015681052655054373,8.039698600769043,186,nan,-1.0,True,,False,0.010050058364868164,0.0,0.1258549690246582,20.0,20.0,1.0,0.0,0.0,0.0,0.0,0.0
781,88.05107116699219,-0.0,0.0,-0.0,88.05107116699219,0.03255368769168854,8.753524780273438,2.326136589050293,-0.0,0.0,0.0,0.0,0.0,0.0,0.0,0.0,0.0,0.0,0.0,0.0,0.023000000044703484,0.023000000044703484,0.02,0.15,0.0,0.0,0.0,0.0,0.0,0.0,0.0,0.0,0.0,0.0,0.0,0.0,0.25151053071022034,0.09834811091423035,0.0016568248975090683,8.039698600769043,186,nan,-1.0,True,,False,0.010050058364868164,0.0,0.1258549690246582,20.0,20.0,1.0,0.0,0.0,0.0,0.0,0.0
782,186.45132446289062,-0.0,0.0,-0.0,186.45132446289062,0.004851764068007469,8.728594779968262,2.3312535285949707,-0.0,0.0,0.0,0.0,0.0,0.0,0.0,0.0,0.0,0.0,0.0,0.0,0.023000000044703484,0.023000000044703484,0.02,0.15,0.0,0.0,0.0,0.0,0.0,0.0,0.0,0.0,0.0,0.0,0.0,0.0,0.25131914019584656,0.09844762831926346,0.0017877719271837123,8.039698600769043,186,nan,-1.0,True,,False,0.010050058364868164,0.0,0.1258549690246582,20.0,20.0,1.0,0.0,0.0,0.0,0.0,0.0
783,105.03421783447266,-0.0,0.0,-0.0,105.03421783447266,0.022258013486862183,8.702369689941406,2.3343703746795654,-0.0,0.0,0.0,0.0,0.0,0.0,0.0,0.0,0.0,0.0,0.0,0.0,0.023000000044703484,0.023000000044703484,0.02,0.15,0.0,0.0,0.0,0.0,0.0,0.0,0.0,0.0,0.0,0.0,0.0,0.0,0.2511354386806488,0.09858597815036774,0.001931270071054314,8.039698600769043,186,nan,-1.0,True,,False,0.010050058364868164,0.0,0.1258549690246582,20.0,20.0,1.0,0.0,0.0,0.0,0.0,0.0
784,77.66985321044922,-0.0,0.0,-0.0,77.66985321044922,0.04230726882815361,8.67439079284668,2.337631940841675,-0.0,0.0,0.0,0.0,0.0,0.0,0.0,0.0,0.0,0.0,0.0,0.0,0.023000000044703484,0.023000000044703484,0.019999999999999997,0.15000000000000002,0.0,0.0,0.0,0.0,0.0,0.0,0.0,0.0,0.0,0.0,0.0,0.0,0.25091543793678284,0.09875109791755676,0.0005260592024569632,8.039698600769043,186,nan,-1.0,True,,False,0.010050058364868164,0.0,0.1258549690246582,20.0,20.0,1.0,0.0,0.0,0.0,0.0,0.0
785,98.88810729980469,-0.0,0.0,-0.0,98.88810729980469,0.02543524280190468,8.64609146118164,2.3411269187927246,-0.0,0.0,0.0,0.0,0.0,0.0,0.0,0.0,0.0,0.0,0.0,0.0,0.023000000044703484,0.023000000044703484,0.02,0.15,0.0,0.0,0.0,0.0,0.0,0.0,0.0,0.0,0.0,0.0,0.0,0.0,0.25070425868034363,0.09893375635147095,0.0005317975305842992,8.039698600769043,186,nan,-1.0,True,,False,0.010050058364868164,0.0,0.1258549690246582,20.0,20.0,1.0,0.0,0.0,0.0,0.0,0.0
786,132.37001037597656,-0.0,0.0,-0.0,132.37001037597656,0.012645157985389233,8.61680793762207,2.3449156284332275,-0.0,0.0,0.0,0.0,0.0,0.0,0.0,0.0,0.0,0.0,0.0,0.0,0.023000000044703484,0.023000000044703484,0.02,0.15,0.0,0.0,0.0,0.0,0.0,0.0,0.0,0.0,0.0,0.0,0.0,0.0,0.2505013942718506,0.09910955280065536,0.0005628014005196746,8.039698600769043,186,nan,-1.0,True,,False,0.010050058364868164,0.0,0.1258549690246582,20.0,20.0,1.0,0.0,0.0,0.0,0.0,0.0
787,187.1383514404297,-0.0,0.0,-0.0,187.1383514404297,0.004784630611538887,8.586726188659668,2.34902286529541,-0.0,0.0,0.0,0.0,0.0,0.0,0.0,0.0,0.0,0.0,0.0,0.0,0.023000000044703484,0.023000000044703484,0.02,0.15,0.0,0.0,0.0,0.0,0.0,0.0,0.0,0.0,0.0,0.0,0.0,0.0,0.2503083050251007,0.09908146411180496,0.0006234363668227161,8.039698600769043,186,nan,-1.0,True,,False,0.010050058364868164,0.0,0.1258549690246582,20.0,20.0,1.0,0.0,0.0,0.0,0.0,0.0
788,228.1202392578125,-0.0,0.0,-0.0,228.1202392578125,0.0025364854373037815,8.555624008178711,2.353834867477417,-0.0,0.0,0.0,0.0,0.0,0.0,0.0,0.0,0.0,0.0,0.0,0.0,0.023000000044703484,0.023000000044703484,0.02,0.15,0.0,0.0,0.0,0.0,0.0,0.0,0.0,0.0,0.0,0.0,0.0,0.0,0.2500990629196167,0.09882967919111252,0.0006957803807381424,8.039698600769043,186,nan,-1.0,True,,False,0.010050058364868164,0.0,0.1258549690246582,20.0,20.0,1.0,0.0,0.0,0.0,0.0,0.0
789,172.92593383789062,-0.0,0.0,-0.0,172.92593383789062,0.006095105782151222,8.523283004760742,2.3591465950012207,-0.0,0.0,0.0,0.0,0.0,0.0,0.0,0.0,0.0,0.0,0.0,0.0,0.023000000044703484,0.023000000044703484,0.020000000000000004,0.15,0.0,0.0,0.0,0.0,0.0,0.0,0.0,0.0,0.0,0.0,0.0,0.0,0.24988126754760742,0.09850119054317474,0.000764043597428099,8.039698600769043,186,nan,-1.0,True,,False,0.010050058364868164,0.0,0.1258549690246582,20.0,20.0,1.0,0.0,0.0,0.0,0.0,0.0
790,123.75965881347656,-0.0,0.0,-0.0,123.75965881347656,0.015161395072937012,8.490108489990234,2.3647825717926025,-0.0,0.0,0.0,0.0,0.0,0.0,0.0,0.0,0.0,0.0,0.0,0.0,0.023000000044703484,0.023000000044703484,0.02,0.15,0.0,0.0,0.0,0.0,0.0,0.0,0.0,0.0,0.0,0.0,0.0,0.0,0.24965517222881317,0.09823159128427505,0.0008262999772341573,8.039698600769043,186,nan,-1.0,True,,False,0.010050058364868164,0.0,0.1258549690246582,20.0,20.0,1.0,0.0,0.0,0.0,0.0,0.0
791,101.64453125,-0.0,0.0,-0.0,101.64453125,0.02434324286878109,8.471635818481445,2.3707761764526367,-0.0,0.0,0.0,0.0,0.0,0.0,0.0,0.0,0.0,0.0,0.0,0.0,0.023000000044703484,0.023000000044703484,0.02,0.15,0.0,0.0,0.0,0.0,0.0,0.0,0.0,0.0,0.0,0.0,0.0,0.0,0.24939711391925812,0.09800785034894943,0.0032654772326168313,8.039698600769043,186,nan,-1.0,True,,False,0.010050058364868164,0.0,0.1258549690246582,20.0,20.0,1.0,0.0,0.0,0.0,0.0,0.0
792,78.1644515991211,-0.0,0.0,-0.0,78.1644515991211,0.042624276131391525,8.500543594360352,2.3763644695281982,-0.0,0.0,0.0,0.0,0.0,0.0,0.0,0.0,0.0,0.0,0.0,0.0,0.023000000044703484,0.023000000044703484,0.02,0.15,0.0,0.0,0.0,0.0,0.0,0.0,0.0,0.0,0.0,0.0,0.0,0.0,0.2491479367017746,0.09782712161540985,0.0008952217940532137,8.039698600769043,186,nan,-1.0,True,,False,0.010050058364868164,0.0,0.1258549690246582,20.0,20.0,1.0,0.0,0.0,0.0,0.0,0.0
793,116.57737731933594,-0.0,0.0,-0.0,116.57737731933594,0.017699427902698517,8.529579162597656,2.380096912384033,-0.0,0.0,0.0,0.0,0.0,0.0,0.0,0.0,0.0,0.0,0.0,0.0,0.023000000044703484,0.023000000044703484,0.020000000000000004,0.14999999999999997,0.0,0.0,0.0,0.0,0.0,0.0,0.0,0.0,0.0,0.0,0.0,0.0,0.24889612197875977,0.09768632054328918,0.0015937551004299166,8.039698600769043,186,nan,-1.0,True,,False,0.010050058364868164,0.0,0.1258549690246582,20.0,20.0,1.0,0.0,0.0,0.0,0.0,0.0
794,108.81123352050781,-0.0,0.0,-0.0,108.81123352050781,0.020816311240196228,8.556098937988281,2.381828784942627,-0.0,0.0,0.0,0.0,0.0,0.0,0.0,0.0,0.0,0.0,0.0,0.0,0.023000000044703484,0.023000000044703484,0.02,0.15,0.0,0.0,0.0,0.0,0.0,0.0,0.0,0.0,0.0,0.0,0.0,0.0,0.24859724938869476,0.09759555011987686,0.0015601053730733838,8.039698600769043,186,nan,-1.0,True,,False,0.010050058364868164,0.0,0.1258549690246582,20.0,20.0,1.0,0.0,0.0,0.0,0.0,0.0
795,66.82937622070312,-0.0,0.0,-0.0,66.82937622070312,0.05722225457429886,8.567728042602539,2.3820860385894775,-0.0,0.0,0.0,0.0,0.0,0.0,0.0,0.0,0.0,0.0,0.0,0.0,0.023000000044703484,0.023000000044703484,0.02,0.15,0.0,0.0,0.0,0.0,0.0,0.0,0.0,0.0,0.0,0.0,0.0,0.0,0.24822616577148438,0.09754244983196259,0.0015434025963259046,8.039698600769043,186,nan,-1.0,True,,False,0.010050058364868164,0.0,0.1258549690246582,20.0,20.0,1.0,0.0,0.0,0.0,0.0,0.0
796,49.59760665893555,-0.0,0.0,-0.0,49.59760665893555,0.09519387781620026,8.579030990600586,2.382854461669922,-0.0,0.0,0.0,0.0,0.0,0.0,0.0,0.0,0.0,0.0,0.0,0.0,0.023000000044703484,0.023000000044703484,0.02,0.15,0.0,0.0,0.0,0.0,0.0,0.0,0.0,0.0,0.0,0.0,0.0,0.0,0.24784062802791595,0.09752238541841507,0.0014600906679334003,8.039698600769043,186,nan,-1.0,True,,False,0.010050058364868164,0.0,0.1258549690246582,20.0,20.0,1.0,0.0,0.0,0.0,0.0,0.0
797,61.55625534057617,-0.0,0.0,-0.0,61.55625534057617,0.06626474857330322,8.589879035949707,2.383960485458374,-0.0,0.0,0.0,0.0,0.0,0.0,0.0,0.0,0.0,0.0,0.0,0.0,0.023000000044703484,0.023000000044703484,0.020000000000000004,0.15,0.0,0.0,0.0,0.0,0.0,0.0,0.0,0.0,0.0,0.0,0.0,0.0,0.24745619297027588,0.09753444045782089,0.0014507745747778245,8.039698600769043,186,nan,-1.0,True,,False,0.010050058364868164,0.0,0.1258549690246582,20.0,20.0,1.0,0.0,0.0,0.0,0.0,0.0
798,82.77833557128906,-0.0,0.0,-0.0,82.77833557128906,0.03776498883962631,8.600396156311035,2.3853423595428467,-0.0,0.0,0.0,0.0,0.0,0.0,0.0,0.0,0.0,0.0,0.0,0.0,0.023000000044703484,0.023000000044703484,0.02,0.14999999999999997,0.0,0.0,0.0,0.0,0.0,0.0,0.0,0.0,0.0,0.0,0.0,0.0,0.2470742017030716,0.09757748991250992,0.0014375448440659966,8.039698600769043,186,nan,-1.0,True,,False,0.010050058364868164,0.0,0.1258549690246582,20.0,20.0,1.0,0.0,0.0,0.0,0.0,0.0
799,147.33853149414062,-0.0,0.0,-0.0,147.33853149414062,0.00968155637383461,8.61054515838623,2.3869948387145996,-0.0,0.0,0.0,0.0,0.0,0.0,0.0,0.0,0.0,0.0,0.0,0.0,0.023000000044703484,0.023000000044703484,0.02,0.15,0.0,0.0,0.0,0.0,0.0,0.0,0.0,0.0,0.0,0.0,0.0,0.0,0.24669519066810608,0.09764989465475082,0.0014138876329070627,8.039698600769043,186,nan,-1.0,True,,False,0.010050058364868164,0.0,0.1258549690246582,20.0,20.0,1.0,0.0,0.0,0.0,0.0,0.0
800,80.95178985595703,-0.0,0.0,-0.0,80.95178985595703,0.03952847421169281,8.681893348693848,2.38813853263855,-0.0,0.0,0.0,0.0,0.0,0.0,0.0,0.0,0.0,0.0,0.0,0.0,0.023000000044703484,0.023000000044703484,0.02,0.15,0.0,0.0,0.0,0.0,0.0,0.0,0.0,0.0,0.0,0.0,0.0,0.0,0.2463204711675644,0.09774916619062424,0.001396095742848047,8.039698600769043,186,nan,-1.0,True,,False,0.010050058364868164,0.0,0.1258549690246582,20.0,20.0,1.0,0.0,0.0,0.0,0.0,0.0
801,48.37797927856445,-0.0,0.0,-0.0,48.37797927856445,0.09886262565851212,8.764028549194336,2.3891639709472656,-0.0,0.0,0.0,0.0,0.0,0.0,0.0,0.0,0.0,0.0,0.0,0.0,0.023000000044703484,0.023000000044703484,0.019999999999999997,0.15,0.0,0.0,0.0,0.0,0.0,0.0,0.0,0.0,0.0,0.0,0.0,0.0,0.24598713219165802,0.09787190705537796,0.0013826710603552783,8.039698600769043,186,nan,-1.0,True,,False,0.010050058364868164,0.0,0.1258549690246582,20.0,20.0,1.0,0.0,0.0,0.0,0.0,0.0
802,35.23721694946289,-0.0,0.0,-0.0,35.23721694946289,0.15651096403598785,8.845645904541016,2.3904361724853516,-0.0,0.0,0.0,0.0,0.0,0.0,0.0,0.0,0.0,0.0,0.0,0.0,0.023000000044703484,0.023000000044703484,0.02,0.15,0.0,0.0,0.0,0.0,0.0,0.0,0.0,0.0,0.0,0.0,0.0,0.0,0.2457253485918045,0.09801363945007324,0.001381748103085556,8.039698600769043,186,nan,-1.0,True,,False,0.010050058364868164,0.0,0.1258549690246582,20.0,20.0,1.0,0.0,0.0,0.0,0.0,0.0
803,34.7701530456543,-0.0,0.0,-0.0,34.7701530456543,0.15935447812080383,8.926393508911133,2.3919131755828857,-0.0,0.0,0.0,0.0,0.0,0.0,0.0,0.0,0.0,0.0,0.0,0.0,0.023000000044703484,0.023000000044703484,0.02,0.15,0.0,0.0,0.0,0.0,0.0,0.0,0.0,0.0,0.0,0.0,0.0,0.0,0.24546067416667938,0.09816902875900269,0.002895356743465527,8.039698600769043,186,nan,-1.0,True,,False,0.010050058364868164,0.0,0.1258549690246582,20.0,20.0,1.0,0.0,0.0,0.0,0.0,0.0
804,35.36986541748047,-0.0,0.0,-0.0,35.36986541748047,0.155885711312294,9.006974220275879,2.3935189247131348,-0.0,0.0,0.0,0.0,0.0,0.0,0.0,0.0,0.0,0.0,0.0,0.0,0.023000000044703484,0.023000000044703484,0.02,0.15,0.0,0.0,0.0,0.0,0.0,0.0,0.0,0.0,0.0,0.0,0.0,0.0,0.2452239990234375,0.09833241999149323,0.002736985594538055,8.039698600769043,186,nan,-1.0,True,,False,0.010050058364868164,0.0,0.1258549690246582,20.0,20.0,1.0,0.0,0.0,0.0,0.0,0.0
805,35.290611267089844,-0.0,0.0,-0.0,35.290611267089844,0.15660247206687927,9.087265014648438,2.395219326019287,-0.0,0.0,0.0,0.0,0.0,0.0,0.0,0.0,0.0,0.0,0.0,0.0,0.023000000044703484,0.023000000044703484,0.019999999999999997,0.15,0.0,0.0,0.0,0.0,0.0,0.0,0.0,0.0,0.0,0.0,0.0,0.0,0.24501991271972656,0.09849797934293747,0.0025174692159453116,8.039698600769043,186,nan,-1.0,True,,False,0.010050058364868164,0.0,0.1258549690246582,20.0,20.0,1.0,0.0,0.0,0.0,0.0,0.0
806,34.52564239501953,-0.0,0.0,-0.0,34.52564239501953,0.1616780161857605,9.166647911071777,2.396979570388794,-0.0,0.0,0.0,0.0,0.0,0.0,0.0,0.0,0.0,0.0,0.0,0.0,0.023000000044703484,0.023000000044703484,0.02,0.15,0.0,0.0,0.0,0.0,0.0,0.0,0.0,0.0,0.0,0.0,0.0,0.0,0.24485312402248383,0.09866058826446533,0.0022932546837637346,8.039698600769043,186,nan,-1.0,True,,False,0.010050058364868164,0.0,0.1258549690246582,20.0,20.0,1.0,0.0,0.0,0.0,0.0,0.0
807,54.41191864013672,-0.0,0.0,-0.0,54.41191864013672,0.08246030658483505,9.245357513427734,2.398777484893799,-0.0,0.0,0.0,0.0,0.0,0.0,0.0,0.0,0.0,0.0,0.0,0.0,0.023000000044703484,0.023000000044703484,0.02,0.15,0.0,0.0,0.0,0.0,0.0,0.0,0.0,0.0,0.0,0.0,0.0,0.0,0.24472558498382568,0.09881599992513657,0.0011022340531781083,8.039698600769043,186,nan,-1.0,True,,False,0.010050058364868164,0.0,0.1258549690246582,20.0,20.0,1.0,0.0,0.0,0.0,0.0,0.0
808,98.55403137207031,-0.0,0.0,-0.0,98.55403137207031,0.026312783360481262,9.322031021118164,2.4003844261169434,-0.0,0.0,0.0,0.0,0.0,0.0,0.0,0.0,0.0,0.0,0.0,0.0,0.023000000044703484,0.023000000044703484,0.02,0.15,0.0,0.0,0.0,0.0,0.0,0.0,0.0,0.0,0.0,0.0,0.0,0.0,0.24461475014686584,0.09896105527877808,0.0011729971538443351,8.039698600769043,186,nan,-1.0,True,,False,0.010050058364868164,0.0,0.1258549690246582,20.0,20.0,1.0,0.0,0.0,0.0,0.0,0.0
809,269.2444763183594,-0.0,0.0,-0.0,269.2444763183594,0.001444817055016756,9.397336959838867,2.4011318683624268,-0.0,0.0,0.0,0.0,0.0,0.0,0.0,0.0,0.0,0.0,0.0,0.0,0.023000000044703484,0.023000000044703484,0.02,0.15,0.0,0.0,0.0,0.0,0.0,0.0,0.0,0.0,0.0,0.0,0.0,0.0,0.24450848996639252,0.09909379482269287,0.0015678857030252402,8.039698600769043,186,nan,-1.0,True,,False,0.010050058364868164,0.0,0.1258549690246582,20.0,20.0,1.0,0.0,0.0,0.0,0.0,0.0
810,68.5762710571289,-0.0,0.0,-0.0,68.5762710571289,0.05503641813993454,9.474335670471191,2.4012975692749023,-0.0,0.0,0.0,0.0,0.0,0.0,0.0,0.0,0.0,0.0,0.0,0.0,0.023000000044703484,0.023000000044703484,0.02,0.15000000000000002,0.0,0.0,0.0,0.0,0.0,0.0,0.0,0.0,0.0,0.0,0.0,0.0,0.2444419413805008,0.09921327978372574,0.0016327116682077758,8.039698600769043,186,nan,-1.0,True,,False,0.010050058364868164,0.0,0.1258549690246582,20.0,20.0,1.0,0.0,0.0,0.0,0.0,0.0
811,128.05393981933594,-0.0,0.0,-0.0,128.05393981933594,0.014085760340094566,9.553058624267578,2.401329517364502,-0.0,0.0,0.0,0.0,0.0,0.0,0.0,0.0,0.0,0.0,0.0,0.0,0.023000000044703484,0.023000000044703484,0.02,0.15,0.0,0.0,0.0,0.0,0.0,0.0,0.0,0.0,0.0,0.0,0.0,0.0,0.2444157600402832,0.09929418563842773,0.0008877609993760416,8.039698600769043,186,nan,-1.0,True,,False,0.010050058364868164,0.0,0.1258549690246582,20.0,20.0,1.0,0.0,0.0,0.0,0.0,0.0
812,49.95933151245117,-0.0,0.0,-0.0,49.95933151245117,0.0944594144821167,9.631630897521973,2.400712490081787,-0.0,0.0,0.0,0.0,0.0,0.0,0.0,0.0,0.0,0.0,0.0,0.0,0.023000000044703484,0.023000000044703484,0.02,0.15,0.0,0.0,0.0,0.0,0.0,0.0,0.0,0.0,0.0,0.0,0.0,0.0,0.24439774453639984,0.0992935299873352,0.0015284281198546523,8.039698600769043,186,nan,-1.0,True,,False,0.010050058364868164,0.0,0.1258549690246582,20.0,20.0,1.0,0.0,0.0,0.0,0.0,0.0
813,33.338008880615234,-0.0,0.0,-0.0,33.338008880615234,0.16888093948364258,9.710891723632812,2.4003312587738037,-0.0,0.0,0.0,0.0,0.0,0.0,0.0,0.0,0.0,0.0,0.0,0.0,0.023000000044703484,0.023000000044703484,0.02,0.15,0.0,0.0,0.0,0.0,0.0,0.0,0.0,0.0,0.0,0.0,0.0,0.0,0.24440370500087738,0.09929335862398148,0.0017068454717446002,8.039698600769043,186,nan,-1.0,True,,False,0.010050058364868164,0.0,0.1258549690246582,20.0,20.0,1.0,0.0,0.0,0.0,0.0,0.0
814,26.792795181274414,-0.0,0.0,-0.0,26.792795181274414,0.22101068496704102,9.790801048278809,2.40087628364563,-0.0,0.0,0.0,0.0,0.0,0.0,0.0,0.0,0.0,0.0,0.0,0.0,0.023000000044703484,0.023000000044703484,0.02,0.15000000000000002,0.0,0.0,0.0,0.0,0.0,0.0,0.0,0.0,0.0,0.0,0.0,0.0,0.24441440403461456,0.09929364174604416,0.0016314938438881654,8.039698600769043,186,nan,-1.0,True,,False,0.010050058364868164,0.0,0.1258549690246582,20.0,20.0,1.0,0.0,0.0,0.0,0.0,0.0
815,23.14333724975586,-0.0,0.0,-0.0,23.14333724975586,0.2607177495956421,9.871317863464355,2.402095317840576,-0.0,0.0,0.0,0.0,0.0,0.0,0.0,0.0,0.0,0.0,0.0,0.0,0.023000000044703484,0.023000000044703484,0.02,0.15,0.0,0.0,0.0,0.0,0.0,0.0,0.0,0.0,0.0,0.0,0.0,0.0,0.24443815648555756,0.09929443150758743,0.001505812028881337,8.039698600769043,186,nan,-1.0,True,,False,0.010050058364868164,0.0,0.1258549690246582,20.0,20.0,1.0,0.0,0.0,0.0,0.0,0.0
816,20.361894607543945,-0.0,0.0,-0.0,20.361894607543945,0.29859569668769836,9.952230453491211,2.403555393218994,-0.0,0.0,0.0,0.0,0.0,0.0,0.0,0.0,0.0,0.0,0.0,0.0,0.023000000044703484,0.023000000044703484,0.019999999999999997,0.15,0.0,0.0,0.0,0.0,0.0,0.0,0.0,0.0,0.0,0.0,0.0,0.0,0.24447302520275116,0.09929580986499786,0.001396174974161113,8.039698600769043,186,nan,-1.0,True,,False,0.010050058364868164,0.0,0.1258549690246582,20.0,20.0,1.0,0.0,0.0,0.0,0.0,0.0
817,21.781768798828125,-0.0,0.0,-0.0,21.781768798828125,0.2785654664039612,10.033660888671875,2.405258893966675,-0.0,0.0,0.0,0.0,0.0,0.0,0.0,0.0,0.0,0.0,0.0,0.0,0.023000000044703484,0.023000000044703484,0.02,0.15,0.0,0.0,0.0,0.0,0.0,0.0,0.0,0.0,0.0,0.0,0.0,0.0,0.24451760947704315,0.09929783642292023,0.001228426571287855,8.039698600769043,186,nan,-1.0,True,,False,0.010050058364868164,0.0,0.1258549690246582,20.0,20.0,1.0,0.0,0.0,0.0,0.0,0.0
818,24.946796417236328,-0.0,0.0,-0.0,24.946796417236328,0.24046722054481506,10.115971565246582,2.407273769378662,-0.0,0.0,0.0,0.0,0.0,0.0,0.0,0.0,0.0,0.0,0.0,0.0,0.023000000044703484,0.023000000044703484,0.02,0.15,0.0,0.0,0.0,0.0,0.0,0.0,0.0,0.0,0.0,0.0,0.0,0.0,0.24459755420684814,0.09925436973571777,0.0012262109385119402,8.039698600769043,186,nan,-1.0,True,,False,0.010050058364868164,0.0,0.1258549690246582,20.0,20.0,1.0,0.0,0.0,0.0,0.0,0.0
819,28.778274536132812,-0.0,0.0,-0.0,28.778274536132812,0.20384803414344788,10.199483871459961,2.4096157550811768,-0.0,0.0,0.0,0.0,0.0,0.0,0.0,0.0,0.0,0.0,0.0,0.0,0.023000000044703484,0.023000000044703484,0.02,0.15,0.0,0.0,0.0,0.0,0.0,0.0,0.0,0.0,0.0,0.0,0.0,0.0,0.2447468787431717,0.09922359883785248,0.0012228557343405555,8.039698600769043,186,nan,-1.0,True,,False,0.010050058364868164,0.0,0.1258549690246582,20.0,20.0,1.0,0.0,0.0,0.0,0.0,0.0
820,42.04843521118164,-0.0,0.0,-0.0,42.04843521118164,0.12329883128404617,10.28358268737793,2.4122586250305176,-0.0,0.0,0.0,0.0,0.0,0.0,0.0,0.0,0.0,0.0,0.0,0.0,0.023000000044703484,0.023000000044703484,0.02,0.15,0.0,0.0,0.0,0.0,0.0,0.0,0.0,0.0,0.0,0.0,0.0,0.0,0.2448817789554596,0.09920480102300644,0.000737341061267216,8.039698600769043,186,nan,-1.0,True,,False,0.010050058364868164,0.0,0.1258549690246582,20.0,20.0,1.0,0.0,0.0,0.0,0.0,0.0
821,84.22858428955078,-0.0,0.0,-0.0,84.22858428955078,0.0368775874376297,10.369009017944336,2.415127992630005,-0.0,0.0,0.0,0.0,0.0,0.0,0.0,0.0,0.0,0.0,0.0,0.0,0.023000000044703484,0.023000000044703484,0.02,0.15,0.0,0.0,0.0,0.0,0.0,0.0,0.0,0.0,0.0,0.0,0.0,0.0,0.24501216411590576,0.09919633716344833,0.0008035356859181775,8.039698600769043,186,nan,-1.0,True,,False,0.010050058364868164,0.0,0.1258549690246582,20.0,20.0,1.0,0.0,0.0,0.0,0.0,0.0
822,66.22737121582031,-0.0,0.0,-0.0,66.22737121582031,0.058898404240608215,10.455595970153809,2.417645215988159,-0.0,0.0,0.0,0.0,0.0,0.0,0.0,0.0,0.0,0.0,0.0,0.0,0.023000000044703484,0.023000000044703484,0.02,0.15,0.0,0.0,0.0,0.0,0.0,0.0,0.0,0.0,0.0,0.0,0.0,0.0,0.24513757228851318,0.09919671714305878,0.0008511070636814111,8.039698600769043,186,nan,-1.0,True,,False,0.010050058364868164,0.0,0.1258549690246582,20.0,20.0,1.0,0.0,0.0,0.0,0.0,0.0
823,57.73432159423828,-0.0,0.0,-0.0,57.73432159423828,0.07507221400737762,10.544096946716309,2.4199893474578857,-0.0,0.0,0.0,0.0,0.0,0.0,0.0,0.0,0.0,0.0,0.0,0.0,0.023000000044703484,0.023000000044703484,0.02,0.15,0.0,0.0,0.0,0.0,0.0,0.0,0.0,0.0,0.0,0.0,0.0,0.0,0.24527330696582794,0.09920448064804077,0.001224985370754439,8.039698600769043,186,nan,-1.0,True,,False,0.010050058364868164,0.0,0.1258549690246582,20.0,20.0,1.0,0.0,0.0,0.0,0.0,0.0
824,72.04414367675781,-0.0,0.0,-0.0,72.04414367675781,0.05039825662970543,10.632789611816406,2.4225287437438965,-0.0,0.0,0.0,0.0,0.0,0.0,0.0,0.0,0.0,0.0,0.0,0.0,0.023000000044703484,0.023000000044703484,0.02,0.15000000000000002,0.0,0.0,0.0,0.0,0.0,0.0,0.0,0.0,0.0,0.0,0.0,0.0,0.2454797327518463,0.09921830147504807,0.001225533890647057,8.039698600769043,186,nan,-1.0,True,,False,0.010050058364868164,0.0,0.1258549690246582,20.0,20.0,1.0,0.0,0.0,0.0,0.0,0.0
825,88.34683227539062,-0.0,0.0,-0.0,88.34683227539062,0.033544328063726425,10.721012115478516,2.4252705574035645,-0.0,0.0,0.0,0.0,0.0,0.0,0.0,0.0,0.0,0.0,0.0,0.0,0.023000000044703484,0.023000000044703484,0.02,0.15,0.0,0.0,0.0,0.0,0.0,0.0,0.0,0.0,0.0,0.0,0.0,0.0,0.24561862647533417,0.09923712909221649,0.0012286824326110946,8.039698600769043,186,nan,-1.0,True,,False,0.010050058364868164,0.0,0.1258549690246582,20.0,20.0,1.0,0.0,0.0,0.0,0.0,0.0
826,99.95623779296875,-0.0,0.0,-0.0,99.95623779296875,0.025705531239509583,10.808238983154297,2.4280738830566406,-0.0,0.0,0.0,0.0,0.0,0.0,0.0,0.0,0.0,0.0,0.0,0.0,0.023000000044703484,0.023000000044703484,0.02,0.15,0.0,0.0,0.0,0.0,0.0,0.0,0.0,0.0,0.0,0.0,0.0,0.0,0.245719313621521,0.0992601066827774,0.001228911373345909,8.039698600769043,186,nan,-1.0,True,,False,0.010050058364868164,0.0,0.1258549690246582,20.0,20.0,1.0,0.0,0.0,0.0,0.0,0.0
827,98.8447036743164,-0.0,0.0,-0.0,98.8447036743164,0.02642708644270897,10.895710945129395,2.4309849739074707,-0.0,0.0,0.0,0.0,0.0,0.0,0.0,0.0,0.0,0.0,0.0,0.0,0.023000000044703484,0.023000000044703484,0.02,0.15,0.0,0.0,0.0,0.0,0.0,0.0,0.0,0.0,0.0,0.0,0.0,0.0,0.2457839995622635,0.09928619861602783,0.0012315170224610483,8.039698600769043,186,nan,-1.0,True,,False,0.010050058364868164,0.0,0.1258549690246582,20.0,20.0,1.0,0.0,0.0,0.0,0.0,0.0
828,89.97660827636719,-0.0,0.0,-0.0,89.97660827636719,0.03256021440029144,10.985366821289062,2.4340224266052246,-0.0,0.0,0.0,0.0,0.0,0.0,0.0,0.0,0.0,0.0,0.0,0.0,0.023000000044703484,0.023000000044703484,0.02,0.15,0.0,0.0,0.0,0.0,0.0,0.0,0.0,0.0,0.0,0.0,0.0,0.0,0.2458224594593048,0.09931489825248718,0.0012399075426401396,8.039698600769043,186,nan,-1.0,True,,False,0.010050058364868164,0.0,0.1258549690246582,20.0,20.0,1.0,0.0,0.0,0.0,0.0,0.0
829,124.40799713134766,-0.0,0.0,-0.0,124.40799713134766,0.015482526272535324,11.079999923706055,2.4372894763946533,-0.0,0.0,0.0,0.0,0.0,0.0,0.0,0.0,0.0,0.0,0.0,0.0,0.023000000044703484,0.023000000044703484,0.02,0.15,0.0,0.0,0.0,0.0,0.0,0.0,0.0,0.0,0.0,0.0,0.0,0.0,0.24584567546844482,0.09934557974338531,0.0018858300009014783,8.039698600769043,186,nan,-1.0,True,,False,0.010050058364868164,0.0,0.1258549690246582,20.0,20.0,1.0,0.0,0.0,0.0,0.0,0.0
830,172.2179412841797,-0.0,0.0,-0.0,172.2179412841797,0.006425145082175732,11.181669235229492,2.440377950668335,-0.0,0.0,0.0,0.0,0.0,0.0,0.0,0.0,0.0,0.0,0.0,0.0,0.023000000044703484,0.023000000044703484,0.02,0.15,0.0,0.0,0.0,0.0,0.0,0.0,0.0,0.0,0.0,0.0,0.0,0.0,0.2458595335483551,0.0993775874376297,0.001333279383743502,8.039698600769043,186,nan,-1.0,True,,False,0.010050058364868164,0.0,0.1258549690246582,20.0,20.0,1.0,0.0,0.0,0.0,0.0,0.0
831,103.05451202392578,-0.0,0.0,-0.0,103.05451202392578,0.02439570054411888,11.251785278320312,2.44218111038208,-0.0,0.0,0.0,0.0,0.0,0.0,0.0,0.0,0.0,0.0,0.0,0.0,0.023000000044703484,0.023000000044703484,0.02,0.15,0.0,0.0,0.0,0.0,0.0,0.0,0.0,0.0,0.0,0.0,0.0,0.0,0.24588756263256073,0.09941066056489944,0.0014478365455943276,8.039698600769043,186,nan,-1.0,True,,False,0.010050058364868164,0.0,0.1258549690246582,20.0,20.0,1.0,0.0,0.0,0.0,0.0,0.0
832,95.98560333251953,0.0,0.0,0.0,95.98560333251953,0.028461387380957603,11.150155067443848,2.4411635398864746,0.0,0.0,0.0,0.0,0.0,0.0,0.0,0.0,0.0,0.0,0.0,0.0,0.023000000044703484,0.023000000044703484,0.02,0.15,0.0,0.0,0.0,0.0,0.0,0.0,0.0,0.0,0.0,0.0,0.0,0.0,0.24598176777362823,0.09942810237407684,0.0017854112606983108,8.039698600769043,186,nan,-1.0,True,,False,0.010050058364868164,0.0,0.1258549690246582,20.0,20.0,1.0,0.0,0.0,0.0,0.0,0.0
833,99.85057067871094,0.0,0.0,0.0,99.85057067871094,0.025992993265390396,11.056707382202148,2.440009832382202,0.0,0.0,0.0,0.0,0.0,0.0,0.0,0.0,0.0,0.0,0.0,0.0,0.023000000044703484,0.023000000044703484,0.020000000000000004,0.15000000000000002,0.0,0.0,0.0,0.0,0.0,0.0,0.0,0.0,0.0,0.0,0.0,0.0,0.2461390495300293,0.0994434729218483,0.0017456189862059546,8.039698600769043,186,nan,-1.0,True,,False,0.010050058364868164,0.0,0.1258549690246582,20.0,20.0,1.0,0.0,0.0,0.0,0.0,0.0
834,69.58406829833984,0.0,0.0,0.0,69.58406829833984,0.05433949828147888,10.971040725708008,2.438706636428833,0.0,0.0,0.0,0.0,0.0,0.0,0.0,0.0,0.0,0.0,0.0,0.0,0.023000000044703484,0.023000000044703484,0.02,0.14999999999999997,0.0,0.0,0.0,0.0,0.0,0.0,0.0,0.0,0.0,0.0,0.0,0.0,0.24642515182495117,0.09945475310087204,0.0013353703425309504,8.039698600769043,186,nan,-1.0,True,,False,0.010050058364868164,0.0,0.1258549690246582,20.0,20.0,1.0,0.0,0.0,0.0,0.0,0.0
835,69.26981353759766,0.0,0.0,0.0,69.26981353759766,0.05465199425816536,10.891244888305664,2.437666416168213,0.0,0.0,0.0,0.0,0.0,0.0,0.0,0.0,0.0,0.0,0.0,0.0,0.023000000044703484,0.023000000044703484,0.02,0.15,0.0,0.0,0.0,0.0,0.0,0.0,0.0,0.0,0.0,0.0,0.0,0.0,0.24673743546009064,0.09946725517511368,0.001355645303874553,8.039698600769043,186,nan,-1.0,True,,False,0.010050058364868164,0.0,0.1258549690246582,20.0,20.0,1.0,0.0,0.0,0.0,0.0,0.0
836,69.03311920166016,0.0,0.0,0.0,69.03311920166016,0.05491544306278229,10.816572189331055,2.4369118213653564,0.0,0.0,0.0,0.0,0.0,0.0,0.0,0.0,0.0,0.0,0.0,0.0,0.023000000044703484,0.023000000044703484,0.02,0.15,0.0,0.0,0.0,0.0,0.0,0.0,0.0,0.0,0.0,0.0,0.0,0.0,0.24704205989837646,0.0994812622666359,0.001373425699512154,8.039698600769043,186,nan,-1.0,True,,False,0.010050058364868164,0.0,0.1258549690246582,20.0,20.0,1.0,0.0,0.0,0.0,0.0,0.0
837,68.6909408569336,0.0,0.0,0.0,68.6909408569336,0.05537489801645279,10.746660232543945,2.4363880157470703,0.0,0.0,0.0,0.0,0.0,0.0,0.0,0.0,0.0,0.0,0.0,0.0,0.023000000044703484,0.023000000044703484,0.020000000000000004,0.15,0.0,0.0,0.0,0.0,0.0,0.0,0.0,0.0,0.0,0.0,0.0,0.0,0.24733884632587433,0.0994962602853775,0.0013879989851375285,8.039698600769043,186,nan,-1.0,True,,False,0.010050058364868164,0.0,0.1258549690246582,20.0,20.0,1.0,0.0,0.0,0.0,0.0,0.0
838,68.29165649414062,0.0,0.0,0.0,68.29165649414062,0.05595492199063301,10.680937767028809,2.436070680618286,0.0,0.0,0.0,0.0,0.0,0.0,0.0,0.0,0.0,0.0,0.0,0.0,0.023000000044703484,0.023000000044703484,0.02,0.15,0.0,0.0,0.0,0.0,0.0,0.0,0.0,0.0,0.0,0.0,0.0,0.0,0.24767379462718964,0.09951215237379074,0.0014074651326154708,8.039698600769043,186,nan,-1.0,True,,False,0.010050058364868164,0.0,0.1258549690246582,20.0,20.0,1.0,0.0,0.0,0.0,0.0,0.0
839,67.97622680664062,0.0,0.0,0.0,67.97622680664062,0.05644387751817703,10.618886947631836,2.4359800815582275,0.0,0.0,0.0,0.0,0.0,0.0,0.0,0.0,0.0,0.0,0.0,0.0,0.023000000044703484,0.023000000044703484,0.02,0.15,0.0,0.0,0.0,0.0,0.0,0.0,0.0,0.0,0.0,0.0,0.0,0.0,0.24809518456459045,0.09952869266271591,0.0014206203568392084,8.039698600769043,186,nan,-1.0,True,,False,0.010050058364868164,0.0,0.1258549690246582,20.0,20.0,1.0,0.0,0.0,0.0,0.0,0.0
840,67.80400848388672,0.0,0.0,0.0,67.80400848388672,0.05675513297319412,10.560157775878906,2.4361114501953125,0.0,0.0,0.0,0.0,0.0,0.0,0.0,0.0,0.0,0.0,0.0,0.0,0.023000000044703484,0.023000000044703484,0.02,0.15,0.0,0.0,0.0,0.0,0.0,0.0,0.0,0.0,0.0,0.0,0.0,0.0,0.24860744178295135,0.09954573959112167,0.001413301393540678,8.039698600769043,186,nan,-1.0,True,,False,0.010050058364868164,0.0,0.1258549690246582,20.0,20.0,1.0,0.0,0.0,0.0,0.0,0.0
841,67.70292663574219,0.0,0.0,0.0,67.70292663574219,0.05703108757734299,10.504151344299316,2.4364333152770996,0.0,0.0,0.0,0.0,0.0,0.0,0.0,0.0,0.0,0.0,0.0,0.0,0.023000000044703484,0.023000000044703484,0.019999999999999997,0.15,0.0,0.0,0.0,0.0,0.0,0.0,0.0,0.0,0.0,0.0,0.0,0.0,0.24911193549633026,0.09956345707178116,0.0012874504611772863,8.039698600769043,186,nan,-1.0,True,,False,0.010050058364868164,0.0,0.1258549690246582,20.0,20.0,1.0,0.0,0.0,0.0,0.0,0.0
842,174.58311462402344,0.0,0.0,0.0,174.58311462402344,0.00612006988376379,10.450469970703125,2.436946153640747,0.0,0.0,0.0,0.0,0.0,0.0,0.0,0.0,0.0,0.0,0.0,0.0,0.023000000044703484,0.023000000044703484,0.02,0.15,0.0,0.0,0.0,0.0,0.0,0.0,0.0,0.0,0.0,0.0,0.0,0.0,0.24960966408252716,0.09958067536354065,0.004001017424343445,8.039698600769043,186,nan,-1.0,True,,False,0.010050058364868164,0.0,0.1258549690246582,20.0,20.0,1.0,0.0,0.0,0.0,0.0,0.0
843,68.216552734375,0.0,0.0,0.0,68.216552734375,0.05640712007880211,10.398721694946289,2.436892509460449,0.0,0.0,0.0,0.0,0.0,0.0,0.0,0.0,0.0,0.0,0.0,0.0,0.023000000044703484,0.023000000044703484,0.02,0.15,0.0,0.0,0.0,0.0,0.0,0.0,0.0,0.0,0.0,0.0,0.0,0.0,0.2500995695590973,0.09960024803876877,0.003917032372783069,8.039698600769043,186,nan,-1.0,True,,False,0.010050058364868164,0.0,0.1258549690246582,20.0,20.0,1.0,0.0,0.0,0.0,0.0,0.0
844,96.03266906738281,0.0,0.0,0.0,96.03266906738281,0.028231974691152573,10.348419189453125,2.436457872390747,0.0,0.0,0.0,0.0,0.0,0.0,0.0,0.0,0.0,0.0,0.0,0.0,0.023000000044703484,0.023000000044703484,0.02,0.15,0.0,0.0,0.0,0.0,0.0,0.0,0.0,0.0,0.0,0.0,0.0,0.0,0.2505916357040405,0.09961558133363724,0.0011741979051294038,8.039698600769043,186,nan,-1.0,True,,False,0.010050058364868164,0.0,0.1258549690246582,20.0,20.0,1.0,0.0,0.0,0.0,0.0,0.0
845,67.07471466064453,0.0,0.0,0.0,67.07471466064453,0.05782850831747055,10.29918384552002,2.4338717460632324,0.0,0.0,0.0,0.0,0.0,0.0,0.0,0.0,0.0,0.0,0.0,0.0,0.023000000044703484,0.023000000044703484,0.02,0.15,0.0,0.0,0.0,0.0,0.0,0.0,0.0,0.0,0.0,0.0,0.0,0.0,0.2510907053947449,0.0996374636888504,0.0015424247460487095,8.039698600769043,186,nan,-1.0,True,,False,0.010050058364868164,0.0,0.1258549690246582,20.0,20.0,1.0,0.0,0.0,0.0,0.0,0.0
846,66.85797119140625,0.0,0.0,0.0,66.85797119140625,0.058024853467941284,10.25090217590332,2.4316165447235107,0.0,0.0,0.0,0.0,0.0,0.0,0.0,0.0,0.0,0.0,0.0,0.0,0.023000000044703484,0.023000000044703484,0.02,0.15,0.0,0.0,0.0,0.0,0.0,0.0,0.0,0.0,0.0,0.0,0.0,0.0,0.2515961825847626,0.09965630620718002,0.001417831649632717,8.039698600769043,186,nan,-1.0,True,,False,0.010050058364868164,0.0,0.1258549690246582,20.0,20.0,1.0,0.0,0.0,0.0,0.0,0.0
847,66.67732238769531,0.0,0.0,0.0,66.67732238769531,0.05822255462408066,10.203392028808594,2.429614782333374,0.0,0.0,0.0,0.0,0.0,0.0,0.0,0.0,0.0,0.0,0.0,0.0,0.023000000044703484,0.023000000044703484,0.02,0.15,0.0,0.0,0.0,0.0,0.0,0.0,0.0,0.0,0.0,0.0,0.0,0.0,0.2521103024482727,0.09965020418167114,0.0013356245485738327,8.039698600769043,186,nan,-1.0,True,,False,0.010050058364868164,0.0,0.1258549690246582,20.0,20.0,1.0,0.0,0.0,0.0,0.0,0.0
848,66.42094421386719,0.0,0.0,0.0,66.42094421386719,0.05857674777507782,10.156551361083984,2.42788028717041,0.0,0.0,0.0,0.0,0.0,0.0,0.0,0.0,0.0,0.0,0.0,0.0,0.023000000044703484,0.023000000044703484,0.02,0.15,0.0,0.0,0.0,0.0,0.0,0.0,0.0,0.0,0.0,0.0,0.0,0.0,0.2526339590549469,0.09963774681091309,0.0012782149187842151,8.039698600769043,186,nan,-1.0,True,,False,0.010050058364868164,0.0,0.1258549690246582,20.0,20.0,1.0,0.0,0.0,0.0,0.0,0.0
849,66.05561828613281,0.0,0.0,0.0,66.05561828613281,0.05913911759853363,10.11030387878418,2.426398754119873,0.0,0.0,0.0,0.0,0.0,0.0,0.0,0.0,0.0,0.0,0.0,0.0,0.023000000044703484,0.023000000044703484,0.02,0.15,0.0,0.0,0.0,0.0,0.0,0.0,0.0,0.0,0.0,0.0,0.0,0.0,0.2531667649745941,0.09962528944015503,0.001237810741258727,8.039698600769043,186,nan,-1.0,True,,False,0.010050058364868164,0.0,0.1258549690246582,20.0,20.0,1.0,0.0,0.0,0.0,0.0,0.0
850,65.65899658203125,0.0,0.0,0.0,65.65899658203125,0.05979327857494354,10.064425468444824,2.4253101348876953,0.0,0.0,0.0,0.0,0.0,0.0,0.0,0.0,0.0,0.0,0.0,0.0,0.023000000044703484,0.023000000044703484,0.02,0.15,0.0,0.0,0.0,0.0,0.0,0.0,0.0,0.0,0.0,0.0,0.0,0.0,0.2536740005016327,0.0995793342590332,0.001217654540823787,8.039698600769043,186,nan,-1.0,True,,False,0.010050058364868164,0.0,0.1258549690246582,20.0,20.0,1.0,0.0,0.0,0.0,0.0,0.0
851,65.07076263427734,0.0,0.0,0.0,65.07076263427734,0.06083126366138458,10.018850326538086,2.424574136734009,0.0,0.0,0.0,0.0,0.0,0.0,0.0,0.0,0.0,0.0,0.0,0.0,0.023000000044703484,0.023000000044703484,0.02,0.15,0.0,0.0,0.0,0.0,0.0,0.0,0.0,0.0,0.0,0.0,0.0,0.0,0.254173219203949,0.09953558444976807,0.0011972991653692588,8.039698600769043,186,nan,-1.0,True,,False,0.010050058364868164,0.0,0.1258549690246582,20.0,20.0,1.0,0.0,0.0,0.0,0.0,0.0
852,98.0635757446289,0.0,0.0,0.0,98.0635757446289,0.02672199346125126,9.9732666015625,2.424177646636963,0.0,0.0,0.0,0.0,0.0,0.0,0.0,0.0,0.0,0.0,0.0,0.0,0.023000000044703484,0.023000000044703484,0.02,0.15000000000000002,0.0,0.0,0.0,0.0,0.0,0.0,0.0,0.0,0.0,0.0,0.0,0.0,0.2546771764755249,0.09950990229845047,0.002651742242733235,8.039698600769043,186,nan,-1.0,True,,False,0.010050058364868164,0.0,0.1258549690246582,20.0,20.0,1.0,0.0,0.0,0.0,0.0,0.0
853,112.14571380615234,0.0,0.0,0.0,112.14571380615234,0.019640853628516197,9.92762565612793,2.42383074760437,0.0,0.0,0.0,0.0,0.0,0.0,0.0,0.0,0.0,0.0,0.0,0.0,0.023000000044703484,0.023000000044703484,0.02,0.15000000000000002,0.0,0.0,0.0,0.0,0.0,0.0,0.0,0.0,0.0,0.0,0.0,0.0,0.2551780641078949,0.09948218613862991,0.0026663487092264404,8.039698600769043,186,nan,-1.0,True,,False,0.010050058364868164,0.0,0.1258549690246582,20.0,20.0,1.0,0.0,0.0,0.0,0.0,0.0
854,61.84447479248047,0.0,0.0,0.0,61.84447479248047,0.06661248207092285,9.881969451904297,2.4233996868133545,0.0,0.0,0.0,0.0,0.0,0.0,0.0,0.0,0.0,0.0,0.0,0.0,0.023000000044703484,0.023000000044703484,0.02,0.15,0.0,0.0,0.0,0.0,0.0,0.0,0.0,0.0,0.0,0.0,0.0,0.0,0.25568947196006775,0.09945649653673172,0.0012932894337609468,8.039698600769043,186,nan,-1.0,True,,False,0.010050058364868164,0.0,0.1258549690246582,20.0,20.0,1.0,0.0,0.0,0.0,0.0,0.0
855,60.14089584350586,0.0,0.0,0.0,60.14089584350586,0.06985852122306824,9.835769653320312,2.423116683959961,0.0,0.0,0.0,0.0,0.0,0.0,0.0,0.0,0.0,0.0,0.0,0.0,0.023000000044703484,0.023000000044703484,0.02,0.15,0.0,0.0,0.0,0.0,0.0,0.0,0.0,0.0,0.0,0.0,0.0,0.0,0.25621119141578674,0.09943808615207672,0.0012920599149310874,8.039698600769043,186,nan,-1.0,True,,False,0.010050058364868164,0.0,0.1258549690246582,20.0,20.0,1.0,0.0,0.0,0.0,0.0,0.0
856,58.00138854980469,0.0,0.0,0.0,58.00138854980469,0.0743345320224762,9.788719177246094,2.422961711883545,0.0,0.0,0.0,0.0,0.0,0.0,0.0,0.0,0.0,0.0,0.0,0.0,0.023000000044703484,0.023000000044703484,0.02,0.15,0.0,0.0,0.0,0.0,0.0,0.0,0.0,0.0,0.0,0.0,0.0,0.0,0.25674399733543396,0.09942610561847687,0.0013158089597027356,8.039698600769043,186,nan,-1.0,True,,False,0.010050058364868164,0.0,0.1258549690246582,20.0,20.0,1.0,0.0,0.0,0.0,0.0,0.0
857,55.525596618652344,0.0,0.0,0.0,55.525596618652344,0.08006532490253448,9.740386009216309,2.422921895980835,0.0,0.0,0.0,0.0,0.0,0.0,0.0,0.0,0.0,0.0,0.0,0.0,0.023000000044703484,0.023000000044703484,0.02,0.15,0.0,0.0,0.0,0.0,0.0,0.0,0.0,0.0,0.0,0.0,0.0,0.0,0.25728923082351685,0.09941553324460983,0.0013499754045369627,8.039698600769043,186,nan,-1.0,True,,False,0.010050058364868164,0.0,0.1258549690246582,20.0,20.0,1.0,0.0,0.0,0.0,0.0,0.0
858,69.71534729003906,0.0,0.0,0.0,69.71534729003906,0.053550928831100464,9.690479278564453,2.4229896068573,0.0,0.0,0.0,0.0,0.0,0.0,0.0,0.0,0.0,0.0,0.0,0.0,0.023000000044703484,0.023000000044703484,0.020000000000000004,0.15,0.0,0.0,0.0,0.0,0.0,0.0,0.0,0.0,0.0,0.0,0.0,0.0,0.2578486502170563,0.0993928462266922,0.0021393513607108616,8.039698600769043,186,nan,-1.0,True,,False,0.010050058364868164,0.0,0.1258549690246582,20.0,20.0,1.0,0.0,0.0,0.0,0.0,0.0
859,135.1465606689453,0.0,0.0,0.0,135.1465606689453,0.01234531681984663,9.639822006225586,2.422960042953491,0.0,0.0,0.0,0.0,0.0,0.0,0.0,0.0,0.0,0.0,0.0,0.0,0.023000000044703484,0.023000000044703484,0.02,0.15,0.0,0.0,0.0,0.0,0.0,0.0,0.0,0.0,0.0,0.0,0.0,0.0,0.25839775800704956,0.09937581419944763,0.0021570334201896912,8.039698600769043,186,nan,-1.0,True,,False,0.010050058364868164,0.0,0.1258549690246582,20.0,20.0,1.0,0.0,0.0,0.0,0.0,0.0
860,53.4676399230957,0.0,0.0,0.0,53.4676399230957,0.08517550677061081,9.587949752807617,2.422072410583496,0.0,0.0,0.0,0.0,0.0,0.0,0.0,0.0,0.0,0.0,0.0,0.0,0.023000000044703484,0.023000000044703484,0.02,0.15,0.0,0.0,0.0,0.0,0.0,0.0,0.0,0.0,0.0,0.0,0.0,0.0,0.2589677572250366,0.09936310350894928,0.0021466062094077643,8.039698600769043,186,nan,-1.0,True,,False,0.010050058364868164,0.0,0.1258549690246582,20.0,20.0,1.0,0.0,0.0,0.0,0.0,0.0
861,43.887176513671875,0.0,0.0,0.0,43.887176513671875,0.11579492688179016,9.563406944274902,2.4213294982910156,0.0,0.0,0.0,0.0,0.0,0.0,0.0,0.0,0.0,0.0,0.0,0.0,0.023000000044703484,0.023000000044703484,0.02,0.15,0.0,0.0,0.0,0.0,0.0,0.0,0.0,0.0,0.0,0.0,0.0,0.0,0.2595590054988861,0.09935381263494492,0.001532562888769462,8.039698600769043,186,nan,-1.0,True,,False,0.010050058364868164,0.0,0.1258549690246582,20.0,20.0,1.0,0.0,0.0,0.0,0.0,0.0
862,40.65150451660156,0.0,0.0,0.0,40.65150451660156,0.12934565544128418,9.546205520629883,2.4207262992858887,0.0,0.0,0.0,0.0,0.0,0.0,0.0,0.0,0.0,0.0,0.0,0.0,0.023000000044703484,0.023000000044703484,0.020000000000000004,0.15,0.0,0.0,0.0,0.0,0.0,0.0,0.0,0.0,0.0,0.0,0.0,0.0,0.26016637682914734,0.0993470624089241,0.0015821576987491426,8.039698600769043,186,nan,-1.0,True,,False,0.010050058364868164,0.0,0.1258549690246582,20.0,20.0,1.0,0.0,0.0,0.0,0.0,0.0
863,37.3386116027832,0.0,0.0,0.0,37.3386116027832,0.14564847946166992,9.532418251037598,2.420257091522217,0.0,0.0,0.0,0.0,0.0,0.0,0.0,0.0,0.0,0.0,0.0,0.0,0.023000000044703484,0.023000000044703484,0.02,0.15,0.0,0.0,0.0,0.0,0.0,0.0,0.0,0.0,0.0,0.0,0.0,0.0,0.2607894539833069,0.09934214502573013,0.0016329461268469458,8.039698600769043,186,nan,-1.0,True,,False,0.010050058364868164,0.0,0.1258549690246582,20.0,20.0,1.0,0.0,0.0,0.0,0.0,0.0
864,34.02711486816406,0.0,0.0,0.0,34.02711486816406,0.16499456763267517,9.522387504577637,2.419907331466675,0.0,0.0,0.0,0.0,0.0,0.0,0.0,0.0,0.0,0.0,0.0,0.0,0.023000000044703484,0.023000000044703484,0.02,0.15,0.0,0.0,0.0,0.0,0.0,0.0,0.0,0.0,0.0,0.0,0.0,0.0,0.2614286541938782,0.09933844953775406,0.0016643530514102167,8.039698600769043,186,nan,-1.0,True,,False,0.010050058364868164,0.0,0.1258549690246582,20.0,20.0,1.0,0.0,0.0,0.0,0.0,0.0
865,37.88789367675781,0.0,0.0,0.0,37.88789367675781,0.1427554190158844,9.516748428344727,2.419670581817627,0.0,0.0,0.0,0.0,0.0,0.0,0.0,0.0,0.0,0.0,0.0,0.0,0.023000000044703484,0.023000000044703484,0.02,0.15,0.0,0.0,0.0,0.0,0.0,0.0,0.0,0.0,0.0,0.0,0.0,0.0,0.2620854079723358,0.0993354395031929,0.0007129534706109553,8.039698600769043,186,nan,-1.0,True,,False,0.010050058364868164,0.0,0.1258549690246582,20.0,20.0,1.0,0.0,0.0,0.0,0.0,0.0
866,64.63213348388672,0.0,0.0,0.0,64.63213348388672,0.06126249209046364,9.51384449005127,2.419585943222046,0.0,0.0,0.0,0.0,0.0,0.0,0.0,0.0,0.0,0.0,0.0,0.0,0.023000000044703484,0.023000000044703484,0.019999999999999997,0.15,0.0,0.0,0.0,0.0,0.0,0.0,0.0,0.0,0.0,0.0,0.0,0.0,0.26275384426116943,0.09933284670114517,0.0007372462328021356,8.039698600769043,186,nan,-1.0,True,,False,0.010050058364868164,0.0,0.1258549690246582,20.0,20.0,1.0,0.0,0.0,0.0,0.0,0.0
867,97.47518157958984,0.0,0.0,0.0,97.47518157958984,0.02694019116461277,9.513338088989258,2.4192707538604736,0.0,0.0,0.0,0.0,0.0,0.0,0.0,0.0,0.0,0.0,0.0,0.0,0.023000000044703484,0.023000000044703484,0.02,0.15,0.0,0.0,0.0,0.0,0.0,0.0,0.0,0.0,0.0,0.0,0.0,0.0,0.26343223452568054,0.09933017194271088,0.0007886329331086017,8.039698600769043,186,nan,-1.0,True,,False,0.010050058364868164,0.0,0.1258549690246582,20.0,20.0,1.0,0.0,0.0,0.0,0.0,0.0
868,38.7361946105957,0.0,0.0,0.0,38.7361946105957,0.1381208598613739,9.513057708740234,2.4178194999694824,0.0,0.0,0.0,0.0,0.0,0.0,0.0,0.0,0.0,0.0,0.0,0.0,0.023000000044703484,0.023000000044703484,0.02,0.15,0.0,0.0,0.0,0.0,0.0,0.0,0.0,0.0,0.0,0.0,0.0,0.0,0.26411181688308716,0.09932728111743927,0.0007889905068623193,8.039698600769043,186,nan,-1.0,True,,False,0.010050058364868164,0.0,0.1258549690246582,20.0,20.0,1.0,0.0,0.0,0.0,0.0,0.0
869,25.240177154541016,0.0,0.0,0.0,25.240177154541016,0.23676861822605133,9.512598991394043,2.4167399406433105,0.0,0.0,0.0,0.0,0.0,0.0,0.0,0.0,0.0,0.0,0.0,0.0,0.023000000044703484,0.023000000044703484,0.02,0.15,0.0,0.0,0.0,0.0,0.0,0.0,0.0,0.0,0.0,0.0,0.0,0.0,0.26479220390319824,0.09932366013526917,0.0007556439013569616,8.039698600769043,186,nan,-1.0,True,,False,0.010050058364868164,0.0,0.1258549690246582,20.0,20.0,1.0,0.0,0.0,0.0,0.0,0.0
870,19.202495574951172,0.0,0.0,0.0,19.202495574951172,0.316109299659729,9.511954307556152,2.415966749191284,0.0,0.0,0.0,0.0,0.0,0.0,0.0,0.0,0.0,0.0,0.0,0.0,0.023000000044703484,0.023000000044703484,0.02,0.15,0.0,0.0,0.0,0.0,0.0,0.0,0.0,0.0,0.0,0.0,0.0,0.0,0.26547354459762573,0.0993192046880722,0.0018197097597294487,8.039698600769043,186,nan,-1.0,True,,False,0.010050058364868164,0.0,0.1258549690246582,20.0,20.0,1.0,0.0,0.0,0.0,0.0,0.0
871,19.28290367126465,0.0,0.0,0.0,19.28290367126465,0.3145280182361603,9.514934539794922,2.4154446125030518,0.0,0.0,0.0,0.0,0.0,0.0,0.0,0.0,0.0,0.0,0.0,0.0,0.023000000044703484,0.023000000044703484,0.02,0.15,0.0,0.0,0.0,0.0,0.0,0.0,0.0,0.0,0.0,0.0,0.0,0.0,0.26616784930229187,0.09931407123804092,0.0016152549533217098,8.039698600769043,186,nan,-1.0,True,,False,0.010050058364868164,0.0,0.1258549690246582,20.0,20.0,1.0,0.0,0.0,0.0,0.0,0.0
872,20.526681900024414,0.0,0.0,0.0,20.526681900024414,0.29517123103141785,9.51766586303711,2.415177345275879,0.0,0.0,0.0,0.0,0.0,0.0,0.0,0.0,0.0,0.0,0.0,0.0,0.023000000044703484,0.023000000044703484,0.02,0.15,0.0,0.0,0.0,0.0,0.0,0.0,0.0,0.0,0.0,0.0,0.0,0.0,0.26684901118278503,0.09930818527936935,0.0015774858552504156,8.039698600769043,186,nan,-1.0,True,,False,0.010050058364868164,0.0,0.1258549690246582,20.0,20.0,1.0,0.0,0.0,0.0,0.0,0.0
873,21.76814079284668,0.0,0.0,0.0,21.76814079284668,0.27772077918052673,9.51982307434082,2.4153921604156494,0.0,0.0,0.0,0.0,0.0,0.0,0.0,0.0,0.0,0.0,0.0,0.0,0.023000000044703484,0.023000000044703484,0.02,0.15,0.0,0.0,0.0,0.0,0.0,0.0,0.0,0.0,0.0,0.0,0.0,0.0,0.2674936354160309,0.09930294007062912,0.0015667970565118594,8.039698600769043,186,nan,-1.0,True,,False,0.010050058364868164,0.0,0.1258549690246582,20.0,20.0,1.0,0.0,0.0,0.0,0.0,0.0
874,23.01923370361328,0.0,0.0,0.0,23.01923370361328,0.2617766857147217,9.521576881408691,2.4162139892578125,0.0,0.0,0.0,0.0,0.0,0.0,0.0,0.0,0.0,0.0,0.0,0.0,0.023000000044703484,0.023000000044703484,0.02,0.15000000000000002,0.0,0.0,0.0,0.0,0.0,0.0,0.0,0.0,0.0,0.0,0.0,0.0,0.26808515191078186,0.09930413216352463,0.0015883322244008014,8.039698600769043,186,nan,-1.0,True,,False,0.010050058364868164,0.0,0.1258549690246582,20.0,20.0,1.0,0.0,0.0,0.0,0.0,0.0
875,24.14418601989746,0.0,0.0,0.0,24.14418601989746,0.24860790371894836,9.522825241088867,2.417137622833252,0.0,0.0,0.0,0.0,0.0,0.0,0.0,0.0,0.0,0.0,0.0,0.0,0.023000000044703484,0.023000000044703484,0.02,0.15,0.0,0.0,0.0,0.0,0.0,0.0,0.0,0.0,0.0,0.0,0.0,0.0,0.26865673065185547,0.0993116945028305,0.0015941115852911025,8.039698600769043,186,nan,-1.0,True,,False,0.010050058364868164,0.0,0.1258549690246582,20.0,20.0,1.0,0.0,0.0,0.0,0.0,0.0
876,25.092166900634766,0.0,0.0,0.0,25.092166900634766,0.23829182982444763,9.523431777954102,2.4181694984436035,0.0,0.0,0.0,0.0,0.0,0.0,0.0,0.0,0.0,0.0,0.0,0.0,0.023000000044703484,0.023000000044703484,0.02,0.15,0.0,0.0,0.0,0.0,0.0,0.0,0.0,0.0,0.0,0.0,0.0,0.0,0.26920512318611145,0.09931979328393936,0.0016287881680909777,8.039698600769043,186,nan,-1.0,True,,False,0.010050058364868164,0.0,0.1258549690246582,20.0,20.0,1.0,0.0,0.0,0.0,0.0,0.0
877,26.3214168548584,0.0,0.0,0.0,26.3214168548584,0.22576479613780975,9.523239135742188,2.419273853302002,0.0,0.0,0.0,0.0,0.0,0.0,0.0,0.0,0.0,0.0,0.0,0.0,0.023000000044703484,0.023000000044703484,0.02,0.15000000000000002,0.0,0.0,0.0,0.0,0.0,0.0,0.0,0.0,0.0,0.0,0.0,0.0,0.2697288691997528,0.09932836145162582,0.0019457415601209505,8.039698600769043,186,nan,-1.0,True,,False,0.010050058364868164,0.0,0.1258549690246582,20.0,20.0,1.0,0.0,0.0,0.0,0.0,0.0
878,27.227027893066406,0.0,0.0,0.0,27.227027893066406,0.21716317534446716,9.522342681884766,2.4204235076904297,0.0,0.0,0.0,0.0,0.0,0.0,0.0,0.0,0.0,0.0,0.0,0.0,0.023000000044703484,0.023000000044703484,0.02,0.15,0.0,0.0,0.0,0.0,0.0,0.0,0.0,0.0,0.0,0.0,0.0,0.0,0.2702251672744751,0.09933759272098541,0.0019158935301675228,8.039698600769043,186,nan,-1.0,True,,False,0.010050058364868164,0.0,0.1258549690246582,20.0,20.0,1.0,0.0,0.0,0.0,0.0,0.0
879,27.16754150390625,0.0,0.0,0.0,27.16754150390625,0.2178581953048706,9.520581245422363,2.421675205230713,0.0,0.0,0.0,0.0,0.0,0.0,0.0,0.0,0.0,0.0,0.0,0.0,0.023000000044703484,0.023000000044703484,0.02,0.15,0.0,0.0,0.0,0.0,0.0,0.0,0.0,0.0,0.0,0.0,0.0,0.0,0.27069342136383057,0.09934735298156738,0.0019287580835225526,8.039698600769043,186,nan,-1.0,True,,False,0.010050058364868164,0.0,0.1258549690246582,20.0,20.0,1.0,0.0,0.0,0.0,0.0,0.0
880,26.182361602783203,0.0,0.0,0.0,26.182361602783203,0.2275698482990265,9.517936706542969,2.422954559326172,0.0,0.0,0.0,0.0,0.0,0.0,0.0,0.0,0.0,0.0,0.0,0.0,0.023000000044703484,0.023000000044703484,0.02,0.15,0.0,0.0,0.0,0.0,0.0,0.0,0.0,0.0,0.0,0.0,0.0,0.0,0.2711358070373535,0.09935763478279114,0.0019404197678341006,8.039698600769043,186,nan,-1.0,True,,False,0.010050058364868164,0.0,0.1258549690246582,20.0,20.0,1.0,0.0,0.0,0.0,0.0,0.0
881,25.589040756225586,0.0,0.0,0.0,25.589040756225586,0.2337680459022522,9.514443397521973,2.424311876296997,0.0,0.0,0.0,0.0,0.0,0.0,0.0,0.0,0.0,0.0,0.0,0.0,0.023000000044703484,0.023000000044703484,0.02,0.15,0.0,0.0,0.0,0.0,0.0,0.0,0.0,0.0,0.0,0.0,0.0,0.0,0.27155277132987976,0.09936851263046265,0.001742951398682635,8.039698600769043,186,nan,-1.0,True,,False,0.010050058364868164,0.0,0.1258549690246582,20.0,20.0,1.0,0.0,0.0,0.0,0.0,0.0
882,24.925281524658203,0.0,0.0,0.0,24.925281524658203,0.24099595844745636,9.505027770996094,2.425764799118042,0.0,0.0,0.0,0.0,0.0,0.0,0.0,0.0,0.0,0.0,0.0,0.0,0.023000000044703484,0.023000000044703484,0.02,0.15,0.0,0.0,0.0,0.0,0.0,0.0,0.0,0.0,0.0,0.0,0.0,0.0,0.27192986011505127,0.09938005357980728,0.0017801779035835352,8.039698600769043,186,nan,-1.0,True,,False,0.010050058364868164,0.0,0.1258549690246582,20.0,20.0,1.0,0.0,0.0,0.0,0.0,0.0
883,24.15030860900879,0.0,0.0,0.0,24.15030860900879,0.24985343217849731,9.491067886352539,2.427292585372925,0.0,0.0,0.0,0.0,0.0,0.0,0.0,0.0,0.0,0.0,0.0,0.0,0.023000000044703484,0.023000000044703484,0.020000000000000004,0.14999999999999997,0.0,0.0,0.0,0.0,0.0,0.0,0.0,0.0,0.0,0.0,0.0,0.0,0.2722693085670471,0.09939223527908325,0.0017986765133173321,8.039698600769043,186,nan,-1.0,True,,False,0.010050058364868164,0.0,0.1258549690246582,20.0,20.0,1.0,0.0,0.0,0.0,0.0,0.0
884,23.171146392822266,0.0,0.0,0.0,23.171146392822266,0.2617400586605072,9.47500991821289,2.42899751663208,0.0,0.0,0.0,0.0,0.0,0.0,0.0,0.0,0.0,0.0,0.0,0.0,0.023000000044703484,0.023000000044703484,0.02,0.15,0.0,0.0,0.0,0.0,0.0,0.0,0.0,0.0,0.0,0.0,0.0,0.0,0.2725665271282196,0.09940512478351593,0.001857548264297293,8.039698600769043,186,nan,-1.0,True,,False,0.010050058364868164,0.0,0.1258549690246582,20.0,20.0,1.0,0.0,0.0,0.0,0.0,0.0
885,24.347105026245117,0.0,0.0,0.0,24.347105026245117,0.24814629554748535,9.457399368286133,2.4307875633239746,0.0,0.0,0.0,0.0,0.0,0.0,0.0,0.0,0.0,0.0,0.0,0.0,0.023000000044703484,0.023000000044703484,0.02,0.15,0.0,0.0,0.0,0.0,0.0,0.0,0.0,0.0,0.0,0.0,0.0,0.0,0.2728435695171356,0.0994187444448471,0.0014359665769916319,8.039698600769043,186,nan,-1.0,True,,False,0.010050058364868164,0.0,0.1258549690246582,20.0,20.0,1.0,0.0,0.0,0.0,0.0,0.0
886,31.583066940307617,0.0,0.0,0.0,31.583066940307617,0.18235599994659424,9.440789222717285,2.432677745819092,0.0,0.0,0.0,0.0,0.0,0.0,0.0,0.0,0.0,0.0,0.0,0.0,0.023000000044703484,0.023000000044703484,0.02,0.15,0.0,0.0,0.0,0.0,0.0,0.0,0.0,0.0,0.0,0.0,0.0,0.0,0.2731320261955261,0.09943310171365738,0.0013959298007648613,8.039698600769043,186,nan,-1.0,True,,False,0.010050058364868164,0.0,0.1258549690246582,20.0,20.0,1.0,0.0,0.0,0.0,0.0,0.0
887,43.46035385131836,0.0,0.0,0.0,43.46035385131836,0.11789220571517944,9.425285339355469,2.4346556663513184,0.0,0.0,0.0,0.0,0.0,0.0,0.0,0.0,0.0,0.0,0.0,0.0,0.023000000044703484,0.023000000044703484,0.020000000000000004,0.15,0.0,0.0,0.0,0.0,0.0,0.0,0.0,0.0,0.0,0.0,0.0,0.0,0.27343064546585083,0.09944817423820496,0.0013346962571176846,8.039698600769043,186,nan,-1.0,True,,False,0.010050058364868164,0.0,0.1258549690246582,20.0,20.0,1.0,0.0,0.0,0.0,0.0,0.0
888,69.19641876220703,0.0,0.0,0.0,69.19641876220703,0.05442177876830101,9.411128997802734,2.436730146408081,0.0,0.0,0.0,0.0,0.0,0.0,0.0,0.0,0.0,0.0,0.0,0.0,0.023000000044703484,0.023000000044703484,0.02,0.15,0.0,0.0,0.0,0.0,0.0,0.0,0.0,0.0,0.0,0.0,0.0,0.0,0.2737385928630829,0.09946398437023163,0.0012933088710269658,8.039698600769043,186,nan,-1.0,True,,False,0.010050058364868164,0.0,0.1258549690246582,20.0,20.0,1.0,0.0,0.0,0.0,0.0,0.0
889,119.74185943603516,0.0,0.0,0.0,119.74185943603516,0.016826625913381577,9.39837646484375,2.438629627227783,0.0,0.0,0.0,0.0,0.0,0.0,0.0,0.0,0.0,0.0,0.0,0.0,0.023000000044703484,0.023000000044703484,0.02,0.15000000000000002,0.0,0.0,0.0,0.0,0.0,0.0,0.0,0.0,0.0,0.0,0.0,0.0,0.274055540561676,0.09948056191205978,0.001263437540274026,8.039698600769043,186,nan,-1.0,True,,False,0.010050058364868164,0.0,0.1258549690246582,20.0,20.0,1.0,0.0,0.0,0.0,0.0,0.0
890,39.08376693725586,0.0,0.0,0.0,39.08376693725586,0.13768979907035828,9.383983612060547,2.43904972076416,0.0,0.0,0.0,0.0,0.0,0.0,0.0,0.0,0.0,0.0,0.0,0.0,0.023000000044703484,0.023000000044703484,0.02,0.15,0.0,0.0,0.0,0.0,0.0,0.0,0.0,0.0,0.0,0.0,0.0,0.0,0.27436304092407227,0.09949716925621033,0.001231236120702306,8.039698600769043,186,nan,-1.0,True,,False,0.010050058364868164,0.0,0.1258549690246582,20.0,20.0,1.0,0.0,0.0,0.0,0.0,0.0
891,23.71753692626953,0.0,0.0,0.0,23.71753692626953,0.2565842866897583,9.367962837219238,2.4396092891693115,0.0,0.0,0.0,0.0,0.0,0.0,0.0,0.0,0.0,0.0,0.0,0.0,0.023000000044703484,0.023000000044703484,0.019999999999999997,0.15,0.0,0.0,0.0,0.0,0.0,0.0,0.0,0.0,0.0,0.0,0.0,0.0,0.2747432291507721,0.09951368719339371,0.001169478058727691,8.039698600769043,186,nan,-1.0,True,,False,0.010050058364868164,0.0,0.1258549690246582,20.0,20.0,1.0,0.0,0.0,0.0,0.0,0.0
892,19.522401809692383,0.0,0.0,0.0,19.522401809692383,0.3147946000099182,9.350079536437988,2.44028639793396,0.0,0.0,0.0,0.0,0.0,0.0,0.0,0.0,0.0,0.0,0.0,0.0,0.023000000044703484,0.023000000044703484,0.02,0.15,0.0,0.0,0.0,0.0,0.0,0.0,0.0,0.0,0.0,0.0,0.0,0.0,0.27511245012283325,0.09953008592128754,0.0015968050320225302,8.039698600769043,186,nan,-1.0,True,,False,0.010050058364868164,0.0,0.1258549690246582,20.0,20.0,1.0,0.0,0.0,0.0,0.0,0.0
893,24.639572143554688,0.0,0.0,0.0,24.639572143554688,0.2460852861404419,9.332183837890625,2.441293478012085,0.0,0.0,0.0,0.0,0.0,0.0,0.0,0.0,0.0,0.0,0.0,0.0,0.023000000044703484,0.023000000044703484,0.02,0.15000000000000002,0.0,0.0,0.0,0.0,0.0,0.0,0.0,0.0,0.0,0.0,0.0,0.0,0.27547284960746765,0.09954734146595001,0.0015914784230517398,8.039698600769043,186,nan,-1.0,True,,False,0.010050058364868164,0.0,0.1258549690246582,20.0,20.0,1.0,0.0,0.0,0.0,0.0,0.0
894,32.42494201660156,0.0,0.0,0.0,32.42494201660156,0.17717522382736206,9.31439208984375,2.442492723464966,0.0,0.0,0.0,0.0,0.0,0.0,0.0,0.0,0.0,0.0,0.0,0.0,0.023000000044703484,0.023000000044703484,0.02,0.14999999999999997,0.0,0.0,0.0,0.0,0.0,0.0,0.0,0.0,0.0,0.0,0.0,0.0,0.27582690119743347,0.09956531971693039,0.0016202246399643627,8.039698600769043,186,nan,-1.0,True,,False,0.010050058364868164,0.0,0.1258549690246582,20.0,20.0,1.0,0.0,0.0,0.0,0.0,0.0
895,45.858890533447266,0.0,0.0,0.0,45.858890533447266,0.10925160348415375,9.29678726196289,2.443864345550537,0.0,0.0,0.0,0.0,0.0,0.0,0.0,0.0,0.0,0.0,0.0,0.0,0.023000000044703484,0.023000000044703484,0.02,0.15,0.0,0.0,0.0,0.0,0.0,0.0,0.0,0.0,0.0,0.0,0.0,0.0,0.2761765122413635,0.09958397597074509,0.0016556779178245051,8.039698600769043,186,nan,-1.0,True,,False,0.010050058364868164,0.0,0.1258549690246582,20.0,20.0,1.0,0.0,0.0,0.0,0.0,0.0
896,78.92230224609375,0.0,0.0,0.0,78.92230224609375,0.04242609068751335,9.279430389404297,2.445361614227295,0.0,0.0,0.0,0.0,0.0,0.0,0.0,0.0,0.0,0.0,0.0,0.0,0.023000000044703484,0.023000000044703484,0.02,0.15,0.0,0.0,0.0,0.0,0.0,0.0,0.0,0.0,0.0,0.0,0.0,0.0,0.27652105689048767,0.09959674626588821,0.0016969877431165514,8.039698600769043,186,nan,-1.0,True,,False,0.010050058364868164,0.0,0.1258549690246582,20.0,20.0,1.0,0.0,0.0,0.0,0.0,0.0
897,86.28125762939453,0.0,0.0,0.0,86.28125762939453,0.035416170954704285,9.26235580444336,2.446290969848633,0.0,0.0,0.0,0.0,0.0,0.0,0.0,0.0,0.0,0.0,0.0,0.0,0.023000000044703484,0.023000000044703484,0.02,0.15,0.0,0.0,0.0,0.0,0.0,0.0,0.0,0.0,0.0,0.0,0.0,0.0,0.2768579125404358,0.09959802031517029,0.0017436597922824149,8.039698600769043,186,nan,-1.0,True,,False,0.010050058364868164,0.0,0.1258549690246582,20.0,20.0,1.0,0.0,0.0,0.0,0.0,0.0
898,39.754146575927734,0.0,0.0,0.0,39.754146575927734,0.13510161638259888,9.244779586791992,2.446154832839966,0.0,0.0,0.0,0.0,0.0,0.0,0.0,0.0,0.0,0.0,0.0,0.0,0.023000000044703484,0.023000000044703484,0.02,0.15,0.0,0.0,0.0,0.0,0.0,0.0,0.0,0.0,0.0,0.0,0.0,0.0,0.27719220519065857,0.09960022568702698,0.0017773234953892825,8.039698600769043,186,nan,-1.0,True,,False,0.010050058364868164,0.0,0.1258549690246582,20.0,20.0,1.0,0.0,0.0,0.0,0.0,0.0
899,58.0747184753418,0.0,0.0,0.0,58.0747184753418,0.07476018369197845,9.226652145385742,2.4463839530944824,0.0,0.0,0.0,0.0,0.0,0.0,0.0,0.0,0.0,0.0,0.0,0.0,0.023000000044703484,0.023000000044703484,0.02,0.15,0.0,0.0,0.0,0.0,0.0,0.0,0.0,0.0,0.0,0.0,0.0,0.0,0.27752193808555603,0.0996033251285553,0.0007590171132960677,8.039698600769043,186,nan,-1.0,True,,False,0.010050058364868164,0.0,0.1258549690246582,20.0,20.0,1.0,0.0,0.0,0.0,0.0,0.0
900,190.87911987304688,0.0,0.0,0.0,190.87911987304688,0.004672168754041195,9.209529876708984,2.446977376937866,0.0,0.0,0.0,0.0,0.0,0.0,0.0,0.0,0.0,0.0,0.0,0.0,0.023000000044703484,0.023000000044703484,0.02,0.15,0.0,0.0,0.0,0.0,0.0,0.0,0.0,0.0,0.0,0.0,0.0,0.0,0.2778486907482147,0.09960392117500305,0.0007463363233455311,8.039698600769043,186,nan,-1.0,True,,False,0.010050058364868164,0.0,0.1258549690246582,20.0,20.0,1.0,0.0,0.0,0.0,0.0,0.0
901,42.181095123291016,0.0,0.0,0.0,42.181095123291016,0.1237153708934784,9.193451881408691,2.445706605911255,0.0,0.0,0.0,0.0,0.0,0.0,0.0,0.0,0.0,0.0,0.0,0.0,0.023000000044703484,0.023000000044703484,0.02,0.15000000000000002,0.0,0.0,0.0,0.0,0.0,0.0,0.0,0.0,0.0,0.0,0.0,0.0,0.27817270159721375,0.09960229694843292,0.0008513775742358121,8.039698600769043,186,nan,-1.0,True,,False,0.010050058364868164,0.0,0.1258549690246582,20.0,20.0,1.0,0.0,0.0,0.0,0.0,0.0
902,24.369569778442383,0.0,0.0,0.0,24.369569778442383,0.24906238913536072,9.176271438598633,2.4444658756256104,0.0,0.0,0.0,0.0,0.0,0.0,0.0,0.0,0.0,0.0,0.0,0.0,0.023000000044703484,0.023000000044703484,0.02,0.15,0.0,0.0,0.0,0.0,0.0,0.0,0.0,0.0,0.0,0.0,0.0,0.0,0.2785432040691376,0.09960329532623291,0.0009539401273741532,8.039698600769043,186,nan,-1.0,True,,False,0.010050058364868164,0.0,0.1258549690246582,20.0,20.0,1.0,0.0,0.0,0.0,0.0,0.0
903,16.5841007232666,0.0,0.0,0.0,16.5841007232666,0.3676193952560425,9.157869338989258,2.443359136581421,0.0,0.0,0.0,0.0,0.0,0.0,0.0,0.0,0.0,0.0,0.0,0.0,0.023000000044703484,0.023000000044703484,0.02,0.15,0.0,0.0,0.0,0.0,0.0,0.0,0.0,0.0,0.0,0.0,0.0,0.0,0.27891504764556885,0.0996067151427269,0.0010530457761888101,8.039698600769043,186,nan,-1.0,True,,False,0.010050058364868164,0.0,0.1258549690246582,20.0,20.0,1.0,0.0,0.0,0.0,0.0,0.0
904,16.26366424560547,0.0,0.0,0.0,16.26366424560547,0.3737088143825531,9.138165473937988,2.442383289337158,0.0,0.0,0.0,0.0,0.0,0.0,0.0,0.0,0.0,0.0,0.0,0.0,0.023000000044703484,0.023000000044703484,0.02,0.14999999999999997,0.0,0.0,0.0,0.0,0.0,0.0,0.0,0.0,0.0,0.0,0.0,0.0,0.2792956829071045,0.09961236268281937,0.0008577540284022689,8.039698600769043,186,nan,-1.0,True,,False,0.010050058364868164,0.0,0.1258549690246582,20.0,20.0,1.0,0.0,0.0,0.0,0.0,0.0
905,16.57597541809082,0.0,0.0,0.0,16.57597541809082,0.3668742775917053,9.118837356567383,2.4417099952697754,0.0,0.0,0.0,0.0,0.0,0.0,0.0,0.0,0.0,0.0,0.0,0.0,0.023000000044703484,0.023000000044703484,0.02,0.15000000000000002,0.0,0.0,0.0,0.0,0.0,0.0,0.0,0.0,0.0,0.0,0.0,0.0,0.2797621488571167,0.09961426258087158,0.0008591603575496265,8.039698600769043,186,nan,-1.0,True,,False,0.010050058364868164,0.0,0.1258549690246582,20.0,20.0,1.0,0.0,0.0,0.0,0.0,0.0
906,16.895654678344727,0.0,0.0,0.0,16.895654678344727,0.36020705103874207,9.099963188171387,2.4412965774536133,0.0,0.0,0.0,0.0,0.0,0.0,0.0,0.0,0.0,0.0,0.0,0.0,0.023000000044703484,0.023000000044703484,0.02,0.15,0.0,0.0,0.0,0.0,0.0,0.0,0.0,0.0,0.0,0.0,0.0,0.0,0.28022199869155884,0.09961281716823578,0.0008624113897894858,8.039698600769043,186,nan,-1.0,True,,False,0.010050058364868164,0.0,0.1258549690246582,20.0,20.0,1.0,0.0,0.0,0.0,0.0,0.0
907,17.245424270629883,0.0,0.0,0.0,17.245424270629883,0.3532308340072632,9.081615447998047,2.4411120414733887,0.0,0.0,0.0,0.0,0.0,0.0,0.0,0.0,0.0,0.0,0.0,0.0,0.023000000044703484,0.023000000044703484,0.02,0.15000000000000002,0.0,0.0,0.0,0.0,0.0,0.0,0.0,0.0,0.0,0.0,0.0,0.0,0.28067418932914734,0.0996084213256836,0.0008664951894843398,8.039698600769043,186,nan,-1.0,True,,False,0.010050058364868164,0.0,0.1258549690246582,20.0,20.0,1.0,0.0,0.0,0.0,0.0,0.0
908,17.522594451904297,0.0,0.0,0.0,17.522594451904297,0.3478870093822479,9.063831329345703,2.4411509037017822,0.0,0.0,0.0,0.0,0.0,0.0,0.0,0.0,0.0,0.0,0.0,0.0,0.023000000044703484,0.023000000044703484,0.02,0.15,0.0,0.0,0.0,0.0,0.0,0.0,0.0,0.0,0.0,0.0,0.0,0.0,0.28111696243286133,0.09960152953863144,0.0008711340240097343,8.039698600769043,186,nan,-1.0,True,,False,0.010050058364868164,0.0,0.1258549690246582,20.0,20.0,1.0,0.0,0.0,0.0,0.0,0.0
909,17.80238914489746,0.0,0.0,0.0,17.80238914489746,0.3426647186279297,9.046634674072266,2.441366672515869,0.0,0.0,0.0,0.0,0.0,0.0,0.0,0.0,0.0,0.0,0.0,0.0,0.023000000044703484,0.023000000044703484,0.02,0.15000000000000002,0.0,0.0,0.0,0.0,0.0,0.0,0.0,0.0,0.0,0.0,0.0,0.0,0.2815481126308441,0.09959255158901215,0.0008761553081058082,8.039698600769043,186,nan,-1.0,True,,False,0.010050058364868164,0.0,0.1258549690246582,20.0,20.0,1.0,0.0,0.0,0.0,0.0,0.0
910,18.066390991210938,0.0,0.0,0.0,18.066390991210938,0.3378777503967285,9.030038833618164,2.441732406616211,0.0,0.0,0.0,0.0,0.0,0.0,0.0,0.0,0.0,0.0,0.0,0.0,0.023000000044703484,0.023000000044703484,0.02,0.14999999999999997,0.0,0.0,0.0,0.0,0.0,0.0,0.0,0.0,0.0,0.0,0.0,0.0,0.28196462988853455,0.09958191215991974,0.0008812595116296507,8.039698600769043,186,nan,-1.0,True,,False,0.010050058364868164,0.0,0.1258549690246582,20.0,20.0,1.0,0.0,0.0,0.0,0.0,0.0
911,18.227397918701172,0.0,0.0,0.0,18.227397918701172,0.33502691984176636,9.014036178588867,2.442202568054199,0.0,0.0,0.0,0.0,0.0,0.0,0.0,0.0,0.0,0.0,0.0,0.0,0.023000000044703484,0.023000000044703484,0.02,0.15000000000000002,0.0,0.0,0.0,0.0,0.0,0.0,0.0,0.0,0.0,0.0,0.0,0.0,0.28236350417137146,0.09956998378038406,0.0008858477231115103,8.039698600769043,186,nan,-1.0,True,,False,0.010050058364868164,0.0,0.1258549690246582,20.0,20.0,1.0,0.0,0.0,0.0,0.0,0.0
912,18.29014015197754,0.0,0.0,0.0,18.29014015197754,0.33394575119018555,8.998607635498047,2.442758083343506,0.0,0.0,0.0,0.0,0.0,0.0,0.0,0.0,0.0,0.0,0.0,0.0,0.023000000044703484,0.023000000044703484,0.020000000000000004,0.15000000000000002,0.0,0.0,0.0,0.0,0.0,0.0,0.0,0.0,0.0,0.0,0.0,0.0,0.2827412784099579,0.09955716133117676,0.0008897821153368568,8.039698600769043,186,nan,-1.0,True,,False,0.010050058364868164,0.0,0.1258549690246582,20.0,20.0,1.0,0.0,0.0,0.0,0.0,0.0
913,18.238155364990234,0.0,0.0,0.0,18.238155364990234,0.33488425612449646,8.983733177185059,2.443361282348633,0.0,0.0,0.0,0.0,0.0,0.0,0.0,0.0,0.0,0.0,0.0,0.0,0.023000000044703484,0.023000000044703484,0.02,0.15,0.0,0.0,0.0,0.0,0.0,0.0,0.0,0.0,0.0,0.0,0.0,0.0,0.2830944061279297,0.09954381734132767,0.0008930754111133865,8.039698600769043,186,nan,-1.0,True,,False,0.010050058364868164,0.0,0.1258549690246582,20.0,20.0,1.0,0.0,0.0,0.0,0.0,0.0
914,18.031770706176758,0.0,0.0,0.0,18.031770706176758,0.33857762813568115,8.96937084197998,2.443993091583252,0.0,0.0,0.0,0.0,0.0,0.0,0.0,0.0,0.0,0.0,0.0,0.0,0.023000000044703484,0.023000000044703484,0.02,0.14999999999999997,0.0,0.0,0.0,0.0,0.0,0.0,0.0,0.0,0.0,0.0,0.0,0.0,0.2834191620349884,0.09953025728464127,0.000896883194172915,8.039698600769043,186,nan,-1.0,True,,False,0.010050058364868164,0.0,0.1258549690246582,20.0,20.0,1.0,0.0,0.0,0.0,0.0,0.0
915,17.782930374145508,0.0,0.0,0.0,17.782930374145508,0.34309637546539307,8.955488204956055,2.4446520805358887,0.0,0.0,0.0,0.0,0.0,0.0,0.0,0.0,0.0,0.0,0.0,0.0,0.023000000044703484,0.023000000044703484,0.02,0.15,0.0,0.0,0.0,0.0,0.0,0.0,0.0,0.0,0.0,0.0,0.0,0.0,0.283712774515152,0.09951668232679367,0.000899137358715052,8.039698600769043,186,nan,-1.0,True,,False,0.010050058364868164,0.0,0.1258549690246582,20.0,20.0,1.0,0.0,0.0,0.0,0.0,0.0
916,16.912824630737305,0.0,0.0,0.0,16.912824630737305,0.359677255153656,8.942046165466309,2.445632219314575,0.0,0.0,0.0,0.0,0.0,0.0,0.0,0.0,0.0,0.0,0.0,0.0,0.023000000044703484,0.023000000044703484,0.019999999999999997,0.15,0.0,0.0,0.0,0.0,0.0,0.0,0.0,0.0,0.0,0.0,0.0,0.0,0.28394949436187744,0.0995033010840416,0.0009014864327809846,8.039698600769043,186,nan,-1.0,True,,False,0.010050058364868164,0.0,0.1258549690246582,20.0,20.0,1.0,0.0,0.0,0.0,0.0,0.0
917,15.50859260559082,0.0,0.0,0.0,15.50859260559082,0.38919597864151,8.928984642028809,2.446962356567383,0.0,0.0,0.0,0.0,0.0,0.0,0.0,0.0,0.0,0.0,0.0,0.0,0.023000000044703484,0.023000000044703484,0.02,0.15,0.0,0.0,0.0,0.0,0.0,0.0,0.0,0.0,0.0,0.0,0.0,0.0,0.2841239869594574,0.09949038177728653,0.0009032394058294813,8.039698600769043,186,nan,-1.0,True,,False,0.010050058364868164,0.0,0.1258549690246582,20.0,20.0,1.0,0.0,0.0,0.0,0.0,0.0
918,14.185009956359863,0.0,0.0,0.0,14.185009956359863,0.42062491178512573,8.916197776794434,2.4481399059295654,0.0,0.0,0.0,0.0,0.0,0.0,0.0,0.0,0.0,0.0,0.0,0.0,0.023000000044703484,0.023000000044703484,0.02,0.15,0.0,0.0,0.0,0.0,0.0,0.0,0.0,0.0,0.0,0.0,0.0,0.0,0.2842552363872528,0.09947796911001205,0.0009051339771986022,8.039698600769043,186,nan,-1.0,True,,False,0.010050058364868164,0.0,0.1258549690246582,20.0,20.0,1.0,0.0,0.0,0.0,0.0,0.0
919,12.917423248291016,0.0,0.0,0.0,12.917423248291016,0.4547778367996216,8.903636932373047,2.4494216442108154,0.0,0.0,0.0,0.0,0.0,0.0,0.0,0.0,0.0,0.0,0.0,0.0,0.023000000044703484,0.023000000044703484,0.02,0.15,0.0,0.0,0.0,0.0,0.0,0.0,0.0,0.0,0.0,0.0,0.0,0.0,0.28430917859077454,0.09946608543395996,0.0009352557984811938,8.039698600769043,186,nan,-1.0,True,,False,0.010050058364868164,0.0,0.1258549690246582,20.0,20.0,1.0,0.0,0.0,0.0,0.0,0.0
920,11.771811485290527,0.0,0.0,0.0,11.771811485290527,0.4898809790611267,8.891220092773438,2.4510905742645264,0.0,0.0,0.0,0.0,0.0,0.0,0.0,0.0,0.0,0.0,0.0,0.0,0.023000000044703484,0.023000000044703484,0.02,0.14999999999999997,0.0,0.0,0.0,0.0,0.0,0.0,0.0,0.0,0.0,0.0,0.0,0.0,0.2843036651611328,0.0994553416967392,0.0009422273989230234,8.039698600769043,186,nan,-1.0,True,,False,0.010050058364868164,0.0,0.1258549690246582,20.0,20.0,1.0,0.0,0.0,0.0,0.0,0.0
921,12.141193389892578,0.0,0.0,0.0,12.141193389892578,0.47837138175964355,8.878907203674316,2.453125476837158,0.0,0.0,0.0,0.0,0.0,0.0,0.0,0.0,0.0,0.0,0.0,0.0,0.023000000044703484,0.023000000044703484,0.02,0.15,0.0,0.0,0.0,0.0,0.0,0.0,0.0,0.0,0.0,0.0,0.0,0.0,0.2841939628124237,0.09944580495357513,0.0003844676698463445,8.039698600769043,186,nan,-1.0,True,,False,0.010050058364868164,0.0,0.1258549690246582,20.0,20.0,1.0,0.0,0.0,0.0,0.0,0.0
922,12.321990966796875,0.0,0.0,0.0,12.321990966796875,0.4730885922908783,8.866559982299805,2.455404758453369,0.0,0.0,0.0,0.0,0.0,0.0,0.0,0.0,0.0,0.0,0.0,0.0,0.023000000044703484,0.023000000044703484,0.02,0.15,0.0,0.0,0.0,0.0,0.0,0.0,0.0,0.0,0.0,0.0,0.0,0.0,0.28406184911727905,0.09944028407335281,0.0004850209620599344,8.039698600769043,186,nan,-1.0,True,,False,0.010050058364868164,0.0,0.1258549690246582,20.0,20.0,1.0,0.0,0.0,0.0,0.0,0.0
923,12.342220306396484,0.0,0.0,0.0,12.342220306396484,0.4727962613105774,8.854294776916504,2.4576849937438965,0.0,0.0,0.0,0.0,0.0,0.0,0.0,0.0,0.0,0.0,0.0,0.0,0.023000000044703484,0.023000000044703484,0.02,0.15,0.0,0.0,0.0,0.0,0.0,0.0,0.0,0.0,0.0,0.0,0.0,0.0,0.28401562571525574,0.09943787753582001,0.0005238353533059126,8.039698600769043,186,nan,-1.0,True,,False,0.010050058364868164,0.0,0.1258549690246582,20.0,20.0,1.0,0.0,0.0,0.0,0.0,0.0
924,12.345073699951172,0.0,0.0,0.0,12.345073699951172,0.47303709387779236,8.842124938964844,2.459916830062866,0.0,0.0,0.0,0.0,0.0,0.0,0.0,0.0,0.0,0.0,0.0,0.0,0.023000000044703484,0.023000000044703484,0.02,0.15000000000000002,0.0,0.0,0.0,0.0,0.0,0.0,0.0,0.0,0.0,0.0,0.0,0.0,0.28400611877441406,0.09943779557943344,0.0009035928519551817,8.039698600769043,186,nan,-1.0,True,,False,0.010050058364868164,0.0,0.1258549690246582,20.0,20.0,1.0,0.0,0.0,0.0,0.0,0.0
925,12.387079238891602,0.0,0.0,0.0,12.387079238891602,0.47210395336151123,8.829740524291992,2.462190866470337,0.0,0.0,0.0,0.0,0.0,0.0,0.0,0.0,0.0,0.0,0.0,0.0,0.023000000044703484,0.023000000044703484,0.02,0.15,0.0,0.0,0.0,0.0,0.0,0.0,0.0,0.0,0.0,0.0,0.0,0.0,0.28399398922920227,0.09943951666355133,0.0008458192251055152,8.039698600769043,186,nan,-1.0,True,,False,0.010050058364868164,0.0,0.1258549690246582,20.0,20.0,1.0,0.0,0.0,0.0,0.0,0.0
926,12.304966926574707,0.0,0.0,0.0,12.304966926574707,0.47497159242630005,8.817133903503418,2.464482069015503,0.0,0.0,0.0,0.0,0.0,0.0,0.0,0.0,0.0,0.0,0.0,0.0,0.023000000044703484,0.023000000044703484,0.02,0.15,0.0,0.0,0.0,0.0,0.0,0.0,0.0,0.0,0.0,0.0,0.0,0.0,0.28397855162620544,0.0994429886341095,0.0007342532126131118,8.039698600769043,186,nan,-1.0,True,,False,0.010050058364868164,0.0,0.1258549690246582,20.0,20.0,1.0,0.0,0.0,0.0,0.0,0.0
927,12.10433292388916,0.0,0.0,0.0,12.10433292388916,0.48157429695129395,8.80431842803955,2.4668052196502686,0.0,0.0,0.0,0.0,0.0,0.0,0.0,0.0,0.0,0.0,0.0,0.0,0.023000000044703484,0.023000000044703484,0.02,0.15,0.0,0.0,0.0,0.0,0.0,0.0,0.0,0.0,0.0,0.0,0.0,0.0,0.2839601933956146,0.09944809228181839,0.0006577904605364893,8.039698600769043,186,nan,-1.0,True,,False,0.010050058364868164,0.0,0.1258549690246582,20.0,20.0,1.0,0.0,0.0,0.0,0.0,0.0
928,11.789685249328613,0.0,0.0,0.0,11.789685249328613,0.4920186400413513,8.791274070739746,2.4691712856292725,0.0,0.0,0.0,0.0,0.0,0.0,0.0,0.0,0.0,0.0,0.0,0.0,0.023000000044703484,0.023000000044703484,0.02,0.15,0.0,0.0,0.0,0.0,0.0,0.0,0.0,0.0,0.0,0.0,0.0,0.0,0.28393837809562683,0.09945475310087204,0.0006216891379153822,8.039698600769043,186,nan,-1.0,True,,False,0.010050058364868164,0.0,0.1258549690246582,20.0,20.0,1.0,0.0,0.0,0.0,0.0,0.0
929,12.010045051574707,0.0,0.0,0.0,12.010045051574707,0.48533618450164795,8.77807903289795,2.4715466499328613,0.0,0.0,0.0,0.0,0.0,0.0,0.0,0.0,0.0,0.0,0.0,0.0,0.023000000044703484,0.023000000044703484,0.02,0.15,0.0,0.0,0.0,0.0,0.0,0.0,0.0,0.0,0.0,0.0,0.0,0.0,0.2839130461215973,0.09946301579475403,0.0014658574657460122,8.039698600769043,186,nan,-1.0,True,,False,0.010050058364868164,0.0,0.1258549690246582,20.0,20.0,1.0,0.0,0.0,0.0,0.0,0.0
930,12.35582160949707,0.0,0.0,0.0,12.35582160949707,0.47495293617248535,8.764511108398438,2.4739506244659424,0.0,0.0,0.0,0.0,0.0,0.0,0.0,0.0,0.0,0.0,0.0,0.0,0.023000000044703484,0.023000000044703484,0.02,0.15,0.0,0.0,0.0,0.0,0.0,0.0,0.0,0.0,0.0,0.0,0.0,0.0,0.2838856875896454,0.09947267174720764,0.0014241353844681726,8.039698600769043,186,nan,-1.0,True,,False,0.010050058364868164,0.0,0.1258549690246582,20.0,20.0,1.0,0.0,0.0,0.0,0.0,0.0
931,12.591983795166016,0.0,0.0,0.0,12.591983795166016,0.4682074785232544,8.750540733337402,2.4763784408569336,0.0,0.0,0.0,0.0,0.0,0.0,0.0,0.0,0.0,0.0,0.0,0.0,0.023000000044703484,0.023000000044703484,0.02,0.15,0.0,0.0,0.0,0.0,0.0,0.0,0.0,0.0,0.0,0.0,0.0,0.0,0.28385570645332336,0.09948355704545975,0.001340673924460134,8.039698600769043,186,nan,-1.0,True,,False,0.010050058364868164,0.0,0.1258549690246582,20.0,20.0,1.0,0.0,0.0,0.0,0.0,0.0
932,12.729252815246582,0.0,0.0,0.0,12.729252815246582,0.46454286575317383,8.736175537109375,2.478849172592163,0.0,0.0,0.0,0.0,0.0,0.0,0.0,0.0,0.0,0.0,0.0,0.0,0.023000000044703484,0.023000000044703484,0.02,0.15000000000000002,0.0,0.0,0.0,0.0,0.0,0.0,0.0,0.0,0.0,0.0,0.0,0.0,0.2838236391544342,0.09949550777673721,0.0012215705746712047,8.039698600769043,186,nan,-1.0,True,,False,0.010050058364868164,0.0,0.1258549690246582,20.0,20.0,1.0,0.0,0.0,0.0,0.0,0.0
933,12.723827362060547,0.0,0.0,0.0,12.723827362060547,0.4651152491569519,8.721395492553711,2.4813385009765625,0.0,0.0,0.0,0.0,0.0,0.0,0.0,0.0,0.0,0.0,0.0,0.0,0.023000000044703484,0.023000000044703484,0.02,0.15,0.0,0.0,0.0,0.0,0.0,0.0,0.0,0.0,0.0,0.0,0.0,0.0,0.2837904393672943,0.09950833022594452,0.0010622402724038693,8.039698600769043,186,nan,-1.0,True,,False,0.010050058364868164,0.0,0.1258549690246582,20.0,20.0,1.0,0.0,0.0,0.0,0.0,0.0
934,12.612140655517578,0.0,0.0,0.0,12.612140655517578,0.46885645389556885,8.70620059967041,2.483853816986084,0.0,0.0,0.0,0.0,0.0,0.0,0.0,0.0,0.0,0.0,0.0,0.0,0.023000000044703484,0.023000000044703484,0.02,0.15000000000000002,0.0,0.0,0.0,0.0,0.0,0.0,0.0,0.0,0.0,0.0,0.0,0.0,0.28375810384750366,0.09952239692211151,0.0008751326374749624,8.039698600769043,186,nan,-1.0,True,,False,0.010050058364868164,0.0,0.1258549690246582,20.0,20.0,1.0,0.0,0.0,0.0,0.0,0.0
935,12.370823860168457,0.0,0.0,0.0,12.370823860168457,0.47660213708877563,8.690563201904297,2.486386299133301,0.0,0.0,0.0,0.0,0.0,0.0,0.0,0.0,0.0,0.0,0.0,0.0,0.023000000044703484,0.023000000044703484,0.02,0.15000000000000002,0.0,0.0,0.0,0.0,0.0,0.0,0.0,0.0,0.0,0.0,0.0,0.0,0.2837291359901428,0.09953788667917252,0.0006705301905185479,8.039698600769043,186,nan,-1.0,True,,False,0.010050058364868164,0.0,0.1258549690246582,20.0,20.0,1.0,0.0,0.0,0.0,0.0,0.0
936,12.004100799560547,0.0,0.0,0.0,12.004100799560547,0.48854100704193115,8.674448013305664,2.4889540672302246,0.0,0.0,0.0,0.0,0.0,0.0,0.0,0.0,0.0,0.0,0.0,0.0,0.023000000044703484,0.023000000044703484,0.02,0.15,0.0,0.0,0.0,0.0,0.0,0.0,0.0,0.0,0.0,0.0,0.0,0.0,0.2837071418762207,0.09955411404371262,0.0005547018390643643,8.039698600769043,186,nan,-1.0,True,,False,0.010050058364868164,0.0,0.1258549690246582,20.0,20.0,1.0,0.0,0.0,0.0,0.0,0.0
937,11.534220695495605,0.0,0.0,0.0,11.534220695495605,0.5044326782226562,8.657770156860352,2.4915413856506348,0.0,0.0,0.0,0.0,0.0,0.0,0.0,0.0,0.0,0.0,0.0,0.0,0.023000000044703484,0.023000000044703484,0.020000000000000004,0.15000000000000002,0.0,0.0,0.0,0.0,0.0,0.0,0.0,0.0,0.0,0.0,0.0,0.0,0.28369566798210144,0.09957115352153778,0.0006306378256795142,8.039698600769043,186,nan,-1.0,True,,False,0.010050058364868164,0.0,0.1258549690246582,20.0,20.0,1.0,0.0,0.0,0.0,0.0,0.0
938,10.944500923156738,0.0,0.0,0.0,10.944500923156738,0.5254841446876526,8.640588760375977,2.4941365718841553,0.0,0.0,0.0,0.0,0.0,0.0,0.0,0.0,0.0,0.0,0.0,0.0,0.023000000044703484,0.023000000044703484,0.02,0.14999999999999997,0.0,0.0,0.0,0.0,0.0,0.0,0.0,0.0,0.0,0.0,0.0,0.0,0.2836998999118805,0.09958888590335846,0.0006921947058344813,8.039698600769043,186,nan,-1.0,True,,False,0.010050058364868164,0.0,0.1258549690246582,20.0,20.0,1.0,0.0,0.0,0.0,0.0,0.0
939,10.271190643310547,0.0,0.0,0.0,10.271190643310547,0.5513076782226562,8.6228666305542,2.496774911880493,0.0,0.0,0.0,0.0,0.0,0.0,0.0,0.0,0.0,0.0,0.0,0.0,0.023000000044703484,0.023000000044703484,0.02,0.15,0.0,0.0,0.0,0.0,0.0,0.0,0.0,0.0,0.0,0.0,0.0,0.0,0.28372564911842346,0.09960727393627167,0.0007401657574064302,8.039698600769043,186,nan,-1.0,True,,False,0.010050058364868164,0.0,0.1258549690246582,20.0,20.0,1.0,0.0,0.0,0.0,0.0,0.0
940,10.233880043029785,0.0,0.0,0.0,10.233880043029785,0.5533614158630371,8.604595184326172,2.49943208694458,0.0,0.0,0.0,0.0,0.0,0.0,0.0,0.0,0.0,0.0,0.0,0.0,0.023000000044703484,0.023000000044703484,0.02,0.15,0.0,0.0,0.0,0.0,0.0,0.0,0.0,0.0,0.0,0.0,0.0,0.0,0.2837800979614258,0.09962620586156845,0.0006230791377674905,8.039698600769043,186,nan,-1.0,True,,False,0.010050058364868164,0.0,0.1258549690246582,20.0,20.0,1.0,0.0,0.0,0.0,0.0,0.0
941,10.38349437713623,0.0,0.0,0.0,10.38349437713623,0.5481928586959839,8.586283683776855,2.5022337436676025,0.0,0.0,0.0,0.0,0.0,0.0,0.0,0.0,0.0,0.0,0.0,0.0,0.023000000044703484,0.023000000044703484,0.02,0.15,0.0,0.0,0.0,0.0,0.0,0.0,0.0,0.0,0.0,0.0,0.0,0.0,0.2838303744792938,0.09964384883642197,0.0006282561062107561,8.039698600769043,186,nan,-1.0,True,,False,0.010050058364868164,0.0,0.1258549690246582,20.0,20.0,1.0,0.0,0.0,0.0,0.0,0.0
942,10.463020324707031,0.0,0.0,0.0,10.463020324707031,0.5458518862724304,8.568012237548828,2.5051400661468506,0.0,0.0,0.0,0.0,0.0,0.0,0.0,0.0,0.0,0.0,0.0,0.0,0.023000000044703484,0.023000000044703484,0.02,0.15,0.0,0.0,0.0,0.0,0.0,0.0,0.0,0.0,0.0,0.0,0.0,0.0,0.28386983275413513,0.09966039657592773,0.0006112385576670931,8.039698600769043,186,nan,-1.0,True,,False,0.010050058364868164,0.0,0.1258549690246582,20.0,20.0,1.0,0.0,0.0,0.0,0.0,0.0
943,10.46405029296875,0.0,0.0,0.0,10.46405029296875,0.5466030836105347,8.549808502197266,2.5081825256347656,0.0,0.0,0.0,0.0,0.0,0.0,0.0,0.0,0.0,0.0,0.0,0.0,0.023000000044703484,0.023000000044703484,0.02,0.15,0.0,0.0,0.0,0.0,0.0,0.0,0.0,0.0,0.0,0.0,0.0,0.0,0.28389430046081543,0.09967593848705292,0.0005673661157743481,8.039698600769043,186,nan,-1.0,True,,False,0.010050058364868164,0.0,0.1258549690246582,20.0,20.0,1.0,0.0,0.0,0.0,0.0,0.0
944,11.36701774597168,0.0,0.0,0.0,11.36701774597168,0.5145034790039062,8.531692504882812,2.511329412460327,0.0,0.0,0.0,0.0,0.0,0.0,0.0,0.0,0.0,0.0,0.0,0.0,0.023000000044703484,0.023000000044703484,0.02,0.15,0.0,0.0,0.0,0.0,0.0,0.0,0.0,0.0,0.0,0.0,0.0,0.0,0.2839021682739258,0.09969060122966766,0.0010267843417750555,8.039698600769043,186,nan,-1.0,True,,False,0.010050058364868164,0.0,0.1258549690246582,20.0,20.0,1.0,0.0,0.0,0.0,0.0,0.0
945,12.708425521850586,0.0,0.0,0.0,12.708425521850586,0.4720471501350403,8.513429641723633,2.5145161151885986,0.0,0.0,0.0,0.0,0.0,0.0,0.0,0.0,0.0,0.0,0.0,0.0,0.023000000044703484,0.023000000044703484,0.02,0.15,0.0,0.0,0.0,0.0,0.0,0.0,0.0,0.0,0.0,0.0,0.0,0.0,0.2839363217353821,0.09970550239086151,0.0009803014941098809,8.039698600769043,186,nan,-1.0,True,,False,0.010050058364868164,0.0,0.1258549690246582,20.0,20.0,1.0,0.0,0.0,0.0,0.0,0.0
946,13.99050521850586,0.0,0.0,0.0,13.99050521850586,0.4366651177406311,8.494987487792969,2.5176990032196045,0.0,0.0,0.0,0.0,0.0,0.0,0.0,0.0,0.0,0.0,0.0,0.0,0.023000000044703484,0.023000000044703484,0.02,0.15,0.0,0.0,0.0,0.0,0.0,0.0,0.0,0.0,0.0,0.0,0.0,0.0,0.28399989008903503,0.0997205302119255,0.0009200923373100522,8.039698600769043,186,nan,-1.0,True,,False,0.010050058364868164,0.0,0.1258549690246582,20.0,20.0,1.0,0.0,0.0,0.0,0.0,0.0
947,15.094532012939453,0.0,0.0,0.0,15.094532012939453,0.4096169173717499,8.47636604309082,2.520892858505249,0.0,0.0,0.0,0.0,0.0,0.0,0.0,0.0,0.0,0.0,0.0,0.0,0.023000000044703484,0.023000000044703484,0.02,0.15,0.0,0.0,0.0,0.0,0.0,0.0,0.0,0.0,0.0,0.0,0.0,0.0,0.2840980589389801,0.0997355580329895,0.000860505483160523,8.039698600769043,186,nan,-1.0,True,,False,0.010050058364868164,0.0,0.1258549690246582,20.0,20.0,1.0,0.0,0.0,0.0,0.0,0.0
948,15.992104530334473,0.0,0.0,0.0,15.992104530334473,0.3896692991256714,8.457552909851074,2.5240867137908936,0.0,0.0,0.0,0.0,0.0,0.0,0.0,0.0,0.0,0.0,0.0,0.0,0.023000000044703484,0.023000000044703484,0.020000000000000004,0.15,0.0,0.0,0.0,0.0,0.0,0.0,0.0,0.0,0.0,0.0,0.0,0.0,0.2842329740524292,0.09975049644708633,0.0008091612585303665,8.039698600769043,186,nan,-1.0,True,,False,0.010050058364868164,0.0,0.1258549690246582,20.0,20.0,1.0,0.0,0.0,0.0,0.0,0.0
949,16.54559898376465,0.0,0.0,0.0,16.54559898376465,0.37835049629211426,8.438552856445312,2.527297019958496,0.0,0.0,0.0,0.0,0.0,0.0,0.0,0.0,0.0,0.0,0.0,0.0,0.023000000044703484,0.023000000044703484,0.02,0.15,0.0,0.0,0.0,0.0,0.0,0.0,0.0,0.0,0.0,0.0,0.0,0.0,0.28440919518470764,0.0997653678059578,0.0007690350339544239,8.039698600769043,186,nan,-1.0,True,,False,0.010050058364868164,0.0,0.1258549690246582,20.0,20.0,1.0,0.0,0.0,0.0,0.0,0.0
950,16.745698928833008,0.0,0.0,0.0,16.745698928833008,0.37476035952568054,8.419317245483398,2.5305604934692383,0.0,0.0,0.0,0.0,0.0,0.0,0.0,0.0,0.0,0.0,0.0,0.0,0.023000000044703484,0.023000000044703484,0.02,0.15,0.0,0.0,0.0,0.0,0.0,0.0,0.0,0.0,0.0,0.0,0.0,0.0,0.28462859988212585,0.09977994859218597,0.0007518236197938677,8.039698600769043,186,nan,-1.0,True,,False,0.010050058364868164,0.0,0.1258549690246582,20.0,20.0,1.0,0.0,0.0,0.0,0.0,0.0
951,16.58579444885254,0.0,0.0,0.0,16.58579444885254,0.378692626953125,8.399868965148926,2.533921480178833,0.0,0.0,0.0,0.0,0.0,0.0,0.0,0.0,0.0,0.0,0.0,0.0,0.023000000044703484,0.023000000044703484,0.02,0.15,0.0,0.0,0.0,0.0,0.0,0.0,0.0,0.0,0.0,0.0,0.0,0.0,0.2848915457725525,0.09979419410228729,0.0007895594972069375,8.039698600769043,186,nan,-1.0,True,,False,0.010050058364868164,0.0,0.1258549690246582,20.0,20.0,1.0,0.0,0.0,0.0,0.0,0.0
952,16.16949462890625,0.0,0.0,0.0,16.16949462890625,0.3882496953010559,8.380218505859375,2.5374252796173096,0.0,0.0,0.0,0.0,0.0,0.0,0.0,0.0,0.0,0.0,0.0,0.0,0.023000000044703484,0.023000000044703484,0.02,0.15,0.0,0.0,0.0,0.0,0.0,0.0,0.0,0.0,0.0,0.0,0.0,0.0,0.28519269824028015,0.09980817884206772,0.0008825731206343335,8.039698600769043,186,nan,-1.0,True,,False,0.010050058364868164,0.0,0.1258549690246582,20.0,20.0,1.0,0.0,0.0,0.0,0.0,0.0
953,15.568623542785645,0.0,0.0,0.0,15.568623542785645,0.4024445414543152,8.360374450683594,2.54111647605896,0.0,0.0,0.0,0.0,0.0,0.0,0.0,0.0,0.0,0.0,0.0,0.0,0.023000000044703484,0.023000000044703484,0.02,0.15000000000000002,0.0,0.0,0.0,0.0,0.0,0.0,0.0,0.0,0.0,0.0,0.0,0.0,0.28552815318107605,0.09982176125049591,0.0010321027866666554,8.039698600769043,186,nan,-1.0,True,,False,0.010050058364868164,0.0,0.1258549690246582,20.0,20.0,1.0,0.0,0.0,0.0,0.0,0.0
954,14.813813209533691,0.0,0.0,0.0,14.813813209533691,0.4212917387485504,8.340326309204102,2.5449881553649902,0.0,0.0,0.0,0.0,0.0,0.0,0.0,0.0,0.0,0.0,0.0,0.0,0.023000000044703484,0.023000000044703484,0.02,0.15,0.0,0.0,0.0,0.0,0.0,0.0,0.0,0.0,0.0,0.0,0.0,0.0,0.28589481115341187,0.09983482956886292,0.0012325759626037325,8.039698600769043,186,nan,-1.0,True,,False,0.010050058364868164,0.0,0.1258549690246582,20.0,20.0,1.0,0.0,0.0,0.0,0.0,0.0
955,14.01370620727539,0.0,0.0,0.0,14.01370620727539,0.44283413887023926,8.320091247558594,2.5490646362304688,0.0,0.0,0.0,0.0,0.0,0.0,0.0,0.0,0.0,0.0,0.0,0.0,0.023000000044703484,0.023000000044703484,0.02,0.14999999999999997,0.0,0.0,0.0,0.0,0.0,0.0,0.0,0.0,0.0,0.0,0.0,0.0,0.28628817200660706,0.0998474508523941,0.0014885217597111478,8.039698600769043,186,nan,-1.0,True,,False,0.010050058364868164,0.0,0.1258549690246582,20.0,20.0,1.0,0.0,0.0,0.0,0.0,0.0
956,13.102733612060547,0.0,0.0,0.0,13.102733612060547,0.46948662400245667,8.299688339233398,2.553332567214966,0.0,0.0,0.0,0.0,0.0,0.0,0.0,0.0,0.0,0.0,0.0,0.0,0.023000000044703484,0.023000000044703484,0.02,0.15,0.0,0.0,0.0,0.0,0.0,0.0,0.0,0.0,0.0,0.0,0.0,0.0,0.2867015302181244,0.09985943883657455,0.0017627480315240973,8.039698600769043,186,nan,-1.0,True,,False,0.010050058364868164,0.0,0.1258549690246582,20.0,20.0,1.0,0.0,0.0,0.0,0.0,0.0
957,13.822336196899414,0.0,0.0,0.0,13.822336196899414,0.45015206933021545,8.279167175292969,2.5578670501708984,0.0,0.0,0.0,0.0,0.0,0.0,0.0,0.0,0.0,0.0,0.0,0.0,0.023000000044703484,0.023000000044703484,0.02,0.14999999999999997,0.0,0.0,0.0,0.0,0.0,0.0,0.0,0.0,0.0,0.0,0.0,0.0,0.28712937235832214,0.0998707190155983,0.0018003751097239729,8.039698600769043,186,nan,-1.0,True,,False,0.010050058364868164,0.0,0.1258549690246582,20.0,20.0,1.0,0.0,0.0,0.0,0.0,0.0
958,14.329519271850586,0.0,0.0,0.0,14.329519271850586,0.4377064108848572,8.257715225219727,2.562466859817505,0.0,0.0,0.0,0.0,0.0,0.0,0.0,0.0,0.0,0.0,0.0,0.0,0.023000000044703484,0.023000000044703484,0.02,0.15,0.0,0.0,0.0,0.0,0.0,0.0,0.0,0.0,0.0,0.0,0.0,0.0,0.2875766456127167,0.09988182038068771,0.0017829477683335426,8.039698600769043,186,nan,-1.0,True,,False,0.010050058364868164,0.0,0.1258549690246582,20.0,20.0,1.0,0.0,0.0,0.0,0.0,0.0
959,16.904373168945312,0.0,0.0,0.0,16.904373168945312,0.37852686643600464,8.235397338867188,2.5668580532073975,0.0,0.0,0.0,0.0,0.0,0.0,0.0,0.0,0.0,0.0,0.0,0.0,0.023000000044703484,0.023000000044703484,0.02,0.15,0.0,0.0,0.0,0.0,0.0,0.0,0.0,0.0,0.0,0.0,0.0,0.0,0.2880368232727051,0.09989277273416519,0.0010340013418499439,8.039698600769043,186,nan,-1.0,True,,False,0.010050058364868164,0.0,0.1258549690246582,20.0,20.0,1.0,0.0,0.0,0.0,0.0,0.0
960,19.7568302154541,0.0,0.0,0.0,19.7568302154541,0.32637080550193787,8.212730407714844,2.571141242980957,0.0,0.0,0.0,0.0,0.0,0.0,0.0,0.0,0.0,0.0,0.0,0.0,0.023000000044703484,0.023000000044703484,0.02,0.15,0.0,0.0,0.0,0.0,0.0,0.0,0.0,0.0,0.0,0.0,0.0,0.0,0.2884834110736847,0.09990242123603821,0.0009985196561501652,8.039698600769043,186,nan,-1.0,True,,False,0.010050058364868164,0.0,0.1258549690246582,20.0,20.0,1.0,0.0,0.0,0.0,0.0,0.0
961,23.018173217773438,0.0,0.0,0.0,23.018173217773438,0.27906009554862976,8.189781188964844,2.575564384460449,0.0,0.0,0.0,0.0,0.0,0.0,0.0,0.0,0.0,0.0,0.0,0.0,0.023000000044703484,0.023000000044703484,0.02,0.15,0.0,0.0,0.0,0.0,0.0,0.0,0.0,0.0,0.0,0.0,0.0,0.0,0.2889171242713928,0.09991072118282318,0.0009774470190677675,8.039698600769043,186,nan,-1.0,True,,False,0.010050058364868164,0.0,0.1258549690246582,20.0,20.0,1.0,0.0,0.0,0.0,0.0,0.0
962,26.85110855102539,0.0,0.0,0.0,26.85110855102539,0.23539695143699646,8.166555404663086,2.5800323486328125,0.0,0.0,0.0,0.0,0.0,0.0,0.0,0.0,0.0,0.0,0.0,0.0,0.023000000044703484,0.023000000044703484,0.02,0.15,0.0,0.0,0.0,0.0,0.0,0.0,0.0,0.0,0.0,0.0,0.0,0.0,0.28932690620422363,0.09991780668497086,0.000961971082688251,8.039698600769043,186,nan,-1.0,True,,False,0.010050058364868164,0.0,0.1258549690246582,20.0,20.0,1.0,0.0,0.0,0.0,0.0,0.0
963,38.43630599975586,0.0,0.0,0.0,38.43630599975586,0.1493382751941681,8.143110275268555,2.5846712589263916,0.0,0.0,0.0,0.0,0.0,0.0,0.0,0.0,0.0,0.0,0.0,0.0,0.023000000044703484,0.023000000044703484,0.02,0.14999999999999997,0.0,0.0,0.0,0.0,0.0,0.0,0.0,0.0,0.0,0.0,0.0,0.0,0.28971773386001587,0.09992383420467377,0.0008636033828679501,8.039698600769043,186,nan,-1.0,True,,False,0.010050058364868164,0.0,0.1258549690246582,20.0,20.0,1.0,0.0,0.0,0.0,0.0,0.0
964,72.7500991821289,0.0,0.0,0.0,72.7500991821289,0.052658561617136,8.119553565979004,2.589404821395874,0.0,0.0,0.0,0.0,0.0,0.0,0.0,0.0,0.0,0.0,0.0,0.0,0.023000000044703484,0.023000000044703484,0.02,0.15,0.0,0.0,0.0,0.0,0.0,0.0,0.0,0.0,0.0,0.0,0.0,0.0,0.2900909185409546,0.09992961585521698,0.0008542325199414336,8.039698600769043,186,nan,-1.0,True,,False,0.010050058364868164,0.0,0.1258549690246582,20.0,20.0,1.0,0.0,0.0,0.0,0.0,0.0
965,98.4337387084961,0.0,0.0,0.0,98.4337387084961,0.028296273201704025,8.095895767211914,2.5934927463531494,0.0,0.0,0.0,0.0,0.0,0.0,0.0,0.0,0.0,0.0,0.0,0.0,0.023000000044703484,0.023000000044703484,0.02,0.15,0.0,0.0,0.0,0.0,0.0,0.0,0.0,0.0,0.0,0.0,0.0,0.0,0.29044562578201294,0.09993509948253632,0.0008478308459416439,8.039698600769043,186,nan,-1.0,True,,False,0.010050058364868164,0.0,0.1258549690246582,20.0,20.0,1.0,0.0,0.0,0.0,0.0,0.0
966,53.89915084838867,0.0,0.0,0.0,53.89915084838867,0.0900702029466629,8.071979522705078,2.5965566635131836,0.0,0.0,0.0,0.0,0.0,0.0,0.0,0.0,0.0,0.0,0.0,0.0,0.023000000044703484,0.023000000044703484,0.02,0.15,0.0,0.0,0.0,0.0,0.0,0.0,0.0,0.0,0.0,0.0,0.0,0.0,0.2908135652542114,0.09994015097618103,0.0009432814583760774,8.039698600769043,186,nan,-1.0,True,,False,0.010050058364868164,0.0,0.1258549690246582,20.0,20.0,1.0,0.0,0.0,0.0,0.0,0.0
967,67.44280242919922,0.0,0.0,0.0,67.44280242919922,0.06095408275723457,8.047853469848633,2.599799394607544,0.0,0.0,0.0,0.0,0.0,0.0,0.0,0.0,0.0,0.0,0.0,0.0,0.023000000044703484,0.023000000044703484,0.02,0.15,0.0,0.0,0.0,0.0,0.0,0.0,0.0,0.0,0.0,0.0,0.0,0.0,0.29116091132164,0.09994450211524963,0.0009524944193799456,8.039698600769043,186,nan,-1.0,True,,False,0.010050058364868164,0.0,0.1258549690246582,20.0,20.0,1.0,0.0,0.0,0.0,0.0,0.0
968,86.94649505615234,0.0,0.0,0.0,86.94649505615234,0.03707367181777954,8.023565292358398,2.603327989578247,0.0,0.0,0.0,0.0,0.0,0.0,0.0,0.0,0.0,0.0,0.0,0.0,0.023000000044703484,0.023000000044703484,0.02,0.15,0.0,0.0,0.0,0.0,0.0,0.0,0.0,0.0,0.0,0.0,0.0,0.0,0.291504830121994,0.09994833916425705,0.0009704479075480776,8.039698600769043,186,nan,-1.0,True,,False,0.010050058364868164,0.0,0.1258549690246582,20.0,20.0,1.0,0.0,0.0,0.0,0.0,0.0
969,119.11192321777344,0.0,0.0,0.0,119.11192321777344,0.018228530883789062,7.999093055725098,2.607137680053711,0.0,0.0,0.0,0.0,0.0,0.0,0.0,0.0,0.0,0.0,0.0,0.0,0.023000000044703484,0.023000000044703484,0.02,0.15,0.0,0.0,0.0,0.0,0.0,0.0,0.0,0.0,0.0,0.0,0.0,0.0,0.29180002212524414,0.0999518632888794,0.001004224080588756,8.039698600769043,186,nan,-1.0,True,,False,0.010050058364868164,0.0,0.1258549690246582,20.0,20.0,1.0,0.0,0.0,0.0,0.0,0.0
970,203.44403076171875,0.0,0.0,0.0,203.44403076171875,0.004082821309566498,7.974452972412109,2.611207962036133,0.0,0.0,0.0,0.0,0.0,0.0,0.0,0.0,0.0,0.0,0.0,0.0,0.023000000044703484,0.023000000044703484,0.02,0.14999999999999997,0.0,0.0,0.0,0.0,0.0,0.0,0.0,0.0,0.0,0.0,0.0,0.0,0.29204362630844116,0.0999552384018898,0.001054532189073143,8.039698600769043,186,nan,-1.0,True,,False,0.010050058364868164,0.0,0.1258549690246582,20.0,20.0,1.0,0.0,0.0,0.0,0.0,0.0
971,139.14405822753906,0.0,0.0,0.0,139.14405822753906,0.012327413074672222,7.949624061584473,2.615302324295044,0.0,0.0,0.0,0.0,0.0,0.0,0.0,0.0,0.0,0.0,0.0,0.0,0.023000000044703484,0.023000000044703484,0.02,0.15,0.0,0.0,0.0,0.0,0.0,0.0,0.0,0.0,0.0,0.0,0.0,0.0,0.2922636568546295,0.09995859861373901,0.001137887713866803,8.039698600769043,186,nan,-1.0,True,,False,0.010050058364868164,0.0,0.1258549690246582,20.0,20.0,1.0,0.0,0.0,0.0,0.0,0.0
972,84.67296600341797,0.0,0.0,0.0,84.67296600341797,0.03943668305873871,7.924642562866211,2.619340419769287,0.0,0.0,0.0,0.0,0.0,0.0,0.0,0.0,0.0,0.0,0.0,0.0,0.023000000044703484,0.023000000044703484,0.02,0.15,0.0,0.0,0.0,0.0,0.0,0.0,0.0,0.0,0.0,0.0,0.0,0.0,0.29248347878456116,0.09996240586042404,0.0012073447414877592,8.039698600769043,186,nan,-1.0,True,,False,0.010050058364868164,0.0,0.1258549690246582,20.0,20.0,1.0,0.0,0.0,0.0,0.0,0.0
973,61.88983917236328,0.0,0.0,0.0,61.88983917236328,0.0718865841627121,7.899503707885742,2.6234724521636963,0.0,0.0,0.0,0.0,0.0,0.0,0.0,0.0,0.0,0.0,0.0,0.0,0.023000000044703484,0.023000000044703484,0.02,0.14999999999999997,0.0,0.0,0.0,0.0,0.0,0.0,0.0,0.0,0.0,0.0,0.0,0.0,0.2927151620388031,0.0999663844704628,0.001252518977253203,8.039698600769043,186,nan,-1.0,True,,False,0.010050058364868164,0.0,0.1258549690246582,20.0,20.0,1.0,0.0,0.0,0.0,0.0,0.0
974,48.19157028198242,0.0,0.0,0.0,48.19157028198242,0.10917070508003235,7.874182224273682,2.627717971801758,0.0,0.0,0.0,0.0,0.0,0.0,0.0,0.0,0.0,0.0,0.0,0.0,0.023000000044703484,0.023000000044703484,0.02,0.15,0.0,0.0,0.0,0.0,0.0,0.0,0.0,0.0,0.0,0.0,0.0,0.0,0.2930319011211395,0.09997031092643738,0.0012691723518400977,8.039698600769043,186,nan,-1.0,True,,False,0.010050058364868164,0.0,0.1258549690246582,20.0,20.0,1.0,0.0,0.0,0.0,0.0,0.0
975,43.89625549316406,0.0,0.0,0.0,43.89625549316406,0.12615442276000977,7.847275257110596,2.6317617893218994,0.0,0.0,0.0,0.0,0.0,0.0,0.0,0.0,0.0,0.0,0.0,0.0,0.023000000044703484,0.023000000044703484,0.02,0.15,0.0,0.0,0.0,0.0,0.0,0.0,0.0,0.0,0.0,0.0,0.0,0.0,0.2933654189109802,0.09997402876615524,0.0018285224846295023,8.039698600769043,186,nan,-1.0,True,,False,0.010050058364868164,0.0,0.1258549690246582,20.0,20.0,1.0,0.0,0.0,0.0,0.0,0.0
976,52.78986740112305,0.0,0.0,0.0,52.78986740112305,0.09472399950027466,7.818146705627441,2.6353702545166016,0.0,0.0,0.0,0.0,0.0,0.0,0.0,0.0,0.0,0.0,0.0,0.0,0.023000000044703484,0.023000000044703484,0.02,0.15000000000000002,0.0,0.0,0.0,0.0,0.0,0.0,0.0,0.0,0.0,0.0,0.0,0.0,0.29372286796569824,0.09997784346342087,0.0018233809892080899,8.039698600769043,186,nan,-1.0,True,,False,0.010050058364868164,0.0,0.1258549690246582,20.0,20.0,1.0,0.0,0.0,0.0,0.0,0.0
977,63.474578857421875,0.0,0.0,0.0,63.474578857421875,0.06924736499786377,7.7894110679626465,2.6390299797058105,0.0,0.0,0.0,0.0,0.0,0.0,0.0,0.0,0.0,0.0,0.0,0.0,0.023000000044703484,0.023000000044703484,0.02,0.15,0.0,0.0,0.0,0.0,0.0,0.0,0.0,0.0,0.0,0.0,0.0,0.0,0.2940977215766907,0.09998080134391785,0.001818917031869205,8.039698600769043,186,nan,-1.0,True,,False,0.010050058364868164,0.0,0.1258549690246582,20.0,20.0,1.0,0.0,0.0,0.0,0.0,0.0
978,74.648193359375,0.0,0.0,0.0,74.648193359375,0.051299337297677994,7.761221885681152,2.6426401138305664,0.0,0.0,0.0,0.0,0.0,0.0,0.0,0.0,0.0,0.0,0.0,0.0,0.023000000044703484,0.023000000044703484,0.02,0.15000000000000002,0.0,0.0,0.0,0.0,0.0,0.0,0.0,0.0,0.0,0.0,0.0,0.0,0.29449185729026794,0.09998352080583572,0.0017975450227822876,8.039698600769043,186,nan,-1.0,True,,False,0.010050058364868164,0.0,0.1258549690246582,20.0,20.0,1.0,0.0,0.0,0.0,0.0,0.0
979,81.20671844482422,0.0,0.0,0.0,81.20671844482422,0.043510016053915024,7.733785629272461,2.6461985111236572,0.0,0.0,0.0,0.0,0.0,0.0,0.0,0.0,0.0,0.0,0.0,0.0,0.023000000044703484,0.023000000044703484,0.02,0.14999999999999997,0.0,0.0,0.0,0.0,0.0,0.0,0.0,0.0,0.0,0.0,0.0,0.0,0.2949083745479584,0.09998653829097748,0.001756473369368905,8.039698600769043,186,nan,-1.0,True,,False,0.010050058364868164,0.0,0.1258549690246582,20.0,20.0,1.0,0.0,0.0,0.0,0.0,0.0
980,77.90808868408203,0.0,0.0,0.0,77.90808868408203,0.04736532270908356,7.707266330718994,2.649620294570923,0.0,0.0,0.0,0.0,0.0,0.0,0.0,0.0,0.0,0.0,0.0,0.0,0.023000000044703484,0.023000000044703484,0.02,0.15,0.0,0.0,0.0,0.0,0.0,0.0,0.0,0.0,0.0,0.0,0.0,0.0,0.2953494191169739,0.09999004006385803,0.0017524253089504782,8.039698600769043,186,nan,-1.0,True,,False,0.010050058364868164,0.0,0.1258549690246582,20.0,20.0,1.0,0.0,0.0,0.0,0.0,0.0
981,67.3234634399414,0.0,0.0,0.0,67.3234634399414,0.06273171305656433,7.681682109832764,2.6529059410095215,0.0,0.0,0.0,0.0,0.0,0.0,0.0,0.0,0.0,0.0,0.0,0.0,0.023000000044703484,0.023000000044703484,0.02,0.14999999999999997,0.0,0.0,0.0,0.0,0.0,0.0,0.0,0.0,0.0,0.0,0.0,0.0,0.2958165407180786,0.0999939888715744,0.0017471234377808287,8.039698600769043,186,nan,-1.0,True,,False,0.010050058364868164,0.0,0.1258549690246582,20.0,20.0,1.0,0.0,0.0,0.0,0.0,0.0
982,60.37141418457031,0.0,0.0,0.0,60.37141418457031,0.0764252170920372,7.656967639923096,2.6560587882995605,0.0,0.0,0.0,0.0,0.0,0.0,0.0,0.0,0.0,0.0,0.0,0.0,0.023000000044703484,0.023000000044703484,0.02,0.14999999999999997,0.0,0.0,0.0,0.0,0.0,0.0,0.0,0.0,0.0,0.0,0.0,0.0,0.29630985856056213,0.09999822080135345,0.0015954684358803206,8.039698600769043,186,nan,-1.0,True,,False,0.010050058364868164,0.0,0.1258549690246582,20.0,20.0,1.0,0.0,0.0,0.0,0.0,0.0
983,60.61453628540039,0.0,0.0,0.0,60.61453628540039,0.07594563066959381,7.629659652709961,2.658554792404175,0.0,0.0,0.0,0.0,0.0,0.0,0.0,0.0,0.0,0.0,0.0,0.0,0.023000000044703484,0.023000000044703484,0.02,0.15000000000000002,0.0,0.0,0.0,0.0,0.0,0.0,0.0,0.0,0.0,0.0,0.0,0.0,0.29683324694633484,0.09999997913837433,0.0015902280917998723,8.039698600769043,186,nan,-1.0,True,,False,0.010050058364868164,0.0,0.1258549690246582,20.0,20.0,1.0,0.0,0.0,0.0,0.0,0.0
984,57.050048828125,0.0,0.0,0.0,57.050048828125,0.08444392681121826,7.601934432983398,2.6608846187591553,0.0,0.0,0.0,0.0,0.0,0.0,0.0,0.0,0.0,0.0,0.0,0.0,0.023000000044703484,0.023000000044703484,0.02,0.15,0.0,0.0,0.0,0.0,0.0,0.0,0.0,0.0,0.0,0.0,0.0,0.0,0.2973822355270386,0.09999994933605194,0.0009170218836516142,8.039698600769043,186,nan,-1.0,True,,False,0.010050058364868164,0.0,0.1258549690246582,20.0,20.0,1.0,0.0,0.0,0.0,0.0,0.0
985,90.88220977783203,0.0,0.0,0.0,90.88220977783203,0.03474275767803192,7.634533882141113,2.6633689403533936,0.0,0.0,0.0,0.0,0.0,0.0,0.0,0.0,0.0,0.0,0.0,0.0,0.023000000044703484,0.023000000044703484,0.02,0.15,0.0,0.0,0.0,0.0,0.0,0.0,0.0,0.0,0.0,0.0,0.0,0.0,0.297918438911438,0.09999996423721313,0.000895711106750241,8.039698600769043,186,nan,-1.0,True,,False,0.010050058364868164,0.0,0.1258549690246582,20.0,20.0,1.0,0.0,0.0,0.0,0.0,0.0
986,153.63818359375,0.0,0.0,0.0,153.63818359375,0.009652167558670044,7.690448760986328,2.665923833847046,0.0,0.0,0.0,0.0,0.0,0.0,0.0,0.0,0.0,0.0,0.0,0.0,0.023000000044703484,0.023000000044703484,0.02,0.15,0.0,0.0,0.0,0.0,0.0,0.0,0.0,0.0,0.0,0.0,0.0,0.0,0.2984400689601898,0.09999994933605194,0.00088051009697665,8.039698600769043,186,nan,-1.0,True,,False,0.010050058364868164,0.0,0.1258549690246582,20.0,20.0,1.0,0.0,0.0,0.0,0.0,0.0
987,73.53009033203125,0.0,0.0,0.0,73.53009033203125,0.05349070578813553,7.747594356536865,2.6680145263671875,0.0,0.0,0.0,0.0,0.0,0.0,0.0,0.0,0.0,0.0,0.0,0.0,0.023000000044703484,0.023000000044703484,0.02,0.15,0.0,0.0,0.0,0.0,0.0,0.0,0.0,0.0,0.0,0.0,0.0,0.0,0.29898303747177124,0.09999998658895493,0.0008619404779892648,8.039698600769043,186,nan,-1.0,True,,False,0.010050058364868164,0.0,0.1258549690246582,20.0,20.0,1.0,0.0,0.0,0.0,0.0,0.0
988,51.26752471923828,0.0,0.0,0.0,51.26752471923828,0.10110234469175339,7.805509567260742,2.6701693534851074,0.0,0.0,0.0,0.0,0.0,0.0,0.0,0.0,0.0,0.0,0.0,0.0,0.023000000044703484,0.023000000044703484,0.02,0.15,0.0,0.0,0.0,0.0,0.0,0.0,0.0,0.0,0.0,0.0,0.0,0.0,0.2995466887950897,0.09999998658895493,0.0008299441690269305,8.039698600769043,186,nan,-1.0,True,,False,0.010050058364868164,0.0,0.1258549690246582,20.0,20.0,1.0,0.0,0.0,0.0,0.0,0.0
989,40.27831268310547,0.0,0.0,0.0,40.27831268310547,0.14606818556785583,7.863723278045654,2.6724119186401367,0.0,0.0,0.0,0.0,0.0,0.0,0.0,0.0,0.0,0.0,0.0,0.0,0.023000000044703484,0.023000000044703484,0.02,0.15,0.0,0.0,0.0,0.0,0.0,0.0,0.0,0.0,0.0,0.0,0.0,0.0,0.30012866854667664,0.09999994188547134,0.0015447969549313711,8.039698600769043,186,nan,-1.0,True,,False,0.010050058364868164,0.0,0.1258549690246582,20.0,20.0,1.0,0.0,0.0,0.0,0.0,0.0
990,41.44292068481445,0.0,0.0,0.0,41.44292068481445,0.1404765546321869,7.939858913421631,2.6745951175689697,0.0,0.0,0.0,0.0,0.0,0.0,0.0,0.0,0.0,0.0,0.0,0.0,0.023000000044703484,0.023000000044703484,0.02,0.15,0.0,0.0,0.0,0.0,0.0,0.0,0.0,0.0,0.0,0.0,0.0,0.0,0.3007328510284424,0.10000000149011612,0.00043420909150881926,8.039698600769043,186,nan,-1.0,True,,False,0.010050058364868164,0.0,0.1258549690246582,20.0,20.0,1.0,0.0,0.0,0.0,0.0,0.0
991,76.60873413085938,0.0,0.0,0.0,76.60873413085938,0.04970775544643402,8.040680885314941,2.6768553256988525,0.0,0.0,0.0,0.0,0.0,0.0,0.0,0.0,0.0,0.0,0.0,0.0,0.023000000044703484,0.023000000044703484,0.02,0.15,0.0,0.0,0.0,0.0,0.0,0.0,0.0,0.0,0.0,0.0,0.0,0.0,0.30134260654449463,0.09999997913837433,0.00024415971665803227,8.039698600769043,186,nan,-1.0,True,,False,0.010050058364868164,0.0,0.1258549690246582,20.0,20.0,1.0,0.0,0.0,0.0,0.0,0.0
992,163.40438842773438,0.0,0.0,0.0,163.40438842773438,0.008186038583517075,8.139307022094727,2.6782732009887695,0.0,0.0,0.0,0.0,0.0,0.0,0.0,0.0,0.0,0.0,0.0,0.0,0.023000000044703484,0.023000000044703484,0.02,0.15,0.0,0.0,0.0,0.0,0.0,0.0,0.0,0.0,0.0,0.0,0.0,0.0,0.3019666075706482,0.10000000149011612,0.0009457509249841678,8.039698600769043,186,nan,-1.0,True,,False,0.010050058364868164,0.0,0.1258549690246582,20.0,20.0,1.0,0.0,0.0,0.0,0.0,0.0
993,56.01361083984375,0.0,0.0,0.0,56.01361083984375,0.08784028887748718,8.244686126708984,2.6780405044555664,0.0,0.0,0.0,0.0,0.0,0.0,0.0,0.0,0.0,0.0,0.0,0.0,0.023000000044703484,0.023000000044703484,0.02,0.15,0.0,0.0,0.0,0.0,0.0,0.0,0.0,0.0,0.0,0.0,0.0,0.0,0.30260834097862244,0.09999997913837433,0.0009639438649173826,8.039698600769043,186,nan,-1.0,True,,False,0.010050058364868164,0.0,0.1258549690246582,20.0,20.0,1.0,0.0,0.0,0.0,0.0,0.0
994,34.18492889404297,0.0,0.0,0.0,34.18492889404297,0.1834300458431244,8.357288360595703,2.6784040927886963,0.0,0.0,0.0,0.0,0.0,0.0,0.0,0.0,0.0,0.0,0.0,0.0,0.023000000044703484,0.023000000044703484,0.02,0.15,0.0,0.0,0.0,0.0,0.0,0.0,0.0,0.0,0.0,0.0,0.0,0.0,0.3032262325286865,0.10000000149011612,0.0005755401007263572,8.039698600769043,186,nan,-1.0,True,,False,0.010050058364868164,0.0,0.1258549690246582,20.0,20.0,1.0,0.0,0.0,0.0,0.0,0.0
995,28.098142623901367,0.0,0.0,0.0,28.098142623901367,0.23457419872283936,8.478044509887695,2.6790690422058105,0.0,0.0,0.0,0.0,0.0,0.0,0.0,0.0,0.0,0.0,0.0,0.0,0.023000000044703484,0.023000000044703484,0.02,0.15,0.0,0.0,0.0,0.0,0.0,0.0,0.0,0.0,0.0,0.0,0.0,0.0,0.3038124144077301,0.09999997168779373,0.0004996240486434544,8.039698600769043,186,nan,-1.0,True,,False,0.010050058364868164,0.0,0.1258549690246582,20.0,20.0,1.0,0.0,0.0,0.0,0.0,0.0
996,30.41609001159668,0.0,0.0,0.0,30.41609001159668,0.2128095179796219,8.601716041564941,2.6800355911254883,0.0,0.0,0.0,0.0,0.0,0.0,0.0,0.0,0.0,0.0,0.0,0.0,0.023000000044703484,0.023000000044703484,0.02,0.15,0.0,0.0,0.0,0.0,0.0,0.0,0.0,0.0,0.0,0.0,0.0,0.0,0.30441877245903015,0.09999643266201019,0.0005414050638137269,8.039698600769043,186,nan,-1.0,True,,False,0.010050058364868164,0.0,0.1258549690246582,20.0,20.0,1.0,0.0,0.0,0.0,0.0,0.0
997,33.591102600097656,0.0,0.0,0.0,33.591102600097656,0.18762637674808502,8.726943016052246,2.681271553039551,0.0,0.0,0.0,0.0,0.0,0.0,0.0,0.0,0.0,0.0,0.0,0.0,0.023000000044703484,0.023000000044703484,0.02,0.15,0.0,0.0,0.0,0.0,0.0,0.0,0.0,0.0,0.0,0.0,0.0,0.0,0.3049623966217041,0.09981702268123627,0.0016152159121247678,8.039698600769043,186,nan,-1.0,True,,False,0.010050058364868164,0.0,0.1258549690246582,20.0,20.0,1.0,0.0,0.0,0.0,0.0,0.0
998,69.32823181152344,0.0,0.0,0.0,69.32823181152344,0.06011062115430832,8.848562240600586,2.6826295852661133,0.0,0.0,0.0,0.0,0.0,0.0,0.0,0.0,0.0,0.0,0.0,0.0,0.023000000044703484,0.023000000044703484,0.02,0.15000000000000002,0.0,0.0,0.0,0.0,0.0,0.0,0.0,0.0,0.0,0.0,0.0,0.0,0.30552172660827637,0.09966950863599777,0.001625805229650723,8.039698600769043,186,nan,-1.0,True,,False,0.010050058364868164,0.0,0.1258549690246582,20.0,20.0,1.0,0.0,0.0,0.0,0.0,0.0
999,66.02743530273438,0.0,0.0,0.0,66.02743530273438,0.06576137244701385,8.862606048583984,2.682452440261841,0.0,0.0,0.0,0.0,0.0,0.0,0.0,0.0,0.0,0.0,0.0,0.0,0.023000000044703484,0.023000000044703484,0.02,0.15,0.0,0.0,0.0,0.0,0.0,0.0,0.0,0.0,0.0,0.0,0.0,0.0,0.3060898780822754,0.09954836964607239,0.0016397997694639344,8.039698600769043,186,nan,-1.0,True,,False,0.010050058364868164,0.0,0.1258549690246582,20.0,20.0,1.0,0.0,0.0,0.0,0.0,0.0
1000,38.10319900512695,0.0,0.0,0.0,38.10319900512695,0.15803635120391846,8.870424270629883,2.6809210777282715,0.0,0.0,0.0,0.0,0.0,0.0,0.0,0.0,0.0,0.0,0.0,0.0,0.023000000044703484,0.023000000044703484,0.02,0.15,0.0,0.0,0.0,0.0,0.0,0.0,0.0,0.0,0.0,0.0,0.0,0.0,0.3066541850566864,0.0994519367814064,0.0006719926768710138,8.039698600769043,186,nan,-1.0,True,,False,0.010050058364868164,0.0,0.1258549690246582,20.0,20.0,1.0,0.0,0.0,0.0,0.0,0.0
1001,39.01512908935547,0.0,0.0,0.0,39.01512908935547,0.15261369943618774,9.010540008544922,2.6797313690185547,0.0,0.0,0.0,0.0,0.0,0.0,0.0,0.0,0.0,0.0,0.0,0.0,0.023000000044703484,0.023000000044703484,0.02,0.15,0.0,0.0,0.0,0.0,0.0,0.0,0.0,0.0,0.0,0.0,0.0,0.0,0.30723637342453003,0.09937289357185364,0.0006930999829819484,8.039698600769043,186,nan,-1.0,True,,False,0.010050058364868164,0.0,0.1258549690246582,20.0,20.0,1.0,0.0,0.0,0.0,0.0,0.0
1002,38.72441101074219,0.0,0.0,0.0,38.72441101074219,0.15408052504062653,9.161463737487793,2.6788411140441895,0.0,0.0,0.0,0.0,0.0,0.0,0.0,0.0,0.0,0.0,0.0,0.0,0.023000000044703484,0.023000000044703484,0.02,0.15,0.0,0.0,0.0,0.0,0.0,0.0,0.0,0.0,0.0,0.0,0.0,0.0,0.30783531069755554,0.09930834919214249,0.0006921559036072722,8.039698600769043,186,nan,-1.0,True,,False,0.010050058364868164,0.0,0.1258549690246582,20.0,20.0,1.0,0.0,0.0,0.0,0.0,0.0
1003,37.24696731567383,0.0,0.0,0.0,37.24696731567383,0.16257908940315247,9.324108123779297,2.6783885955810547,0.0,0.0,0.0,0.0,0.0,0.0,0.0,0.0,0.0,0.0,0.0,0.0,0.023000000044703484,0.023000000044703484,0.02,0.15,0.0,0.0,0.0,0.0,0.0,0.0,0.0,0.0,0.0,0.0,0.0,0.0,0.30843695998191833,0.09836691617965698,0.0006678768954770931,8.039698600769043,186,nan,-1.0,True,,False,0.010050058364868164,0.0,0.1258549690246582,20.0,20.0,1.0,0.0,0.0,0.0,0.0,0.0
1004,35.00758743286133,0.0,0.0,0.0,35.00758743286133,0.17693105340003967,9.499879837036133,2.6791059970855713,0.0,0.0,0.0,0.0,0.0,0.0,0.0,0.0,0.0,0.0,0.0,0.0,0.023000000044703484,0.023000000044703484,0.02,0.15,0.0,0.0,0.0,0.0,0.0,0.0,0.0,0.0,0.0,0.0,0.0,0.0,0.30902108550071716,0.09734642505645752,0.0006189588884808472,8.039698600769043,186,nan,-1.0,True,,False,0.010050058364868164,0.0,0.1258549690246582,20.0,20.0,1.0,0.0,0.0,0.0,0.0,0.0
1005,32.34025192260742,0.0,0.0,0.0,32.34025192260742,0.19659899175167084,9.68958568572998,2.680650472640991,0.0,0.0,0.0,0.0,0.0,0.0,0.0,0.0,0.0,0.0,0.0,0.0,0.023000000044703484,0.023000000044703484,0.02,0.15,0.0,0.0,0.0,0.0,0.0,0.0,0.0,0.0,0.0,0.0,0.0,0.0,0.30959415435791016,0.09627032279968262,0.0005140954453963786,8.039698600769043,186,nan,-1.0,True,,False,0.010050058364868164,0.0,0.1258549690246582,20.0,20.0,1.0,0.0,0.0,0.0,0.0,0.0
1006,43.311431884765625,0.0,0.0,0.0,43.311431884765625,0.13169682025909424,9.894973754882812,2.6827147006988525,0.0,0.0,0.0,0.0,0.0,0.0,0.0,0.0,0.0,0.0,0.0,0.0,0.023000000044703484,0.023000000044703484,0.02,0.15,0.0,0.0,0.0,0.0,0.0,0.0,0.0,0.0,0.0,0.0,0.0,0.0,0.3101615607738495,0.09535708278417587,0.0006179725505717215,8.039698600769043,186,nan,-1.0,True,,False,0.010050058364868164,0.0,0.1258549690246582,20.0,20.0,1.0,0.0,0.0,0.0,0.0,0.0
1007,58.800174713134766,0.0,0.0,0.0,58.800174713134766,0.08082528412342072,10.031303405761719,2.682879686355591,0.0,0.0,0.0,0.0,0.0,0.0,0.0,0.0,0.0,0.0,0.0,0.0,0.023000000044703484,0.023000000044703484,0.02,0.15,0.0,0.0,0.0,0.0,0.0,0.0,0.0,0.0,0.0,0.0,0.0,0.0,0.31070929765701294,0.09453845024108887,0.000572655119412957,8.039698600769043,186,nan,-1.0,True,,False,0.010050058364868164,0.0,0.1258549690246582,20.0,20.0,1.0,0.0,0.0,0.0,0.0,0.0
1008,41.420841217041016,0.0,0.0,0.0,41.420841217041016,0.14039376378059387,10.053197860717773,2.679616928100586,0.0,0.0,0.0,0.0,0.0,0.0,0.0,0.0,0.0,0.0,0.0,0.0,0.023000000044703484,0.023000000044703484,0.02,0.15,0.0,0.0,0.0,0.0,0.0,0.0,0.0,0.0,0.0,0.0,0.0,0.0,0.3112645149230957,0.09380219131708145,0.001343097785138525,8.039698600769043,186,nan,-1.0,True,,False,0.010050058364868164,0.0,0.1258549690246582,20.0,20.0,1.0,0.0,0.0,0.0,0.0,0.0
1009,68.51746368408203,0.0,0.0,0.0,68.51746368408203,0.06128573417663574,10.073870658874512,2.6771461963653564,0.0,0.0,0.0,0.0,0.0,0.0,0.0,0.0,0.0,0.0,0.0,0.0,0.023000000044703484,0.023000000044703484,0.02,0.15,0.0,0.0,0.0,0.0,0.0,0.0,0.0,0.0,0.0,0.0,0.0,0.0,0.3118116557598114,0.0931435078382492,0.001013660328453625,8.039698600769043,186,nan,-1.0,True,,False,0.010050058364868164,0.0,0.1258549690246582,20.0,20.0,1.0,0.0,0.0,0.0,0.0,0.0
1010,110.39048767089844,0.0,0.0,0.0,110.39048767089844,0.022551242262125015,10.095077514648438,2.674921751022339,0.0,0.0,0.0,0.0,0.0,0.0,0.0,0.0,0.0,0.0,0.0,0.0,0.023000000044703484,0.023000000044703484,0.02,0.15,0.0,0.0,0.0,0.0,0.0,0.0,0.0,0.0,0.0,0.0,0.0,0.0,0.31235525012016296,0.09255802631378174,0.0010269168665217876,8.039698600769043,186,nan,-1.0,True,,False,0.010050058364868164,0.0,0.1258549690246582,20.0,20.0,1.0,0.0,0.0,0.0,0.0,0.0
1011,72.45838928222656,0.0,0.0,0.0,72.45838928222656,0.05503281205892563,10.116455078125,2.6722726821899414,0.0,0.0,0.0,0.0,0.0,0.0,0.0,0.0,0.0,0.0,0.0,0.0,0.023000000044703484,0.023000000044703484,0.02,0.15,0.0,0.0,0.0,0.0,0.0,0.0,0.0,0.0,0.0,0.0,0.0,0.0,0.3128937780857086,0.09203513711690903,0.0013284798333188519,8.039698600769043,186,nan,-1.0,True,,False,0.010050058364868164,0.0,0.1258549690246582,20.0,20.0,1.0,0.0,0.0,0.0,0.0,0.0
1012,95.7838134765625,0.0,0.0,0.0,95.7838134765625,0.0310344398021698,10.136120796203613,2.670328378677368,0.0,0.0,0.0,0.0,0.0,0.0,0.0,0.0,0.0,0.0,0.0,0.0,0.023000000044703484,0.023000000044703484,0.02,0.15,0.0,0.0,0.0,0.0,0.0,0.0,0.0,0.0,0.0,0.0,0.0,0.0,0.3133760988712311,0.09156683087348938,0.0013240837351986556,8.039698600769043,186,nan,-1.0,True,,False,0.010050058364868164,0.0,0.1258549690246582,20.0,20.0,1.0,0.0,0.0,0.0,0.0,0.0
1013,140.1716766357422,0.0,0.0,0.0,140.1716766357422,0.012368397787213326,10.153751373291016,2.668581008911133,0.0,0.0,0.0,0.0,0.0,0.0,0.0,0.0,0.0,0.0,0.0,0.0,0.023000000044703484,0.023000000044703484,0.02,0.15,0.0,0.0,0.0,0.0,0.0,0.0,0.0,0.0,0.0,0.0,0.0,0.0,0.3138526380062103,0.09114354848861694,0.0013036378186370712,8.039698600769043,186,nan,-1.0,True,,False,0.010050058364868164,0.0,0.1258549690246582,20.0,20.0,1.0,0.0,0.0,0.0,0.0,0.0
1014,249.49774169921875,0.0,0.0,0.0,249.49774169921875,0.002106649102643132,10.168760299682617,2.666961669921875,0.0,0.0,0.0,0.0,0.0,0.0,0.0,0.0,0.0,0.0,0.0,0.0,0.023000000044703484,0.023000000044703484,0.02,0.15,0.0,0.0,0.0,0.0,0.0,0.0,0.0,0.0,0.0,0.0,0.0,0.0,0.31432387232780457,0.09076458215713501,0.0012997240469303506,8.039698600769043,186,nan,-1.0,True,,False,0.010050058364868164,0.0,0.1258549690246582,20.0,20.0,1.0,0.0,0.0,0.0,0.0,0.0
1015,74.99342346191406,0.0,0.0,0.0,74.99342346191406,0.05128714442253113,10.181413650512695,2.664844036102295,0.0,0.0,0.0,0.0,0.0,0.0,0.0,0.0,0.0,0.0,0.0,0.0,0.023000000044703484,0.023000000044703484,0.02,0.15,0.0,0.0,0.0,0.0,0.0,0.0,0.0,0.0,0.0,0.0,0.0,0.0,0.3148031234741211,0.09043051302433014,0.001779579404683318,8.039698600769043,186,nan,-1.0,True,,False,0.010050058364868164,0.0,0.1258549690246582,20.0,20.0,1.0,0.0,0.0,0.0,0.0,0.0
1016,46.49946594238281,0.0,0.0,0.0,46.49946594238281,0.11709862947463989,10.195658683776855,2.662801742553711,0.0,0.0,0.0,0.0,0.0,0.0,0.0,0.0,0.0,0.0,0.0,0.0,0.023000000044703484,0.023000000044703484,0.02,0.15,0.0,0.0,0.0,0.0,0.0,0.0,0.0,0.0,0.0,0.0,0.0,0.0,0.31529685854911804,0.0901450663805008,0.001796899090095394,8.039698600769043,186,nan,-1.0,True,,False,0.010050058364868164,0.0,0.1258549690246582,20.0,20.0,1.0,0.0,0.0,0.0,0.0,0.0
1017,35.129478454589844,0.0,0.0,0.0,35.129478454589844,0.1748207062482834,10.212440490722656,2.6610095500946045,0.0,0.0,0.0,0.0,0.0,0.0,0.0,0.0,0.0,0.0,0.0,0.0,0.023000000044703484,0.023000000044703484,0.02,0.15,0.0,0.0,0.0,0.0,0.0,0.0,0.0,0.0,0.0,0.0,0.0,0.0,0.31581124663352966,0.08991304785013199,0.0009823614232118416,8.039698600769043,186,nan,-1.0,True,,False,0.010050058364868164,0.0,0.1258549690246582,20.0,20.0,1.0,0.0,0.0,0.0,0.0,0.0
1018,37.840946197509766,0.0,0.0,0.0,37.840946197509766,0.1577753871679306,10.229423522949219,2.659393072128296,0.0,0.0,0.0,0.0,0.0,0.0,0.0,0.0,0.0,0.0,0.0,0.0,0.023000000044703484,0.023000000044703484,0.02,0.15,0.0,0.0,0.0,0.0,0.0,0.0,0.0,0.0,0.0,0.0,0.0,0.0,0.31632333993911743,0.08974307775497437,0.000991711859796851,8.039698600769043,186,nan,-1.0,True,,False,0.010050058364868164,0.0,0.1258549690246582,20.0,20.0,1.0,0.0,0.0,0.0,0.0,0.0
1019,39.92725372314453,0.0,0.0,0.0,39.92725372314453,0.14619669318199158,10.246580123901367,2.658151388168335,0.0,0.0,0.0,0.0,0.0,0.0,0.0,0.0,0.0,0.0,0.0,0.0,0.023000000044703484,0.023000000044703484,0.02,0.15,0.0,0.0,0.0,0.0,0.0,0.0,0.0,0.0,0.0,0.0,0.0,0.0,0.31677815318107605,0.08961736410856247,0.0010025451381352468,8.039698600769043,186,nan,-1.0,True,,False,0.010050058364868164,0.0,0.1258549690246582,20.0,20.0,1.0,0.0,0.0,0.0,0.0,0.0
1020,41.266910552978516,0.0,0.0,0.0,41.266910552978516,0.1393682062625885,10.26390266418457,2.657197952270508,0.0,0.0,0.0,0.0,0.0,0.0,0.0,0.0,0.0,0.0,0.0,0.0,0.023000000044703484,0.023000000044703484,0.02,0.15,0.0,0.0,0.0,0.0,0.0,0.0,0.0,0.0,0.0,0.0,0.0,0.0,0.31722936034202576,0.08950366824865341,0.0010155496038350975,8.039698600769043,186,nan,-1.0,True,,False,0.010050058364868164,0.0,0.1258549690246582,20.0,20.0,1.0,0.0,0.0,0.0,0.0,0.0
1021,41.800540924072266,0.0,0.0,0.0,41.800540924072266,0.13676787912845612,10.28135871887207,2.656559467315674,0.0,0.0,0.0,0.0,0.0,0.0,0.0,0.0,0.0,0.0,0.0,0.0,0.023000000044703484,0.023000000044703484,0.02,0.15,0.0,0.0,0.0,0.0,0.0,0.0,0.0,0.0,0.0,0.0,0.0,0.0,0.3176746368408203,0.0894009917974472,0.0010302598777798266,8.039698600769043,186,nan,-1.0,True,,False,0.010050058364868164,0.0,0.1258549690246582,20.0,20.0,1.0,0.0,0.0,0.0,0.0,0.0
1022,41.860740661621094,0.0,0.0,0.0,41.860740661621094,0.13649654388427734,10.298958778381348,2.6562814712524414,0.0,0.0,0.0,0.0,0.0,0.0,0.0,0.0,0.0,0.0,0.0,0.0,0.023000000044703484,0.023000000044703484,0.02,0.15,0.0,0.0,0.0,0.0,0.0,0.0,0.0,0.0,0.0,0.0,0.0,0.0,0.31811174750328064,0.08930801600217819,0.0010489171588687896,8.039698600769043,186,nan,-1.0,True,,False,0.010050058364868164,0.0,0.1258549690246582,20.0,20.0,1.0,0.0,0.0,0.0,0.0,0.0
1023,41.508636474609375,0.0,0.0,0.0,41.508636474609375,0.1382448822259903,10.316667556762695,2.6564435958862305,0.0,0.0,0.0,0.0,0.0,0.0,0.0,0.0,0.0,0.0,0.0,0.0,0.023000000044703484,0.023000000044703484,0.02,0.15,0.0,0.0,0.0,0.0,0.0,0.0,0.0,0.0,0.0,0.0,0.0,0.0,0.318538635969162,0.08922384679317474,0.001065247121914581,8.039698600769043,186,nan,-1.0,True,,False,0.010050058364868164,0.0,0.1258549690246582,20.0,20.0,1.0,0.0,0.0,0.0,0.0,0.0
1024,41.09562683105469,0.0,0.0,0.0,41.09562683105469,0.14037534594535828,10.334504127502441,2.6570487022399902,0.0,0.0,0.0,0.0,0.0,0.0,0.0,0.0,0.0,0.0,0.0,0.0,0.023000000044703484,0.023000000044703484,0.02,0.15,0.0,0.0,0.0,0.0,0.0,0.0,0.0,0.0,0.0,0.0,0.0,0.0,0.31895336508750916,0.0891476422548294,0.0010741256778601382,8.039698600769043,186,nan,-1.0,True,,False,0.010050058364868164,0.0,0.1258549690246582,20.0,20.0,1.0,0.0,0.0,0.0,0.0,0.0
1025,40.53826141357422,0.0,0.0,0.0,40.53826141357422,0.14334726333618164,10.352157592773438,2.658189296722412,0.0,0.0,0.0,0.0,0.0,0.0,0.0,0.0,0.0,0.0,0.0,0.0,0.023000000044703484,0.023000000044703484,0.02,0.15,0.0,0.0,0.0,0.0,0.0,0.0,0.0,0.0,0.0,0.0,0.0,0.0,0.3193535804748535,0.0890786424279213,0.0010687931705888332,8.039698600769043,186,nan,-1.0,True,,False,0.010050058364868164,0.0,0.1258549690246582,20.0,20.0,1.0,0.0,0.0,0.0,0.0,0.0
1026,39.885955810546875,0.0,0.0,0.0,39.885955810546875,0.14699462056159973,10.369274139404297,2.659921407699585,0.0,0.0,0.0,0.0,0.0,0.0,0.0,0.0,0.0,0.0,0.0,0.0,0.023000000044703484,0.023000000044703484,0.02,0.15,0.0,0.0,0.0,0.0,0.0,0.0,0.0,0.0,0.0,0.0,0.0,0.0,0.3197387456893921,0.08901609480381012,0.0010226530337149597,8.039698600769043,186,nan,-1.0,True,,False,0.010050058364868164,0.0,0.1258549690246582,20.0,20.0,1.0,0.0,0.0,0.0,0.0,0.0
1027,39.41463088989258,0.0,0.0,0.0,39.41463088989258,0.14997753500938416,10.38632583618164,2.662436008453369,0.0,0.0,0.0,0.0,0.0,0.0,0.0,0.0,0.0,0.0,0.0,0.0,0.023000000044703484,0.023000000044703484,0.02,0.15,0.0,0.0,0.0,0.0,0.0,0.0,0.0,0.0,0.0,0.0,0.0,0.0,0.3201127052307129,0.08895940333604813,0.0008958234602687298,8.039698600769043,186,nan,-1.0,True,,False,0.010050058364868164,0.0,0.1258549690246582,20.0,20.0,1.0,0.0,0.0,0.0,0.0,0.0
1028,144.0777587890625,0.0,0.0,0.0,144.0777587890625,0.011529326438903809,10.403432846069336,2.665933847427368,0.0,0.0,0.0,0.0,0.0,0.0,0.0,0.0,0.0,0.0,0.0,0.0,0.023000000044703484,0.023000000044703484,0.02,0.15,0.0,0.0,0.0,0.0,0.0,0.0,0.0,0.0,0.0,0.0,0.0,0.0,0.32047799229621887,0.08890801668167114,0.001242892919208316,8.039698600769043,186,nan,-1.0,True,,False,0.010050058364868164,0.0,0.1258549690246582,20.0,20.0,1.0,0.0,0.0,0.0,0.0,0.0
1029,55.86247634887695,0.0,0.0,0.0,55.86247634887695,0.08768689632415771,10.420129776000977,2.6629674434661865,0.0,0.0,0.0,0.0,0.0,0.0,0.0,0.0,0.0,0.0,0.0,0.0,0.023000000044703484,0.023000000044703484,0.02,0.15,0.0,0.0,0.0,0.0,0.0,0.0,0.0,0.0,0.0,0.0,0.0,0.0,0.32082870602607727,0.08886146545410156,0.0016286447298625717,8.039698600769043,186,nan,-1.0,True,,False,0.010050058364868164,0.0,0.1258549690246582,20.0,20.0,1.0,0.0,0.0,0.0,0.0,0.0
1030,68.46178436279297,0.0,0.0,0.0,68.46178436279297,0.061137109994888306,10.436458587646484,2.6603708267211914,0.0,0.0,0.0,0.0,0.0,0.0,0.0,0.0,0.0,0.0,0.0,0.0,0.023000000044703484,0.023000000044703484,0.02,0.15,0.0,0.0,0.0,0.0,0.0,0.0,0.0,0.0,0.0,0.0,0.0,0.0,0.3211624324321747,0.08881932497024536,0.0016206559196234593,8.039698600769043,186,nan,-1.0,True,,False,0.010050058364868164,0.0,0.1258549690246582,20.0,20.0,1.0,0.0,0.0,0.0,0.0,0.0
1031,85.0930404663086,0.0,0.0,0.0,85.0930404663086,0.03994018957018852,10.452411651611328,2.6584365367889404,0.0,0.0,0.0,0.0,0.0,0.0,0.0,0.0,0.0,0.0,0.0,0.0,0.023000000044703484,0.023000000044703484,0.02,0.15,0.0,0.0,0.0,0.0,0.0,0.0,0.0,0.0,0.0,0.0,0.0,0.0,0.32147881388664246,0.08878111839294434,0.001608432926786918,8.039698600769043,186,nan,-1.0,True,,False,0.010050058364868164,0.0,0.1258549690246582,20.0,20.0,1.0,0.0,0.0,0.0,0.0,0.0
1032,106.84479522705078,0.0,0.0,0.0,106.84479522705078,0.024304455146193504,10.467912673950195,2.6558501720428467,0.0,0.0,0.0,0.0,0.0,0.0,0.0,0.0,0.0,0.0,0.0,0.0,0.023000000044703484,0.023000000044703484,0.02,0.15,0.0,0.0,0.0,0.0,0.0,0.0,0.0,0.0,0.0,0.0,0.0,0.0,0.3217780292034149,0.08874648809432983,0.0015870299321250059,8.039698600769043,186,nan,-1.0,True,,False,0.010050058364868164,0.0,0.1258549690246582,20.0,20.0,1.0,0.0,0.0,0.0,0.0,0.0
1033,135.3377227783203,0.0,0.0,0.0,135.3377227783203,0.01352720521390438,10.482973098754883,2.6512293815612793,0.0,0.0,0.0,0.0,0.0,0.0,0.0,0.0,0.0,0.0,0.0,0.0,0.023000000044703484,0.023000000044703484,0.02,0.15,0.0,0.0,0.0,0.0,0.0,0.0,0.0,0.0,0.0,0.0,0.0,0.0,0.3220607340335846,0.08871513605117798,0.001562068043540421,8.039698600769043,186,nan,-1.0,True,,False,0.010050058364868164,0.0,0.1258549690246582,20.0,20.0,1.0,0.0,0.0,0.0,0.0,0.0
1034,170.23583984375,0.0,0.0,0.0,170.23583984375,0.007166242226958275,10.497613906860352,2.6469032764434814,0.0,0.0,0.0,0.0,0.0,0.0,0.0,0.0,0.0,0.0,0.0,0.0,0.023000000044703484,0.023000000044703484,0.02,0.15,0.0,0.0,0.0,0.0,0.0,0.0,0.0,0.0,0.0,0.0,0.0,0.0,0.3223207890987396,0.08868670463562012,0.001537658132292563,8.039698600769043,186,nan,-1.0,True,,False,0.010050058364868164,0.0,0.1258549690246582,20.0,20.0,1.0,0.0,0.0,0.0,0.0,0.0
1035,204.02088928222656,0.0,0.0,0.0,204.02088928222656,0.0041146911680698395,10.511636734008789,2.642904758453369,0.0,0.0,0.0,0.0,0.0,0.0,0.0,0.0,0.0,0.0,0.0,0.0,0.023000000044703484,0.023000000044703484,0.02,0.15,0.0,0.0,0.0,0.0,0.0,0.0,0.0,0.0,0.0,0.0,0.0,0.0,0.3225562274456024,0.08866095542907715,0.0014981060282934777,8.039698600769043,186,nan,-1.0,True,,False,0.010050058364868164,0.0,0.1258549690246582,20.0,20.0,1.0,0.0,0.0,0.0,0.0,0.0
1036,207.51995849609375,0.0,0.0,0.0,207.51995849609375,0.0038904568646103144,10.525128364562988,2.6390540599823,0.0,0.0,0.0,0.0,0.0,0.0,0.0,0.0,0.0,0.0,0.0,0.0,0.023000000044703484,0.023000000044703484,0.02,0.15,0.0,0.0,0.0,0.0,0.0,0.0,0.0,0.0,0.0,0.0,0.0,0.0,0.3227192461490631,0.0886375904083252,0.0014634712588303955,8.039698600769043,186,nan,-1.0,True,,False,0.010050058364868164,0.0,0.1258549690246582,20.0,20.0,1.0,0.0,0.0,0.0,0.0,0.0
1037,184.96084594726562,0.0,0.0,0.0,184.96084594726562,0.005571560002863407,10.538152694702148,2.6355478763580322,0.0,0.0,0.0,0.0,0.0,0.0,0.0,0.0,0.0,0.0,0.0,0.0,0.023000000044703484,0.023000000044703484,0.02,0.15,0.0,0.0,0.0,0.0,0.0,0.0,0.0,0.0,0.0,0.0,0.0,0.0,0.32286128401756287,0.08861643075942993,0.001428660175179175,8.039698600769043,186,nan,-1.0,True,,False,0.010050058364868164,0.0,0.1258549690246582,20.0,20.0,1.0,0.0,0.0,0.0,0.0,0.0
1038,159.77452087402344,0.0,0.0,0.0,159.77452087402344,0.008552906103432178,10.55078411102295,2.6323671340942383,0.0,0.0,0.0,0.0,0.0,0.0,0.0,0.0,0.0,0.0,0.0,0.0,0.023000000044703484,0.023000000044703484,0.02,0.15,0.0,0.0,0.0,0.0,0.0,0.0,0.0,0.0,0.0,0.0,0.0,0.0,0.3229845464229584,0.0885966420173645,0.0013879635775992938,8.039698600769043,186,nan,-1.0,True,,False,0.010050058364868164,0.0,0.1258549690246582,20.0,20.0,1.0,0.0,0.0,0.0,0.0,0.0
1039,140.354248046875,0.0,0.0,0.0,140.354248046875,0.012180348858237267,10.563079833984375,2.6276257038116455,0.0,0.0,0.0,0.0,0.0,0.0,0.0,0.0,0.0,0.0,0.0,0.0,0.023000000044703484,0.023000000044703484,0.02,0.15,0.0,0.0,0.0,0.0,0.0,0.0,0.0,0.0,0.0,0.0,0.0,0.0,0.32310518622398376,0.08854174613952637,0.0013313208560248313,8.039698600769043,186,nan,-1.0,True,,False,0.010050058364868164,0.0,0.1258549690246582,20.0,20.0,1.0,0.0,0.0,0.0,0.0,0.0
1040,127.87857818603516,0.0,0.0,0.0,127.87857818603516,0.015489256009459496,10.5750093460083,2.623370885848999,0.0,0.0,0.0,0.0,0.0,0.0,0.0,0.0,0.0,0.0,0.0,0.0,0.023000000044703484,0.023000000044703484,0.02,0.15,0.0,0.0,0.0,0.0,0.0,0.0,0.0,0.0,0.0,0.0,0.0,0.0,0.3232440948486328,0.08851683139801025,0.0012777252861724264,8.039698600769043,186,nan,-1.0,True,,False,0.010050058364868164,0.0,0.1258549690246582,20.0,20.0,1.0,0.0,0.0,0.0,0.0,0.0
1041,119.12608337402344,0.0,0.0,0.0,119.12608337402344,0.018476665019989014,10.586714744567871,2.619673252105713,0.0,0.0,0.0,0.0,0.0,0.0,0.0,0.0,0.0,0.0,0.0,0.0,0.023000000044703484,0.023000000044703484,0.02,0.15,0.0,0.0,0.0,0.0,0.0,0.0,0.0,0.0,0.0,0.0,0.0,0.0,0.3233757019042969,0.08852630853652954,0.0012030401649099076,8.039698600769043,186,nan,-1.0,True,,False,0.010050058364868164,0.0,0.1258549690246582,20.0,20.0,1.0,0.0,0.0,0.0,0.0,0.0
1042,148.37277221679688,0.0,0.0,0.0,148.37277221679688,0.01046943012624979,10.59836196899414,2.616626501083374,0.0,0.0,0.0,0.0,0.0,0.0,0.0,0.0,0.0,0.0,0.0,0.0,0.023000000044703484,0.023000000044703484,0.02,0.15,0.0,0.0,0.0,0.0,0.0,0.0,0.0,0.0,0.0,0.0,0.0,0.0,0.3235038220882416,0.08856773376464844,0.001414604580077139,8.039698600769043,186,nan,-1.0,True,,False,0.010050058364868164,0.0,0.1258549690246582,20.0,20.0,1.0,0.0,0.0,0.0,0.0,0.0
1043,234.802001953125,0.0,0.0,0.0,234.802001953125,0.0025624451227486134,10.6102294921875,2.614384651184082,0.0,0.0,0.0,0.0,0.0,0.0,0.0,0.0,0.0,0.0,0.0,0.0,0.023000000044703484,0.023000000044703484,0.02,0.15,0.0,0.0,0.0,0.0,0.0,0.0,0.0,0.0,0.0,0.0,0.0,0.0,0.3236334025859833,0.08864444494247437,0.001455229642260747,8.039698600769043,186,nan,-1.0,True,,False,0.010050058364868164,0.0,0.1258549690246582,20.0,20.0,1.0,0.0,0.0,0.0,0.0,0.0
1044,266.7147521972656,0.0,0.0,0.0,266.7147521972656,0.001631269697099924,10.62240219116211,2.6126227378845215,0.0,0.0,0.0,0.0,0.0,0.0,0.0,0.0,0.0,0.0,0.0,0.0,0.023000000044703484,0.023000000044703484,0.02,0.15,0.0,0.0,0.0,0.0,0.0,0.0,0.0,0.0,0.0,0.0,0.0,0.0,0.32370099425315857,0.08866313844919205,0.001470877600240783,8.039698600769043,186,nan,-1.0,True,,False,0.010050058364868164,0.0,0.1258549690246582,20.0,20.0,1.0,0.0,0.0,0.0,0.0,0.0
1045,165.93116760253906,0.0,0.0,0.0,165.93116760253906,0.007637415546923876,10.634980201721191,2.611647844314575,0.0,0.0,0.0,0.0,0.0,0.0,0.0,0.0,0.0,0.0,0.0,0.0,0.023000000044703484,0.023000000044703484,0.02,0.15,0.0,0.0,0.0,0.0,0.0,0.0,0.0,0.0,0.0,0.0,0.0,0.0,0.32378366589546204,0.08870398253202438,0.0014516331339109456,8.039698600769043,186,nan,-1.0,True,,False,0.010050058364868164,0.0,0.1258549690246582,20.0,20.0,1.0,0.0,0.0,0.0,0.0,0.0
1046,112.77898406982422,0.0,0.0,0.0,112.77898406982422,0.02104976400732994,10.648025512695312,2.6114819049835205,0.0,0.0,0.0,0.0,0.0,0.0,0.0,0.0,0.0,0.0,0.0,0.0,0.023000000044703484,0.023000000044703484,0.02,0.15,0.0,0.0,0.0,0.0,0.0,0.0,0.0,0.0,0.0,0.0,0.0,0.0,0.3238832354545593,0.08875889331102371,0.001397379049421943,8.039698600769043,186,nan,-1.0,True,,False,0.010050058364868164,0.0,0.1258549690246582,20.0,20.0,1.0,0.0,0.0,0.0,0.0,0.0
1047,102.29462432861328,0.0,0.0,0.0,102.29462432861328,0.026405923068523407,10.661534309387207,2.6121718883514404,0.0,0.0,0.0,0.0,0.0,0.0,0.0,0.0,0.0,0.0,0.0,0.0,0.023000000044703484,0.023000000044703484,0.02,0.15,0.0,0.0,0.0,0.0,0.0,0.0,0.0,0.0,0.0,0.0,0.0,0.0,0.3240220546722412,0.08882007002830505,0.0002893392324949673,8.039698600769043,186,nan,-1.0,True,,False,0.010050058364868164,0.0,0.1258549690246582,20.0,20.0,1.0,0.0,0.0,0.0,0.0,0.0
1048,101.07677459716797,0.0,0.0,0.0,101.07677459716797,0.027182534337043762,10.675531387329102,2.6137874126434326,0.0,0.0,0.0,0.0,0.0,0.0,0.0,0.0,0.0,0.0,0.0,0.0,0.023000000044703484,0.023000000044703484,0.02,0.15,0.0,0.0,0.0,0.0,0.0,0.0,0.0,0.0,0.0,0.0,0.0,0.0,0.32425299286842346,0.0888812318444252,0.0006035724641151319,8.039698600769043,186,nan,-1.0,True,,False,0.010050058364868164,0.0,0.1258549690246582,20.0,20.0,1.0,0.0,0.0,0.0,0.0,0.0
1049,135.357177734375,0.0,0.0,0.0,135.357177734375,0.013467971235513687,10.69018268585205,2.6148009300231934,0.0,0.0,0.0,0.0,0.0,0.0,0.0,0.0,0.0,0.0,0.0,0.0,0.023000000044703484,0.023000000044703484,0.02,0.15,0.0,0.0,0.0,0.0,0.0,0.0,0.0,0.0,0.0,0.0,0.0,0.0,0.3244948983192444,0.0889371782541275,0.002060333498093314,8.039698600769043,186,nan,-1.0,True,,False,0.010050058364868164,0.0,0.1258549690246582,20.0,20.0,1.0,0.0,0.0,0.0,0.0,0.0
1050,97.56568145751953,0.0,0.0,0.0,97.56568145751953,0.02938248962163925,10.704704284667969,2.6102354526519775,0.0,0.0,0.0,0.0,0.0,0.0,0.0,0.0,0.0,0.0,0.0,0.0,0.023000000044703484,0.023000000044703484,0.02,0.15,0.0,0.0,0.0,0.0,0.0,0.0,0.0,0.0,0.0,0.0,0.0,0.0,0.32472893595695496,0.08898855000734329,0.0011562463921563904,8.039698600769043,186,nan,-1.0,True,,False,0.010050058364868164,0.0,0.1258549690246582,20.0,20.0,1.0,0.0,0.0,0.0,0.0,0.0
1051,95.8152084350586,0.0,0.0,0.0,95.8152084350586,0.0304246935993433,10.71992301940918,2.60575008392334,0.0,0.0,0.0,0.0,0.0,0.0,0.0,0.0,0.0,0.0,0.0,0.0,0.023000000044703484,0.023000000044703484,0.02,0.15,0.0,0.0,0.0,0.0,0.0,0.0,0.0,0.0,0.0,0.0,0.0,0.0,0.324970543384552,0.08904110640287399,0.0013026620533764799,8.039698600769043,186,nan,-1.0,True,,False,0.010050058364868164,0.0,0.1258549690246582,20.0,20.0,1.0,0.0,0.0,0.0,0.0,0.0
1052,93.47335815429688,0.0,0.0,0.0,93.47335815429688,0.032008469104766846,10.735939025878906,2.6015238761901855,0.0,0.0,0.0,0.0,0.0,0.0,0.0,0.0,0.0,0.0,0.0,0.0,0.023000000044703484,0.023000000044703484,0.02,0.15,0.0,0.0,0.0,0.0,0.0,0.0,0.0,0.0,0.0,0.0,0.0,0.0,0.32523977756500244,0.0891014114022255,0.0013868011192244012,8.039698600769043,186,nan,-1.0,True,,False,0.010050058364868164,0.0,0.1258549690246582,20.0,20.0,1.0,0.0,0.0,0.0,0.0,0.0
1053,91.16764068603516,0.0,0.0,0.0,91.16764068603516,0.03369056433439255,10.752525329589844,2.5975420475006104,0.0,0.0,0.0,0.0,0.0,0.0,0.0,0.0,0.0,0.0,0.0,0.0,0.023000000044703484,0.023000000044703484,0.02,0.15,0.0,0.0,0.0,0.0,0.0,0.0,0.0,0.0,0.0,0.0,0.0,0.0,0.3255208432674408,0.08915494382381439,0.0014504208555763398,8.039698600769043,186,nan,-1.0,True,,False,0.010050058364868164,0.0,0.1258549690246582,20.0,20.0,1.0,0.0,0.0,0.0,0.0,0.0
1054,88.55550384521484,0.0,0.0,0.0,88.55550384521484,0.035761985927820206,10.76980209350586,2.5939059257507324,0.0,0.0,0.0,0.0,0.0,0.0,0.0,0.0,0.0,0.0,0.0,0.0,0.023000000044703484,0.023000000044703484,0.02,0.15,0.0,0.0,0.0,0.0,0.0,0.0,0.0,0.0,0.0,0.0,0.0,0.0,0.32582059502601624,0.0890866219997406,0.0014870797095909438,8.039698600769043,186,nan,-1.0,True,,False,0.010050058364868164,0.0,0.1258549690246582,20.0,20.0,1.0,0.0,0.0,0.0,0.0,0.0
1055,85.84835052490234,0.0,0.0,0.0,85.84835052490234,0.038100987672805786,10.787873268127441,2.590855121612549,0.0,0.0,0.0,0.0,0.0,0.0,0.0,0.0,0.0,0.0,0.0,0.0,0.023000000044703484,0.023000000044703484,0.02,0.15,0.0,0.0,0.0,0.0,0.0,0.0,0.0,0.0,0.0,0.0,0.0,0.0,0.3261626660823822,0.08871669322252274,0.001528278521732318,8.039698600769043,186,nan,-1.0,True,,False,0.010050058364868164,0.0,0.1258549690246582,20.0,20.0,1.0,0.0,0.0,0.0,0.0,0.0
1056,82.60169982910156,0.0,0.0,0.0,82.60169982910156,0.0411897711455822,10.806650161743164,2.5881423950195312,0.0,0.0,0.0,0.0,0.0,0.0,0.0,0.0,0.0,0.0,0.0,0.0,0.023000000044703484,0.023000000044703484,0.02,0.15,0.0,0.0,0.0,0.0,0.0,0.0,0.0,0.0,0.0,0.0,0.0,0.0,0.3265615999698639,0.08834666013717651,0.0015595682622233653,8.039698600769043,186,nan,-1.0,True,,False,0.010050058364868164,0.0,0.1258549690246582,20.0,20.0,1.0,0.0,0.0,0.0,0.0,0.0
1057,78.7176513671875,0.0,0.0,0.0,78.7176513671875,0.045331671833992004,10.826216697692871,2.5857131481170654,0.0,0.0,0.0,0.0,0.0,0.0,0.0,0.0,0.0,0.0,0.0,0.0,0.023000000044703484,0.023000000044703484,0.02,0.15,0.0,0.0,0.0,0.0,0.0,0.0,0.0,0.0,0.0,0.0,0.0,0.0,0.3270167410373688,0.08798404037952423,0.001593144998309981,8.039698600769043,186,nan,-1.0,True,,False,0.010050058364868164,0.0,0.1258549690246582,20.0,20.0,1.0,0.0,0.0,0.0,0.0,0.0
1058,74.94900512695312,0.0,0.0,0.0,74.94900512695312,0.04987207055091858,10.846517562866211,2.5835232734680176,0.0,0.0,0.0,0.0,0.0,0.0,0.0,0.0,0.0,0.0,0.0,0.0,0.023000000044703484,0.023000000044703484,0.02,0.15,0.0,0.0,0.0,0.0,0.0,0.0,0.0,0.0,0.0,0.0,0.0,0.0,0.327587753534317,0.08763916790485382,0.0016268406545805192,8.039698600769043,186,nan,-1.0,True,,False,0.010050058364868164,0.0,0.1258549690246582,20.0,20.0,1.0,0.0,0.0,0.0,0.0,0.0
1059,70.5779800415039,0.0,0.0,0.0,70.5779800415039,0.05590260028839111,10.867660522460938,2.581526756286621,0.0,0.0,0.0,0.0,0.0,0.0,0.0,0.0,0.0,0.0,0.0,0.0,0.023000000044703484,0.023000000044703484,0.02,0.15,0.0,0.0,0.0,0.0,0.0,0.0,0.0,0.0,0.0,0.0,0.0,0.0,0.32816505432128906,0.08734068274497986,0.0016741088954859151,8.039698600769043,186,nan,-1.0,True,,False,0.010050058364868164,0.0,0.1258549690246582,20.0,20.0,1.0,0.0,0.0,0.0,0.0,0.0
1060,66.32794189453125,0.0,0.0,0.0,66.32794189453125,0.06268982589244843,10.889579772949219,2.5796656608581543,0.0,0.0,0.0,0.0,0.0,0.0,0.0,0.0,0.0,0.0,0.0,0.0,0.023000000044703484,0.023000000044703484,0.02,0.15,0.0,0.0,0.0,0.0,0.0,0.0,0.0,0.0,0.0,0.0,0.0,0.0,0.328753799200058,0.087126225233078,0.0017236715973467653,8.039698600769043,186,nan,-1.0,True,,False,0.010050058364868164,0.0,0.1258549690246582,20.0,20.0,1.0,0.0,0.0,0.0,0.0,0.0
1061,61.99186706542969,0.0,0.0,0.0,61.99186706542969,0.07075723260641098,10.912374496459961,2.5780653953552246,0.0,0.0,0.0,0.0,0.0,0.0,0.0,0.0,0.0,0.0,0.0,0.0,0.023000000044703484,0.023000000044703484,0.02,0.15,0.0,0.0,0.0,0.0,0.0,0.0,0.0,0.0,0.0,0.0,0.0,0.0,0.32935628294944763,0.08693141490221024,0.0017968661820759735,8.039698600769043,186,nan,-1.0,True,,False,0.010050058364868164,0.0,0.1258549690246582,20.0,20.0,1.0,0.0,0.0,0.0,0.0,0.0
1062,57.825279235839844,0.0,0.0,0.0,57.825279235839844,0.07983209192752838,10.936105728149414,2.5767364501953125,0.0,0.0,0.0,0.0,0.0,0.0,0.0,0.0,0.0,0.0,0.0,0.0,0.023000000044703484,0.023000000044703484,0.02,0.15,0.0,0.0,0.0,0.0,0.0,0.0,0.0,0.0,0.0,0.0,0.0,0.0,0.32997289299964905,0.08675282448530197,0.0018518746303470834,8.039698600769043,186,nan,-1.0,True,,False,0.010050058364868164,0.0,0.1258549690246582,20.0,20.0,1.0,0.0,0.0,0.0,0.0,0.0
1063,53.988731384277344,0.0,0.0,0.0,53.988731384277344,0.08958376944065094,10.960735321044922,2.5754497051239014,0.0,0.0,0.0,0.0,0.0,0.0,0.0,0.0,0.0,0.0,0.0,0.0,0.023000000044703484,0.023000000044703484,0.02,0.15,0.0,0.0,0.0,0.0,0.0,0.0,0.0,0.0,0.0,0.0,0.0,0.0,0.3306213319301605,0.08655056357383728,0.0019130320970361936,8.039698600769043,186,nan,-1.0,True,,False,0.010050058364868164,0.0,0.1258549690246582,20.0,20.0,1.0,0.0,0.0,0.0,0.0,0.0
1064,50.525733947753906,0.0,0.0,0.0,50.525733947753906,0.09979194402694702,10.986360549926758,2.57438325881958,0.0,0.0,0.0,0.0,0.0,0.0,0.0,0.0,0.0,0.0,0.0,0.0,0.023000000044703484,0.023000000044703484,0.02,0.15,0.0,0.0,0.0,0.0,0.0,0.0,0.0,0.0,0.0,0.0,0.0,0.0,0.3313072919845581,0.08635824918746948,0.0019190898797205591,8.039698600769043,186,nan,-1.0,True,,False,0.010050058364868164,0.0,0.1258549690246582,20.0,20.0,1.0,0.0,0.0,0.0,0.0,0.0
1065,47.184234619140625,0.0,0.0,0.0,47.184234619140625,0.11117284744977951,11.01302719116211,2.5732927322387695,0.0,0.0,0.0,0.0,0.0,0.0,0.0,0.0,0.0,0.0,0.0,0.0,0.023000000044703484,0.023000000044703484,0.02,0.15,0.0,0.0,0.0,0.0,0.0,0.0,0.0,0.0,0.0,0.0,0.0,0.0,0.3320091664791107,0.08635074645280838,0.001873090085837248,8.039698600769043,186,nan,-1.0,True,,False,0.010050058364868164,0.0,0.1258549690246582,20.0,20.0,1.0,0.0,0.0,0.0,0.0,0.0
1066,56.909523010253906,0.0,0.0,0.0,56.909523010253906,0.08203025162220001,11.040708541870117,2.5723750591278076,0.0,0.0,0.0,0.0,0.0,0.0,0.0,0.0,0.0,0.0,0.0,0.0,0.023000000044703484,0.023000000044703484,0.02,0.15,0.0,0.0,0.0,0.0,0.0,0.0,0.0,0.0,0.0,0.0,0.0,0.0,0.33272358775138855,0.08638838678598404,0.0009578278566095833,8.039698600769043,186,nan,-1.0,True,,False,0.010050058364868164,0.0,0.1258549690246582,20.0,20.0,1.0,0.0,0.0,0.0,0.0,0.0
1067,73.13858032226562,0.0,0.0,0.0,73.13858032226562,0.05213673785328865,11.068849563598633,2.5715134143829346,0.0,0.0,0.0,0.0,0.0,0.0,0.0,0.0,0.0,0.0,0.0,0.0,0.023000000044703484,0.023000000044703484,0.02,0.15,0.0,0.0,0.0,0.0,0.0,0.0,0.0,0.0,0.0,0.0,0.0,0.0,0.3334439992904663,0.0864567831158638,0.000935524921715114,8.039698600769043,186,nan,-1.0,True,,False,0.010050058364868164,0.0,0.1258549690246582,20.0,20.0,1.0,0.0,0.0,0.0,0.0,0.0
1068,109.10633087158203,0.0,0.0,0.0,109.10633087158203,0.022302521392703056,11.09744644165039,2.5707242488861084,0.0,0.0,0.0,0.0,0.0,0.0,0.0,0.0,0.0,0.0,0.0,0.0,0.023000000044703484,0.023000000044703484,0.02,0.15,0.0,0.0,0.0,0.0,0.0,0.0,0.0,0.0,0.0,0.0,0.0,0.0,0.3341737687587738,0.08654879033565521,0.0009200052986670926,8.039698600769043,186,nan,-1.0,True,,False,0.010050058364868164,0.0,0.1258549690246582,20.0,20.0,1.0,0.0,0.0,0.0,0.0,0.0
1069,156.5596466064453,0.0,0.0,0.0,156.5596466064453,0.008837610483169556,11.126443862915039,2.5699005126953125,0.0,0.0,0.0,0.0,0.0,0.0,0.0,0.0,0.0,0.0,0.0,0.0,0.023000000044703484,0.023000000044703484,0.02,0.15,0.0,0.0,0.0,0.0,0.0,0.0,0.0,0.0,0.0,0.0,0.0,0.0,0.33491823077201843,0.08665784448385239,0.0009021976861731673,8.039698600769043,186,nan,-1.0,True,,False,0.010050058364868164,0.0,0.1258549690246582,20.0,20.0,1.0,0.0,0.0,0.0,0.0,0.0
1070,76.76887512207031,0.0,0.0,0.0,76.76887512207031,0.047453876584768295,11.156304359436035,2.5686798095703125,0.0,0.0,0.0,0.0,0.0,0.0,0.0,0.0,0.0,0.0,0.0,0.0,0.023000000044703484,0.023000000044703484,0.02,0.15,0.0,0.0,0.0,0.0,0.0,0.0,0.0,0.0,0.0,0.0,0.0,0.0,0.3356730043888092,0.08678015321493149,0.000891274469495329,8.039698600769043,186,nan,-1.0,True,,False,0.010050058364868164,0.0,0.1258549690246582,20.0,20.0,1.0,0.0,0.0,0.0,0.0,0.0
1071,55.59028625488281,0.0,0.0,0.0,55.59028625488281,0.08537845313549042,11.187053680419922,2.567598342895508,0.0,0.0,0.0,0.0,0.0,0.0,0.0,0.0,0.0,0.0,0.0,0.0,0.023000000044703484,0.023000000044703484,0.02,0.15,0.0,0.0,0.0,0.0,0.0,0.0,0.0,0.0,0.0,0.0,0.0,0.0,0.3364364802837372,0.08691057562828064,0.0008878183862179867,8.039698600769043,186,nan,-1.0,True,,False,0.010050058364868164,0.0,0.1258549690246582,20.0,20.0,1.0,0.0,0.0,0.0,0.0,0.0
1072,46.725711822509766,0.0,0.0,0.0,46.725711822509766,0.11299007385969162,11.218690872192383,2.5666027069091797,0.0,0.0,0.0,0.0,0.0,0.0,0.0,0.0,0.0,0.0,0.0,0.0,0.023000000044703484,0.023000000044703484,0.02,0.15,0.0,0.0,0.0,0.0,0.0,0.0,0.0,0.0,0.0,0.0,0.0,0.0,0.33720824122428894,0.0870451107621193,0.0012751509887038992,8.039698600769043,186,nan,-1.0,True,,False,0.010050058364868164,0.0,0.1258549690246582,20.0,20.0,1.0,0.0,0.0,0.0,0.0,0.0
1073,62.62350082397461,0.0,0.0,0.0,62.62350082397461,0.0695304274559021,11.25088882446289,2.5656657218933105,0.0,0.0,0.0,0.0,0.0,0.0,0.0,0.0,0.0,0.0,0.0,0.0,0.023000000044703484,0.023000000044703484,0.02,0.15,0.0,0.0,0.0,0.0,0.0,0.0,0.0,0.0,0.0,0.0,0.0,0.0,0.33798471093177795,0.08717826008796692,0.001267876649308164,8.039698600769043,186,nan,-1.0,True,,False,0.010050058364868164,0.0,0.1258549690246582,20.0,20.0,1.0,0.0,0.0,0.0,0.0,0.0
1074,96.49687194824219,0.0,0.0,0.0,96.49687194824219,0.029500029981136322,11.283635139465332,2.5647852420806885,0.0,0.0,0.0,0.0,0.0,0.0,0.0,0.0,0.0,0.0,0.0,0.0,0.023000000044703484,0.023000000044703484,0.02,0.15,0.0,0.0,0.0,0.0,0.0,0.0,0.0,0.0,0.0,0.0,0.0,0.0,0.33876538276672363,0.08730911463499069,0.0012592315306392265,8.039698600769043,186,nan,-1.0,True,,False,0.010050058364868164,0.0,0.1258549690246582,20.0,20.0,1.0,0.0,0.0,0.0,0.0,0.0
1075,152.01438903808594,0.0,0.0,0.0,152.01438903808594,0.009601335972547531,11.316970825195312,2.5638506412506104,0.0,0.0,0.0,0.0,0.0,0.0,0.0,0.0,0.0,0.0,0.0,0.0,0.023000000044703484,0.023000000044703484,0.02,0.15,0.0,0.0,0.0,0.0,0.0,0.0,0.0,0.0,0.0,0.0,0.0,0.0,0.3395502269268036,0.08743736147880554,0.0012350856593457138,8.039698600769043,186,nan,-1.0,True,,False,0.010050058364868164,0.0,0.1258549690246582,20.0,20.0,1.0,0.0,0.0,0.0,0.0,0.0
1076,103.19091033935547,0.0,0.0,0.0,103.19091033935547,0.02545442245900631,11.351103782653809,2.562723398208618,0.0,0.0,0.0,0.0,0.0,0.0,0.0,0.0,0.0,0.0,0.0,0.0,0.023000000044703484,0.023000000044703484,0.02,0.15,0.0,0.0,0.0,0.0,0.0,0.0,0.0,0.0,0.0,0.0,0.0,0.0,0.34034091234207153,0.08756327629089355,0.0013681377879493084,8.039698600769043,186,nan,-1.0,True,,False,0.010050058364868164,0.0,0.1258549690246582,20.0,20.0,1.0,0.0,0.0,0.0,0.0,0.0
1077,73.13792419433594,0.0,0.0,0.0,73.13792419433594,0.05229811742901802,11.385820388793945,2.56099009513855,0.0,0.0,0.0,0.0,0.0,0.0,0.0,0.0,0.0,0.0,0.0,0.0,0.023000000044703484,0.023000000044703484,0.02,0.15,0.0,0.0,0.0,0.0,0.0,0.0,0.0,0.0,0.0,0.0,0.0,0.0,0.3411353528499603,0.0876854956150055,0.0013544128546527645,8.039698600769043,186,nan,-1.0,True,,False,0.010050058364868164,0.0,0.1258549690246582,20.0,20.0,1.0,0.0,0.0,0.0,0.0,0.0
1078,48.699501037597656,0.0,0.0,0.0,48.699501037597656,0.10618170350790024,11.42138957977295,2.559081792831421,0.0,0.0,0.0,0.0,0.0,0.0,0.0,0.0,0.0,0.0,0.0,0.0,0.023000000044703484,0.023000000044703484,0.02,0.15,0.0,0.0,0.0,0.0,0.0,0.0,0.0,0.0,0.0,0.0,0.0,0.0,0.34193477034568787,0.08780325204133987,0.00156376140375869,8.039698600769043,186,nan,-1.0,True,,False,0.010050058364868164,0.0,0.1258549690246582,20.0,20.0,1.0,0.0,0.0,0.0,0.0,0.0
1079,50.1827278137207,0.0,0.0,0.0,50.1827278137207,0.10138489305973053,11.457893371582031,2.557358980178833,0.0,0.0,0.0,0.0,0.0,0.0,0.0,0.0,0.0,0.0,0.0,0.0,0.023000000044703484,0.023000000044703484,0.02,0.15,0.0,0.0,0.0,0.0,0.0,0.0,0.0,0.0,0.0,0.0,0.0,0.0,0.34273824095726013,0.08791591972112656,0.0015675745178214129,8.039698600769043,186,nan,-1.0,True,,False,0.010050058364868164,0.0,0.1258549690246582,20.0,20.0,1.0,0.0,0.0,0.0,0.0,0.0
1080,88.49479675292969,0.0,0.0,0.0,88.49479675292969,0.03556925430893898,11.495390892028809,2.5548315048217773,0.0,0.0,0.0,0.0,0.0,0.0,0.0,0.0,0.0,0.0,0.0,0.0,0.023000000044703484,0.023000000044703484,0.02,0.15,0.0,0.0,0.0,0.0,0.0,0.0,0.0,0.0,0.0,0.0,0.0,0.0,0.34354516863822937,0.0880228653550148,0.0018954756258153793,8.039698600769043,186,nan,-1.0,True,,False,0.010050058364868164,0.0,0.1258549690246582,20.0,20.0,1.0,0.0,0.0,0.0,0.0,0.0
1081,88.38279724121094,0.0,0.0,0.0,88.38279724121094,0.03550934046506882,11.534337997436523,2.550619125366211,0.0,0.0,0.0,0.0,0.0,0.0,0.0,0.0,0.0,0.0,0.0,0.0,0.023000000044703484,0.023000000044703484,0.02,0.15,0.0,0.0,0.0,0.0,0.0,0.0,0.0,0.0,0.0,0.0,0.0,0.0,0.3443453013896942,0.0881238505244255,0.0018986299239713844,8.039698600769043,186,nan,-1.0,True,,False,0.010050058364868164,0.0,0.1258549690246582,20.0,20.0,1.0,0.0,0.0,0.0,0.0,0.0
1082,50.79729080200195,0.0,0.0,0.0,50.79729080200195,0.09839492291212082,11.573479652404785,2.546113967895508,0.0,0.0,0.0,0.0,0.0,0.0,0.0,0.0,0.0,0.0,0.0,0.0,0.023000000044703484,0.023000000044703484,0.02,0.15,0.0,0.0,0.0,0.0,0.0,0.0,0.0,0.0,0.0,0.0,0.0,0.0,0.3451572060585022,0.08821795880794525,0.001654089873227349,8.039698600769043,186,nan,-1.0,True,,False,0.010050058364868164,0.0,0.1258549690246582,20.0,20.0,1.0,0.0,0.0,0.0,0.0,0.0
1083,49.649444580078125,0.0,0.0,0.0,49.649444580078125,0.10169029235839844,11.613665580749512,2.541982650756836,0.0,0.0,0.0,0.0,0.0,0.0,0.0,0.0,0.0,0.0,0.0,0.0,0.023000000044703484,0.023000000044703484,0.02,0.15,0.0,0.0,0.0,0.0,0.0,0.0,0.0,0.0,0.0,0.0,0.0,0.0,0.34597036242485046,0.08830374479293823,0.0016648180753691122,8.039698600769043,186,nan,-1.0,True,,False,0.010050058364868164,0.0,0.1258549690246582,20.0,20.0,1.0,0.0,0.0,0.0,0.0,0.0
1084,47.05412673950195,0.0,0.0,0.0,47.05412673950195,0.11036010086536407,11.654867172241211,2.538088321685791,0.0,0.0,0.0,0.0,0.0,0.0,0.0,0.0,0.0,0.0,0.0,0.0,0.023000000044703484,0.023000000044703484,0.02,0.15,0.0,0.0,0.0,0.0,0.0,0.0,0.0,0.0,0.0,0.0,0.0,0.0,0.3467573821544647,0.08839049935340881,0.0016983493337647815,8.039698600769043,186,nan,-1.0,True,,False,0.010050058364868164,0.0,0.1258549690246582,20.0,20.0,1.0,0.0,0.0,0.0,0.0,0.0
1085,44.501953125,0.0,0.0,0.0,44.501953125,0.11995966732501984,11.697425842285156,2.534301519393921,0.0,0.0,0.0,0.0,0.0,0.0,0.0,0.0,0.0,0.0,0.0,0.0,0.023000000044703484,0.023000000044703484,0.02,0.15,0.0,0.0,0.0,0.0,0.0,0.0,0.0,0.0,0.0,0.0,0.0,0.0,0.3475174903869629,0.08852539956569672,0.001182591195401983,8.039698600769043,186,nan,-1.0,True,,False,0.010050058364868164,0.0,0.1258549690246582,20.0,20.0,1.0,0.0,0.0,0.0,0.0,0.0
1086,53.34222412109375,0.0,0.0,0.0,53.34222412109375,0.09002821147441864,11.740949630737305,2.530668020248413,0.0,0.0,0.0,0.0,0.0,0.0,0.0,0.0,0.0,0.0,0.0,0.0,0.023000000044703484,0.023000000044703484,0.02,0.15,0.0,0.0,0.0,0.0,0.0,0.0,0.0,0.0,0.0,0.0,0.0,0.0,0.3482695519924164,0.08867654204368591,0.0008738364363125584,8.039698600769043,186,nan,-1.0,True,,False,0.010050058364868164,0.0,0.1258549690246582,20.0,20.0,1.0,0.0,0.0,0.0,0.0,0.0
1087,67.12989807128906,0.0,0.0,0.0,67.12989807128906,0.060247741639614105,11.785687446594238,2.5273473262786865,0.0,0.0,0.0,0.0,0.0,0.0,0.0,0.0,0.0,0.0,0.0,0.0,0.023000000044703484,0.023000000044703484,0.02,0.15,0.0,0.0,0.0,0.0,0.0,0.0,0.0,0.0,0.0,0.0,0.0,0.0,0.34902146458625793,0.08882438391447067,0.0006361636724250275,8.039698600769043,186,nan,-1.0,True,,False,0.010050058364868164,0.0,0.1258549690246582,20.0,20.0,1.0,0.0,0.0,0.0,0.0,0.0
1088,95.4283447265625,0.0,0.0,0.0,95.4283447265625,0.02967180870473385,11.831954956054688,2.524289608001709,0.0,0.0,0.0,0.0,0.0,0.0,0.0,0.0,0.0,0.0,0.0,0.0,0.023000000044703484,0.023000000044703484,0.02,0.15,0.0,0.0,0.0,0.0,0.0,0.0,0.0,0.0,0.0,0.0,0.0,0.0,0.3497716188430786,0.08896418660879135,0.0006083895873416623,8.039698600769043,186,nan,-1.0,True,,False,0.010050058364868164,0.0,0.1258549690246582,20.0,20.0,1.0,0.0,0.0,0.0,0.0,0.0
1089,262.18218994140625,0.0,0.0,0.0,262.18218994140625,0.00167214369866997,11.880111694335938,2.521477699279785,0.0,0.0,0.0,0.0,0.0,0.0,0.0,0.0,0.0,0.0,0.0,0.0,0.023000000044703484,0.023000000044703484,0.02,0.15,0.0,0.0,0.0,0.0,0.0,0.0,0.0,0.0,0.0,0.0,0.0,0.0,0.3505189120769501,0.08909182250499725,0.0007232658367684053,8.039698600769043,186,nan,-1.0,True,,False,0.010050058364868164,0.0,0.1258549690246582,20.0,20.0,1.0,0.0,0.0,0.0,0.0,0.0
1090,85.3302993774414,0.0,0.0,0.0,85.3302993774414,0.0375920832157135,11.92982006072998,2.518221855163574,0.0,0.0,0.0,0.0,0.0,0.0,0.0,0.0,0.0,0.0,0.0,0.0,0.023000000044703484,0.023000000044703484,0.02,0.15,0.0,0.0,0.0,0.0,0.0,0.0,0.0,0.0,0.0,0.0,0.0,0.0,0.3511974513530731,0.08919358998537064,0.0008324796940542001,8.039698600769043,186,nan,-1.0,True,,False,0.010050058364868164,0.0,0.1258549690246582,20.0,20.0,1.0,0.0,0.0,0.0,0.0,0.0
1091,60.40013885498047,0.0,0.0,0.0,60.40013885498047,0.0726223737001419,11.981148719787598,2.515185832977295,0.0,0.0,0.0,0.0,0.0,0.0,0.0,0.0,0.0,0.0,0.0,0.0,0.023000000044703484,0.023000000044703484,0.02,0.15,0.0,0.0,0.0,0.0,0.0,0.0,0.0,0.0,0.0,0.0,0.0,0.0,0.35185807943344116,0.08916189521551132,0.000932481715153699,8.039698600769043,186,nan,-1.0,True,,False,0.010050058364868164,0.0,0.1258549690246582,20.0,20.0,1.0,0.0,0.0,0.0,0.0,0.0
1092,141.4830780029297,0.0,0.0,0.0,141.4830780029297,0.011404878459870815,12.034198760986328,2.512641191482544,0.0,0.0,0.0,0.0,0.0,0.0,0.0,0.0,0.0,0.0,0.0,0.0,0.023000000044703484,0.023000000044703484,0.02,0.15,0.0,0.0,0.0,0.0,0.0,0.0,0.0,0.0,0.0,0.0,0.0,0.0,0.352497935295105,0.08912843465805054,0.0013051684936726815,8.039698600769043,186,nan,-1.0,True,,False,0.010050058364868164,0.0,0.1258549690246582,20.0,20.0,1.0,0.0,0.0,0.0,0.0,0.0
1093,66.34283447265625,0.0,0.0,0.0,66.34283447265625,0.06114206835627556,12.089662551879883,2.5095202922821045,0.0,0.0,0.0,0.0,0.0,0.0,0.0,0.0,0.0,0.0,0.0,0.0,0.023000000044703484,0.023000000044703484,0.02,0.15,0.0,0.0,0.0,0.0,0.0,0.0,0.0,0.0,0.0,0.0,0.0,0.0,0.3530498743057251,0.0887637734413147,0.0013128830050845863,8.039698600769043,186,nan,-1.0,True,,False,0.010050058364868164,0.0,0.1258549690246582,20.0,20.0,1.0,0.0,0.0,0.0,0.0,0.0
1094,40.67123794555664,0.0,0.0,0.0,40.67123794555664,0.13514597713947296,12.147679328918457,2.5063884258270264,0.0,0.0,0.0,0.0,0.0,0.0,0.0,0.0,0.0,0.0,0.0,0.0,0.023000000044703484,0.023000000044703484,0.02,0.15,0.0,0.0,0.0,0.0,0.0,0.0,0.0,0.0,0.0,0.0,0.0,0.0,0.3535776734352112,0.08840358257293701,0.0013095806802994048,8.039698600769043,186,nan,-1.0,True,,False,0.010050058364868164,0.0,0.1258549690246582,20.0,20.0,1.0,0.0,0.0,0.0,0.0,0.0
1095,29.857025146484375,0.0,0.0,0.0,29.857025146484375,0.20367565751075745,12.208413124084473,2.503445625305176,0.0,0.0,0.0,0.0,0.0,0.0,0.0,0.0,0.0,0.0,0.0,0.0,0.023000000044703484,0.023000000044703484,0.02,0.15,0.0,0.0,0.0,0.0,0.0,0.0,0.0,0.0,0.0,0.0,0.0,0.0,0.3540934920310974,0.08804982900619507,0.001114752420107834,8.039698600769043,186,nan,-1.0,True,,False,0.010050058364868164,0.0,0.1258549690246582,20.0,20.0,1.0,0.0,0.0,0.0,0.0,0.0
1096,26.53804588317871,0.0,0.0,0.0,26.53804588317871,0.23408667743206024,12.27110481262207,2.500703811645508,0.0,0.0,0.0,0.0,0.0,0.0,0.0,0.0,0.0,0.0,0.0,0.0,0.023000000044703484,0.023000000044703484,0.02,0.15,0.0,0.0,0.0,0.0,0.0,0.0,0.0,0.0,0.0,0.0,0.0,0.0,0.35460400581359863,0.0877034068107605,0.0012485442634897481,8.039698600769043,186,nan,-1.0,True,,False,0.010050058364868164,0.0,0.1258549690246582,20.0,20.0,1.0,0.0,0.0,0.0,0.0,0.0
1097,23.8769588470459,0.0,0.0,0.0,23.8769588470459,0.26347842812538147,12.335762023925781,2.4981038570404053,0.0,0.0,0.0,0.0,0.0,0.0,0.0,0.0,0.0,0.0,0.0,0.0,0.023000000044703484,0.023000000044703484,0.02,0.15,0.0,0.0,0.0,0.0,0.0,0.0,0.0,0.0,0.0,0.0,0.0,0.0,0.35513970255851746,0.08741813898086548,0.0014464864143519662,8.039698600769043,186,nan,-1.0,True,,False,0.010050058364868164,0.0,0.1258549690246582,20.0,20.0,1.0,0.0,0.0,0.0,0.0,0.0
1098,21.68990707397461,0.0,0.0,0.0,21.68990707397461,0.2919113039970398,12.402456283569336,2.4956393241882324,0.0,0.0,0.0,0.0,0.0,0.0,0.0,0.0,0.0,0.0,0.0,0.0,0.023000000044703484,0.023000000044703484,0.02,0.15,0.0,0.0,0.0,0.0,0.0,0.0,0.0,0.0,0.0,0.0,0.0,0.0,0.35571494698524475,0.08714818954467773,0.0018472029241820564,8.039698600769043,186,nan,-1.0,True,,False,0.010050058364868164,0.0,0.1258549690246582,20.0,20.0,1.0,0.0,0.0,0.0,0.0,0.0
1099,21.005830764770508,0.0,0.0,0.0,21.005830764770508,0.3014981150627136,12.471003532409668,2.4933414459228516,0.0,0.0,0.0,0.0,0.0,0.0,0.0,0.0,0.0,0.0,0.0,0.0,0.023000000044703484,0.023000000044703484,0.02,0.15,0.0,0.0,0.0,0.0,0.0,0.0,0.0,0.0,0.0,0.0,0.0,0.0,0.3562663793563843,0.08688479661941528,0.0012437266846063721,8.039698600769043,186,nan,-1.0,True,,False,0.010050058364868164,0.0,0.1258549690246582,20.0,20.0,1.0,0.0,0.0,0.0,0.0,0.0
1100,21.58994483947754,0.0,0.0,0.0,21.58994483947754,0.292653888463974,12.543919563293457,2.4912922382354736,0.0,0.0,0.0,0.0,0.0,0.0,0.0,0.0,0.0,0.0,0.0,0.0,0.023000000044703484,0.023000000044703484,0.02,0.15,0.0,0.0,0.0,0.0,0.0,0.0,0.0,0.0,0.0,0.0,0.0,0.0,0.3568108379840851,0.0866498351097107,0.0012386463231450762,8.039698600769043,186,nan,-1.0,True,,False,0.010050058364868164,0.0,0.1258549690246582,20.0,20.0,1.0,0.0,0.0,0.0,0.0,0.0
1101,22.290861129760742,0.0,0.0,0.0,22.290861129760742,0.2827208638191223,12.622071266174316,2.489487409591675,0.0,0.0,0.0,0.0,0.0,0.0,0.0,0.0,0.0,0.0,0.0,0.0,0.023000000044703484,0.023000000044703484,0.02,0.15,0.0,0.0,0.0,0.0,0.0,0.0,0.0,0.0,0.0,0.0,0.0,0.0,0.35734856128692627,0.08646327257156372,0.001238322220842747,8.039698600769043,186,nan,-1.0,True,,False,0.010050058364868164,0.0,0.1258549690246582,20.0,20.0,1.0,0.0,0.0,0.0,0.0,0.0
1102,27.89560317993164,0.0,0.0,0.0,27.89560317993164,0.21921518445014954,12.706480979919434,2.4880077838897705,0.0,0.0,0.0,0.0,0.0,0.0,0.0,0.0,0.0,0.0,0.0,0.0,0.023000000044703484,0.023000000044703484,0.02,0.15,0.0,0.0,0.0,0.0,0.0,0.0,0.0,0.0,0.0,0.0,0.0,0.0,0.3578811585903168,0.0862928032875061,0.002356133963985485,8.039698600769043,186,nan,-1.0,True,,False,0.010050058364868164,0.0,0.1258549690246582,20.0,20.0,1.0,0.0,0.0,0.0,0.0,0.0
1103,36.313819885253906,0.0,0.0,0.0,36.313819885253906,0.15657900273799896,12.79818058013916,2.4867918491363525,0.0,0.0,0.0,0.0,0.0,0.0,0.0,0.0,0.0,0.0,0.0,0.0,0.023000000044703484,0.023000000044703484,0.02,0.15,0.0,0.0,0.0,0.0,0.0,0.0,0.0,0.0,0.0,0.0,0.0,0.0,0.3584170639514923,0.08613145351409912,0.002386417608249758,8.039698600769043,186,nan,-1.0,True,,False,0.010050058364868164,0.0,0.1258549690246582,20.0,20.0,1.0,0.0,0.0,0.0,0.0,0.0
1104,49.967071533203125,0.0,0.0,0.0,49.967071533203125,0.09790819883346558,12.897161483764648,2.485841989517212,0.0,0.0,0.0,0.0,0.0,0.0,0.0,0.0,0.0,0.0,0.0,0.0,0.023000000044703484,0.023000000044703484,0.02,0.15,0.0,0.0,0.0,0.0,0.0,0.0,0.0,0.0,0.0,0.0,0.0,0.0,0.35895615816116333,0.08597725629806519,0.0024083719736154308,8.039698600769043,186,nan,-1.0,True,,False,0.010050058364868164,0.0,0.1258549690246582,20.0,20.0,1.0,0.0,0.0,0.0,0.0,0.0
1105,78.51593780517578,0.0,0.0,0.0,78.51593780517578,0.04378921911120415,13.004653930664062,2.4851267337799072,0.0,0.0,0.0,0.0,0.0,0.0,0.0,0.0,0.0,0.0,0.0,0.0,0.023000000044703484,0.023000000044703484,0.02,0.15,0.0,0.0,0.0,0.0,0.0,0.0,0.0,0.0,0.0,0.0,0.0,0.0,0.35949835181236267,0.08584219217300415,0.0023806005242477113,8.039698600769043,186,nan,-1.0,True,,False,0.010050058364868164,0.0,0.1258549690246582,20.0,20.0,1.0,0.0,0.0,0.0,0.0,0.0
1106,174.78746032714844,0.0,0.0,0.0,174.78746032714844,0.006215684115886688,13.121612548828125,2.4845523834228516,0.0,0.0,0.0,0.0,0.0,0.0,0.0,0.0,0.0,0.0,0.0,0.0,0.023000000044703484,0.023000000044703484,0.02,0.15,0.0,0.0,0.0,0.0,0.0,0.0,0.0,0.0,0.0,0.0,0.0,0.0,0.36004170775413513,0.08580154180526733,0.002343647181533015,8.039698600769043,186,nan,-1.0,True,,False,0.010050058364868164,0.0,0.1258549690246582,20.0,20.0,1.0,0.0,0.0,0.0,0.0,0.0
1107,62.222572326660156,0.0,0.0,0.0,62.222572326660156,0.06781528890132904,13.25040340423584,2.483855962753296,0.0,0.0,0.0,0.0,0.0,0.0,0.0,0.0,0.0,0.0,0.0,0.0,0.023000000044703484,0.023000000044703484,0.02,0.15,0.0,0.0,0.0,0.0,0.0,0.0,0.0,0.0,0.0,0.0,0.0,0.0,0.3605802059173584,0.08578372001647949,0.0022667325483780587,8.039698600769043,186,nan,-1.0,True,,False,0.010050058364868164,0.0,0.1258549690246582,20.0,20.0,1.0,0.0,0.0,0.0,0.0,0.0
1108,39.89517593383789,0.0,0.0,0.0,39.89517593383789,0.13784411549568176,13.392477989196777,2.4835166931152344,0.0,0.0,0.0,0.0,0.0,0.0,0.0,0.0,0.0,0.0,0.0,0.0,0.023000000044703484,0.023000000044703484,0.02,0.15,0.0,0.0,0.0,0.0,0.0,0.0,0.0,0.0,0.0,0.0,0.0,0.0,0.3611094653606415,0.08578801155090332,0.0023879483812834223,8.039698600769043,186,nan,-1.0,True,,False,0.010050058364868164,0.0,0.1258549690246582,20.0,20.0,1.0,0.0,0.0,0.0,0.0,0.0
1109,160.90647888183594,0.0,0.0,0.0,160.90647888183594,0.007908236235380173,13.53901481628418,2.483670711517334,0.0,0.0,0.0,0.0,0.0,0.0,0.0,0.0,0.0,0.0,0.0,0.0,0.023000000044703484,0.023000000044703484,0.02,0.15,0.0,0.0,0.0,0.0,0.0,0.0,0.0,0.0,0.0,0.0,0.0,0.0,0.3616587221622467,0.08580178022384644,0.0019342795762895548,8.039698600769043,186,nan,-1.0,True,,False,0.010050058364868164,0.0,0.1258549690246582,20.0,20.0,1.0,0.0,0.0,0.0,0.0,0.0
1110,39.09505844116211,0.0,0.0,0.0,39.09505844116211,0.14157956838607788,13.53901481628418,2.4809679985046387,0.0,0.0,0.0,0.0,0.0,0.0,0.0,0.0,0.0,0.0,0.0,0.0,0.023000000044703484,0.023000000044703484,0.02,0.15,0.0,0.0,0.0,0.0,0.0,0.0,0.0,0.0,0.0,0.0,0.0,0.0,0.3621810972690582,0.08580285310745239,0.001932322169523104,8.039698600769043,186,nan,-1.0,True,,False,0.010050058364868164,0.0,0.1258549690246582,20.0,20.0,1.0,0.0,0.0,0.0,0.0,0.0
1111,32.76496505737305,0.0,0.0,0.0,32.76496505737305,0.17932529747486115,13.53901481628418,2.478487253189087,0.0,0.0,0.0,0.0,0.0,0.0,0.0,0.0,0.0,0.0,0.0,0.0,0.023000000044703484,0.023000000044703484,0.02,0.15,0.0,0.0,0.0,0.0,0.0,0.0,0.0,0.0,0.0,0.0,0.0,0.0,0.36269062757492065,0.0858156681060791,0.0014740999295099755,8.039698600769043,186,nan,-1.0,True,,False,0.010050058364868164,0.0,0.1258549690246582,20.0,20.0,1.0,0.0,0.0,0.0,0.0,0.0
1112,32.98072052001953,0.0,0.0,0.0,32.98072052001953,0.17757925391197205,13.53901481628418,2.476395845413208,0.0,0.0,0.0,0.0,0.0,0.0,0.0,0.0,0.0,0.0,0.0,0.0,0.023000000044703484,0.023000000044703484,0.02,0.15,0.0,0.0,0.0,0.0,0.0,0.0,0.0,0.0,0.0,0.0,0.0,0.0,0.3631877601146698,0.08585464954376221,0.0014667055520476424,8.039698600769043,186,nan,-1.0,True,,False,0.010050058364868164,0.0,0.1258549690246582,20.0,20.0,1.0,0.0,0.0,0.0,0.0,0.0
1113,33.89177322387695,0.0,0.0,0.0,33.89177322387695,0.1713797003030777,13.53901481628418,2.474792957305908,0.0,0.0,0.0,0.0,0.0,0.0,0.0,0.0,0.0,0.0,0.0,0.0,0.023000000044703484,0.023000000044703484,0.02,0.15,0.0,0.0,0.0,0.0,0.0,0.0,0.0,0.0,0.0,0.0,0.0,0.0,0.36366546154022217,0.08590513467788696,0.0014790634274959302,8.039698600769043,186,nan,-1.0,True,,False,0.010050058364868164,0.0,0.1258549690246582,20.0,20.0,1.0,0.0,0.0,0.0,0.0,0.0
1114,62.375022888183594,0.0,0.0,0.0,62.375022888183594,0.06725810468196869,13.53901481628418,2.473527669906616,0.0,0.0,0.0,0.0,0.0,0.0,0.0,0.0,0.0,0.0,0.0,0.0,0.023000000044703484,0.023000000044703484,0.02,0.15,0.0,0.0,0.0,0.0,0.0,0.0,0.0,0.0,0.0,0.0,0.0,0.0,0.36412879824638367,0.08594721555709839,0.002558000380076919,8.039698600769043,186,nan,-1.0,True,,False,0.010050058364868164,0.0,0.1258549690246582,20.0,20.0,1.0,0.0,0.0,0.0,0.0,0.0
1115,80.60399627685547,0.0,0.0,0.0,80.60399627685547,0.041393909603357315,13.53901481628418,2.472097873687744,0.0,0.0,0.0,0.0,0.0,0.0,0.0,0.0,0.0,0.0,0.0,0.0,0.023000000044703484,0.023000000044703484,0.02,0.15,0.0,0.0,0.0,0.0,0.0,0.0,0.0,0.0,0.0,0.0,0.0,0.0,0.36458620429039,0.08599579334259033,0.0026150087785481446,8.039698600769043,186,nan,-1.0,True,,False,0.010050058364868164,0.0,0.1258549690246582,20.0,20.0,1.0,0.0,0.0,0.0,0.0,0.0
1116,36.20310974121094,0.0,0.0,0.0,36.20310974121094,0.15669940412044525,13.53901481628418,2.470177173614502,0.0,0.0,0.0,0.0,0.0,0.0,0.0,0.0,0.0,0.0,0.0,0.0,0.023000000044703484,0.023000000044703484,0.02,0.15,0.0,0.0,0.0,0.0,0.0,0.0,0.0,0.0,0.0,0.0,0.0,0.0,0.36503443121910095,0.08604907989501953,0.002664332364247457,8.039698600769043,186,nan,-1.0,True,,False,0.010050058364868164,0.0,0.1258549690246582,20.0,20.0,1.0,0.0,0.0,0.0,0.0,0.0
1117,35.3558464050293,0.0,0.0,0.0,35.3558464050293,0.16158398985862732,13.53901481628418,2.468549966812134,0.0,0.0,0.0,0.0,0.0,0.0,0.0,0.0,0.0,0.0,0.0,0.0,0.023000000044703484,0.023000000044703484,0.02,0.15,0.0,0.0,0.0,0.0,0.0,0.0,0.0,0.0,0.0,0.0,0.0,0.0,0.3654678165912628,0.08610987663269043,0.0015977828506947844,8.039698600769043,186,nan,-1.0,True,,False,0.010050058364868164,0.0,0.1258549690246582,20.0,20.0,1.0,0.0,0.0,0.0,0.0,0.0
1118,35.479698181152344,0.0,0.0,0.0,35.479698181152344,0.1608816534280777,13.53901481628418,2.467176675796509,0.0,0.0,0.0,0.0,0.0,0.0,0.0,0.0,0.0,0.0,0.0,0.0,0.023000000044703484,0.023000000044703484,0.02,0.15,0.0,0.0,0.0,0.0,0.0,0.0,0.0,0.0,0.0,0.0,0.0,0.0,0.3658943772315979,0.0861770510673523,0.0016554260591874481,8.039698600769043,186,nan,-1.0,True,,False,0.010050058364868164,0.0,0.1258549690246582,20.0,20.0,1.0,0.0,0.0,0.0,0.0,0.0
1119,60.835418701171875,0.0,0.0,0.0,60.835418701171875,0.0701717808842659,13.53901481628418,2.466048002243042,0.0,0.0,0.0,0.0,0.0,0.0,0.0,0.0,0.0,0.0,0.0,0.0,0.023000000044703484,0.023000000044703484,0.02,0.15,0.0,0.0,0.0,0.0,0.0,0.0,0.0,0.0,0.0,0.0,0.0,0.0,0.3663121163845062,0.08625096082687378,0.003197745067609503,8.039698600769043,186,nan,-1.0,True,,False,0.010050058364868164,0.0,0.1258549690246582,20.0,20.0,1.0,0.0,0.0,0.0,0.0,0.0
1120,62.59409713745117,0.0,0.0,0.0,62.59409713745117,0.06671717762947083,13.53901481628418,2.46411395072937,0.0,0.0,0.0,0.0,0.0,0.0,0.0,0.0,0.0,0.0,0.0,0.0,0.023000000044703484,0.023000000044703484,0.02,0.15,0.0,0.0,0.0,0.0,0.0,0.0,0.0,0.0,0.0,0.0,0.0,0.0,0.36673006415367126,0.08632642030715942,0.0032267750991650246,8.039698600769043,186,nan,-1.0,True,,False,0.010050058364868164,0.0,0.1258549690246582,20.0,20.0,1.0,0.0,0.0,0.0,0.0,0.0
1121,40.38531494140625,0.0,0.0,0.0,40.38531494140625,0.1343550682067871,13.53901481628418,2.46124267578125,0.0,0.0,0.0,0.0,0.0,0.0,0.0,0.0,0.0,0.0,0.0,0.0,0.023000000044703484,0.023000000044703484,0.02,0.15,0.0,0.0,0.0,0.0,0.0,0.0,0.0,0.0,0.0,0.0,0.0,0.0,0.36714407801628113,0.08640211820602417,0.0029719344643126533,8.039698600769043,186,nan,-1.0,True,,False,0.010050058364868164,0.0,0.1258549690246582,20.0,20.0,1.0,0.0,0.0,0.0,0.0,0.0
1122,79.39381408691406,0.0,0.0,0.0,79.39381408691406,0.04249187931418419,13.53901481628418,2.4586682319641113,0.0,0.0,0.0,0.0,0.0,0.0,0.0,0.0,0.0,0.0,0.0,0.0,0.023000000044703484,0.023000000044703484,0.02,0.15,0.0,0.0,0.0,0.0,0.0,0.0,0.0,0.0,0.0,0.0,0.0,0.0,0.3675595223903656,0.08647805452346802,0.002955186044346192,8.039698600769043,186,nan,-1.0,True,,False,0.010050058364868164,0.0,0.1258549690246582,20.0,20.0,1.0,0.0,0.0,0.0,0.0,0.0
1123,71.50287628173828,0.0,0.0,0.0,71.50287628173828,0.05202697217464447,13.53901481628418,2.4555773735046387,0.0,0.0,0.0,0.0,0.0,0.0,0.0,0.0,0.0,0.0,0.0,0.0,0.023000000044703484,0.023000000044703484,0.02,0.15,0.0,0.0,0.0,0.0,0.0,0.0,0.0,0.0,0.0,0.0,0.0,0.0,0.3679746687412262,0.08655482530593872,0.002954602393856476,8.039698600769043,186,nan,-1.0,True,,False,0.010050058364868164,0.0,0.1258549690246582,20.0,20.0,1.0,0.0,0.0,0.0,0.0,0.0
1124,37.28556823730469,0.0,0.0,0.0,37.28556823730469,0.14954201877117157,13.53901481628418,2.4519972801208496,0.0,0.0,0.0,0.0,0.0,0.0,0.0,0.0,0.0,0.0,0.0,0.0,0.023000000044703484,0.023000000044703484,0.02,0.15,0.0,0.0,0.0,0.0,0.0,0.0,0.0,0.0,0.0,0.0,0.0,0.0,0.36838704347610474,0.0866239070892334,0.0029246931221678096,8.039698600769043,186,nan,-1.0,True,,False,0.010050058364868164,0.0,0.1258549690246582,20.0,20.0,1.0,0.0,0.0,0.0,0.0,0.0
1125,35.49815368652344,0.0,0.0,0.0,35.49815368652344,0.15951213240623474,13.53901481628418,2.4486653804779053,0.0,0.0,0.0,0.0,0.0,0.0,0.0,0.0,0.0,0.0,0.0,0.0,0.023000000044703484,0.023000000044703484,0.02,0.15,0.0,0.0,0.0,0.0,0.0,0.0,0.0,0.0,0.0,0.0,0.0,0.0,0.3687857687473297,0.0866844654083252,0.0021083308247398236,8.039698600769043,186,nan,-1.0,True,,False,0.010050058364868164,0.0,0.1258549690246582,20.0,20.0,1.0,0.0,0.0,0.0,0.0,0.0
1126,35.91091537475586,0.0,0.0,0.0,35.91091537475586,0.15680235624313354,13.53901481628418,2.445634365081787,0.0,0.0,0.0,0.0,0.0,0.0,0.0,0.0,0.0,0.0,0.0,0.0,0.023000000044703484,0.023000000044703484,0.02,0.15,0.0,0.0,0.0,0.0,0.0,0.0,0.0,0.0,0.0,0.0,0.0,0.0,0.3691546320915222,0.0867379903793335,0.0022192256997186632,8.039698600769043,186,nan,-1.0,True,,False,0.010050058364868164,0.0,0.1258549690246582,20.0,20.0,1.0,0.0,0.0,0.0,0.0,0.0
1127,35.23221969604492,0.0,0.0,0.0,35.23221969604492,0.16073626279830933,13.53901481628418,2.442838191986084,0.0,0.0,0.0,0.0,0.0,0.0,0.0,0.0,0.0,0.0,0.0,0.0,0.023000000044703484,0.023000000044703484,0.02,0.15,0.0,0.0,0.0,0.0,0.0,0.0,0.0,0.0,0.0,0.0,0.0,0.0,0.3695044219493866,0.0867767184972763,0.0022680655483782175,8.039698600769043,186,nan,-1.0,True,,False,0.010050058364868164,0.0,0.1258549690246582,20.0,20.0,1.0,0.0,0.0,0.0,0.0,0.0
1128,37.8474235534668,0.0,0.0,0.0,37.8474235534668,0.14567947387695312,13.53901481628418,2.4402735233306885,0.0,0.0,0.0,0.0,0.0,0.0,0.0,0.0,0.0,0.0,0.0,0.0,0.023000000044703484,0.023000000044703484,0.02,0.15,0.0,0.0,0.0,0.0,0.0,0.0,0.0,0.0,0.0,0.0,0.0,0.0,0.3698440492153168,0.08682026714086533,0.0020948668966411788,8.039698600769043,186,nan,-1.0,True,,False,0.010050058364868164,0.0,0.1258549690246582,20.0,20.0,1.0,0.0,0.0,0.0,0.0,0.0
1129,47.18665313720703,0.0,0.0,0.0,47.18665313720703,0.10533203929662704,13.53901481628418,2.437861204147339,0.0,0.0,0.0,0.0,0.0,0.0,0.0,0.0,0.0,0.0,0.0,0.0,0.023000000044703484,0.023000000044703484,0.02,0.15,0.0,0.0,0.0,0.0,0.0,0.0,0.0,0.0,0.0,0.0,0.0,0.0,0.37018510699272156,0.08686304837465286,0.0021380079092523374,8.039698600769043,186,nan,-1.0,True,,False,0.010050058364868164,0.0,0.1258549690246582,20.0,20.0,1.0,0.0,0.0,0.0,0.0,0.0
1130,59.42791748046875,0.0,0.0,0.0,59.42791748046875,0.07213394343852997,13.53901481628418,2.435598850250244,0.0,0.0,0.0,0.0,0.0,0.0,0.0,0.0,0.0,0.0,0.0,0.0,0.023000000044703484,0.023000000044703484,0.02,0.15,0.0,0.0,0.0,0.0,0.0,0.0,0.0,0.0,0.0,0.0,0.0,0.0,0.3705295920372009,0.08690287172794342,0.002203263578849146,8.039698600769043,186,nan,-1.0,True,,False,0.010050058364868164,0.0,0.1258549690246582,20.0,20.0,1.0,0.0,0.0,0.0,0.0,0.0
1131,75.38997650146484,0.0,0.0,0.0,75.38997650146484,0.04654434323310852,13.53901481628418,2.4334568977355957,0.0,0.0,0.0,0.0,0.0,0.0,0.0,0.0,0.0,0.0,0.0,0.0,0.023000000044703484,0.023000000044703484,0.02,0.15,0.0,0.0,0.0,0.0,0.0,0.0,0.0,0.0,0.0,0.0,0.0,0.0,0.37087616324424744,0.08694092929363251,0.0022809260774465656,8.039698600769043,186,nan,-1.0,True,,False,0.010050058364868164,0.0,0.1258549690246582,20.0,20.0,1.0,0.0,0.0,0.0,0.0,0.0
1132,95.76288604736328,0.0,0.0,0.0,95.76288604736328,0.02835744619369507,13.53901481628418,2.4314286708831787,0.0,0.0,0.0,0.0,0.0,0.0,0.0,0.0,0.0,0.0,0.0,0.0,0.023000000044703484,0.023000000044703484,0.02,0.15,0.0,0.0,0.0,0.0,0.0,0.0,0.0,0.0,0.0,0.0,0.0,0.0,0.3712252974510193,0.08697742968797684,0.0024041261328875407,8.039698600769043,186,nan,-1.0,True,,False,0.010050058364868164,0.0,0.1258549690246582,20.0,20.0,1.0,0.0,0.0,0.0,0.0,0.0
1133,117.32597351074219,0.0,0.0,0.0,117.32597351074219,0.0177348330616951,13.53901481628418,2.4294731616973877,0.0,0.0,0.0,0.0,0.0,0.0,0.0,0.0,0.0,0.0,0.0,0.0,0.023000000044703484,0.023000000044703484,0.02,0.15,0.0,0.0,0.0,0.0,0.0,0.0,0.0,0.0,0.0,0.0,0.0,0.0,0.37157702445983887,0.08701235800981522,0.002531260662863133,8.039698600769043,186,nan,-1.0,True,,False,0.010050058364868164,0.0,0.1258549690246582,20.0,20.0,1.0,0.0,0.0,0.0,0.0,0.0
1134,126.63188171386719,0.0,0.0,0.0,126.63188171386719,0.01467505469918251,13.53901481628418,2.4276044368743896,0.0,0.0,0.0,0.0,0.0,0.0,0.0,0.0,0.0,0.0,0.0,0.0,0.023000000044703484,0.023000000044703484,0.02,0.15,0.0,0.0,0.0,0.0,0.0,0.0,0.0,0.0,0.0,0.0,0.0,0.0,0.3719353675842285,0.08704128116369247,0.002665564614289906,8.039698600769043,186,nan,-1.0,True,,False,0.010050058364868164,0.0,0.1258549690246582,20.0,20.0,1.0,0.0,0.0,0.0,0.0,0.0
1135,113.07344055175781,0.0,0.0,0.0,113.07344055175781,0.019356949254870415,13.53901481628418,2.4257943630218506,0.0,0.0,0.0,0.0,0.0,0.0,0.0,0.0,0.0,0.0,0.0,0.0,0.023000000044703484,0.023000000044703484,0.02,0.15,0.0,0.0,0.0,0.0,0.0,0.0,0.0,0.0,0.0,0.0,0.0,0.0,0.3722968101501465,0.08706767112016678,0.002819512176756689,8.039698600769043,186,nan,-1.0,True,,False,0.010050058364868164,0.0,0.1258549690246582,20.0,20.0,1.0,0.0,0.0,0.0,0.0,0.0
1136,91.81763458251953,0.0,0.0,0.0,91.81763458251953,0.030993234366178513,13.53901481628418,2.4240341186523438,0.0,0.0,0.0,0.0,0.0,0.0,0.0,0.0,0.0,0.0,0.0,0.0,0.023000000044703484,0.023000000044703484,0.02,0.15,0.0,0.0,0.0,0.0,0.0,0.0,0.0,0.0,0.0,0.0,0.0,0.0,0.37265968322753906,0.08709171414375305,0.0029882659671329748,8.039698600769043,186,nan,-1.0,True,,False,0.010050058364868164,0.0,0.1258549690246582,20.0,20.0,1.0,0.0,0.0,0.0,0.0,0.0
1137,73.11363983154297,0.0,0.0,0.0,73.11363983154297,0.04920611158013344,13.53901481628418,2.4223179817199707,0.0,0.0,0.0,0.0,0.0,0.0,0.0,0.0,0.0,0.0,0.0,0.0,0.023000000044703484,0.023000000044703484,0.02,0.15,0.0,0.0,0.0,0.0,0.0,0.0,0.0,0.0,0.0,0.0,0.0,0.0,0.3730240762233734,0.08711379766464233,0.0031851636811097706,8.039698600769043,186,nan,-1.0,True,,False,0.010050058364868164,0.0,0.1258549690246582,20.0,20.0,1.0,0.0,0.0,0.0,0.0,0.0
1138,58.68033218383789,0.0,0.0,0.0,58.68033218383789,0.07336591184139252,13.53901481628418,2.4206485748291016,0.0,0.0,0.0,0.0,0.0,0.0,0.0,0.0,0.0,0.0,0.0,0.0,0.023000000044703484,0.023000000044703484,0.02,0.15,0.0,0.0,0.0,0.0,0.0,0.0,0.0,0.0,0.0,0.0,0.0,0.0,0.37338852882385254,0.0871337279677391,0.003425426695685019,8.039698600769043,186,nan,-1.0,True,,False,0.010050058364868164,0.0,0.1258549690246582,20.0,20.0,1.0,0.0,0.0,0.0,0.0,0.0
1139,55.773773193359375,0.0,0.0,0.0,55.773773193359375,0.07987631112337112,13.53901481628418,2.4190123081207275,0.0,0.0,0.0,0.0,0.0,0.0,0.0,0.0,0.0,0.0,0.0,0.0,0.023000000044703484,0.023000000044703484,0.02,0.15,0.0,0.0,0.0,0.0,0.0,0.0,0.0,0.0,0.0,0.0,0.0,0.0,0.3737535774707794,0.08714845776557922,0.003296131533716107,8.039698600769043,186,nan,-1.0,True,,False,0.010050058364868164,0.0,0.1258549690246582,20.0,20.0,1.0,0.0,0.0,0.0,0.0,0.0
1140,55.209171295166016,0.0,0.0,0.0,55.209171295166016,0.08111651241779327,13.53901481628418,2.4173974990844727,0.0,0.0,0.0,0.0,0.0,0.0,0.0,0.0,0.0,0.0,0.0,0.0,0.023000000044703484,0.023000000044703484,0.02,0.15,0.0,0.0,0.0,0.0,0.0,0.0,0.0,0.0,0.0,0.0,0.0,0.0,0.37412819266319275,0.08713851124048233,0.003366304851624591,8.039698600769043,186,nan,-1.0,True,,False,0.010050058364868164,0.0,0.1258549690246582,20.0,20.0,1.0,0.0,0.0,0.0,0.0,0.0
1141,54.60636520385742,0.0,0.0,0.0,54.60636520385742,0.08249713480472565,13.53901481628418,2.415848970413208,0.0,0.0,0.0,0.0,0.0,0.0,0.0,0.0,0.0,0.0,0.0,0.0,0.023000000044703484,0.023000000044703484,0.02,0.15,0.0,0.0,0.0,0.0,0.0,0.0,0.0,0.0,0.0,0.0,0.0,0.0,0.3745034337043762,0.0871184915304184,0.0034619358750660467,8.039698600769043,186,nan,-1.0,True,,False,0.010050058364868164,0.0,0.1258549690246582,20.0,20.0,1.0,0.0,0.0,0.0,0.0,0.0
1142,52.94298553466797,0.0,0.0,0.0,52.94298553466797,0.08670376986265182,13.53901481628418,2.4143335819244385,0.0,0.0,0.0,0.0,0.0,0.0,0.0,0.0,0.0,0.0,0.0,0.0,0.023000000044703484,0.023000000044703484,0.02,0.15,0.0,0.0,0.0,0.0,0.0,0.0,0.0,0.0,0.0,0.0,0.0,0.0,0.37488099932670593,0.08708925545215607,0.003580381771143948,8.039698600769043,186,nan,-1.0,True,,False,0.010050058364868164,0.0,0.1258549690246582,20.0,20.0,1.0,0.0,0.0,0.0,0.0,0.0
1143,51.04169845581055,0.0,0.0,0.0,51.04169845581055,0.09189770370721817,13.53901481628418,2.4128918647766113,0.0,0.0,0.0,0.0,0.0,0.0,0.0,0.0,0.0,0.0,0.0,0.0,0.023000000044703484,0.023000000044703484,0.02,0.15,0.0,0.0,0.0,0.0,0.0,0.0,0.0,0.0,0.0,0.0,0.0,0.0,0.37526240944862366,0.08705238252878189,0.0037752707817162445,8.039698600769043,186,nan,-1.0,True,,False,0.010050058364868164,0.0,0.1258549690246582,20.0,20.0,1.0,0.0,0.0,0.0,0.0,0.0
1144,48.42374038696289,0.0,0.0,0.0,48.42374038696289,0.09980390220880508,13.53901481628418,2.4115030765533447,0.0,0.0,0.0,0.0,0.0,0.0,0.0,0.0,0.0,0.0,0.0,0.0,0.023000000044703484,0.023000000044703484,0.02,0.15,0.0,0.0,0.0,0.0,0.0,0.0,0.0,0.0,0.0,0.0,0.0,0.0,0.37564924359321594,0.08700904995203018,0.004105703352706769,8.039698600769043,186,nan,-1.0,True,,False,0.010050058364868164,0.0,0.1258549690246582,20.0,20.0,1.0,0.0,0.0,0.0,0.0,0.0
1145,46.10988235473633,0.0,0.0,0.0,46.10988235473633,0.10757087916135788,13.53901481628418,2.4102165699005127,0.0,0.0,0.0,0.0,0.0,0.0,0.0,0.0,0.0,0.0,0.0,0.0,0.023000000044703484,0.023000000044703484,0.02,0.15,0.0,0.0,0.0,0.0,0.0,0.0,0.0,0.0,0.0,0.0,0.0,0.0,0.3760422170162201,0.08696390688419342,0.004286886582576699,8.039698600769043,186,nan,-1.0,True,,False,0.010050058364868164,0.0,0.1258549690246582,20.0,20.0,1.0,0.0,0.0,0.0,0.0,0.0
1146,43.85469055175781,0.0,0.0,0.0,43.85469055175781,0.1159636378288269,13.53901481628418,2.409031629562378,0.0,0.0,0.0,0.0,0.0,0.0,0.0,0.0,0.0,0.0,0.0,0.0,0.023000000044703484,0.023000000044703484,0.02,0.15,0.0,0.0,0.0,0.0,0.0,0.0,0.0,0.0,0.0,0.0,0.0,0.0,0.3764430284500122,0.08691708743572235,0.004528708579300655,8.039698600769043,186,nan,-1.0,True,,False,0.010050058364868164,0.0,0.1258549690246582,20.0,20.0,1.0,0.0,0.0,0.0,0.0,0.0
1147,42.16984558105469,0.0,0.0,0.0,42.16984558105469,0.12280780076980591,13.53901481628418,2.4079623222351074,0.0,0.0,0.0,0.0,0.0,0.0,0.0,0.0,0.0,0.0,0.0,0.0,0.023000000044703484,0.023000000044703484,0.02,0.15,0.0,0.0,0.0,0.0,0.0,0.0,0.0,0.0,0.0,0.0,0.0,0.0,0.3767841160297394,0.08688101172447205,0.005057215422311856,8.039698600769043,186,nan,-1.0,True,,False,0.010050058364868164,0.0,0.1258549690246582,20.0,20.0,1.0,0.0,0.0,0.0,0.0,0.0
1148,41.263511657714844,0.0,0.0,0.0,41.263511657714844,0.12666499614715576,13.53901481628418,2.4069619178771973,0.0,0.0,0.0,0.0,0.0,0.0,0.0,0.0,0.0,0.0,0.0,0.0,0.023000000044703484,0.023000000044703484,0.02,0.15,0.0,0.0,0.0,0.0,0.0,0.0,0.0,0.0,0.0,0.0,0.0,0.0,0.37704089283943176,0.08685679733753204,0.005273874554859503,8.039698600769043,186,nan,-1.0,True,,False,0.010050058364868164,0.0,0.1258549690246582,20.0,20.0,1.0,0.0,0.0,0.0,0.0,0.0
1149,40.429012298583984,0.0,0.0,0.0,40.429012298583984,0.13037368655204773,13.53901481628418,2.406069278717041,0.0,0.0,0.0,0.0,0.0,0.0,0.0,0.0,0.0,0.0,0.0,0.0,0.023000000044703484,0.023000000044703484,0.02,0.15,0.0,0.0,0.0,0.0,0.0,0.0,0.0,0.0,0.0,0.0,0.0,0.0,0.37729448080062866,0.08683232218027115,0.0054695794283361465,8.039698600769043,186,nan,-1.0,True,,False,0.010050058364868164,0.0,0.1258549690246582,20.0,20.0,1.0,0.0,0.0,0.0,0.0,0.0
1150,39.5825080871582,0.0,0.0,0.0,39.5825080871582,0.1343051940202713,13.53901481628418,2.4052958488464355,0.0,0.0,0.0,0.0,0.0,0.0,0.0,0.0,0.0,0.0,0.0,0.0,0.023000000044703484,0.023000000044703484,0.02,0.15,0.0,0.0,0.0,0.0,0.0,0.0,0.0,0.0,0.0,0.0,0.0,0.0,0.37754184007644653,0.08680525422096252,0.005593645200178798,8.039698600769043,186,nan,-1.0,True,,False,0.010050058364868164,0.0,0.1258549690246582,20.0,20.0,1.0,0.0,0.0,0.0,0.0,0.0
1151,38.84364318847656,0.0,0.0,0.0,38.84364318847656,0.13788151741027832,13.53901481628418,2.404644012451172,0.0,0.0,0.0,0.0,0.0,0.0,0.0,0.0,0.0,0.0,0.0,0.0,0.023000000044703484,0.023000000044703484,0.02,0.15,0.0,0.0,0.0,0.0,0.0,0.0,0.0,0.0,0.0,0.0,0.0,0.0,0.3777864873409271,0.0867779552936554,0.005597783259872813,8.039698600769043,186,nan,-1.0,True,,False,0.010050058364868164,0.0,0.1258549690246582,20.0,20.0,1.0,0.0,0.0,0.0,0.0,0.0
1152,38.26262664794922,0.0,0.0,0.0,38.26262664794922,0.14080053567886353,13.53901481628418,2.4041340351104736,0.0,0.0,0.0,0.0,0.0,0.0,0.0,0.0,0.0,0.0,0.0,0.0,0.023000000044703484,0.023000000044703484,0.02,0.15,0.0,0.0,0.0,0.0,0.0,0.0,0.0,0.0,0.0,0.0,0.0,0.0,0.3780297040939331,0.0867510437965393,0.005634905511897159,8.039698600769043,186,nan,-1.0,True,,False,0.010050058364868164,0.0,0.1258549690246582,20.0,20.0,1.0,0.0,0.0,0.0,0.0,0.0
1153,37.52540588378906,0.0,0.0,0.0,37.52540588378906,0.144658625125885,13.53901481628418,2.403761863708496,0.0,0.0,0.0,0.0,0.0,0.0,0.0,0.0,0.0,0.0,0.0,0.0,0.023000000044703484,0.023000000044703484,0.02,0.15,0.0,0.0,0.0,0.0,0.0,0.0,0.0,0.0,0.0,0.0,0.0,0.0,0.3782714307308197,0.08672577142715454,0.005440158962073838,8.039698600769043,186,nan,-1.0,True,,False,0.010050058364868164,0.0,0.1258549690246582,20.0,20.0,1.0,0.0,0.0,0.0,0.0,0.0
1154,36.94500732421875,0.0,0.0,0.0,36.94500732421875,0.14783838391304016,13.53901481628418,2.403549909591675,0.0,0.0,0.0,0.0,0.0,0.0,0.0,0.0,0.0,0.0,0.0,0.0,0.023000000044703484,0.023000000044703484,0.02,0.15,0.0,0.0,0.0,0.0,0.0,0.0,0.0,0.0,0.0,0.0,0.0,0.0,0.378511905670166,0.08670137077569962,0.00515476950113225,8.039698600769043,186,nan,-1.0,True,,False,0.010050058364868164,0.0,0.1258549690246582,20.0,20.0,1.0,0.0,0.0,0.0,0.0,0.0
1155,36.50642395019531,0.0,0.0,0.0,36.50642395019531,0.15037500858306885,13.53901481628418,2.4035093784332275,0.0,0.0,0.0,0.0,0.0,0.0,0.0,0.0,0.0,0.0,0.0,0.0,0.023000000044703484,0.023000000044703484,0.02,0.15,0.0,0.0,0.0,0.0,0.0,0.0,0.0,0.0,0.0,0.0,0.0,0.0,0.3787505626678467,0.08667771518230438,0.00480108969190951,8.039698600769043,186,nan,-1.0,True,,False,0.010050058364868164,0.0,0.1258549690246582,20.0,20.0,1.0,0.0,0.0,0.0,0.0,0.0
1156,35.93390655517578,0.0,0.0,0.0,35.93390655517578,0.1538551300764084,13.53901481628418,2.4036483764648438,0.0,0.0,0.0,0.0,0.0,0.0,0.0,0.0,0.0,0.0,0.0,0.0,0.023000000044703484,0.023000000044703484,0.02,0.15,0.0,0.0,0.0,0.0,0.0,0.0,0.0,0.0,0.0,0.0,0.0,0.0,0.3789871633052826,0.08665533363819122,0.004384736994779814,8.039698600769043,186,nan,-1.0,True,,False,0.010050058364868164,0.0,0.1258549690246582,20.0,20.0,1.0,0.0,0.0,0.0,0.0,0.0
1157,65.8767318725586,0.0,0.0,0.0,65.8767318725586,0.05923367664217949,13.53901481628418,2.403959274291992,0.0,0.0,0.0,0.0,0.0,0.0,0.0,0.0,0.0,0.0,0.0,0.0,0.023000000044703484,0.023000000044703484,0.02,0.15,0.0,0.0,0.0,0.0,0.0,0.0,0.0,0.0,0.0,0.0,0.0,0.0,0.37922152876853943,0.0866347998380661,0.0015073607964950497,8.039698600769043,186,nan,-1.0,True,,False,0.010050058364868164,0.0,0.1258549690246582,20.0,20.0,1.0,0.0,0.0,0.0,0.0,0.0
1158,70.82798767089844,0.0,0.0,0.0,70.82798767089844,0.051774293184280396,13.53901481628418,2.4035987854003906,0.0,0.0,0.0,0.0,0.0,0.0,0.0,0.0,0.0,0.0,0.0,0.0,0.023000000044703484,0.023000000044703484,0.02,0.15,0.0,0.0,0.0,0.0,0.0,0.0,0.0,0.0,0.0,0.0,0.0,0.0,0.3794613778591156,0.08661632239818573,0.0014725798396284517,8.039698600769043,186,nan,-1.0,True,,False,0.010050058364868164,0.0,0.1258549690246582,20.0,20.0,1.0,0.0,0.0,0.0,0.0,0.0
1159,33.96784973144531,0.0,0.0,0.0,33.96784973144531,0.1656285971403122,13.53901481628418,2.4019253253936768,0.0,0.0,0.0,0.0,0.0,0.0,0.0,0.0,0.0,0.0,0.0,0.0,0.023000000044703484,0.023000000044703484,0.02,0.15,0.0,0.0,0.0,0.0,0.0,0.0,0.0,0.0,0.0,0.0,0.0,0.0,0.37970030307769775,0.08659818023443222,0.0032271333870994567,8.039698600769043,186,nan,-1.0,True,,False,0.010050058364868164,0.0,0.1258549690246582,20.0,20.0,1.0,0.0,0.0,0.0,0.0,0.0
1160,33.17898941040039,0.0,0.0,0.0,33.17898941040039,0.17047777771949768,13.53901481628418,2.400573492050171,0.0,0.0,0.0,0.0,0.0,0.0,0.0,0.0,0.0,0.0,0.0,0.0,0.023000000044703484,0.023000000044703484,0.02,0.15,0.0,0.0,0.0,0.0,0.0,0.0,0.0,0.0,0.0,0.0,0.0,0.0,0.37993690371513367,0.08658278733491898,0.0028700384609692264,8.039698600769043,186,nan,-1.0,True,,False,0.010050058364868164,0.0,0.1258549690246582,20.0,20.0,1.0,0.0,0.0,0.0,0.0,0.0
1161,32.28959655761719,0.0,0.0,0.0,32.28959655761719,0.17639417946338654,13.53901481628418,2.399517059326172,0.0,0.0,0.0,0.0,0.0,0.0,0.0,0.0,0.0,0.0,0.0,0.0,0.023000000044703484,0.023000000044703484,0.02,0.15,0.0,0.0,0.0,0.0,0.0,0.0,0.0,0.0,0.0,0.0,0.0,0.0,0.38017019629478455,0.08657027781009674,0.0025289465074820328,8.039698600769043,186,nan,-1.0,True,,False,0.010050058364868164,0.0,0.1258549690246582,20.0,20.0,1.0,0.0,0.0,0.0,0.0,0.0
1162,31.205768585205078,0.0,0.0,0.0,31.205768585205078,0.18413081765174866,13.53901481628418,2.398775100708008,0.0,0.0,0.0,0.0,0.0,0.0,0.0,0.0,0.0,0.0,0.0,0.0,0.023000000044703484,0.023000000044703484,0.02,0.15,0.0,0.0,0.0,0.0,0.0,0.0,0.0,0.0,0.0,0.0,0.0,0.0,0.3803989291191101,0.08656122535467148,0.00226040522625226,8.039698600769043,186,nan,-1.0,True,,False,0.010050058364868164,0.0,0.1258549690246582,20.0,20.0,1.0,0.0,0.0,0.0,0.0,0.0
1163,29.834518432617188,0.0,0.0,0.0,29.834518432617188,0.19472694396972656,13.53901481628418,2.398428440093994,0.0,0.0,0.0,0.0,0.0,0.0,0.0,0.0,0.0,0.0,0.0,0.0,0.023000000044703484,0.023000000044703484,0.02,0.15,0.0,0.0,0.0,0.0,0.0,0.0,0.0,0.0,0.0,0.0,0.0,0.0,0.38061651587486267,0.0865597203373909,0.002018946029693325,8.039698600769043,186,nan,-1.0,True,,False,0.010050058364868164,0.0,0.1258549690246582,20.0,20.0,1.0,0.0,0.0,0.0,0.0,0.0
1164,29.399227142333984,0.0,0.0,0.0,29.399227142333984,0.19829092919826508,13.53901481628418,2.3985555171966553,0.0,0.0,0.0,0.0,0.0,0.0,0.0,0.0,0.0,0.0,0.0,0.0,0.023000000044703484,0.023000000044703484,0.02,0.15,0.0,0.0,0.0,0.0,0.0,0.0,0.0,0.0,0.0,0.0,0.0,0.0,0.38079696893692017,0.08658058196306229,0.0027470345023630216,8.039698600769043,186,nan,-1.0,True,,False,0.010050058364868164,0.0,0.1258549690246582,20.0,20.0,1.0,0.0,0.0,0.0,0.0,0.0
1165,31.278759002685547,0.0,0.0,0.0,31.278759002685547,0.18359725177288055,13.53901481628418,2.3990070819854736,0.0,0.0,0.0,0.0,0.0,0.0,0.0,0.0,0.0,0.0,0.0,0.0,0.023000000044703484,0.023000000044703484,0.02,0.15,0.0,0.0,0.0,0.0,0.0,0.0,0.0,0.0,0.0,0.0,0.0,0.0,0.3809565603733063,0.08661620318889618,0.002658235911439988,8.039698600769043,186,nan,-1.0,True,,False,0.010050058364868164,0.0,0.1258549690246582,20.0,20.0,1.0,0.0,0.0,0.0,0.0,0.0
1166,33.53272247314453,0.0,0.0,0.0,33.53272247314453,0.16797536611557007,13.53901481628418,2.399812936782837,0.0,0.0,0.0,0.0,0.0,0.0,0.0,0.0,0.0,0.0,0.0,0.0,0.023000000044703484,0.023000000044703484,0.02,0.15,0.0,0.0,0.0,0.0,0.0,0.0,0.0,0.0,0.0,0.0,0.0,0.0,0.38110360503196716,0.08667118847370148,0.0025997665077284182,8.039698600769043,186,nan,-1.0,True,,False,0.010050058364868164,0.0,0.1258549690246582,20.0,20.0,1.0,0.0,0.0,0.0,0.0,0.0
1167,35.70099639892578,0.0,0.0,0.0,35.70099639892578,0.15470139682292938,13.53901481628418,2.4009387493133545,0.0,0.0,0.0,0.0,0.0,0.0,0.0,0.0,0.0,0.0,0.0,0.0,0.023000000044703484,0.023000000044703484,0.02,0.15,0.0,0.0,0.0,0.0,0.0,0.0,0.0,0.0,0.0,0.0,0.0,0.0,0.38124141097068787,0.0867491364479065,0.002541094828984569,8.039698600769043,186,nan,-1.0,True,,False,0.010050058364868164,0.0,0.1258549690246582,20.0,20.0,1.0,0.0,0.0,0.0,0.0,0.0
1168,38.15718078613281,0.0,0.0,0.0,38.15718078613281,0.14140775799751282,13.53901481628418,2.402374029159546,0.0,0.0,0.0,0.0,0.0,0.0,0.0,0.0,0.0,0.0,0.0,0.0,0.023000000044703484,0.023000000044703484,0.02,0.15,0.0,0.0,0.0,0.0,0.0,0.0,0.0,0.0,0.0,0.0,0.0,0.0,0.3813735544681549,0.0868469700217247,0.002561342126227828,8.039698600769043,186,nan,-1.0,True,,False,0.010050058364868164,0.0,0.1258549690246582,20.0,20.0,1.0,0.0,0.0,0.0,0.0,0.0
1169,40.34728240966797,0.0,0.0,0.0,40.34728240966797,0.130950927734375,13.53901481628418,2.4041872024536133,0.0,0.0,0.0,0.0,0.0,0.0,0.0,0.0,0.0,0.0,0.0,0.0,0.023000000044703484,0.023000000044703484,0.02,0.15,0.0,0.0,0.0,0.0,0.0,0.0,0.0,0.0,0.0,0.0,0.0,0.0,0.3815012574195862,0.08694322407245636,0.0025410773873772996,8.039698600769043,186,nan,-1.0,True,,False,0.010050058364868164,0.0,0.1258549690246582,20.0,20.0,1.0,0.0,0.0,0.0,0.0,0.0
1170,41.58879852294922,0.0,0.0,0.0,41.58879852294922,0.12577709555625916,13.53901481628418,2.406282663345337,0.0,0.0,0.0,0.0,0.0,0.0,0.0,0.0,0.0,0.0,0.0,0.0,0.023000000044703484,0.023000000044703484,0.02,0.15,0.0,0.0,0.0,0.0,0.0,0.0,0.0,0.0,0.0,0.0,0.0,0.0,0.38162335753440857,0.08703858405351639,0.0025533574264500203,8.039698600769043,186,nan,-1.0,True,,False,0.010050058364868164,0.0,0.1258549690246582,20.0,20.0,1.0,0.0,0.0,0.0,0.0,0.0
1171,77.15203094482422,0.0,0.0,0.0,77.15203094482422,0.0441298708319664,13.494884490966797,2.4079158306121826,0.0,0.0,0.0,0.0,0.0,0.0,0.0,0.0,0.0,0.0,0.0,0.0,0.023000000044703484,0.023000000044703484,0.02,0.15,0.0,0.0,0.0,0.0,0.0,0.0,0.0,0.0,0.0,0.0,0.0,0.0,0.3817390501499176,0.08714619278907776,0.0029155606532640377,8.039698600769043,186,nan,-1.0,True,,False,0.010050058364868164,0.0,0.1258549690246582,20.0,20.0,1.0,0.0,0.0,0.0,0.0,0.0
1172,70.67008209228516,0.0,0.0,0.0,70.67008209228516,0.05205656215548515,13.14609146118164,2.403888702392578,0.0,0.0,0.0,0.0,0.0,0.0,0.0,0.0,0.0,0.0,0.0,0.0,0.023000000044703484,0.023000000044703484,0.02,0.15,0.0,0.0,0.0,0.0,0.0,0.0,0.0,0.0,0.0,0.0,0.0,0.0,0.3818429112434387,0.08725826442241669,0.0012228375640006561,8.039698600769043,186,nan,-1.0,True,,False,0.010050058364868164,0.0,0.1258549690246582,20.0,20.0,1.0,0.0,0.0,0.0,0.0,0.0
1173,116.27425384521484,0.0,0.0,0.0,116.27425384521484,0.017896756529808044,12.850942611694336,2.4005634784698486,0.0,0.0,0.0,0.0,0.0,0.0,0.0,0.0,0.0,0.0,0.0,0.0,0.023000000044703484,0.023000000044703484,0.02,0.15,0.0,0.0,0.0,0.0,0.0,0.0,0.0,0.0,0.0,0.0,0.0,0.0,0.3819257318973541,0.0873548611998558,0.0012775155141753203,8.039698600769043,186,nan,-1.0,True,,False,0.010050058364868164,0.0,0.1258549690246582,20.0,20.0,1.0,0.0,0.0,0.0,0.0,0.0
1174,40.25196075439453,0.0,0.0,0.0,40.25196075439453,0.13073745369911194,12.59778118133545,2.3951306343078613,0.0,0.0,0.0,0.0,0.0,0.0,0.0,0.0,0.0,0.0,0.0,0.0,0.023000000044703484,0.023000000044703484,0.02,0.15,0.0,0.0,0.0,0.0,0.0,0.0,0.0,0.0,0.0,0.0,0.0,0.0,0.3819963037967682,0.08741085231304169,0.0027428488647274207,8.039698600769043,186,nan,-1.0,True,,False,0.010050058364868164,0.0,0.1258549690246582,20.0,20.0,1.0,0.0,0.0,0.0,0.0,0.0
1175,38.50868225097656,0.0,0.0,0.0,38.50868225097656,0.13871872425079346,12.379251480102539,2.3909056186676025,0.0,0.0,0.0,0.0,0.0,0.0,0.0,0.0,0.0,0.0,0.0,0.0,0.023000000044703484,0.023000000044703484,0.02,0.15,0.0,0.0,0.0,0.0,0.0,0.0,0.0,0.0,0.0,0.0,0.0,0.0,0.3820499777793884,0.08744486421346664,0.00277442331275779,8.039698600769043,186,nan,-1.0,True,,False,0.010050058364868164,0.0,0.1258549690246582,20.0,20.0,1.0,0.0,0.0,0.0,0.0,0.0
1176,36.6368293762207,0.0,0.0,0.0,36.6368293762207,0.14831490814685822,12.187812805175781,2.387629985809326,0.0,0.0,0.0,0.0,0.0,0.0,0.0,0.0,0.0,0.0,0.0,0.0,0.023000000044703484,0.023000000044703484,0.02,0.15,0.0,0.0,0.0,0.0,0.0,0.0,0.0,0.0,0.0,0.0,0.0,0.0,0.3820946514606476,0.08746452629566193,0.002783622208653469,8.039698600769043,186,nan,-1.0,True,,False,0.010050058364868164,0.0,0.1258549690246582,20.0,20.0,1.0,0.0,0.0,0.0,0.0,0.0
1177,34.806419372558594,0.0,0.0,0.0,34.806419372558594,0.15874971449375153,12.017110824584961,2.385124683380127,0.0,0.0,0.0,0.0,0.0,0.0,0.0,0.0,0.0,0.0,0.0,0.0,0.023000000044703484,0.023000000044703484,0.02,0.15,0.0,0.0,0.0,0.0,0.0,0.0,0.0,0.0,0.0,0.0,0.0,0.0,0.38213440775871277,0.08732300996780396,0.0027832091207073972,8.039698600769043,186,nan,-1.0,True,,False,0.010050058364868164,0.0,0.1258549690246582,20.0,20.0,1.0,0.0,0.0,0.0,0.0,0.0
1178,34.56657791137695,0.0,0.0,0.0,34.56657791137695,0.1601569950580597,11.859347343444824,2.383260726928711,0.0,0.0,0.0,0.0,0.0,0.0,0.0,0.0,0.0,0.0,0.0,0.0,0.023000000044703484,0.023000000044703484,0.02,0.15,0.0,0.0,0.0,0.0,0.0,0.0,0.0,0.0,0.0,0.0,0.0,0.0,0.3821706771850586,0.08704859018325806,0.0019651990724014468,8.039698600769043,186,nan,-1.0,True,,False,0.010050058364868164,0.0,0.1258549690246582,20.0,20.0,1.0,0.0,0.0,0.0,0.0,0.0
1179,49.41266632080078,0.0,0.0,0.0,49.41266632080078,0.0953521579504013,11.706075668334961,2.3819782733917236,0.0,0.0,0.0,0.0,0.0,0.0,0.0,0.0,0.0,0.0,0.0,0.0,0.023000000044703484,0.023000000044703484,0.02,0.15,0.0,0.0,0.0,0.0,0.0,0.0,0.0,0.0,0.0,0.0,0.0,0.0,0.3822004795074463,0.0868157148361206,0.0018267026994180924,8.039698600769043,186,nan,-1.0,True,,False,0.010050058364868164,0.0,0.1258549690246582,20.0,20.0,1.0,0.0,0.0,0.0,0.0,0.0
1180,85.95894622802734,0.0,0.0,0.0,85.95894622802734,0.03484798222780228,11.551128387451172,2.3811354637145996,0.0,0.0,0.0,0.0,0.0,0.0,0.0,0.0,0.0,0.0,0.0,0.0,0.023000000044703484,0.023000000044703484,0.02,0.15,0.0,0.0,0.0,0.0,0.0,0.0,0.0,0.0,0.0,0.0,0.0,0.0,0.3822231888771057,0.08662647008895874,0.0016914992788770178,8.039698600769043,186,nan,-1.0,True,,False,0.010050058364868164,0.0,0.1258549690246582,20.0,20.0,1.0,0.0,0.0,0.0,0.0,0.0
1181,109.87832641601562,0.0,0.0,0.0,109.87832641601562,0.020249992609024048,11.39163589477539,2.3804798126220703,0.0,0.0,0.0,0.0,0.0,0.0,0.0,0.0,0.0,0.0,0.0,0.0,0.023000000044703484,0.023000000044703484,0.02,0.15,0.0,0.0,0.0,0.0,0.0,0.0,0.0,0.0,0.0,0.0,0.0,0.0,0.3822362422943115,0.08650529384613037,0.0015506659442507953,8.039698600769043,186,nan,-1.0,True,,False,0.010050058364868164,0.0,0.1258549690246582,20.0,20.0,1.0,0.0,0.0,0.0,0.0,0.0
1182,59.33100128173828,0.0,0.0,0.0,59.33100128173828,0.07036329805850983,11.229970932006836,2.3799636363983154,0.0,0.0,0.0,0.0,0.0,0.0,0.0,0.0,0.0,0.0,0.0,0.0,0.023000000044703484,0.023000000044703484,0.02,0.15,0.0,0.0,0.0,0.0,0.0,0.0,0.0,0.0,0.0,0.0,0.0,0.0,0.3822462558746338,0.08647280931472778,0.001465743041535461,8.039698600769043,186,nan,-1.0,True,,False,0.010050058364868164,0.0,0.1258549690246582,20.0,20.0,1.0,0.0,0.0,0.0,0.0,0.0
1183,41.91075134277344,0.0,0.0,0.0,41.91075134277344,0.12220366299152374,11.069398880004883,2.380047082901001,0.0,0.0,0.0,0.0,0.0,0.0,0.0,0.0,0.0,0.0,0.0,0.0,0.023000000044703484,0.023000000044703484,0.02,0.15,0.0,0.0,0.0,0.0,0.0,0.0,0.0,0.0,0.0,0.0,0.0,0.0,0.382260799407959,0.08644872903823853,0.0014076769743951445,8.039698600769043,186,nan,-1.0,True,,False,0.010050058364868164,0.0,0.1258549690246582,20.0,20.0,1.0,0.0,0.0,0.0,0.0,0.0
1184,32.59461975097656,0.0,0.0,0.0,32.59461975097656,0.17248892784118652,10.912470817565918,2.38091778755188,0.0,0.0,0.0,0.0,0.0,0.0,0.0,0.0,0.0,0.0,0.0,0.0,0.023000000044703484,0.023000000044703484,0.02,0.15,0.0,0.0,0.0,0.0,0.0,0.0,0.0,0.0,0.0,0.0,0.0,0.0,0.3822758197784424,0.08647054433822632,0.0013821454735989391,8.039698600769043,186,nan,-1.0,True,,False,0.010050058364868164,0.0,0.1258549690246582,20.0,20.0,1.0,0.0,0.0,0.0,0.0,0.0
1185,27.398712158203125,0.0,0.0,0.0,27.398712158203125,0.21385134756565094,10.760398864746094,2.382762908935547,0.0,0.0,0.0,0.0,0.0,0.0,0.0,0.0,0.0,0.0,0.0,0.0,0.023000000044703484,0.023000000044703484,0.02,0.15,0.0,0.0,0.0,0.0,0.0,0.0,0.0,0.0,0.0,0.0,0.0,0.0,0.38229498267173767,0.08650749921798706,0.0021738571897458314,8.039698600769043,186,nan,-1.0,True,,False,0.010050058364868164,0.0,0.1258549690246582,20.0,20.0,1.0,0.0,0.0,0.0,0.0,0.0
1186,27.50567054748535,0.0,0.0,0.0,27.50567054748535,0.21305233240127563,10.614028930664062,2.3856658935546875,0.0,0.0,0.0,0.0,0.0,0.0,0.0,0.0,0.0,0.0,0.0,0.0,0.023000000044703484,0.023000000044703484,0.02,0.15,0.0,0.0,0.0,0.0,0.0,0.0,0.0,0.0,0.0,0.0,0.0,0.0,0.3823200464248657,0.08654218912124634,0.002206181086194192,8.039698600769043,186,nan,-1.0,True,,False,0.010050058364868164,0.0,0.1258549690246582,20.0,20.0,1.0,0.0,0.0,0.0,0.0,0.0
1187,27.779701232910156,0.0,0.0,0.0,27.779701232910156,0.2109689563512802,10.47312068939209,2.3898980617523193,0.0,0.0,0.0,0.0,0.0,0.0,0.0,0.0,0.0,0.0,0.0,0.0,0.023000000044703484,0.023000000044703484,0.02,0.15,0.0,0.0,0.0,0.0,0.0,0.0,0.0,0.0,0.0,0.0,0.0,0.0,0.38234955072402954,0.08659827709197998,0.00227419375687532,8.039698600769043,186,nan,-1.0,True,,False,0.010050058364868164,0.0,0.1258549690246582,20.0,20.0,1.0,0.0,0.0,0.0,0.0,0.0
1188,28.093486785888672,0.0,0.0,0.0,28.093486785888672,0.20907656848430634,10.33741283416748,2.3958733081817627,0.0,0.0,0.0,0.0,0.0,0.0,0.0,0.0,0.0,0.0,0.0,0.0,0.023000000044703484,0.023000000044703484,0.02,0.15,0.0,0.0,0.0,0.0,0.0,0.0,0.0,0.0,0.0,0.0,0.0,0.0,0.3823826014995575,0.08668142557144165,0.0023849422459534253,8.039698600769043,186,nan,-1.0,True,,False,0.010050058364868164,0.0,0.1258549690246582,20.0,20.0,1.0,0.0,0.0,0.0,0.0,0.0
1189,45.36420822143555,0.0,0.0,0.0,45.36420822143555,0.10976068675518036,10.206655502319336,2.3989334106445312,0.0,0.0,0.0,0.0,0.0,0.0,0.0,0.0,0.0,0.0,0.0,0.0,0.023000000044703484,0.023000000044703484,0.02,0.15,0.0,0.0,0.0,0.0,0.0,0.0,0.0,0.0,0.0,0.0,0.0,0.0,0.38242006301879883,0.08676141500473022,0.0023577954416396096,8.039698600769043,186,nan,-1.0,True,,False,0.010050058364868164,0.0,0.1258549690246582,20.0,20.0,1.0,0.0,0.0,0.0,0.0,0.0
1190,27.90817642211914,0.0,0.0,0.0,27.90817642211914,0.2108108103275299,10.079154968261719,2.3975024223327637,0.0,0.0,0.0,0.0,0.0,0.0,0.0,0.0,0.0,0.0,0.0,0.0,0.023000000044703484,0.023000000044703484,0.02,0.15,0.0,0.0,0.0,0.0,0.0,0.0,0.0,0.0,0.0,0.0,0.0,0.0,0.38243386149406433,0.08678328990936279,0.002543060497600891,8.039698600769043,186,nan,-1.0,True,,False,0.010050058364868164,0.0,0.1258549690246582,20.0,20.0,1.0,0.0,0.0,0.0,0.0,0.0
1191,27.2760066986084,0.0,0.0,0.0,27.2760066986084,0.21634265780448914,9.956086158752441,2.3964107036590576,0.0,0.0,0.0,0.0,0.0,0.0,0.0,0.0,0.0,0.0,0.0,0.0,0.023000000044703484,0.023000000044703484,0.02,0.15,0.0,0.0,0.0,0.0,0.0,0.0,0.0,0.0,0.0,0.0,0.0,0.0,0.3824457824230194,0.08676093816757202,0.0026374036183369753,8.039698600769043,186,nan,-1.0,True,,False,0.010050058364868164,0.0,0.1258549690246582,20.0,20.0,1.0,0.0,0.0,0.0,0.0,0.0
1192,26.52326774597168,0.0,0.0,0.0,26.52326774597168,0.22353863716125488,9.837309837341309,2.39565110206604,0.0,0.0,0.0,0.0,0.0,0.0,0.0,0.0,0.0,0.0,0.0,0.0,0.023000000044703484,0.023000000044703484,0.02,0.15,0.0,0.0,0.0,0.0,0.0,0.0,0.0,0.0,0.0,0.0,0.0,0.0,0.38245874643325806,0.08672654628753662,0.0027398146187351813,8.039698600769043,186,nan,-1.0,True,,False,0.010050058364868164,0.0,0.1258549690246582,20.0,20.0,1.0,0.0,0.0,0.0,0.0,0.0
1193,30.490041732788086,0.0,0.0,0.0,30.490041732788086,0.18914154171943665,9.72273063659668,2.395258903503418,0.0,0.0,0.0,0.0,0.0,0.0,0.0,0.0,0.0,0.0,0.0,0.0,0.023000000044703484,0.023000000044703484,0.02,0.15,0.0,0.0,0.0,0.0,0.0,0.0,0.0,0.0,0.0,0.0,0.0,0.0,0.382472962141037,0.08668243885040283,0.0022228670113690896,8.039698600769043,186,nan,-1.0,True,,False,0.010050058364868164,0.0,0.1258549690246582,20.0,20.0,1.0,0.0,0.0,0.0,0.0,0.0
1194,96.98040771484375,0.0,0.0,0.0,96.98040771484375,0.02708822302520275,9.612722396850586,2.3951663970947266,0.0,0.0,0.0,0.0,0.0,0.0,0.0,0.0,0.0,0.0,0.0,0.0,0.023000000044703484,0.023000000044703484,0.02,0.15,0.0,0.0,0.0,0.0,0.0,0.0,0.0,0.0,0.0,0.0,0.0,0.0,0.38250526785850525,0.0866384506225586,0.0022548765123246994,8.039698600769043,186,nan,-1.0,True,,False,0.010050058364868164,0.0,0.1258549690246582,20.0,20.0,1.0,0.0,0.0,0.0,0.0,0.0
1195,36.37099838256836,0.0,0.0,0.0,36.37099838256836,0.15026256442070007,9.507259368896484,2.393953561782837,0.0,0.0,0.0,0.0,0.0,0.0,0.0,0.0,0.0,0.0,0.0,0.0,0.023000000044703484,0.023000000044703484,0.02,0.15,0.0,0.0,0.0,0.0,0.0,0.0,0.0,0.0,0.0,0.0,0.0,0.0,0.38255688548088074,0.08659583330154419,0.002293686584380339,8.039698600769043,186,nan,-1.0,True,,False,0.010050058364868164,0.0,0.1258549690246582,20.0,20.0,1.0,0.0,0.0,0.0,0.0,0.0
1196,22.940675735473633,0.0,0.0,0.0,22.940675735473633,0.2630632221698761,9.403764724731445,2.3929929733276367,0.0,0.0,0.0,0.0,0.0,0.0,0.0,0.0,0.0,0.0,0.0,0.0,0.023000000044703484,0.023000000044703484,0.02,0.15,0.0,0.0,0.0,0.0,0.0,0.0,0.0,0.0,0.0,0.0,0.0,0.0,0.3825945556163788,0.08655238151550293,0.0031344742155852146,8.039698600769043,186,nan,-1.0,True,,False,0.010050058364868164,0.0,0.1258549690246582,20.0,20.0,1.0,0.0,0.0,0.0,0.0,0.0
1197,30.139570236206055,0.0,0.0,0.0,30.139570236206055,0.19154006242752075,9.303672790527344,2.392634630203247,0.0,0.0,0.0,0.0,0.0,0.0,0.0,0.0,0.0,0.0,0.0,0.0,0.023000000044703484,0.023000000044703484,0.02,0.15,0.0,0.0,0.0,0.0,0.0,0.0,0.0,0.0,0.0,0.0,0.0,0.0,0.38263440132141113,0.08650451898574829,0.0010116842204297427,8.039698600769043,186,nan,-1.0,True,,False,0.010050058364868164,0.0,0.1258549690246582,20.0,20.0,1.0,0.0,0.0,0.0,0.0,0.0
1198,65.04386138916016,0.0,0.0,0.0,65.04386138916016,0.06015433743596077,9.206563949584961,2.3928980827331543,0.0,0.0,0.0,0.0,0.0,0.0,0.0,0.0,0.0,0.0,0.0,0.0,0.023000000044703484,0.023000000044703484,0.02,0.15,0.0,0.0,0.0,0.0,0.0,0.0,0.0,0.0,0.0,0.0,0.0,0.0,0.3826737403869629,0.08647078275680542,0.0010507785905247147,8.039698600769043,186,nan,-1.0,True,,False,0.010050058364868164,0.0,0.1258549690246582,20.0,20.0,1.0,0.0,0.0,0.0,0.0,0.0
1199,74.02265167236328,0.0,0.0,0.0,74.02265167236328,0.04724359139800072,9.11191177368164,2.39250111579895,0.0,0.0,0.0,0.0,0.0,0.0,0.0,0.0,0.0,0.0,0.0,0.0,0.023000000044703484,0.023000000044703484,0.02,0.15,0.0,0.0,0.0,0.0,0.0,0.0,0.0,0.0,0.0,0.0,0.0,0.0,0.3826844096183777,0.08645039796829224,0.0011026061331449455,8.039698600769043,186,nan,-1.0,True,,False,0.010050058364868164,0.0,0.1258549690246582,20.0,20.0,1.0,0.0,0.0,0.0,0.0,0.0
1200,38.842647552490234,0.0,0.0,0.0,38.842647552490234,0.13715142011642456,9.019754409790039,2.3915369510650635,0.0,0.0,0.0,0.0,0.0,0.0,0.0,0.0,0.0,0.0,0.0,0.0,0.023000000044703484,0.023000000044703484,0.02,0.15,0.0,0.0,0.0,0.0,0.0,0.0,0.0,0.0,0.0,0.0,0.0,0.0,0.3826718330383301,0.08641302585601807,0.0011621694663972448,8.039698600769043,186,nan,-1.0,True,,False,0.010050058364868164,0.0,0.1258549690246582,20.0,20.0,1.0,0.0,0.0,0.0,0.0,0.0
1201,75.35685729980469,0.0,0.0,0.0,75.35685729980469,0.04564715549349785,8.929994583129883,2.3909225463867188,0.0,0.0,0.0,0.0,0.0,0.0,0.0,0.0,0.0,0.0,0.0,0.0,0.023000000044703484,0.023000000044703484,0.02,0.15,0.0,0.0,0.0,0.0,0.0,0.0,0.0,0.0,0.0,0.0,0.0,0.0,0.3826596438884735,0.0863574743270874,0.0021713503410865087,8.039698600769043,186,nan,-1.0,True,,False,0.010050058364868164,0.0,0.1258549690246582,20.0,20.0,1.0,0.0,0.0,0.0,0.0,0.0
1202,32.26683807373047,0.0,0.0,0.0,32.26683807373047,0.17556509375572205,8.915753364562988,2.3888614177703857,0.0,0.0,0.0,0.0,0.0,0.0,0.0,0.0,0.0,0.0,0.0,0.0,0.023000000044703484,0.023000000044703484,0.02,0.15,0.0,0.0,0.0,0.0,0.0,0.0,0.0,0.0,0.0,0.0,0.0,0.0,0.38266006112098694,0.08629649877548218,0.0021623201705551764,8.039698600769043,186,nan,-1.0,True,,False,0.010050058364868164,0.0,0.1258549690246582,20.0,20.0,1.0,0.0,0.0,0.0,0.0,0.0
1203,16.827411651611328,0.0,0.0,0.0,16.827411651611328,0.3581058382987976,8.917580604553223,2.3868625164031982,0.0,0.0,0.0,0.0,0.0,0.0,0.0,0.0,0.0,0.0,0.0,0.0,0.023000000044703484,0.023000000044703484,0.02,0.15,0.0,0.0,0.0,0.0,0.0,0.0,0.0,0.0,0.0,0.0,0.0,0.0,0.3826485574245453,0.08622848987579346,0.0035937812590418616,8.039698600769043,186,nan,-1.0,True,,False,0.010050058364868164,0.0,0.1258549690246582,20.0,20.0,1.0,0.0,0.0,0.0,0.0,0.0
1204,15.975492477416992,0.0,0.0,0.0,15.975492477416992,0.3749779760837555,8.919504165649414,2.3854739665985107,0.0,0.0,0.0,0.0,0.0,0.0,0.0,0.0,0.0,0.0,0.0,0.0,0.023000000044703484,0.023000000044703484,0.02,0.15,0.0,0.0,0.0,0.0,0.0,0.0,0.0,0.0,0.0,0.0,0.0,0.0,0.382635235786438,0.08615219593048096,0.0037256208627240994,8.039698600769043,186,nan,-1.0,True,,False,0.010050058364868164,0.0,0.1258549690246582,20.0,20.0,1.0,0.0,0.0,0.0,0.0,0.0
1205,18.586652755737305,0.0,0.0,0.0,18.586652755737305,0.32468491792678833,8.921613693237305,2.384758234024048,0.0,0.0,0.0,0.0,0.0,0.0,0.0,0.0,0.0,0.0,0.0,0.0,0.023000000044703484,0.023000000044703484,0.02,0.15,0.0,0.0,0.0,0.0,0.0,0.0,0.0,0.0,0.0,0.0,0.0,0.0,0.38260820508003235,0.08606898784637451,0.0028020167571867205,8.039698600769043,186,nan,-1.0,True,,False,0.010050058364868164,0.0,0.1258549690246582,20.0,20.0,1.0,0.0,0.0,0.0,0.0,0.0
1206,23.8085994720459,0.0,0.0,0.0,23.8085994720459,0.25086480379104614,8.924376487731934,2.384586811065674,0.0,0.0,0.0,0.0,0.0,0.0,0.0,0.0,0.0,0.0,0.0,0.0,0.023000000044703484,0.023000000044703484,0.02,0.15,0.0,0.0,0.0,0.0,0.0,0.0,0.0,0.0,0.0,0.0,0.0,0.0,0.3825729787349701,0.08599400520324707,0.003033402899518478,8.039698600769043,186,nan,-1.0,True,,False,0.010050058364868164,0.0,0.1258549690246582,20.0,20.0,1.0,0.0,0.0,0.0,0.0,0.0
1207,32.77217483520508,0.0,0.0,0.0,32.77217483520508,0.17129628360271454,8.927491188049316,2.3849070072174072,0.0,0.0,0.0,0.0,0.0,0.0,0.0,0.0,0.0,0.0,0.0,0.0,0.023000000044703484,0.023000000044703484,0.02,0.15,0.0,0.0,0.0,0.0,0.0,0.0,0.0,0.0,0.0,0.0,0.0,0.0,0.38253822922706604,0.08591419458389282,0.0032065906191292015,8.039698600769043,186,nan,-1.0,True,,False,0.010050058364868164,0.0,0.1258549690246582,20.0,20.0,1.0,0.0,0.0,0.0,0.0,0.0
1208,53.29536437988281,0.0,0.0,0.0,53.29536437988281,0.08437499403953552,8.930953025817871,2.385745048522949,0.0,0.0,0.0,0.0,0.0,0.0,0.0,0.0,0.0,0.0,0.0,0.0,0.023000000044703484,0.023000000044703484,0.02,0.15,0.0,0.0,0.0,0.0,0.0,0.0,0.0,0.0,0.0,0.0,0.0,0.0,0.38250619173049927,0.08583194017410278,0.0033292680814156483,8.039698600769043,186,nan,-1.0,True,,False,0.010050058364868164,0.0,0.1258549690246582,20.0,20.0,1.0,0.0,0.0,0.0,0.0,0.0
1209,150.3775634765625,0.0,0.0,0.0,150.3775634765625,0.009143374860286713,8.93514347076416,2.38694167137146,0.0,0.0,0.0,0.0,0.0,0.0,0.0,0.0,0.0,0.0,0.0,0.0,0.023000000044703484,0.023000000044703484,0.02,0.15,0.0,0.0,0.0,0.0,0.0,0.0,0.0,0.0,0.0,0.0,0.0,0.0,0.3824782073497772,0.08575046062469482,0.0034178652990703995,8.039698600769043,186,nan,-1.0,True,,False,0.010050058364868164,0.0,0.1258549690246582,20.0,20.0,1.0,0.0,0.0,0.0,0.0,0.0
1210,48.60887145996094,0.0,0.0,0.0,48.60887145996094,0.09788158535957336,8.938905715942383,2.387420177459717,0.0,0.0,0.0,0.0,0.0,0.0,0.0,0.0,0.0,0.0,0.0,0.0,0.023000000044703484,0.023000000044703484,0.02,0.15,0.0,0.0,0.0,0.0,0.0,0.0,0.0,0.0,0.0,0.0,0.0,0.0,0.3825283348560333,0.08566242456436157,0.0035228828751314722,8.039698600769043,186,nan,-1.0,True,,False,0.010050058364868164,0.0,0.1258549690246582,20.0,20.0,1.0,0.0,0.0,0.0,0.0,0.0
1211,30.75213050842285,0.0,0.0,0.0,30.75213050842285,0.18613971769809723,8.942596435546875,2.3883860111236572,0.0,0.0,0.0,0.0,0.0,0.0,0.0,0.0,0.0,0.0,0.0,0.0,0.023000000044703484,0.023000000044703484,0.02,0.15,0.0,0.0,0.0,0.0,0.0,0.0,0.0,0.0,0.0,0.0,0.0,0.0,0.38261520862579346,0.08557116985321045,0.003668221592079135,8.039698600769043,186,nan,-1.0,True,,False,0.010050058364868164,0.0,0.1258549690246582,20.0,20.0,1.0,0.0,0.0,0.0,0.0,0.0
1212,22.165573120117188,0.0,0.0,0.0,22.165573120117188,0.2721147835254669,8.945863723754883,2.389889717102051,0.0,0.0,0.0,0.0,0.0,0.0,0.0,0.0,0.0,0.0,0.0,0.0,0.023000000044703484,0.023000000044703484,0.02,0.15,0.0,0.0,0.0,0.0,0.0,0.0,0.0,0.0,0.0,0.0,0.0,0.0,0.38270410895347595,0.08547919988632202,0.003816228989762749,8.039698600769043,186,nan,-1.0,True,,False,0.010050058364868164,0.0,0.1258549690246582,20.0,20.0,1.0,0.0,0.0,0.0,0.0,0.0
1213,24.37167739868164,0.0,0.0,0.0,24.37167739868164,0.24558331072330475,8.949258804321289,2.3920037746429443,0.0,0.0,0.0,0.0,0.0,0.0,0.0,0.0,0.0,0.0,0.0,0.0,0.023000000044703484,0.023000000044703484,0.02,0.15,0.0,0.0,0.0,0.0,0.0,0.0,0.0,0.0,0.0,0.0,0.0,0.0,0.38283634185791016,0.08538711071014404,0.0028010068131152366,8.039698600769043,186,nan,-1.0,True,,False,0.010050058364868164,0.0,0.1258549690246582,20.0,20.0,1.0,0.0,0.0,0.0,0.0,0.0
1214,26.86544418334961,0.0,0.0,0.0,26.86544418334961,0.2200373113155365,8.952886581420898,2.3944976329803467,0.0,0.0,0.0,0.0,0.0,0.0,0.0,0.0,0.0,0.0,0.0,0.0,0.023000000044703484,0.023000000044703484,0.02,0.15,0.0,0.0,0.0,0.0,0.0,0.0,0.0,0.0,0.0,0.0,0.0,0.0,0.3829900026321411,0.08529698848724365,0.0028100101972086122,8.039698600769043,186,nan,-1.0,True,,False,0.010050058364868164,0.0,0.1258549690246582,20.0,20.0,1.0,0.0,0.0,0.0,0.0,0.0
1215,29.426685333251953,0.0,0.0,0.0,29.426685333251953,0.1977146863937378,8.955911636352539,2.3972957134246826,0.0,0.0,0.0,0.0,0.0,0.0,0.0,0.0,0.0,0.0,0.0,0.0,0.023000000044703484,0.023000000044703484,0.02,0.15,0.0,0.0,0.0,0.0,0.0,0.0,0.0,0.0,0.0,0.0,0.0,0.0,0.3831598460674286,0.08520925045013428,0.0028025504943798296,8.039698600769043,186,nan,-1.0,True,,False,0.010050058364868164,0.0,0.1258549690246582,20.0,20.0,1.0,0.0,0.0,0.0,0.0,0.0
1216,32.09117889404297,0.0,0.0,0.0,32.09117889404297,0.1778646558523178,8.959115982055664,2.4003865718841553,0.0,0.0,0.0,0.0,0.0,0.0,0.0,0.0,0.0,0.0,0.0,0.0,0.023000000044703484,0.023000000044703484,0.02,0.15,0.0,0.0,0.0,0.0,0.0,0.0,0.0,0.0,0.0,0.0,0.0,0.0,0.38334622979164124,0.08512413501739502,0.002943598096635469,8.039698600769043,186,nan,-1.0,True,,False,0.010050058364868164,0.0,0.1258549690246582,20.0,20.0,1.0,0.0,0.0,0.0,0.0,0.0
1217,34.7494010925293,0.0,0.0,0.0,34.7494010925293,0.16089436411857605,8.962320327758789,2.403785467147827,0.0,0.0,0.0,0.0,0.0,0.0,0.0,0.0,0.0,0.0,0.0,0.0,0.023000000044703484,0.023000000044703484,0.02,0.15,0.0,0.0,0.0,0.0,0.0,0.0,0.0,0.0,0.0,0.0,0.0,0.0,0.38354921340942383,0.08504199981689453,0.002925920302459417,8.039698600769043,186,nan,-1.0,True,,False,0.010050058364868164,0.0,0.1258549690246582,20.0,20.0,1.0,0.0,0.0,0.0,0.0,0.0
1218,39.746028900146484,0.0,0.0,0.0,39.746028900146484,0.13445314764976501,8.96548843383789,2.4075682163238525,0.0,0.0,0.0,0.0,0.0,0.0,0.0,0.0,0.0,0.0,0.0,0.0,0.023000000044703484,0.023000000044703484,0.02,0.15,0.0,0.0,0.0,0.0,0.0,0.0,0.0,0.0,0.0,0.0,0.0,0.0,0.3837682902812958,0.08496290445327759,0.0016001040448827553,8.039698600769043,186,nan,-1.0,True,,False,0.010050058364868164,0.0,0.1258549690246582,20.0,20.0,1.0,0.0,0.0,0.0,0.0,0.0
1219,66.55870056152344,0.0,0.0,0.0,66.55870056152344,0.058519452810287476,8.969133377075195,2.410287618637085,0.0,0.0,0.0,0.0,0.0,0.0,0.0,0.0,0.0,0.0,0.0,0.0,0.023000000044703484,0.023000000044703484,0.02,0.15,0.0,0.0,0.0,0.0,0.0,0.0,0.0,0.0,0.0,0.0,0.0,0.0,0.38397371768951416,0.08489012718200684,0.0014458465038842405,8.039698600769043,186,nan,-1.0,True,,False,0.010050058364868164,0.0,0.1258549690246582,20.0,20.0,1.0,0.0,0.0,0.0,0.0,0.0
1220,54.73798751831055,0.0,0.0,0.0,54.73798751831055,0.08235697448253632,8.972400665283203,2.41178035736084,0.0,0.0,0.0,0.0,0.0,0.0,0.0,0.0,0.0,0.0,0.0,0.0,0.023000000044703484,0.023000000044703484,0.02,0.15,0.0,0.0,0.0,0.0,0.0,0.0,0.0,0.0,0.0,0.0,0.0,0.0,0.38419705629348755,0.08482187986373901,0.004142724161283695,8.039698600769043,186,nan,-1.0,True,,False,0.010050058364868164,0.0,0.1258549690246582,20.0,20.0,1.0,0.0,0.0,0.0,0.0,0.0
1221,72.59370422363281,0.0,0.0,0.0,72.59370422363281,0.049807168543338776,8.975829124450684,2.4136836528778076,0.0,0.0,0.0,0.0,0.0,0.0,0.0,0.0,0.0,0.0,0.0,0.0,0.023000000044703484,0.023000000044703484,0.02,0.15,0.0,0.0,0.0,0.0,0.0,0.0,0.0,0.0,0.0,0.0,0.0,0.0,0.3844183385372162,0.08476150035858154,0.004033848537801532,8.039698600769043,186,nan,-1.0,True,,False,0.010050058364868164,0.0,0.1258549690246582,20.0,20.0,1.0,0.0,0.0,0.0,0.0,0.0
1222,118.88953399658203,0.0,0.0,0.0,118.88953399658203,0.01714048534631729,8.979456901550293,2.416071653366089,0.0,0.0,0.0,0.0,0.0,0.0,0.0,0.0,0.0,0.0,0.0,0.0,0.023000000044703484,0.023000000044703484,0.02,0.15,0.0,0.0,0.0,0.0,0.0,0.0,0.0,0.0,0.0,0.0,0.0,0.0,0.38463863730430603,0.08470916748046875,0.003863107383949682,8.039698600769043,186,nan,-1.0,True,,False,0.010050058364868164,0.0,0.1258549690246582,20.0,20.0,1.0,0.0,0.0,0.0,0.0,0.0
1223,125.22338104248047,0.0,0.0,0.0,125.22338104248047,0.015164106152951717,8.983264923095703,2.418813943862915,0.0,0.0,0.0,0.0,0.0,0.0,0.0,0.0,0.0,0.0,0.0,0.0,0.023000000044703484,0.023000000044703484,0.02,0.15,0.0,0.0,0.0,0.0,0.0,0.0,0.0,0.0,0.0,0.0,0.0,0.0,0.3848584294319153,0.08466511964797974,0.0019539998820619076,8.039698600769043,186,nan,-1.0,True,,False,0.010050058364868164,0.0,0.1258549690246582,20.0,20.0,1.0,0.0,0.0,0.0,0.0,0.0
1224,79.56625366210938,0.0,0.0,0.0,79.56625366210938,0.04200614243745804,8.98708724975586,2.4214441776275635,0.0,0.0,0.0,0.0,0.0,0.0,0.0,0.0,0.0,0.0,0.0,0.0,0.023000000044703484,0.023000000044703484,0.02,0.15,0.0,0.0,0.0,0.0,0.0,0.0,0.0,0.0,0.0,0.0,0.0,0.0,0.385087788105011,0.08461469411849976,0.0019694217862706864,8.039698600769043,186,nan,-1.0,True,,False,0.010050058364868164,0.0,0.1258549690246582,20.0,20.0,1.0,0.0,0.0,0.0,0.0,0.0
1225,53.53612518310547,0.0,0.0,0.0,53.53612518310547,0.08699262142181396,8.990766525268555,2.4248976707458496,0.0,0.0,0.0,0.0,0.0,0.0,0.0,0.0,0.0,0.0,0.0,0.0,0.023000000044703484,0.023000000044703484,0.02,0.15,0.0,0.0,0.0,0.0,0.0,0.0,0.0,0.0,0.0,0.0,0.0,0.0,0.38531142473220825,0.08458119630813599,0.0005962590512353927,8.039698600769043,186,nan,-1.0,True,,False,0.010050058364868164,0.0,0.1258549690246582,20.0,20.0,1.0,0.0,0.0,0.0,0.0,0.0
1226,136.43031311035156,0.0,0.0,0.0,136.43031311035156,0.012218451127409935,8.994608879089355,2.4250848293304443,0.0,0.0,0.0,0.0,0.0,0.0,0.0,0.0,0.0,0.0,0.0,0.0,0.023000000044703484,0.023000000044703484,0.02,0.15,0.0,0.0,0.0,0.0,0.0,0.0,0.0,0.0,0.0,0.0,0.0,0.0,0.3855167031288147,0.08455580472946167,0.0015292910675270832,8.039698600769043,186,nan,-1.0,True,,False,0.010050058364868164,0.0,0.1258549690246582,20.0,20.0,1.0,0.0,0.0,0.0,0.0,0.0
1227,57.764808654785156,0.0,0.0,0.0,57.764808654785156,0.07628252357244492,8.998370170593262,2.4225473403930664,0.0,0.0,0.0,0.0,0.0,0.0,0.0,0.0,0.0,0.0,0.0,0.0,0.023000000044703484,0.023000000044703484,0.02,0.15,0.0,0.0,0.0,0.0,0.0,0.0,0.0,0.0,0.0,0.0,0.0,0.0,0.38572946190834045,0.08452600240707397,0.001817778242411805,8.039698600769043,186,nan,-1.0,True,,False,0.010050058364868164,0.0,0.1258549690246582,20.0,20.0,1.0,0.0,0.0,0.0,0.0,0.0
1228,93.83016967773438,0.0,0.0,0.0,93.83016967773438,0.029713965952396393,9.002418518066406,2.420254945755005,0.0,0.0,0.0,0.0,0.0,0.0,0.0,0.0,0.0,0.0,0.0,0.0,0.023000000044703484,0.023000000044703484,0.02,0.15,0.0,0.0,0.0,0.0,0.0,0.0,0.0,0.0,0.0,0.0,0.0,0.0,0.38594749569892883,0.08449757099151611,0.00182845847120916,8.039698600769043,186,nan,-1.0,True,,False,0.010050058364868164,0.0,0.1258549690246582,20.0,20.0,1.0,0.0,0.0,0.0,0.0,0.0
1229,123.2622299194336,0.0,0.0,0.0,123.2622299194336,0.015709206461906433,9.006053924560547,2.418105363845825,0.0,0.0,0.0,0.0,0.0,0.0,0.0,0.0,0.0,0.0,0.0,0.0,0.023000000044703484,0.023000000044703484,0.02,0.15,0.0,0.0,0.0,0.0,0.0,0.0,0.0,0.0,0.0,0.0,0.0,0.0,0.3861716687679291,0.08448070287704468,0.0018452265512678423,8.039698600769043,186,nan,-1.0,True,,False,0.010050058364868164,0.0,0.1258549690246582,20.0,20.0,1.0,0.0,0.0,0.0,0.0,0.0
1230,72.96538543701172,0.0,0.0,0.0,72.96538543701172,0.049482665956020355,9.010128021240234,2.415752649307251,0.0,0.0,0.0,0.0,0.0,0.0,0.0,0.0,0.0,0.0,0.0,0.0,0.023000000044703484,0.023000000044703484,0.02,0.15,0.0,0.0,0.0,0.0,0.0,0.0,0.0,0.0,0.0,0.0,0.0,0.0,0.38637983798980713,0.0845789909362793,0.001856770880294789,8.039698600769043,186,nan,-1.0,True,,False,0.010050058364868164,0.0,0.1258549690246582,20.0,20.0,1.0,0.0,0.0,0.0,0.0,0.0
1231,56.95209503173828,0.0,0.0,0.0,56.95209503173828,0.07731135934591293,9.014026641845703,2.4135823249816895,0.0,0.0,0.0,0.0,0.0,0.0,0.0,0.0,0.0,0.0,0.0,0.0,0.023000000044703484,0.023000000044703484,0.02,0.15,0.0,0.0,0.0,0.0,0.0,0.0,0.0,0.0,0.0,0.0,0.0,0.0,0.38657858967781067,0.08472281694412231,0.001865598223048437,8.039698600769043,186,nan,-1.0,True,,False,0.010050058364868164,0.0,0.1258549690246582,20.0,20.0,1.0,0.0,0.0,0.0,0.0,0.0
1232,46.77866744995117,0.0,0.0,0.0,46.77866744995117,0.10619699954986572,9.017931938171387,2.4115521907806396,0.0,0.0,0.0,0.0,0.0,0.0,0.0,0.0,0.0,0.0,0.0,0.0,0.023000000044703484,0.023000000044703484,0.02,0.15,0.0,0.0,0.0,0.0,0.0,0.0,0.0,0.0,0.0,0.0,0.0,0.0,0.3867689073085785,0.08486449718475342,0.0018656575705335854,8.039698600769043,186,nan,-1.0,True,,False,0.010050058364868164,0.0,0.1258549690246582,20.0,20.0,1.0,0.0,0.0,0.0,0.0,0.0
1233,43.7775764465332,0.0,0.0,0.0,43.7775764465332,0.11726684123277664,9.021636009216309,2.4096057415008545,0.0,0.0,0.0,0.0,0.0,0.0,0.0,0.0,0.0,0.0,0.0,0.0,0.023000000044703484,0.023000000044703484,0.02,0.15,0.0,0.0,0.0,0.0,0.0,0.0,0.0,0.0,0.0,0.0,0.0,0.0,0.38694795966148376,0.08495455980300903,0.00258940709431954,8.039698600769043,186,nan,-1.0,True,,False,0.010050058364868164,0.0,0.1258549690246582,20.0,20.0,1.0,0.0,0.0,0.0,0.0,0.0
1234,41.919002532958984,0.0,0.0,0.0,41.919002532958984,0.12487831711769104,9.025911331176758,2.4076876640319824,0.0,0.0,0.0,0.0,0.0,0.0,0.0,0.0,0.0,0.0,0.0,0.0,0.023000000044703484,0.023000000044703484,0.02,0.15,0.0,0.0,0.0,0.0,0.0,0.0,0.0,0.0,0.0,0.0,0.0,0.0,0.387129545211792,0.08503097295761108,0.002564137975923586,8.039698600769043,186,nan,-1.0,True,,False,0.010050058364868164,0.0,0.1258549690246582,20.0,20.0,1.0,0.0,0.0,0.0,0.0,0.0
1235,41.88770294189453,0.0,0.0,0.0,41.88770294189453,0.12489542365074158,9.029953956604004,2.4057605266571045,0.0,0.0,0.0,0.0,0.0,0.0,0.0,0.0,0.0,0.0,0.0,0.0,0.023000000044703484,0.023000000044703484,0.02,0.15,0.0,0.0,0.0,0.0,0.0,0.0,0.0,0.0,0.0,0.0,0.0,0.0,0.3873203694820404,0.08511221408843994,0.002719712206044278,8.039698600769043,186,nan,-1.0,True,,False,0.010050058364868164,0.0,0.1258549690246582,20.0,20.0,1.0,0.0,0.0,0.0,0.0,0.0
1236,46.835655212402344,0.0,0.0,0.0,46.835655212402344,0.10551969707012177,9.034072875976562,2.4036648273468018,0.0,0.0,0.0,0.0,0.0,0.0,0.0,0.0,0.0,0.0,0.0,0.0,0.023000000044703484,0.023000000044703484,0.02,0.15,0.0,0.0,0.0,0.0,0.0,0.0,0.0,0.0,0.0,0.0,0.0,0.0,0.3874819278717041,0.08518636226654053,0.002638942597059213,8.039698600769043,186,nan,-1.0,True,,False,0.010050058364868164,0.0,0.1258549690246582,20.0,20.0,1.0,0.0,0.0,0.0,0.0,0.0
1237,51.78094482421875,0.0,0.0,0.0,51.78094482421875,0.09000309556722641,9.038352012634277,2.401792526245117,0.0,0.0,0.0,0.0,0.0,0.0,0.0,0.0,0.0,0.0,0.0,0.0,0.023000000044703484,0.023000000044703484,0.02,0.15,0.0,0.0,0.0,0.0,0.0,0.0,0.0,0.0,0.0,0.0,0.0,0.0,0.38763800263404846,0.08525073528289795,0.0025488282026344677,8.039698600769043,186,nan,-1.0,True,,False,0.010050058364868164,0.0,0.1258549690246582,20.0,20.0,1.0,0.0,0.0,0.0,0.0,0.0
1238,71.5000991821289,0.0,0.0,0.0,71.5000991821289,0.0510258711874485,9.042792320251465,2.4001078605651855,0.0,0.0,0.0,0.0,0.0,0.0,0.0,0.0,0.0,0.0,0.0,0.0,0.023000000044703484,0.023000000044703484,0.02,0.15,0.0,0.0,0.0,0.0,0.0,0.0,0.0,0.0,0.0,0.0,0.0,0.0,0.3878087103366852,0.08530616760253906,0.0010726553305175912,8.039698600769043,186,nan,-1.0,True,,False,0.010050058364868164,0.0,0.1258549690246582,20.0,20.0,1.0,0.0,0.0,0.0,0.0,0.0
1239,115.93824768066406,0.0,0.0,0.0,115.93824768066406,0.01807408221065998,9.047304153442383,2.398697853088379,0.0,0.0,0.0,0.0,0.0,0.0,0.0,0.0,0.0,0.0,0.0,0.0,0.023000000044703484,0.023000000044703484,0.02,0.15,0.0,0.0,0.0,0.0,0.0,0.0,0.0,0.0,0.0,0.0,0.0,0.0,0.38797423243522644,0.08534997701644897,0.0010544382448642864,8.039698600769043,186,nan,-1.0,True,,False,0.010050058364868164,0.0,0.1258549690246582,20.0,20.0,1.0,0.0,0.0,0.0,0.0,0.0
1240,157.04144287109375,0.0,0.0,0.0,157.04144287109375,0.008197009563446045,9.051576614379883,2.397423267364502,0.0,0.0,0.0,0.0,0.0,0.0,0.0,0.0,0.0,0.0,0.0,0.0,0.023000000044703484,0.023000000044703484,0.02,0.15,0.0,0.0,0.0,0.0,0.0,0.0,0.0,0.0,0.0,0.0,0.0,0.0,0.38813281059265137,0.08538281917572021,0.0010317565324839961,8.039698600769043,186,nan,-1.0,True,,False,0.010050058364868164,0.0,0.1258549690246582,20.0,20.0,1.0,0.0,0.0,0.0,0.0,0.0
1241,78.71586608886719,0.0,0.0,0.0,78.71586608886719,0.0422772616147995,9.056428909301758,2.3957695960998535,0.0,0.0,0.0,0.0,0.0,0.0,0.0,0.0,0.0,0.0,0.0,0.0,0.023000000044703484,0.023000000044703484,0.02,0.15,0.0,0.0,0.0,0.0,0.0,0.0,0.0,0.0,0.0,0.0,0.0,0.0,0.3882990777492523,0.08540624380111694,0.0010151106666853593,8.039698600769043,186,nan,-1.0,True,,False,0.010050058364868164,0.0,0.1258549690246582,20.0,20.0,1.0,0.0,0.0,0.0,0.0,0.0
1242,76.38900756835938,0.0,0.0,0.0,76.38900756835938,0.04475723206996918,9.06082534790039,2.394019842147827,0.0,0.0,0.0,0.0,0.0,0.0,0.0,0.0,0.0,0.0,0.0,0.0,0.023000000044703484,0.023000000044703484,0.02,0.15,0.0,0.0,0.0,0.0,0.0,0.0,0.0,0.0,0.0,0.0,0.0,0.0,0.38846245408058167,0.0854191780090332,0.002264000784180098,8.039698600769043,186,nan,-1.0,True,,False,0.010050058364868164,0.0,0.1258549690246582,20.0,20.0,1.0,0.0,0.0,0.0,0.0,0.0
1243,73.88560485839844,0.0,0.0,0.0,73.88560485839844,0.04766765236854553,9.065912246704102,2.3925259113311768,0.0,0.0,0.0,0.0,0.0,0.0,0.0,0.0,0.0,0.0,0.0,0.0,0.023000000044703484,0.023000000044703484,0.02,0.15,0.0,0.0,0.0,0.0,0.0,0.0,0.0,0.0,0.0,0.0,0.0,0.0,0.38859301805496216,0.08541303873062134,0.0022327239860260306,8.039698600769043,186,nan,-1.0,True,,False,0.010050058364868164,0.0,0.1258549690246582,20.0,20.0,1.0,0.0,0.0,0.0,0.0,0.0
1244,67.85233306884766,0.0,0.0,0.0,67.85233306884766,0.05591022968292236,9.070663452148438,2.3910748958587646,0.0,0.0,0.0,0.0,0.0,0.0,0.0,0.0,0.0,0.0,0.0,0.0,0.023000000044703484,0.023000000044703484,0.02,0.15,0.0,0.0,0.0,0.0,0.0,0.0,0.0,0.0,0.0,0.0,0.0,0.0,0.3887314200401306,0.08539927005767822,0.0022225378240818827,8.039698600769043,186,nan,-1.0,True,,False,0.010050058364868164,0.0,0.1258549690246582,20.0,20.0,1.0,0.0,0.0,0.0,0.0,0.0
1245,60.37785339355469,0.0,0.0,0.0,60.37785339355469,0.06887400150299072,9.076098442077637,2.389732837677002,0.0,0.0,0.0,0.0,0.0,0.0,0.0,0.0,0.0,0.0,0.0,0.0,0.023000000044703484,0.023000000044703484,0.02,0.15,0.0,0.0,0.0,0.0,0.0,0.0,0.0,0.0,0.0,0.0,0.0,0.0,0.3888786733150482,0.08537733554840088,0.002228381002396418,8.039698600769043,186,nan,-1.0,True,,False,0.010050058364868164,0.0,0.1258549690246582,20.0,20.0,1.0,0.0,0.0,0.0,0.0,0.0
1246,52.66269302368164,0.0,0.0,0.0,52.66269302368164,0.08666078001260757,9.081514358520508,2.388493537902832,0.0,0.0,0.0,0.0,0.0,0.0,0.0,0.0,0.0,0.0,0.0,0.0,0.023000000044703484,0.023000000044703484,0.02,0.15,0.0,0.0,0.0,0.0,0.0,0.0,0.0,0.0,0.0,0.0,0.0,0.0,0.38903525471687317,0.08534789085388184,0.00226589742987926,8.039698600769043,186,nan,-1.0,True,,False,0.010050058364868164,0.0,0.1258549690246582,20.0,20.0,1.0,0.0,0.0,0.0,0.0,0.0
1247,45.68197250366211,0.0,0.0,0.0,45.68197250366211,0.10832604765892029,9.087087631225586,2.3873705863952637,0.0,0.0,0.0,0.0,0.0,0.0,0.0,0.0,0.0,0.0,0.0,0.0,0.023000000044703484,0.023000000044703484,0.02,0.15,0.0,0.0,0.0,0.0,0.0,0.0,0.0,0.0,0.0,0.0,0.0,0.0,0.38920125365257263,0.08531391620635986,0.0023377939294277894,8.039698600769043,186,nan,-1.0,True,,False,0.010050058364868164,0.0,0.1258549690246582,20.0,20.0,1.0,0.0,0.0,0.0,0.0,0.0
1248,39.562522888183594,0.0,0.0,0.0,39.562522888183594,0.13369232416152954,9.09269905090332,2.3863651752471924,0.0,0.0,0.0,0.0,0.0,0.0,0.0,0.0,0.0,0.0,0.0,0.0,0.023000000044703484,0.023000000044703484,0.02,0.15,0.0,0.0,0.0,0.0,0.0,0.0,0.0,0.0,0.0,0.0,0.0,0.0,0.3893737494945526,0.08528071641921997,0.0024640281014853826,8.039698600769043,186,nan,-1.0,True,,False,0.010050058364868164,0.0,0.1258549690246582,20.0,20.0,1.0,0.0,0.0,0.0,0.0,0.0
1249,34.6246223449707,0.0,0.0,0.0,34.6246223449707,0.16040858626365662,9.098852157592773,2.3854868412017822,0.0,0.0,0.0,0.0,0.0,0.0,0.0,0.0,0.0,0.0,0.0,0.0,0.023000000044703484,0.023000000044703484,0.02,0.15,0.0,0.0,0.0,0.0,0.0,0.0,0.0,0.0,0.0,0.0,0.0,0.0,0.38955017924308777,0.08525639772415161,0.002648815459224352,8.039698600769043,186,nan,-1.0,True,,False,0.010050058364868164,0.0,0.1258549690246582,20.0,20.0,1.0,0.0,0.0,0.0,0.0,0.0
1250,30.541982650756836,0.0,0.0,0.0,30.541982650756836,0.18841828405857086,9.105669975280762,2.384666919708252,0.0,0.0,0.0,0.0,0.0,0.0,0.0,0.0,0.0,0.0,0.0,0.0,0.023000000044703484,0.023000000044703484,0.02,0.15,0.0,0.0,0.0,0.0,0.0,0.0,0.0,0.0,0.0,0.0,0.0,0.0,0.3897261321544647,0.08525055646896362,0.0029123950193934434,8.039698600769043,186,nan,-1.0,True,,False,0.010050058364868164,0.0,0.1258549690246582,20.0,20.0,1.0,0.0,0.0,0.0,0.0,0.0
1251,27.216215133666992,0.0,0.0,0.0,27.216215133666992,0.2166207730770111,9.112508773803711,2.383957862854004,0.0,0.0,0.0,0.0,0.0,0.0,0.0,0.0,0.0,0.0,0.0,0.0,0.023000000044703484,0.023000000044703484,0.02,0.15,0.0,0.0,0.0,0.0,0.0,0.0,0.0,0.0,0.0,0.0,0.0,0.0,0.38989636301994324,0.08527421951293945,0.0032381356097630487,8.039698600769043,186,nan,-1.0,True,,False,0.010050058364868164,0.0,0.1258549690246582,20.0,20.0,1.0,0.0,0.0,0.0,0.0,0.0
1252,26.892757415771484,0.0,0.0,0.0,26.892757415771484,0.21952876448631287,9.119391441345215,2.3832826614379883,0.0,0.0,0.0,0.0,0.0,0.0,0.0,0.0,0.0,0.0,0.0,0.0,0.023000000044703484,0.023000000044703484,0.02,0.15,0.0,0.0,0.0,0.0,0.0,0.0,0.0,0.0,0.0,0.0,0.0,0.0,0.39005762338638306,0.08533698320388794,0.0005234248933447816,8.039698600769043,186,nan,-1.0,True,,False,0.010050058364868164,0.0,0.1258549690246582,20.0,20.0,1.0,0.0,0.0,0.0,0.0,0.0
1253,25.71631622314453,0.0,0.0,0.0,25.71631622314453,0.23104208707809448,9.126794815063477,2.3821864128112793,0.0,0.0,0.0,0.0,0.0,0.0,0.0,0.0,0.0,0.0,0.0,0.0,0.023000000044703484,0.023000000044703484,0.02,0.15,0.0,0.0,0.0,0.0,0.0,0.0,0.0,0.0,0.0,0.0,0.0,0.0,0.3902185559272766,0.08543086051940918,0.0005006760975447833,8.039698600769043,186,nan,-1.0,True,,False,0.010050058364868164,0.0,0.1258549690246582,20.0,20.0,1.0,0.0,0.0,0.0,0.0,0.0
1254,24.712902069091797,0.0,0.0,0.0,24.712902069091797,0.24150824546813965,9.13460922241211,2.380699396133423,0.0,0.0,0.0,0.0,0.0,0.0,0.0,0.0,0.0,0.0,0.0,0.0,0.023000000044703484,0.023000000044703484,0.02,0.15,0.0,0.0,0.0,0.0,0.0,0.0,0.0,0.0,0.0,0.0,0.0,0.0,0.39038321375846863,0.08555299043655396,0.001119091930149807,8.039698600769043,186,nan,-1.0,True,,False,0.010050058364868164,0.0,0.1258549690246582,20.0,20.0,1.0,0.0,0.0,0.0,0.0,0.0
1255,28.369213104248047,0.0,0.0,0.0,28.369213104248047,0.20537680387496948,9.142087936401367,2.3791592121124268,0.0,0.0,0.0,0.0,0.0,0.0,0.0,0.0,0.0,0.0,0.0,0.0,0.023000000044703484,0.023000000044703484,0.02,0.15,0.0,0.0,0.0,0.0,0.0,0.0,0.0,0.0,0.0,0.0,0.0,0.0,0.39053401350975037,0.08575177192687988,0.001125751593917812,8.039698600769043,186,nan,-1.0,True,,False,0.010050058364868164,0.0,0.1258549690246582,20.0,20.0,1.0,0.0,0.0,0.0,0.0,0.0
1256,32.92666244506836,0.0,0.0,0.0,32.92666244506836,0.17030571401119232,9.150076866149902,2.377606153488159,0.0,0.0,0.0,0.0,0.0,0.0,0.0,0.0,0.0,0.0,0.0,0.0,0.023000000044703484,0.023000000044703484,0.02,0.15,0.0,0.0,0.0,0.0,0.0,0.0,0.0,0.0,0.0,0.0,0.0,0.0,0.39067134261131287,0.08603578805923462,0.0011333550082781585,8.039698600769043,186,nan,-1.0,True,,False,0.010050058364868164,0.0,0.1258549690246582,20.0,20.0,1.0,0.0,0.0,0.0,0.0,0.0
1257,38.838016510009766,0.0,0.0,0.0,38.838016510009766,0.1361669898033142,9.158573150634766,2.3760578632354736,0.0,0.0,0.0,0.0,0.0,0.0,0.0,0.0,0.0,0.0,0.0,0.0,0.023000000044703484,0.023000000044703484,0.02,0.15,0.0,0.0,0.0,0.0,0.0,0.0,0.0,0.0,0.0,0.0,0.0,0.0,0.39079412817955017,0.08640086650848389,0.0011618831924806727,8.039698600769043,186,nan,-1.0,True,,False,0.010050058364868164,0.0,0.1258549690246582,20.0,20.0,1.0,0.0,0.0,0.0,0.0,0.0
1258,46.58143997192383,0.0,0.0,0.0,46.58143997192383,0.10417141765356064,9.166929244995117,2.3745670318603516,0.0,0.0,0.0,0.0,0.0,0.0,0.0,0.0,0.0,0.0,0.0,0.0,0.023000000044703484,0.023000000044703484,0.02,0.15,0.0,0.0,0.0,0.0,0.0,0.0,0.0,0.0,0.0,0.0,0.0,0.0,0.390890508890152,0.08689725399017334,0.0012168493601620867,8.039698600769043,186,nan,-1.0,True,,False,0.010050058364868164,0.0,0.1258549690246582,20.0,20.0,1.0,0.0,0.0,0.0,0.0,0.0
1259,58.1467399597168,0.0,0.0,0.0,58.1467399597168,0.07264463603496552,9.175549507141113,2.3731038570404053,0.0,0.0,0.0,0.0,0.0,0.0,0.0,0.0,0.0,0.0,0.0,0.0,0.023000000044703484,0.023000000044703484,0.02,0.15,0.0,0.0,0.0,0.0,0.0,0.0,0.0,0.0,0.0,0.0,0.0,0.0,0.3909730911254883,0.08745813369750977,0.00131544821033458,8.039698600769043,186,nan,-1.0,True,,False,0.010050058364868164,0.0,0.1258549690246582,20.0,20.0,1.0,0.0,0.0,0.0,0.0,0.0
1260,79.16828918457031,0.0,0.0,0.0,79.16828918457031,0.041021719574928284,9.184305191040039,2.3716869354248047,0.0,0.0,0.0,0.0,0.0,0.0,0.0,0.0,0.0,0.0,0.0,0.0,0.023000000044703484,0.023000000044703484,0.02,0.15,0.0,0.0,0.0,0.0,0.0,0.0,0.0,0.0,0.0,0.0,0.0,0.0,0.3910517394542694,0.08761776983737946,0.0014563428255769395,8.039698600769043,186,nan,-1.0,True,,False,0.010050058364868164,0.0,0.1258549690246582,20.0,20.0,1.0,0.0,0.0,0.0,0.0,0.0
1261,152.16506958007812,0.0,0.0,0.0,152.16506958007812,0.008794826455414295,9.19296932220459,2.370354652404785,0.0,0.0,0.0,0.0,0.0,0.0,0.0,0.0,0.0,0.0,0.0,0.0,0.023000000044703484,0.023000000044703484,0.02,0.15,0.0,0.0,0.0,0.0,0.0,0.0,0.0,0.0,0.0,0.0,0.0,0.0,0.3911256194114685,0.08768913894891739,0.001575027895569292,8.039698600769043,186,nan,-1.0,True,,False,0.010050058364868164,0.0,0.1258549690246582,20.0,20.0,1.0,0.0,0.0,0.0,0.0,0.0
1262,116.57398223876953,0.0,0.0,0.0,116.57398223876953,0.017494898289442062,9.202362060546875,2.368753671646118,0.0,0.0,0.0,0.0,0.0,0.0,0.0,0.0,0.0,0.0,0.0,0.0,0.023000000044703484,0.023000000044703484,0.02,0.15,0.0,0.0,0.0,0.0,0.0,0.0,0.0,0.0,0.0,0.0,0.0,0.0,0.3911900222301483,0.08776255697011948,0.0015967426409133623,8.039698600769043,186,nan,-1.0,True,,False,0.010050058364868164,0.0,0.1258549690246582,20.0,20.0,1.0,0.0,0.0,0.0,0.0,0.0
1263,78.77133178710938,0.0,0.0,0.0,78.77133178710938,0.04134063422679901,9.211227416992188,2.367130994796753,0.0,0.0,0.0,0.0,0.0,0.0,0.0,0.0,0.0,0.0,0.0,0.0,0.023000000044703484,0.023000000044703484,0.02,0.15,0.0,0.0,0.0,0.0,0.0,0.0,0.0,0.0,0.0,0.0,0.0,0.0,0.3912642002105713,0.08783312886953354,0.0015742203800073185,8.039698600769043,186,nan,-1.0,True,,False,0.010050058364868164,0.0,0.1258549690246582,20.0,20.0,1.0,0.0,0.0,0.0,0.0,0.0
1264,65.40055847167969,0.0,0.0,0.0,65.40055847167969,0.0588279590010643,9.220521926879883,2.3656184673309326,0.0,0.0,0.0,0.0,0.0,0.0,0.0,0.0,0.0,0.0,0.0,0.0,0.023000000044703484,0.023000000044703484,0.02,0.15,0.0,0.0,0.0,0.0,0.0,0.0,0.0,0.0,0.0,0.0,0.0,0.0,0.3913309872150421,0.08790114521980286,0.001551739932210694,8.039698600769043,186,nan,-1.0,True,,False,0.010050058364868164,0.0,0.1258549690246582,20.0,20.0,1.0,0.0,0.0,0.0,0.0,0.0
1265,57.964263916015625,0.0,0.0,0.0,57.964263916015625,0.07271198183298111,9.230231285095215,2.364213466644287,0.0,0.0,0.0,0.0,0.0,0.0,0.0,0.0,0.0,0.0,0.0,0.0,0.023000000044703484,0.023000000044703484,0.02,0.15,0.0,0.0,0.0,0.0,0.0,0.0,0.0,0.0,0.0,0.0,0.0,0.0,0.3913763165473938,0.08796603977680206,0.0015351470381119725,8.039698600769043,186,nan,-1.0,True,,False,0.010050058364868164,0.0,0.1258549690246582,20.0,20.0,1.0,0.0,0.0,0.0,0.0,0.0
1266,51.36441421508789,0.0,0.0,0.0,51.36441421508789,0.08881215006113052,9.239415168762207,2.363011360168457,0.0,0.0,0.0,0.0,0.0,0.0,0.0,0.0,0.0,0.0,0.0,0.0,0.023000000044703484,0.023000000044703484,0.02,0.15,0.0,0.0,0.0,0.0,0.0,0.0,0.0,0.0,0.0,0.0,0.0,0.0,0.3914256989955902,0.08802737295627594,0.0015272035022917407,8.039698600769043,186,nan,-1.0,True,,False,0.010050058364868164,0.0,0.1258549690246582,20.0,20.0,1.0,0.0,0.0,0.0,0.0,0.0
1267,45.55696105957031,0.0,0.0,0.0,45.55696105957031,0.10709904134273529,9.248984336853027,2.3619556427001953,0.0,0.0,0.0,0.0,0.0,0.0,0.0,0.0,0.0,0.0,0.0,0.0,0.023000000044703484,0.023000000044703484,0.02,0.15,0.0,0.0,0.0,0.0,0.0,0.0,0.0,0.0,0.0,0.0,0.0,0.0,0.39149025082588196,0.08808602392673492,0.0015269869518306223,8.039698600769043,186,nan,-1.0,True,,False,0.010050058364868164,0.0,0.1258549690246582,20.0,20.0,1.0,0.0,0.0,0.0,0.0,0.0
1268,40.83232116699219,0.0,0.0,0.0,40.83232116699219,0.1258937418460846,9.258615493774414,2.3610544204711914,0.0,0.0,0.0,0.0,0.0,0.0,0.0,0.0,0.0,0.0,0.0,0.0,0.023000000044703484,0.023000000044703484,0.02,0.15,0.0,0.0,0.0,0.0,0.0,0.0,0.0,0.0,0.0,0.0,0.0,0.0,0.39157119393348694,0.08814281225204468,0.001535299191800732,8.039698600769043,186,nan,-1.0,True,,False,0.010050058364868164,0.0,0.1258549690246582,20.0,20.0,1.0,0.0,0.0,0.0,0.0,0.0
1269,36.61334991455078,0.0,0.0,0.0,36.61334991455078,0.14671742916107178,9.26867389678955,2.360485553741455,0.0,0.0,0.0,0.0,0.0,0.0,0.0,0.0,0.0,0.0,0.0,0.0,0.023000000044703484,0.023000000044703484,0.02,0.15,0.0,0.0,0.0,0.0,0.0,0.0,0.0,0.0,0.0,0.0,0.0,0.0,0.3916647136211395,0.08819988369941711,0.0015515968002546288,8.039698600769043,186,nan,-1.0,True,,False,0.010050058364868164,0.0,0.1258549690246582,20.0,20.0,1.0,0.0,0.0,0.0,0.0,0.0
1270,33.00752639770508,0.0,0.0,0.0,33.00752639770508,0.16855698823928833,9.278202056884766,2.3600852489471436,0.0,0.0,0.0,0.0,0.0,0.0,0.0,0.0,0.0,0.0,0.0,0.0,0.023000000044703484,0.023000000044703484,0.02,0.15,0.0,0.0,0.0,0.0,0.0,0.0,0.0,0.0,0.0,0.0,0.0,0.0,0.39177393913269043,0.0882573351264,0.0015810911004336958,8.039698600769043,186,nan,-1.0,True,,False,0.010050058364868164,0.0,0.1258549690246582,20.0,20.0,1.0,0.0,0.0,0.0,0.0,0.0
1271,38.43212127685547,0.0,0.0,0.0,38.43212127685547,0.13749301433563232,9.288551330566406,2.359866142272949,0.0,0.0,0.0,0.0,0.0,0.0,0.0,0.0,0.0,0.0,0.0,0.0,0.023000000044703484,0.023000000044703484,0.02,0.15,0.0,0.0,0.0,0.0,0.0,0.0,0.0,0.0,0.0,0.0,0.0,0.0,0.3919001519680023,0.08831500262022018,0.001904235570009405,8.039698600769043,186,nan,-1.0,True,,False,0.010050058364868164,0.0,0.1258549690246582,20.0,20.0,1.0,0.0,0.0,0.0,0.0,0.0
1272,80.99163055419922,0.0,0.0,0.0,80.99163055419922,0.039084915071725845,9.298785209655762,2.359807014465332,0.0,0.0,0.0,0.0,0.0,0.0,0.0,0.0,0.0,0.0,0.0,0.0,0.023000000044703484,0.023000000044703484,0.02,0.15,0.0,0.0,0.0,0.0,0.0,0.0,0.0,0.0,0.0,0.0,0.0,0.0,0.3920210301876068,0.0883692130446434,0.0018955160539917415,8.039698600769043,186,nan,-1.0,True,,False,0.010050058364868164,0.0,0.1258549690246582,20.0,20.0,1.0,0.0,0.0,0.0,0.0,0.0
1273,67.98173522949219,0.0,0.0,0.0,67.98173522949219,0.05483490228652954,9.308996200561523,2.3589401245117188,0.0,0.0,0.0,0.0,0.0,0.0,0.0,0.0,0.0,0.0,0.0,0.0,0.023000000044703484,0.023000000044703484,0.02,0.15,0.0,0.0,0.0,0.0,0.0,0.0,0.0,0.0,0.0,0.0,0.0,0.0,0.39213624596595764,0.08841920644044876,0.0019007360124305706,8.039698600769043,186,nan,-1.0,True,,False,0.010050058364868164,0.0,0.1258549690246582,20.0,20.0,1.0,0.0,0.0,0.0,0.0,0.0
1274,48.15785598754883,0.0,0.0,0.0,48.15785598754883,0.09850644320249557,9.319900512695312,2.3575117588043213,0.0,0.0,0.0,0.0,0.0,0.0,0.0,0.0,0.0,0.0,0.0,0.0,0.023000000044703484,0.023000000044703484,0.02,0.15,0.0,0.0,0.0,0.0,0.0,0.0,0.0,0.0,0.0,0.0,0.0,0.0,0.39226609468460083,0.08847235143184662,0.001364860970625159,8.039698600769043,186,nan,-1.0,True,,False,0.010050058364868164,0.0,0.1258549690246582,20.0,20.0,1.0,0.0,0.0,0.0,0.0,0.0
1275,61.36073303222656,0.0,0.0,0.0,61.36073303222656,0.06583535671234131,9.33026123046875,2.3562636375427246,0.0,0.0,0.0,0.0,0.0,0.0,0.0,0.0,0.0,0.0,0.0,0.0,0.023000000044703484,0.023000000044703484,0.02,0.15,0.0,0.0,0.0,0.0,0.0,0.0,0.0,0.0,0.0,0.0,0.0,0.0,0.39238807559013367,0.08852432668209076,0.001353524496380487,8.039698600769043,186,nan,-1.0,True,,False,0.010050058364868164,0.0,0.1258549690246582,20.0,20.0,1.0,0.0,0.0,0.0,0.0,0.0
1276,92.4197769165039,0.0,0.0,0.0,92.4197769165039,0.029611896723508835,9.341513633728027,2.355105400085449,0.0,0.0,0.0,0.0,0.0,0.0,0.0,0.0,0.0,0.0,0.0,0.0,0.023000000044703484,0.023000000044703484,0.02,0.15,0.0,0.0,0.0,0.0,0.0,0.0,0.0,0.0,0.0,0.0,0.0,0.0,0.3925118148326874,0.08857384324073792,0.0013383676946432388,8.039698600769043,186,nan,-1.0,True,,False,0.010050058364868164,0.0,0.1258549690246582,20.0,20.0,1.0,0.0,0.0,0.0,0.0,0.0
1277,174.12428283691406,0.0,0.0,0.0,174.12428283691406,0.005957478191703558,9.352351188659668,2.3540213108062744,0.0,0.0,0.0,0.0,0.0,0.0,0.0,0.0,0.0,0.0,0.0,0.0,0.023000000044703484,0.023000000044703484,0.02,0.15,0.0,0.0,0.0,0.0,0.0,0.0,0.0,0.0,0.0,0.0,0.0,0.0,0.39262938499450684,0.08862095326185226,0.001329293055960079,8.039698600769043,186,nan,-1.0,True,,False,0.010050058364868164,0.0,0.1258549690246582,20.0,20.0,1.0,0.0,0.0,0.0,0.0,0.0
1278,162.18067932128906,0.0,0.0,0.0,162.18067932128906,0.007324471138417721,9.363402366638184,2.352644205093384,0.0,0.0,0.0,0.0,0.0,0.0,0.0,0.0,0.0,0.0,0.0,0.0,0.023000000044703484,0.023000000044703484,0.02,0.15,0.0,0.0,0.0,0.0,0.0,0.0,0.0,0.0,0.0,0.0,0.0,0.0,0.39276474714279175,0.08866794407367706,0.0016207489029511635,8.039698600769043,186,nan,-1.0,True,,False,0.010050058364868164,0.0,0.1258549690246582,20.0,20.0,1.0,0.0,0.0,0.0,0.0,0.0
1279,53.438079833984375,0.0,0.0,0.0,53.438079833984375,0.08302205055952072,9.374626159667969,2.3495187759399414,0.0,0.0,0.0,0.0,0.0,0.0,0.0,0.0,0.0,0.0,0.0,0.0,0.023000000044703484,0.023000000044703484,0.02,0.15,0.0,0.0,0.0,0.0,0.0,0.0,0.0,0.0,0.0,0.0,0.0,0.0,0.39288997650146484,0.08871185779571533,0.0013089080459849356,8.039698600769043,186,nan,-1.0,True,,False,0.010050058364868164,0.0,0.1258549690246582,20.0,20.0,1.0,0.0,0.0,0.0,0.0,0.0
1280,41.35136032104492,0.0,0.0,0.0,41.35136032104492,0.12285322695970535,9.385741233825684,2.346355438232422,0.0,0.0,0.0,0.0,0.0,0.0,0.0,0.0,0.0,0.0,0.0,0.0,0.023000000044703484,0.023000000044703484,0.02,0.15,0.0,0.0,0.0,0.0,0.0,0.0,0.0,0.0,0.0,0.0,0.0,0.0,0.39303380250930786,0.08875588327646255,0.0013229359619799652,8.039698600769043,186,nan,-1.0,True,,False,0.010050058364868164,0.0,0.1258549690246582,20.0,20.0,1.0,0.0,0.0,0.0,0.0,0.0
1281,33.36216735839844,0.0,0.0,0.0,33.36216735839844,0.164539635181427,9.396749496459961,2.3433289527893066,0.0,0.0,0.0,0.0,0.0,0.0,0.0,0.0,0.0,0.0,0.0,0.0,0.023000000044703484,0.023000000044703484,0.02,0.15,0.0,0.0,0.0,0.0,0.0,0.0,0.0,0.0,0.0,0.0,0.0,0.0,0.393197625875473,0.08880051970481873,0.0013398443766163837,8.039698600769043,186,nan,-1.0,True,,False,0.010050058364868164,0.0,0.1258549690246582,20.0,20.0,1.0,0.0,0.0,0.0,0.0,0.0
1282,27.59641456604004,0.0,0.0,0.0,27.59641456604004,0.20786094665527344,9.407735824584961,2.3404455184936523,0.0,0.0,0.0,0.0,0.0,0.0,0.0,0.0,0.0,0.0,0.0,0.0,0.023000000044703484,0.023000000044703484,0.02,0.15,0.0,0.0,0.0,0.0,0.0,0.0,0.0,0.0,0.0,0.0,0.0,0.0,0.39338260889053345,0.08884619176387787,0.0013606040206468606,8.039698600769043,186,nan,-1.0,True,,False,0.010050058364868164,0.0,0.1258549690246582,20.0,20.0,1.0,0.0,0.0,0.0,0.0,0.0
1283,23.303869247436523,0.0,0.0,0.0,23.303869247436523,0.25152823328971863,9.418875694274902,2.3377058506011963,0.0,0.0,0.0,0.0,0.0,0.0,0.0,0.0,0.0,0.0,0.0,0.0,0.023000000044703484,0.023000000044703484,0.02,0.15,0.0,0.0,0.0,0.0,0.0,0.0,0.0,0.0,0.0,0.0,0.0,0.0,0.39358898997306824,0.08889362961053848,0.001385968473414323,8.039698600769043,186,nan,-1.0,True,,False,0.010050058364868164,0.0,0.1258549690246582,20.0,20.0,1.0,0.0,0.0,0.0,0.0,0.0
1284,19.867406845092773,0.0,0.0,0.0,19.867406845092773,0.2970108389854431,9.429132461547852,2.335193395614624,0.0,0.0,0.0,0.0,0.0,0.0,0.0,0.0,0.0,0.0,0.0,0.0,0.023000000044703484,0.023000000044703484,0.02,0.15,0.0,0.0,0.0,0.0,0.0,0.0,0.0,0.0,0.0,0.0,0.0,0.0,0.3938152492046356,0.08894320577383041,0.0014202890067736007,8.039698600769043,186,nan,-1.0,True,,False,0.010050058364868164,0.0,0.1258549690246582,20.0,20.0,1.0,0.0,0.0,0.0,0.0,0.0
1285,21.79938316345215,0.0,0.0,0.0,21.79938316345215,0.2694414258003235,9.439696311950684,2.3328685760498047,0.0,0.0,0.0,0.0,0.0,0.0,0.0,0.0,0.0,0.0,0.0,0.0,0.023000000044703484,0.023000000044703484,0.02,0.15,0.0,0.0,0.0,0.0,0.0,0.0,0.0,0.0,0.0,0.0,0.0,0.0,0.3940599858760834,0.08899514377117157,0.0008933065159908438,8.039698600769043,186,nan,-1.0,True,,False,0.010050058364868164,0.0,0.1258549690246582,20.0,20.0,1.0,0.0,0.0,0.0,0.0,0.0
1286,25.230281829833984,0.0,0.0,0.0,25.230281829833984,0.22929470241069794,9.450455665588379,2.330883026123047,0.0,0.0,0.0,0.0,0.0,0.0,0.0,0.0,0.0,0.0,0.0,0.0,0.023000000044703484,0.023000000044703484,0.02,0.15,0.0,0.0,0.0,0.0,0.0,0.0,0.0,0.0,0.0,0.0,0.0,0.0,0.39429163932800293,0.08904530853033066,0.0008770990893935959,8.039698600769043,186,nan,-1.0,True,,False,0.010050058364868164,0.0,0.1258549690246582,20.0,20.0,1.0,0.0,0.0,0.0,0.0,0.0
1287,28.501176834106445,0.0,0.0,0.0,28.501176834106445,0.19865192472934723,9.461308479309082,2.329213857650757,0.0,0.0,0.0,0.0,0.0,0.0,0.0,0.0,0.0,0.0,0.0,0.0,0.023000000044703484,0.023000000044703484,0.02,0.15,0.0,0.0,0.0,0.0,0.0,0.0,0.0,0.0,0.0,0.0,0.0,0.0,0.39451584219932556,0.08909294009208679,0.0008836049273668323,8.039698600769043,186,nan,-1.0,True,,False,0.010050058364868164,0.0,0.1258549690246582,20.0,20.0,1.0,0.0,0.0,0.0,0.0,0.0
1288,31.15456199645996,0.0,0.0,0.0,31.15456199645996,0.177912175655365,9.472671508789062,2.327859401702881,0.0,0.0,0.0,0.0,0.0,0.0,0.0,0.0,0.0,0.0,0.0,0.0,0.023000000044703484,0.023000000044703484,0.02,0.15,0.0,0.0,0.0,0.0,0.0,0.0,0.0,0.0,0.0,0.0,0.0,0.0,0.394731730222702,0.08913753181695938,0.0009128072142630117,8.039698600769043,186,nan,-1.0,True,,False,0.010050058364868164,0.0,0.1258549690246582,20.0,20.0,1.0,0.0,0.0,0.0,0.0,0.0
1289,32.366363525390625,0.0,0.0,0.0,32.366363525390625,0.16940578818321228,9.483465194702148,2.3267946243286133,0.0,0.0,0.0,0.0,0.0,0.0,0.0,0.0,0.0,0.0,0.0,0.0,0.023000000044703484,0.023000000044703484,0.02,0.15,0.0,0.0,0.0,0.0,0.0,0.0,0.0,0.0,0.0,0.0,0.0,0.0,0.39493775367736816,0.08917856216430664,0.0010163435608774307,8.039698600769043,186,nan,-1.0,True,,False,0.010050058364868164,0.0,0.1258549690246582,20.0,20.0,1.0,0.0,0.0,0.0,0.0,0.0
1290,31.755752563476562,0.0,0.0,0.0,31.755752563476562,0.17349940538406372,9.495140075683594,2.3259897232055664,0.0,0.0,0.0,0.0,0.0,0.0,0.0,0.0,0.0,0.0,0.0,0.0,0.023000000044703484,0.023000000044703484,0.02,0.15,0.0,0.0,0.0,0.0,0.0,0.0,0.0,0.0,0.0,0.0,0.0,0.0,0.3951328992843628,0.08921585977077484,0.0011238900829084741,8.039698600769043,186,nan,-1.0,True,,False,0.010050058364868164,0.0,0.1258549690246582,20.0,20.0,1.0,0.0,0.0,0.0,0.0,0.0
1291,29.295663833618164,0.0,0.0,0.0,29.295663833618164,0.19176021218299866,9.506265640258789,2.325451374053955,0.0,0.0,0.0,0.0,0.0,0.0,0.0,0.0,0.0,0.0,0.0,0.0,0.023000000044703484,0.023000000044703484,0.02,0.15,0.0,0.0,0.0,0.0,0.0,0.0,0.0,0.0,0.0,0.0,0.0,0.0,0.39531460404396057,0.08924933522939682,0.0012370289937280177,8.039698600769043,186,nan,-1.0,True,,False,0.010050058364868164,0.0,0.1258549690246582,20.0,20.0,1.0,0.0,0.0,0.0,0.0,0.0
1292,25.76504898071289,0.0,0.0,0.0,25.76504898071289,0.22318167984485626,9.517897605895996,2.3252007961273193,0.0,0.0,0.0,0.0,0.0,0.0,0.0,0.0,0.0,0.0,0.0,0.0,0.023000000044703484,0.023000000044703484,0.02,0.15,0.0,0.0,0.0,0.0,0.0,0.0,0.0,0.0,0.0,0.0,0.0,0.0,0.39548301696777344,0.08927888423204422,0.0013605245394501253,8.039698600769043,186,nan,-1.0,True,,False,0.010050058364868164,0.0,0.1258549690246582,20.0,20.0,1.0,0.0,0.0,0.0,0.0,0.0
1293,22.210811614990234,0.0,0.0,0.0,22.210811614990234,0.2629859745502472,9.529853820800781,2.3251709938049316,0.0,0.0,0.0,0.0,0.0,0.0,0.0,0.0,0.0,0.0,0.0,0.0,0.023000000044703484,0.023000000044703484,0.02,0.15,0.0,0.0,0.0,0.0,0.0,0.0,0.0,0.0,0.0,0.0,0.0,0.0,0.39564207196235657,0.08930458128452301,0.0015677498627155728,8.039698600769043,186,nan,-1.0,True,,False,0.010050058364868164,0.0,0.1258549690246582,20.0,20.0,1.0,0.0,0.0,0.0,0.0,0.0
1294,18.97559356689453,0.0,0.0,0.0,18.97559356689453,0.3091683089733124,9.541857719421387,2.325349807739258,0.0,0.0,0.0,0.0,0.0,0.0,0.0,0.0,0.0,0.0,0.0,0.0,0.023000000044703484,0.023000000044703484,0.02,0.15,0.0,0.0,0.0,0.0,0.0,0.0,0.0,0.0,0.0,0.0,0.0,0.0,0.3957955539226532,0.08932647109031677,0.001608819646662596,8.039698600769043,186,nan,-1.0,True,,False,0.010050058364868164,0.0,0.1258549690246582,20.0,20.0,1.0,0.0,0.0,0.0,0.0,0.0
1295,17.382843017578125,0.0,0.0,0.0,17.382843017578125,0.3366389274597168,9.554618835449219,2.325788974761963,0.0,0.0,0.0,0.0,0.0,0.0,0.0,0.0,0.0,0.0,0.0,0.0,0.023000000044703484,0.023000000044703484,0.02,0.15,0.0,0.0,0.0,0.0,0.0,0.0,0.0,0.0,0.0,0.0,0.0,0.0,0.3959404528141022,0.08934494107961655,0.0030440253356118774,8.039698600769043,186,nan,-1.0,True,,False,0.010050058364868164,0.0,0.1258549690246582,20.0,20.0,1.0,0.0,0.0,0.0,0.0,0.0
1296,19.3280029296875,0.0,0.0,0.0,19.3280029296875,0.3037272095680237,9.568315505981445,2.3262531757354736,0.0,0.0,0.0,0.0,0.0,0.0,0.0,0.0,0.0,0.0,0.0,0.0,0.023000000044703484,0.023000000044703484,0.02,0.15,0.0,0.0,0.0,0.0,0.0,0.0,0.0,0.0,0.0,0.0,0.0,0.0,0.3960737884044647,0.0893591046333313,0.003098475639035314,8.039698600769043,186,nan,-1.0,True,,False,0.010050058364868164,0.0,0.1258549690246582,20.0,20.0,1.0,0.0,0.0,0.0,0.0,0.0
1297,21.324993133544922,0.0,0.0,0.0,21.324993133544922,0.27478939294815063,9.581757545471191,2.3267159461975098,0.0,0.0,0.0,0.0,0.0,0.0,0.0,0.0,0.0,0.0,0.0,0.0,0.023000000044703484,0.023000000044703484,0.02,0.15,0.0,0.0,0.0,0.0,0.0,0.0,0.0,0.0,0.0,0.0,0.0,0.0,0.3961981236934662,0.08931448310613632,0.0030833320788588026,8.039698600769043,186,nan,-1.0,True,,False,0.010050058364868164,0.0,0.1258549690246582,20.0,20.0,1.0,0.0,0.0,0.0,0.0,0.0
1298,23.27281379699707,0.0,0.0,0.0,23.27281379699707,0.2503913342952728,9.59537410736084,2.3272666931152344,0.0,0.0,0.0,0.0,0.0,0.0,0.0,0.0,0.0,0.0,0.0,0.0,0.023000000044703484,0.023000000044703484,0.02,0.15,0.0,0.0,0.0,0.0,0.0,0.0,0.0,0.0,0.0,0.0,0.0,0.0,0.39631563425064087,0.08922962844371796,0.0030925698808914603,8.039698600769043,186,nan,-1.0,True,,False,0.010050058364868164,0.0,0.1258549690246582,20.0,20.0,1.0,0.0,0.0,0.0,0.0,0.0
1299,25.104480743408203,0.0,0.0,0.0,25.104480743408203,0.2302750051021576,9.608968734741211,2.3278682231903076,0.0,0.0,0.0,0.0,0.0,0.0,0.0,0.0,0.0,0.0,0.0,0.0,0.023000000044703484,0.023000000044703484,0.02,0.15,0.0,0.0,0.0,0.0,0.0,0.0,0.0,0.0,0.0,0.0,0.0,0.0,0.39642855525016785,0.08915089815855026,0.0031264322537936096,8.039698600769043,186,nan,-1.0,True,,False,0.010050058364868164,0.0,0.1258549690246582,20.0,20.0,1.0,0.0,0.0,0.0,0.0,0.0
1300,26.654970169067383,0.0,0.0,0.0,26.654970169067383,0.21507321298122406,9.623432159423828,2.3285815715789795,0.0,0.0,0.0,0.0,0.0,0.0,0.0,0.0,0.0,0.0,0.0,0.0,0.023000000044703484,0.023000000044703484,0.02,0.15,0.0,0.0,0.0,0.0,0.0,0.0,0.0,0.0,0.0,0.0,0.0,0.0,0.3965400755405426,0.08907105773687363,0.0031073018758434046,8.039698600769043,186,nan,-1.0,True,,False,0.010050058364868164,0.0,0.1258549690246582,20.0,20.0,1.0,0.0,0.0,0.0,0.0,0.0
1301,27.797319412231445,0.0,0.0,0.0,27.797319412231445,0.20483943819999695,9.63728141784668,2.329444646835327,0.0,0.0,0.0,0.0,0.0,0.0,0.0,0.0,0.0,0.0,0.0,0.0,0.023000000044703484,0.023000000044703484,0.02,0.15,0.0,0.0,0.0,0.0,0.0,0.0,0.0,0.0,0.0,0.0,0.0,0.0,0.39665207266807556,0.08898609131574631,0.003152359106707081,8.039698600769043,186,nan,-1.0,True,,False,0.010050058364868164,0.0,0.1258549690246582,20.0,20.0,1.0,0.0,0.0,0.0,0.0,0.0
1302,28.452680587768555,0.0,0.0,0.0,28.452680587768555,0.19936931133270264,9.652166366577148,2.3304688930511475,0.0,0.0,0.0,0.0,0.0,0.0,0.0,0.0,0.0,0.0,0.0,0.0,0.023000000044703484,0.023000000044703484,0.02,0.15,0.0,0.0,0.0,0.0,0.0,0.0,0.0,0.0,0.0,0.0,0.0,0.0,0.3967680335044861,0.08890356123447418,0.00317051551746772,8.039698600769043,186,nan,-1.0,True,,False,0.010050058364868164,0.0,0.1258549690246582,20.0,20.0,1.0,0.0,0.0,0.0,0.0,0.0
1303,28.60000991821289,0.0,0.0,0.0,28.60000991821289,0.19833919405937195,9.667454719543457,2.33164644241333,0.0,0.0,0.0,0.0,0.0,0.0,0.0,0.0,0.0,0.0,0.0,0.0,0.023000000044703484,0.023000000044703484,0.02,0.15,0.0,0.0,0.0,0.0,0.0,0.0,0.0,0.0,0.0,0.0,0.0,0.0,0.3968869745731354,0.08882357180118561,0.003181846945608413,8.039698600769043,186,nan,-1.0,True,,False,0.010050058364868164,0.0,0.1258549690246582,20.0,20.0,1.0,0.0,0.0,0.0,0.0,0.0
1304,28.232559204101562,0.0,0.0,0.0,28.232559204101562,0.20173051953315735,9.6834716796875,2.33301043510437,0.0,0.0,0.0,0.0,0.0,0.0,0.0,0.0,0.0,0.0,0.0,0.0,0.023000000044703484,0.023000000044703484,0.02,0.15,0.0,0.0,0.0,0.0,0.0,0.0,0.0,0.0,0.0,0.0,0.0,0.0,0.397012323141098,0.08874567598104477,0.003170503469164032,8.039698600769043,186,nan,-1.0,True,,False,0.010050058364868164,0.0,0.1258549690246582,20.0,20.0,1.0,0.0,0.0,0.0,0.0,0.0
1305,27.413917541503906,0.0,0.0,0.0,27.413917541503906,0.20937351882457733,9.70048999786377,2.3346004486083984,0.0,0.0,0.0,0.0,0.0,0.0,0.0,0.0,0.0,0.0,0.0,0.0,0.023000000044703484,0.023000000044703484,0.02,0.15,0.0,0.0,0.0,0.0,0.0,0.0,0.0,0.0,0.0,0.0,0.0,0.0,0.397144615650177,0.0886697769165039,0.0031423104778696143,8.039698600769043,186,nan,-1.0,True,,False,0.010050058364868164,0.0,0.1258549690246582,20.0,20.0,1.0,0.0,0.0,0.0,0.0,0.0
1306,46.356170654296875,0.0,0.0,0.0,46.356170654296875,0.10327155888080597,9.71794319152832,2.3364500999450684,0.0,0.0,0.0,0.0,0.0,0.0,0.0,0.0,0.0,0.0,0.0,0.0,0.023000000044703484,0.023000000044703484,0.02,0.15,0.0,0.0,0.0,0.0,0.0,0.0,0.0,0.0,0.0,0.0,0.0,0.0,0.39728692173957825,0.08859573304653168,0.001033392938097677,8.039698600769043,186,nan,-1.0,True,,False,0.010050058364868164,0.0,0.1258549690246582,20.0,20.0,1.0,0.0,0.0,0.0,0.0,0.0
1307,104.37802124023438,0.0,0.0,0.0,104.37802124023438,0.022408701479434967,9.735139846801758,2.33762788772583,0.0,0.0,0.0,0.0,0.0,0.0,0.0,0.0,0.0,0.0,0.0,0.0,0.023000000044703484,0.023000000044703484,0.02,0.15,0.0,0.0,0.0,0.0,0.0,0.0,0.0,0.0,0.0,0.0,0.0,0.0,0.39744022488594055,0.08852357417345047,0.0010077105525851948,8.039698600769043,186,nan,-1.0,True,,False,0.010050058364868164,0.0,0.1258549690246582,20.0,20.0,1.0,0.0,0.0,0.0,0.0,0.0
1308,43.567745208740234,0.0,0.0,0.0,43.567745208740234,0.11351397633552551,9.753292083740234,2.3373308181762695,0.0,0.0,0.0,0.0,0.0,0.0,0.0,0.0,0.0,0.0,0.0,0.0,0.023000000044703484,0.023000000044703484,0.02,0.15,0.0,0.0,0.0,0.0,0.0,0.0,0.0,0.0,0.0,0.0,0.0,0.0,0.3975927531719208,0.08845236897468567,0.0010012802204073523,8.039698600769043,186,nan,-1.0,True,,False,0.010050058364868164,0.0,0.1258549690246582,20.0,20.0,1.0,0.0,0.0,0.0,0.0,0.0
1309,32.04290771484375,0.0,0.0,0.0,32.04290771484375,0.17329612374305725,9.772512435913086,2.337021827697754,0.0,0.0,0.0,0.0,0.0,0.0,0.0,0.0,0.0,0.0,0.0,0.0,0.023000000044703484,0.023000000044703484,0.02,0.15,0.0,0.0,0.0,0.0,0.0,0.0,0.0,0.0,0.0,0.0,0.0,0.0,0.39772069454193115,0.08838465809822083,0.002424441051971371,8.039698600769043,186,nan,-1.0,True,,False,0.010050058364868164,0.0,0.1258549690246582,20.0,20.0,1.0,0.0,0.0,0.0,0.0,0.0
1310,36.625389099121094,0.0,0.0,0.0,36.625389099121094,0.14509807527065277,9.791302680969238,2.3366782665252686,0.0,0.0,0.0,0.0,0.0,0.0,0.0,0.0,0.0,0.0,0.0,0.0,0.023000000044703484,0.023000000044703484,0.02,0.15,0.0,0.0,0.0,0.0,0.0,0.0,0.0,0.0,0.0,0.0,0.0,0.0,0.3978128135204315,0.08832349628210068,0.002413049473943829,8.039698600769043,186,nan,-1.0,True,,False,0.010050058364868164,0.0,0.1258549690246582,20.0,20.0,1.0,0.0,0.0,0.0,0.0,0.0
1311,41.64610290527344,0.0,0.0,0.0,41.64610290527344,0.12102078646421432,9.809903144836426,2.3363640308380127,0.0,0.0,0.0,0.0,0.0,0.0,0.0,0.0,0.0,0.0,0.0,0.0,0.023000000044703484,0.023000000044703484,0.02,0.15,0.0,0.0,0.0,0.0,0.0,0.0,0.0,0.0,0.0,0.0,0.0,0.0,0.3978886306285858,0.08827907592058182,0.00236653393949382,8.039698600769043,186,nan,-1.0,True,,False,0.010050058364868164,0.0,0.1258549690246582,20.0,20.0,1.0,0.0,0.0,0.0,0.0,0.0
1312,46.62382125854492,0.0,0.0,0.0,46.62382125854492,0.10220003128051758,9.828310012817383,2.336045026779175,0.0,0.0,0.0,0.0,0.0,0.0,0.0,0.0,0.0,0.0,0.0,0.0,0.023000000044703484,0.023000000044703484,0.02,0.15,0.0,0.0,0.0,0.0,0.0,0.0,0.0,0.0,0.0,0.0,0.0,0.0,0.397946834564209,0.08824070543050766,0.0022443405587182497,8.039698600769043,186,nan,-1.0,True,,False,0.010050058364868164,0.0,0.1258549690246582,20.0,20.0,1.0,0.0,0.0,0.0,0.0,0.0
1313,53.485679626464844,0.0,0.0,0.0,53.485679626464844,0.08215416967868805,9.846059799194336,2.3358023166656494,0.0,0.0,0.0,0.0,0.0,0.0,0.0,0.0,0.0,0.0,0.0,0.0,0.023000000044703484,0.023000000044703484,0.02,0.15,0.0,0.0,0.0,0.0,0.0,0.0,0.0,0.0,0.0,0.0,0.0,0.0,0.39799413084983826,0.08820774406194687,0.00202303329069764,8.039698600769043,186,nan,-1.0,True,,False,0.010050058364868164,0.0,0.1258549690246582,20.0,20.0,1.0,0.0,0.0,0.0,0.0,0.0
1314,61.13359069824219,0.0,0.0,0.0,61.13359069824219,0.06546329706907272,9.864078521728516,2.335594654083252,0.0,0.0,0.0,0.0,0.0,0.0,0.0,0.0,0.0,0.0,0.0,0.0,0.023000000044703484,0.023000000044703484,0.02,0.15,0.0,0.0,0.0,0.0,0.0,0.0,0.0,0.0,0.0,0.0,0.0,0.0,0.39803385734558105,0.08818026632070541,0.0017504895681668131,8.039698600769043,186,nan,-1.0,True,,False,0.010050058364868164,0.0,0.1258549690246582,20.0,20.0,1.0,0.0,0.0,0.0,0.0,0.0
1315,70.04400634765625,0.0,0.0,0.0,70.04400634765625,0.05113255977630615,9.882251739501953,2.335421323776245,0.0,0.0,0.0,0.0,0.0,0.0,0.0,0.0,0.0,0.0,0.0,0.0,0.023000000044703484,0.023000000044703484,0.02,0.15,0.0,0.0,0.0,0.0,0.0,0.0,0.0,0.0,0.0,0.0,0.0,0.0,0.3980683982372284,0.08815838396549225,0.0014661546965726302,8.039698600769043,186,nan,-1.0,True,,False,0.010050058364868164,0.0,0.1258549690246582,20.0,20.0,1.0,0.0,0.0,0.0,0.0,0.0
1316,79.68257904052734,0.0,0.0,0.0,79.68257904052734,0.03982510045170784,9.900044441223145,2.3353164196014404,0.0,0.0,0.0,0.0,0.0,0.0,0.0,0.0,0.0,0.0,0.0,0.0,0.023000000044703484,0.023000000044703484,0.02,0.15,0.0,0.0,0.0,0.0,0.0,0.0,0.0,0.0,0.0,0.0,0.0,0.0,0.3980948030948639,0.0881422609090805,0.0011664115136227338,8.039698600769043,186,nan,-1.0,True,,False,0.010050058364868164,0.0,0.1258549690246582,20.0,20.0,1.0,0.0,0.0,0.0,0.0,0.0
1317,88.77218627929688,0.0,0.0,0.0,88.77218627929688,0.03189521282911301,9.918001174926758,2.3352527618408203,0.0,0.0,0.0,0.0,0.0,0.0,0.0,0.0,0.0,0.0,0.0,0.0,0.023000000044703484,0.023000000044703484,0.02,0.15,0.0,0.0,0.0,0.0,0.0,0.0,0.0,0.0,0.0,0.0,0.0,0.0,0.39811185002326965,0.08813172578811646,0.0009159956141502335,8.039698600769043,186,nan,-1.0,True,,False,0.010050058364868164,0.0,0.1258549690246582,20.0,20.0,1.0,0.0,0.0,0.0,0.0,0.0
1318,97.2986068725586,0.0,0.0,0.0,97.2986068725586,0.02616450935602188,9.93624210357666,2.3352575302124023,0.0,0.0,0.0,0.0,0.0,0.0,0.0,0.0,0.0,0.0,0.0,0.0,0.023000000044703484,0.023000000044703484,0.02,0.15,0.0,0.0,0.0,0.0,0.0,0.0,0.0,0.0,0.0,0.0,0.0,0.0,0.3981208801269531,0.08812669664621353,0.0008349788877239916,8.039698600769043,186,nan,-1.0,True,,False,0.010050058364868164,0.0,0.1258549690246582,20.0,20.0,1.0,0.0,0.0,0.0,0.0,0.0
1319,100.34858703613281,0.0,0.0,0.0,100.34858703613281,0.02442721277475357,9.954303741455078,2.3353195190429688,0.0,0.0,0.0,0.0,0.0,0.0,0.0,0.0,0.0,0.0,0.0,0.0,0.023000000044703484,0.023000000044703484,0.02,0.15,0.0,0.0,0.0,0.0,0.0,0.0,0.0,0.0,0.0,0.0,0.0,0.0,0.39811694622039795,0.08812694996595383,0.0008985570095774165,8.039698600769043,186,nan,-1.0,True,,False,0.010050058364868164,0.0,0.1258549690246582,20.0,20.0,1.0,0.0,0.0,0.0,0.0,0.0
1320,95.27838134765625,0.0,0.0,0.0,95.27838134765625,0.027398312464356422,9.973766326904297,2.335416078567505,0.0,0.0,0.0,0.0,0.0,0.0,0.0,0.0,0.0,0.0,0.0,0.0,0.023000000044703484,0.023000000044703484,0.02,0.15,0.0,0.0,0.0,0.0,0.0,0.0,0.0,0.0,0.0,0.0,0.0,0.0,0.3980986177921295,0.08813201636075974,0.00093454911916524,8.039698600769043,186,nan,-1.0,True,,False,0.010050058364868164,0.0,0.1258549690246582,20.0,20.0,1.0,0.0,0.0,0.0,0.0,0.0
1321,87.25603485107422,0.0,0.0,0.0,87.25603485107422,0.03306956589221954,9.99323844909668,2.3355891704559326,0.0,0.0,0.0,0.0,0.0,0.0,0.0,0.0,0.0,0.0,0.0,0.0,0.023000000044703484,0.023000000044703484,0.02,0.15,0.0,0.0,0.0,0.0,0.0,0.0,0.0,0.0,0.0,0.0,0.0,0.0,0.3980703353881836,0.08814073354005814,0.0009421994272997836,8.039698600769043,186,nan,-1.0,True,,False,0.010050058364868164,0.0,0.1258549690246582,20.0,20.0,1.0,0.0,0.0,0.0,0.0,0.0
1322,76.2856216430664,0.0,0.0,0.0,76.2856216430664,0.04340615123510361,10.01333236694336,2.335803508758545,0.0,0.0,0.0,0.0,0.0,0.0,0.0,0.0,0.0,0.0,0.0,0.0,0.023000000044703484,0.023000000044703484,0.02,0.15,0.0,0.0,0.0,0.0,0.0,0.0,0.0,0.0,0.0,0.0,0.0,0.0,0.3980312645435333,0.08815186470746994,0.0009093597900573513,8.039698600769043,186,nan,-1.0,True,,False,0.010050058364868164,0.0,0.1258549690246582,20.0,20.0,1.0,0.0,0.0,0.0,0.0,0.0
1323,63.65476989746094,0.0,0.0,0.0,63.65476989746094,0.06091618537902832,10.03346061706543,2.3360538482666016,0.0,0.0,0.0,0.0,0.0,0.0,0.0,0.0,0.0,0.0,0.0,0.0,0.023000000044703484,0.023000000044703484,0.02,0.15,0.0,0.0,0.0,0.0,0.0,0.0,0.0,0.0,0.0,0.0,0.0,0.0,0.39797475934028625,0.08816371113061905,0.0008305339408707368,8.039698600769043,186,nan,-1.0,True,,False,0.010050058364868164,0.0,0.1258549690246582,20.0,20.0,1.0,0.0,0.0,0.0,0.0,0.0
1324,52.48257064819336,0.0,0.0,0.0,52.48257064819336,0.084681436419487,10.054819107055664,2.3363165855407715,0.0,0.0,0.0,0.0,0.0,0.0,0.0,0.0,0.0,0.0,0.0,0.0,0.023000000044703484,0.023000000044703484,0.02,0.15,0.0,0.0,0.0,0.0,0.0,0.0,0.0,0.0,0.0,0.0,0.0,0.0,0.3979126513004303,0.08817707747220993,0.0009471462788042118,8.039698600769043,186,nan,-1.0,True,,False,0.010050058364868164,0.0,0.1258549690246582,20.0,20.0,1.0,0.0,0.0,0.0,0.0,0.0
1325,44.76064682006836,0.0,0.0,0.0,44.76064682006836,0.10862834751605988,10.077203750610352,2.336623430252075,0.0,0.0,0.0,0.0,0.0,0.0,0.0,0.0,0.0,0.0,0.0,0.0,0.023000000044703484,0.023000000044703484,0.02,0.15,0.0,0.0,0.0,0.0,0.0,0.0,0.0,0.0,0.0,0.0,0.0,0.0,0.3978501856327057,0.08821473270654678,0.0013644486555222102,8.039698600769043,186,nan,-1.0,True,,False,0.010050058364868164,0.0,0.1258549690246582,20.0,20.0,1.0,0.0,0.0,0.0,0.0,0.0
1326,38.902671813964844,0.0,0.0,0.0,38.902671813964844,0.1332034319639206,10.099970817565918,2.3369734287261963,0.0,0.0,0.0,0.0,0.0,0.0,0.0,0.0,0.0,0.0,0.0,0.0,0.023000000044703484,0.023000000044703484,0.02,0.15,0.0,0.0,0.0,0.0,0.0,0.0,0.0,0.0,0.0,0.0,0.0,0.0,0.3977890908718109,0.08826570957899094,0.002011549695453141,8.039698600769043,186,nan,-1.0,True,,False,0.010050058364868164,0.0,0.1258549690246582,20.0,20.0,1.0,0.0,0.0,0.0,0.0,0.0
1327,34.21860122680664,0.0,0.0,0.0,34.21860122680664,0.15862834453582764,10.12289810180664,2.337390899658203,0.0,0.0,0.0,0.0,0.0,0.0,0.0,0.0,0.0,0.0,0.0,0.0,0.023000000044703484,0.023000000044703484,0.02,0.15,0.0,0.0,0.0,0.0,0.0,0.0,0.0,0.0,0.0,0.0,0.0,0.0,0.39773091673851013,0.08832123875617981,0.0028036652138325735,8.039698600769043,186,nan,-1.0,True,,False,0.010050058364868164,0.0,0.1258549690246582,20.0,20.0,1.0,0.0,0.0,0.0,0.0,0.0
1328,33.1900749206543,0.0,0.0,0.0,33.1900749206543,0.1650903820991516,10.147079467773438,2.337893009185791,0.0,0.0,0.0,0.0,0.0,0.0,0.0,0.0,0.0,0.0,0.0,0.0,0.023000000044703484,0.023000000044703484,0.02,0.15,0.0,0.0,0.0,0.0,0.0,0.0,0.0,0.0,0.0,0.0,0.0,0.0,0.3976324200630188,0.08838359266519547,0.003764160997889121,8.039698600769043,186,nan,-1.0,True,,False,0.010050058364868164,0.0,0.1258549690246582,20.0,20.0,1.0,0.0,0.0,0.0,0.0,0.0
1329,32.96510314941406,0.0,0.0,0.0,32.96510314941406,0.16656136512756348,10.170327186584473,2.338602304458618,0.0,0.0,0.0,0.0,0.0,0.0,0.0,0.0,0.0,0.0,0.0,0.0,0.023000000044703484,0.023000000044703484,0.02,0.15,0.0,0.0,0.0,0.0,0.0,0.0,0.0,0.0,0.0,0.0,0.0,0.0,0.3975085914134979,0.08842648565769196,0.0021719530514019425,8.039698600769043,186,nan,-1.0,True,,False,0.010050058364868164,0.0,0.1258549690246582,20.0,20.0,1.0,0.0,0.0,0.0,0.0,0.0
1330,29.054418563842773,0.0,0.0,0.0,29.054418563842773,0.1951344609260559,10.194028854370117,2.339139699935913,0.0,0.0,0.0,0.0,0.0,0.0,0.0,0.0,0.0,0.0,0.0,0.0,0.023000000044703484,0.023000000044703484,0.02,0.15,0.0,0.0,0.0,0.0,0.0,0.0,0.0,0.0,0.0,0.0,0.0,0.0,0.39729657769203186,0.08838825672864914,0.0015298307664579625,8.039698600769043,186,nan,-1.0,True,,False,0.010050058364868164,0.0,0.1258549690246582,20.0,20.0,1.0,0.0,0.0,0.0,0.0,0.0
1331,24.825817108154297,0.0,0.0,0.0,24.825817108154297,0.23455792665481567,10.218147277832031,2.3395159244537354,0.0,0.0,0.0,0.0,0.0,0.0,0.0,0.0,0.0,0.0,0.0,0.0,0.023000000044703484,0.023000000044703484,0.02,0.15,0.0,0.0,0.0,0.0,0.0,0.0,0.0,0.0,0.0,0.0,0.0,0.0,0.39699193835258484,0.088424913585186,0.0015584750353809795,8.039698600769043,186,nan,-1.0,True,,False,0.010050058364868164,0.0,0.1258549690246582,20.0,20.0,1.0,0.0,0.0,0.0,0.0,0.0
1332,20.912738800048828,0.0,0.0,0.0,20.912738800048828,0.2823731601238251,10.241105079650879,2.3400492668151855,0.0,0.0,0.0,0.0,0.0,0.0,0.0,0.0,0.0,0.0,0.0,0.0,0.023000000044703484,0.023000000044703484,0.02,0.15,0.0,0.0,0.0,0.0,0.0,0.0,0.0,0.0,0.0,0.0,0.0,0.0,0.39666086435317993,0.08857600390911102,0.004107043211888595,8.039698600769043,186,nan,-1.0,True,,False,0.010050058364868164,0.0,0.1258549690246582,20.0,20.0,1.0,0.0,0.0,0.0,0.0,0.0
1333,22.034440994262695,0.0,0.0,0.0,22.034440994262695,0.26734843850135803,10.2628755569458,2.340710163116455,0.0,0.0,0.0,0.0,0.0,0.0,0.0,0.0,0.0,0.0,0.0,0.0,0.023000000044703484,0.023000000044703484,0.02,0.15,0.0,0.0,0.0,0.0,0.0,0.0,0.0,0.0,0.0,0.0,0.0,0.0,0.39630988240242004,0.08882533758878708,0.0005578682157647563,8.039698600769043,186,nan,-1.0,True,,False,0.010050058364868164,0.0,0.1258549690246582,20.0,20.0,1.0,0.0,0.0,0.0,0.0,0.0
1334,23.851806640625,0.0,0.0,0.0,23.851806640625,0.24543628096580505,10.283623695373535,2.3414130210876465,0.0,0.0,0.0,0.0,0.0,0.0,0.0,0.0,0.0,0.0,0.0,0.0,0.023000000044703484,0.023000000044703484,0.02,0.15,0.0,0.0,0.0,0.0,0.0,0.0,0.0,0.0,0.0,0.0,0.0,0.0,0.3959323465824127,0.0891016498208046,0.0005756672867391899,8.039698600769043,186,nan,-1.0,True,,False,0.010050058364868164,0.0,0.1258549690246582,20.0,20.0,1.0,0.0,0.0,0.0,0.0,0.0
1335,26.545534133911133,0.0,0.0,0.0,26.545534133911133,0.21753254532814026,10.303628921508789,2.3422324657440186,0.0,0.0,0.0,0.0,0.0,0.0,0.0,0.0,0.0,0.0,0.0,0.0,0.023000000044703484,0.023000000044703484,0.02,0.15,0.0,0.0,0.0,0.0,0.0,0.0,0.0,0.0,0.0,0.0,0.0,0.0,0.39555850625038147,0.0894598588347435,0.0013221373164924444,8.039698600769043,186,nan,-1.0,True,,False,0.010050058364868164,0.0,0.1258549690246582,20.0,20.0,1.0,0.0,0.0,0.0,0.0,0.0
1336,35.49399185180664,0.0,0.0,0.0,35.49399185180664,0.1513708233833313,10.321676254272461,2.3432564735412598,0.0,0.0,0.0,0.0,0.0,0.0,0.0,0.0,0.0,0.0,0.0,0.0,0.023000000044703484,0.023000000044703484,0.02,0.15,0.0,0.0,0.0,0.0,0.0,0.0,0.0,0.0,0.0,0.0,0.0,0.0,0.39520418643951416,0.08987100422382355,0.001321910800470505,8.039698600769043,186,nan,-1.0,True,,False,0.010050058364868164,0.0,0.1258549690246582,20.0,20.0,1.0,0.0,0.0,0.0,0.0,0.0
1337,52.00849151611328,0.0,0.0,0.0,52.00849151611328,0.0862041637301445,10.339105606079102,2.3444936275482178,0.0,0.0,0.0,0.0,0.0,0.0,0.0,0.0,0.0,0.0,0.0,0.0,0.023000000044703484,0.023000000044703484,0.02,0.15,0.0,0.0,0.0,0.0,0.0,0.0,0.0,0.0,0.0,0.0,0.0,0.0,0.3948628604412079,0.09034187346696854,0.001268190801511082,8.039698600769043,186,nan,-1.0,True,,False,0.010050058364868164,0.0,0.1258549690246582,20.0,20.0,1.0,0.0,0.0,0.0,0.0,0.0
1338,105.93782806396484,0.0,0.0,0.0,105.93782806396484,0.02168695628643036,10.355051040649414,2.345950126647949,0.0,0.0,0.0,0.0,0.0,0.0,0.0,0.0,0.0,0.0,0.0,0.0,0.023000000044703484,0.023000000044703484,0.02,0.15,0.0,0.0,0.0,0.0,0.0,0.0,0.0,0.0,0.0,0.0,0.0,0.0,0.3945338726043701,0.09083892405033112,0.0012940294495820126,8.039698600769043,186,nan,-1.0,True,,False,0.010050058364868164,0.0,0.1258549690246582,20.0,20.0,1.0,0.0,0.0,0.0,0.0,0.0
1339,84.63111114501953,0.0,0.0,0.0,84.63111114501953,0.035400278866291046,10.369813919067383,2.3470890522003174,0.0,0.0,0.0,0.0,0.0,0.0,0.0,0.0,0.0,0.0,0.0,0.0,0.023000000044703484,0.023000000044703484,0.02,0.15,0.0,0.0,0.0,0.0,0.0,0.0,0.0,0.0,0.0,0.0,0.0,0.0,0.39422228932380676,0.09134230017662048,0.0013359638753627223,8.039698600769043,186,nan,-1.0,True,,False,0.010050058364868164,0.0,0.1258549690246582,20.0,20.0,1.0,0.0,0.0,0.0,0.0,0.0
1340,50.12833786010742,0.0,0.0,0.0,50.12833786010742,0.09161604940891266,10.384723663330078,2.348123788833618,0.0,0.0,0.0,0.0,0.0,0.0,0.0,0.0,0.0,0.0,0.0,0.0,0.023000000044703484,0.023000000044703484,0.02,0.15,0.0,0.0,0.0,0.0,0.0,0.0,0.0,0.0,0.0,0.0,0.0,0.0,0.39391252398490906,0.09192567318677902,0.001375309628656396,8.039698600769043,186,nan,-1.0,True,,False,0.010050058364868164,0.0,0.1258549690246582,20.0,20.0,1.0,0.0,0.0,0.0,0.0,0.0
1341,36.21862030029297,0.0,0.0,0.0,36.21862030029297,0.14777213335037231,10.39923095703125,2.3493311405181885,0.0,0.0,0.0,0.0,0.0,0.0,0.0,0.0,0.0,0.0,0.0,0.0,0.023000000044703484,0.023000000044703484,0.02,0.15,0.0,0.0,0.0,0.0,0.0,0.0,0.0,0.0,0.0,0.0,0.0,0.0,0.3936069905757904,0.09258871525526047,0.0014134783407371287,8.039698600769043,186,nan,-1.0,True,,False,0.010050058364868164,0.0,0.1258549690246582,20.0,20.0,1.0,0.0,0.0,0.0,0.0,0.0
1342,35.42744445800781,0.0,0.0,0.0,35.42744445800781,0.15225155651569366,10.412495613098145,2.350719451904297,0.0,0.0,0.0,0.0,0.0,0.0,0.0,0.0,0.0,0.0,0.0,0.0,0.023000000044703484,0.023000000044703484,0.02,0.15,0.0,0.0,0.0,0.0,0.0,0.0,0.0,0.0,0.0,0.0,0.0,0.0,0.3933086395263672,0.0933234691619873,0.0006497989661511383,8.039698600769043,186,nan,-1.0,True,,False,0.010050058364868164,0.0,0.1258549690246582,20.0,20.0,1.0,0.0,0.0,0.0,0.0,0.0
1343,35.88947677612305,0.0,0.0,0.0,35.88947677612305,0.1496729999780655,10.426187515258789,2.352295398712158,0.0,0.0,0.0,0.0,0.0,0.0,0.0,0.0,0.0,0.0,0.0,0.0,0.023000000044703484,0.023000000044703484,0.02,0.15,0.0,0.0,0.0,0.0,0.0,0.0,0.0,0.0,0.0,0.0,0.0,0.0,0.39302289485931396,0.09407195448875427,0.0006559326398019039,8.039698600769043,186,nan,-1.0,True,,False,0.010050058364868164,0.0,0.1258549690246582,20.0,20.0,1.0,0.0,0.0,0.0,0.0,0.0
1344,35.23012161254883,0.0,0.0,0.0,35.23012161254883,0.15354306995868683,10.43896484375,2.354006767272949,0.0,0.0,0.0,0.0,0.0,0.0,0.0,0.0,0.0,0.0,0.0,0.0,0.023000000044703484,0.023000000044703484,0.02,0.15,0.0,0.0,0.0,0.0,0.0,0.0,0.0,0.0,0.0,0.0,0.0,0.0,0.3927505612373352,0.09482218325138092,0.0006484294945039437,8.039698600769043,186,nan,-1.0,True,,False,0.010050058364868164,0.0,0.1258549690246582,20.0,20.0,1.0,0.0,0.0,0.0,0.0,0.0
1345,33.622432708740234,0.0,0.0,0.0,33.622432708740234,0.16345611214637756,10.45218276977539,2.355849027633667,0.0,0.0,0.0,0.0,0.0,0.0,0.0,0.0,0.0,0.0,0.0,0.0,0.023000000044703484,0.023000000044703484,0.02,0.15,0.0,0.0,0.0,0.0,0.0,0.0,0.0,0.0,0.0,0.0,0.0,0.0,0.3924879729747772,0.09553573280572891,0.0006576881460205186,8.039698600769043,186,nan,-1.0,True,,False,0.010050058364868164,0.0,0.1258549690246582,20.0,20.0,1.0,0.0,0.0,0.0,0.0,0.0
1346,31.443605422973633,0.0,0.0,0.0,31.443605422973633,0.17833900451660156,10.465187072753906,2.3578219413757324,0.0,0.0,0.0,0.0,0.0,0.0,0.0,0.0,0.0,0.0,0.0,0.0,0.023000000044703484,0.023000000044703484,0.02,0.15,0.0,0.0,0.0,0.0,0.0,0.0,0.0,0.0,0.0,0.0,0.0,0.0,0.3922325074672699,0.09618047624826431,0.0007283286677193246,8.039698600769043,186,nan,-1.0,True,,False,0.010050058364868164,0.0,0.1258549690246582,20.0,20.0,1.0,0.0,0.0,0.0,0.0,0.0
1347,28.88074493408203,0.0,0.0,0.0,28.88074493408203,0.19839149713516235,10.477530479431152,2.3599660396575928,0.0,0.0,0.0,0.0,0.0,0.0,0.0,0.0,0.0,0.0,0.0,0.0,0.023000000044703484,0.023000000044703484,0.02,0.15,0.0,0.0,0.0,0.0,0.0,0.0,0.0,0.0,0.0,0.0,0.0,0.0,0.39197126030921936,0.0968068391084671,0.0007688697019148094,8.039698600769043,186,nan,-1.0,True,,False,0.010050058364868164,0.0,0.1258549690246582,20.0,20.0,1.0,0.0,0.0,0.0,0.0,0.0
1348,26.1792049407959,0.0,0.0,0.0,26.1792049407959,0.2232193499803543,10.490009307861328,2.3623876571655273,0.0,0.0,0.0,0.0,0.0,0.0,0.0,0.0,0.0,0.0,0.0,0.0,0.023000000044703484,0.023000000044703484,0.02,0.15,0.0,0.0,0.0,0.0,0.0,0.0,0.0,0.0,0.0,0.0,0.0,0.0,0.3916734457015991,0.09741201996803284,0.0008081518485596462,8.039698600769043,186,nan,-1.0,True,,False,0.010050058364868164,0.0,0.1258549690246582,20.0,20.0,1.0,0.0,0.0,0.0,0.0,0.0
1349,27.697174072265625,0.0,0.0,0.0,27.697174072265625,0.2092803716659546,10.503034591674805,2.3650386333465576,0.0,0.0,0.0,0.0,0.0,0.0,0.0,0.0,0.0,0.0,0.0,0.0,0.023000000044703484,0.023000000044703484,0.02,0.15,0.0,0.0,0.0,0.0,0.0,0.0,0.0,0.0,0.0,0.0,0.0,0.0,0.39137622714042664,0.09790276736021042,0.0038717165559774003,8.039698600769043,186,nan,-1.0,True,,False,0.010050058364868164,0.0,0.1258549690246582,20.0,20.0,1.0,0.0,0.0,0.0,0.0,0.0
1350,33.31161117553711,0.0,0.0,0.0,33.31161117553711,0.166649729013443,10.52121353149414,2.368022918701172,0.0,0.0,0.0,0.0,0.0,0.0,0.0,0.0,0.0,0.0,0.0,0.0,0.023000000044703484,0.023000000044703484,0.02,0.15,0.0,0.0,0.0,0.0,0.0,0.0,0.0,0.0,0.0,0.0,0.0,0.0,0.3910857141017914,0.09828587621450424,0.003926525287397453,8.039698600769043,186,nan,-1.0,True,,False,0.010050058364868164,0.0,0.1258549690246582,20.0,20.0,1.0,0.0,0.0,0.0,0.0,0.0
1351,40.674015045166016,0.0,0.0,0.0,40.674015045166016,0.12712477147579193,10.5287504196167,2.3712823390960693,0.0,0.0,0.0,0.0,0.0,0.0,0.0,0.0,0.0,0.0,0.0,0.0,0.023000000044703484,0.023000000044703484,0.02,0.15,0.0,0.0,0.0,0.0,0.0,0.0,0.0,0.0,0.0,0.0,0.0,0.0,0.3908002972602844,0.098499596118927,0.003841617474790837,8.039698600769043,186,nan,-1.0,True,,False,0.010050058364868164,0.0,0.1258549690246582,20.0,20.0,1.0,0.0,0.0,0.0,0.0,0.0
1352,51.50754165649414,0.0,0.0,0.0,51.50754165649414,0.08899441361427307,10.533132553100586,2.3748466968536377,0.0,0.0,0.0,0.0,0.0,0.0,0.0,0.0,0.0,0.0,0.0,0.0,0.023000000044703484,0.023000000044703484,0.02,0.15,0.0,0.0,0.0,0.0,0.0,0.0,0.0,0.0,0.0,0.0,0.0,0.0,0.3905199468135834,0.09863048791885376,0.0037081810974086693,8.039698600769043,186,nan,-1.0,True,,False,0.010050058364868164,0.0,0.1258549690246582,20.0,20.0,1.0,0.0,0.0,0.0,0.0,0.0
1353,71.06117248535156,0.0,0.0,0.0,71.06117248535156,0.05091574043035507,10.537557601928711,2.378746509552002,0.0,0.0,0.0,0.0,0.0,0.0,0.0,0.0,0.0,0.0,0.0,0.0,0.023000000044703484,0.023000000044703484,0.02,0.15,0.0,0.0,0.0,0.0,0.0,0.0,0.0,0.0,0.0,0.0,0.0,0.0,0.39024484157562256,0.09880244731903076,0.003337551879667444,8.039698600769043,186,nan,-1.0,True,,False,0.010050058364868164,0.0,0.1258549690246582,20.0,20.0,1.0,0.0,0.0,0.0,0.0,0.0
1354,134.8255157470703,0.0,0.0,0.0,134.8255157470703,0.012299043126404285,10.544740676879883,2.3826262950897217,0.0,0.0,0.0,0.0,0.0,0.0,0.0,0.0,0.0,0.0,0.0,0.0,0.023000000044703484,0.023000000044703484,0.02,0.15,0.0,0.0,0.0,0.0,0.0,0.0,0.0,0.0,0.0,0.0,0.0,0.0,0.3899684548377991,0.09898674488067627,0.002860638022866624,8.039698600769043,186,nan,-1.0,True,,False,0.010050058364868164,0.0,0.1258549690246582,20.0,20.0,1.0,0.0,0.0,0.0,0.0,0.0
1355,111.42189025878906,0.0,0.0,0.0,111.42189025878906,0.019678274169564247,10.552103996276855,2.3854775428771973,0.0,0.0,0.0,0.0,0.0,0.0,0.0,0.0,0.0,0.0,0.0,0.0,0.023000000044703484,0.023000000044703484,0.02,0.15,0.0,0.0,0.0,0.0,0.0,0.0,0.0,0.0,0.0,0.0,0.0,0.0,0.3896896541118622,0.09920299053192139,0.00232661948052737,8.039698600769043,186,nan,-1.0,True,,False,0.010050058364868164,0.0,0.1258549690246582,20.0,20.0,1.0,0.0,0.0,0.0,0.0,0.0
1356,73.96481323242188,0.0,0.0,0.0,73.96481323242188,0.04729331657290459,10.560038566589355,2.3885326385498047,0.0,0.0,0.0,0.0,0.0,0.0,0.0,0.0,0.0,0.0,0.0,0.0,0.023000000044703484,0.023000000044703484,0.02,0.15,0.0,0.0,0.0,0.0,0.0,0.0,0.0,0.0,0.0,0.0,0.0,0.0,0.3894047737121582,0.0993947982788086,0.0007403937504477653,8.039698600769043,186,nan,-1.0,True,,False,0.010050058364868164,0.0,0.1258549690246582,20.0,20.0,1.0,0.0,0.0,0.0,0.0,0.0
1357,56.59454345703125,0.0,0.0,0.0,56.59454345703125,0.07687177509069443,10.567864418029785,2.392167806625366,0.0,0.0,0.0,0.0,0.0,0.0,0.0,0.0,0.0,0.0,0.0,0.0,0.023000000044703484,0.023000000044703484,0.02,0.15,0.0,0.0,0.0,0.0,0.0,0.0,0.0,0.0,0.0,0.0,0.0,0.0,0.3891485929489136,0.09971576929092407,0.0007682116010983009,8.039698600769043,186,nan,-1.0,True,,False,0.010050058364868164,0.0,0.1258549690246582,20.0,20.0,1.0,0.0,0.0,0.0,0.0,0.0
1358,150.29507446289062,0.0,0.0,0.0,150.29507446289062,0.009221847169101238,10.575149536132812,2.396101236343384,0.0,0.0,0.0,0.0,0.0,0.0,0.0,0.0,0.0,0.0,0.0,0.0,0.023000000044703484,0.023000000044703484,0.02,0.15,0.0,0.0,0.0,0.0,0.0,0.0,0.0,0.0,0.0,0.0,0.0,0.0,0.3889056146144867,0.09987129271030426,0.0018040803843177855,8.039698600769043,186,nan,-1.0,True,,False,0.010050058364868164,0.0,0.1258549690246582,20.0,20.0,1.0,0.0,0.0,0.0,0.0,0.0
1359,51.53080749511719,0.0,0.0,0.0,51.53080749511719,0.0899534747004509,10.581794738769531,2.3968889713287354,0.0,0.0,0.0,0.0,0.0,0.0,0.0,0.0,0.0,0.0,0.0,0.0,0.023000000044703484,0.023000000044703484,0.02,0.15,0.0,0.0,0.0,0.0,0.0,0.0,0.0,0.0,0.0,0.0,0.0,0.0,0.3886367976665497,0.09982027858495712,0.0017958680825813644,8.039698600769043,186,nan,-1.0,True,,False,0.010050058364868164,0.0,0.1258549690246582,20.0,20.0,1.0,0.0,0.0,0.0,0.0,0.0
1360,35.26982879638672,0.0,0.0,0.0,35.26982879638672,0.1571090817451477,10.588630676269531,2.397899627685547,0.0,0.0,0.0,0.0,0.0,0.0,0.0,0.0,0.0,0.0,0.0,0.0,0.023000000044703484,0.023000000044703484,0.02,0.15,0.0,0.0,0.0,0.0,0.0,0.0,0.0,0.0,0.0,0.0,0.0,0.0,0.3883526921272278,0.09977506846189499,0.00182006803152035,8.039698600769043,186,nan,-1.0,True,,False,0.010050058364868164,0.0,0.1258549690246582,20.0,20.0,1.0,0.0,0.0,0.0,0.0,0.0
1361,31.300649642944336,0.0,0.0,0.0,31.300649642944336,0.18338964879512787,10.59404182434082,2.3992393016815186,0.0,0.0,0.0,0.0,0.0,0.0,0.0,0.0,0.0,0.0,0.0,0.0,0.023000000044703484,0.023000000044703484,0.02,0.15,0.0,0.0,0.0,0.0,0.0,0.0,0.0,0.0,0.0,0.0,0.0,0.0,0.3880790174007416,0.09977300465106964,0.0018168663809774444,8.039698600769043,186,nan,-1.0,True,,False,0.010050058364868164,0.0,0.1258549690246582,20.0,20.0,1.0,0.0,0.0,0.0,0.0,0.0
1362,27.814926147460938,0.0,0.0,0.0,27.814926147460938,0.2119995653629303,10.599044799804688,2.401003837585449,0.0,0.0,0.0,0.0,0.0,0.0,0.0,0.0,0.0,0.0,0.0,0.0,0.023000000044703484,0.023000000044703484,0.02,0.15,0.0,0.0,0.0,0.0,0.0,0.0,0.0,0.0,0.0,0.0,0.0,0.0,0.3878173828125,0.09976602345705032,0.0018206581262347754,8.039698600769043,186,nan,-1.0,True,,False,0.010050058364868164,0.0,0.1258549690246582,20.0,20.0,1.0,0.0,0.0,0.0,0.0,0.0
1363,24.799589157104492,0.0,0.0,0.0,24.799589157104492,0.24232278764247894,10.602324485778809,2.4031825065612793,0.0,0.0,0.0,0.0,0.0,0.0,0.0,0.0,0.0,0.0,0.0,0.0,0.023000000044703484,0.023000000044703484,0.02,0.15,0.0,0.0,0.0,0.0,0.0,0.0,0.0,0.0,0.0,0.0,0.0,0.0,0.3875668942928314,0.099756620824337,0.0018329087465644989,8.039698600769043,186,nan,-1.0,True,,False,0.010050058364868164,0.0,0.1258549690246582,20.0,20.0,1.0,0.0,0.0,0.0,0.0,0.0
1364,25.913677215576172,0.0,0.0,0.0,25.913677215576172,0.23072776198387146,10.605870246887207,2.4059081077575684,0.0,0.0,0.0,0.0,0.0,0.0,0.0,0.0,0.0,0.0,0.0,0.0,0.023000000044703484,0.023000000044703484,0.02,0.15,0.0,0.0,0.0,0.0,0.0,0.0,0.0,0.0,0.0,0.0,0.0,0.0,0.38732635974884033,0.0997459664940834,0.0017940525344783964,8.039698600769043,186,nan,-1.0,True,,False,0.010050058364868164,0.0,0.1258549690246582,20.0,20.0,1.0,0.0,0.0,0.0,0.0,0.0
1365,27.12084197998047,0.0,0.0,0.0,27.12084197998047,0.21936455368995667,10.608539581298828,2.409130573272705,0.0,0.0,0.0,0.0,0.0,0.0,0.0,0.0,0.0,0.0,0.0,0.0,0.023000000044703484,0.023000000044703484,0.02,0.15,0.0,0.0,0.0,0.0,0.0,0.0,0.0,0.0,0.0,0.0,0.0,0.0,0.3870817720890045,0.09973430633544922,0.0017811040688684443,8.039698600769043,186,nan,-1.0,True,,False,0.010050058364868164,0.0,0.1258549690246582,20.0,20.0,1.0,0.0,0.0,0.0,0.0,0.0
1366,28.10439109802246,0.0,0.0,0.0,28.10439109802246,0.20986151695251465,10.248313903808594,2.4060707092285156,0.0,0.0,0.0,0.0,0.0,0.0,0.0,0.0,0.0,0.0,0.0,0.0,0.023000000044703484,0.023000000044703484,0.02,0.15,0.0,0.0,0.0,0.0,0.0,0.0,0.0,0.0,0.0,0.0,0.0,0.0,0.3868340253829956,0.09972094744443893,0.002130589770786173,8.039698600769043,186,nan,-1.0,True,,False,0.010050058364868164,0.0,0.1258549690246582,20.0,20.0,1.0,0.0,0.0,0.0,0.0,0.0
1367,28.600013732910156,0.0,0.0,0.0,28.600013732910156,0.20262408256530762,9.666858673095703,2.3803024291992188,0.0,0.0,0.0,0.0,0.0,0.0,0.0,0.0,0.0,0.0,0.0,0.0,0.023000000044703484,0.023000000044703484,0.02,0.15,0.0,0.0,0.0,0.0,0.0,0.0,0.0,0.0,0.0,0.0,0.0,0.0,0.38658538460731506,0.09970555454492569,0.0020143860965617932,8.039698600769043,186,nan,-1.0,True,,False,0.010050058364868164,0.0,0.1258549690246582,20.0,20.0,1.0,0.0,0.0,0.0,0.0,0.0
1368,28.87397003173828,0.0,0.0,0.0,28.87397003173828,0.1985422521829605,9.671268463134766,2.361335277557373,0.0,0.0,0.0,0.0,0.0,0.0,0.0,0.0,0.0,0.0,0.0,0.0,0.023000000044703484,0.023000000044703484,0.02,0.15,0.0,0.0,0.0,0.0,0.0,0.0,0.0,0.0,0.0,0.0,0.0,0.0,0.3863750100135803,0.0996878519654274,0.002003051609335671,8.039698600769043,186,nan,-1.0,True,,False,0.010050058364868164,0.0,0.1258549690246582,20.0,20.0,1.0,0.0,0.0,0.0,0.0,0.0
1369,29.034828186035156,0.0,0.0,0.0,29.034828186035156,0.1958974301815033,9.675966262817383,2.3468475341796875,0.0,0.0,0.0,0.0,0.0,0.0,0.0,0.0,0.0,0.0,0.0,0.0,0.023000000044703484,0.023000000044703484,0.02,0.15,0.0,0.0,0.0,0.0,0.0,0.0,0.0,0.0,0.0,0.0,0.0,0.0,0.3862622380256653,0.0996675118803978,0.002018113688336598,8.039698600769043,186,nan,-1.0,True,,False,0.010050058364868164,0.0,0.1258549690246582,20.0,20.0,1.0,0.0,0.0,0.0,0.0,0.0
1370,28.601093292236328,0.0,0.0,0.0,28.601093292236328,0.1984446793794632,9.680974960327148,2.3352785110473633,0.0,0.0,0.0,0.0,0.0,0.0,0.0,0.0,0.0,0.0,0.0,0.0,0.023000000044703484,0.023000000044703484,0.02,0.15,0.0,0.0,0.0,0.0,0.0,0.0,0.0,0.0,0.0,0.0,0.0,0.0,0.3862317204475403,0.09964524954557419,0.0020301659114920767,8.039698600769043,186,nan,-1.0,True,,False,0.010050058364868164,0.0,0.1258549690246582,20.0,20.0,1.0,0.0,0.0,0.0,0.0,0.0
1371,27.723682403564453,0.0,0.0,0.0,27.723682403564453,0.20510709285736084,9.686269760131836,2.32588267326355,0.0,0.0,0.0,0.0,0.0,0.0,0.0,0.0,0.0,0.0,0.0,0.0,0.023000000044703484,0.023000000044703484,0.02,0.15,0.0,0.0,0.0,0.0,0.0,0.0,0.0,0.0,0.0,0.0,0.0,0.0,0.38623571395874023,0.0996222123503685,0.0020378441729462793,8.039698600769043,186,nan,-1.0,True,,False,0.010050058364868164,0.0,0.1258549690246582,20.0,20.0,1.0,0.0,0.0,0.0,0.0,0.0
1372,26.296180725097656,0.0,0.0,0.0,26.296180725097656,0.21744462847709656,9.691853523254395,2.317941904067993,0.0,0.0,0.0,0.0,0.0,0.0,0.0,0.0,0.0,0.0,0.0,0.0,0.023000000044703484,0.023000000044703484,0.02,0.15,0.0,0.0,0.0,0.0,0.0,0.0,0.0,0.0,0.0,0.0,0.0,0.0,0.3862258493900299,0.09959831833839417,0.0020773376747911243,8.039698600769043,186,nan,-1.0,True,,False,0.010050058364868164,0.0,0.1258549690246582,20.0,20.0,1.0,0.0,0.0,0.0,0.0,0.0
1373,24.42475128173828,0.0,0.0,0.0,24.42475128173828,0.23579080402851105,9.697677612304688,2.311251640319824,0.0,0.0,0.0,0.0,0.0,0.0,0.0,0.0,0.0,0.0,0.0,0.0,0.023000000044703484,0.023000000044703484,0.02,0.15,0.0,0.0,0.0,0.0,0.0,0.0,0.0,0.0,0.0,0.0,0.0,0.0,0.38620826601982117,0.0995744913816452,0.002120418963386328,8.039698600769043,186,nan,-1.0,True,,False,0.010050058364868164,0.0,0.1258549690246582,20.0,20.0,1.0,0.0,0.0,0.0,0.0,0.0
1374,22.18583106994629,0.0,0.0,0.0,22.18583106994629,0.2612314522266388,9.70374870300293,2.3054563999176025,0.0,0.0,0.0,0.0,0.0,0.0,0.0,0.0,0.0,0.0,0.0,0.0,0.023000000044703484,0.023000000044703484,0.02,0.15,0.0,0.0,0.0,0.0,0.0,0.0,0.0,0.0,0.0,0.0,0.0,0.0,0.3861832320690155,0.0995495542883873,0.0021426638259072206,8.039698600769043,186,nan,-1.0,True,,False,0.010050058364868164,0.0,0.1258549690246582,20.0,20.0,1.0,0.0,0.0,0.0,0.0,0.0
1375,19.963394165039062,0.0,0.0,0.0,19.963394165039062,0.2909574806690216,9.710058212280273,2.3004164695739746,0.0,0.0,0.0,0.0,0.0,0.0,0.0,0.0,0.0,0.0,0.0,0.0,0.023000000044703484,0.023000000044703484,0.02,0.15,0.0,0.0,0.0,0.0,0.0,0.0,0.0,0.0,0.0,0.0,0.0,0.0,0.3861493170261383,0.09952333569526672,0.0020816084438592952,8.039698600769043,186,nan,-1.0,True,,False,0.010050058364868164,0.0,0.1258549690246582,20.0,20.0,1.0,0.0,0.0,0.0,0.0,0.0
1376,18.21477508544922,0.0,0.0,0.0,18.21477508544922,0.3181934952735901,9.716592788696289,2.296151638031006,0.0,0.0,0.0,0.0,0.0,0.0,0.0,0.0,0.0,0.0,0.0,0.0,0.023000000044703484,0.023000000044703484,0.02,0.15,0.0,0.0,0.0,0.0,0.0,0.0,0.0,0.0,0.0,0.0,0.0,0.0,0.3861733078956604,0.09949637949466705,0.0021305441978256567,8.039698600769043,186,nan,-1.0,True,,False,0.010050058364868164,0.0,0.1258549690246582,20.0,20.0,1.0,0.0,0.0,0.0,0.0,0.0
1377,21.328128814697266,0.0,0.0,0.0,21.328128814697266,0.27114224433898926,9.723432540893555,2.2928500175476074,0.0,0.0,0.0,0.0,0.0,0.0,0.0,0.0,0.0,0.0,0.0,0.0,0.023000000044703484,0.023000000044703484,0.02,0.15,0.0,0.0,0.0,0.0,0.0,0.0,0.0,0.0,0.0,0.0,0.0,0.0,0.38628721237182617,0.09929931908845901,0.00038864815883243864,8.039698600769043,186,nan,-1.0,True,,False,0.010050058364868164,0.0,0.1258549690246582,20.0,20.0,1.0,0.0,0.0,0.0,0.0,0.0
1378,25.16606903076172,0.0,0.0,0.0,25.16606903076172,0.22624248266220093,9.730328559875488,2.2901344299316406,0.0,0.0,0.0,0.0,0.0,0.0,0.0,0.0,0.0,0.0,0.0,0.0,0.023000000044703484,0.023000000044703484,0.02,0.15,0.0,0.0,0.0,0.0,0.0,0.0,0.0,0.0,0.0,0.0,0.0,0.0,0.38640668988227844,0.0989648625254631,0.00038000775248292484,8.039698600769043,186,nan,-1.0,True,,False,0.010050058364868164,0.0,0.1258549690246582,20.0,20.0,1.0,0.0,0.0,0.0,0.0,0.0
1379,29.947967529296875,0.0,0.0,0.0,29.947967529296875,0.18404698371887207,9.737241744995117,2.2877891063690186,0.0,0.0,0.0,0.0,0.0,0.0,0.0,0.0,0.0,0.0,0.0,0.0,0.023000000044703484,0.023000000044703484,0.02,0.15,0.0,0.0,0.0,0.0,0.0,0.0,0.0,0.0,0.0,0.0,0.0,0.0,0.38652798533439636,0.09869325160980225,0.00037176731530053075,8.039698600769043,186,nan,-1.0,True,,False,0.010050058364868164,0.0,0.1258549690246582,20.0,20.0,1.0,0.0,0.0,0.0,0.0,0.0
1380,35.364501953125,0.0,0.0,0.0,35.364501953125,0.14856180548667908,9.744189262390137,2.285735607147217,0.0,0.0,0.0,0.0,0.0,0.0,0.0,0.0,0.0,0.0,0.0,0.0,0.023000000044703484,0.023000000044703484,0.02,0.15,0.0,0.0,0.0,0.0,0.0,0.0,0.0,0.0,0.0,0.0,0.0,0.0,0.38665276765823364,0.09849407523870468,0.0003777413473926572,8.039698600769043,186,nan,-1.0,True,,False,0.010050058364868164,0.0,0.1258549690246582,20.0,20.0,1.0,0.0,0.0,0.0,0.0,0.0
1381,40.87802505493164,0.0,0.0,0.0,40.87802505493164,0.12146947532892227,9.751193046569824,2.2838945388793945,0.0,0.0,0.0,0.0,0.0,0.0,0.0,0.0,0.0,0.0,0.0,0.0,0.023000000044703484,0.023000000044703484,0.02,0.15,0.0,0.0,0.0,0.0,0.0,0.0,0.0,0.0,0.0,0.0,0.0,0.0,0.3867857754230499,0.09833527356386185,0.00039077903898032673,8.039698600769043,186,nan,-1.0,True,,False,0.010050058364868164,0.0,0.1258549690246582,20.0,20.0,1.0,0.0,0.0,0.0,0.0,0.0
1382,46.111183166503906,0.0,0.0,0.0,46.111183166503906,0.10155870020389557,9.75822639465332,2.2819173336029053,0.0,0.0,0.0,0.0,0.0,0.0,0.0,0.0,0.0,0.0,0.0,0.0,0.023000000044703484,0.023000000044703484,0.02,0.15,0.0,0.0,0.0,0.0,0.0,0.0,0.0,0.0,0.0,0.0,0.0,0.0,0.38689345121383667,0.09821013361215591,0.00039741063983456115,8.039698600769043,186,nan,-1.0,True,,False,0.010050058364868164,0.0,0.1258549690246582,20.0,20.0,1.0,0.0,0.0,0.0,0.0,0.0
1383,50.47883224487305,0.0,0.0,0.0,50.47883224487305,0.08815416693687439,9.765312194824219,2.2801387310028076,0.0,0.0,0.0,0.0,0.0,0.0,0.0,0.0,0.0,0.0,0.0,0.0,0.023000000044703484,0.023000000044703484,0.02,0.15,0.0,0.0,0.0,0.0,0.0,0.0,0.0,0.0,0.0,0.0,0.0,0.0,0.3870660364627838,0.09811519831418991,0.000391793232438431,8.039698600769043,186,nan,-1.0,True,,False,0.010050058364868164,0.0,0.1258549690246582,20.0,20.0,1.0,0.0,0.0,0.0,0.0,0.0
1384,53.9365119934082,0.0,0.0,0.0,53.9365119934082,0.07917420566082001,9.77247428894043,2.2785427570343018,0.0,0.0,0.0,0.0,0.0,0.0,0.0,0.0,0.0,0.0,0.0,0.0,0.023000000044703484,0.023000000044703484,0.02,0.15,0.0,0.0,0.0,0.0,0.0,0.0,0.0,0.0,0.0,0.0,0.0,0.0,0.3872445523738861,0.09804858267307281,0.000409076758842275,8.039698600769043,186,nan,-1.0,True,,False,0.010050058364868164,0.0,0.1258549690246582,20.0,20.0,1.0,0.0,0.0,0.0,0.0,0.0
1385,62.08757781982422,0.0,0.0,0.0,62.08757781982422,0.06225748360157013,9.779714584350586,2.2771332263946533,0.0,0.0,0.0,0.0,0.0,0.0,0.0,0.0,0.0,0.0,0.0,0.0,0.023000000044703484,0.023000000044703484,0.02,0.15,0.0,0.0,0.0,0.0,0.0,0.0,0.0,0.0,0.0,0.0,0.0,0.0,0.38742485642433167,0.09801743179559708,0.0014250437777718616,8.039698600769043,186,nan,-1.0,True,,False,0.010050058364868164,0.0,0.1258549690246582,20.0,20.0,1.0,0.0,0.0,0.0,0.0,0.0
1386,76.62708282470703,0.0,0.0,0.0,76.62708282470703,0.042048342525959015,9.786938667297363,2.2760322093963623,0.0,0.0,0.0,0.0,0.0,0.0,0.0,0.0,0.0,0.0,0.0,0.0,0.023000000044703484,0.023000000044703484,0.02,0.15,0.0,0.0,0.0,0.0,0.0,0.0,0.0,0.0,0.0,0.0,0.0,0.0,0.3876003324985504,0.09809444099664688,0.001451487501981319,8.039698600769043,186,nan,-1.0,True,,False,0.010050058364868164,0.0,0.1258549690246582,20.0,20.0,1.0,0.0,0.0,0.0,0.0,0.0
1387,88.6053695678711,0.0,0.0,0.0,88.6053695678711,0.03128156065940857,9.794124603271484,2.275041341781616,0.0,0.0,0.0,0.0,0.0,0.0,0.0,0.0,0.0,0.0,0.0,0.0,0.023000000044703484,0.023000000044703484,0.02,0.15,0.0,0.0,0.0,0.0,0.0,0.0,0.0,0.0,0.0,0.0,0.0,0.0,0.3877745568752289,0.09815311431884766,0.001478957909057499,8.039698600769043,186,nan,-1.0,True,,False,0.010050058364868164,0.0,0.1258549690246582,20.0,20.0,1.0,0.0,0.0,0.0,0.0,0.0
1388,97.52759552001953,0.0,0.0,0.0,97.52759552001953,0.02542196772992611,9.80125904083252,2.274120569229126,0.0,0.0,0.0,0.0,0.0,0.0,0.0,0.0,0.0,0.0,0.0,0.0,0.023000000044703484,0.023000000044703484,0.02,0.15,0.0,0.0,0.0,0.0,0.0,0.0,0.0,0.0,0.0,0.0,0.0,0.0,0.38796016573905945,0.09817594289779663,0.001517995968242758,8.039698600769043,186,nan,-1.0,True,,False,0.010050058364868164,0.0,0.1258549690246582,20.0,20.0,1.0,0.0,0.0,0.0,0.0,0.0
1389,91.64019012451172,0.0,0.0,0.0,91.64019012451172,0.029113786295056343,9.808347702026367,2.273259162902832,0.0,0.0,0.0,0.0,0.0,0.0,0.0,0.0,0.0,0.0,0.0,0.0,0.023000000044703484,0.023000000044703484,0.02,0.15,0.0,0.0,0.0,0.0,0.0,0.0,0.0,0.0,0.0,0.0,0.0,0.0,0.3881520628929138,0.09821951389312744,0.0016053754309268697,8.039698600769043,186,nan,-1.0,True,,False,0.010050058364868164,0.0,0.1258549690246582,20.0,20.0,1.0,0.0,0.0,0.0,0.0,0.0
1390,78.6272201538086,0.0,0.0,0.0,78.6272201538086,0.03994326293468475,9.815387725830078,2.2724382877349854,0.0,0.0,0.0,0.0,0.0,0.0,0.0,0.0,0.0,0.0,0.0,0.0,0.023000000044703484,0.023000000044703484,0.02,0.15,0.0,0.0,0.0,0.0,0.0,0.0,0.0,0.0,0.0,0.0,0.0,0.0,0.3883412182331085,0.09829825162887573,0.0010294140199675894,8.039698600769043,186,nan,-1.0,True,,False,0.010050058364868164,0.0,0.1258549690246582,20.0,20.0,1.0,0.0,0.0,0.0,0.0,0.0
1391,79.84294128417969,0.0,0.0,0.0,79.84294128417969,0.03869001567363739,9.822616577148438,2.2718753814697266,0.0,0.0,0.0,0.0,0.0,0.0,0.0,0.0,0.0,0.0,0.0,0.0,0.023000000044703484,0.023000000044703484,0.02,0.15,0.0,0.0,0.0,0.0,0.0,0.0,0.0,0.0,0.0,0.0,0.0,0.0,0.388473778963089,0.09837841987609863,0.0011802767917288293,8.039698600769043,186,nan,-1.0,True,,False,0.010050058364868164,0.0,0.1258549690246582,20.0,20.0,1.0,0.0,0.0,0.0,0.0,0.0
1392,76.16609954833984,0.0,0.0,0.0,76.16609954833984,0.04242560267448425,9.830078125,2.271361827850342,0.0,0.0,0.0,0.0,0.0,0.0,0.0,0.0,0.0,0.0,0.0,0.0,0.023000000044703484,0.023000000044703484,0.02,0.15,0.0,0.0,0.0,0.0,0.0,0.0,0.0,0.0,0.0,0.0,0.0,0.0,0.3885921239852905,0.09845393896102905,0.0013777597962416621,8.039698600769043,186,nan,-1.0,True,,False,0.010050058364868164,0.0,0.1258549690246582,20.0,20.0,1.0,0.0,0.0,0.0,0.0,0.0
1393,68.60847473144531,0.0,0.0,0.0,68.60847473144531,0.051732905209064484,9.837828636169434,2.2709124088287354,0.0,0.0,0.0,0.0,0.0,0.0,0.0,0.0,0.0,0.0,0.0,0.0,0.023000000044703484,0.023000000044703484,0.02,0.15,0.0,0.0,0.0,0.0,0.0,0.0,0.0,0.0,0.0,0.0,0.0,0.0,0.3887024223804474,0.09853094816207886,0.0016017549287425936,8.039698600769043,186,nan,-1.0,True,,False,0.010050058364868164,0.0,0.1258549690246582,20.0,20.0,1.0,0.0,0.0,0.0,0.0,0.0
1394,59.98527908325195,0.0,0.0,0.0,59.98527908325195,0.06582143902778625,9.84592056274414,2.270646095275879,0.0,0.0,0.0,0.0,0.0,0.0,0.0,0.0,0.0,0.0,0.0,0.0,0.023000000044703484,0.023000000044703484,0.02,0.15,0.0,0.0,0.0,0.0,0.0,0.0,0.0,0.0,0.0,0.0,0.0,0.0,0.3887889087200165,0.0986018180847168,0.0018758331545996043,8.039698600769043,186,nan,-1.0,True,,False,0.010050058364868164,0.0,0.1258549690246582,20.0,20.0,1.0,0.0,0.0,0.0,0.0,0.0
1395,51.20188522338867,0.0,0.0,0.0,51.20188522338867,0.08574066311120987,9.854414939880371,2.2705750465393066,0.0,0.0,0.0,0.0,0.0,0.0,0.0,0.0,0.0,0.0,0.0,0.0,0.023000000044703484,0.023000000044703484,0.02,0.15,0.0,0.0,0.0,0.0,0.0,0.0,0.0,0.0,0.0,0.0,0.0,0.0,0.3888491094112396,0.09845209866762161,0.002152697457859176,8.039698600769043,186,nan,-1.0,True,,False,0.010050058364868164,0.0,0.1258549690246582,20.0,20.0,1.0,0.0,0.0,0.0,0.0,0.0
1396,43.116798400878906,0.0,0.0,0.0,43.116798400878906,0.1117352843284607,9.86337947845459,2.2706797122955322,0.0,0.0,0.0,0.0,0.0,0.0,0.0,0.0,0.0,0.0,0.0,0.0,0.023000000044703484,0.023000000044703484,0.02,0.15,0.0,0.0,0.0,0.0,0.0,0.0,0.0,0.0,0.0,0.0,0.0,0.0,0.3888815641403198,0.09797336906194687,0.002377182033342251,8.039698600769043,186,nan,-1.0,True,,False,0.010050058364868164,0.0,0.1258549690246582,20.0,20.0,1.0,0.0,0.0,0.0,0.0,0.0
1397,36.9317626953125,0.0,0.0,0.0,36.9317626953125,0.13924795389175415,9.872873306274414,2.27091121673584,0.0,0.0,0.0,0.0,0.0,0.0,0.0,0.0,0.0,0.0,0.0,0.0,0.023000000044703484,0.023000000044703484,0.02,0.15,0.0,0.0,0.0,0.0,0.0,0.0,0.0,0.0,0.0,0.0,0.0,0.0,0.38897767663002014,0.09760373830795288,0.002672139440846877,8.039698600769043,186,nan,-1.0,True,,False,0.010050058364868164,0.0,0.1258549690246582,20.0,20.0,1.0,0.0,0.0,0.0,0.0,0.0
1398,36.40627670288086,0.0,0.0,0.0,36.40627670288086,0.14193062484264374,9.8825044631958,2.2712392807006836,0.0,0.0,0.0,0.0,0.0,0.0,0.0,0.0,0.0,0.0,0.0,0.0,0.023000000044703484,0.023000000044703484,0.02,0.15,0.0,0.0,0.0,0.0,0.0,0.0,0.0,0.0,0.0,0.0,0.0,0.0,0.3890829086303711,0.09729360789060593,0.002727025723288534,8.039698600769043,186,nan,-1.0,True,,False,0.010050058364868164,0.0,0.1258549690246582,20.0,20.0,1.0,0.0,0.0,0.0,0.0,0.0
1399,35.4129524230957,0.0,0.0,0.0,35.4129524230957,0.1472758799791336,9.89223575592041,2.2715978622436523,0.0,0.0,0.0,0.0,0.0,0.0,0.0,0.0,0.0,0.0,0.0,0.0,0.023000000044703484,0.023000000044703484,0.02,0.15,0.0,0.0,0.0,0.0,0.0,0.0,0.0,0.0,0.0,0.0,0.0,0.0,0.3890518844127655,0.09703683853149414,0.002837049737081543,8.039698600769043,186,nan,-1.0,True,,False,0.010050058364868164,0.0,0.1258549690246582,20.0,20.0,1.0,0.0,0.0,0.0,0.0,0.0
1400,34.114051818847656,0.0,0.0,0.0,34.114051818847656,0.1547326296567917,9.902046203613281,2.272061347961426,0.0,0.0,0.0,0.0,0.0,0.0,0.0,0.0,0.0,0.0,0.0,0.0,0.023000000044703484,0.023000000044703484,0.02,0.15,0.0,0.0,0.0,0.0,0.0,0.0,0.0,0.0,0.0,0.0,0.0,0.0,0.38900622725486755,0.0968293622136116,0.0030215693182071846,8.039698600769043,186,nan,-1.0,True,,False,0.010050058364868164,0.0,0.1258549690246582,20.0,20.0,1.0,0.0,0.0,0.0,0.0,0.0
1401,32.60313415527344,0.0,0.0,0.0,32.60313415527344,0.16410602629184723,9.911882400512695,2.272582530975342,0.0,0.0,0.0,0.0,0.0,0.0,0.0,0.0,0.0,0.0,0.0,0.0,0.023000000044703484,0.023000000044703484,0.02,0.15,0.0,0.0,0.0,0.0,0.0,0.0,0.0,0.0,0.0,0.0,0.0,0.0,0.3889523446559906,0.09665434807538986,0.0032657798828950035,8.039698600769043,186,nan,-1.0,True,,False,0.010050058364868164,0.0,0.1258549690246582,20.0,20.0,1.0,0.0,0.0,0.0,0.0,0.0
1402,30.931224822998047,0.0,0.0,0.0,30.931224822998047,0.17545658349990845,9.921688079833984,2.273221492767334,0.0,0.0,0.0,0.0,0.0,0.0,0.0,0.0,0.0,0.0,0.0,0.0,0.023000000044703484,0.023000000044703484,0.02,0.15,0.0,0.0,0.0,0.0,0.0,0.0,0.0,0.0,0.0,0.0,0.0,0.0,0.3888932168483734,0.09651381522417068,0.0035937016195930482,8.039698600769043,186,nan,-1.0,True,,False,0.010050058364868164,0.0,0.1258549690246582,20.0,20.0,1.0,0.0,0.0,0.0,0.0,0.0
1403,29.40740966796875,0.0,0.0,0.0,29.40740966796875,0.1868188977241516,9.931438446044922,2.2739927768707275,0.0,0.0,0.0,0.0,0.0,0.0,0.0,0.0,0.0,0.0,0.0,0.0,0.023000000044703484,0.023000000044703484,0.02,0.15,0.0,0.0,0.0,0.0,0.0,0.0,0.0,0.0,0.0,0.0,0.0,0.0,0.38883262872695923,0.09641341865062714,0.003957281149723713,8.039698600769043,186,nan,-1.0,True,,False,0.010050058364868164,0.0,0.1258549690246582,20.0,20.0,1.0,0.0,0.0,0.0,0.0,0.0
1404,27.93430519104004,0.0,0.0,0.0,27.93430519104004,0.1988474279642105,9.941097259521484,2.274819850921631,0.0,0.0,0.0,0.0,0.0,0.0,0.0,0.0,0.0,0.0,0.0,0.0,0.023000000044703484,0.023000000044703484,0.02,0.15,0.0,0.0,0.0,0.0,0.0,0.0,0.0,0.0,0.0,0.0,0.0,0.0,0.38877353072166443,0.09633695334196091,0.004294947097150725,8.039698600769043,186,nan,-1.0,True,,False,0.010050058364868164,0.0,0.1258549690246582,20.0,20.0,1.0,0.0,0.0,0.0,0.0,0.0
1405,26.499814987182617,0.0,0.0,0.0,26.499814987182617,0.21169255673885345,9.950691223144531,2.275766611099243,0.0,0.0,0.0,0.0,0.0,0.0,0.0,0.0,0.0,0.0,0.0,0.0,0.023000000044703484,0.023000000044703484,0.02,0.15,0.0,0.0,0.0,0.0,0.0,0.0,0.0,0.0,0.0,0.0,0.0,0.0,0.3887180984020233,0.09628257900476456,0.0045512507970215665,8.039698600769043,186,nan,-1.0,True,,False,0.010050058364868164,0.0,0.1258549690246582,20.0,20.0,1.0,0.0,0.0,0.0,0.0,0.0
1406,25.109485626220703,0.0,0.0,0.0,25.109485626220703,0.22536322474479675,9.960186004638672,2.27681303024292,0.0,0.0,0.0,0.0,0.0,0.0,0.0,0.0,0.0,0.0,0.0,0.0,0.023000000044703484,0.023000000044703484,0.02,0.15,0.0,0.0,0.0,0.0,0.0,0.0,0.0,0.0,0.0,0.0,0.0,0.0,0.38866719603538513,0.09624850004911423,0.0046627451306449075,8.039698600769043,186,nan,-1.0,True,,False,0.010050058364868164,0.0,0.1258549690246582,20.0,20.0,1.0,0.0,0.0,0.0,0.0,0.0
1407,23.716060638427734,0.0,0.0,0.0,23.716060638427734,0.24045532941818237,9.969592094421387,2.2779603004455566,0.0,0.0,0.0,0.0,0.0,0.0,0.0,0.0,0.0,0.0,0.0,0.0,0.023000000044703484,0.023000000044703484,0.02,0.15,0.0,0.0,0.0,0.0,0.0,0.0,0.0,0.0,0.0,0.0,0.0,0.0,0.3886229991912842,0.09622179716825485,0.004685909299496416,8.039698600769043,186,nan,-1.0,True,,False,0.010050058364868164,0.0,0.1258549690246582,20.0,20.0,1.0,0.0,0.0,0.0,0.0,0.0
1408,22.29720115661621,0.0,0.0,0.0,22.29720115661621,0.25750333070755005,9.978867530822754,2.2792253494262695,0.0,0.0,0.0,0.0,0.0,0.0,0.0,0.0,0.0,0.0,0.0,0.0,0.023000000044703484,0.023000000044703484,0.02,0.15,0.0,0.0,0.0,0.0,0.0,0.0,0.0,0.0,0.0,0.0,0.0,0.0,0.38858762383461,0.09620217233896255,0.004649595541877716,8.039698600769043,186,nan,-1.0,True,,False,0.010050058364868164,0.0,0.1258549690246582,20.0,20.0,1.0,0.0,0.0,0.0,0.0,0.0
1409,25.169376373291016,0.0,0.0,0.0,25.169376373291016,0.22576849162578583,9.988038063049316,2.2805819511413574,0.0,0.0,0.0,0.0,0.0,0.0,0.0,0.0,0.0,0.0,0.0,0.0,0.023000000044703484,0.023000000044703484,0.02,0.15,0.0,0.0,0.0,0.0,0.0,0.0,0.0,0.0,0.0,0.0,0.0,0.0,0.38856297731399536,0.09616006165742874,0.0006386594986906857,8.039698600769043,186,nan,-1.0,True,,False,0.010050058364868164,0.0,0.1258549690246582,20.0,20.0,1.0,0.0,0.0,0.0,0.0,0.0
1410,50.74732971191406,0.0,0.0,0.0,50.74732971191406,0.08749225735664368,9.99688720703125,2.2820136547088623,0.0,0.0,0.0,0.0,0.0,0.0,0.0,0.0,0.0,0.0,0.0,0.0,0.023000000044703484,0.023000000044703484,0.02,0.15,0.0,0.0,0.0,0.0,0.0,0.0,0.0,0.0,0.0,0.0,0.0,0.0,0.3885388970375061,0.0960833802819252,0.000652700790169547,8.039698600769043,186,nan,-1.0,True,,False,0.010050058364868164,0.0,0.1258549690246582,20.0,20.0,1.0,0.0,0.0,0.0,0.0,0.0
1411,54.70756149291992,0.0,0.0,0.0,54.70756149291992,0.07743370532989502,10.0054292678833,2.282247543334961,0.0,0.0,0.0,0.0,0.0,0.0,0.0,0.0,0.0,0.0,0.0,0.0,0.023000000044703484,0.023000000044703484,0.02,0.15,0.0,0.0,0.0,0.0,0.0,0.0,0.0,0.0,0.0,0.0,0.0,0.0,0.38851410150527954,0.09601046144962311,0.0006932698358923517,8.039698600769043,186,nan,-1.0,True,,False,0.010050058364868164,0.0,0.1258549690246582,20.0,20.0,1.0,0.0,0.0,0.0,0.0,0.0
1412,31.516162872314453,0.0,0.0,0.0,31.516162872314453,0.17226530611515045,10.014158248901367,2.2799432277679443,0.0,0.0,0.0,0.0,0.0,0.0,0.0,0.0,0.0,0.0,0.0,0.0,0.023000000044703484,0.023000000044703484,0.02,0.15,0.0,0.0,0.0,0.0,0.0,0.0,0.0,0.0,0.0,0.0,0.0,0.0,0.3884962201118469,0.09594418853521347,0.004280184166418621,8.039698600769043,186,nan,-1.0,True,,False,0.010050058364868164,0.0,0.1258549690246582,20.0,20.0,1.0,0.0,0.0,0.0,0.0,0.0
1413,37.83034133911133,0.0,0.0,0.0,37.83034133911133,0.13502620160579681,10.022741317749023,2.2781670093536377,0.0,0.0,0.0,0.0,0.0,0.0,0.0,0.0,0.0,0.0,0.0,0.0,0.023000000044703484,0.023000000044703484,0.02,0.15,0.0,0.0,0.0,0.0,0.0,0.0,0.0,0.0,0.0,0.0,0.0,0.0,0.38848477602005005,0.09588323533535004,0.00430232541202713,8.039698600769043,186,nan,-1.0,True,,False,0.010050058364868164,0.0,0.1258549690246582,20.0,20.0,1.0,0.0,0.0,0.0,0.0,0.0
1414,46.87731170654297,0.0,0.0,0.0,46.87731170654297,0.09865427017211914,10.031119346618652,2.2768731117248535,0.0,0.0,0.0,0.0,0.0,0.0,0.0,0.0,0.0,0.0,0.0,0.0,0.023000000044703484,0.023000000044703484,0.02,0.15,0.0,0.0,0.0,0.0,0.0,0.0,0.0,0.0,0.0,0.0,0.0,0.0,0.3884703814983368,0.09582831710577011,0.0043255856469386345,8.039698600769043,186,nan,-1.0,True,,False,0.010050058364868164,0.0,0.1258549690246582,20.0,20.0,1.0,0.0,0.0,0.0,0.0,0.0
1415,61.36332702636719,0.0,0.0,0.0,61.36332702636719,0.0633259117603302,10.039311408996582,2.2760143280029297,0.0,0.0,0.0,0.0,0.0,0.0,0.0,0.0,0.0,0.0,0.0,0.0,0.023000000044703484,0.023000000044703484,0.02,0.15,0.0,0.0,0.0,0.0,0.0,0.0,0.0,0.0,0.0,0.0,0.0,0.0,0.38845279812812805,0.09577867388725281,0.004362540757483657,8.039698600769043,186,nan,-1.0,True,,False,0.010050058364868164,0.0,0.1258549690246582,20.0,20.0,1.0,0.0,0.0,0.0,0.0,0.0
1416,91.83473205566406,0.0,0.0,0.0,91.83473205566406,0.02890855446457863,10.047309875488281,2.275516986846924,0.0,0.0,0.0,0.0,0.0,0.0,0.0,0.0,0.0,0.0,0.0,0.0,0.023000000044703484,0.023000000044703484,0.02,0.15,0.0,0.0,0.0,0.0,0.0,0.0,0.0,0.0,0.0,0.0,0.0,0.0,0.38843879103660583,0.09573231637477875,0.004406195621186271,8.039698600769043,186,nan,-1.0,True,,False,0.010050058364868164,0.0,0.1258549690246582,20.0,20.0,1.0,0.0,0.0,0.0,0.0,0.0
1417,189.1232452392578,0.0,0.0,0.0,189.1232452392578,0.004476523958146572,10.055130004882812,2.2752645015716553,0.0,0.0,0.0,0.0,0.0,0.0,0.0,0.0,0.0,0.0,0.0,0.0,0.023000000044703484,0.023000000044703484,0.02,0.15,0.0,0.0,0.0,0.0,0.0,0.0,0.0,0.0,0.0,0.0,0.0,0.0,0.3884284496307373,0.09568986296653748,0.004475872111015633,8.039698600769043,186,nan,-1.0,True,,False,0.010050058364868164,0.0,0.1258549690246582,20.0,20.0,1.0,0.0,0.0,0.0,0.0,0.0
1418,78.6128921508789,0.0,0.0,0.0,78.6128921508789,0.03987525403499603,10.06303596496582,2.274851083755493,0.0,0.0,0.0,0.0,0.0,0.0,0.0,0.0,0.0,0.0,0.0,0.0,0.023000000044703484,0.023000000044703484,0.02,0.15,0.0,0.0,0.0,0.0,0.0,0.0,0.0,0.0,0.0,0.0,0.0,0.0,0.3884182870388031,0.09565053135156631,0.004505971226080874,8.039698600769043,186,nan,-1.0,True,,False,0.010050058364868164,0.0,0.1258549690246582,20.0,20.0,1.0,0.0,0.0,0.0,0.0,0.0
1419,60.480350494384766,0.0,0.0,0.0,60.480350494384766,0.06504368782043457,10.071065902709961,2.274630308151245,0.0,0.0,0.0,0.0,0.0,0.0,0.0,0.0,0.0,0.0,0.0,0.0,0.023000000044703484,0.023000000044703484,0.02,0.15,0.0,0.0,0.0,0.0,0.0,0.0,0.0,0.0,0.0,0.0,0.0,0.0,0.3884081542491913,0.09561501443386078,0.0018159533328798716,8.039698600769043,186,nan,-1.0,True,,False,0.010050058364868164,0.0,0.1258549690246582,20.0,20.0,1.0,0.0,0.0,0.0,0.0,0.0
1420,107.17912292480469,0.0,0.0,0.0,107.17912292480469,0.020485006272792816,10.079092979431152,2.274697780609131,0.0,0.0,0.0,0.0,0.0,0.0,0.0,0.0,0.0,0.0,0.0,0.0,0.023000000044703484,0.023000000044703484,0.02,0.15,0.0,0.0,0.0,0.0,0.0,0.0,0.0,0.0,0.0,0.0,0.0,0.0,0.3883887827396393,0.09561088681221008,0.001827569471743118,8.039698600769043,186,nan,-1.0,True,,False,0.010050058364868164,0.0,0.1258549690246582,20.0,20.0,1.0,0.0,0.0,0.0,0.0,0.0
1421,114.90129089355469,0.0,0.0,0.0,114.90129089355469,0.01738261990249157,10.087116241455078,2.275391101837158,0.0,0.0,0.0,0.0,0.0,0.0,0.0,0.0,0.0,0.0,0.0,0.0,0.023000000044703484,0.023000000044703484,0.02,0.15,0.0,0.0,0.0,0.0,0.0,0.0,0.0,0.0,0.0,0.0,0.0,0.0,0.38839662075042725,0.09563782811164856,0.001800613439627341,8.039698600769043,186,nan,-1.0,True,,False,0.010050058364868164,0.0,0.1258549690246582,20.0,20.0,1.0,0.0,0.0,0.0,0.0,0.0
1422,70.02084350585938,0.0,0.0,0.0,70.02084350585938,0.04981887340545654,10.095094680786133,2.2758822441101074,0.0,0.0,0.0,0.0,0.0,0.0,0.0,0.0,0.0,0.0,0.0,0.0,0.023000000044703484,0.023000000044703484,0.02,0.15,0.0,0.0,0.0,0.0,0.0,0.0,0.0,0.0,0.0,0.0,0.0,0.0,0.38841962814331055,0.09564259648323059,0.001781882816885627,8.039698600769043,186,nan,-1.0,True,,False,0.010050058364868164,0.0,0.1258549690246582,20.0,20.0,1.0,0.0,0.0,0.0,0.0,0.0
1423,51.92527389526367,0.0,0.0,0.0,51.92527389526367,0.08389312028884888,10.103042602539062,2.276526689529419,0.0,0.0,0.0,0.0,0.0,0.0,0.0,0.0,0.0,0.0,0.0,0.0,0.023000000044703484,0.023000000044703484,0.02,0.15,0.0,0.0,0.0,0.0,0.0,0.0,0.0,0.0,0.0,0.0,0.0,0.0,0.3884574770927429,0.09562628716230392,0.0018597982937080815,8.039698600769043,186,nan,-1.0,True,,False,0.010050058364868164,0.0,0.1258549690246582,20.0,20.0,1.0,0.0,0.0,0.0,0.0,0.0
1424,41.51015853881836,0.0,0.0,0.0,41.51015853881836,0.11821407079696655,10.110937118530273,2.2773451805114746,0.0,0.0,0.0,0.0,0.0,0.0,0.0,0.0,0.0,0.0,0.0,0.0,0.023000000044703484,0.023000000044703484,0.02,0.15,0.0,0.0,0.0,0.0,0.0,0.0,0.0,0.0,0.0,0.0,0.0,0.0,0.3885103464126587,0.09559495747089386,0.001848220080773899,8.039698600769043,186,nan,-1.0,True,,False,0.010050058364868164,0.0,0.1258549690246582,20.0,20.0,1.0,0.0,0.0,0.0,0.0,0.0
1425,34.473167419433594,0.0,0.0,0.0,34.473167419433594,0.15293650329113007,10.118794441223145,2.278331756591797,0.0,0.0,0.0,0.0,0.0,0.0,0.0,0.0,0.0,0.0,0.0,0.0,0.023000000044703484,0.023000000044703484,0.02,0.15,0.0,0.0,0.0,0.0,0.0,0.0,0.0,0.0,0.0,0.0,0.0,0.0,0.3885781764984131,0.09555919468402863,0.0018887424284912413,8.039698600769043,186,nan,-1.0,True,,False,0.010050058364868164,0.0,0.1258549690246582,20.0,20.0,1.0,0.0,0.0,0.0,0.0,0.0
1426,30.627273559570312,0.0,0.0,0.0,30.627273559570312,0.17814835906028748,10.126611709594727,2.279479742050171,0.0,0.0,0.0,0.0,0.0,0.0,0.0,0.0,0.0,0.0,0.0,0.0,0.023000000044703484,0.023000000044703484,0.02,0.15,0.0,0.0,0.0,0.0,0.0,0.0,0.0,0.0,0.0,0.0,0.0,0.0,0.38866063952445984,0.09553095698356628,0.0018825162555913266,8.039698600769043,186,nan,-1.0,True,,False,0.010050058364868164,0.0,0.1258549690246582,20.0,20.0,1.0,0.0,0.0,0.0,0.0,0.0
1427,38.61433410644531,0.0,0.0,0.0,38.61433410644531,0.13118183612823486,10.134566307067871,2.2808444499969482,0.0,0.0,0.0,0.0,0.0,0.0,0.0,0.0,0.0,0.0,0.0,0.0,0.023000000044703484,0.023000000044703484,0.02,0.15,0.0,0.0,0.0,0.0,0.0,0.0,0.0,0.0,0.0,0.0,0.0,0.0,0.38874322175979614,0.09553462266921997,0.0018508831071812892,8.039698600769043,186,nan,-1.0,True,,False,0.010050058364868164,0.0,0.1258549690246582,20.0,20.0,1.0,0.0,0.0,0.0,0.0,0.0
1428,49.348175048828125,0.0,0.0,0.0,49.348175048828125,0.09116271138191223,10.142669677734375,2.2824087142944336,0.0,0.0,0.0,0.0,0.0,0.0,0.0,0.0,0.0,0.0,0.0,0.0,0.023000000044703484,0.023000000044703484,0.02,0.15,0.0,0.0,0.0,0.0,0.0,0.0,0.0,0.0,0.0,0.0,0.0,0.0,0.3888256549835205,0.09557655453681946,0.0018292103527528525,8.039698600769043,186,nan,-1.0,True,,False,0.010050058364868164,0.0,0.1258549690246582,20.0,20.0,1.0,0.0,0.0,0.0,0.0,0.0
1429,63.559654235839844,0.0,0.0,0.0,63.559654235839844,0.05962933599948883,10.150928497314453,2.2841923236846924,0.0,0.0,0.0,0.0,0.0,0.0,0.0,0.0,0.0,0.0,0.0,0.0,0.023000000044703484,0.023000000044703484,0.02,0.15,0.0,0.0,0.0,0.0,0.0,0.0,0.0,0.0,0.0,0.0,0.0,0.0,0.38890737295150757,0.09563080966472626,0.001795940445163069,8.039698600769043,186,nan,-1.0,True,,False,0.010050058364868164,0.0,0.1258549690246582,20.0,20.0,1.0,0.0,0.0,0.0,0.0,0.0
1430,78.59461212158203,0.0,0.0,0.0,78.59461212158203,0.03999628126621246,10.159379959106445,2.2861664295196533,0.0,0.0,0.0,0.0,0.0,0.0,0.0,0.0,0.0,0.0,0.0,0.0,0.023000000044703484,0.023000000044703484,0.02,0.15,0.0,0.0,0.0,0.0,0.0,0.0,0.0,0.0,0.0,0.0,0.0,0.0,0.38898950815200806,0.0957278460264206,0.001733784548150652,8.039698600769043,186,nan,-1.0,True,,False,0.010050058364868164,0.0,0.1258549690246582,20.0,20.0,1.0,0.0,0.0,0.0,0.0,0.0
1431,86.82145690917969,0.0,0.0,0.0,86.82145690917969,0.03269125521183014,10.168034553527832,2.2883617877960205,0.0,0.0,0.0,0.0,0.0,0.0,0.0,0.0,0.0,0.0,0.0,0.0,0.023000000044703484,0.023000000044703484,0.02,0.15,0.0,0.0,0.0,0.0,0.0,0.0,0.0,0.0,0.0,0.0,0.0,0.0,0.3890596926212311,0.095876544713974,0.001682994579368824,8.039698600769043,186,nan,-1.0,True,,False,0.010050058364868164,0.0,0.1258549690246582,20.0,20.0,1.0,0.0,0.0,0.0,0.0,0.0
1432,79.92670440673828,0.0,0.0,0.0,79.92670440673828,0.03876170516014099,10.176921844482422,2.290848970413208,0.0,0.0,0.0,0.0,0.0,0.0,0.0,0.0,0.0,0.0,0.0,0.0,0.023000000044703484,0.023000000044703484,0.02,0.15,0.0,0.0,0.0,0.0,0.0,0.0,0.0,0.0,0.0,0.0,0.0,0.0,0.38908442854881287,0.09608137607574463,0.0016637183516650111,8.039698600769043,186,nan,-1.0,True,,False,0.010050058364868164,0.0,0.1258549690246582,20.0,20.0,1.0,0.0,0.0,0.0,0.0,0.0
1433,64.7137680053711,0.0,0.0,0.0,64.7137680053711,0.05798816308379173,10.187554359436035,2.2935850620269775,0.0,0.0,0.0,0.0,0.0,0.0,0.0,0.0,0.0,0.0,0.0,0.0,0.023000000044703484,0.023000000044703484,0.02,0.15,0.0,0.0,0.0,0.0,0.0,0.0,0.0,0.0,0.0,0.0,0.0,0.0,0.38911178708076477,0.09634430706501007,0.001591138392313951,8.039698600769043,186,nan,-1.0,True,,False,0.010050058364868164,0.0,0.1258549690246582,20.0,20.0,1.0,0.0,0.0,0.0,0.0,0.0
1434,50.712928771972656,0.0,0.0,0.0,50.712928771972656,0.08789944648742676,10.221614837646484,2.296558141708374,0.0,0.0,0.0,0.0,0.0,0.0,0.0,0.0,0.0,0.0,0.0,0.0,0.023000000044703484,0.023000000044703484,0.02,0.15,0.0,0.0,0.0,0.0,0.0,0.0,0.0,0.0,0.0,0.0,0.0,0.0,0.38914480805397034,0.09666313976049423,0.0015987188246526784,8.039698600769043,186,nan,-1.0,True,,False,0.010050058364868164,0.0,0.1258549690246582,20.0,20.0,1.0,0.0,0.0,0.0,0.0,0.0
1435,40.624935150146484,0.0,0.0,0.0,40.624935150146484,0.12328986823558807,10.25694465637207,2.299837350845337,0.0,0.0,0.0,0.0,0.0,0.0,0.0,0.0,0.0,0.0,0.0,0.0,0.023000000044703484,0.023000000044703484,0.02,0.15,0.0,0.0,0.0,0.0,0.0,0.0,0.0,0.0,0.0,0.0,0.0,0.0,0.3891875445842743,0.09703269600868225,0.0016306934626300063,8.039698600769043,186,nan,-1.0,True,,False,0.010050058364868164,0.0,0.1258549690246582,20.0,20.0,1.0,0.0,0.0,0.0,0.0,0.0
1436,35.971221923828125,0.0,0.0,0.0,35.971221923828125,0.14654503762722015,10.293523788452148,2.3034250736236572,0.0,0.0,0.0,0.0,0.0,0.0,0.0,0.0,0.0,0.0,0.0,0.0,0.023000000044703484,0.023000000044703484,0.02,0.15,0.0,0.0,0.0,0.0,0.0,0.0,0.0,0.0,0.0,0.0,0.0,0.0,0.3892424702644348,0.09744410216808319,0.001853989919027299,8.039698600769043,186,nan,-1.0,True,,False,0.010050058364868164,0.0,0.1258549690246582,20.0,20.0,1.0,0.0,0.0,0.0,0.0,0.0
1437,55.612098693847656,0.0,0.0,0.0,55.612098693847656,0.07628828287124634,10.330087661743164,2.307295799255371,0.0,0.0,0.0,0.0,0.0,0.0,0.0,0.0,0.0,0.0,0.0,0.0,0.023000000044703484,0.023000000044703484,0.02,0.15,0.0,0.0,0.0,0.0,0.0,0.0,0.0,0.0,0.0,0.0,0.0,0.0,0.3893059194087982,0.09788621217012405,0.0018804236469804891,8.039698600769043,186,nan,-1.0,True,,False,0.010050058364868164,0.0,0.1258549690246582,20.0,20.0,1.0,0.0,0.0,0.0,0.0,0.0
1438,198.9344940185547,0.0,0.0,0.0,198.9344940185547,0.003900934709236026,10.36624813079834,2.3111040592193604,0.0,0.0,0.0,0.0,0.0,0.0,0.0,0.0,0.0,0.0,0.0,0.0,0.023000000044703484,0.023000000044703484,0.02,0.15,0.0,0.0,0.0,0.0,0.0,0.0,0.0,0.0,0.0,0.0,0.0,0.0,0.3893759846687317,0.09834631532430649,0.001890188603056231,8.039698600769043,186,nan,-1.0,True,,False,0.010050058364868164,0.0,0.1258549690246582,20.0,20.0,1.0,0.0,0.0,0.0,0.0,0.0
1439,48.362247467041016,0.0,0.0,0.0,48.362247467041016,0.09576429426670074,10.401703834533691,2.312342643737793,0.0,0.0,0.0,0.0,0.0,0.0,0.0,0.0,0.0,0.0,0.0,0.0,0.023000000044703484,0.023000000044703484,0.02,0.15,0.0,0.0,0.0,0.0,0.0,0.0,0.0,0.0,0.0,0.0,0.0,0.0,0.3894420862197876,0.09873747080564499,0.0019071361693931976,8.039698600769043,186,nan,-1.0,True,,False,0.010050058364868164,0.0,0.1258549690246582,20.0,20.0,1.0,0.0,0.0,0.0,0.0,0.0
1440,29.23360824584961,0.0,0.0,0.0,29.23360824584961,0.19216114282608032,10.437262535095215,2.313811779022217,0.0,0.0,0.0,0.0,0.0,0.0,0.0,0.0,0.0,0.0,0.0,0.0,0.023000000044703484,0.023000000044703484,0.02,0.15,0.0,0.0,0.0,0.0,0.0,0.0,0.0,0.0,0.0,0.0,0.0,0.0,0.3895212411880493,0.0988631471991539,0.0019221372697302286,8.039698600769043,186,nan,-1.0,True,,False,0.010050058364868164,0.0,0.1258549690246582,20.0,20.0,1.0,0.0,0.0,0.0,0.0,0.0
1441,29.646211624145508,0.0,0.0,0.0,29.646211624145508,0.18886610865592957,10.47269058227539,2.3156702518463135,0.0,0.0,0.0,0.0,0.0,0.0,0.0,0.0,0.0,0.0,0.0,0.0,0.023000000044703484,0.023000000044703484,0.02,0.15,0.0,0.0,0.0,0.0,0.0,0.0,0.0,0.0,0.0,0.0,0.0,0.0,0.38961729407310486,0.0988975539803505,0.0016243876996213658,8.039698600769043,186,nan,-1.0,True,,False,0.010050058364868164,0.0,0.1258549690246582,20.0,20.0,1.0,0.0,0.0,0.0,0.0,0.0
1442,38.04257583618164,0.0,0.0,0.0,38.04257583618164,0.1364160180091858,10.506635665893555,2.317826986312866,0.0,0.0,0.0,0.0,0.0,0.0,0.0,0.0,0.0,0.0,0.0,0.0,0.023000000044703484,0.023000000044703484,0.02,0.15,0.0,0.0,0.0,0.0,0.0,0.0,0.0,0.0,0.0,0.0,0.0,0.0,0.38970351219177246,0.09890690445899963,0.0016194589657061442,8.039698600769043,186,nan,-1.0,True,,False,0.010050058364868164,0.0,0.1258549690246582,20.0,20.0,1.0,0.0,0.0,0.0,0.0,0.0
1443,53.82327651977539,0.0,0.0,0.0,53.82327651977539,0.08078873157501221,10.537424087524414,2.3204288482666016,0.0,0.0,0.0,0.0,0.0,0.0,0.0,0.0,0.0,0.0,0.0,0.0,0.023000000044703484,0.023000000044703484,0.02,0.15,0.0,0.0,0.0,0.0,0.0,0.0,0.0,0.0,0.0,0.0,0.0,0.0,0.3897605240345001,0.09891849011182785,0.0016248638637534896,8.039698600769043,186,nan,-1.0,True,,False,0.010050058364868164,0.0,0.1258549690246582,20.0,20.0,1.0,0.0,0.0,0.0,0.0,0.0
1444,94.91634368896484,0.0,0.0,0.0,94.91634368896484,0.02752501517534256,10.567660331726074,2.323320150375366,0.0,0.0,0.0,0.0,0.0,0.0,0.0,0.0,0.0,0.0,0.0,0.0,0.023000000044703484,0.023000000044703484,0.02,0.15,0.0,0.0,0.0,0.0,0.0,0.0,0.0,0.0,0.0,0.0,0.0,0.0,0.3898064196109772,0.09893223643302917,0.0016418900167991524,8.039698600769043,186,nan,-1.0,True,,False,0.010050058364868164,0.0,0.1258549690246582,20.0,20.0,1.0,0.0,0.0,0.0,0.0,0.0
1445,105.3509292602539,0.0,0.0,0.0,105.3509292602539,0.02188095450401306,10.595013618469238,2.3262593746185303,0.0,0.0,0.0,0.0,0.0,0.0,0.0,0.0,0.0,0.0,0.0,0.0,0.023000000044703484,0.023000000044703484,0.02,0.15,0.0,0.0,0.0,0.0,0.0,0.0,0.0,0.0,0.0,0.0,0.0,0.0,0.38983723521232605,0.09894803911447525,0.0013646790876009618,8.039698600769043,186,nan,-1.0,True,,False,0.010050058364868164,0.0,0.1258549690246582,20.0,20.0,1.0,0.0,0.0,0.0,0.0,0.0
1446,75.5356674194336,0.0,0.0,0.0,75.5356674194336,0.04431423544883728,10.597606658935547,2.3282978534698486,0.0,0.0,0.0,0.0,0.0,0.0,0.0,0.0,0.0,0.0,0.0,0.0,0.023000000044703484,0.023000000044703484,0.02,0.15,0.0,0.0,0.0,0.0,0.0,0.0,0.0,0.0,0.0,0.0,0.0,0.0,0.38981035351753235,0.09896309673786163,0.001800156158651589,8.039698600769043,186,nan,-1.0,True,,False,0.010050058364868164,0.0,0.1258549690246582,20.0,20.0,1.0,0.0,0.0,0.0,0.0,0.0
1447,253.0234375,0.0,0.0,0.0,253.0234375,0.0017554255900904536,10.599900245666504,2.330054998397827,0.0,0.0,0.0,0.0,0.0,0.0,0.0,0.0,0.0,0.0,0.0,0.0,0.023000000044703484,0.023000000044703484,0.02,0.15,0.0,0.0,0.0,0.0,0.0,0.0,0.0,0.0,0.0,0.0,0.0,0.0,0.3897733688354492,0.0989776998758316,0.00256674269985524,8.039698600769043,186,nan,-1.0,True,,False,0.010050058364868164,0.0,0.1258549690246582,20.0,20.0,1.0,0.0,0.0,0.0,0.0,0.0
1448,57.12503433227539,0.0,0.0,0.0,57.12503433227539,0.0736139714717865,10.60250473022461,2.32877516746521,0.0,0.0,0.0,0.0,0.0,0.0,0.0,0.0,0.0,0.0,0.0,0.0,0.023000000044703484,0.023000000044703484,0.02,0.15,0.0,0.0,0.0,0.0,0.0,0.0,0.0,0.0,0.0,0.0,0.0,0.0,0.38973259925842285,0.09899072349071503,0.0018065844885768456,8.039698600769043,186,nan,-1.0,True,,False,0.010050058364868164,0.0,0.1258549690246582,20.0,20.0,1.0,0.0,0.0,0.0,0.0,0.0
1449,51.29435348510742,0.0,0.0,0.0,51.29435348510742,0.08780539035797119,10.60482406616211,2.3278520107269287,0.0,0.0,0.0,0.0,0.0,0.0,0.0,0.0,0.0,0.0,0.0,0.0,0.023000000044703484,0.023000000044703484,0.02,0.15,0.0,0.0,0.0,0.0,0.0,0.0,0.0,0.0,0.0,0.0,0.0,0.0,0.3896942734718323,0.09900154918432236,0.0018004040259711473,8.039698600769043,186,nan,-1.0,True,,False,0.010050058364868164,0.0,0.1258549690246582,20.0,20.0,1.0,0.0,0.0,0.0,0.0,0.0
1450,46.56147766113281,0.0,0.0,0.0,46.56147766113281,0.10216569900512695,10.608170509338379,2.3272650241851807,0.0,0.0,0.0,0.0,0.0,0.0,0.0,0.0,0.0,0.0,0.0,0.0,0.023000000044703484,0.023000000044703484,0.02,0.15,0.0,0.0,0.0,0.0,0.0,0.0,0.0,0.0,0.0,0.0,0.0,0.0,0.38965916633605957,0.09901268035173416,0.0017872146599984262,8.039698600769043,186,nan,-1.0,True,,False,0.010050058364868164,0.0,0.1258549690246582,20.0,20.0,1.0,0.0,0.0,0.0,0.0,0.0
1451,48.04401779174805,0.0,0.0,0.0,48.04401779174805,0.09727569669485092,10.611647605895996,2.327038288116455,0.0,0.0,0.0,0.0,0.0,0.0,0.0,0.0,0.0,0.0,0.0,0.0,0.023000000044703484,0.023000000044703484,0.02,0.15,0.0,0.0,0.0,0.0,0.0,0.0,0.0,0.0,0.0,0.0,0.0,0.0,0.38962897658348083,0.09902386367321014,0.0021659375083800114,8.039698600769043,186,nan,-1.0,True,,False,0.010050058364868164,0.0,0.1258549690246582,20.0,20.0,1.0,0.0,0.0,0.0,0.0,0.0
1452,51.68843460083008,0.0,0.0,0.0,51.68843460083008,0.0865735113620758,10.615188598632812,2.327047109603882,0.0,0.0,0.0,0.0,0.0,0.0,0.0,0.0,0.0,0.0,0.0,0.0,0.023000000044703484,0.023000000044703484,0.02,0.15,0.0,0.0,0.0,0.0,0.0,0.0,0.0,0.0,0.0,0.0,0.0,0.0,0.38960495591163635,0.09903542697429657,0.0020214550513628637,8.039698600769043,186,nan,-1.0,True,,False,0.010050058364868164,0.0,0.1258549690246582,20.0,20.0,1.0,0.0,0.0,0.0,0.0,0.0
1453,52.48178482055664,0.0,0.0,0.0,52.48178482055664,0.08443795144557953,10.619904518127441,2.327247381210327,0.0,0.0,0.0,0.0,0.0,0.0,0.0,0.0,0.0,0.0,0.0,0.0,0.023000000044703484,0.023000000044703484,0.02,0.15,0.0,0.0,0.0,0.0,0.0,0.0,0.0,0.0,0.0,0.0,0.0,0.0,0.3895884156227112,0.0990172028541565,0.0018392301601579675,8.039698600769043,186,nan,-1.0,True,,False,0.010050058364868164,0.0,0.1258549690246582,20.0,20.0,1.0,0.0,0.0,0.0,0.0,0.0
1454,48.60067367553711,0.0,0.0,0.0,48.60067367553711,0.09544995427131653,10.625717163085938,2.327655792236328,0.0,0.0,0.0,0.0,0.0,0.0,0.0,0.0,0.0,0.0,0.0,0.0,0.023000000044703484,0.023000000044703484,0.02,0.15,0.0,0.0,0.0,0.0,0.0,0.0,0.0,0.0,0.0,0.0,0.0,0.0,0.38957929611206055,0.09892165660858154,0.0018134134702449956,8.039698600769043,186,nan,-1.0,True,,False,0.010050058364868164,0.0,0.1258549690246582,20.0,20.0,1.0,0.0,0.0,0.0,0.0,0.0
1455,41.88666534423828,0.0,0.0,0.0,41.88666534423828,0.11950334906578064,10.634661674499512,2.328310012817383,0.0,0.0,0.0,0.0,0.0,0.0,0.0,0.0,0.0,0.0,0.0,0.0,0.023000000044703484,0.023000000044703484,0.02,0.15,0.0,0.0,0.0,0.0,0.0,0.0,0.0,0.0,0.0,0.0,0.0,0.0,0.3895796239376068,0.09884035587310791,0.0017623425951569516,8.039698600769043,186,nan,-1.0,True,,False,0.010050058364868164,0.0,0.1258549690246582,20.0,20.0,1.0,0.0,0.0,0.0,0.0,0.0
1456,34.297149658203125,0.0,0.0,0.0,34.297149658203125,0.15775787830352783,10.644415855407715,2.3292019367218018,0.0,0.0,0.0,0.0,0.0,0.0,0.0,0.0,0.0,0.0,0.0,0.0,0.023000000044703484,0.023000000044703484,0.02,0.15,0.0,0.0,0.0,0.0,0.0,0.0,0.0,0.0,0.0,0.0,0.0,0.0,0.38959044218063354,0.09876018762588501,0.0017747980341482616,8.039698600769043,186,nan,-1.0,True,,False,0.010050058364868164,0.0,0.1258549690246582,20.0,20.0,1.0,0.0,0.0,0.0,0.0,0.0
1457,36.32068634033203,0.0,0.0,0.0,36.32068634033203,0.14613750576972961,10.65420150756836,2.330465316772461,0.0,0.0,0.0,0.0,0.0,0.0,0.0,0.0,0.0,0.0,0.0,0.0,0.023000000044703484,0.023000000044703484,0.02,0.15,0.0,0.0,0.0,0.0,0.0,0.0,0.0,0.0,0.0,0.0,0.0,0.0,0.3896099030971527,0.0986793041229248,0.005358749759352577,8.039698600769043,186,nan,-1.0,True,,False,0.010050058364868164,0.0,0.1258549690246582,20.0,20.0,1.0,0.0,0.0,0.0,0.0,0.0
1458,41.883811950683594,0.0,0.0,0.0,41.883811950683594,0.11968225240707397,10.66341781616211,2.3321921825408936,0.0,0.0,0.0,0.0,0.0,0.0,0.0,0.0,0.0,0.0,0.0,0.0,0.023000000044703484,0.023000000044703484,0.02,0.15,0.0,0.0,0.0,0.0,0.0,0.0,0.0,0.0,0.0,0.0,0.0,0.0,0.3896316885948181,0.09860032796859741,0.005401599414426528,8.039698600769043,186,nan,-1.0,True,,False,0.010050058364868164,0.0,0.1258549690246582,20.0,20.0,1.0,0.0,0.0,0.0,0.0,0.0
1459,48.838958740234375,0.0,0.0,0.0,48.838958740234375,0.09499125927686691,10.67170524597168,2.334472894668579,0.0,0.0,0.0,0.0,0.0,0.0,0.0,0.0,0.0,0.0,0.0,0.0,0.023000000044703484,0.023000000044703484,0.02,0.15,0.0,0.0,0.0,0.0,0.0,0.0,0.0,0.0,0.0,0.0,0.0,0.0,0.3896551728248596,0.09852296113967896,0.005376273104729989,8.039698600769043,186,nan,-1.0,True,,False,0.010050058364868164,0.0,0.1258549690246582,20.0,20.0,1.0,0.0,0.0,0.0,0.0,0.0
1460,58.30986404418945,0.0,0.0,0.0,58.30986404418945,0.07114668190479279,10.678930282592773,2.337214469909668,0.0,0.0,0.0,0.0,0.0,0.0,0.0,0.0,0.0,0.0,0.0,0.0,0.023000000044703484,0.023000000044703484,0.02,0.15,0.0,0.0,0.0,0.0,0.0,0.0,0.0,0.0,0.0,0.0,0.0,0.0,0.3896811604499817,0.09844696521759033,0.005344174545143687,8.039698600769043,186,nan,-1.0,True,,False,0.010050058364868164,0.0,0.1258549690246582,20.0,20.0,1.0,0.0,0.0,0.0,0.0,0.0
1461,71.65593719482422,0.0,0.0,0.0,71.65593719482422,0.04917394742369652,10.68445110321045,2.340615749359131,0.0,0.0,0.0,0.0,0.0,0.0,0.0,0.0,0.0,0.0,0.0,0.0,0.023000000044703484,0.023000000044703484,0.02,0.15,0.0,0.0,0.0,0.0,0.0,0.0,0.0,0.0,0.0,0.0,0.0,0.0,0.38970980048179626,0.09837239980697632,0.0053648513294319855,8.039698600769043,186,nan,-1.0,True,,False,0.010050058364868164,0.0,0.1258549690246582,20.0,20.0,1.0,0.0,0.0,0.0,0.0,0.0
1462,92.51748657226562,0.0,0.0,0.0,92.51748657226562,0.029417624697089195,10.68902587890625,2.344468355178833,0.0,0.0,0.0,0.0,0.0,0.0,0.0,0.0,0.0,0.0,0.0,0.0,0.023000000044703484,0.023000000044703484,0.02,0.15,0.0,0.0,0.0,0.0,0.0,0.0,0.0,0.0,0.0,0.0,0.0,0.0,0.3897407054901123,0.09829950332641602,0.005320821439454448,8.039698600769043,186,nan,-1.0,True,,False,0.010050058364868164,0.0,0.1258549690246582,20.0,20.0,1.0,0.0,0.0,0.0,0.0,0.0
1463,136.09193420410156,0.0,0.0,0.0,136.09193420410156,0.01182190328836441,10.694255828857422,2.3490183353424072,0.0,0.0,0.0,0.0,0.0,0.0,0.0,0.0,0.0,0.0,0.0,0.0,0.023000000044703484,0.023000000044703484,0.02,0.15,0.0,0.0,0.0,0.0,0.0,0.0,0.0,0.0,0.0,0.0,0.0,0.0,0.38977479934692383,0.09822845458984375,0.005262688508764768,8.039698600769043,186,nan,-1.0,True,,False,0.010050058364868164,0.0,0.1258549690246582,20.0,20.0,1.0,0.0,0.0,0.0,0.0,0.0
1464,241.26336669921875,0.0,0.0,0.0,241.26336669921875,0.0021167865488678217,10.700312614440918,2.352699041366577,0.0,0.0,0.0,0.0,0.0,0.0,0.0,0.0,0.0,0.0,0.0,0.0,0.023000000044703484,0.023000000044703484,0.02,0.15,0.0,0.0,0.0,0.0,0.0,0.0,0.0,0.0,0.0,0.0,0.0,0.0,0.38981208205223083,0.09815782308578491,0.005334251299700554,8.039698600769043,186,nan,-1.0,True,,False,0.010050058364868164,0.0,0.1258549690246582,20.0,20.0,1.0,0.0,0.0,0.0,0.0,0.0
1465,96.43084716796875,0.0,0.0,0.0,96.43084716796875,0.02719278633594513,10.70602798461914,2.351813316345215,0.0,0.0,0.0,0.0,0.0,0.0,0.0,0.0,0.0,0.0,0.0,0.0,0.023000000044703484,0.023000000044703484,0.02,0.15,0.0,0.0,0.0,0.0,0.0,0.0,0.0,0.0,0.0,0.0,0.0,0.0,0.3898530602455139,0.09808433055877686,0.005289637207511078,8.039698600769043,186,nan,-1.0,True,,False,0.010050058364868164,0.0,0.1258549690246582,20.0,20.0,1.0,0.0,0.0,0.0,0.0,0.0
1466,85.58019256591797,0.0,0.0,0.0,85.58019256591797,0.0349624902009964,10.712730407714844,2.349926233291626,0.0,0.0,0.0,0.0,0.0,0.0,0.0,0.0,0.0,0.0,0.0,0.0,0.023000000044703484,0.023000000044703484,0.02,0.15,0.0,0.0,0.0,0.0,0.0,0.0,0.0,0.0,0.0,0.0,0.0,0.0,0.3898988366127014,0.09800827503204346,0.002815932375142438,8.039698600769043,186,nan,-1.0,True,,False,0.010050058364868164,0.0,0.1258549690246582,20.0,20.0,1.0,0.0,0.0,0.0,0.0,0.0
1467,54.73086166381836,0.0,0.0,0.0,54.73086166381836,0.0799005925655365,10.71835708618164,2.3469579219818115,0.0,0.0,0.0,0.0,0.0,0.0,0.0,0.0,0.0,0.0,0.0,0.0,0.023000000044703484,0.023000000044703484,0.02,0.15,0.0,0.0,0.0,0.0,0.0,0.0,0.0,0.0,0.0,0.0,0.0,0.0,0.3899540901184082,0.09792965650558472,0.00530128530544971,8.039698600769043,186,nan,-1.0,True,,False,0.010050058364868164,0.0,0.1258549690246582,20.0,20.0,1.0,0.0,0.0,0.0,0.0,0.0
1468,45.65365982055664,0.0,0.0,0.0,45.65365982055664,0.10616476833820343,10.724960327148438,2.3442635536193848,0.0,0.0,0.0,0.0,0.0,0.0,0.0,0.0,0.0,0.0,0.0,0.0,0.023000000044703484,0.023000000044703484,0.02,0.15,0.0,0.0,0.0,0.0,0.0,0.0,0.0,0.0,0.0,0.0,0.0,0.0,0.3900146186351776,0.09784889221191406,0.005298016723372712,8.039698600769043,186,nan,-1.0,True,,False,0.010050058364868164,0.0,0.1258549690246582,20.0,20.0,1.0,0.0,0.0,0.0,0.0,0.0
1469,39.25107955932617,0.0,0.0,0.0,39.25107955932617,0.13205797970294952,10.731186866760254,2.341869354248047,0.0,0.0,0.0,0.0,0.0,0.0,0.0,0.0,0.0,0.0,0.0,0.0,0.023000000044703484,0.023000000044703484,0.02,0.15,0.0,0.0,0.0,0.0,0.0,0.0,0.0,0.0,0.0,0.0,0.0,0.0,0.39008021354675293,0.09776616096496582,0.005292110256959859,8.039698600769043,186,nan,-1.0,True,,False,0.010050058364868164,0.0,0.1258549690246582,20.0,20.0,1.0,0.0,0.0,0.0,0.0,0.0
1470,34.95231246948242,0.0,0.0,0.0,34.95231246948242,0.15446189045906067,10.737187385559082,2.3398525714874268,0.0,0.0,0.0,0.0,0.0,0.0,0.0,0.0,0.0,0.0,0.0,0.0,0.023000000044703484,0.023000000044703484,0.02,0.15,0.0,0.0,0.0,0.0,0.0,0.0,0.0,0.0,0.0,0.0,0.0,0.0,0.3901519179344177,0.09768176078796387,0.005294565087751835,8.039698600769043,186,nan,-1.0,True,,False,0.010050058364868164,0.0,0.1258549690246582,20.0,20.0,1.0,0.0,0.0,0.0,0.0,0.0
1471,31.528759002685547,0.0,0.0,0.0,31.528759002685547,0.17626769840717316,10.744266510009766,2.3381030559539795,0.0,0.0,0.0,0.0,0.0,0.0,0.0,0.0,0.0,0.0,0.0,0.0,0.023000000044703484,0.023000000044703484,0.02,0.15,0.0,0.0,0.0,0.0,0.0,0.0,0.0,0.0,0.0,0.0,0.0,0.0,0.3902301788330078,0.0975956916809082,0.005309282733037435,8.039698600769043,186,nan,-1.0,True,,False,0.010050058364868164,0.0,0.1258549690246582,20.0,20.0,1.0,0.0,0.0,0.0,0.0,0.0
1472,28.650371551513672,0.0,0.0,0.0,28.650371551513672,0.19814163446426392,10.751195907592773,2.336636781692505,0.0,0.0,0.0,0.0,0.0,0.0,0.0,0.0,0.0,0.0,0.0,0.0,0.023000000044703484,0.023000000044703484,0.02,0.15,0.0,0.0,0.0,0.0,0.0,0.0,0.0,0.0,0.0,0.0,0.0,0.0,0.39031535387039185,0.09750807285308838,0.005320348001873754,8.039698600769043,186,nan,-1.0,True,,False,0.010050058364868164,0.0,0.1258549690246582,20.0,20.0,1.0,0.0,0.0,0.0,0.0,0.0
1473,26.324275970458984,0.0,0.0,0.0,26.324275970458984,0.21879196166992188,10.763143539428711,2.335374116897583,0.0,0.0,0.0,0.0,0.0,0.0,0.0,0.0,0.0,0.0,0.0,0.0,0.023000000044703484,0.023000000044703484,0.02,0.15,0.0,0.0,0.0,0.0,0.0,0.0,0.0,0.0,0.0,0.0,0.0,0.0,0.39037784934043884,0.09741806983947754,0.005322675279330724,8.039698600769043,186,nan,-1.0,True,,False,0.010050058364868164,0.0,0.1258549690246582,20.0,20.0,1.0,0.0,0.0,0.0,0.0,0.0
1474,24.326398849487305,0.0,0.0,0.0,24.326398849487305,0.23917783796787262,10.777275085449219,2.3343966007232666,0.0,0.0,0.0,0.0,0.0,0.0,0.0,0.0,0.0,0.0,0.0,0.0,0.023000000044703484,0.023000000044703484,0.02,0.15,0.0,0.0,0.0,0.0,0.0,0.0,0.0,0.0,0.0,0.0,0.0,0.0,0.39039310812950134,0.09732425212860107,0.0052978842041966345,8.039698600769043,186,nan,-1.0,True,,False,0.010050058364868164,0.0,0.1258549690246582,20.0,20.0,1.0,0.0,0.0,0.0,0.0,0.0
1475,22.582073211669922,0.0,0.0,0.0,22.582073211669922,0.2593710124492645,10.789810180664062,2.3336129188537598,0.0,0.0,0.0,0.0,0.0,0.0,0.0,0.0,0.0,0.0,0.0,0.0,0.023000000044703484,0.023000000044703484,0.02,0.15,0.0,0.0,0.0,0.0,0.0,0.0,0.0,0.0,0.0,0.0,0.0,0.0,0.39040473103523254,0.0972292423248291,0.005253140967624859,8.039698600769043,186,nan,-1.0,True,,False,0.010050058364868164,0.0,0.1258549690246582,20.0,20.0,1.0,0.0,0.0,0.0,0.0,0.0
1476,21.00583267211914,0.0,0.0,0.0,21.00583267211914,0.2799180746078491,10.801753997802734,2.3329970836639404,0.0,0.0,0.0,0.0,0.0,0.0,0.0,0.0,0.0,0.0,0.0,0.0,0.023000000044703484,0.023000000044703484,0.02,0.15,0.0,0.0,0.0,0.0,0.0,0.0,0.0,0.0,0.0,0.0,0.0,0.0,0.39044055342674255,0.097134530544281,0.005153366722652208,8.039698600769043,186,nan,-1.0,True,,False,0.010050058364868164,0.0,0.1258549690246582,20.0,20.0,1.0,0.0,0.0,0.0,0.0,0.0
1477,22.822711944580078,0.0,0.0,0.0,22.822711944580078,0.25629860162734985,10.81317138671875,2.3324873447418213,0.0,0.0,0.0,0.0,0.0,0.0,0.0,0.0,0.0,0.0,0.0,0.0,0.023000000044703484,0.023000000044703484,0.02,0.15,0.0,0.0,0.0,0.0,0.0,0.0,0.0,0.0,0.0,0.0,0.0,0.0,0.390506774187088,0.09704053401947021,0.002197468872054742,8.039698600769043,186,nan,-1.0,True,,False,0.010050058364868164,0.0,0.1258549690246582,20.0,20.0,1.0,0.0,0.0,0.0,0.0,0.0
1478,25.484996795654297,0.0,0.0,0.0,25.484996795654297,0.22671878337860107,10.82520866394043,2.332108736038208,0.0,0.0,0.0,0.0,0.0,0.0,0.0,0.0,0.0,0.0,0.0,0.0,0.023000000044703484,0.023000000044703484,0.02,0.15,0.0,0.0,0.0,0.0,0.0,0.0,0.0,0.0,0.0,0.0,0.0,0.0,0.3905703127384186,0.09695136547088623,0.0023114367741072783,8.039698600769043,186,nan,-1.0,True,,False,0.010050058364868164,0.0,0.1258549690246582,20.0,20.0,1.0,0.0,0.0,0.0,0.0,0.0
1479,28.492021560668945,0.0,0.0,0.0,28.492021560668945,0.19894939661026,10.838024139404297,2.3319172859191895,0.0,0.0,0.0,0.0,0.0,0.0,0.0,0.0,0.0,0.0,0.0,0.0,0.023000000044703484,0.023000000044703484,0.02,0.15,0.0,0.0,0.0,0.0,0.0,0.0,0.0,0.0,0.0,0.0,0.0,0.0,0.39063549041748047,0.09686398506164551,0.0023771524452058657,8.039698600769043,186,nan,-1.0,True,,False,0.010050058364868164,0.0,0.1258549690246582,20.0,20.0,1.0,0.0,0.0,0.0,0.0,0.0
1480,32.19205856323242,0.0,0.0,0.0,32.19205856323242,0.1710135042667389,10.852152824401855,2.331869602203369,0.0,0.0,0.0,0.0,0.0,0.0,0.0,0.0,0.0,0.0,0.0,0.0,0.023000000044703484,0.023000000044703484,0.02,0.15,0.0,0.0,0.0,0.0,0.0,0.0,0.0,0.0,0.0,0.0,0.0,0.0,0.3907029330730438,0.09677761793136597,0.0024531845097044425,8.039698600769043,186,nan,-1.0,True,,False,0.010050058364868164,0.0,0.1258549690246582,20.0,20.0,1.0,0.0,0.0,0.0,0.0,0.0
1481,35.55621337890625,0.0,0.0,0.0,35.55621337890625,0.15017728507518768,10.867317199707031,2.332045078277588,0.0,0.0,0.0,0.0,0.0,0.0,0.0,0.0,0.0,0.0,0.0,0.0,0.023000000044703484,0.023000000044703484,0.02,0.15,0.0,0.0,0.0,0.0,0.0,0.0,0.0,0.0,0.0,0.0,0.0,0.0,0.3907654285430908,0.09677112102508545,0.002541877572411977,8.039698600769043,186,nan,-1.0,True,,False,0.010050058364868164,0.0,0.1258549690246582,20.0,20.0,1.0,0.0,0.0,0.0,0.0,0.0
1482,36.87710952758789,0.0,0.0,0.0,36.87710952758789,0.142983540892601,10.88504409790039,2.3325817584991455,0.0,0.0,0.0,0.0,0.0,0.0,0.0,0.0,0.0,0.0,0.0,0.0,0.023000000044703484,0.023000000044703484,0.02,0.15,0.0,0.0,0.0,0.0,0.0,0.0,0.0,0.0,0.0,0.0,0.0,0.0,0.3908099830150604,0.09697800874710083,0.0025890869903832936,8.039698600769043,186,nan,-1.0,True,,False,0.010050058364868164,0.0,0.1258549690246582,20.0,20.0,1.0,0.0,0.0,0.0,0.0,0.0
1483,37.27262496948242,0.0,0.0,0.0,37.27262496948242,0.14096006751060486,10.903078079223633,2.333261251449585,0.0,0.0,0.0,0.0,0.0,0.0,0.0,0.0,0.0,0.0,0.0,0.0,0.023000000044703484,0.023000000044703484,0.02,0.15,0.0,0.0,0.0,0.0,0.0,0.0,0.0,0.0,0.0,0.0,0.0,0.0,0.3908565938472748,0.09720134735107422,0.002567140893688702,8.039698600769043,186,nan,-1.0,True,,False,0.010050058364868164,0.0,0.1258549690246582,20.0,20.0,1.0,0.0,0.0,0.0,0.0,0.0
1484,37.293182373046875,0.0,0.0,0.0,37.293182373046875,0.14091739058494568,10.92338752746582,2.3341264724731445,0.0,0.0,0.0,0.0,0.0,0.0,0.0,0.0,0.0,0.0,0.0,0.0,0.023000000044703484,0.023000000044703484,0.02,0.15,0.0,0.0,0.0,0.0,0.0,0.0,0.0,0.0,0.0,0.0,0.0,0.0,0.3908965289592743,0.09741723537445068,0.002475377482824115,8.039698600769043,186,nan,-1.0,True,,False,0.010050058364868164,0.0,0.1258549690246582,20.0,20.0,1.0,0.0,0.0,0.0,0.0,0.0
1485,36.70065689086914,0.0,0.0,0.0,36.70065689086914,0.14412663877010345,10.9462308883667,2.335283041000366,0.0,0.0,0.0,0.0,0.0,0.0,0.0,0.0,0.0,0.0,0.0,0.0,0.023000000044703484,0.023000000044703484,0.02,0.15,0.0,0.0,0.0,0.0,0.0,0.0,0.0,0.0,0.0,0.0,0.0,0.0,0.39091143012046814,0.09760665893554688,0.002324456740552705,8.039698600769043,186,nan,-1.0,True,,False,0.010050058364868164,0.0,0.1258549690246582,20.0,20.0,1.0,0.0,0.0,0.0,0.0,0.0
1486,35.68271255493164,0.0,0.0,0.0,35.68271255493164,0.1498221457004547,10.970463752746582,2.3365492820739746,0.0,0.0,0.0,0.0,0.0,0.0,0.0,0.0,0.0,0.0,0.0,0.0,0.023000000044703484,0.023000000044703484,0.02,0.15,0.0,0.0,0.0,0.0,0.0,0.0,0.0,0.0,0.0,0.0,0.0,0.0,0.39093613624572754,0.09774154424667358,0.002167908486626402,8.039698600769043,186,nan,-1.0,True,,False,0.010050058364868164,0.0,0.1258549690246582,20.0,20.0,1.0,0.0,0.0,0.0,0.0,0.0
1487,34.2220344543457,0.0,0.0,0.0,34.2220344543457,0.158513605594635,10.99637508392334,2.337907314300537,0.0,0.0,0.0,0.0,0.0,0.0,0.0,0.0,0.0,0.0,0.0,0.0,0.023000000044703484,0.023000000044703484,0.02,0.15,0.0,0.0,0.0,0.0,0.0,0.0,0.0,0.0,0.0,0.0,0.0,0.0,0.39097604155540466,0.09782195091247559,0.0020054322790201695,8.039698600769043,186,nan,-1.0,True,,False,0.010050058364868164,0.0,0.1258549690246582,20.0,20.0,1.0,0.0,0.0,0.0,0.0,0.0
1488,32.26008224487305,0.0,0.0,0.0,32.26008224487305,0.17129306495189667,11.024263381958008,2.339376926422119,0.0,0.0,0.0,0.0,0.0,0.0,0.0,0.0,0.0,0.0,0.0,0.0,0.023000000044703484,0.023000000044703484,0.02,0.15,0.0,0.0,0.0,0.0,0.0,0.0,0.0,0.0,0.0,0.0,0.0,0.0,0.39103445410728455,0.09784114360809326,0.0018872822727189487,8.039698600769043,186,nan,-1.0,True,,False,0.010050058364868164,0.0,0.1258549690246582,20.0,20.0,1.0,0.0,0.0,0.0,0.0,0.0
1489,30.087608337402344,0.0,0.0,0.0,30.087608337402344,0.18719793856143951,11.054344177246094,2.341017723083496,0.0,0.0,0.0,0.0,0.0,0.0,0.0,0.0,0.0,0.0,0.0,0.0,0.023000000044703484,0.023000000044703484,0.02,0.15,0.0,0.0,0.0,0.0,0.0,0.0,0.0,0.0,0.0,0.0,0.0,0.0,0.3911140561103821,0.09779596328735352,0.001808408157330632,8.039698600769043,186,nan,-1.0,True,,False,0.010050058364868164,0.0,0.1258549690246582,20.0,20.0,1.0,0.0,0.0,0.0,0.0,0.0
1490,27.696067810058594,0.0,0.0,0.0,27.696067810058594,0.20714819431304932,11.085803985595703,2.342322587966919,0.0,0.0,0.0,0.0,0.0,0.0,0.0,0.0,0.0,0.0,0.0,0.0,0.023000000044703484,0.023000000044703484,0.02,0.15,0.0,0.0,0.0,0.0,0.0,0.0,0.0,0.0,0.0,0.0,0.0,0.0,0.3911941945552826,0.09759795665740967,0.0017798359863263613,8.039698600769043,186,nan,-1.0,True,,False,0.010050058364868164,0.0,0.1258549690246582,20.0,20.0,1.0,0.0,0.0,0.0,0.0,0.0
1491,25.038070678710938,0.0,0.0,0.0,25.038070678710938,0.23305676877498627,11.11857795715332,2.3435163497924805,0.0,0.0,0.0,0.0,0.0,0.0,0.0,0.0,0.0,0.0,0.0,0.0,0.023000000044703484,0.023000000044703484,0.02,0.15,0.0,0.0,0.0,0.0,0.0,0.0,0.0,0.0,0.0,0.0,0.0,0.0,0.391283243894577,0.09734272956848145,0.0018064944545130857,8.039698600769043,186,nan,-1.0,True,,False,0.010050058364868164,0.0,0.1258549690246582,20.0,20.0,1.0,0.0,0.0,0.0,0.0,0.0
1492,24.73012924194336,0.0,0.0,0.0,24.73012924194336,0.23652926087379456,11.153502464294434,2.3447771072387695,0.0,0.0,0.0,0.0,0.0,0.0,0.0,0.0,0.0,0.0,0.0,0.0,0.023000000044703484,0.023000000044703484,0.02,0.15,0.0,0.0,0.0,0.0,0.0,0.0,0.0,0.0,0.0,0.0,0.0,0.0,0.39137664437294006,0.09712380170822144,0.004449252841823181,8.039698600769043,186,nan,-1.0,True,,False,0.010050058364868164,0.0,0.1258549690246582,20.0,20.0,1.0,0.0,0.0,0.0,0.0,0.0
1493,27.24664878845215,0.0,0.0,0.0,27.24664878845215,0.21170789003372192,11.188945770263672,2.346069097518921,0.0,0.0,0.0,0.0,0.0,0.0,0.0,0.0,0.0,0.0,0.0,0.0,0.023000000044703484,0.023000000044703484,0.02,0.15,0.0,0.0,0.0,0.0,0.0,0.0,0.0,0.0,0.0,0.0,0.0,0.0,0.3914616107940674,0.09699171781539917,0.006148672780454945,8.039698600769043,186,nan,-1.0,True,,False,0.010050058364868164,0.0,0.1258549690246582,20.0,20.0,1.0,0.0,0.0,0.0,0.0,0.0
1494,32.15089416503906,0.0,0.0,0.0,32.15089416503906,0.17289704084396362,11.225394248962402,2.3474133014678955,0.0,0.0,0.0,0.0,0.0,0.0,0.0,0.0,0.0,0.0,0.0,0.0,0.023000000044703484,0.023000000044703484,0.02,0.15,0.0,0.0,0.0,0.0,0.0,0.0,0.0,0.0,0.0,0.0,0.0,0.0,0.39154088497161865,0.09692096710205078,0.0061680105577579525,8.039698600769043,186,nan,-1.0,True,,False,0.010050058364868164,0.0,0.1258549690246582,20.0,20.0,1.0,0.0,0.0,0.0,0.0,0.0
1495,38.56461715698242,0.0,0.0,0.0,38.56461715698242,0.13568028807640076,11.261861801147461,2.3487818241119385,0.0,0.0,0.0,0.0,0.0,0.0,0.0,0.0,0.0,0.0,0.0,0.0,0.023000000044703484,0.023000000044703484,0.02,0.15,0.0,0.0,0.0,0.0,0.0,0.0,0.0,0.0,0.0,0.0,0.0,0.0,0.39161571860313416,0.09689503908157349,0.006168200227193665,8.039698600769043,186,nan,-1.0,True,,False,0.010050058364868164,0.0,0.1258549690246582,20.0,20.0,1.0,0.0,0.0,0.0,0.0,0.0
1496,47.7879753112793,0.0,0.0,0.0,47.7879753112793,0.09899632632732391,11.298372268676758,2.35017728805542,0.0,0.0,0.0,0.0,0.0,0.0,0.0,0.0,0.0,0.0,0.0,0.0,0.023000000044703484,0.023000000044703484,0.02,0.15,0.0,0.0,0.0,0.0,0.0,0.0,0.0,0.0,0.0,0.0,0.0,0.0,0.3916867673397064,0.09690159559249878,0.006212566038584555,8.039698600769043,186,nan,-1.0,True,,False,0.010050058364868164,0.0,0.1258549690246582,20.0,20.0,1.0,0.0,0.0,0.0,0.0,0.0
1497,63.14292907714844,0.0,0.0,0.0,63.14292907714844,0.06230434775352478,11.335918426513672,2.3516013622283936,0.0,0.0,0.0,0.0,0.0,0.0,0.0,0.0,0.0,0.0,0.0,0.0,0.023000000044703484,0.023000000044703484,0.02,0.15,0.0,0.0,0.0,0.0,0.0,0.0,0.0,0.0,0.0,0.0,0.0,0.0,0.39175304770469666,0.09692704677581787,0.006254139521843172,8.039698600769043,186,nan,-1.0,True,,False,0.010050058364868164,0.0,0.1258549690246582,20.0,20.0,1.0,0.0,0.0,0.0,0.0,0.0
1498,94.64685821533203,0.0,0.0,0.0,94.64685821533203,0.028049826622009277,11.374366760253906,2.353015661239624,0.0,0.0,0.0,0.0,0.0,0.0,0.0,0.0,0.0,0.0,0.0,0.0,0.023000000044703484,0.023000000044703484,0.02,0.15,0.0,0.0,0.0,0.0,0.0,0.0,0.0,0.0,0.0,0.0,0.0,0.0,0.39181575179100037,0.09697151184082031,0.00624594500936837,8.039698600769043,186,nan,-1.0,True,,False,0.010050058364868164,0.0,0.1258549690246582,20.0,20.0,1.0,0.0,0.0,0.0,0.0,0.0
1499,159.9085693359375,0.0,0.0,0.0,159.9085693359375,0.007608652114868164,11.41602897644043,2.354351043701172,0.0,0.0,0.0,0.0,0.0,0.0,0.0,0.0,0.0,0.0,0.0,0.0,0.023000000044703484,0.023000000044703484,0.02,0.15,0.0,0.0,0.0,0.0,0.0,0.0,0.0,0.0,0.0,0.0,0.0,0.0,0.3918677866458893,0.09703153371810913,0.006149463359406582,8.039698600769043,186,nan,-1.0,True,,False,0.010050058364868164,0.0,0.1258549690246582,20.0,20.0,1.0,0.0,0.0,0.0,0.0,0.0
1500,71.22731018066406,0.0,0.0,0.0,71.22731018066406,0.05009246617555618,11.458995819091797,2.3551716804504395,0.0,0.0,0.0,0.0,0.0,0.0,0.0,0.0,0.0,0.0,0.0,0.0,0.023000000044703484,0.023000000044703484,0.02,0.15,0.0,0.0,0.0,0.0,0.0,0.0,0.0,0.0,0.0,0.0,0.0,0.0,0.3919181525707245,0.09709733724594116,0.006094007949286606,8.039698600769043,186,nan,-1.0,True,,False,0.010050058364868164,0.0,0.1258549690246582,20.0,20.0,1.0,0.0,0.0,0.0,0.0,0.0
1501,74.58394622802734,0.0,0.0,0.0,74.58394622802734,0.045840416103601456,11.50247573852539,2.3560149669647217,0.0,0.0,0.0,0.0,0.0,0.0,0.0,0.0,0.0,0.0,0.0,0.0,0.023000000044703484,0.023000000044703484,0.02,0.15,0.0,0.0,0.0,0.0,0.0,0.0,0.0,0.0,0.0,0.0,0.0,0.0,0.39197203516960144,0.09716796875,0.00429826979234349,8.039698600769043,186,nan,-1.0,True,,False,0.010050058364868164,0.0,0.1258549690246582,20.0,20.0,1.0,0.0,0.0,0.0,0.0,0.0
1502,101.27875518798828,0.0,0.0,0.0,101.27875518798828,0.024179358035326004,11.547666549682617,2.357166290283203,0.0,0.0,0.0,0.0,0.0,0.0,0.0,0.0,0.0,0.0,0.0,0.0,0.023000000044703484,0.023000000044703484,0.02,0.15,0.0,0.0,0.0,0.0,0.0,0.0,0.0,0.0,0.0,0.0,0.0,0.0,0.39201292395591736,0.09684634208679199,0.00427812037980857,8.039698600769043,186,nan,-1.0,True,,False,0.010050058364868164,0.0,0.1258549690246582,20.0,20.0,1.0,0.0,0.0,0.0,0.0,0.0
1503,211.57606506347656,0.0,0.0,0.0,211.57606506347656,0.0032564825378358364,11.59469985961914,2.3584728240966797,0.0,0.0,0.0,0.0,0.0,0.0,0.0,0.0,0.0,0.0,0.0,0.0,0.023000000044703484,0.023000000044703484,0.02,0.15,0.0,0.0,0.0,0.0,0.0,0.0,0.0,0.0,0.0,0.0,0.0,0.0,0.39203935861587524,0.09651845693588257,0.004269472169767141,8.039698600769043,186,nan,-1.0,True,,False,0.010050058364868164,0.0,0.1258549690246582,20.0,20.0,1.0,0.0,0.0,0.0,0.0,0.0
1504,118.56625366210938,0.0,0.0,0.0,118.56625366210938,0.016725584864616394,11.643707275390625,2.3597252368927,0.0,0.0,0.0,0.0,0.0,0.0,0.0,0.0,0.0,0.0,0.0,0.0,0.023000000044703484,0.023000000044703484,0.02,0.15,0.0,0.0,0.0,0.0,0.0,0.0,0.0,0.0,0.0,0.0,0.0,0.0,0.3920544385910034,0.0962488055229187,0.004249801381774887,8.039698600769043,186,nan,-1.0,True,,False,0.010050058364868164,0.0,0.1258549690246582,20.0,20.0,1.0,0.0,0.0,0.0,0.0,0.0
1505,82.10488891601562,0.0,0.0,0.0,82.10488891601562,0.03793876990675926,11.693696975708008,2.361022710800171,0.0,0.0,0.0,0.0,0.0,0.0,0.0,0.0,0.0,0.0,0.0,0.0,0.023000000044703484,0.023000000044703484,0.02,0.15,0.0,0.0,0.0,0.0,0.0,0.0,0.0,0.0,0.0,0.0,0.0,0.0,0.3920648992061615,0.09604001045227051,0.0042364405292119045,8.039698600769043,186,nan,-1.0,True,,False,0.010050058364868164,0.0,0.1258549690246582,20.0,20.0,1.0,0.0,0.0,0.0,0.0,0.0
1506,64.6649169921875,0.0,0.0,0.0,64.6649169921875,0.05996659770607948,11.746249198913574,2.362386465072632,0.0,0.0,0.0,0.0,0.0,0.0,0.0,0.0,0.0,0.0,0.0,0.0,0.023000000044703484,0.023000000044703484,0.02,0.15,0.0,0.0,0.0,0.0,0.0,0.0,0.0,0.0,0.0,0.0,0.0,0.0,0.39207378029823303,0.0958716869354248,0.0042318610064739914,8.039698600769043,186,nan,-1.0,True,,False,0.010050058364868164,0.0,0.1258549690246582,20.0,20.0,1.0,0.0,0.0,0.0,0.0,0.0
1507,53.38104248046875,0.0,0.0,0.0,53.38104248046875,0.08346514403820038,11.799661636352539,2.3637948036193848,0.0,0.0,0.0,0.0,0.0,0.0,0.0,0.0,0.0,0.0,0.0,0.0,0.023000000044703484,0.023000000044703484,0.02,0.15,0.0,0.0,0.0,0.0,0.0,0.0,0.0,0.0,0.0,0.0,0.0,0.0,0.3920834958553314,0.09572112560272217,0.004236122291445099,8.039698600769043,186,nan,-1.0,True,,False,0.010050058364868164,0.0,0.1258549690246582,20.0,20.0,1.0,0.0,0.0,0.0,0.0,0.0
1508,45.24462890625,0.0,0.0,0.0,45.24462890625,0.10838259011507034,11.855600357055664,2.365269660949707,0.0,0.0,0.0,0.0,0.0,0.0,0.0,0.0,0.0,0.0,0.0,0.0,0.023000000044703484,0.023000000044703484,0.02,0.15,0.0,0.0,0.0,0.0,0.0,0.0,0.0,0.0,0.0,0.0,0.0,0.0,0.39209315180778503,0.09558999538421631,0.00424752476658341,8.039698600769043,186,nan,-1.0,True,,False,0.010050058364868164,0.0,0.1258549690246582,20.0,20.0,1.0,0.0,0.0,0.0,0.0,0.0
1509,39.04327392578125,0.0,0.0,0.0,39.04327392578125,0.1344851851463318,11.91252326965332,2.366797924041748,0.0,0.0,0.0,0.0,0.0,0.0,0.0,0.0,0.0,0.0,0.0,0.0,0.023000000044703484,0.023000000044703484,0.02,0.15,0.0,0.0,0.0,0.0,0.0,0.0,0.0,0.0,0.0,0.0,0.0,0.0,0.39210501313209534,0.09547233581542969,0.004285730500100726,8.039698600769043,186,nan,-1.0,True,,False,0.010050058364868164,0.0,0.1258549690246582,20.0,20.0,1.0,0.0,0.0,0.0,0.0,0.0
1510,36.350494384765625,0.0,0.0,0.0,36.350494384765625,0.148544043302536,11.972175598144531,2.36841082572937,0.0,0.0,0.0,0.0,0.0,0.0,0.0,0.0,0.0,0.0,0.0,0.0,0.023000000044703484,0.023000000044703484,0.02,0.15,0.0,0.0,0.0,0.0,0.0,0.0,0.0,0.0,0.0,0.0,0.0,0.0,0.3921014964580536,0.0953664779663086,0.0054701872561508935,8.039698600769043,186,nan,-1.0,True,,False,0.010050058364868164,0.0,0.1258549690246582,20.0,20.0,1.0,0.0,0.0,0.0,0.0,0.0
1511,36.10272216796875,0.0,0.0,0.0,36.10272216796875,0.15002065896987915,12.032947540283203,2.3701393604278564,0.0,0.0,0.0,0.0,0.0,0.0,0.0,0.0,0.0,0.0,0.0,0.0,0.023000000044703484,0.023000000044703484,0.02,0.15,0.0,0.0,0.0,0.0,0.0,0.0,0.0,0.0,0.0,0.0,0.0,0.0,0.39206722378730774,0.0953182578086853,0.005539888176144814,8.039698600769043,186,nan,-1.0,True,,False,0.010050058364868164,0.0,0.1258549690246582,20.0,20.0,1.0,0.0,0.0,0.0,0.0,0.0
1512,35.97914505004883,0.0,0.0,0.0,35.97914505004883,0.15082482993602753,12.096227645874023,2.3718769550323486,0.0,0.0,0.0,0.0,0.0,0.0,0.0,0.0,0.0,0.0,0.0,0.0,0.023000000044703484,0.023000000044703484,0.02,0.15,0.0,0.0,0.0,0.0,0.0,0.0,0.0,0.0,0.0,0.0,0.0,0.0,0.3920402228832245,0.09530657529830933,0.005927125553171209,8.039698600769043,186,nan,-1.0,True,,False,0.010050058364868164,0.0,0.1258549690246582,20.0,20.0,1.0,0.0,0.0,0.0,0.0,0.0
1513,35.781585693359375,0.0,0.0,0.0,35.781585693359375,0.1520753651857376,12.161389350891113,2.373650312423706,0.0,0.0,0.0,0.0,0.0,0.0,0.0,0.0,0.0,0.0,0.0,0.0,0.023000000044703484,0.023000000044703484,0.02,0.15,0.0,0.0,0.0,0.0,0.0,0.0,0.0,0.0,0.0,0.0,0.0,0.0,0.3920383155345917,0.09530746936798096,0.006145056506284163,8.039698600769043,186,nan,-1.0,True,,False,0.010050058364868164,0.0,0.1258549690246582,20.0,20.0,1.0,0.0,0.0,0.0,0.0,0.0
1514,35.63878631591797,0.0,0.0,0.0,35.63878631591797,0.15304355323314667,12.228639602661133,2.3754725456237793,0.0,0.0,0.0,0.0,0.0,0.0,0.0,0.0,0.0,0.0,0.0,0.0,0.023000000044703484,0.023000000044703484,0.02,0.15,0.0,0.0,0.0,0.0,0.0,0.0,0.0,0.0,0.0,0.0,0.0,0.0,0.3920363485813141,0.09531992673873901,0.006237458984287514,8.039698600769043,186,nan,-1.0,True,,False,0.010050058364868164,0.0,0.1258549690246582,20.0,20.0,1.0,0.0,0.0,0.0,0.0,0.0
1515,35.182960510253906,0.0,0.0,0.0,35.182960510253906,0.15588214993476868,12.298131942749023,2.3773014545440674,0.0,0.0,0.0,0.0,0.0,0.0,0.0,0.0,0.0,0.0,0.0,0.0,0.023000000044703484,0.023000000044703484,0.02,0.15,0.0,0.0,0.0,0.0,0.0,0.0,0.0,0.0,0.0,0.0,0.0,0.0,0.39203768968582153,0.09534281492233276,0.006304446854755952,8.039698600769043,186,nan,-1.0,True,,False,0.010050058364868164,0.0,0.1258549690246582,20.0,20.0,1.0,0.0,0.0,0.0,0.0,0.0
1516,34.711517333984375,0.0,0.0,0.0,34.711517333984375,0.1589229702949524,12.370035171508789,2.379204034805298,0.0,0.0,0.0,0.0,0.0,0.0,0.0,0.0,0.0,0.0,0.0,0.0,0.023000000044703484,0.023000000044703484,0.02,0.15,0.0,0.0,0.0,0.0,0.0,0.0,0.0,0.0,0.0,0.0,0.0,0.0,0.39204248785972595,0.0953754186630249,0.006323834785007421,8.039698600769043,186,nan,-1.0,True,,False,0.010050058364868164,0.0,0.1258549690246582,20.0,20.0,1.0,0.0,0.0,0.0,0.0,0.0
1517,34.144351959228516,0.0,0.0,0.0,34.144351959228516,0.16269153356552124,12.444472312927246,2.381138563156128,0.0,0.0,0.0,0.0,0.0,0.0,0.0,0.0,0.0,0.0,0.0,0.0,0.023000000044703484,0.023000000044703484,0.02,0.15,0.0,0.0,0.0,0.0,0.0,0.0,0.0,0.0,0.0,0.0,0.0,0.0,0.3920515179634094,0.0954168438911438,0.006346638617287681,8.039698600769043,186,nan,-1.0,True,,False,0.010050058364868164,0.0,0.1258549690246582,20.0,20.0,1.0,0.0,0.0,0.0,0.0,0.0
1518,33.57731628417969,0.0,0.0,0.0,33.57731628417969,0.16666656732559204,12.521303176879883,2.3831124305725098,0.0,0.0,0.0,0.0,0.0,0.0,0.0,0.0,0.0,0.0,0.0,0.0,0.023000000044703484,0.023000000044703484,0.02,0.15,0.0,0.0,0.0,0.0,0.0,0.0,0.0,0.0,0.0,0.0,0.0,0.0,0.3920651376247406,0.09546631574630737,0.006382677381566282,8.039698600769043,186,nan,-1.0,True,,False,0.010050058364868164,0.0,0.1258549690246582,20.0,20.0,1.0,0.0,0.0,0.0,0.0,0.0
1519,48.3320426940918,0.0,0.0,0.0,48.3320426940918,0.09908038377761841,12.600866317749023,2.38521146774292,0.0,0.0,0.0,0.0,0.0,0.0,0.0,0.0,0.0,0.0,0.0,0.0,0.023000000044703484,0.023000000044703484,0.02,0.15,0.0,0.0,0.0,0.0,0.0,0.0,0.0,0.0,0.0,0.0,0.0,0.0,0.39207905530929565,0.09552323818206787,0.003302689571000883,8.039698600769043,186,nan,-1.0,True,,False,0.010050058364868164,0.0,0.1258549690246582,20.0,20.0,1.0,0.0,0.0,0.0,0.0,0.0
1520,94.56937408447266,0.0,0.0,0.0,94.56937408447266,0.028574611991643906,12.672464370727539,2.3872036933898926,0.0,0.0,0.0,0.0,0.0,0.0,0.0,0.0,0.0,0.0,0.0,0.0,0.023000000044703484,0.023000000044703484,0.02,0.15,0.0,0.0,0.0,0.0,0.0,0.0,0.0,0.0,0.0,0.0,0.0,0.0,0.39210045337677,0.09557623416185379,0.003354521337769256,8.039698600769043,186,nan,-1.0,True,,False,0.010050058364868164,0.0,0.1258549690246582,20.0,20.0,1.0,0.0,0.0,0.0,0.0,0.0
1521,128.7873077392578,0.0,0.0,0.0,128.7873077392578,0.01381672266870737,12.703347206115723,2.3884098529815674,0.0,0.0,0.0,0.0,0.0,0.0,0.0,0.0,0.0,0.0,0.0,0.0,0.023000000044703484,0.023000000044703484,0.02,0.15,0.0,0.0,0.0,0.0,0.0,0.0,0.0,0.0,0.0,0.0,0.0,0.0,0.392128586769104,0.09545759111642838,0.0035192582531635708,8.039698600769043,186,nan,-1.0,True,,False,0.010050058364868164,0.0,0.1258549690246582,20.0,20.0,1.0,0.0,0.0,0.0,0.0,0.0
1522,77.44026184082031,0.0,0.0,0.0,77.44026184082031,0.043319620192050934,12.705028533935547,2.389164447784424,0.0,0.0,0.0,0.0,0.0,0.0,0.0,0.0,0.0,0.0,0.0,0.0,0.023000000044703484,0.023000000044703484,0.02,0.15,0.0,0.0,0.0,0.0,0.0,0.0,0.0,0.0,0.0,0.0,0.0,0.0,0.3921545445919037,0.09535351395606995,0.0036122218311902543,8.039698600769043,186,nan,-1.0,True,,False,0.010050058364868164,0.0,0.1258549690246582,20.0,20.0,1.0,0.0,0.0,0.0,0.0,0.0
1523,56.98518753051758,0.0,0.0,0.0,56.98518753051758,0.07605646550655365,12.705503463745117,2.390019178390503,0.0,0.0,0.0,0.0,0.0,0.0,0.0,0.0,0.0,0.0,0.0,0.0,0.023000000044703484,0.023000000044703484,0.02,0.15,0.0,0.0,0.0,0.0,0.0,0.0,0.0,0.0,0.0,0.0,0.0,0.0,0.3921799659729004,0.09526196867227554,0.0036033104927355453,8.039698600769043,186,nan,-1.0,True,,False,0.010050058364868164,0.0,0.1258549690246582,20.0,20.0,1.0,0.0,0.0,0.0,0.0,0.0
1524,61.50080490112305,0.0,0.0,0.0,61.50080490112305,0.06665277481079102,12.705394744873047,2.390962600708008,0.0,0.0,0.0,0.0,0.0,0.0,0.0,0.0,0.0,0.0,0.0,0.0,0.023000000044703484,0.023000000044703484,0.02,0.15,0.0,0.0,0.0,0.0,0.0,0.0,0.0,0.0,0.0,0.0,0.0,0.0,0.3922053873538971,0.09518122673034668,0.000886834933908176,8.039698600769043,186,nan,-1.0,True,,False,0.010050058364868164,0.0,0.1258549690246582,20.0,20.0,1.0,0.0,0.0,0.0,0.0,0.0
1525,75.75679779052734,0.0,0.0,0.0,75.75679779052734,0.045271314680576324,12.705446243286133,2.3920271396636963,0.0,0.0,0.0,0.0,0.0,0.0,0.0,0.0,0.0,0.0,0.0,0.0,0.023000000044703484,0.023000000044703484,0.02,0.15,0.0,0.0,0.0,0.0,0.0,0.0,0.0,0.0,0.0,0.0,0.0,0.0,0.3922310769557953,0.09511084854602814,0.0008130187452479731,8.039698600769043,186,nan,-1.0,True,,False,0.010050058364868164,0.0,0.1258549690246582,20.0,20.0,1.0,0.0,0.0,0.0,0.0,0.0
1526,82.03849029541016,0.0,0.0,0.0,82.03849029541016,0.038642607629299164,12.705175399780273,2.393298625946045,0.0,0.0,0.0,0.0,0.0,0.0,0.0,0.0,0.0,0.0,0.0,0.0,0.023000000044703484,0.023000000044703484,0.02,0.15,0.0,0.0,0.0,0.0,0.0,0.0,0.0,0.0,0.0,0.0,0.0,0.0,0.39222341775894165,0.09504948556423187,0.0006474284255091334,8.039698600769043,186,nan,-1.0,True,,False,0.010050058364868164,0.0,0.1258549690246582,20.0,20.0,1.0,0.0,0.0,0.0,0.0,0.0
1527,83.59024810791016,0.0,0.0,0.0,83.59024810791016,0.03721454739570618,12.704790115356445,2.3946893215179443,0.0,0.0,0.0,0.0,0.0,0.0,0.0,0.0,0.0,0.0,0.0,0.0,0.023000000044703484,0.023000000044703484,0.02,0.15,0.0,0.0,0.0,0.0,0.0,0.0,0.0,0.0,0.0,0.0,0.0,0.0,0.3922043740749359,0.09499591588973999,0.0006063042692403542,8.039698600769043,186,nan,-1.0,True,,False,0.010050058364868164,0.0,0.1258549690246582,20.0,20.0,1.0,0.0,0.0,0.0,0.0,0.0
1528,85.67839050292969,0.0,0.0,0.0,85.67839050292969,0.035397909581661224,12.705055236816406,2.39621901512146,0.0,0.0,0.0,0.0,0.0,0.0,0.0,0.0,0.0,0.0,0.0,0.0,0.023000000044703484,0.023000000044703484,0.02,0.15,0.0,0.0,0.0,0.0,0.0,0.0,0.0,0.0,0.0,0.0,0.0,0.0,0.3921849727630615,0.09494911134243011,0.0006568827584487735,8.039698600769043,186,nan,-1.0,True,,False,0.010050058364868164,0.0,0.1258549690246582,20.0,20.0,1.0,0.0,0.0,0.0,0.0,0.0
1529,86.79617309570312,0.0,0.0,0.0,86.79617309570312,0.0344962477684021,12.704460144042969,2.3979005813598633,0.0,0.0,0.0,0.0,0.0,0.0,0.0,0.0,0.0,0.0,0.0,0.0,0.023000000044703484,0.023000000044703484,0.02,0.15,0.0,0.0,0.0,0.0,0.0,0.0,0.0,0.0,0.0,0.0,0.0,0.0,0.39216408133506775,0.09490815550088882,0.0007589938363707915,8.039698600769043,186,nan,-1.0,True,,False,0.010050058364868164,0.0,0.1258549690246582,20.0,20.0,1.0,0.0,0.0,0.0,0.0,0.0
1530,86.82855224609375,0.0,0.0,0.0,86.82855224609375,0.03453013300895691,12.70447826385498,2.399742841720581,0.0,0.0,0.0,0.0,0.0,0.0,0.0,0.0,0.0,0.0,0.0,0.0,0.023000000044703484,0.023000000044703484,0.02,0.15,0.0,0.0,0.0,0.0,0.0,0.0,0.0,0.0,0.0,0.0,0.0,0.0,0.39214059710502625,0.09487232565879822,0.0009066880593309179,8.039698600769043,186,nan,-1.0,True,,False,0.010050058364868164,0.0,0.1258549690246582,20.0,20.0,1.0,0.0,0.0,0.0,0.0,0.0
1531,87.53070831298828,0.0,0.0,0.0,87.53070831298828,0.034069184213876724,12.703634262084961,2.4017345905303955,0.0,0.0,0.0,0.0,0.0,0.0,0.0,0.0,0.0,0.0,0.0,0.0,0.023000000044703484,0.023000000044703484,0.02,0.15,0.0,0.0,0.0,0.0,0.0,0.0,0.0,0.0,0.0,0.0,0.0,0.0,0.3921135663986206,0.09484092146158218,0.0010833464166353224,8.039698600769043,186,nan,-1.0,True,,False,0.010050058364868164,0.0,0.1258549690246582,20.0,20.0,1.0,0.0,0.0,0.0,0.0,0.0
1532,88.72003173828125,0.0,0.0,0.0,88.72003173828125,0.03317590057849884,12.7026948928833,2.4032042026519775,0.0,0.0,0.0,0.0,0.0,0.0,0.0,0.0,0.0,0.0,0.0,0.0,0.023000000044703484,0.023000000044703484,0.02,0.15,0.0,0.0,0.0,0.0,0.0,0.0,0.0,0.0,0.0,0.0,0.0,0.0,0.3920822739601135,0.09481342881917953,0.0011924345772058587,8.039698600769043,186,nan,-1.0,True,,False,0.010050058364868164,0.0,0.1258549690246582,20.0,20.0,1.0,0.0,0.0,0.0,0.0,0.0
1533,87.56317901611328,0.0,0.0,0.0,87.56317901611328,0.03401865437626839,12.701116561889648,2.4038984775543213,0.0,0.0,0.0,0.0,0.0,0.0,0.0,0.0,0.0,0.0,0.0,0.0,0.023000000044703484,0.023000000044703484,0.02,0.15,0.0,0.0,0.0,0.0,0.0,0.0,0.0,0.0,0.0,0.0,0.0,0.0,0.392036497592926,0.09478931128978729,0.0012503869820648106,8.039698600769043,186,nan,-1.0,True,,False,0.010050058364868164,0.0,0.1258549690246582,20.0,20.0,1.0,0.0,0.0,0.0,0.0,0.0
1534,86.35708618164062,0.0,0.0,0.0,86.35708618164062,0.03503098338842392,12.699735641479492,2.404867172241211,0.0,0.0,0.0,0.0,0.0,0.0,0.0,0.0,0.0,0.0,0.0,0.0,0.023000000044703484,0.023000000044703484,0.02,0.15,0.0,0.0,0.0,0.0,0.0,0.0,0.0,0.0,0.0,0.0,0.0,0.0,0.3919808566570282,0.09476818889379501,0.0012935350403040502,8.039698600769043,186,nan,-1.0,True,,False,0.010050058364868164,0.0,0.1258549690246582,20.0,20.0,1.0,0.0,0.0,0.0,0.0,0.0
1535,103.94979858398438,0.0,0.0,0.0,103.94979858398438,0.0233791284263134,12.697168350219727,2.406181812286377,0.0,0.0,0.0,0.0,0.0,0.0,0.0,0.0,0.0,0.0,0.0,0.0,0.023000000044703484,0.023000000044703484,0.02,0.15,0.0,0.0,0.0,0.0,0.0,0.0,0.0,0.0,0.0,0.0,0.0,0.0,0.39191463589668274,0.09474970400333405,0.001055892589420182,8.039698600769043,186,nan,-1.0,True,,False,0.010050058364868164,0.0,0.1258549690246582,20.0,20.0,1.0,0.0,0.0,0.0,0.0,0.0
1536,144.32688903808594,0.0,0.0,0.0,144.32688903808594,0.01035715639591217,12.69625473022461,2.4076550006866455,0.0,0.0,0.0,0.0,0.0,0.0,0.0,0.0,0.0,0.0,0.0,0.0,0.023000000044703484,0.023000000044703484,0.02,0.15,0.0,0.0,0.0,0.0,0.0,0.0,0.0,0.0,0.0,0.0,0.0,0.0,0.39185309410095215,0.09473370015621185,0.0010494133441625308,8.039698600769043,186,nan,-1.0,True,,False,0.010050058364868164,0.0,0.1258549690246582,20.0,20.0,1.0,0.0,0.0,0.0,0.0,0.0
1537,221.91653442382812,0.0,0.0,0.0,221.91653442382812,0.0028519737534224987,12.695476531982422,2.4093000888824463,0.0,0.0,0.0,0.0,0.0,0.0,0.0,0.0,0.0,0.0,0.0,0.0,0.023000000044703484,0.023000000044703484,0.02,0.15,0.0,0.0,0.0,0.0,0.0,0.0,0.0,0.0,0.0,0.0,0.0,0.0,0.3917975425720215,0.09471987187862396,0.0010242326088700793,8.039698600769043,186,nan,-1.0,True,,False,0.010050058364868164,0.0,0.1258549690246582,20.0,20.0,1.0,0.0,0.0,0.0,0.0,0.0
1538,287.03363037109375,0.0,0.0,0.0,287.03363037109375,0.001143474131822586,12.696226119995117,2.411081552505493,0.0,0.0,0.0,0.0,0.0,0.0,0.0,0.0,0.0,0.0,0.0,0.0,0.023000000044703484,0.023000000044703484,0.02,0.15,0.0,0.0,0.0,0.0,0.0,0.0,0.0,0.0,0.0,0.0,0.0,0.0,0.39174914360046387,0.09470793604850769,0.0009870460137335613,8.039698600769043,186,nan,-1.0,True,,False,0.010050058364868164,0.0,0.1258549690246582,20.0,20.0,1.0,0.0,0.0,0.0,0.0,0.0
1539,183.93960571289062,0.0,0.0,0.0,183.93960571289062,0.0051889568567276,12.697771072387695,2.412959098815918,0.0,0.0,0.0,0.0,0.0,0.0,0.0,0.0,0.0,0.0,0.0,0.0,0.023000000044703484,0.023000000044703484,0.02,0.15,0.0,0.0,0.0,0.0,0.0,0.0,0.0,0.0,0.0,0.0,0.0,0.0,0.39170822501182556,0.09469765424728394,0.0009374508376822632,8.039698600769043,186,nan,-1.0,True,,False,0.010050058364868164,0.0,0.1258549690246582,20.0,20.0,1.0,0.0,0.0,0.0,0.0,0.0
1540,127.13553619384766,0.0,0.0,0.0,127.13553619384766,0.014458229765295982,12.699745178222656,2.415001630783081,0.0,0.0,0.0,0.0,0.0,0.0,0.0,0.0,0.0,0.0,0.0,0.0,0.023000000044703484,0.023000000044703484,0.02,0.15,0.0,0.0,0.0,0.0,0.0,0.0,0.0,0.0,0.0,0.0,0.0,0.0,0.3916679918766022,0.09468884766101837,0.0009296134035139403,8.039698600769043,186,nan,-1.0,True,,False,0.010050058364868164,0.0,0.1258549690246582,20.0,20.0,1.0,0.0,0.0,0.0,0.0,0.0
1541,93.79473876953125,0.0,0.0,0.0,93.79473876953125,0.029522892087697983,12.702347755432129,2.4172520637512207,0.0,0.0,0.0,0.0,0.0,0.0,0.0,0.0,0.0,0.0,0.0,0.0,0.023000000044703484,0.023000000044703484,0.02,0.15,0.0,0.0,0.0,0.0,0.0,0.0,0.0,0.0,0.0,0.0,0.0,0.0,0.39162203669548035,0.09468133002519608,0.0009501235738298419,8.039698600769043,186,nan,-1.0,True,,False,0.010050058364868164,0.0,0.1258549690246582,20.0,20.0,1.0,0.0,0.0,0.0,0.0,0.0
1542,72.6740493774414,0.0,0.0,0.0,72.6740493774414,0.0497712567448616,12.705609321594238,2.419651985168457,0.0,0.0,0.0,0.0,0.0,0.0,0.0,0.0,0.0,0.0,0.0,0.0,0.023000000044703484,0.023000000044703484,0.02,0.15,0.0,0.0,0.0,0.0,0.0,0.0,0.0,0.0,0.0,0.0,0.0,0.0,0.39158135652542114,0.09467490017414093,0.0009747466760927637,8.039698600769043,186,nan,-1.0,True,,False,0.010050058364868164,0.0,0.1258549690246582,20.0,20.0,1.0,0.0,0.0,0.0,0.0,0.0
1543,99.74750518798828,0.0,0.0,0.0,99.74750518798828,0.025865323841571808,12.709169387817383,2.4220845699310303,0.0,0.0,0.0,0.0,0.0,0.0,0.0,0.0,0.0,0.0,0.0,0.0,0.023000000044703484,0.023000000044703484,0.02,0.15,0.0,0.0,0.0,0.0,0.0,0.0,0.0,0.0,0.0,0.0,0.0,0.0,0.3915509283542633,0.09466942399740219,0.0018405272217023594,8.039698600769043,186,nan,-1.0,True,,False,0.010050058364868164,0.0,0.1258549690246582,20.0,20.0,1.0,0.0,0.0,0.0,0.0,0.0
1544,109.70540618896484,0.0,0.0,0.0,109.70540618896484,0.02079382725059986,12.712687492370605,2.4237003326416016,0.0,0.0,0.0,0.0,0.0,0.0,0.0,0.0,0.0,0.0,0.0,0.0,0.023000000044703484,0.023000000044703484,0.02,0.15,0.0,0.0,0.0,0.0,0.0,0.0,0.0,0.0,0.0,0.0,0.0,0.0,0.3915463387966156,0.09466485679149628,0.0018508948198814323,8.039698600769043,186,nan,-1.0,True,,False,0.010050058364868164,0.0,0.1258549690246582,20.0,20.0,1.0,0.0,0.0,0.0,0.0,0.0
1545,55.50346755981445,0.0,0.0,0.0,55.50346755981445,0.0806734636425972,12.715954780578613,2.424236297607422,0.0,0.0,0.0,0.0,0.0,0.0,0.0,0.0,0.0,0.0,0.0,0.0,0.023000000044703484,0.023000000044703484,0.02,0.15,0.0,0.0,0.0,0.0,0.0,0.0,0.0,0.0,0.0,0.0,0.0,0.0,0.3915216028690338,0.09466072171926498,0.0016283566073980182,8.039698600769043,186,nan,-1.0,True,,False,0.010050058364868164,0.0,0.1258549690246582,20.0,20.0,1.0,0.0,0.0,0.0,0.0,0.0
1546,51.169151306152344,0.0,0.0,0.0,51.169151306152344,0.09213410317897797,12.71828842163086,2.424927234649658,0.0,0.0,0.0,0.0,0.0,0.0,0.0,0.0,0.0,0.0,0.0,0.0,0.023000000044703484,0.023000000044703484,0.02,0.15,0.0,0.0,0.0,0.0,0.0,0.0,0.0,0.0,0.0,0.0,0.0,0.0,0.391478955745697,0.09465692192316055,0.0016264500225133816,8.039698600769043,186,nan,-1.0,True,,False,0.010050058364868164,0.0,0.1258549690246582,20.0,20.0,1.0,0.0,0.0,0.0,0.0,0.0
1547,83.96200561523438,0.0,0.0,0.0,83.96200561523438,0.03738441318273544,12.719698905944824,2.425774574279785,0.0,0.0,0.0,0.0,0.0,0.0,0.0,0.0,0.0,0.0,0.0,0.0,0.023000000044703484,0.023000000044703484,0.02,0.15,0.0,0.0,0.0,0.0,0.0,0.0,0.0,0.0,0.0,0.0,0.0,0.0,0.3914188742637634,0.09465333074331284,0.0037734536783773365,8.039698600769043,186,nan,-1.0,True,,False,0.010050058364868164,0.0,0.1258549690246582,20.0,20.0,1.0,0.0,0.0,0.0,0.0,0.0
1548,55.083072662353516,0.0,0.0,0.0,55.083072662353516,0.08159461617469788,12.721235275268555,2.424731492996216,0.0,0.0,0.0,0.0,0.0,0.0,0.0,0.0,0.0,0.0,0.0,0.0,0.023000000044703484,0.023000000044703484,0.02,0.15,0.0,0.0,0.0,0.0,0.0,0.0,0.0,0.0,0.0,0.0,0.0,0.0,0.39135414361953735,0.09465095400810242,0.003745425668057578,8.039698600769043,186,nan,-1.0,True,,False,0.010050058364868164,0.0,0.1258549690246582,20.0,20.0,1.0,0.0,0.0,0.0,0.0,0.0
1549,38.9605598449707,0.0,0.0,0.0,38.9605598449707,0.13843019306659698,12.721567153930664,2.423123836517334,0.0,0.0,0.0,0.0,0.0,0.0,0.0,0.0,0.0,0.0,0.0,0.0,0.023000000044703484,0.023000000044703484,0.02,0.15,0.0,0.0,0.0,0.0,0.0,0.0,0.0,0.0,0.0,0.0,0.0,0.0,0.3912906348705292,0.09464812278747559,0.001714641814260176,8.039698600769043,186,nan,-1.0,True,,False,0.010050058364868164,0.0,0.1258549690246582,20.0,20.0,1.0,0.0,0.0,0.0,0.0,0.0
1550,35.68815994262695,0.0,0.0,0.0,35.68815994262695,0.15589508414268494,12.721339225769043,2.421778917312622,0.0,0.0,0.0,0.0,0.0,0.0,0.0,0.0,0.0,0.0,0.0,0.0,0.023000000044703484,0.023000000044703484,0.02,0.15,0.0,0.0,0.0,0.0,0.0,0.0,0.0,0.0,0.0,0.0,0.0,0.0,0.3912106454372406,0.09464526176452637,0.001746909886605863,8.039698600769043,186,nan,-1.0,True,,False,0.010050058364868164,0.0,0.1258549690246582,20.0,20.0,1.0,0.0,0.0,0.0,0.0,0.0
1551,33.51436233520508,0.0,0.0,0.0,33.51436233520508,0.16922761499881744,12.72026538848877,2.4207022190093994,0.0,0.0,0.0,0.0,0.0,0.0,0.0,0.0,0.0,0.0,0.0,0.0,0.023000000044703484,0.023000000044703484,0.02,0.15,0.0,0.0,0.0,0.0,0.0,0.0,0.0,0.0,0.0,0.0,0.0,0.0,0.3911149203777313,0.09464231133460999,0.001605240695653265,8.039698600769043,186,nan,-1.0,True,,False,0.010050058364868164,0.0,0.1258549690246582,20.0,20.0,1.0,0.0,0.0,0.0,0.0,0.0
1552,33.92082977294922,0.0,0.0,0.0,33.92082977294922,0.16641557216644287,12.71900749206543,2.4199516773223877,0.0,0.0,0.0,0.0,0.0,0.0,0.0,0.0,0.0,0.0,0.0,0.0,0.023000000044703484,0.023000000044703484,0.02,0.15,0.0,0.0,0.0,0.0,0.0,0.0,0.0,0.0,0.0,0.0,0.0,0.0,0.39102354645729065,0.09463995695114136,0.0016178642417798983,8.039698600769043,186,nan,-1.0,True,,False,0.010050058364868164,0.0,0.1258549690246582,20.0,20.0,1.0,0.0,0.0,0.0,0.0,0.0
1553,33.8032341003418,0.0,0.0,0.0,33.8032341003418,0.1670854538679123,12.718463897705078,2.4195499420166016,0.0,0.0,0.0,0.0,0.0,0.0,0.0,0.0,0.0,0.0,0.0,0.0,0.023000000044703484,0.023000000044703484,0.02,0.15,0.0,0.0,0.0,0.0,0.0,0.0,0.0,0.0,0.0,0.0,0.0,0.0,0.3909375071525574,0.0946381539106369,0.0016078307680800208,8.039698600769043,186,nan,-1.0,True,,False,0.010050058364868164,0.0,0.1258549690246582,20.0,20.0,1.0,0.0,0.0,0.0,0.0,0.0
1554,33.138301849365234,0.0,0.0,0.0,33.138301849365234,0.17144775390625,12.717451095581055,2.41953706741333,0.0,0.0,0.0,0.0,0.0,0.0,0.0,0.0,0.0,0.0,0.0,0.0,0.023000000044703484,0.023000000044703484,0.02,0.15,0.0,0.0,0.0,0.0,0.0,0.0,0.0,0.0,0.0,0.0,0.0,0.0,0.3908565938472748,0.09463689476251602,0.001590078644994719,8.039698600769043,186,nan,-1.0,True,,False,0.010050058364868164,0.0,0.1258549690246582,20.0,20.0,1.0,0.0,0.0,0.0,0.0,0.0
1555,31.964576721191406,0.0,0.0,0.0,31.964576721191406,0.1796419620513916,12.717472076416016,2.4199399948120117,0.0,0.0,0.0,0.0,0.0,0.0,0.0,0.0,0.0,0.0,0.0,0.0,0.023000000044703484,0.023000000044703484,0.02,0.15,0.0,0.0,0.0,0.0,0.0,0.0,0.0,0.0,0.0,0.0,0.0,0.0,0.3907816410064697,0.09463611990213394,0.0015614831233961013,8.039698600769043,186,nan,-1.0,True,,False,0.010050058364868164,0.0,0.1258549690246582,20.0,20.0,1.0,0.0,0.0,0.0,0.0,0.0
1556,30.3338623046875,0.0,0.0,0.0,30.3338623046875,0.19201649725437164,12.717192649841309,2.4207425117492676,0.0,0.0,0.0,0.0,0.0,0.0,0.0,0.0,0.0,0.0,0.0,0.0,0.023000000044703484,0.023000000044703484,0.02,0.15,0.0,0.0,0.0,0.0,0.0,0.0,0.0,0.0,0.0,0.0,0.0,0.0,0.3907146155834198,0.09463579952716827,0.001521813698900587,8.039698600769043,186,nan,-1.0,True,,False,0.010050058364868164,0.0,0.1258549690246582,20.0,20.0,1.0,0.0,0.0,0.0,0.0,0.0
1557,29.766759872436523,0.0,0.0,0.0,29.766759872436523,0.196763813495636,12.718113899230957,2.4219248294830322,0.0,0.0,0.0,0.0,0.0,0.0,0.0,0.0,0.0,0.0,0.0,0.0,0.023000000044703484,0.023000000044703484,0.02,0.15,0.0,0.0,0.0,0.0,0.0,0.0,0.0,0.0,0.0,0.0,0.0,0.0,0.39065513014793396,0.09463587403297424,0.0011387247025140823,8.039698600769043,186,nan,-1.0,True,,False,0.010050058364868164,0.0,0.1258549690246582,20.0,20.0,1.0,0.0,0.0,0.0,0.0,0.0
1558,36.779518127441406,0.0,0.0,0.0,36.779518127441406,0.1495751291513443,12.719351768493652,2.422332525253296,0.0,0.0,0.0,0.0,0.0,0.0,0.0,0.0,0.0,0.0,0.0,0.0,0.023000000044703484,0.023000000044703484,0.02,0.15,0.0,0.0,0.0,0.0,0.0,0.0,0.0,0.0,0.0,0.0,0.0,0.0,0.39057740569114685,0.09463682770729065,0.001144979824175607,8.039698600769043,186,nan,-1.0,True,,False,0.010050058364868164,0.0,0.1258549690246582,20.0,20.0,1.0,0.0,0.0,0.0,0.0,0.0
1559,39.78379821777344,0.0,0.0,0.0,39.78379821777344,0.13412681221961975,12.72160816192627,2.422980308532715,0.0,0.0,0.0,0.0,0.0,0.0,0.0,0.0,0.0,0.0,0.0,0.0,0.023000000044703484,0.023000000044703484,0.02,0.15,0.0,0.0,0.0,0.0,0.0,0.0,0.0,0.0,0.0,0.0,0.0,0.0,0.3905216455459595,0.09463854879140854,0.001170072436252667,8.039698600769043,186,nan,-1.0,True,,False,0.010050058364868164,0.0,0.1258549690246582,20.0,20.0,1.0,0.0,0.0,0.0,0.0,0.0
1560,37.872413635253906,0.0,0.0,0.0,37.872413635253906,0.1437785029411316,12.72491455078125,2.4239165782928467,0.0,0.0,0.0,0.0,0.0,0.0,0.0,0.0,0.0,0.0,0.0,0.0,0.023000000044703484,0.023000000044703484,0.02,0.15,0.0,0.0,0.0,0.0,0.0,0.0,0.0,0.0,0.0,0.0,0.0,0.0,0.39048871397972107,0.09464100748300552,0.0012183282356090785,8.039698600769043,186,nan,-1.0,True,,False,0.010050058364868164,0.0,0.1258549690246582,20.0,20.0,1.0,0.0,0.0,0.0,0.0,0.0
1561,32.04837417602539,0.0,0.0,0.0,32.04837417602539,0.17962646484375,12.729301452636719,2.4250762462615967,0.0,0.0,0.0,0.0,0.0,0.0,0.0,0.0,0.0,0.0,0.0,0.0,0.023000000044703484,0.023000000044703484,0.02,0.15,0.0,0.0,0.0,0.0,0.0,0.0,0.0,0.0,0.0,0.0,0.0,0.0,0.39047741889953613,0.09464414417743683,0.0012649497809888999,8.039698600769043,186,nan,-1.0,True,,False,0.010050058364868164,0.0,0.1258549690246582,20.0,20.0,1.0,0.0,0.0,0.0,0.0,0.0
1562,31.622465133666992,0.0,0.0,0.0,31.622465133666992,0.18267440795898438,12.734729766845703,2.426525354385376,0.0,0.0,0.0,0.0,0.0,0.0,0.0,0.0,0.0,0.0,0.0,0.0,0.023000000044703484,0.023000000044703484,0.02,0.15,0.0,0.0,0.0,0.0,0.0,0.0,0.0,0.0,0.0,0.0,0.0,0.0,0.39048638939857483,0.09464786946773529,0.0012312662656768225,8.039698600769043,186,nan,-1.0,True,,False,0.010050058364868164,0.0,0.1258549690246582,20.0,20.0,1.0,0.0,0.0,0.0,0.0,0.0
1563,30.980453491210938,0.0,0.0,0.0,30.980453491210938,0.18747827410697937,12.742020606994629,2.4283666610717773,0.0,0.0,0.0,0.0,0.0,0.0,0.0,0.0,0.0,0.0,0.0,0.0,0.023000000044703484,0.023000000044703484,0.02,0.15,0.0,0.0,0.0,0.0,0.0,0.0,0.0,0.0,0.0,0.0,0.0,0.0,0.39050909876823425,0.0946517363190651,0.0012591117379088246,8.039698600769043,186,nan,-1.0,True,,False,0.010050058364868164,0.0,0.1258549690246582,20.0,20.0,1.0,0.0,0.0,0.0,0.0,0.0
1564,29.730270385742188,0.0,0.0,0.0,29.730270385742188,0.1974007487297058,12.751321792602539,2.4306652545928955,0.0,0.0,0.0,0.0,0.0,0.0,0.0,0.0,0.0,0.0,0.0,0.0,0.023000000044703484,0.023000000044703484,0.02,0.15,0.0,0.0,0.0,0.0,0.0,0.0,0.0,0.0,0.0,0.0,0.0,0.0,0.39054611325263977,0.09465570002794266,0.0013080475671358727,8.039698600769043,186,nan,-1.0,True,,False,0.010050058364868164,0.0,0.1258549690246582,20.0,20.0,1.0,0.0,0.0,0.0,0.0,0.0
1565,28.027769088745117,0.0,0.0,0.0,28.027769088745117,0.21217995882034302,12.761488914489746,2.43345308303833,0.0,0.0,0.0,0.0,0.0,0.0,0.0,0.0,0.0,0.0,0.0,0.0,0.023000000044703484,0.023000000044703484,0.02,0.15,0.0,0.0,0.0,0.0,0.0,0.0,0.0,0.0,0.0,0.0,0.0,0.0,0.39059582352638245,0.0946597009897232,0.0013994570761042269,8.039698600769043,186,nan,-1.0,True,,False,0.010050058364868164,0.0,0.1258549690246582,20.0,20.0,1.0,0.0,0.0,0.0,0.0,0.0
1566,26.023300170898438,0.0,0.0,0.0,26.023300170898438,0.23172685503959656,12.773590087890625,2.4368298053741455,0.0,0.0,0.0,0.0,0.0,0.0,0.0,0.0,0.0,0.0,0.0,0.0,0.023000000044703484,0.023000000044703484,0.02,0.15,0.0,0.0,0.0,0.0,0.0,0.0,0.0,0.0,0.0,0.0,0.0,0.0,0.39065638184547424,0.09466370195150375,0.0015109902967651578,8.039698600769043,186,nan,-1.0,True,,False,0.010050058364868164,0.0,0.1258549690246582,20.0,20.0,1.0,0.0,0.0,0.0,0.0,0.0
1567,23.842594146728516,0.0,0.0,0.0,23.842594146728516,0.2561413049697876,12.786338806152344,2.4409146308898926,0.0,0.0,0.0,0.0,0.0,0.0,0.0,0.0,0.0,0.0,0.0,0.0,0.023000000044703484,0.023000000044703484,0.02,0.15,0.0,0.0,0.0,0.0,0.0,0.0,0.0,0.0,0.0,0.0,0.0,0.0,0.39072656631469727,0.09466765820980072,0.0016757966373006639,8.039698600769043,186,nan,-1.0,True,,False,0.010050058364868164,0.0,0.1258549690246582,20.0,20.0,1.0,0.0,0.0,0.0,0.0,0.0
1568,21.622974395751953,0.0,0.0,0.0,21.622974395751953,0.28514671325683594,12.800551414489746,2.4459023475646973,0.0,0.0,0.0,0.0,0.0,0.0,0.0,0.0,0.0,0.0,0.0,0.0,0.023000000044703484,0.023000000044703484,0.02,0.15,0.0,0.0,0.0,0.0,0.0,0.0,0.0,0.0,0.0,0.0,0.0,0.0,0.39080482721328735,0.09467156231403351,0.0018930782812276448,8.039698600769043,186,nan,-1.0,True,,False,0.010050058364868164,0.0,0.1258549690246582,20.0,20.0,1.0,0.0,0.0,0.0,0.0,0.0
1569,19.478952407836914,0.0,0.0,0.0,19.478952407836914,0.3181692659854889,12.815685272216797,2.4517438411712646,0.0,0.0,0.0,0.0,0.0,0.0,0.0,0.0,0.0,0.0,0.0,0.0,0.023000000044703484,0.023000000044703484,0.02,0.15,0.0,0.0,0.0,0.0,0.0,0.0,0.0,0.0,0.0,0.0,0.0,0.0,0.39088892936706543,0.09467541426420212,0.002182820593361612,8.039698600769043,186,nan,-1.0,True,,False,0.010050058364868164,0.0,0.1258549690246582,20.0,20.0,1.0,0.0,0.0,0.0,0.0,0.0
1570,17.8358154296875,0.0,0.0,0.0,17.8358154296875,0.34789007902145386,12.83128833770752,2.458611011505127,0.0,0.0,0.0,0.0,0.0,0.0,0.0,0.0,0.0,0.0,0.0,0.0,0.023000000044703484,0.023000000044703484,0.02,0.15,0.0,0.0,0.0,0.0,0.0,0.0,0.0,0.0,0.0,0.0,0.0,0.0,0.39097848534584045,0.09467920660972595,0.006402764733593358,8.039698600769043,186,nan,-1.0,True,,False,0.010050058364868164,0.0,0.1258549690246582,20.0,20.0,1.0,0.0,0.0,0.0,0.0,0.0
1571,18.102306365966797,0.0,0.0,0.0,18.102306365966797,0.34415462613105774,12.846660614013672,2.466449737548828,0.0,0.0,0.0,0.0,0.0,0.0,0.0,0.0,0.0,0.0,0.0,0.0,0.023000000044703484,0.023000000044703484,0.02,0.15,0.0,0.0,0.0,0.0,0.0,0.0,0.0,0.0,0.0,0.0,0.0,0.0,0.39107003808021545,0.09468197822570801,0.0063489332756034855,8.039698600769043,186,nan,-1.0,True,,False,0.010050058364868164,0.0,0.1258549690246582,20.0,20.0,1.0,0.0,0.0,0.0,0.0,0.0
1572,18.357145309448242,0.0,0.0,0.0,18.357145309448242,0.34109926223754883,12.86185359954834,2.4754672050476074,0.0,0.0,0.0,0.0,0.0,0.0,0.0,0.0,0.0,0.0,0.0,0.0,0.023000000044703484,0.023000000044703484,0.02,0.15,0.0,0.0,0.0,0.0,0.0,0.0,0.0,0.0,0.0,0.0,0.0,0.0,0.39116358757019043,0.09468377381563187,0.00620111860155248,8.039698600769043,186,nan,-1.0,True,,False,0.010050058364868164,0.0,0.1258549690246582,20.0,20.0,1.0,0.0,0.0,0.0,0.0,0.0
1573,24.3067626953125,0.0,0.0,0.0,24.3067626953125,0.25628817081451416,12.87688159942627,2.4856531620025635,0.0,0.0,0.0,0.0,0.0,0.0,0.0,0.0,0.0,0.0,0.0,0.0,0.023000000044703484,0.023000000044703484,0.02,0.15,0.0,0.0,0.0,0.0,0.0,0.0,0.0,0.0,0.0,0.0,0.0,0.0,0.3912597894668579,0.09468469023704529,0.0009277926151298743,8.039698600769043,186,nan,-1.0,True,,False,0.010050058364868164,0.0,0.1258549690246582,20.0,20.0,1.0,0.0,0.0,0.0,0.0,0.0
1574,160.11599731445312,0.0,0.0,0.0,160.11599731445312,0.008028264157474041,12.891166687011719,2.492086887359619,0.0,0.0,0.0,0.0,0.0,0.0,0.0,0.0,0.0,0.0,0.0,0.0,0.023000000044703484,0.023000000044703484,0.02,0.15,0.0,0.0,0.0,0.0,0.0,0.0,0.0,0.0,0.0,0.0,0.0,0.0,0.3913646638393402,0.09468638151884079,0.0009374698793180869,8.039698600769043,186,nan,-1.0,True,,False,0.010050058364868164,0.0,0.1258549690246582,20.0,20.0,1.0,0.0,0.0,0.0,0.0,0.0
1575,89.30584716796875,0.0,0.0,0.0,89.30584716796875,0.03376753628253937,12.899917602539062,2.4937682151794434,0.0,0.0,0.0,0.0,0.0,0.0,0.0,0.0,0.0,0.0,0.0,0.0,0.023000000044703484,0.023000000044703484,0.02,0.15,0.0,0.0,0.0,0.0,0.0,0.0,0.0,0.0,0.0,0.0,0.0,0.0,0.3914484977722168,0.09468719363212585,0.0009452377294110192,8.039698600769043,186,nan,-1.0,True,,False,0.010050058364868164,0.0,0.1258549690246582,20.0,20.0,1.0,0.0,0.0,0.0,0.0,0.0
1576,70.9693374633789,0.0,0.0,0.0,70.9693374633789,0.053649790585041046,12.905417442321777,2.4940834045410156,0.0,0.0,0.0,0.0,0.0,0.0,0.0,0.0,0.0,0.0,0.0,0.0,0.023000000044703484,0.023000000044703484,0.02,0.15,0.0,0.0,0.0,0.0,0.0,0.0,0.0,0.0,0.0,0.0,0.0,0.0,0.391513854265213,0.09468714892864227,0.0009570865186105948,8.039698600769043,186,nan,-1.0,True,,False,0.010050058364868164,0.0,0.1258549690246582,20.0,20.0,1.0,0.0,0.0,0.0,0.0,0.0
1577,56.68777847290039,0.0,0.0,0.0,56.68777847290039,0.07983551174402237,12.908573150634766,2.4911868572235107,0.0,0.0,0.0,0.0,0.0,0.0,0.0,0.0,0.0,0.0,0.0,0.0,0.023000000044703484,0.023000000044703484,0.02,0.15,0.0,0.0,0.0,0.0,0.0,0.0,0.0,0.0,0.0,0.0,0.0,0.0,0.3915635049343109,0.09468629211187363,0.000983766527269836,8.039698600769043,186,nan,-1.0,True,,False,0.010050058364868164,0.0,0.1258549690246582,20.0,20.0,1.0,0.0,0.0,0.0,0.0,0.0
1578,44.00679016113281,0.0,0.0,0.0,44.00679016113281,0.11914694309234619,12.911222457885742,2.488473653793335,0.0,0.0,0.0,0.0,0.0,0.0,0.0,0.0,0.0,0.0,0.0,0.0,0.023000000044703484,0.023000000044703484,0.02,0.15,0.0,0.0,0.0,0.0,0.0,0.0,0.0,0.0,0.0,0.0,0.0,0.0,0.3916045129299164,0.09468461573123932,0.0010078451232402585,8.039698600769043,186,nan,-1.0,True,,False,0.010050058364868164,0.0,0.1258549690246582,20.0,20.0,1.0,0.0,0.0,0.0,0.0,0.0
1579,33.90637969970703,0.0,0.0,0.0,33.90637969970703,0.17139247059822083,12.912187576293945,2.4858896732330322,0.0,0.0,0.0,0.0,0.0,0.0,0.0,0.0,0.0,0.0,0.0,0.0,0.023000000044703484,0.023000000044703484,0.02,0.15,0.0,0.0,0.0,0.0,0.0,0.0,0.0,0.0,0.0,0.0,0.0,0.0,0.39163729548454285,0.09468220919370651,0.0010278431964252377,8.039698600769043,186,nan,-1.0,True,,False,0.010050058364868164,0.0,0.1258549690246582,20.0,20.0,1.0,0.0,0.0,0.0,0.0,0.0
1580,27.29981803894043,0.0,0.0,0.0,27.29981803894043,0.22426223754882812,12.912330627441406,2.4837911128997803,0.0,0.0,0.0,0.0,0.0,0.0,0.0,0.0,0.0,0.0,0.0,0.0,0.023000000044703484,0.023000000044703484,0.02,0.15,0.0,0.0,0.0,0.0,0.0,0.0,0.0,0.0,0.0,0.0,0.0,0.0,0.3916466236114502,0.09467903524637222,0.0010435968783895078,8.039698600769043,186,nan,-1.0,True,,False,0.010050058364868164,0.0,0.1258549690246582,20.0,20.0,1.0,0.0,0.0,0.0,0.0,0.0
1581,21.905384063720703,0.0,0.0,0.0,21.905384063720703,0.28694233298301697,12.910661697387695,2.4831483364105225,0.0,0.0,0.0,0.0,0.0,0.0,0.0,0.0,0.0,0.0,0.0,0.0,0.023000000044703484,0.023000000044703484,0.02,0.15,0.0,0.0,0.0,0.0,0.0,0.0,0.0,0.0,0.0,0.0,0.0,0.0,0.391605943441391,0.09467502683401108,0.0010204111829352769,8.039698600769043,186,nan,-1.0,True,,False,0.010050058364868164,0.0,0.1258549690246582,20.0,20.0,1.0,0.0,0.0,0.0,0.0,0.0
1582,22.14579963684082,0.0,0.0,0.0,22.14579963684082,0.28346458077430725,12.908601760864258,2.4826114177703857,0.0,0.0,0.0,0.0,0.0,0.0,0.0,0.0,0.0,0.0,0.0,0.0,0.023000000044703484,0.023000000044703484,0.02,0.15,0.0,0.0,0.0,0.0,0.0,0.0,0.0,0.0,0.0,0.0,0.0,0.0,0.3915573060512543,0.09467007219791412,0.0009361716556668398,8.039698600769043,186,nan,-1.0,True,,False,0.010050058364868164,0.0,0.1258549690246582,20.0,20.0,1.0,0.0,0.0,0.0,0.0,0.0
1583,24.629453659057617,0.0,0.0,0.0,24.629453659057617,0.2521759271621704,12.90760612487793,2.4820361137390137,0.0,0.0,0.0,0.0,0.0,0.0,0.0,0.0,0.0,0.0,0.0,0.0,0.023000000044703484,0.023000000044703484,0.02,0.15,0.0,0.0,0.0,0.0,0.0,0.0,0.0,0.0,0.0,0.0,0.0,0.0,0.3915152847766876,0.09466675668954849,0.0010073820628804242,8.039698600769043,186,nan,-1.0,True,,False,0.010050058364868164,0.0,0.1258549690246582,20.0,20.0,1.0,0.0,0.0,0.0,0.0,0.0
1584,26.928037643432617,0.0,0.0,0.0,26.928037643432617,0.22752416133880615,12.906171798706055,2.4813976287841797,0.0,0.0,0.0,0.0,0.0,0.0,0.0,0.0,0.0,0.0,0.0,0.0,0.023000000044703484,0.023000000044703484,0.02,0.15,0.0,0.0,0.0,0.0,0.0,0.0,0.0,0.0,0.0,0.0,0.0,0.0,0.39147716760635376,0.09466496855020523,0.0010577745638329361,8.039698600769043,186,nan,-1.0,True,,False,0.010050058364868164,0.0,0.1258549690246582,20.0,20.0,1.0,0.0,0.0,0.0,0.0,0.0
1585,29.252443313598633,0.0,0.0,0.0,29.252443313598633,0.2059810906648636,12.905981063842773,2.480781316757202,0.0,0.0,0.0,0.0,0.0,0.0,0.0,0.0,0.0,0.0,0.0,0.0,0.023000000044703484,0.023000000044703484,0.02,0.15,0.0,0.0,0.0,0.0,0.0,0.0,0.0,0.0,0.0,0.0,0.0,0.0,0.3914411962032318,0.09466470032930374,0.0010884530297516903,8.039698600769043,186,nan,-1.0,True,,False,0.010050058364868164,0.0,0.1258549690246582,20.0,20.0,1.0,0.0,0.0,0.0,0.0,0.0
1586,30.8696346282959,0.0,0.0,0.0,30.8696346282959,0.19265510141849518,12.905908584594727,2.4801087379455566,0.0,0.0,0.0,0.0,0.0,0.0,0.0,0.0,0.0,0.0,0.0,0.0,0.023000000044703484,0.023000000044703484,0.02,0.15,0.0,0.0,0.0,0.0,0.0,0.0,0.0,0.0,0.0,0.0,0.0,0.0,0.39141249656677246,0.09466581791639328,0.0010747654675924423,8.039698600769043,186,nan,-1.0,True,,False,0.010050058364868164,0.0,0.1258549690246582,20.0,20.0,1.0,0.0,0.0,0.0,0.0,0.0
1587,31.98607063293457,0.0,0.0,0.0,31.98607063293457,0.1841444969177246,12.905978202819824,2.4794275760650635,0.0,0.0,0.0,0.0,0.0,0.0,0.0,0.0,0.0,0.0,0.0,0.0,0.023000000044703484,0.023000000044703484,0.02,0.15,0.0,0.0,0.0,0.0,0.0,0.0,0.0,0.0,0.0,0.0,0.0,0.0,0.39138832688331604,0.09466825425624847,0.0010659775721251208,8.039698600769043,186,nan,-1.0,True,,False,0.010050058364868164,0.0,0.1258549690246582,20.0,20.0,1.0,0.0,0.0,0.0,0.0,0.0
1588,32.858917236328125,0.0,0.0,0.0,32.858917236328125,0.17784549295902252,12.907373428344727,2.4787590503692627,0.0,0.0,0.0,0.0,0.0,0.0,0.0,0.0,0.0,0.0,0.0,0.0,0.023000000044703484,0.023000000044703484,0.02,0.15,0.0,0.0,0.0,0.0,0.0,0.0,0.0,0.0,0.0,0.0,0.0,0.0,0.3913671672344208,0.0946718379855156,0.0010070532252939302,8.039698600769043,186,nan,-1.0,True,,False,0.010050058364868164,0.0,0.1258549690246582,20.0,20.0,1.0,0.0,0.0,0.0,0.0,0.0
1589,33.09663772583008,0.0,0.0,0.0,33.09663772583008,0.1761614978313446,12.908557891845703,2.4780995845794678,0.0,0.0,0.0,0.0,0.0,0.0,0.0,0.0,0.0,0.0,0.0,0.0,0.023000000044703484,0.023000000044703484,0.02,0.15,0.0,0.0,0.0,0.0,0.0,0.0,0.0,0.0,0.0,0.0,0.0,0.0,0.39135098457336426,0.0946764349937439,0.0009688550549071806,8.039698600769043,186,nan,-1.0,True,,False,0.010050058364868164,0.0,0.1258549690246582,20.0,20.0,1.0,0.0,0.0,0.0,0.0,0.0
1590,32.897247314453125,0.0,0.0,0.0,32.897247314453125,0.17751777172088623,12.910578727722168,2.4774250984191895,0.0,0.0,0.0,0.0,0.0,0.0,0.0,0.0,0.0,0.0,0.0,0.0,0.023000000044703484,0.023000000044703484,0.02,0.15,0.0,0.0,0.0,0.0,0.0,0.0,0.0,0.0,0.0,0.0,0.0,0.0,0.3913380205631256,0.09468173235654831,0.0009178152763524849,8.039698600769043,186,nan,-1.0,True,,False,0.010050058364868164,0.0,0.1258549690246582,20.0,20.0,1.0,0.0,0.0,0.0,0.0,0.0
1591,32.11788558959961,0.0,0.0,0.0,32.11788558959961,0.18305540084838867,12.913269996643066,2.476724624633789,0.0,0.0,0.0,0.0,0.0,0.0,0.0,0.0,0.0,0.0,0.0,0.0,0.023000000044703484,0.023000000044703484,0.02,0.15,0.0,0.0,0.0,0.0,0.0,0.0,0.0,0.0,0.0,0.0,0.0,0.0,0.3913276791572571,0.09468745440244675,0.000864096067743958,8.039698600769043,186,nan,-1.0,True,,False,0.010050058364868164,0.0,0.1258549690246582,20.0,20.0,1.0,0.0,0.0,0.0,0.0,0.0
1592,30.69898223876953,0.0,0.0,0.0,30.69898223876953,0.1938142478466034,12.915502548217773,2.4760029315948486,0.0,0.0,0.0,0.0,0.0,0.0,0.0,0.0,0.0,0.0,0.0,0.0,0.023000000044703484,0.023000000044703484,0.02,0.15,0.0,0.0,0.0,0.0,0.0,0.0,0.0,0.0,0.0,0.0,0.0,0.0,0.3913213908672333,0.09469357877969742,0.0008229027073411999,8.039698600769043,186,nan,-1.0,True,,False,0.010050058364868164,0.0,0.1258549690246582,20.0,20.0,1.0,0.0,0.0,0.0,0.0,0.0
1593,28.879222869873047,0.0,0.0,0.0,28.879222869873047,0.20899905264377594,12.918621063232422,2.4752862453460693,0.0,0.0,0.0,0.0,0.0,0.0,0.0,0.0,0.0,0.0,0.0,0.0,0.023000000044703484,0.023000000044703484,0.02,0.15,0.0,0.0,0.0,0.0,0.0,0.0,0.0,0.0,0.0,0.0,0.0,0.0,0.3913193345069885,0.09470022469758987,0.0008437805167886836,8.039698600769043,186,nan,-1.0,True,,False,0.010050058364868164,0.0,0.1258549690246582,20.0,20.0,1.0,0.0,0.0,0.0,0.0,0.0
1594,26.80921173095703,0.0,0.0,0.0,26.80921173095703,0.22846265137195587,12.922562599182129,2.4745447635650635,0.0,0.0,0.0,0.0,0.0,0.0,0.0,0.0,0.0,0.0,0.0,0.0,0.023000000044703484,0.023000000044703484,0.02,0.15,0.0,0.0,0.0,0.0,0.0,0.0,0.0,0.0,0.0,0.0,0.0,0.0,0.39132142066955566,0.09444105625152588,0.0009302037169618416,8.039698600769043,186,nan,-1.0,True,,False,0.010050058364868164,0.0,0.1258549690246582,20.0,20.0,1.0,0.0,0.0,0.0,0.0,0.0
1595,30.957706451416016,0.0,0.0,0.0,30.957706451416016,0.19185397028923035,12.925948143005371,2.473802328109741,0.0,0.0,0.0,0.0,0.0,0.0,0.0,0.0,0.0,0.0,0.0,0.0,0.023000000044703484,0.023000000044703484,0.02,0.15,0.0,0.0,0.0,0.0,0.0,0.0,0.0,0.0,0.0,0.0,0.0,0.0,0.39132627844810486,0.09410208463668823,0.0008600160986134142,8.039698600769043,186,nan,-1.0,True,,False,0.010050058364868164,0.0,0.1258549690246582,20.0,20.0,1.0,0.0,0.0,0.0,0.0,0.0
1596,39.46052932739258,0.0,0.0,0.0,39.46052932739258,0.1387554407119751,12.929139137268066,2.47312593460083,0.0,0.0,0.0,0.0,0.0,0.0,0.0,0.0,0.0,0.0,0.0,0.0,0.023000000044703484,0.023000000044703484,0.02,0.15,0.0,0.0,0.0,0.0,0.0,0.0,0.0,0.0,0.0,0.0,0.0,0.0,0.3913249373435974,0.0938187837600708,0.0007855387964355032,8.039698600769043,186,nan,-1.0,True,,False,0.010050058364868164,0.0,0.1258549690246582,20.0,20.0,1.0,0.0,0.0,0.0,0.0,0.0
1597,53.42618179321289,0.0,0.0,0.0,53.42618179321289,0.08737190812826157,12.93156909942627,2.472449541091919,0.0,0.0,0.0,0.0,0.0,0.0,0.0,0.0,0.0,0.0,0.0,0.0,0.023000000044703484,0.023000000044703484,0.02,0.15,0.0,0.0,0.0,0.0,0.0,0.0,0.0,0.0,0.0,0.0,0.0,0.0,0.39131566882133484,0.09364306926727295,0.0007377934516625828,8.039698600769043,186,nan,-1.0,True,,False,0.010050058364868164,0.0,0.1258549690246582,20.0,20.0,1.0,0.0,0.0,0.0,0.0,0.0
1598,75.72770690917969,0.0,0.0,0.0,75.72770690917969,0.04674422740936279,12.93277645111084,2.4718165397644043,0.0,0.0,0.0,0.0,0.0,0.0,0.0,0.0,0.0,0.0,0.0,0.0,0.023000000044703484,0.023000000044703484,0.02,0.15,0.0,0.0,0.0,0.0,0.0,0.0,0.0,0.0,0.0,0.0,0.0,0.0,0.3913017213344574,0.09350472688674927,0.0007095545274751203,8.039698600769043,186,nan,-1.0,True,,False,0.010050058364868164,0.0,0.1258549690246582,20.0,20.0,1.0,0.0,0.0,0.0,0.0,0.0
1599,120.76805877685547,0.0,0.0,0.0,120.76805877685547,0.01677047461271286,12.934486389160156,2.471236228942871,0.0,0.0,0.0,0.0,0.0,0.0,0.0,0.0,0.0,0.0,0.0,0.0,0.023000000044703484,0.023000000044703484,0.02,0.15,0.0,0.0,0.0,0.0,0.0,0.0,0.0,0.0,0.0,0.0,0.0,0.0,0.3912835121154785,0.0933956503868103,0.0007080607297211827,8.039698600769043,186,nan,-1.0,True,,False,0.010050058364868164,0.0,0.1258549690246582,20.0,20.0,1.0,0.0,0.0,0.0,0.0,0.0
1600,130.4723663330078,0.0,0.0,0.0,130.4723663330078,0.013811346143484116,12.935510635375977,2.4704668521881104,0.0,0.0,0.0,0.0,0.0,0.0,0.0,0.0,0.0,0.0,0.0,0.0,0.023000000044703484,0.023000000044703484,0.02,0.15,0.0,0.0,0.0,0.0,0.0,0.0,0.0,0.0,0.0,0.0,0.0,0.0,0.3912617862224579,0.09330970048904419,0.0007254032666423882,8.039698600769043,186,nan,-1.0,True,,False,0.010050058364868164,0.0,0.1258549690246582,20.0,20.0,1.0,0.0,0.0,0.0,0.0,0.0
1601,45.40678405761719,0.0,0.0,0.0,45.40678405761719,0.112764373421669,12.936586380004883,2.4683847427368164,0.0,0.0,0.0,0.0,0.0,0.0,0.0,0.0,0.0,0.0,0.0,0.0,0.023000000044703484,0.023000000044703484,0.02,0.15,0.0,0.0,0.0,0.0,0.0,0.0,0.0,0.0,0.0,0.0,0.0,0.0,0.3912423849105835,0.0932168960571289,0.0007185893086898432,8.039698600769043,186,nan,-1.0,True,,False,0.010050058364868164,0.0,0.1258549690246582,20.0,20.0,1.0,0.0,0.0,0.0,0.0,0.0
1602,28.322402954101562,0.0,0.0,0.0,28.322402954101562,0.21338433027267456,12.937695503234863,2.4662764072418213,0.0,0.0,0.0,0.0,0.0,0.0,0.0,0.0,0.0,0.0,0.0,0.0,0.023000000044703484,0.023000000044703484,0.02,0.15,0.0,0.0,0.0,0.0,0.0,0.0,0.0,0.0,0.0,0.0,0.0,0.0,0.39122381806373596,0.09312200546264648,0.0007017814737082517,8.039698600769043,186,nan,-1.0,True,,False,0.010050058364868164,0.0,0.1258549690246582,20.0,20.0,1.0,0.0,0.0,0.0,0.0,0.0
1603,22.04973602294922,0.0,0.0,0.0,22.04973602294922,0.28295937180519104,12.938847541809082,2.4639952182769775,0.0,0.0,0.0,0.0,0.0,0.0,0.0,0.0,0.0,0.0,0.0,0.0,0.023000000044703484,0.023000000044703484,0.02,0.15,0.0,0.0,0.0,0.0,0.0,0.0,0.0,0.0,0.0,0.0,0.0,0.0,0.39120611548423767,0.09302490949630737,0.005526899333631263,8.039698600769043,186,nan,-1.0,True,,False,0.010050058364868164,0.0,0.1258549690246582,20.0,20.0,1.0,0.0,0.0,0.0,0.0,0.0
1604,22.340408325195312,0.0,0.0,0.0,22.340408325195312,0.2785915732383728,12.939973831176758,2.4618518352508545,0.0,0.0,0.0,0.0,0.0,0.0,0.0,0.0,0.0,0.0,0.0,0.0,0.023000000044703484,0.023000000044703484,0.02,0.15,0.0,0.0,0.0,0.0,0.0,0.0,0.0,0.0,0.0,0.0,0.0,0.0,0.3911888003349304,0.09293115139007568,0.0055311022084651995,8.039698600769043,186,nan,-1.0,True,,False,0.010050058364868164,0.0,0.1258549690246582,20.0,20.0,1.0,0.0,0.0,0.0,0.0,0.0
1605,22.514617919921875,0.0,0.0,0.0,22.514617919921875,0.27594321966171265,12.941018104553223,2.4598023891448975,0.0,0.0,0.0,0.0,0.0,0.0,0.0,0.0,0.0,0.0,0.0,0.0,0.023000000044703484,0.023000000044703484,0.02,0.15,0.0,0.0,0.0,0.0,0.0,0.0,0.0,0.0,0.0,0.0,0.0,0.0,0.39117178320884705,0.09284096956253052,0.005525795210473916,8.039698600769043,186,nan,-1.0,True,,False,0.010050058364868164,0.0,0.1258549690246582,20.0,20.0,1.0,0.0,0.0,0.0,0.0,0.0
1606,22.785383224487305,0.0,0.0,0.0,22.785383224487305,0.2721477150917053,12.942047119140625,2.457916736602783,0.0,0.0,0.0,0.0,0.0,0.0,0.0,0.0,0.0,0.0,0.0,0.0,0.023000000044703484,0.023000000044703484,0.02,0.15,0.0,0.0,0.0,0.0,0.0,0.0,0.0,0.0,0.0,0.0,0.0,0.0,0.39115509390830994,0.09275424480438232,0.005514696223599458,8.039698600769043,186,nan,-1.0,True,,False,0.010050058364868164,0.0,0.1258549690246582,20.0,20.0,1.0,0.0,0.0,0.0,0.0,0.0
1607,22.923847198486328,0.0,0.0,0.0,22.923847198486328,0.2701527774333954,12.943042755126953,2.4561431407928467,0.0,0.0,0.0,0.0,0.0,0.0,0.0,0.0,0.0,0.0,0.0,0.0,0.023000000044703484,0.023000000044703484,0.02,0.15,0.0,0.0,0.0,0.0,0.0,0.0,0.0,0.0,0.0,0.0,0.0,0.0,0.3911387622356415,0.092670738697052,0.005496581482589136,8.039698600769043,186,nan,-1.0,True,,False,0.010050058364868164,0.0,0.1258549690246582,20.0,20.0,1.0,0.0,0.0,0.0,0.0,0.0
1608,23.092126846313477,0.0,0.0,0.0,23.092126846313477,0.2678244411945343,12.943988800048828,2.454406499862671,0.0,0.0,0.0,0.0,0.0,0.0,0.0,0.0,0.0,0.0,0.0,0.0,0.023000000044703484,0.023000000044703484,0.02,0.15,0.0,0.0,0.0,0.0,0.0,0.0,0.0,0.0,0.0,0.0,0.0,0.0,0.3911227881908417,0.0925908088684082,0.005480828103031854,8.039698600769043,186,nan,-1.0,True,,False,0.010050058364868164,0.0,0.1258549690246582,20.0,20.0,1.0,0.0,0.0,0.0,0.0,0.0
1609,23.253095626831055,0.0,0.0,0.0,23.253095626831055,0.2655622363090515,12.943836212158203,2.4521892070770264,0.0,0.0,0.0,0.0,0.0,0.0,0.0,0.0,0.0,0.0,0.0,0.0,0.023000000044703484,0.023000000044703484,0.02,0.15,0.0,0.0,0.0,0.0,0.0,0.0,0.0,0.0,0.0,0.0,0.0,0.0,0.3911062777042389,0.09257328510284424,0.005376626703764487,8.039698600769043,186,nan,-1.0,True,,False,0.010050058364868164,0.0,0.1258549690246582,20.0,20.0,1.0,0.0,0.0,0.0,0.0,0.0
1610,24.64818572998047,0.0,0.0,0.0,24.64818572998047,0.2487042397260666,12.943994522094727,2.449908494949341,0.0,0.0,0.0,0.0,0.0,0.0,0.0,0.0,0.0,0.0,0.0,0.0,0.023000000044703484,0.023000000044703484,0.02,0.15,0.0,0.0,0.0,0.0,0.0,0.0,0.0,0.0,0.0,0.0,0.0,0.0,0.3910902142524719,0.0925639271736145,0.005095511048807566,8.039698600769043,186,nan,-1.0,True,,False,0.010050058364868164,0.0,0.1258549690246582,20.0,20.0,1.0,0.0,0.0,0.0,0.0,0.0
1611,25.998302459716797,0.0,0.0,0.0,25.998302459716797,0.23382346332073212,12.944099426269531,2.447638750076294,0.0,0.0,0.0,0.0,0.0,0.0,0.0,0.0,0.0,0.0,0.0,0.0,0.023000000044703484,0.023000000044703484,0.02,0.15,0.0,0.0,0.0,0.0,0.0,0.0,0.0,0.0,0.0,0.0,0.0,0.0,0.39107534289360046,0.09256207942962646,0.004490177941988804,8.039698600769043,186,nan,-1.0,True,,False,0.010050058364868164,0.0,0.1258549690246582,20.0,20.0,1.0,0.0,0.0,0.0,0.0,0.0
1612,27.27202796936035,0.0,0.0,0.0,27.27202796936035,0.2209300398826599,12.944550514221191,2.445439100265503,0.0,0.0,0.0,0.0,0.0,0.0,0.0,0.0,0.0,0.0,0.0,0.0,0.023000000044703484,0.023000000044703484,0.02,0.15,0.0,0.0,0.0,0.0,0.0,0.0,0.0,0.0,0.0,0.0,0.0,0.0,0.3910621404647827,0.09256714582443237,0.004438454229557465,8.039698600769043,186,nan,-1.0,True,,False,0.010050058364868164,0.0,0.1258549690246582,20.0,20.0,1.0,0.0,0.0,0.0,0.0,0.0
1613,28.36408233642578,0.0,0.0,0.0,28.36408233642578,0.2106437385082245,12.944509506225586,2.443260908126831,0.0,0.0,0.0,0.0,0.0,0.0,0.0,0.0,0.0,0.0,0.0,0.0,0.023000000044703484,0.023000000044703484,0.02,0.15,0.0,0.0,0.0,0.0,0.0,0.0,0.0,0.0,0.0,0.0,0.0,0.0,0.3910510241985321,0.09257858991622925,0.003827680962103841,8.039698600769043,186,nan,-1.0,True,,False,0.010050058364868164,0.0,0.1258549690246582,20.0,20.0,1.0,0.0,0.0,0.0,0.0,0.0
1614,29.110149383544922,0.0,0.0,0.0,29.110149383544922,0.2039695829153061,12.943937301635742,2.441254138946533,0.0,0.0,0.0,0.0,0.0,0.0,0.0,0.0,0.0,0.0,0.0,0.0,0.023000000044703484,0.023000000044703484,0.02,0.15,0.0,0.0,0.0,0.0,0.0,0.0,0.0,0.0,0.0,0.0,0.0,0.0,0.3910432755947113,0.09259593486785889,0.003541125403444312,8.039698600769043,186,nan,-1.0,True,,False,0.010050058364868164,0.0,0.1258549690246582,20.0,20.0,1.0,0.0,0.0,0.0,0.0,0.0
1615,29.401676177978516,0.0,0.0,0.0,29.401676177978516,0.20136243104934692,12.944211959838867,2.4393467903137207,0.0,0.0,0.0,0.0,0.0,0.0,0.0,0.0,0.0,0.0,0.0,0.0,0.023000000044703484,0.023000000044703484,0.02,0.15,0.0,0.0,0.0,0.0,0.0,0.0,0.0,0.0,0.0,0.0,0.0,0.0,0.391039103269577,0.09261876344680786,0.00327366210603941,8.039698600769043,186,nan,-1.0,True,,False,0.010050058364868164,0.0,0.1258549690246582,20.0,20.0,1.0,0.0,0.0,0.0,0.0,0.0
1616,29.189870834350586,0.0,0.0,0.0,29.189870834350586,0.20303970575332642,12.943523406982422,2.4375996589660645,0.0,0.0,0.0,0.0,0.0,0.0,0.0,0.0,0.0,0.0,0.0,0.0,0.023000000044703484,0.023000000044703484,0.02,0.15,0.0,0.0,0.0,0.0,0.0,0.0,0.0,0.0,0.0,0.0,0.0,0.0,0.39103901386260986,0.09264683723449707,0.003022182284325936,8.039698600769043,186,nan,-1.0,True,,False,0.010050058364868164,0.0,0.1258549690246582,20.0,20.0,1.0,0.0,0.0,0.0,0.0,0.0
1617,31.521203994750977,0.0,0.0,0.0,31.521203994750977,0.1843932867050171,12.94323444366455,2.435981512069702,0.0,0.0,0.0,0.0,0.0,0.0,0.0,0.0,0.0,0.0,0.0,0.0,0.023000000044703484,0.023000000044703484,0.02,0.15,0.0,0.0,0.0,0.0,0.0,0.0,0.0,0.0,0.0,0.0,0.0,0.0,0.3910433351993561,0.09267985820770264,0.0026624352598219048,8.039698600769043,186,nan,-1.0,True,,False,0.010050058364868164,0.0,0.1258549690246582,20.0,20.0,1.0,0.0,0.0,0.0,0.0,0.0
1618,34.35850524902344,0.0,0.0,0.0,34.35850524902344,0.1647985726594925,12.943355560302734,2.434256076812744,0.0,0.0,0.0,0.0,0.0,0.0,0.0,0.0,0.0,0.0,0.0,0.0,0.023000000044703484,0.023000000044703484,0.02,0.15,0.0,0.0,0.0,0.0,0.0,0.0,0.0,0.0,0.0,0.0,0.0,0.0,0.39104604721069336,0.09271794557571411,0.0026229618820252654,8.039698600769043,186,nan,-1.0,True,,False,0.010050058364868164,0.0,0.1258549690246582,20.0,20.0,1.0,0.0,0.0,0.0,0.0,0.0
1619,37.32107162475586,0.0,0.0,0.0,37.32107162475586,0.14728042483329773,12.942514419555664,2.43237042427063,0.0,0.0,0.0,0.0,0.0,0.0,0.0,0.0,0.0,0.0,0.0,0.0,0.023000000044703484,0.023000000044703484,0.02,0.15,0.0,0.0,0.0,0.0,0.0,0.0,0.0,0.0,0.0,0.0,0.0,0.0,0.39104679226875305,0.09276068210601807,0.002620432828052799,8.039698600769043,186,nan,-1.0,True,,False,0.010050058364868164,0.0,0.1258549690246582,20.0,20.0,1.0,0.0,0.0,0.0,0.0,0.0
1620,40.309326171875,0.0,0.0,0.0,40.309326171875,0.13208961486816406,12.942085266113281,2.4304399490356445,0.0,0.0,0.0,0.0,0.0,0.0,0.0,0.0,0.0,0.0,0.0,0.0,0.023000000044703484,0.023000000044703484,0.02,0.15,0.0,0.0,0.0,0.0,0.0,0.0,0.0,0.0,0.0,0.0,0.0,0.0,0.39104512333869934,0.09280776977539062,0.0026214663560040208,8.039698600769043,186,nan,-1.0,True,,False,0.010050058364868164,0.0,0.1258549690246582,20.0,20.0,1.0,0.0,0.0,0.0,0.0,0.0
1621,43.207191467285156,0.0,0.0,0.0,43.207191467285156,0.11930282413959503,12.941593170166016,2.428330898284912,0.0,0.0,0.0,0.0,0.0,0.0,0.0,0.0,0.0,0.0,0.0,0.0,0.023000000044703484,0.023000000044703484,0.02,0.15,0.0,0.0,0.0,0.0,0.0,0.0,0.0,0.0,0.0,0.0,0.0,0.0,0.3910410404205322,0.09285867214202881,0.002650738803481545,8.039698600769043,186,nan,-1.0,True,,False,0.010050058364868164,0.0,0.1258549690246582,20.0,20.0,1.0,0.0,0.0,0.0,0.0,0.0
1622,45.78113555908203,0.0,0.0,0.0,45.78113555908203,0.10928495973348618,12.941490173339844,2.426079750061035,0.0,0.0,0.0,0.0,0.0,0.0,0.0,0.0,0.0,0.0,0.0,0.0,0.023000000044703484,0.023000000044703484,0.02,0.15,0.0,0.0,0.0,0.0,0.0,0.0,0.0,0.0,0.0,0.0,0.0,0.0,0.3910343050956726,0.09291321039199829,0.002657877062802072,8.039698600769043,186,nan,-1.0,True,,False,0.010050058364868164,0.0,0.1258549690246582,20.0,20.0,1.0,0.0,0.0,0.0,0.0,0.0
1623,47.88551330566406,0.0,0.0,0.0,47.88551330566406,0.10189011693000793,12.940505981445312,2.423733949661255,0.0,0.0,0.0,0.0,0.0,0.0,0.0,0.0,0.0,0.0,0.0,0.0,0.023000000044703484,0.023000000044703484,0.02,0.15,0.0,0.0,0.0,0.0,0.0,0.0,0.0,0.0,0.0,0.0,0.0,0.0,0.39102500677108765,0.09297096729278564,0.0027432095490667052,8.039698600769043,186,nan,-1.0,True,,False,0.010050058364868164,0.0,0.1258549690246582,20.0,20.0,1.0,0.0,0.0,0.0,0.0,0.0
1624,49.3229866027832,0.0,0.0,0.0,49.3229866027832,0.09718643128871918,12.940349578857422,2.4213085174560547,0.0,0.0,0.0,0.0,0.0,0.0,0.0,0.0,0.0,0.0,0.0,0.0,0.023000000044703484,0.023000000044703484,0.02,0.15,0.0,0.0,0.0,0.0,0.0,0.0,0.0,0.0,0.0,0.0,0.0,0.0,0.3910130560398102,0.09303164482116699,0.002817267333057316,8.039698600769043,186,nan,-1.0,True,,False,0.010050058364868164,0.0,0.1258549690246582,20.0,20.0,1.0,0.0,0.0,0.0,0.0,0.0
1625,49.92599868774414,0.0,0.0,0.0,49.92599868774414,0.09524617344141006,12.939277648925781,2.4187896251678467,0.0,0.0,0.0,0.0,0.0,0.0,0.0,0.0,0.0,0.0,0.0,0.0,0.023000000044703484,0.023000000044703484,0.02,0.15,0.0,0.0,0.0,0.0,0.0,0.0,0.0,0.0,0.0,0.0,0.0,0.0,0.3909986615180969,0.09309500455856323,0.0030135561786437393,8.039698600769043,186,nan,-1.0,True,,False,0.010050058364868164,0.0,0.1258549690246582,20.0,20.0,1.0,0.0,0.0,0.0,0.0,0.0
1626,49.80073547363281,0.0,0.0,0.0,49.80073547363281,0.09553997963666916,12.939085006713867,2.4162189960479736,0.0,0.0,0.0,0.0,0.0,0.0,0.0,0.0,0.0,0.0,0.0,0.0,0.023000000044703484,0.023000000044703484,0.02,0.15,0.0,0.0,0.0,0.0,0.0,0.0,0.0,0.0,0.0,0.0,0.0,0.0,0.39098232984542847,0.09316068887710571,0.0032512199938992126,8.039698600769043,186,nan,-1.0,True,,False,0.010050058364868164,0.0,0.1258549690246582,20.0,20.0,1.0,0.0,0.0,0.0,0.0,0.0
1627,49.06898498535156,0.0,0.0,0.0,49.06898498535156,0.09771370887756348,12.938385009765625,2.413616180419922,0.0,0.0,0.0,0.0,0.0,0.0,0.0,0.0,0.0,0.0,0.0,0.0,0.023000000044703484,0.023000000044703484,0.02,0.15,0.0,0.0,0.0,0.0,0.0,0.0,0.0,0.0,0.0,0.0,0.0,0.0,0.390964537858963,0.09322839975357056,0.0034424804364334705,8.039698600769043,186,nan,-1.0,True,,False,0.010050058364868164,0.0,0.1258549690246582,20.0,20.0,1.0,0.0,0.0,0.0,0.0,0.0
1628,47.70182418823242,0.0,0.0,0.0,47.70182418823242,0.10204441845417023,12.937690734863281,2.411006212234497,0.0,0.0,0.0,0.0,0.0,0.0,0.0,0.0,0.0,0.0,0.0,0.0,0.023000000044703484,0.023000000044703484,0.02,0.15,0.0,0.0,0.0,0.0,0.0,0.0,0.0,0.0,0.0,0.0,0.0,0.0,0.3909449577331543,0.09329789876937866,0.0036957014341396643,8.039698600769043,186,nan,-1.0,True,,False,0.010050058364868164,0.0,0.1258549690246582,20.0,20.0,1.0,0.0,0.0,0.0,0.0,0.0
1629,45.88898468017578,0.0,0.0,0.0,45.88898468017578,0.1082313284277916,12.936968803405762,2.408456325531006,0.0,0.0,0.0,0.0,0.0,0.0,0.0,0.0,0.0,0.0,0.0,0.0,0.023000000044703484,0.023000000044703484,0.02,0.15,0.0,0.0,0.0,0.0,0.0,0.0,0.0,0.0,0.0,0.0,0.0,0.0,0.39098116755485535,0.09336888790130615,0.004044109572987509,8.039698600769043,186,nan,-1.0,True,,False,0.010050058364868164,0.0,0.1258549690246582,20.0,20.0,1.0,0.0,0.0,0.0,0.0,0.0
1630,43.93602752685547,0.0,0.0,0.0,43.93602752685547,0.1154877245426178,12.935751914978027,2.4058892726898193,0.0,0.0,0.0,0.0,0.0,0.0,0.0,0.0,0.0,0.0,0.0,0.0,0.023000000044703484,0.023000000044703484,0.02,0.15,0.0,0.0,0.0,0.0,0.0,0.0,0.0,0.0,0.0,0.0,0.0,0.0,0.39102688431739807,0.09344124794006348,0.004199800795618103,8.039698600769043,186,nan,-1.0,True,,False,0.010050058364868164,0.0,0.1258549690246582,20.0,20.0,1.0,0.0,0.0,0.0,0.0,0.0
1631,43.403690338134766,0.0,0.0,0.0,43.403690338134766,0.11752103269100189,12.935469627380371,2.403420925140381,0.0,0.0,0.0,0.0,0.0,0.0,0.0,0.0,0.0,0.0,0.0,0.0,0.023000000044703484,0.023000000044703484,0.02,0.15,0.0,0.0,0.0,0.0,0.0,0.0,0.0,0.0,0.0,0.0,0.0,0.0,0.39107176661491394,0.09351456165313721,0.004564036581200526,8.039698600769043,186,nan,-1.0,True,,False,0.010050058364868164,0.0,0.1258549690246582,20.0,20.0,1.0,0.0,0.0,0.0,0.0,0.0
1632,47.2087516784668,0.0,0.0,0.0,47.2087516784668,0.10337205231189728,12.934255599975586,2.401012420654297,0.0,0.0,0.0,0.0,0.0,0.0,0.0,0.0,0.0,0.0,0.0,0.0,0.023000000044703484,0.023000000044703484,0.02,0.15,0.0,0.0,0.0,0.0,0.0,0.0,0.0,0.0,0.0,0.0,0.0,0.0,0.3911188542842865,0.09358882904052734,0.005121069433926095,8.039698600769043,186,nan,-1.0,True,,False,0.010050058364868164,0.0,0.1258549690246582,20.0,20.0,1.0,0.0,0.0,0.0,0.0,0.0
1633,51.323673248291016,0.0,0.0,0.0,51.323673248291016,0.09051664918661118,12.933916091918945,2.398733377456665,0.0,0.0,0.0,0.0,0.0,0.0,0.0,0.0,0.0,0.0,0.0,0.0,0.023000000044703484,0.023000000044703484,0.02,0.15,0.0,0.0,0.0,0.0,0.0,0.0,0.0,0.0,0.0,0.0,0.0,0.0,0.39116689562797546,0.09366375207901001,0.005133324177677423,8.039698600769043,186,nan,-1.0,True,,False,0.010050058364868164,0.0,0.1258549690246582,20.0,20.0,1.0,0.0,0.0,0.0,0.0,0.0
1634,55.78733825683594,0.0,0.0,0.0,55.78733825683594,0.07884982228279114,12.933161735534668,2.396472692489624,0.0,0.0,0.0,0.0,0.0,0.0,0.0,0.0,0.0,0.0,0.0,0.0,0.023000000044703484,0.023000000044703484,0.02,0.15,0.0,0.0,0.0,0.0,0.0,0.0,0.0,0.0,0.0,0.0,0.0,0.0,0.3912155330181122,0.09373915195465088,0.005110105333301362,8.039698600769043,186,nan,-1.0,True,,False,0.010050058364868164,0.0,0.1258549690246582,20.0,20.0,1.0,0.0,0.0,0.0,0.0,0.0
1635,60.541656494140625,0.0,0.0,0.0,60.541656494140625,0.06848760694265366,12.932371139526367,2.394298553466797,0.0,0.0,0.0,0.0,0.0,0.0,0.0,0.0,0.0,0.0,0.0,0.0,0.023000000044703484,0.023000000044703484,0.02,0.15,0.0,0.0,0.0,0.0,0.0,0.0,0.0,0.0,0.0,0.0,0.0,0.0,0.39126479625701904,0.0938149094581604,0.005185419825238569,8.039698600769043,186,nan,-1.0,True,,False,0.010050058364868164,0.0,0.1258549690246582,20.0,20.0,1.0,0.0,0.0,0.0,0.0,0.0
1636,65.29977416992188,0.0,0.0,0.0,65.29977416992188,0.05982206389307976,12.93159294128418,2.3925743103027344,0.0,0.0,0.0,0.0,0.0,0.0,0.0,0.0,0.0,0.0,0.0,0.0,0.023000000044703484,0.023000000044703484,0.02,0.15,0.0,0.0,0.0,0.0,0.0,0.0,0.0,0.0,0.0,0.0,0.0,0.0,0.39131540060043335,0.09388905763626099,0.005047602190188627,8.039698600769043,186,nan,-1.0,True,,False,0.010050058364868164,0.0,0.1258549690246582,20.0,20.0,1.0,0.0,0.0,0.0,0.0,0.0
1637,69.94276428222656,0.0,0.0,0.0,69.94276428222656,0.05268825218081474,12.930456161499023,2.3914270401000977,0.0,0.0,0.0,0.0,0.0,0.0,0.0,0.0,0.0,0.0,0.0,0.0,0.023000000044703484,0.023000000044703484,0.02,0.15,0.0,0.0,0.0,0.0,0.0,0.0,0.0,0.0,0.0,0.0,0.0,0.0,0.3913689851760864,0.09394782781600952,0.005000842990511956,8.039698600769043,186,nan,-1.0,True,,False,0.010050058364868164,0.0,0.1258549690246582,20.0,20.0,1.0,0.0,0.0,0.0,0.0,0.0
1638,73.97776794433594,0.0,0.0,0.0,73.97776794433594,0.04734886810183525,12.930381774902344,2.390702247619629,0.0,0.0,0.0,0.0,0.0,0.0,0.0,0.0,0.0,0.0,0.0,0.0,0.023000000044703484,0.023000000044703484,0.02,0.15,0.0,0.0,0.0,0.0,0.0,0.0,0.0,0.0,0.0,0.0,0.0,0.0,0.3914073407649994,0.09399867057800293,0.004940285506336295,8.039698600769043,186,nan,-1.0,True,,False,0.010050058364868164,0.0,0.1258549690246582,20.0,20.0,1.0,0.0,0.0,0.0,0.0,0.0
1639,77.02544403076172,0.0,0.0,0.0,77.02544403076172,0.043759703636169434,12.929855346679688,2.3902485370635986,0.0,0.0,0.0,0.0,0.0,0.0,0.0,0.0,0.0,0.0,0.0,0.0,0.023000000044703484,0.023000000044703484,0.02,0.15,0.0,0.0,0.0,0.0,0.0,0.0,0.0,0.0,0.0,0.0,0.0,0.0,0.3914335370063782,0.09404247999191284,0.004739613618994554,8.039698600769043,186,nan,-1.0,True,,False,0.010050058364868164,0.0,0.1258549690246582,20.0,20.0,1.0,0.0,0.0,0.0,0.0,0.0
1640,77.87962341308594,0.0,0.0,0.0,77.87962341308594,0.04281509667634964,12.929414749145508,2.3900556564331055,0.0,0.0,0.0,0.0,0.0,0.0,0.0,0.0,0.0,0.0,0.0,0.0,0.023000000044703484,0.023000000044703484,0.02,0.15,0.0,0.0,0.0,0.0,0.0,0.0,0.0,0.0,0.0,0.0,0.0,0.0,0.3914516270160675,0.09408020973205566,0.004656642454847315,8.039698600769043,186,nan,-1.0,True,,False,0.010050058364868164,0.0,0.1258549690246582,20.0,20.0,1.0,0.0,0.0,0.0,0.0,0.0
1641,76.95987701416016,0.0,0.0,0.0,76.95987701416016,0.04382654279470444,12.928569793701172,2.389981746673584,0.0,0.0,0.0,0.0,0.0,0.0,0.0,0.0,0.0,0.0,0.0,0.0,0.023000000044703484,0.023000000044703484,0.02,0.15,0.0,0.0,0.0,0.0,0.0,0.0,0.0,0.0,0.0,0.0,0.0,0.0,0.39146584272384644,0.09411287307739258,0.004562646988006236,8.039698600769043,186,nan,-1.0,True,,False,0.010050058364868164,0.0,0.1258549690246582,20.0,20.0,1.0,0.0,0.0,0.0,0.0,0.0
1642,74.17289733886719,0.0,0.0,0.0,74.17289733886719,0.04709187150001526,12.928224563598633,2.38995623588562,0.0,0.0,0.0,0.0,0.0,0.0,0.0,0.0,0.0,0.0,0.0,0.0,0.023000000044703484,0.023000000044703484,0.02,0.15,0.0,0.0,0.0,0.0,0.0,0.0,0.0,0.0,0.0,0.0,0.0,0.0,0.39147841930389404,0.09414106607437134,0.004441130582335973,8.039698600769043,186,nan,-1.0,True,,False,0.010050058364868164,0.0,0.1258549690246582,20.0,20.0,1.0,0.0,0.0,0.0,0.0,0.0
1643,69.52445983886719,0.0,0.0,0.0,69.52445983886719,0.053251467645168304,12.928424835205078,2.389955997467041,0.0,0.0,0.0,0.0,0.0,0.0,0.0,0.0,0.0,0.0,0.0,0.0,0.023000000044703484,0.023000000044703484,0.02,0.15,0.0,0.0,0.0,0.0,0.0,0.0,0.0,0.0,0.0,0.0,0.0,0.0,0.39148926734924316,0.09416532516479492,0.0043238730977464,8.039698600769043,186,nan,-1.0,True,,False,0.010050058364868164,0.0,0.1258549690246582,20.0,20.0,1.0,0.0,0.0,0.0,0.0,0.0
1644,64.0651626586914,0.0,0.0,0.0,64.0651626586914,0.06186400353908539,12.92818832397461,2.390005111694336,0.0,0.0,0.0,0.0,0.0,0.0,0.0,0.0,0.0,0.0,0.0,0.0,0.023000000044703484,0.023000000044703484,0.02,0.15,0.0,0.0,0.0,0.0,0.0,0.0,0.0,0.0,0.0,0.0,0.0,0.0,0.3914998471736908,0.09418606758117676,0.00420624635967215,8.039698600769043,186,nan,-1.0,True,,False,0.010050058364868164,0.0,0.1258549690246582,20.0,20.0,1.0,0.0,0.0,0.0,0.0,0.0
1645,58.13472366333008,0.0,0.0,0.0,58.13472366333008,0.07335484027862549,12.927982330322266,2.390148401260376,0.0,0.0,0.0,0.0,0.0,0.0,0.0,0.0,0.0,0.0,0.0,0.0,0.023000000044703484,0.023000000044703484,0.02,0.15,0.0,0.0,0.0,0.0,0.0,0.0,0.0,0.0,0.0,0.0,0.0,0.0,0.3915099799633026,0.09420394897460938,0.003938138201647234,8.039698600769043,186,nan,-1.0,True,,False,0.010050058364868164,0.0,0.1258549690246582,20.0,20.0,1.0,0.0,0.0,0.0,0.0,0.0
1646,52.89096450805664,0.0,0.0,0.0,52.89096450805664,0.0859164446592331,12.927817344665527,2.3903207778930664,0.0,0.0,0.0,0.0,0.0,0.0,0.0,0.0,0.0,0.0,0.0,0.0,0.023000000044703484,0.023000000044703484,0.02,0.15,0.0,0.0,0.0,0.0,0.0,0.0,0.0,0.0,0.0,0.0,0.0,0.0,0.39151936769485474,0.09421926736831665,0.0014338843936911871,8.039698600769043,186,nan,-1.0,True,,False,0.010050058364868164,0.0,0.1258549690246582,20.0,20.0,1.0,0.0,0.0,0.0,0.0,0.0
1647,52.92523193359375,0.0,0.0,0.0,52.92523193359375,0.08578015863895416,12.927165985107422,2.390530824661255,0.0,0.0,0.0,0.0,0.0,0.0,0.0,0.0,0.0,0.0,0.0,0.0,0.023000000044703484,0.023000000044703484,0.02,0.15,0.0,0.0,0.0,0.0,0.0,0.0,0.0,0.0,0.0,0.0,0.0,0.0,0.39152780175209045,0.09423208236694336,0.001448178619511964,8.039698600769043,186,nan,-1.0,True,,False,0.010050058364868164,0.0,0.1258549690246582,20.0,20.0,1.0,0.0,0.0,0.0,0.0,0.0
1648,52.959476470947266,0.0,0.0,0.0,52.959476470947266,0.08565130829811096,12.927026748657227,2.3907907009124756,0.0,0.0,0.0,0.0,0.0,0.0,0.0,0.0,0.0,0.0,0.0,0.0,0.023000000044703484,0.023000000044703484,0.02,0.15,0.0,0.0,0.0,0.0,0.0,0.0,0.0,0.0,0.0,0.0,0.0,0.0,0.39153534173965454,0.09424275159835815,0.0014621298319070775,8.039698600769043,186,nan,-1.0,True,,False,0.010050058364868164,0.0,0.1258549690246582,20.0,20.0,1.0,0.0,0.0,0.0,0.0,0.0
1649,52.770565032958984,0.0,0.0,0.0,52.770565032958984,0.08612307906150818,12.927428245544434,2.3908047676086426,0.0,0.0,0.0,0.0,0.0,0.0,0.0,0.0,0.0,0.0,0.0,0.0,0.023000000044703484,0.023000000044703484,0.02,0.15,0.0,0.0,0.0,0.0,0.0,0.0,0.0,0.0,0.0,0.0,0.0,0.0,0.39153730869293213,0.09425151348114014,0.0014879876332543063,8.039698600769043,186,nan,-1.0,True,,False,0.010050058364868164,0.0,0.1258549690246582,20.0,20.0,1.0,0.0,0.0,0.0,0.0,0.0
1650,52.50566101074219,0.0,0.0,0.0,52.50566101074219,0.0868082344532013,12.927328109741211,2.3907527923583984,0.0,0.0,0.0,0.0,0.0,0.0,0.0,0.0,0.0,0.0,0.0,0.0,0.023000000044703484,0.023000000044703484,0.02,0.15,0.0,0.0,0.0,0.0,0.0,0.0,0.0,0.0,0.0,0.0,0.0,0.0,0.3915350139141083,0.09425866603851318,0.0015250163921791682,8.039698600769043,186,nan,-1.0,True,,False,0.010050058364868164,0.0,0.1258549690246582,20.0,20.0,1.0,0.0,0.0,0.0,0.0,0.0
1651,52.503936767578125,0.0,0.0,0.0,52.503936767578125,0.08678867667913437,12.927254676818848,2.3906636238098145,0.0,0.0,0.0,0.0,0.0,0.0,0.0,0.0,0.0,0.0,0.0,0.0,0.023000000044703484,0.023000000044703484,0.02,0.15,0.0,0.0,0.0,0.0,0.0,0.0,0.0,0.0,0.0,0.0,0.0,0.0,0.3915303647518158,0.09426450729370117,0.0015448116218976793,8.039698600769043,186,nan,-1.0,True,,False,0.010050058364868164,0.0,0.1258549690246582,20.0,20.0,1.0,0.0,0.0,0.0,0.0,0.0
1652,52.00135803222656,0.0,0.0,0.0,52.00135803222656,0.0881296843290329,12.927196502685547,2.390530824661255,0.0,0.0,0.0,0.0,0.0,0.0,0.0,0.0,0.0,0.0,0.0,0.0,0.023000000044703484,0.023000000044703484,0.02,0.15,0.0,0.0,0.0,0.0,0.0,0.0,0.0,0.0,0.0,0.0,0.0,0.0,0.39152270555496216,0.09426891803741455,0.0015645692838006653,8.039698600769043,186,nan,-1.0,True,,False,0.010050058364868164,0.0,0.1258549690246582,20.0,20.0,1.0,0.0,0.0,0.0,0.0,0.0
1653,51.72815704345703,0.0,0.0,0.0,51.72815704345703,0.088859423995018,12.927164077758789,2.390359401702881,0.0,0.0,0.0,0.0,0.0,0.0,0.0,0.0,0.0,0.0,0.0,0.0,0.023000000044703484,0.023000000044703484,0.02,0.15,0.0,0.0,0.0,0.0,0.0,0.0,0.0,0.0,0.0,0.0,0.0,0.0,0.3915122449398041,0.09427255392074585,0.001606238767863033,8.039698600769043,186,nan,-1.0,True,,False,0.010050058364868164,0.0,0.1258549690246582,20.0,20.0,1.0,0.0,0.0,0.0,0.0,0.0
1654,51.413490295410156,0.0,0.0,0.0,51.413490295410156,0.08971256762742996,12.92666244506836,2.3900649547576904,0.0,0.0,0.0,0.0,0.0,0.0,0.0,0.0,0.0,0.0,0.0,0.0,0.023000000044703484,0.023000000044703484,0.02,0.15,0.0,0.0,0.0,0.0,0.0,0.0,0.0,0.0,0.0,0.0,0.0,0.0,0.3914973735809326,0.09427541494369507,0.0016308799265516427,8.039698600769043,186,nan,-1.0,True,,False,0.010050058364868164,0.0,0.1258549690246582,20.0,20.0,1.0,0.0,0.0,0.0,0.0,0.0
1655,51.43219757080078,0.0,0.0,0.0,51.43219757080078,0.08963798731565475,12.927122116088867,2.38980770111084,0.0,0.0,0.0,0.0,0.0,0.0,0.0,0.0,0.0,0.0,0.0,0.0,0.023000000044703484,0.023000000044703484,0.02,0.15,0.0,0.0,0.0,0.0,0.0,0.0,0.0,0.0,0.0,0.0,0.0,0.0,0.39148029685020447,0.09427779912948608,0.0016519490843620588,8.039698600769043,186,nan,-1.0,True,,False,0.010050058364868164,0.0,0.1258549690246582,20.0,20.0,1.0,0.0,0.0,0.0,0.0,0.0
1656,50.734703063964844,0.0,0.0,0.0,50.734703063964844,0.091603122651577,12.927068710327148,2.3895397186279297,0.0,0.0,0.0,0.0,0.0,0.0,0.0,0.0,0.0,0.0,0.0,0.0,0.023000000044703484,0.023000000044703484,0.02,0.15,0.0,0.0,0.0,0.0,0.0,0.0,0.0,0.0,0.0,0.0,0.0,0.0,0.3914600908756256,0.09428000450134277,0.0017067278490685567,8.039698600769043,186,nan,-1.0,True,,False,0.010050058364868164,0.0,0.1258549690246582,20.0,20.0,1.0,0.0,0.0,0.0,0.0,0.0
1657,50.56035232543945,0.0,0.0,0.0,50.56035232543945,0.0920887291431427,12.926570892333984,2.3892695903778076,0.0,0.0,0.0,0.0,0.0,0.0,0.0,0.0,0.0,0.0,0.0,0.0,0.023000000044703484,0.023000000044703484,0.02,0.15,0.0,0.0,0.0,0.0,0.0,0.0,0.0,0.0,0.0,0.0,0.0,0.0,0.39143791794776917,0.09428268671035767,0.0017241168859527534,8.039698600769043,186,nan,-1.0,True,,False,0.010050058364868164,0.0,0.1258549690246582,20.0,20.0,1.0,0.0,0.0,0.0,0.0,0.0
1658,50.251861572265625,0.0,0.0,0.0,50.251861572265625,0.09297029674053192,12.926998138427734,2.388956308364868,0.0,0.0,0.0,0.0,0.0,0.0,0.0,0.0,0.0,0.0,0.0,0.0,0.023000000044703484,0.023000000044703484,0.02,0.15,0.0,0.0,0.0,0.0,0.0,0.0,0.0,0.0,0.0,0.0,0.0,0.0,0.3914135992527008,0.09428584575653076,0.0017535934512125095,8.039698600769043,186,nan,-1.0,True,,False,0.010050058364868164,0.0,0.1258549690246582,20.0,20.0,1.0,0.0,0.0,0.0,0.0,0.0
1659,49.341590881347656,0.0,0.0,0.0,49.341590881347656,0.09568615257740021,12.92648696899414,2.388721466064453,0.0,0.0,0.0,0.0,0.0,0.0,0.0,0.0,0.0,0.0,0.0,0.0,0.023000000044703484,0.023000000044703484,0.02,0.15,0.0,0.0,0.0,0.0,0.0,0.0,0.0,0.0,0.0,0.0,0.0,0.0,0.39138564467430115,0.09428977966308594,0.0017824752023898327,8.039698600769043,186,nan,-1.0,True,,False,0.010050058364868164,0.0,0.1258549690246582,20.0,20.0,1.0,0.0,0.0,0.0,0.0,0.0
1660,48.92254638671875,0.0,0.0,0.0,48.92254638671875,0.09696532785892487,12.926397323608398,2.388519048690796,0.0,0.0,0.0,0.0,0.0,0.0,0.0,0.0,0.0,0.0,0.0,0.0,0.023000000044703484,0.023000000044703484,0.02,0.15,0.0,0.0,0.0,0.0,0.0,0.0,0.0,0.0,0.0,0.0,0.0,0.0,0.39135512709617615,0.09429508447647095,0.0018033848955383291,8.039698600769043,186,nan,-1.0,True,,False,0.010050058364868164,0.0,0.1258549690246582,20.0,20.0,1.0,0.0,0.0,0.0,0.0,0.0
1661,47.80104446411133,0.0,0.0,0.0,47.80104446411133,0.10052958130836487,12.926315307617188,2.3883564472198486,0.0,0.0,0.0,0.0,0.0,0.0,0.0,0.0,0.0,0.0,0.0,0.0,0.023000000044703484,0.023000000044703484,0.02,0.15,0.0,0.0,0.0,0.0,0.0,0.0,0.0,0.0,0.0,0.0,0.0,0.0,0.3913210928440094,0.09430211782455444,0.0018119185826890316,8.039698600769043,186,nan,-1.0,True,,False,0.010050058364868164,0.0,0.1258549690246582,20.0,20.0,1.0,0.0,0.0,0.0,0.0,0.0
1662,46.808311462402344,0.0,0.0,0.0,46.808311462402344,0.10383620858192444,12.926204681396484,2.3882899284362793,0.0,0.0,0.0,0.0,0.0,0.0,0.0,0.0,0.0,0.0,0.0,0.0,0.023000000044703484,0.023000000044703484,0.02,0.15,0.0,0.0,0.0,0.0,0.0,0.0,0.0,0.0,0.0,0.0,0.0,0.0,0.39128175377845764,0.09431147575378418,0.001819299178350775,8.039698600769043,186,nan,-1.0,True,,False,0.010050058364868164,0.0,0.1258549690246582,20.0,20.0,1.0,0.0,0.0,0.0,0.0,0.0
1663,44.82722091674805,0.0,0.0,0.0,44.82722091674805,0.11089916527271271,12.926579475402832,2.388432264328003,0.0,0.0,0.0,0.0,0.0,0.0,0.0,0.0,0.0,0.0,0.0,0.0,0.023000000044703484,0.023000000044703484,0.02,0.15,0.0,0.0,0.0,0.0,0.0,0.0,0.0,0.0,0.0,0.0,0.0,0.0,0.391235888004303,0.09432345628738403,0.0018072005223075394,8.039698600769043,186,nan,-1.0,True,,False,0.010050058364868164,0.0,0.1258549690246582,20.0,20.0,1.0,0.0,0.0,0.0,0.0,0.0
1664,42.41299057006836,0.0,0.0,0.0,42.41299057006836,0.12041514366865158,12.925884246826172,2.388805389404297,0.0,0.0,0.0,0.0,0.0,0.0,0.0,0.0,0.0,0.0,0.0,0.0,0.023000000044703484,0.023000000044703484,0.02,0.15,0.0,0.0,0.0,0.0,0.0,0.0,0.0,0.0,0.0,0.0,0.0,0.0,0.3911803364753723,0.09433859586715698,0.001812801846426737,8.039698600769043,186,nan,-1.0,True,,False,0.010050058364868164,0.0,0.1258549690246582,20.0,20.0,1.0,0.0,0.0,0.0,0.0,0.0
1665,40.46360397338867,0.0,0.0,0.0,40.46360397338867,0.128933385014534,12.925678253173828,2.389340400695801,0.0,0.0,0.0,0.0,0.0,0.0,0.0,0.0,0.0,0.0,0.0,0.0,0.023000000044703484,0.023000000044703484,0.02,0.15,0.0,0.0,0.0,0.0,0.0,0.0,0.0,0.0,0.0,0.0,0.0,0.0,0.3911217153072357,0.09435808658599854,0.0018077602865105291,8.039698600769043,186,nan,-1.0,True,,False,0.010050058364868164,0.0,0.1258549690246582,20.0,20.0,1.0,0.0,0.0,0.0,0.0,0.0
1666,38.2834587097168,0.0,0.0,0.0,38.2834587097168,0.13944758474826813,12.925872802734375,2.3897740840911865,0.0,0.0,0.0,0.0,0.0,0.0,0.0,0.0,0.0,0.0,0.0,0.0,0.023000000044703484,0.023000000044703484,0.02,0.15,0.0,0.0,0.0,0.0,0.0,0.0,0.0,0.0,0.0,0.0,0.0,0.0,0.39106327295303345,0.09438103437423706,0.0018699137579005765,8.039698600769043,186,nan,-1.0,True,,False,0.010050058364868164,0.0,0.1258549690246582,20.0,20.0,1.0,0.0,0.0,0.0,0.0,0.0
1667,37.015350341796875,0.0,0.0,0.0,37.015350341796875,0.14613284170627594,12.925559997558594,2.3903536796569824,0.0,0.0,0.0,0.0,0.0,0.0,0.0,0.0,0.0,0.0,0.0,0.0,0.023000000044703484,0.023000000044703484,0.02,0.15,0.0,0.0,0.0,0.0,0.0,0.0,0.0,0.0,0.0,0.0,0.0,0.0,0.391006201505661,0.09440869092941284,0.0020030520574891852,8.039698600769043,186,nan,-1.0,True,,False,0.010050058364868164,0.0,0.1258549690246582,20.0,20.0,1.0,0.0,0.0,0.0,0.0,0.0
1668,35.844810485839844,0.0,0.0,0.0,35.844810485839844,0.15273839235305786,12.925175666809082,2.3913533687591553,0.0,0.0,0.0,0.0,0.0,0.0,0.0,0.0,0.0,0.0,0.0,0.0,0.023000000044703484,0.023000000044703484,0.02,0.15,0.0,0.0,0.0,0.0,0.0,0.0,0.0,0.0,0.0,0.0,0.0,0.0,0.390948623418808,0.09444206953048706,0.0019958529815085058,8.039698600769043,186,nan,-1.0,True,,False,0.010050058364868164,0.0,0.1258549690246582,20.0,20.0,1.0,0.0,0.0,0.0,0.0,0.0
1669,34.530242919921875,0.0,0.0,0.0,34.530242919921875,0.16066189110279083,12.924699783325195,2.392490863800049,0.0,0.0,0.0,0.0,0.0,0.0,0.0,0.0,0.0,0.0,0.0,0.0,0.023000000044703484,0.023000000044703484,0.02,0.15,0.0,0.0,0.0,0.0,0.0,0.0,0.0,0.0,0.0,0.0,0.0,0.0,0.39088839292526245,0.09448188543319702,0.0019661918311157933,8.039698600769043,186,nan,-1.0,True,,False,0.010050058364868164,0.0,0.1258549690246582,20.0,20.0,1.0,0.0,0.0,0.0,0.0,0.0
1670,33.28941345214844,0.0,0.0,0.0,33.28941345214844,0.16871553659439087,12.923688888549805,2.393982410430908,0.0,0.0,0.0,0.0,0.0,0.0,0.0,0.0,0.0,0.0,0.0,0.0,0.023000000044703484,0.023000000044703484,0.02,0.15,0.0,0.0,0.0,0.0,0.0,0.0,0.0,0.0,0.0,0.0,0.0,0.0,0.3908218741416931,0.09453606605529785,0.0019292477336421143,8.039698600769043,186,nan,-1.0,True,,False,0.010050058364868164,0.0,0.1258549690246582,20.0,20.0,1.0,0.0,0.0,0.0,0.0,0.0
1671,30.660579681396484,0.0,0.0,0.0,30.660579681396484,0.1876893788576126,12.923482894897461,2.3970789909362793,0.0,0.0,0.0,0.0,0.0,0.0,0.0,0.0,0.0,0.0,0.0,0.0,0.023000000044703484,0.023000000044703484,0.02,0.15,0.0,0.0,0.0,0.0,0.0,0.0,0.0,0.0,0.0,0.0,0.0,0.0,0.39072486758232117,0.09455835819244385,0.0019886462819158623,8.039698600769043,186,nan,-1.0,True,,False,0.010050058364868164,0.0,0.1258549690246582,20.0,20.0,1.0,0.0,0.0,0.0,0.0,0.0
1672,28.129417419433594,0.0,0.0,0.0,28.129417419433594,0.20902451872825623,12.923786163330078,2.4008851051330566,0.0,0.0,0.0,0.0,0.0,0.0,0.0,0.0,0.0,0.0,0.0,0.0,0.023000000044703484,0.023000000044703484,0.02,0.15,0.0,0.0,0.0,0.0,0.0,0.0,0.0,0.0,0.0,0.0,0.0,0.0,0.39062008261680603,0.09457087516784668,0.002060381978708392,8.039698600769043,186,nan,-1.0,True,,False,0.010050058364868164,0.0,0.1258549690246582,20.0,20.0,1.0,0.0,0.0,0.0,0.0,0.0
1673,30.409990310668945,0.0,0.0,0.0,30.409990310668945,0.1905188262462616,12.923626899719238,2.405752420425415,0.0,0.0,0.0,0.0,0.0,0.0,0.0,0.0,0.0,0.0,0.0,0.0,0.023000000044703484,0.023000000044703484,0.02,0.15,0.0,0.0,0.0,0.0,0.0,0.0,0.0,0.0,0.0,0.0,0.0,0.0,0.3905063271522522,0.09458261728286743,0.003933686505433798,8.039698600769043,186,nan,-1.0,True,,False,0.010050058364868164,0.0,0.1258549690246582,20.0,20.0,1.0,0.0,0.0,0.0,0.0,0.0
1674,42.13140869140625,0.0,0.0,0.0,42.13140869140625,0.1229991763830185,12.92308235168457,2.4115638732910156,0.0,0.0,0.0,0.0,0.0,0.0,0.0,0.0,0.0,0.0,0.0,0.0,0.023000000044703484,0.023000000044703484,0.02,0.15,0.0,0.0,0.0,0.0,0.0,0.0,0.0,0.0,0.0,0.0,0.0,0.0,0.3903907239437103,0.09459340572357178,0.00395651910844208,8.039698600769043,186,nan,-1.0,True,,False,0.010050058364868164,0.0,0.1258549690246582,20.0,20.0,1.0,0.0,0.0,0.0,0.0,0.0
1675,67.25492858886719,0.0,0.0,0.0,67.25492858886719,0.05722378194332123,12.923391342163086,2.418475389480591,0.0,0.0,0.0,0.0,0.0,0.0,0.0,0.0,0.0,0.0,0.0,0.0,0.023000000044703484,0.023000000044703484,0.02,0.15,0.0,0.0,0.0,0.0,0.0,0.0,0.0,0.0,0.0,0.0,0.0,0.0,0.3902745246887207,0.09460335969924927,0.0039862262119640945,8.039698600769043,186,nan,-1.0,True,,False,0.010050058364868164,0.0,0.1258549690246582,20.0,20.0,1.0,0.0,0.0,0.0,0.0,0.0
1676,147.429931640625,0.0,0.0,0.0,147.429931640625,0.009828487411141396,12.92327880859375,2.426663398742676,0.0,0.0,0.0,0.0,0.0,0.0,0.0,0.0,0.0,0.0,0.0,0.0,0.023000000044703484,0.023000000044703484,0.02,0.15,0.0,0.0,0.0,0.0,0.0,0.0,0.0,0.0,0.0,0.0,0.0,0.0,0.39015889167785645,0.09460531920194626,0.00406353286734884,8.039698600769043,186,nan,-1.0,True,,False,0.010050058364868164,0.0,0.1258549690246582,20.0,20.0,1.0,0.0,0.0,0.0,0.0,0.0
1677,85.88922882080078,0.0,0.0,0.0,85.88922882080078,0.03584792837500572,12.922776222229004,2.4353606700897217,0.0,0.0,0.0,0.0,0.0,0.0,0.0,0.0,0.0,0.0,0.0,0.0,0.023000000044703484,0.023000000044703484,0.02,0.15,0.0,0.0,0.0,0.0,0.0,0.0,0.0,0.0,0.0,0.0,0.0,0.0,0.39004096388816833,0.09460138529539108,0.0010187741495428781,8.039698600769043,186,nan,-1.0,True,,False,0.010050058364868164,0.0,0.1258549690246582,20.0,20.0,1.0,0.0,0.0,0.0,0.0,0.0
1678,32.63657760620117,0.0,0.0,0.0,32.63657760620117,0.176947683095932,12.92308235168457,2.4346415996551514,0.0,0.0,0.0,0.0,0.0,0.0,0.0,0.0,0.0,0.0,0.0,0.0,0.023000000044703484,0.023000000044703484,0.02,0.15,0.0,0.0,0.0,0.0,0.0,0.0,0.0,0.0,0.0,0.0,0.0,0.0,0.3899281919002533,0.09459838271141052,0.0009612857650154183,8.039698600769043,186,nan,-1.0,True,,False,0.010050058364868164,0.0,0.1258549690246582,20.0,20.0,1.0,0.0,0.0,0.0,0.0,0.0
1679,29.23889923095703,0.0,0.0,0.0,29.23889923095703,0.20241326093673706,12.923020362854004,2.4334185123443604,0.0,0.0,0.0,0.0,0.0,0.0,0.0,0.0,0.0,0.0,0.0,0.0,0.023000000044703484,0.023000000044703484,0.02,0.15,0.0,0.0,0.0,0.0,0.0,0.0,0.0,0.0,0.0,0.0,0.0,0.0,0.3898087739944458,0.09459508210420609,0.0028926149987000827,8.039698600769043,186,nan,-1.0,True,,False,0.010050058364868164,0.0,0.1258549690246582,20.0,20.0,1.0,0.0,0.0,0.0,0.0,0.0
1680,29.878232955932617,0.0,0.0,0.0,29.878232955932617,0.19666138291358948,12.922931671142578,2.4323089122772217,0.0,0.0,0.0,0.0,0.0,0.0,0.0,0.0,0.0,0.0,0.0,0.0,0.023000000044703484,0.023000000044703484,0.02,0.15,0.0,0.0,0.0,0.0,0.0,0.0,0.0,0.0,0.0,0.0,0.0,0.0,0.3896889388561249,0.09459239989519119,0.0029270467814512813,8.039698600769043,186,nan,-1.0,True,,False,0.010050058364868164,0.0,0.1258549690246582,20.0,20.0,1.0,0.0,0.0,0.0,0.0,0.0
1681,30.44774627685547,0.0,0.0,0.0,30.44774627685547,0.1918134093284607,12.922456741333008,2.4312522411346436,0.0,0.0,0.0,0.0,0.0,0.0,0.0,0.0,0.0,0.0,0.0,0.0,0.023000000044703484,0.023000000044703484,0.02,0.15,0.0,0.0,0.0,0.0,0.0,0.0,0.0,0.0,0.0,0.0,0.0,0.0,0.38956934213638306,0.09459056705236435,0.0029635065118327475,8.039698600769043,186,nan,-1.0,True,,False,0.010050058364868164,0.0,0.1258549690246582,20.0,20.0,1.0,0.0,0.0,0.0,0.0,0.0
1682,30.932043075561523,0.0,0.0,0.0,30.932043075561523,0.18785545229911804,12.92281723022461,2.430314302444458,0.0,0.0,0.0,0.0,0.0,0.0,0.0,0.0,0.0,0.0,0.0,0.0,0.023000000044703484,0.023000000044703484,0.02,0.15,0.0,0.0,0.0,0.0,0.0,0.0,0.0,0.0,0.0,0.0,0.0,0.0,0.38944944739341736,0.09458942711353302,0.0029996123885212,8.039698600769043,186,nan,-1.0,True,,False,0.010050058364868164,0.0,0.1258549690246582,20.0,20.0,1.0,0.0,0.0,0.0,0.0,0.0
1683,31.32098388671875,0.0,0.0,0.0,31.32098388671875,0.18476137518882751,12.922374725341797,2.4294416904449463,0.0,0.0,0.0,0.0,0.0,0.0,0.0,0.0,0.0,0.0,0.0,0.0,0.023000000044703484,0.023000000044703484,0.02,0.15,0.0,0.0,0.0,0.0,0.0,0.0,0.0,0.0,0.0,0.0,0.0,0.0,0.389329195022583,0.09458886086940765,0.0030459515971870132,8.039698600769043,186,nan,-1.0,True,,False,0.010050058364868164,0.0,0.1258549690246582,20.0,20.0,1.0,0.0,0.0,0.0,0.0,0.0
1684,31.600221633911133,0.0,0.0,0.0,31.600221633911133,0.18257325887680054,12.922332763671875,2.428652763366699,0.0,0.0,0.0,0.0,0.0,0.0,0.0,0.0,0.0,0.0,0.0,0.0,0.023000000044703484,0.023000000044703484,0.02,0.15,0.0,0.0,0.0,0.0,0.0,0.0,0.0,0.0,0.0,0.0,0.0,0.0,0.38920876383781433,0.09458884596824646,0.0030811850463123847,8.039698600769043,186,nan,-1.0,True,,False,0.010050058364868164,0.0,0.1258549690246582,20.0,20.0,1.0,0.0,0.0,0.0,0.0,0.0
1685,31.768617630004883,0.0,0.0,0.0,31.768617630004883,0.18125063180923462,12.922286033630371,2.427952289581299,0.0,0.0,0.0,0.0,0.0,0.0,0.0,0.0,0.0,0.0,0.0,0.0,0.023000000044703484,0.023000000044703484,0.02,0.15,0.0,0.0,0.0,0.0,0.0,0.0,0.0,0.0,0.0,0.0,0.0,0.0,0.38908815383911133,0.09458935260772705,0.003115924514759172,8.039698600769043,186,nan,-1.0,True,,False,0.010050058364868164,0.0,0.1258549690246582,20.0,20.0,1.0,0.0,0.0,0.0,0.0,0.0
1686,31.820083618164062,0.0,0.0,0.0,31.820083618164062,0.18080365657806396,12.922252655029297,2.4272964000701904,0.0,0.0,0.0,0.0,0.0,0.0,0.0,0.0,0.0,0.0,0.0,0.0,0.023000000044703484,0.023000000044703484,0.02,0.15,0.0,0.0,0.0,0.0,0.0,0.0,0.0,0.0,0.0,0.0,0.0,0.0,0.3889673352241516,0.09459038823843002,0.0031485783558764524,8.039698600769043,186,nan,-1.0,True,,False,0.010050058364868164,0.0,0.1258549690246582,20.0,20.0,1.0,0.0,0.0,0.0,0.0,0.0
1687,31.772533416748047,0.0,0.0,0.0,31.772533416748047,0.18109992146492004,12.922550201416016,2.4267284870147705,0.0,0.0,0.0,0.0,0.0,0.0,0.0,0.0,0.0,0.0,0.0,0.0,0.023000000044703484,0.023000000044703484,0.02,0.15,0.0,0.0,0.0,0.0,0.0,0.0,0.0,0.0,0.0,0.0,0.0,0.0,0.3888462483882904,0.09459193050861359,0.0031728508727155713,8.039698600769043,186,nan,-1.0,True,,False,0.010050058364868164,0.0,0.1258549690246582,20.0,20.0,1.0,0.0,0.0,0.0,0.0,0.0
1688,31.585681915283203,0.0,0.0,0.0,31.585681915283203,0.18243446946144104,12.9225435256958,2.426210403442383,0.0,0.0,0.0,0.0,0.0,0.0,0.0,0.0,0.0,0.0,0.0,0.0,0.023000000044703484,0.023000000044703484,0.02,0.15,0.0,0.0,0.0,0.0,0.0,0.0,0.0,0.0,0.0,0.0,0.0,0.0,0.38872501254081726,0.09459398686885834,0.003195906138898863,8.039698600769043,186,nan,-1.0,True,,False,0.010050058364868164,0.0,0.1258549690246582,20.0,20.0,1.0,0.0,0.0,0.0,0.0,0.0
1689,31.299291610717773,0.0,0.0,0.0,31.299291610717773,0.18455198407173157,12.922491073608398,2.425769329071045,0.0,0.0,0.0,0.0,0.0,0.0,0.0,0.0,0.0,0.0,0.0,0.0,0.023000000044703484,0.023000000044703484,0.02,0.15,0.0,0.0,0.0,0.0,0.0,0.0,0.0,0.0,0.0,0.0,0.0,0.0,0.3886035978794098,0.09459646791219711,0.0032111950197304395,8.039698600769043,186,nan,-1.0,True,,False,0.010050058364868164,0.0,0.1258549690246582,20.0,20.0,1.0,0.0,0.0,0.0,0.0,0.0
1690,30.921218872070312,0.0,0.0,0.0,30.921218872070312,0.18743649125099182,12.922101974487305,2.4253828525543213,0.0,0.0,0.0,0.0,0.0,0.0,0.0,0.0,0.0,0.0,0.0,0.0,0.023000000044703484,0.023000000044703484,0.02,0.15,0.0,0.0,0.0,0.0,0.0,0.0,0.0,0.0,0.0,0.0,0.0,0.0,0.38848206400871277,0.09459943324327469,0.0032181100905290805,8.039698600769043,186,nan,-1.0,True,,False,0.010050058364868164,0.0,0.1258549690246582,20.0,20.0,1.0,0.0,0.0,0.0,0.0,0.0
1691,30.41567039489746,0.0,0.0,0.0,30.41567039489746,0.19144070148468018,12.922111511230469,2.425051212310791,0.0,0.0,0.0,0.0,0.0,0.0,0.0,0.0,0.0,0.0,0.0,0.0,0.023000000044703484,0.023000000044703484,0.02,0.15,0.0,0.0,0.0,0.0,0.0,0.0,0.0,0.0,0.0,0.0,0.0,0.0,0.38836047053337097,0.09460289776325226,0.0032129101359714696,8.039698600769043,186,nan,-1.0,True,,False,0.010050058364868164,0.0,0.1258549690246582,20.0,20.0,1.0,0.0,0.0,0.0,0.0,0.0
1692,36.36292266845703,0.0,0.0,0.0,36.36292266845703,0.15184369683265686,12.922067642211914,2.4247729778289795,0.0,0.0,0.0,0.0,0.0,0.0,0.0,0.0,0.0,0.0,0.0,0.0,0.023000000044703484,0.023000000044703484,0.02,0.15,0.0,0.0,0.0,0.0,0.0,0.0,0.0,0.0,0.0,0.0,0.0,0.0,0.3882388174533844,0.09460688382387161,0.0012621631783531484,8.039698600769043,186,nan,-1.0,True,,False,0.010050058364868164,0.0,0.1258549690246582,20.0,20.0,1.0,0.0,0.0,0.0,0.0,0.0
1693,57.442378997802734,0.0,0.0,0.0,57.442378997802734,0.0756862461566925,12.922420501708984,2.4245285987854004,0.0,0.0,0.0,0.0,0.0,0.0,0.0,0.0,0.0,0.0,0.0,0.0,0.023000000044703484,0.023000000044703484,0.02,0.15,0.0,0.0,0.0,0.0,0.0,0.0,0.0,0.0,0.0,0.0,0.0,0.0,0.38812142610549927,0.09461132436990738,0.001258168294953066,8.039698600769043,186,nan,-1.0,True,,False,0.010050058364868164,0.0,0.1258549690246582,20.0,20.0,1.0,0.0,0.0,0.0,0.0,0.0
1694,185.02154541015625,0.0,0.0,0.0,185.02154541015625,0.005101765505969524,12.922369003295898,2.424292802810669,0.0,0.0,0.0,0.0,0.0,0.0,0.0,0.0,0.0,0.0,0.0,0.0,0.023000000044703484,0.023000000044703484,0.02,0.15,0.0,0.0,0.0,0.0,0.0,0.0,0.0,0.0,0.0,0.0,0.0,0.0,0.3880084156990051,0.09461617469787598,0.0012502252429840155,8.039698600769043,186,nan,-1.0,True,,False,0.010050058364868164,0.0,0.1258549690246582,20.0,20.0,1.0,0.0,0.0,0.0,0.0,0.0
1695,53.493682861328125,0.0,0.0,0.0,53.493682861328125,0.08518289029598236,12.922380447387695,2.4231033325195312,0.0,0.0,0.0,0.0,0.0,0.0,0.0,0.0,0.0,0.0,0.0,0.0,0.023000000044703484,0.023000000044703484,0.02,0.15,0.0,0.0,0.0,0.0,0.0,0.0,0.0,0.0,0.0,0.0,0.0,0.0,0.387900173664093,0.09462123364210129,0.0012223617925428698,8.039698600769043,186,nan,-1.0,True,,False,0.010050058364868164,0.0,0.1258549690246582,20.0,20.0,1.0,0.0,0.0,0.0,0.0,0.0
1696,31.50394058227539,0.0,0.0,0.0,31.50394058227539,0.18292643129825592,12.922356605529785,2.4218759536743164,0.0,0.0,0.0,0.0,0.0,0.0,0.0,0.0,0.0,0.0,0.0,0.0,0.023000000044703484,0.023000000044703484,0.02,0.15,0.0,0.0,0.0,0.0,0.0,0.0,0.0,0.0,0.0,0.0,0.0,0.0,0.38778799772262573,0.0946255624294281,0.001206571951342994,8.039698600769043,186,nan,-1.0,True,,False,0.010050058364868164,0.0,0.1258549690246582,20.0,20.0,1.0,0.0,0.0,0.0,0.0,0.0
1697,26.039058685302734,0.0,0.0,0.0,26.039058685302734,0.22995731234550476,12.922319412231445,2.4207091331481934,0.0,0.0,0.0,0.0,0.0,0.0,0.0,0.0,0.0,0.0,0.0,0.0,0.023000000044703484,0.023000000044703484,0.02,0.15,0.0,0.0,0.0,0.0,0.0,0.0,0.0,0.0,0.0,0.0,0.0,0.0,0.3876718282699585,0.0946291908621788,0.003202935912668181,8.039698600769043,186,nan,-1.0,True,,False,0.010050058364868164,0.0,0.1258549690246582,20.0,20.0,1.0,0.0,0.0,0.0,0.0,0.0
1698,25.152463912963867,0.0,0.0,0.0,25.152463912963867,0.23896118998527527,12.922327041625977,2.4196360111236572,0.0,0.0,0.0,0.0,0.0,0.0,0.0,0.0,0.0,0.0,0.0,0.0,0.023000000044703484,0.023000000044703484,0.02,0.15,0.0,0.0,0.0,0.0,0.0,0.0,0.0,0.0,0.0,0.0,0.0,0.0,0.38755640387535095,0.0946333184838295,0.0031753109092278464,8.039698600769043,186,nan,-1.0,True,,False,0.010050058364868164,0.0,0.1258549690246582,20.0,20.0,1.0,0.0,0.0,0.0,0.0,0.0
1699,24.24191665649414,0.0,0.0,0.0,24.24191665649414,0.2488623410463333,12.9219970703125,2.4186439514160156,0.0,0.0,0.0,0.0,0.0,0.0,0.0,0.0,0.0,0.0,0.0,0.0,0.023000000044703484,0.023000000044703484,0.02,0.15,0.0,0.0,0.0,0.0,0.0,0.0,0.0,0.0,0.0,0.0,0.0,0.0,0.3874412178993225,0.0946379080414772,0.0031173543438853812,8.039698600769043,186,nan,-1.0,True,,False,0.010050058364868164,0.0,0.1258549690246582,20.0,20.0,1.0,0.0,0.0,0.0,0.0,0.0
1700,23.291961669921875,0.0,0.0,0.0,23.291961669921875,0.2599283456802368,12.922279357910156,2.4177114963531494,0.0,0.0,0.0,0.0,0.0,0.0,0.0,0.0,0.0,0.0,0.0,0.0,0.023000000044703484,0.023000000044703484,0.02,0.15,0.0,0.0,0.0,0.0,0.0,0.0,0.0,0.0,0.0,0.0,0.0,0.0,0.3873264193534851,0.09464284777641296,0.0030577981221995287,8.039698600769043,186,nan,-1.0,True,,False,0.010050058364868164,0.0,0.1258549690246582,20.0,20.0,1.0,0.0,0.0,0.0,0.0,0.0
1701,22.320100784301758,0.0,0.0,0.0,22.320100784301758,0.27208930253982544,12.922298431396484,2.416856288909912,0.0,0.0,0.0,0.0,0.0,0.0,0.0,0.0,0.0,0.0,0.0,0.0,0.023000000044703484,0.023000000044703484,0.02,0.15,0.0,0.0,0.0,0.0,0.0,0.0,0.0,0.0,0.0,0.0,0.0,0.0,0.38721081614494324,0.09464823454618454,0.0029892684146943793,8.039698600769043,186,nan,-1.0,True,,False,0.010050058364868164,0.0,0.1258549690246582,20.0,20.0,1.0,0.0,0.0,0.0,0.0,0.0
1702,21.333751678466797,0.0,0.0,0.0,21.333751678466797,0.285398930311203,12.922292709350586,2.4160830974578857,0.0,0.0,0.0,0.0,0.0,0.0,0.0,0.0,0.0,0.0,0.0,0.0,0.023000000044703484,0.023000000044703484,0.02,0.15,0.0,0.0,0.0,0.0,0.0,0.0,0.0,0.0,0.0,0.0,0.0,0.0,0.38709545135498047,0.09465406090021133,0.0029091780884300533,8.039698600769043,186,nan,-1.0,True,,False,0.010050058364868164,0.0,0.1258549690246582,20.0,20.0,1.0,0.0,0.0,0.0,0.0,0.0
1703,20.334178924560547,0.0,0.0,0.0,20.334178924560547,0.30001503229141235,12.922283172607422,2.4153687953948975,0.0,0.0,0.0,0.0,0.0,0.0,0.0,0.0,0.0,0.0,0.0,0.0,0.023000000044703484,0.023000000044703484,0.02,0.15,0.0,0.0,0.0,0.0,0.0,0.0,0.0,0.0,0.0,0.0,0.0,0.0,0.38698050379753113,0.09466014057397842,0.002821921010990991,8.039698600769043,186,nan,-1.0,True,,False,0.010050058364868164,0.0,0.1258549690246582,20.0,20.0,1.0,0.0,0.0,0.0,0.0,0.0
1704,28.71839141845703,0.0,0.0,0.0,28.71839141845703,0.20430082082748413,12.92193603515625,2.4147331714630127,0.0,0.0,0.0,0.0,0.0,0.0,0.0,0.0,0.0,0.0,0.0,0.0,0.023000000044703484,0.023000000044703484,0.02,0.15,0.0,0.0,0.0,0.0,0.0,0.0,0.0,0.0,0.0,0.0,0.0,0.0,0.3868660032749176,0.09466637670993805,0.0024334018662557355,8.039698600769043,186,nan,-1.0,True,,False,0.010050058364868164,0.0,0.1258549690246582,20.0,20.0,1.0,0.0,0.0,0.0,0.0,0.0
1705,44.37820053100586,0.0,0.0,0.0,44.37820053100586,0.1136411800980568,12.922234535217285,2.414170980453491,0.0,0.0,0.0,0.0,0.0,0.0,0.0,0.0,0.0,0.0,0.0,0.0,0.023000000044703484,0.023000000044703484,0.02,0.15,0.0,0.0,0.0,0.0,0.0,0.0,0.0,0.0,0.0,0.0,0.0,0.0,0.3867539167404175,0.09467308968305588,0.0024516362300346373,8.039698600769043,186,nan,-1.0,True,,False,0.010050058364868164,0.0,0.1258549690246582,20.0,20.0,1.0,0.0,0.0,0.0,0.0,0.0
1706,95.05870056152344,0.0,0.0,0.0,95.05870056152344,0.02845010906457901,12.922256469726562,2.4136409759521484,0.0,0.0,0.0,0.0,0.0,0.0,0.0,0.0,0.0,0.0,0.0,0.0,0.023000000044703484,0.023000000044703484,0.02,0.15,0.0,0.0,0.0,0.0,0.0,0.0,0.0,0.0,0.0,0.0,0.0,0.0,0.3866463303565979,0.09468041360378265,0.002457320640587568,8.039698600769043,186,nan,-1.0,True,,False,0.010050058364868164,0.0,0.1258549690246582,20.0,20.0,1.0,0.0,0.0,0.0,0.0,0.0
1707,54.33305740356445,0.0,0.0,0.0,54.33305740356445,0.08255265653133392,12.922248840332031,2.4119601249694824,0.0,0.0,0.0,0.0,0.0,0.0,0.0,0.0,0.0,0.0,0.0,0.0,0.023000000044703484,0.023000000044703484,0.02,0.15,0.0,0.0,0.0,0.0,0.0,0.0,0.0,0.0,0.0,0.0,0.0,0.0,0.38654568791389465,0.09468813240528107,0.002462812028625194,8.039698600769043,186,nan,-1.0,True,,False,0.010050058364868164,0.0,0.1258549690246582,20.0,20.0,1.0,0.0,0.0,0.0,0.0,0.0
1708,27.394426345825195,0.0,0.0,0.0,27.394426345825195,0.21557088196277618,12.921934127807617,2.409632682800293,0.0,0.0,0.0,0.0,0.0,0.0,0.0,0.0,0.0,0.0,0.0,0.0,0.023000000044703484,0.023000000044703484,0.02,0.15,0.0,0.0,0.0,0.0,0.0,0.0,0.0,0.0,0.0,0.0,0.0,0.0,0.38644400238990784,0.09469468146562576,0.0024735403055728966,8.039698600769043,186,nan,-1.0,True,,False,0.010050058364868164,0.0,0.1258549690246582,20.0,20.0,1.0,0.0,0.0,0.0,0.0,0.0
1709,19.329917907714844,0.0,0.0,0.0,19.329917907714844,0.3142754137516022,12.92219352722168,2.407378911972046,0.0,0.0,0.0,0.0,0.0,0.0,0.0,0.0,0.0,0.0,0.0,0.0,0.023000000044703484,0.023000000044703484,0.02,0.15,0.0,0.0,0.0,0.0,0.0,0.0,0.0,0.0,0.0,0.0,0.0,0.0,0.3863413333892822,0.09470000118017197,0.002987381252864907,8.039698600769043,186,nan,-1.0,True,,False,0.010050058364868164,0.0,0.1258549690246582,20.0,20.0,1.0,0.0,0.0,0.0,0.0,0.0
1710,20.094444274902344,0.0,0.0,0.0,20.094444274902344,0.3017052412033081,12.921870231628418,2.405348777770996,0.0,0.0,0.0,0.0,0.0,0.0,0.0,0.0,0.0,0.0,0.0,0.0,0.023000000044703484,0.023000000044703484,0.02,0.15,0.0,0.0,0.0,0.0,0.0,0.0,0.0,0.0,0.0,0.0,0.0,0.0,0.38623982667922974,0.09470446407794952,0.0029432822626631605,8.039698600769043,186,nan,-1.0,True,,False,0.010050058364868164,0.0,0.1258549690246582,20.0,20.0,1.0,0.0,0.0,0.0,0.0,0.0
1711,20.892850875854492,0.0,0.0,0.0,20.892850875854492,0.28949835896492004,12.921844482421875,2.4034769535064697,0.0,0.0,0.0,0.0,0.0,0.0,0.0,0.0,0.0,0.0,0.0,0.0,0.023000000044703484,0.023000000044703484,0.02,0.15,0.0,0.0,0.0,0.0,0.0,0.0,0.0,0.0,0.0,0.0,0.0,0.0,0.3861396014690399,0.09470808506011963,0.002905503464035064,8.039698600769043,186,nan,-1.0,True,,False,0.010050058364868164,0.0,0.1258549690246582,20.0,20.0,1.0,0.0,0.0,0.0,0.0,0.0
1712,21.718578338623047,0.0,0.0,0.0,21.718578338623047,0.2777092754840851,12.921709060668945,2.401752233505249,0.0,0.0,0.0,0.0,0.0,0.0,0.0,0.0,0.0,0.0,0.0,0.0,0.023000000044703484,0.023000000044703484,0.02,0.15,0.0,0.0,0.0,0.0,0.0,0.0,0.0,0.0,0.0,0.0,0.0,0.0,0.38604065775871277,0.09471088647842407,0.0028703038028652372,8.039698600769043,186,nan,-1.0,True,,False,0.010050058364868164,0.0,0.1258549690246582,20.0,20.0,1.0,0.0,0.0,0.0,0.0,0.0
1713,22.566553115844727,0.0,0.0,0.0,22.566553115844727,0.2663806676864624,12.921932220458984,2.400186777114868,0.0,0.0,0.0,0.0,0.0,0.0,0.0,0.0,0.0,0.0,0.0,0.0,0.023000000044703484,0.023000000044703484,0.02,0.15,0.0,0.0,0.0,0.0,0.0,0.0,0.0,0.0,0.0,0.0,0.0,0.0,0.3859429955482483,0.09471289813518524,0.0028339714127696425,8.039698600769043,186,nan,-1.0,True,,False,0.010050058364868164,0.0,0.1258549690246582,20.0,20.0,1.0,0.0,0.0,0.0,0.0,0.0
1714,23.432405471801758,0.0,0.0,0.0,23.432405471801758,0.25553280115127563,12.921781539916992,2.39872407913208,0.0,0.0,0.0,0.0,0.0,0.0,0.0,0.0,0.0,0.0,0.0,0.0,0.023000000044703484,0.023000000044703484,0.02,0.15,0.0,0.0,0.0,0.0,0.0,0.0,0.0,0.0,0.0,0.0,0.0,0.0,0.3858465850353241,0.09471416473388672,0.002792958123563949,8.039698600769043,186,nan,-1.0,True,,False,0.010050058364868164,0.0,0.1258549690246582,20.0,20.0,1.0,0.0,0.0,0.0,0.0,0.0
1715,24.311826705932617,0.0,0.0,0.0,24.311826705932617,0.24520346522331238,12.921602249145508,2.397472381591797,0.0,0.0,0.0,0.0,0.0,0.0,0.0,0.0,0.0,0.0,0.0,0.0,0.023000000044703484,0.023000000044703484,0.02,0.15,0.0,0.0,0.0,0.0,0.0,0.0,0.0,0.0,0.0,0.0,0.0,0.0,0.385751336812973,0.09471475332975388,0.0027507093972189978,8.039698600769043,186,nan,-1.0,True,,False,0.010050058364868164,0.0,0.1258549690246582,20.0,20.0,1.0,0.0,0.0,0.0,0.0,0.0
1716,25.198074340820312,0.0,0.0,0.0,25.198074340820312,0.2354203760623932,12.921394348144531,2.396319627761841,0.0,0.0,0.0,0.0,0.0,0.0,0.0,0.0,0.0,0.0,0.0,0.0,0.023000000044703484,0.023000000044703484,0.02,0.15,0.0,0.0,0.0,0.0,0.0,0.0,0.0,0.0,0.0,0.0,0.0,0.0,0.3856574296951294,0.09471472352743149,0.0027018601364261485,8.039698600769043,186,nan,-1.0,True,,False,0.010050058364868164,0.0,0.1258549690246582,20.0,20.0,1.0,0.0,0.0,0.0,0.0,0.0
1717,26.084901809692383,0.0,0.0,0.0,26.084901809692383,0.22620882093906403,12.920868873596191,2.3953065872192383,0.0,0.0,0.0,0.0,0.0,0.0,0.0,0.0,0.0,0.0,0.0,0.0,0.023000000044703484,0.023000000044703484,0.02,0.15,0.0,0.0,0.0,0.0,0.0,0.0,0.0,0.0,0.0,0.0,0.0,0.0,0.3855648636817932,0.09471412003040314,0.002649993079558044,8.039698600769043,186,nan,-1.0,True,,False,0.010050058364868164,0.0,0.1258549690246582,20.0,20.0,1.0,0.0,0.0,0.0,0.0,0.0
1718,26.966012954711914,0.0,0.0,0.0,26.966012954711914,0.21758140623569489,12.920589447021484,2.3943979740142822,0.0,0.0,0.0,0.0,0.0,0.0,0.0,0.0,0.0,0.0,0.0,0.0,0.023000000044703484,0.023000000044703484,0.02,0.15,0.0,0.0,0.0,0.0,0.0,0.0,0.0,0.0,0.0,0.0,0.0,0.0,0.3854735195636749,0.09471302479505539,0.0026113174596957833,8.039698600769043,186,nan,-1.0,True,,False,0.010050058364868164,0.0,0.1258549690246582,20.0,20.0,1.0,0.0,0.0,0.0,0.0,0.0
1719,27.832626342773438,0.0,0.0,0.0,27.832626342773438,0.2095738649368286,12.920543670654297,2.3936445713043213,0.0,0.0,0.0,0.0,0.0,0.0,0.0,0.0,0.0,0.0,0.0,0.0,0.023000000044703484,0.023000000044703484,0.02,0.15,0.0,0.0,0.0,0.0,0.0,0.0,0.0,0.0,0.0,0.0,0.0,0.0,0.3853834569454193,0.09471148997545242,0.0026284494176707085,8.039698600769043,186,nan,-1.0,True,,False,0.010050058364868164,0.0,0.1258549690246582,20.0,20.0,1.0,0.0,0.0,0.0,0.0,0.0
1720,28.676002502441406,0.0,0.0,0.0,28.676002502441406,0.2021995335817337,12.920145034790039,2.393010139465332,0.0,0.0,0.0,0.0,0.0,0.0,0.0,0.0,0.0,0.0,0.0,0.0,0.023000000044703484,0.023000000044703484,0.02,0.15,0.0,0.0,0.0,0.0,0.0,0.0,0.0,0.0,0.0,0.0,0.0,0.0,0.38529467582702637,0.09470954537391663,0.002641563159158977,8.039698600769043,186,nan,-1.0,True,,False,0.010050058364868164,0.0,0.1258549690246582,20.0,20.0,1.0,0.0,0.0,0.0,0.0,0.0
1721,29.485702514648438,0.0,0.0,0.0,29.485702514648438,0.19548510015010834,12.919427871704102,2.3924763202667236,0.0,0.0,0.0,0.0,0.0,0.0,0.0,0.0,0.0,0.0,0.0,0.0,0.023000000044703484,0.023000000044703484,0.02,0.15,0.0,0.0,0.0,0.0,0.0,0.0,0.0,0.0,0.0,0.0,0.0,0.0,0.38520708680152893,0.09470724314451218,0.002655038134662391,8.039698600769043,186,nan,-1.0,True,,False,0.010050058364868164,0.0,0.1258549690246582,20.0,20.0,1.0,0.0,0.0,0.0,0.0,0.0
1722,30.254566192626953,0.0,0.0,0.0,30.254566192626953,0.1894303560256958,12.91919994354248,2.392077684402466,0.0,0.0,0.0,0.0,0.0,0.0,0.0,0.0,0.0,0.0,0.0,0.0,0.023000000044703484,0.023000000044703484,0.02,0.15,0.0,0.0,0.0,0.0,0.0,0.0,0.0,0.0,0.0,0.0,0.0,0.0,0.385120689868927,0.09470465034246445,0.0026685057275699364,8.039698600769043,186,nan,-1.0,True,,False,0.010050058364868164,0.0,0.1258549690246582,20.0,20.0,1.0,0.0,0.0,0.0,0.0,0.0
1723,30.97260093688965,0.0,0.0,0.0,30.97260093688965,0.1840546429157257,12.918707847595215,2.3918025493621826,0.0,0.0,0.0,0.0,0.0,0.0,0.0,0.0,0.0,0.0,0.0,0.0,0.023000000044703484,0.023000000044703484,0.02,0.15,0.0,0.0,0.0,0.0,0.0,0.0,0.0,0.0,0.0,0.0,0.0,0.0,0.3850353956222534,0.09470180422067642,0.0026758050626085605,8.039698600769043,186,nan,-1.0,True,,False,0.010050058364868164,0.0,0.1258549690246582,20.0,20.0,1.0,0.0,0.0,0.0,0.0,0.0
1724,31.628908157348633,0.0,0.0,0.0,31.628908157348633,0.1793893277645111,12.918027877807617,2.391648530960083,0.0,0.0,0.0,0.0,0.0,0.0,0.0,0.0,0.0,0.0,0.0,0.0,0.023000000044703484,0.023000000044703484,0.02,0.15,0.0,0.0,0.0,0.0,0.0,0.0,0.0,0.0,0.0,0.0,0.0,0.0,0.384951114654541,0.09469872713088989,0.002676606434874884,8.039698600769043,186,nan,-1.0,True,,False,0.010050058364868164,0.0,0.1258549690246582,20.0,20.0,1.0,0.0,0.0,0.0,0.0,0.0
1725,32.22023010253906,0.0,0.0,0.0,32.22023010253906,0.17544344067573547,12.9173583984375,2.39163875579834,0.0,0.0,0.0,0.0,0.0,0.0,0.0,0.0,0.0,0.0,0.0,0.0,0.023000000044703484,0.023000000044703484,0.02,0.15,0.0,0.0,0.0,0.0,0.0,0.0,0.0,0.0,0.0,0.0,0.0,0.0,0.38486772775650024,0.09469548612833023,0.002678294897577871,8.039698600769043,186,nan,-1.0,True,,False,0.010050058364868164,0.0,0.1258549690246582,20.0,20.0,1.0,0.0,0.0,0.0,0.0,0.0
1726,48.83415985107422,0.0,0.0,0.0,48.83415985107422,0.09732788801193237,12.916305541992188,2.391714096069336,0.0,0.0,0.0,0.0,0.0,0.0,0.0,0.0,0.0,0.0,0.0,0.0,0.023000000044703484,0.023000000044703484,0.02,0.15,0.0,0.0,0.0,0.0,0.0,0.0,0.0,0.0,0.0,0.0,0.0,0.0,0.38478535413742065,0.09469208866357803,0.0024290832036513166,8.039698600769043,186,nan,-1.0,True,,False,0.010050058364868164,0.0,0.1258549690246582,20.0,20.0,1.0,0.0,0.0,0.0,0.0,0.0
1727,96.80322265625,0.0,0.0,0.0,96.80322265625,0.027113933116197586,12.915460586547852,2.39152193069458,0.0,0.0,0.0,0.0,0.0,0.0,0.0,0.0,0.0,0.0,0.0,0.0,0.023000000044703484,0.023000000044703484,0.02,0.15,0.0,0.0,0.0,0.0,0.0,0.0,0.0,0.0,0.0,0.0,0.0,0.0,0.3847040832042694,0.09468904137611389,0.002486466866457704,8.039698600769043,186,nan,-1.0,True,,False,0.010050058364868164,0.0,0.1258549690246582,20.0,20.0,1.0,0.0,0.0,0.0,0.0,0.0
1728,33.49590301513672,0.0,0.0,0.0,33.49590301513672,0.16651137173175812,12.914751052856445,2.3875057697296143,0.0,0.0,0.0,0.0,0.0,0.0,0.0,0.0,0.0,0.0,0.0,0.0,0.023000000044703484,0.023000000044703484,0.02,0.15,0.0,0.0,0.0,0.0,0.0,0.0,0.0,0.0,0.0,0.0,0.0,0.0,0.3846249580383301,0.09468609094619751,0.0026337916326610866,8.039698600769043,186,nan,-1.0,True,,False,0.010050058364868164,0.0,0.1258549690246582,20.0,20.0,1.0,0.0,0.0,0.0,0.0,0.0
1729,33.74186706542969,0.0,0.0,0.0,33.74186706542969,0.16454443335533142,12.914140701293945,2.3840250968933105,0.0,0.0,0.0,0.0,0.0,0.0,0.0,0.0,0.0,0.0,0.0,0.0,0.023000000044703484,0.023000000044703484,0.02,0.15,0.0,0.0,0.0,0.0,0.0,0.0,0.0,0.0,0.0,0.0,0.0,0.0,0.38454675674438477,0.09468302875757217,0.0026369483423422935,8.039698600769043,186,nan,-1.0,True,,False,0.010050058364868164,0.0,0.1258549690246582,20.0,20.0,1.0,0.0,0.0,0.0,0.0,0.0
1730,33.91558837890625,0.0,0.0,0.0,33.91558837890625,0.16325563192367554,12.913164138793945,2.3810439109802246,0.0,0.0,0.0,0.0,0.0,0.0,0.0,0.0,0.0,0.0,0.0,0.0,0.023000000044703484,0.023000000044703484,0.02,0.15,0.0,0.0,0.0,0.0,0.0,0.0,0.0,0.0,0.0,0.0,0.0,0.0,0.384469598531723,0.09467985481023788,0.002661386800582477,8.039698600769043,186,nan,-1.0,True,,False,0.010050058364868164,0.0,0.1258549690246582,20.0,20.0,1.0,0.0,0.0,0.0,0.0,0.0
1731,34.00259017944336,0.0,0.0,0.0,34.00259017944336,0.16265571117401123,12.911872863769531,2.37851619720459,0.0,0.0,0.0,0.0,0.0,0.0,0.0,0.0,0.0,0.0,0.0,0.0,0.023000000044703484,0.023000000044703484,0.02,0.15,0.0,0.0,0.0,0.0,0.0,0.0,0.0,0.0,0.0,0.0,0.0,0.0,0.3843933641910553,0.09467662125825882,0.002667656793846618,8.039698600769043,186,nan,-1.0,True,,False,0.010050058364868164,0.0,0.1258549690246582,20.0,20.0,1.0,0.0,0.0,0.0,0.0,0.0
1732,42.507564544677734,0.0,0.0,0.0,42.507564544677734,0.11930491030216217,12.911067962646484,2.376406192779541,0.0,0.0,0.0,0.0,0.0,0.0,0.0,0.0,0.0,0.0,0.0,0.0,0.023000000044703484,0.023000000044703484,0.02,0.15,0.0,0.0,0.0,0.0,0.0,0.0,0.0,0.0,0.0,0.0,0.0,0.0,0.38431814312934875,0.09467332810163498,0.0034428634683081327,8.039698600769043,186,nan,-1.0,True,,False,0.010050058364868164,0.0,0.1258549690246582,20.0,20.0,1.0,0.0,0.0,0.0,0.0,0.0
1733,87.55449676513672,0.0,0.0,0.0,87.55449676513672,0.0333910770714283,12.909716606140137,2.3747012615203857,0.0,0.0,0.0,0.0,0.0,0.0,0.0,0.0,0.0,0.0,0.0,0.0,0.023000000044703484,0.023000000044703484,0.02,0.15,0.0,0.0,0.0,0.0,0.0,0.0,0.0,0.0,0.0,0.0,0.0,0.0,0.3842458426952362,0.09467111527919769,0.0034849529581606475,8.039698600769043,186,nan,-1.0,True,,False,0.010050058364868164,0.0,0.1258549690246582,20.0,20.0,1.0,0.0,0.0,0.0,0.0,0.0
1734,88.099365234375,0.0,0.0,0.0,88.099365234375,0.03293237090110779,12.908913612365723,2.372694253921509,0.0,0.0,0.0,0.0,0.0,0.0,0.0,0.0,0.0,0.0,0.0,0.0,0.023000000044703484,0.023000000044703484,0.02,0.15,0.0,0.0,0.0,0.0,0.0,0.0,0.0,0.0,0.0,0.0,0.0,0.0,0.3841766119003296,0.09466990828514099,0.00350498183001946,8.039698600769043,186,nan,-1.0,True,,False,0.010050058364868164,0.0,0.1258549690246582,20.0,20.0,1.0,0.0,0.0,0.0,0.0,0.0
1735,48.143409729003906,0.0,0.0,0.0,48.143409729003906,0.09861169010400772,12.907931327819824,2.3705012798309326,0.0,0.0,0.0,0.0,0.0,0.0,0.0,0.0,0.0,0.0,0.0,0.0,0.023000000044703484,0.023000000044703484,0.02,0.15,0.0,0.0,0.0,0.0,0.0,0.0,0.0,0.0,0.0,0.0,0.0,0.0,0.38410869240760803,0.09466797113418579,0.0035203935728986835,8.039698600769043,186,nan,-1.0,True,,False,0.010050058364868164,0.0,0.1258549690246582,20.0,20.0,1.0,0.0,0.0,0.0,0.0,0.0
1736,33.49443817138672,0.0,0.0,0.0,33.49443817138672,0.16538003087043762,12.907014846801758,2.368659496307373,0.0,0.0,0.0,0.0,0.0,0.0,0.0,0.0,0.0,0.0,0.0,0.0,0.023000000044703484,0.023000000044703484,0.02,0.15,0.0,0.0,0.0,0.0,0.0,0.0,0.0,0.0,0.0,0.0,0.0,0.0,0.38404184579849243,0.09466534852981567,0.002625523481583514,8.039698600769043,186,nan,-1.0,True,,False,0.010050058364868164,0.0,0.1258549690246582,20.0,20.0,1.0,0.0,0.0,0.0,0.0,0.0
1737,33.24137878417969,0.0,0.0,0.0,33.24137878417969,0.16682447493076324,12.906002044677734,2.3672285079956055,0.0,0.0,0.0,0.0,0.0,0.0,0.0,0.0,0.0,0.0,0.0,0.0,0.023000000044703484,0.023000000044703484,0.02,0.15,0.0,0.0,0.0,0.0,0.0,0.0,0.0,0.0,0.0,0.0,0.0,0.0,0.3839758336544037,0.0946626216173172,0.002636053362948587,8.039698600769043,186,nan,-1.0,True,,False,0.010050058364868164,0.0,0.1258549690246582,20.0,20.0,1.0,0.0,0.0,0.0,0.0,0.0
1738,32.910614013671875,0.0,0.0,0.0,32.910614013671875,0.16892220079898834,12.904632568359375,2.366168737411499,0.0,0.0,0.0,0.0,0.0,0.0,0.0,0.0,0.0,0.0,0.0,0.0,0.023000000044703484,0.023000000044703484,0.02,0.15,0.0,0.0,0.0,0.0,0.0,0.0,0.0,0.0,0.0,0.0,0.0,0.0,0.383910596370697,0.09465982764959335,0.002644088265242317,8.039698600769043,186,nan,-1.0,True,,False,0.010050058364868164,0.0,0.1258549690246582,20.0,20.0,1.0,0.0,0.0,0.0,0.0,0.0
1739,32.515830993652344,0.0,0.0,0.0,32.515830993652344,0.17164477705955505,12.903413772583008,2.365523099899292,0.0,0.0,0.0,0.0,0.0,0.0,0.0,0.0,0.0,0.0,0.0,0.0,0.023000000044703484,0.023000000044703484,0.02,0.15,0.0,0.0,0.0,0.0,0.0,0.0,0.0,0.0,0.0,0.0,0.0,0.0,0.3838460147380829,0.09465696662664413,0.00265273609261385,8.039698600769043,186,nan,-1.0,True,,False,0.010050058364868164,0.0,0.1258549690246582,20.0,20.0,1.0,0.0,0.0,0.0,0.0,0.0
1740,49.85932159423828,0.0,0.0,0.0,49.85932159423828,0.09320460259914398,12.902347564697266,2.365375280380249,0.0,0.0,0.0,0.0,0.0,0.0,0.0,0.0,0.0,0.0,0.0,0.0,0.023000000044703484,0.023000000044703484,0.02,0.15,0.0,0.0,0.0,0.0,0.0,0.0,0.0,0.0,0.0,0.0,0.0,0.0,0.38378211855888367,0.09465406090021133,0.0022920695028005866,8.039698600769043,186,nan,-1.0,True,,False,0.010050058364868164,0.0,0.1258549690246582,20.0,20.0,1.0,0.0,0.0,0.0,0.0,0.0
1741,66.61678314208984,0.0,0.0,0.0,66.61678314208984,0.05684928596019745,12.90083122253418,2.364871025085449,0.0,0.0,0.0,0.0,0.0,0.0,0.0,0.0,0.0,0.0,0.0,0.0,0.023000000044703484,0.023000000044703484,0.02,0.15,0.0,0.0,0.0,0.0,0.0,0.0,0.0,0.0,0.0,0.0,0.0,0.0,0.38371890783309937,0.09465207904577255,0.002255984984230963,8.039698600769043,186,nan,-1.0,True,,False,0.010050058364868164,0.0,0.1258549690246582,20.0,20.0,1.0,0.0,0.0,0.0,0.0,0.0
1742,31.040929794311523,0.0,0.0,0.0,31.040929794311523,0.18187552690505981,12.899866104125977,2.363340139389038,0.0,0.0,0.0,0.0,0.0,0.0,0.0,0.0,0.0,0.0,0.0,0.0,0.023000000044703484,0.023000000044703484,0.02,0.15,0.0,0.0,0.0,0.0,0.0,0.0,0.0,0.0,0.0,0.0,0.0,0.0,0.38365843892097473,0.09464961290359497,0.002675172559747807,8.039698600769043,186,nan,-1.0,True,,False,0.010050058364868164,0.0,0.1258549690246582,20.0,20.0,1.0,0.0,0.0,0.0,0.0,0.0
1743,30.414867401123047,0.0,0.0,0.0,30.414867401123047,0.18616941571235657,12.898381233215332,2.3621063232421875,0.0,0.0,0.0,0.0,0.0,0.0,0.0,0.0,0.0,0.0,0.0,0.0,0.023000000044703484,0.023000000044703484,0.02,0.15,0.0,0.0,0.0,0.0,0.0,0.0,0.0,0.0,0.0,0.0,0.0,0.0,0.38359853625297546,0.09464702755212784,0.002687593424525403,8.039698600769043,186,nan,-1.0,True,,False,0.010050058364868164,0.0,0.1258549690246582,20.0,20.0,1.0,0.0,0.0,0.0,0.0,0.0
1744,29.743818283081055,0.0,0.0,0.0,29.743818283081055,0.19114655256271362,12.897287368774414,2.3611819744110107,0.0,0.0,0.0,0.0,0.0,0.0,0.0,0.0,0.0,0.0,0.0,0.0,0.023000000044703484,0.023000000044703484,0.02,0.15,0.0,0.0,0.0,0.0,0.0,0.0,0.0,0.0,0.0,0.0,0.0,0.0,0.38353899121284485,0.09464438259601593,0.002699802544384511,8.039698600769043,186,nan,-1.0,True,,False,0.010050058364868164,0.0,0.1258549690246582,20.0,20.0,1.0,0.0,0.0,0.0,0.0,0.0
1745,28.97068977355957,0.0,0.0,0.0,28.97068977355957,0.19725340604782104,12.89532470703125,2.360560894012451,0.0,0.0,0.0,0.0,0.0,0.0,0.0,0.0,0.0,0.0,0.0,0.0,0.023000000044703484,0.023000000044703484,0.02,0.15,0.0,0.0,0.0,0.0,0.0,0.0,0.0,0.0,0.0,0.0,0.0,0.0,0.3834783732891083,0.09464163333177567,0.0027123017789563164,8.039698600769043,186,nan,-1.0,True,,False,0.010050058364868164,0.0,0.1258549690246582,20.0,20.0,1.0,0.0,0.0,0.0,0.0,0.0
1746,28.131675720214844,0.0,0.0,0.0,28.131675720214844,0.20429162681102753,12.893465042114258,2.36029052734375,0.0,0.0,0.0,0.0,0.0,0.0,0.0,0.0,0.0,0.0,0.0,0.0,0.023000000044703484,0.023000000044703484,0.02,0.15,0.0,0.0,0.0,0.0,0.0,0.0,0.0,0.0,0.0,0.0,0.0,0.0,0.38341718912124634,0.09463881701231003,0.0026836465754058736,8.039698600769043,186,nan,-1.0,True,,False,0.010050058364868164,0.0,0.1258549690246582,20.0,20.0,1.0,0.0,0.0,0.0,0.0,0.0
1747,27.25116539001465,0.0,0.0,0.0,27.25116539001465,0.21215221285820007,12.891403198242188,2.3604564666748047,0.0,0.0,0.0,0.0,0.0,0.0,0.0,0.0,0.0,0.0,0.0,0.0,0.023000000044703484,0.023000000044703484,0.02,0.15,0.0,0.0,0.0,0.0,0.0,0.0,0.0,0.0,0.0,0.0,0.0,0.0,0.3833557069301605,0.09463593363761902,0.0026988147951669816,8.039698600769043,186,nan,-1.0,True,,False,0.010050058364868164,0.0,0.1258549690246582,20.0,20.0,1.0,0.0,0.0,0.0,0.0,0.0
1748,26.344694137573242,0.0,0.0,0.0,26.344694137573242,0.2207927703857422,12.889472961425781,2.361117362976074,0.0,0.0,0.0,0.0,0.0,0.0,0.0,0.0,0.0,0.0,0.0,0.0,0.023000000044703484,0.023000000044703484,0.02,0.15,0.0,0.0,0.0,0.0,0.0,0.0,0.0,0.0,0.0,0.0,0.0,0.0,0.38329365849494934,0.09463298320770264,0.0027151918070558168,8.039698600769043,186,nan,-1.0,True,,False,0.010050058364868164,0.0,0.1258549690246582,20.0,20.0,1.0,0.0,0.0,0.0,0.0,0.0
1749,25.43250846862793,0.0,0.0,0.0,25.43250846862793,0.23011648654937744,12.88724136352539,2.3623335361480713,0.0,0.0,0.0,0.0,0.0,0.0,0.0,0.0,0.0,0.0,0.0,0.0,0.023000000044703484,0.023000000044703484,0.02,0.15,0.0,0.0,0.0,0.0,0.0,0.0,0.0,0.0,0.0,0.0,0.0,0.0,0.3832307457923889,0.09462998807430267,0.002746524711483289,8.039698600769043,186,nan,-1.0,True,,False,0.010050058364868164,0.0,0.1258549690246582,20.0,20.0,1.0,0.0,0.0,0.0,0.0,0.0
1750,24.52130699157715,0.0,0.0,0.0,24.52130699157715,0.24020683765411377,12.884918212890625,2.3642752170562744,0.0,0.0,0.0,0.0,0.0,0.0,0.0,0.0,0.0,0.0,0.0,0.0,0.023000000044703484,0.023000000044703484,0.02,0.15,0.0,0.0,0.0,0.0,0.0,0.0,0.0,0.0,0.0,0.0,0.0,0.0,0.383165180683136,0.09462691098451614,0.002765961487966706,8.039698600769043,186,nan,-1.0,True,,False,0.010050058364868164,0.0,0.1258549690246582,20.0,20.0,1.0,0.0,0.0,0.0,0.0,0.0
1751,30.094982147216797,0.0,0.0,0.0,30.094982147216797,0.1893559992313385,12.88254165649414,2.3670592308044434,0.0,0.0,0.0,0.0,0.0,0.0,0.0,0.0,0.0,0.0,0.0,0.0,0.023000000044703484,0.023000000044703484,0.02,0.15,0.0,0.0,0.0,0.0,0.0,0.0,0.0,0.0,0.0,0.0,0.0,0.0,0.3830980062484741,0.09462379664182663,0.0021354004570639518,8.039698600769043,186,nan,-1.0,True,,False,0.010050058364868164,0.0,0.1258549690246582,20.0,20.0,1.0,0.0,0.0,0.0,0.0,0.0
1752,62.710121154785156,0.0,0.0,0.0,62.710121154785156,0.06347361207008362,12.879646301269531,2.368351459503174,0.0,0.0,0.0,0.0,0.0,0.0,0.0,0.0,0.0,0.0,0.0,0.0,0.023000000044703484,0.023000000044703484,0.02,0.15,0.0,0.0,0.0,0.0,0.0,0.0,0.0,0.0,0.0,0.0,0.0,0.0,0.3830200135707855,0.09462109953165054,0.0021932906663550966,8.039698600769043,186,nan,-1.0,True,,False,0.010050058364868164,0.0,0.1258549690246582,20.0,20.0,1.0,0.0,0.0,0.0,0.0,0.0
1753,26.29517936706543,0.0,0.0,0.0,26.29517936706543,0.22252000868320465,12.876791000366211,2.3664498329162598,0.0,0.0,0.0,0.0,0.0,0.0,0.0,0.0,0.0,0.0,0.0,0.0,0.023000000044703484,0.023000000044703484,0.02,0.15,0.0,0.0,0.0,0.0,0.0,0.0,0.0,0.0,0.0,0.0,0.0,0.0,0.3829387128353119,0.09461843222379684,0.00223951073940043,8.039698600769043,186,nan,-1.0,True,,False,0.010050058364868164,0.0,0.1258549690246582,20.0,20.0,1.0,0.0,0.0,0.0,0.0,0.0
1754,25.21438217163086,0.0,0.0,0.0,25.21438217163086,0.23300336301326752,12.874072074890137,2.364738702774048,0.0,0.0,0.0,0.0,0.0,0.0,0.0,0.0,0.0,0.0,0.0,0.0,0.023000000044703484,0.023000000044703484,0.02,0.15,0.0,0.0,0.0,0.0,0.0,0.0,0.0,0.0,0.0,0.0,0.0,0.0,0.3828563690185547,0.09461571276187897,0.001497328343702975,8.039698600769043,186,nan,-1.0,True,,False,0.010050058364868164,0.0,0.1258549690246582,20.0,20.0,1.0,0.0,0.0,0.0,0.0,0.0
1755,26.14727020263672,0.0,0.0,0.0,26.14727020263672,0.22320295870304108,12.871561050415039,2.3632118701934814,0.0,0.0,0.0,0.0,0.0,0.0,0.0,0.0,0.0,0.0,0.0,0.0,0.023000000044703484,0.023000000044703484,0.02,0.15,0.0,0.0,0.0,0.0,0.0,0.0,0.0,0.0,0.0,0.0,0.0,0.0,0.38277101516723633,0.09461371600627899,0.001356461429168121,8.039698600769043,186,nan,-1.0,True,,False,0.010050058364868164,0.0,0.1258549690246582,20.0,20.0,1.0,0.0,0.0,0.0,0.0,0.0
1756,26.987905502319336,0.0,0.0,0.0,26.987905502319336,0.214930459856987,12.868715286254883,2.3618762493133545,0.0,0.0,0.0,0.0,0.0,0.0,0.0,0.0,0.0,0.0,0.0,0.0,0.023000000044703484,0.023000000044703484,0.02,0.15,0.0,0.0,0.0,0.0,0.0,0.0,0.0,0.0,0.0,0.0,0.0,0.0,0.3826819062232971,0.09461236000061035,0.0012272832873350126,8.039698600769043,186,nan,-1.0,True,,False,0.010050058364868164,0.0,0.1258549690246582,20.0,20.0,1.0,0.0,0.0,0.0,0.0,0.0
1757,27.71776008605957,0.0,0.0,0.0,27.71776008605957,0.2081284523010254,12.865631103515625,2.3607144355773926,0.0,0.0,0.0,0.0,0.0,0.0,0.0,0.0,0.0,0.0,0.0,0.0,0.023000000044703484,0.023000000044703484,0.02,0.15,0.0,0.0,0.0,0.0,0.0,0.0,0.0,0.0,0.0,0.0,0.0,0.0,0.38258954882621765,0.09461161494255066,0.0011183597875970008,8.039698600769043,186,nan,-1.0,True,,False,0.010050058364868164,0.0,0.1258549690246582,20.0,20.0,1.0,0.0,0.0,0.0,0.0,0.0
1758,28.350868225097656,0.0,0.0,0.0,28.350868225097656,0.2024925947189331,12.8623685836792,2.359682559967041,0.0,0.0,0.0,0.0,0.0,0.0,0.0,0.0,0.0,0.0,0.0,0.0,0.023000000044703484,0.023000000044703484,0.02,0.15,0.0,0.0,0.0,0.0,0.0,0.0,0.0,0.0,0.0,0.0,0.0,0.0,0.3824956715106964,0.09461143612861633,0.0010260670846946596,8.039698600769043,186,nan,-1.0,True,,False,0.010050058364868164,0.0,0.1258549690246582,20.0,20.0,1.0,0.0,0.0,0.0,0.0,0.0
1759,28.826801300048828,0.0,0.0,0.0,28.826801300048828,0.19840066134929657,12.859283447265625,2.3587350845336914,0.0,0.0,0.0,0.0,0.0,0.0,0.0,0.0,0.0,0.0,0.0,0.0,0.023000000044703484,0.023000000044703484,0.02,0.15,0.0,0.0,0.0,0.0,0.0,0.0,0.0,0.0,0.0,0.0,0.0,0.0,0.38240399956703186,0.09461177885532379,0.0009663606083449849,8.039698600769043,186,nan,-1.0,True,,False,0.010050058364868164,0.0,0.1258549690246582,20.0,20.0,1.0,0.0,0.0,0.0,0.0,0.0
1760,29.110321044921875,0.0,0.0,0.0,29.110321044921875,0.1960465908050537,12.856315612792969,2.3582115173339844,0.0,0.0,0.0,0.0,0.0,0.0,0.0,0.0,0.0,0.0,0.0,0.0,0.023000000044703484,0.023000000044703484,0.02,0.15,0.0,0.0,0.0,0.0,0.0,0.0,0.0,0.0,0.0,0.0,0.0,0.0,0.38229918479919434,0.09461257606744766,0.0009302370663135662,8.039698600769043,186,nan,-1.0,True,,False,0.010050058364868164,0.0,0.1258549690246582,20.0,20.0,1.0,0.0,0.0,0.0,0.0,0.0
1761,29.032379150390625,0.0,0.0,0.0,29.032379150390625,0.19672153890132904,12.852758407592773,2.357913017272949,0.0,0.0,0.0,0.0,0.0,0.0,0.0,0.0,0.0,0.0,0.0,0.0,0.023000000044703484,0.023000000044703484,0.02,0.15,0.0,0.0,0.0,0.0,0.0,0.0,0.0,0.0,0.0,0.0,0.0,0.0,0.38218793272972107,0.09461383521556854,0.0009415949753019959,8.039698600769043,186,nan,-1.0,True,,False,0.010050058364868164,0.0,0.1258549690246582,20.0,20.0,1.0,0.0,0.0,0.0,0.0,0.0
1762,29.60689926147461,0.0,0.0,0.0,29.60689926147461,0.19213806092739105,12.849267959594727,2.357757091522217,0.0,0.0,0.0,0.0,0.0,0.0,0.0,0.0,0.0,0.0,0.0,0.0,0.023000000044703484,0.023000000044703484,0.02,0.15,0.0,0.0,0.0,0.0,0.0,0.0,0.0,0.0,0.0,0.0,0.0,0.0,0.3820771872997284,0.09461548924446106,0.0008211798949560034,8.039698600769043,186,nan,-1.0,True,,False,0.010050058364868164,0.0,0.1258549690246582,20.0,20.0,1.0,0.0,0.0,0.0,0.0,0.0
1763,35.52463912963867,0.0,0.0,0.0,35.52463912963867,0.15207767486572266,12.845941543579102,2.3576648235321045,0.0,0.0,0.0,0.0,0.0,0.0,0.0,0.0,0.0,0.0,0.0,0.0,0.023000000044703484,0.023000000044703484,0.02,0.15,0.0,0.0,0.0,0.0,0.0,0.0,0.0,0.0,0.0,0.0,0.0,0.0,0.38196974992752075,0.09461721032857895,0.0008895728792595037,8.039698600769043,186,nan,-1.0,True,,False,0.010050058364868164,0.0,0.1258549690246582,20.0,20.0,1.0,0.0,0.0,0.0,0.0,0.0
1764,43.78318786621094,0.0,0.0,0.0,43.78318786621094,0.11319702118635178,12.842597961425781,2.357640504837036,0.0,0.0,0.0,0.0,0.0,0.0,0.0,0.0,0.0,0.0,0.0,0.0,0.023000000044703484,0.023000000044703484,0.02,0.15,0.0,0.0,0.0,0.0,0.0,0.0,0.0,0.0,0.0,0.0,0.0,0.0,0.38186612725257874,0.09461896866559982,0.0009705172597023193,8.039698600769043,186,nan,-1.0,True,,False,0.010050058364868164,0.0,0.1258549690246582,20.0,20.0,1.0,0.0,0.0,0.0,0.0,0.0
1765,56.41200256347656,0.0,0.0,0.0,56.41200256347656,0.07577832043170929,12.839681625366211,2.3576507568359375,0.0,0.0,0.0,0.0,0.0,0.0,0.0,0.0,0.0,0.0,0.0,0.0,0.023000000044703484,0.023000000044703484,0.02,0.15,0.0,0.0,0.0,0.0,0.0,0.0,0.0,0.0,0.0,0.0,0.0,0.0,0.38176846504211426,0.09462075680494308,0.0010667401897990203,8.039698600769043,186,nan,-1.0,True,,False,0.010050058364868164,0.0,0.1258549690246582,20.0,20.0,1.0,0.0,0.0,0.0,0.0,0.0
1766,78.91671752929688,0.0,0.0,0.0,78.91671752929688,0.040954943746328354,12.836357116699219,2.3578062057495117,0.0,0.0,0.0,0.0,0.0,0.0,0.0,0.0,0.0,0.0,0.0,0.0,0.023000000044703484,0.023000000044703484,0.02,0.15,0.0,0.0,0.0,0.0,0.0,0.0,0.0,0.0,0.0,0.0,0.0,0.0,0.38167211413383484,0.09462258964776993,0.0011559140880308405,8.039698600769043,186,nan,-1.0,True,,False,0.010050058364868164,0.0,0.1258549690246582,20.0,20.0,1.0,0.0,0.0,0.0,0.0,0.0
1767,143.3372039794922,0.0,0.0,0.0,143.3372039794922,0.01027732528746128,12.833526611328125,2.3579370975494385,0.0,0.0,0.0,0.0,0.0,0.0,0.0,0.0,0.0,0.0,0.0,0.0,0.023000000044703484,0.023000000044703484,0.02,0.15,0.0,0.0,0.0,0.0,0.0,0.0,0.0,0.0,0.0,0.0,0.0,0.0,0.3815865218639374,0.09462444484233856,0.0012492989362726803,8.039698600769043,186,nan,-1.0,True,,False,0.010050058364868164,0.0,0.1258549690246582,20.0,20.0,1.0,0.0,0.0,0.0,0.0,0.0
1768,117.20808410644531,0.0,0.0,0.0,117.20808410644531,0.017161596566438675,12.831028938293457,2.357809066772461,0.0,0.0,0.0,0.0,0.0,0.0,0.0,0.0,0.0,0.0,0.0,0.0,0.023000000044703484,0.023000000044703484,0.02,0.15,0.0,0.0,0.0,0.0,0.0,0.0,0.0,0.0,0.0,0.0,0.0,0.0,0.3815084397792816,0.09462632238864899,0.001331882763224712,8.039698600769043,186,nan,-1.0,True,,False,0.010050058364868164,0.0,0.1258549690246582,20.0,20.0,1.0,0.0,0.0,0.0,0.0,0.0
1769,69.31013488769531,0.0,0.0,0.0,69.31013488769531,0.05259373039007187,12.827834129333496,2.3574936389923096,0.0,0.0,0.0,0.0,0.0,0.0,0.0,0.0,0.0,0.0,0.0,0.0,0.023000000044703484,0.023000000044703484,0.02,0.15,0.0,0.0,0.0,0.0,0.0,0.0,0.0,0.0,0.0,0.0,0.0,0.0,0.38142454624176025,0.0946279838681221,0.001392651395235589,8.039698600769043,186,nan,-1.0,True,,False,0.010050058364868164,0.0,0.1258549690246582,20.0,20.0,1.0,0.0,0.0,0.0,0.0,0.0
1770,50.412174224853516,0.0,0.0,0.0,50.412174224853516,0.09111893177032471,12.824739456176758,2.3572652339935303,0.0,0.0,0.0,0.0,0.0,0.0,0.0,0.0,0.0,0.0,0.0,0.0,0.023000000044703484,0.023000000044703484,0.02,0.15,0.0,0.0,0.0,0.0,0.0,0.0,0.0,0.0,0.0,0.0,0.0,0.0,0.3813342750072479,0.0946294292807579,0.0014376724552676023,8.039698600769043,186,nan,-1.0,True,,False,0.010050058364868164,0.0,0.1258549690246582,20.0,20.0,1.0,0.0,0.0,0.0,0.0,0.0
1771,38.68698501586914,0.0,0.0,0.0,38.68698501586914,0.1353456974029541,12.821266174316406,2.357085943222046,0.0,0.0,0.0,0.0,0.0,0.0,0.0,0.0,0.0,0.0,0.0,0.0,0.023000000044703484,0.023000000044703484,0.02,0.15,0.0,0.0,0.0,0.0,0.0,0.0,0.0,0.0,0.0,0.0,0.0,0.0,0.38123759627342224,0.0946306586265564,0.0014717750855197664,8.039698600769043,186,nan,-1.0,True,,False,0.010050058364868164,0.0,0.1258549690246582,20.0,20.0,1.0,0.0,0.0,0.0,0.0,0.0
1772,36.50009536743164,0.0,0.0,0.0,36.50009536743164,0.14659231901168823,12.81782341003418,2.356937885284424,0.0,0.0,0.0,0.0,0.0,0.0,0.0,0.0,0.0,0.0,0.0,0.0,0.023000000044703484,0.023000000044703484,0.02,0.15,0.0,0.0,0.0,0.0,0.0,0.0,0.0,0.0,0.0,0.0,0.0,0.0,0.3811328709125519,0.09463169425725937,0.0015877888718023314,8.039698600769043,186,nan,-1.0,True,,False,0.010050058364868164,0.0,0.1258549690246582,20.0,20.0,1.0,0.0,0.0,0.0,0.0,0.0
1773,39.920997619628906,0.0,0.0,0.0,39.920997619628906,0.12935036420822144,12.813980102539062,2.3567698001861572,0.0,0.0,0.0,0.0,0.0,0.0,0.0,0.0,0.0,0.0,0.0,0.0,0.023000000044703484,0.023000000044703484,0.02,0.15,0.0,0.0,0.0,0.0,0.0,0.0,0.0,0.0,0.0,0.0,0.0,0.0,0.3810502588748932,0.09463305026292801,0.001582670357038296,8.039698600769043,186,nan,-1.0,True,,False,0.010050058364868164,0.0,0.1258549690246582,20.0,20.0,1.0,0.0,0.0,0.0,0.0,0.0
1774,43.62531280517578,0.0,0.0,0.0,43.62531280517578,0.11367671191692352,12.810510635375977,2.356735944747925,0.0,0.0,0.0,0.0,0.0,0.0,0.0,0.0,0.0,0.0,0.0,0.0,0.023000000044703484,0.023000000044703484,0.02,0.15,0.0,0.0,0.0,0.0,0.0,0.0,0.0,0.0,0.0,0.0,0.0,0.0,0.38097819685935974,0.09463473409414291,0.0015990643732948229,8.039698600769043,186,nan,-1.0,True,,False,0.010050058364868164,0.0,0.1258549690246582,20.0,20.0,1.0,0.0,0.0,0.0,0.0,0.0
1775,47.41560363769531,0.0,0.0,0.0,47.41560363769531,0.100183866918087,12.807334899902344,2.3568050861358643,0.0,0.0,0.0,0.0,0.0,0.0,0.0,0.0,0.0,0.0,0.0,0.0,0.023000000044703484,0.023000000044703484,0.02,0.15,0.0,0.0,0.0,0.0,0.0,0.0,0.0,0.0,0.0,0.0,0.0,0.0,0.3809153735637665,0.0946366935968399,0.0016205688207264757,8.039698600769043,186,nan,-1.0,True,,False,0.010050058364868164,0.0,0.1258549690246582,20.0,20.0,1.0,0.0,0.0,0.0,0.0,0.0
1776,50.950965881347656,0.0,0.0,0.0,50.950965881347656,0.08946813642978668,12.804086685180664,2.3570666313171387,0.0,0.0,0.0,0.0,0.0,0.0,0.0,0.0,0.0,0.0,0.0,0.0,0.023000000044703484,0.023000000044703484,0.02,0.15,0.0,0.0,0.0,0.0,0.0,0.0,0.0,0.0,0.0,0.0,0.0,0.0,0.38085421919822693,0.09463895112276077,0.0016421794657617284,8.039698600769043,186,nan,-1.0,True,,False,0.010050058364868164,0.0,0.1258549690246582,20.0,20.0,1.0,0.0,0.0,0.0,0.0,0.0
1777,53.89878845214844,0.0,0.0,0.0,53.89878845214844,0.08167016506195068,12.800936698913574,2.3574624061584473,0.0,0.0,0.0,0.0,0.0,0.0,0.0,0.0,0.0,0.0,0.0,0.0,0.023000000044703484,0.023000000044703484,0.02,0.15,0.0,0.0,0.0,0.0,0.0,0.0,0.0,0.0,0.0,0.0,0.0,0.0,0.38079965114593506,0.09464149922132492,0.0016698442591405183,8.039698600769043,186,nan,-1.0,True,,False,0.010050058364868164,0.0,0.1258549690246582,20.0,20.0,1.0,0.0,0.0,0.0,0.0,0.0
1778,55.42272186279297,0.0,0.0,0.0,55.42272186279297,0.07800012826919556,12.797778129577637,2.3579940795898438,0.0,0.0,0.0,0.0,0.0,0.0,0.0,0.0,0.0,0.0,0.0,0.0,0.023000000044703484,0.023000000044703484,0.02,0.15,0.0,0.0,0.0,0.0,0.0,0.0,0.0,0.0,0.0,0.0,0.0,0.0,0.3807557225227356,0.09464432299137115,0.0016863287628439139,8.039698600769043,186,nan,-1.0,True,,False,0.010050058364868164,0.0,0.1258549690246582,20.0,20.0,1.0,0.0,0.0,0.0,0.0,0.0
1779,55.67106246948242,0.0,0.0,0.0,55.67106246948242,0.07744650542736053,12.795154571533203,2.3586392402648926,0.0,0.0,0.0,0.0,0.0,0.0,0.0,0.0,0.0,0.0,0.0,0.0,0.023000000044703484,0.023000000044703484,0.02,0.15,0.0,0.0,0.0,0.0,0.0,0.0,0.0,0.0,0.0,0.0,0.0,0.0,0.3807229697704315,0.09464742988348007,0.001719492918709875,8.039698600769043,186,nan,-1.0,True,,False,0.010050058364868164,0.0,0.1258549690246582,20.0,20.0,1.0,0.0,0.0,0.0,0.0,0.0
1780,54.44468688964844,0.0,0.0,0.0,54.44468688964844,0.0804063081741333,12.792881965637207,2.359374523162842,0.0,0.0,0.0,0.0,0.0,0.0,0.0,0.0,0.0,0.0,0.0,0.0,0.023000000044703484,0.023000000044703484,0.02,0.15,0.0,0.0,0.0,0.0,0.0,0.0,0.0,0.0,0.0,0.0,0.0,0.0,0.38073110580444336,0.09465071558952332,0.0017198744785673625,8.039698600769043,186,nan,-1.0,True,,False,0.010050058364868164,0.0,0.1258549690246582,20.0,20.0,1.0,0.0,0.0,0.0,0.0,0.0
1781,51.64984130859375,0.0,0.0,0.0,51.64984130859375,0.08768437802791595,12.790464401245117,2.360243797302246,0.0,0.0,0.0,0.0,0.0,0.0,0.0,0.0,0.0,0.0,0.0,0.0,0.023000000044703484,0.023000000044703484,0.02,0.15,0.0,0.0,0.0,0.0,0.0,0.0,0.0,0.0,0.0,0.0,0.0,0.0,0.380757212638855,0.0946541354060173,0.001730900244183431,8.039698600769043,186,nan,-1.0,True,,False,0.010050058364868164,0.0,0.1258549690246582,20.0,20.0,1.0,0.0,0.0,0.0,0.0,0.0
1782,48.182193756103516,0.0,0.0,0.0,48.182193756103516,0.09796569496393204,12.788619995117188,2.3612618446350098,0.0,0.0,0.0,0.0,0.0,0.0,0.0,0.0,0.0,0.0,0.0,0.0,0.023000000044703484,0.023000000044703484,0.02,0.15,0.0,0.0,0.0,0.0,0.0,0.0,0.0,0.0,0.0,0.0,0.0,0.0,0.38079211115837097,0.09465768933296204,0.0017268219553443487,8.039698600769043,186,nan,-1.0,True,,False,0.010050058364868164,0.0,0.1258549690246582,20.0,20.0,1.0,0.0,0.0,0.0,0.0,0.0
1783,43.99497604370117,0.0,0.0,0.0,43.99497604370117,0.11261983215808868,12.78670883178711,2.3623907566070557,0.0,0.0,0.0,0.0,0.0,0.0,0.0,0.0,0.0,0.0,0.0,0.0,0.023000000044703484,0.023000000044703484,0.02,0.15,0.0,0.0,0.0,0.0,0.0,0.0,0.0,0.0,0.0,0.0,0.0,0.0,0.3808368146419525,0.09466132521629333,0.001736190798055759,8.039698600769043,186,nan,-1.0,True,,False,0.010050058364868164,0.0,0.1258549690246582,20.0,20.0,1.0,0.0,0.0,0.0,0.0,0.0
1784,39.832340240478516,0.0,0.0,0.0,39.832340240478516,0.130279541015625,12.785026550292969,2.3636982440948486,0.0,0.0,0.0,0.0,0.0,0.0,0.0,0.0,0.0,0.0,0.0,0.0,0.023000000044703484,0.023000000044703484,0.02,0.15,0.0,0.0,0.0,0.0,0.0,0.0,0.0,0.0,0.0,0.0,0.0,0.0,0.38089048862457275,0.09466512501239777,0.0017353877378809557,8.039698600769043,186,nan,-1.0,True,,False,0.010050058364868164,0.0,0.1258549690246582,20.0,20.0,1.0,0.0,0.0,0.0,0.0,0.0
1785,35.82136535644531,0.0,0.0,0.0,35.82136535644531,0.151099294424057,12.783397674560547,2.3651657104492188,0.0,0.0,0.0,0.0,0.0,0.0,0.0,0.0,0.0,0.0,0.0,0.0,0.023000000044703484,0.023000000044703484,0.02,0.15,0.0,0.0,0.0,0.0,0.0,0.0,0.0,0.0,0.0,0.0,0.0,0.0,0.38095346093177795,0.09466913342475891,0.0016700079868314788,8.039698600769043,186,nan,-1.0,True,,False,0.010050058364868164,0.0,0.1258549690246582,20.0,20.0,1.0,0.0,0.0,0.0,0.0,0.0
1786,38.67195510864258,0.0,0.0,0.0,38.67195510864258,0.13620510697364807,12.781940460205078,2.3668391704559326,0.0,0.0,0.0,0.0,0.0,0.0,0.0,0.0,0.0,0.0,0.0,0.0,0.023000000044703484,0.023000000044703484,0.02,0.15,0.0,0.0,0.0,0.0,0.0,0.0,0.0,0.0,0.0,0.0,0.0,0.0,0.3810262382030487,0.094673290848732,0.0017344066932309943,8.039698600769043,186,nan,-1.0,True,,False,0.010050058364868164,0.0,0.1258549690246582,20.0,20.0,1.0,0.0,0.0,0.0,0.0,0.0
1787,58.47844314575195,0.0,0.0,0.0,58.47844314575195,0.07175429165363312,12.780458450317383,2.3687262535095215,0.0,0.0,0.0,0.0,0.0,0.0,0.0,0.0,0.0,0.0,0.0,0.0,0.023000000044703484,0.023000000044703484,0.02,0.15,0.0,0.0,0.0,0.0,0.0,0.0,0.0,0.0,0.0,0.0,0.0,0.0,0.3810926377773285,0.09467713534832001,0.0016978994926830637,8.039698600769043,186,nan,-1.0,True,,False,0.010050058364868164,0.0,0.1258549690246582,20.0,20.0,1.0,0.0,0.0,0.0,0.0,0.0
1788,130.42269897460938,0.0,0.0,0.0,130.42269897460938,0.013247467577457428,12.779004096984863,2.3706555366516113,0.0,0.0,0.0,0.0,0.0,0.0,0.0,0.0,0.0,0.0,0.0,0.0,0.023000000044703484,0.023000000044703484,0.02,0.15,0.0,0.0,0.0,0.0,0.0,0.0,0.0,0.0,0.0,0.0,0.0,0.0,0.38115349411964417,0.09468068927526474,0.0017085387953557074,8.039698600769043,186,nan,-1.0,True,,False,0.010050058364868164,0.0,0.1258549690246582,20.0,20.0,1.0,0.0,0.0,0.0,0.0,0.0
1789,151.360595703125,0.0,0.0,0.0,151.360595703125,0.008934197947382927,12.77700424194336,2.372180700302124,0.0,0.0,0.0,0.0,0.0,0.0,0.0,0.0,0.0,0.0,0.0,0.0,0.023000000044703484,0.023000000044703484,0.02,0.15,0.0,0.0,0.0,0.0,0.0,0.0,0.0,0.0,0.0,0.0,0.0,0.0,0.38119348883628845,0.0946839302778244,0.0017478394975114497,8.039698600769043,186,nan,-1.0,True,,False,0.010050058364868164,0.0,0.1258549690246582,20.0,20.0,1.0,0.0,0.0,0.0,0.0,0.0
1790,93.9720687866211,0.0,0.0,0.0,93.9720687866211,0.028762783855199814,12.775426864624023,2.3735859394073486,0.0,0.0,0.0,0.0,0.0,0.0,0.0,0.0,0.0,0.0,0.0,0.0,0.023000000044703484,0.023000000044703484,0.02,0.15,0.0,0.0,0.0,0.0,0.0,0.0,0.0,0.0,0.0,0.0,0.0,0.0,0.38123607635498047,0.09468705952167511,0.0018116362066393776,8.039698600769043,186,nan,-1.0,True,,False,0.010050058364868164,0.0,0.1258549690246582,20.0,20.0,1.0,0.0,0.0,0.0,0.0,0.0
1791,74.83345794677734,0.0,0.0,0.0,74.83345794677734,0.045997604727745056,12.774240493774414,2.3751609325408936,0.0,0.0,0.0,0.0,0.0,0.0,0.0,0.0,0.0,0.0,0.0,0.0,0.023000000044703484,0.023000000044703484,0.02,0.15,0.0,0.0,0.0,0.0,0.0,0.0,0.0,0.0,0.0,0.0,0.0,0.0,0.3812809884548187,0.09469009190797806,0.0018977044092025608,8.039698600769043,186,nan,-1.0,True,,False,0.010050058364868164,0.0,0.1258549690246582,20.0,20.0,1.0,0.0,0.0,0.0,0.0,0.0
1792,94.77941131591797,0.0,0.0,0.0,94.77941131591797,0.028296247124671936,12.773265838623047,2.3768420219421387,0.0,0.0,0.0,0.0,0.0,0.0,0.0,0.0,0.0,0.0,0.0,0.0,0.023000000044703484,0.023000000044703484,0.02,0.15,0.0,0.0,0.0,0.0,0.0,0.0,0.0,0.0,0.0,0.0,0.0,0.0,0.38132792711257935,0.09469309449195862,0.0017194528929849184,8.039698600769043,186,nan,-1.0,True,,False,0.010050058364868164,0.0,0.1258549690246582,20.0,20.0,1.0,0.0,0.0,0.0,0.0,0.0
1793,273.47930908203125,0.0,0.0,0.0,273.47930908203125,0.0013496780302375555,12.772611618041992,2.3786425590515137,0.0,0.0,0.0,0.0,0.0,0.0,0.0,0.0,0.0,0.0,0.0,0.0,0.023000000044703484,0.023000000044703484,0.02,0.15,0.0,0.0,0.0,0.0,0.0,0.0,0.0,0.0,0.0,0.0,0.0,0.0,0.38137131929397583,0.09469660371541977,0.0017029110445037077,8.039698600769043,186,nan,-1.0,True,,False,0.010050058364868164,0.0,0.1258549690246582,20.0,20.0,1.0,0.0,0.0,0.0,0.0,0.0
1794,108.75794982910156,0.0,0.0,0.0,108.75794982910156,0.020760908722877502,12.771656036376953,2.380197763442993,0.0,0.0,0.0,0.0,0.0,0.0,0.0,0.0,0.0,0.0,0.0,0.0,0.023000000044703484,0.023000000044703484,0.02,0.15,0.0,0.0,0.0,0.0,0.0,0.0,0.0,0.0,0.0,0.0,0.0,0.0,0.38141152262687683,0.09470060467720032,0.0016975083258330415,8.039698600769043,186,nan,-1.0,True,,False,0.010050058364868164,0.0,0.1258549690246582,20.0,20.0,1.0,0.0,0.0,0.0,0.0,0.0
1795,76.70299530029297,0.0,0.0,0.0,76.70299530029297,0.04391782730817795,12.77096939086914,2.3817734718322754,0.0,0.0,0.0,0.0,0.0,0.0,0.0,0.0,0.0,0.0,0.0,0.0,0.023000000044703484,0.023000000044703484,0.02,0.15,0.0,0.0,0.0,0.0,0.0,0.0,0.0,0.0,0.0,0.0,0.0,0.0,0.381454199552536,0.09470368921756744,0.0016820185655888054,8.039698600769043,186,nan,-1.0,True,,False,0.010050058364868164,0.0,0.1258549690246582,20.0,20.0,1.0,0.0,0.0,0.0,0.0,0.0
1796,60.210227966308594,0.0,0.0,0.0,60.210227966308594,0.06878815591335297,12.770601272583008,2.3834543228149414,0.0,0.0,0.0,0.0,0.0,0.0,0.0,0.0,0.0,0.0,0.0,0.0,0.023000000044703484,0.023000000044703484,0.02,0.15,0.0,0.0,0.0,0.0,0.0,0.0,0.0,0.0,0.0,0.0,0.0,0.0,0.3814997673034668,0.09470585733652115,0.001665715220497077,8.039698600769043,186,nan,-1.0,True,,False,0.010050058364868164,0.0,0.1258549690246582,20.0,20.0,1.0,0.0,0.0,0.0,0.0,0.0
1797,49.47401428222656,0.0,0.0,0.0,49.47401428222656,0.09537619352340698,12.769878387451172,2.3851611614227295,0.0,0.0,0.0,0.0,0.0,0.0,0.0,0.0,0.0,0.0,0.0,0.0,0.023000000044703484,0.023000000044703484,0.02,0.15,0.0,0.0,0.0,0.0,0.0,0.0,0.0,0.0,0.0,0.0,0.0,0.0,0.38154807686805725,0.09470715373754501,0.0016386407112349843,8.039698600769043,186,nan,-1.0,True,,False,0.010050058364868164,0.0,0.1258549690246582,20.0,20.0,1.0,0.0,0.0,0.0,0.0,0.0
1798,49.63477325439453,0.0,0.0,0.0,49.63477325439453,0.0949021577835083,12.769559860229492,2.386976480484009,0.0,0.0,0.0,0.0,0.0,0.0,0.0,0.0,0.0,0.0,0.0,0.0,0.023000000044703484,0.023000000044703484,0.02,0.15,0.0,0.0,0.0,0.0,0.0,0.0,0.0,0.0,0.0,0.0,0.0,0.0,0.38159677386283875,0.09470764547586441,0.002042941027411871,8.039698600769043,186,nan,-1.0,True,,False,0.010050058364868164,0.0,0.1258549690246582,20.0,20.0,1.0,0.0,0.0,0.0,0.0,0.0
1799,49.59382629394531,0.0,0.0,0.0,49.59382629394531,0.09506213665008545,12.769050598144531,2.388810873031616,0.0,0.0,0.0,0.0,0.0,0.0,0.0,0.0,0.0,0.0,0.0,0.0,0.023000000044703484,0.023000000044703484,0.02,0.15,0.0,0.0,0.0,0.0,0.0,0.0,0.0,0.0,0.0,0.0,0.0,0.0,0.381645530462265,0.09470880031585693,0.001983638845558744,8.039698600769043,186,nan,-1.0,True,,False,0.010050058364868164,0.0,0.1258549690246582,20.0,20.0,1.0,0.0,0.0,0.0,0.0,0.0
1800,49.52400588989258,0.0,0.0,0.0,49.52400588989258,0.0953284204006195,12.768287658691406,2.390723943710327,0.0,0.0,0.0,0.0,0.0,0.0,0.0,0.0,0.0,0.0,0.0,0.0,0.023000000044703484,0.023000000044703484,0.02,0.15,0.0,0.0,0.0,0.0,0.0,0.0,0.0,0.0,0.0,0.0,0.0,0.0,0.38169386982917786,0.09471059590578079,0.0019442183845512773,8.039698600769043,186,nan,-1.0,True,,False,0.010050058364868164,0.0,0.1258549690246582,20.0,20.0,1.0,0.0,0.0,0.0,0.0,0.0
1801,49.36562728881836,0.0,0.0,0.0,49.36562728881836,0.09588082134723663,12.76777458190918,2.392662525177002,0.0,0.0,0.0,0.0,0.0,0.0,0.0,0.0,0.0,0.0,0.0,0.0,0.023000000044703484,0.023000000044703484,0.02,0.15,0.0,0.0,0.0,0.0,0.0,0.0,0.0,0.0,0.0,0.0,0.0,0.0,0.38174116611480713,0.09471298009157181,0.0018750765734694141,8.039698600769043,186,nan,-1.0,True,,False,0.010050058364868164,0.0,0.1258549690246582,20.0,20.0,1.0,0.0,0.0,0.0,0.0,0.0
1802,48.92624282836914,0.0,0.0,0.0,48.92624282836914,0.09732600301504135,12.767032623291016,2.394643783569336,0.0,0.0,0.0,0.0,0.0,0.0,0.0,0.0,0.0,0.0,0.0,0.0,0.023000000044703484,0.023000000044703484,0.02,0.15,0.0,0.0,0.0,0.0,0.0,0.0,0.0,0.0,0.0,0.0,0.0,0.0,0.3817867636680603,0.09471596032381058,0.0018022569106506126,8.039698600769043,186,nan,-1.0,True,,False,0.010050058364868164,0.0,0.1258549690246582,20.0,20.0,1.0,0.0,0.0,0.0,0.0,0.0
1803,48.41556930541992,0.0,0.0,0.0,48.41556930541992,0.09904097020626068,12.766144752502441,2.3966338634490967,0.0,0.0,0.0,0.0,0.0,0.0,0.0,0.0,0.0,0.0,0.0,0.0,0.023000000044703484,0.023000000044703484,0.02,0.15,0.0,0.0,0.0,0.0,0.0,0.0,0.0,0.0,0.0,0.0,0.0,0.0,0.3818301856517792,0.09471946209669113,0.0017144926750916056,8.039698600769043,186,nan,-1.0,True,,False,0.010050058364868164,0.0,0.1258549690246582,20.0,20.0,1.0,0.0,0.0,0.0,0.0,0.0
1804,47.79119110107422,0.0,0.0,0.0,47.79119110107422,0.1011904925107956,12.764911651611328,2.3986663818359375,0.0,0.0,0.0,0.0,0.0,0.0,0.0,0.0,0.0,0.0,0.0,0.0,0.023000000044703484,0.023000000044703484,0.02,0.15,0.0,0.0,0.0,0.0,0.0,0.0,0.0,0.0,0.0,0.0,0.0,0.0,0.38187089562416077,0.09472346305847168,0.001650843112884104,8.039698600769043,186,nan,-1.0,True,,False,0.010050058364868164,0.0,0.1258549690246582,20.0,20.0,1.0,0.0,0.0,0.0,0.0,0.0
1805,47.10041046142578,0.0,0.0,0.0,47.10041046142578,0.10365836322307587,12.763888359069824,2.4006757736206055,0.0,0.0,0.0,0.0,0.0,0.0,0.0,0.0,0.0,0.0,0.0,0.0,0.023000000044703484,0.023000000044703484,0.02,0.15,0.0,0.0,0.0,0.0,0.0,0.0,0.0,0.0,0.0,0.0,0.0,0.0,0.38190922141075134,0.09472775459289551,0.0015350301569014846,8.039698600769043,186,nan,-1.0,True,,False,0.010050058364868164,0.0,0.1258549690246582,20.0,20.0,1.0,0.0,0.0,0.0,0.0,0.0
1806,49.26000213623047,0.0,0.0,0.0,49.26000213623047,0.09683183580636978,12.76225757598877,2.402667284011841,0.0,0.0,0.0,0.0,0.0,0.0,0.0,0.0,0.0,0.0,0.0,0.0,0.023000000044703484,0.023000000044703484,0.02,0.15,0.0,0.0,0.0,0.0,0.0,0.0,0.0,0.0,0.0,0.0,0.0,0.0,0.38194385170936584,0.09473232179880142,0.003125287823877443,8.039698600769043,186,nan,-1.0,True,,False,0.010050058364868164,0.0,0.1258549690246582,20.0,20.0,1.0,0.0,0.0,0.0,0.0,0.0
1807,77.11998748779297,0.0,0.0,0.0,77.11998748779297,0.0438988097012043,12.760947227478027,2.4045913219451904,0.0,0.0,0.0,0.0,0.0,0.0,0.0,0.0,0.0,0.0,0.0,0.0,0.023000000044703484,0.023000000044703484,0.02,0.15,0.0,0.0,0.0,0.0,0.0,0.0,0.0,0.0,0.0,0.0,0.0,0.0,0.3819751441478729,0.09473640471696854,0.0032024395525240834,8.039698600769043,186,nan,-1.0,True,,False,0.010050058364868164,0.0,0.1258549690246582,20.0,20.0,1.0,0.0,0.0,0.0,0.0,0.0
1808,203.23214721679688,0.0,0.0,0.0,203.23214721679688,0.0037870989181101322,12.759262084960938,2.4062750339508057,0.0,0.0,0.0,0.0,0.0,0.0,0.0,0.0,0.0,0.0,0.0,0.0,0.023000000044703484,0.023000000044703484,0.02,0.15,0.0,0.0,0.0,0.0,0.0,0.0,0.0,0.0,0.0,0.0,0.0,0.0,0.38200265169143677,0.09473996609449387,0.0032208554926000943,8.039698600769043,186,nan,-1.0,True,,False,0.010050058364868164,0.0,0.1258549690246582,20.0,20.0,1.0,0.0,0.0,0.0,0.0,0.0
1809,74.6801528930664,0.0,0.0,0.0,74.6801528930664,0.0467841774225235,12.757479667663574,2.4071226119995117,0.0,0.0,0.0,0.0,0.0,0.0,0.0,0.0,0.0,0.0,0.0,0.0,0.023000000044703484,0.023000000044703484,0.02,0.15,0.0,0.0,0.0,0.0,0.0,0.0,0.0,0.0,0.0,0.0,0.0,0.0,0.3820284903049469,0.09474360197782516,0.0032323924738193455,8.039698600769043,186,nan,-1.0,True,,False,0.010050058364868164,0.0,0.1258549690246582,20.0,20.0,1.0,0.0,0.0,0.0,0.0,0.0
1810,50.8549690246582,0.0,0.0,0.0,50.8549690246582,0.09221099317073822,12.75589656829834,2.4080193042755127,0.0,0.0,0.0,0.0,0.0,0.0,0.0,0.0,0.0,0.0,0.0,0.0,0.023000000044703484,0.023000000044703484,0.02,0.15,0.0,0.0,0.0,0.0,0.0,0.0,0.0,0.0,0.0,0.0,0.0,0.0,0.3820524513721466,0.09474727511405945,0.0032378647524637927,8.039698600769043,186,nan,-1.0,True,,False,0.010050058364868164,0.0,0.1258549690246582,20.0,20.0,1.0,0.0,0.0,0.0,0.0,0.0
1811,42.08547592163086,0.0,0.0,0.0,42.08547592163086,0.1231943815946579,12.754607200622559,2.4089925289154053,0.0,0.0,0.0,0.0,0.0,0.0,0.0,0.0,0.0,0.0,0.0,0.0,0.023000000044703484,0.023000000044703484,0.02,0.15,0.0,0.0,0.0,0.0,0.0,0.0,0.0,0.0,0.0,0.0,0.0,0.0,0.3820742666721344,0.0947510227560997,0.0014063208448078512,8.039698600769043,186,nan,-1.0,True,,False,0.010050058364868164,0.0,0.1258549690246582,20.0,20.0,1.0,0.0,0.0,0.0,0.0,0.0
1812,41.122379302978516,0.0,0.0,0.0,41.122379302978516,0.12737056612968445,12.753020286560059,2.4099857807159424,0.0,0.0,0.0,0.0,0.0,0.0,0.0,0.0,0.0,0.0,0.0,0.0,0.023000000044703484,0.023000000044703484,0.02,0.15,0.0,0.0,0.0,0.0,0.0,0.0,0.0,0.0,0.0,0.0,0.0,0.0,0.3820907473564148,0.0947548896074295,0.0013938066754235479,8.039698600769043,186,nan,-1.0,True,,False,0.010050058364868164,0.0,0.1258549690246582,20.0,20.0,1.0,0.0,0.0,0.0,0.0,0.0
1813,40.176422119140625,0.0,0.0,0.0,40.176422119140625,0.13170696794986725,12.75123405456543,2.411031484603882,0.0,0.0,0.0,0.0,0.0,0.0,0.0,0.0,0.0,0.0,0.0,0.0,0.023000000044703484,0.023000000044703484,0.02,0.15,0.0,0.0,0.0,0.0,0.0,0.0,0.0,0.0,0.0,0.0,0.0,0.0,0.3821016252040863,0.09475884586572647,0.0013767726754849718,8.039698600769043,186,nan,-1.0,True,,False,0.010050058364868164,0.0,0.1258549690246582,20.0,20.0,1.0,0.0,0.0,0.0,0.0,0.0
1814,39.132164001464844,0.0,0.0,0.0,39.132164001464844,0.13675929605960846,12.749099731445312,2.412095785140991,0.0,0.0,0.0,0.0,0.0,0.0,0.0,0.0,0.0,0.0,0.0,0.0,0.023000000044703484,0.023000000044703484,0.02,0.15,0.0,0.0,0.0,0.0,0.0,0.0,0.0,0.0,0.0,0.0,0.0,0.0,0.3821066617965698,0.09476284682750702,0.0013545859540045058,8.039698600769043,186,nan,-1.0,True,,False,0.010050058364868164,0.0,0.1258549690246582,20.0,20.0,1.0,0.0,0.0,0.0,0.0,0.0
1815,38.054954528808594,0.0,0.0,0.0,38.054954528808594,0.14227816462516785,12.747117042541504,2.413212299346924,0.0,0.0,0.0,0.0,0.0,0.0,0.0,0.0,0.0,0.0,0.0,0.0,0.023000000044703484,0.023000000044703484,0.02,0.15,0.0,0.0,0.0,0.0,0.0,0.0,0.0,0.0,0.0,0.0,0.0,0.0,0.3821055591106415,0.09476687014102936,0.0013306248486060213,8.039698600769043,186,nan,-1.0,True,,False,0.010050058364868164,0.0,0.1258549690246582,20.0,20.0,1.0,0.0,0.0,0.0,0.0,0.0
1816,36.99188232421875,0.0,0.0,0.0,36.99188232421875,0.1480560600757599,12.744789123535156,2.4143779277801514,0.0,0.0,0.0,0.0,0.0,0.0,0.0,0.0,0.0,0.0,0.0,0.0,0.023000000044703484,0.023000000044703484,0.02,0.15,0.0,0.0,0.0,0.0,0.0,0.0,0.0,0.0,0.0,0.0,0.0,0.0,0.38209789991378784,0.0947708785533905,0.0013047924226157193,8.039698600769043,186,nan,-1.0,True,,False,0.010050058364868164,0.0,0.1258549690246582,20.0,20.0,1.0,0.0,0.0,0.0,0.0,0.0
1817,39.820220947265625,0.0,0.0,0.0,39.820220947265625,0.13364183902740479,12.742148399353027,2.4154274463653564,0.0,0.0,0.0,0.0,0.0,0.0,0.0,0.0,0.0,0.0,0.0,0.0,0.023000000044703484,0.023000000044703484,0.02,0.15,0.0,0.0,0.0,0.0,0.0,0.0,0.0,0.0,0.0,0.0,0.0,0.0,0.38207846879959106,0.09477485716342926,0.0031525924048310117,8.039698600769043,186,nan,-1.0,True,,False,0.010050058364868164,0.0,0.1258549690246582,20.0,20.0,1.0,0.0,0.0,0.0,0.0,0.0
1818,43.09496307373047,0.0,0.0,0.0,43.09496307373047,0.11922532320022583,12.73969841003418,2.4163546562194824,0.0,0.0,0.0,0.0,0.0,0.0,0.0,0.0,0.0,0.0,0.0,0.0,0.023000000044703484,0.023000000044703484,0.02,0.15,0.0,0.0,0.0,0.0,0.0,0.0,0.0,0.0,0.0,0.0,0.0,0.0,0.38204655051231384,0.09473096579313278,0.0031602056310475746,8.039698600769043,186,nan,-1.0,True,,False,0.010050058364868164,0.0,0.1258549690246582,20.0,20.0,1.0,0.0,0.0,0.0,0.0,0.0
1819,46.22062301635742,0.0,0.0,0.0,46.22062301635742,0.10735966265201569,12.736906051635742,2.4171972274780273,0.0,0.0,0.0,0.0,0.0,0.0,0.0,0.0,0.0,0.0,0.0,0.0,0.023000000044703484,0.023000000044703484,0.02,0.15,0.0,0.0,0.0,0.0,0.0,0.0,0.0,0.0,0.0,0.0,0.0,0.0,0.382005900144577,0.09465503692626953,0.00320158093882128,8.039698600769043,186,nan,-1.0,True,,False,0.010050058364868164,0.0,0.1258549690246582,20.0,20.0,1.0,0.0,0.0,0.0,0.0,0.0
1820,49.26294708251953,0.0,0.0,0.0,49.26294708251953,0.09728745371103287,12.734267234802246,2.4180243015289307,0.0,0.0,0.0,0.0,0.0,0.0,0.0,0.0,0.0,0.0,0.0,0.0,0.023000000044703484,0.023000000044703484,0.02,0.15,0.0,0.0,0.0,0.0,0.0,0.0,0.0,0.0,0.0,0.0,0.0,0.0,0.3819580078125,0.09458568692207336,0.003276180269949691,8.039698600769043,186,nan,-1.0,True,,False,0.010050058364868164,0.0,0.1258549690246582,20.0,20.0,1.0,0.0,0.0,0.0,0.0,0.0
1821,51.69242477416992,0.0,0.0,0.0,51.69242477416992,0.09015043824911118,12.731485366821289,2.419080972671509,0.0,0.0,0.0,0.0,0.0,0.0,0.0,0.0,0.0,0.0,0.0,0.0,0.023000000044703484,0.023000000044703484,0.02,0.15,0.0,0.0,0.0,0.0,0.0,0.0,0.0,0.0,0.0,0.0,0.0,0.0,0.38189762830734253,0.09452725201845169,0.0033178083656366653,8.039698600769043,186,nan,-1.0,True,,False,0.010050058364868164,0.0,0.1258549690246582,20.0,20.0,1.0,0.0,0.0,0.0,0.0,0.0
1822,54.006072998046875,0.0,0.0,0.0,54.006072998046875,0.08400179445743561,12.728350639343262,2.420344591140747,0.0,0.0,0.0,0.0,0.0,0.0,0.0,0.0,0.0,0.0,0.0,0.0,0.023000000044703484,0.023000000044703484,0.02,0.15,0.0,0.0,0.0,0.0,0.0,0.0,0.0,0.0,0.0,0.0,0.0,0.0,0.38182947039604187,0.09448496252298355,0.0034007734611805063,8.039698600769043,186,nan,-1.0,True,,False,0.010050058364868164,0.0,0.1258549690246582,20.0,20.0,1.0,0.0,0.0,0.0,0.0,0.0
1823,55.57741928100586,0.0,0.0,0.0,55.57741928100586,0.08017820119857788,12.725502014160156,2.421597719192505,0.0,0.0,0.0,0.0,0.0,0.0,0.0,0.0,0.0,0.0,0.0,0.0,0.023000000044703484,0.023000000044703484,0.02,0.15,0.0,0.0,0.0,0.0,0.0,0.0,0.0,0.0,0.0,0.0,0.0,0.0,0.3817579746246338,0.09445764869451523,0.0034954229308823415,8.039698600769043,186,nan,-1.0,True,,False,0.010050058364868164,0.0,0.1258549690246582,20.0,20.0,1.0,0.0,0.0,0.0,0.0,0.0
1824,56.673545837402344,0.0,0.0,0.0,56.673545837402344,0.07770715653896332,12.722420692443848,2.422852039337158,0.0,0.0,0.0,0.0,0.0,0.0,0.0,0.0,0.0,0.0,0.0,0.0,0.023000000044703484,0.023000000044703484,0.02,0.15,0.0,0.0,0.0,0.0,0.0,0.0,0.0,0.0,0.0,0.0,0.0,0.0,0.3816969394683838,0.094445139169693,0.0036086339277972,8.039698600769043,186,nan,-1.0,True,,False,0.010050058364868164,0.0,0.1258549690246582,20.0,20.0,1.0,0.0,0.0,0.0,0.0,0.0
1825,72.1135025024414,0.0,0.0,0.0,72.1135025024414,0.05047844350337982,12.719033241271973,2.4240617752075195,0.0,0.0,0.0,0.0,0.0,0.0,0.0,0.0,0.0,0.0,0.0,0.0,0.023000000044703484,0.023000000044703484,0.02,0.15,0.0,0.0,0.0,0.0,0.0,0.0,0.0,0.0,0.0,0.0,0.0,0.0,0.38165250420570374,0.0944412350654602,0.002240933618395502,8.039698600769043,186,nan,-1.0,True,,False,0.010050058364868164,0.0,0.1258549690246582,20.0,20.0,1.0,0.0,0.0,0.0,0.0,0.0
1826,174.50196838378906,0.0,0.0,0.0,174.50196838378906,0.006100436206907034,12.715753555297852,2.4251694679260254,0.0,0.0,0.0,0.0,0.0,0.0,0.0,0.0,0.0,0.0,0.0,0.0,0.023000000044703484,0.023000000044703484,0.02,0.15,0.0,0.0,0.0,0.0,0.0,0.0,0.0,0.0,0.0,0.0,0.0,0.0,0.3816062808036804,0.09444458782672882,0.0021920782871802658,8.039698600769043,186,nan,-1.0,True,,False,0.010050058364868164,0.0,0.1258549690246582,20.0,20.0,1.0,0.0,0.0,0.0,0.0,0.0
1827,62.037925720214844,0.0,0.0,0.0,62.037925720214844,0.06659680604934692,12.712642669677734,2.4259369373321533,0.0,0.0,0.0,0.0,0.0,0.0,0.0,0.0,0.0,0.0,0.0,0.0,0.023000000044703484,0.023000000044703484,0.02,0.15,0.0,0.0,0.0,0.0,0.0,0.0,0.0,0.0,0.0,0.0,0.0,0.0,0.3815593421459198,0.09444613754749298,0.0021983832045862073,8.039698600769043,186,nan,-1.0,True,,False,0.010050058364868164,0.0,0.1258549690246582,20.0,20.0,1.0,0.0,0.0,0.0,0.0,0.0
1828,57.623374938964844,0.0,0.0,0.0,57.623374938964844,0.07562356442213058,12.709356307983398,2.426872730255127,0.0,0.0,0.0,0.0,0.0,0.0,0.0,0.0,0.0,0.0,0.0,0.0,0.023000000044703484,0.023000000044703484,0.02,0.15,0.0,0.0,0.0,0.0,0.0,0.0,0.0,0.0,0.0,0.0,0.0,0.0,0.38151785731315613,0.09444420039653778,0.0038004134858056204,8.039698600769043,186,nan,-1.0,True,,False,0.010050058364868164,0.0,0.1258549690246582,20.0,20.0,1.0,0.0,0.0,0.0,0.0,0.0
1829,57.28642272949219,0.0,0.0,0.0,57.28642272949219,0.07634712755680084,12.705806732177734,2.4278993606567383,0.0,0.0,0.0,0.0,0.0,0.0,0.0,0.0,0.0,0.0,0.0,0.0,0.023000000044703484,0.023000000044703484,0.02,0.15,0.0,0.0,0.0,0.0,0.0,0.0,0.0,0.0,0.0,0.0,0.0,0.0,0.3814821243286133,0.0944516584277153,0.0037982178992024274,8.039698600769043,186,nan,-1.0,True,,False,0.010050058364868164,0.0,0.1258549690246582,20.0,20.0,1.0,0.0,0.0,0.0,0.0,0.0
1830,56.42198944091797,0.0,0.0,0.0,56.42198944091797,0.07833555340766907,12.702350616455078,2.4289305210113525,0.0,0.0,0.0,0.0,0.0,0.0,0.0,0.0,0.0,0.0,0.0,0.0,0.023000000044703484,0.023000000044703484,0.02,0.15,0.0,0.0,0.0,0.0,0.0,0.0,0.0,0.0,0.0,0.0,0.0,0.0,0.3814457058906555,0.09446662664413452,0.0039277314956507325,8.039698600769043,186,nan,-1.0,True,,False,0.010050058364868164,0.0,0.1258549690246582,20.0,20.0,1.0,0.0,0.0,0.0,0.0,0.0
1831,55.21657943725586,0.0,0.0,0.0,55.21657943725586,0.08124509453773499,12.698797225952148,2.429996967315674,0.0,0.0,0.0,0.0,0.0,0.0,0.0,0.0,0.0,0.0,0.0,0.0,0.023000000044703484,0.023000000044703484,0.02,0.15,0.0,0.0,0.0,0.0,0.0,0.0,0.0,0.0,0.0,0.0,0.0,0.0,0.3814086318016052,0.0944860652089119,0.003959314138000991,8.039698600769043,186,nan,-1.0,True,,False,0.010050058364868164,0.0,0.1258549690246582,20.0,20.0,1.0,0.0,0.0,0.0,0.0,0.0
1832,53.42904281616211,0.0,0.0,0.0,53.42904281616211,0.08583343774080276,12.695268630981445,2.4310836791992188,0.0,0.0,0.0,0.0,0.0,0.0,0.0,0.0,0.0,0.0,0.0,0.0,0.023000000044703484,0.023000000044703484,0.02,0.15,0.0,0.0,0.0,0.0,0.0,0.0,0.0,0.0,0.0,0.0,0.0,0.0,0.3813712000846863,0.09451017528772354,0.003998807158041018,8.039698600769043,186,nan,-1.0,True,,False,0.010050058364868164,0.0,0.1258549690246582,20.0,20.0,1.0,0.0,0.0,0.0,0.0,0.0
1833,51.6750373840332,0.0,0.0,0.0,51.6750373840332,0.09069225192070007,12.691347122192383,2.432188034057617,0.0,0.0,0.0,0.0,0.0,0.0,0.0,0.0,0.0,0.0,0.0,0.0,0.023000000044703484,0.023000000044703484,0.02,0.15,0.0,0.0,0.0,0.0,0.0,0.0,0.0,0.0,0.0,0.0,0.0,0.0,0.38133329153060913,0.0945388674736023,0.004085562321506586,8.039698600769043,186,nan,-1.0,True,,False,0.010050058364868164,0.0,0.1258549690246582,20.0,20.0,1.0,0.0,0.0,0.0,0.0,0.0
1834,49.577911376953125,0.0,0.0,0.0,49.577911376953125,0.09700551629066467,12.687568664550781,2.4332809448242188,0.0,0.0,0.0,0.0,0.0,0.0,0.0,0.0,0.0,0.0,0.0,0.0,0.023000000044703484,0.023000000044703484,0.02,0.15,0.0,0.0,0.0,0.0,0.0,0.0,0.0,0.0,0.0,0.0,0.0,0.0,0.38129475712776184,0.09457355737686157,0.0040261267276946455,8.039698600769043,186,nan,-1.0,True,,False,0.010050058364868164,0.0,0.1258549690246582,20.0,20.0,1.0,0.0,0.0,0.0,0.0,0.0
1835,52.82273483276367,0.0,0.0,0.0,52.82273483276367,0.08771093189716339,12.68387222290039,2.4344565868377686,0.0,0.0,0.0,0.0,0.0,0.0,0.0,0.0,0.0,0.0,0.0,0.0,0.023000000044703484,0.023000000044703484,0.02,0.15,0.0,0.0,0.0,0.0,0.0,0.0,0.0,0.0,0.0,0.0,0.0,0.0,0.38125571608543396,0.0946139246225357,0.0026109505195108795,8.039698600769043,186,nan,-1.0,True,,False,0.010050058364868164,0.0,0.1258549690246582,20.0,20.0,1.0,0.0,0.0,0.0,0.0,0.0
1836,86.74339294433594,0.0,0.0,0.0,86.74339294433594,0.035026080906391144,12.679977416992188,2.435577869415283,0.0,0.0,0.0,0.0,0.0,0.0,0.0,0.0,0.0,0.0,0.0,0.0,0.023000000044703484,0.023000000044703484,0.02,0.15,0.0,0.0,0.0,0.0,0.0,0.0,0.0,0.0,0.0,0.0,0.0,0.0,0.3812173008918762,0.09465531259775162,0.002631928423170393,8.039698600769043,186,nan,-1.0,True,,False,0.010050058364868164,0.0,0.1258549690246582,20.0,20.0,1.0,0.0,0.0,0.0,0.0,0.0
1837,114.4500503540039,0.0,0.0,0.0,114.4500503540039,0.01883840188384056,12.675909042358398,2.4363179206848145,0.0,0.0,0.0,0.0,0.0,0.0,0.0,0.0,0.0,0.0,0.0,0.0,0.023000000044703484,0.023000000044703484,0.02,0.15,0.0,0.0,0.0,0.0,0.0,0.0,0.0,0.0,0.0,0.0,0.0,0.0,0.38117942214012146,0.09469534456729889,0.0026451693884155247,8.039698600769043,186,nan,-1.0,True,,False,0.010050058364868164,0.0,0.1258549690246582,20.0,20.0,1.0,0.0,0.0,0.0,0.0,0.0
1838,54.840309143066406,0.0,0.0,0.0,54.840309143066406,0.08244631439447403,12.672168731689453,2.4362637996673584,0.0,0.0,0.0,0.0,0.0,0.0,0.0,0.0,0.0,0.0,0.0,0.0,0.023000000044703484,0.023000000044703484,0.02,0.15,0.0,0.0,0.0,0.0,0.0,0.0,0.0,0.0,0.0,0.0,0.0,0.0,0.38114258646965027,0.09473185241222382,0.002666026731276361,8.039698600769043,186,nan,-1.0,True,,False,0.010050058364868164,0.0,0.1258549690246582,20.0,20.0,1.0,0.0,0.0,0.0,0.0,0.0
1839,39.415428161621094,0.0,0.0,0.0,39.415428161621094,0.13681870698928833,12.668095588684082,2.4362480640411377,0.0,0.0,0.0,0.0,0.0,0.0,0.0,0.0,0.0,0.0,0.0,0.0,0.023000000044703484,0.023000000044703484,0.02,0.15,0.0,0.0,0.0,0.0,0.0,0.0,0.0,0.0,0.0,0.0,0.0,0.0,0.3811067044734955,0.09476497024297714,0.0038147208069858607,8.039698600769043,186,nan,-1.0,True,,False,0.010050058364868164,0.0,0.1258549690246582,20.0,20.0,1.0,0.0,0.0,0.0,0.0,0.0
1840,37.571861267089844,0.0,0.0,0.0,37.571861267089844,0.1461339294910431,12.66425609588623,2.436279058456421,0.0,0.0,0.0,0.0,0.0,0.0,0.0,0.0,0.0,0.0,0.0,0.0,0.023000000044703484,0.023000000044703484,0.02,0.15,0.0,0.0,0.0,0.0,0.0,0.0,0.0,0.0,0.0,0.0,0.0,0.0,0.3810708224773407,0.09480150043964386,0.003788134420346978,8.039698600769043,186,nan,-1.0,True,,False,0.010050058364868164,0.0,0.1258549690246582,20.0,20.0,1.0,0.0,0.0,0.0,0.0,0.0
1841,35.687095642089844,0.0,0.0,0.0,35.687095642089844,0.15665169060230255,12.660229682922363,2.4363372325897217,0.0,0.0,0.0,0.0,0.0,0.0,0.0,0.0,0.0,0.0,0.0,0.0,0.023000000044703484,0.023000000044703484,0.02,0.15,0.0,0.0,0.0,0.0,0.0,0.0,0.0,0.0,0.0,0.0,0.0,0.0,0.38103485107421875,0.09484227746725082,0.003663546629013581,8.039698600769043,186,nan,-1.0,True,,False,0.010050058364868164,0.0,0.1258549690246582,20.0,20.0,1.0,0.0,0.0,0.0,0.0,0.0
1842,33.74631881713867,0.0,0.0,0.0,33.74631881713867,0.16865089535713196,12.656205177307129,2.436415910720825,0.0,0.0,0.0,0.0,0.0,0.0,0.0,0.0,0.0,0.0,0.0,0.0,0.023000000044703484,0.023000000044703484,0.02,0.15,0.0,0.0,0.0,0.0,0.0,0.0,0.0,0.0,0.0,0.0,0.0,0.0,0.3809989392757416,0.09488805383443832,0.003450689961482567,8.039698600769043,186,nan,-1.0,True,,False,0.010050058364868164,0.0,0.1258549690246582,20.0,20.0,1.0,0.0,0.0,0.0,0.0,0.0
1843,31.80490493774414,0.0,0.0,0.0,31.80490493774414,0.1820056438446045,12.651921272277832,2.4365437030792236,0.0,0.0,0.0,0.0,0.0,0.0,0.0,0.0,0.0,0.0,0.0,0.0,0.023000000044703484,0.023000000044703484,0.02,0.15,0.0,0.0,0.0,0.0,0.0,0.0,0.0,0.0,0.0,0.0,0.0,0.0,0.3809632658958435,0.09493805468082428,0.0034047005194679514,8.039698600769043,186,nan,-1.0,True,,False,0.010050058364868164,0.0,0.1258549690246582,20.0,20.0,1.0,0.0,0.0,0.0,0.0,0.0
1844,29.91759490966797,0.0,0.0,0.0,29.91759490966797,0.1964809000492096,12.647756576538086,2.4367082118988037,0.0,0.0,0.0,0.0,0.0,0.0,0.0,0.0,0.0,0.0,0.0,0.0,0.023000000044703484,0.023000000044703484,0.02,0.15,0.0,0.0,0.0,0.0,0.0,0.0,0.0,0.0,0.0,0.0,0.0,0.0,0.3809281289577484,0.09499035030603409,0.003383394205229706,8.039698600769043,186,nan,-1.0,True,,False,0.010050058364868164,0.0,0.1258549690246582,20.0,20.0,1.0,0.0,0.0,0.0,0.0,0.0
1845,28.113525390625,0.0,0.0,0.0,28.113525390625,0.21191707253456116,12.643476486206055,2.4369256496429443,0.0,0.0,0.0,0.0,0.0,0.0,0.0,0.0,0.0,0.0,0.0,0.0,0.023000000044703484,0.023000000044703484,0.02,0.15,0.0,0.0,0.0,0.0,0.0,0.0,0.0,0.0,0.0,0.0,0.0,0.0,0.3808933198451996,0.09504701942205429,0.0031874945989329717,8.039698600769043,186,nan,-1.0,True,,False,0.010050058364868164,0.0,0.1258549690246582,20.0,20.0,1.0,0.0,0.0,0.0,0.0,0.0
1846,26.2807674407959,0.0,0.0,0.0,26.2807674407959,0.22946199774742126,12.639188766479492,2.4371602535247803,0.0,0.0,0.0,0.0,0.0,0.0,0.0,0.0,0.0,0.0,0.0,0.0,0.023000000044703484,0.023000000044703484,0.02,0.15,0.0,0.0,0.0,0.0,0.0,0.0,0.0,0.0,0.0,0.0,0.0,0.0,0.3808589577674866,0.09510970115661621,0.003027833727628604,8.039698600769043,186,nan,-1.0,True,,False,0.010050058364868164,0.0,0.1258549690246582,20.0,20.0,1.0,0.0,0.0,0.0,0.0,0.0
1847,27.92152214050293,0.0,0.0,0.0,27.92152214050293,0.2136795073747635,12.634847640991211,2.4374678134918213,0.0,0.0,0.0,0.0,0.0,0.0,0.0,0.0,0.0,0.0,0.0,0.0,0.023000000044703484,0.023000000044703484,0.02,0.15,0.0,0.0,0.0,0.0,0.0,0.0,0.0,0.0,0.0,0.0,0.0,0.0,0.380825012922287,0.0951780378818512,0.0030847897123749135,8.039698600769043,186,nan,-1.0,True,,False,0.010050058364868164,0.0,0.1258549690246582,20.0,20.0,1.0,0.0,0.0,0.0,0.0,0.0
1848,30.981599807739258,0.0,0.0,0.0,30.981599807739258,0.188134104013443,12.63043212890625,2.4378299713134766,0.0,0.0,0.0,0.0,0.0,0.0,0.0,0.0,0.0,0.0,0.0,0.0,0.023000000044703484,0.023000000044703484,0.02,0.15,0.0,0.0,0.0,0.0,0.0,0.0,0.0,0.0,0.0,0.0,0.0,0.0,0.38079002499580383,0.0952489972114563,0.0030815740333309805,8.039698600769043,186,nan,-1.0,True,,False,0.010050058364868164,0.0,0.1258549690246582,20.0,20.0,1.0,0.0,0.0,0.0,0.0,0.0
1849,34.38213348388672,0.0,0.0,0.0,34.38213348388672,0.16453298926353455,12.625999450683594,2.438242197036743,0.0,0.0,0.0,0.0,0.0,0.0,0.0,0.0,0.0,0.0,0.0,0.0,0.023000000044703484,0.023000000044703484,0.02,0.15,0.0,0.0,0.0,0.0,0.0,0.0,0.0,0.0,0.0,0.0,0.0,0.0,0.3807530403137207,0.09530031681060791,0.003102898452880254,8.039698600769043,186,nan,-1.0,True,,False,0.010050058364868164,0.0,0.1258549690246582,20.0,20.0,1.0,0.0,0.0,0.0,0.0,0.0
1850,38.360694885253906,0.0,0.0,0.0,38.360694885253906,0.1418401598930359,12.621289253234863,2.4387400150299072,0.0,0.0,0.0,0.0,0.0,0.0,0.0,0.0,0.0,0.0,0.0,0.0,0.023000000044703484,0.023000000044703484,0.02,0.15,0.0,0.0,0.0,0.0,0.0,0.0,0.0,0.0,0.0,0.0,0.0,0.0,0.38071486353874207,0.09534860402345657,0.00310317397588733,8.039698600769043,186,nan,-1.0,True,,False,0.010050058364868164,0.0,0.1258549690246582,20.0,20.0,1.0,0.0,0.0,0.0,0.0,0.0
1851,43.029823303222656,0.0,0.0,0.0,43.029823303222656,0.12033456563949585,12.616270065307617,2.4393043518066406,0.0,0.0,0.0,0.0,0.0,0.0,0.0,0.0,0.0,0.0,0.0,0.0,0.023000000044703484,0.023000000044703484,0.02,0.15,0.0,0.0,0.0,0.0,0.0,0.0,0.0,0.0,0.0,0.0,0.0,0.0,0.38067543506622314,0.0953950509428978,0.003101087737832131,8.039698600769043,186,nan,-1.0,True,,False,0.010050058364868164,0.0,0.1258549690246582,20.0,20.0,1.0,0.0,0.0,0.0,0.0,0.0
1852,47.30910873413086,0.0,0.0,0.0,47.30910873413086,0.10432112216949463,12.611330032348633,2.439877510070801,0.0,0.0,0.0,0.0,0.0,0.0,0.0,0.0,0.0,0.0,0.0,0.0,0.023000000044703484,0.023000000044703484,0.02,0.15,0.0,0.0,0.0,0.0,0.0,0.0,0.0,0.0,0.0,0.0,0.0,0.0,0.3806314766407013,0.09543975442647934,0.0031079355146630405,8.039698600769043,186,nan,-1.0,True,,False,0.010050058364868164,0.0,0.1258549690246582,20.0,20.0,1.0,0.0,0.0,0.0,0.0,0.0
1853,51.74234390258789,0.0,0.0,0.0,51.74234390258789,0.09059351682662964,12.606374740600586,2.4404990673065186,0.0,0.0,0.0,0.0,0.0,0.0,0.0,0.0,0.0,0.0,0.0,0.0,0.023000000044703484,0.023000000044703484,0.02,0.15,0.0,0.0,0.0,0.0,0.0,0.0,0.0,0.0,0.0,0.0,0.0,0.0,0.3805851638317108,0.09548002481460571,0.0031652367581500584,8.039698600769043,186,nan,-1.0,True,,False,0.010050058364868164,0.0,0.1258549690246582,20.0,20.0,1.0,0.0,0.0,0.0,0.0,0.0
1854,56.115333557128906,0.0,0.0,0.0,56.115333557128906,0.07929830998182297,12.601143836975098,2.4411606788635254,0.0,0.0,0.0,0.0,0.0,0.0,0.0,0.0,0.0,0.0,0.0,0.0,0.023000000044703484,0.023000000044703484,0.02,0.15,0.0,0.0,0.0,0.0,0.0,0.0,0.0,0.0,0.0,0.0,0.0,0.0,0.38053637742996216,0.09551587700843811,0.0031562772551296803,8.039698600769043,186,nan,-1.0,True,,False,0.010050058364868164,0.0,0.1258549690246582,20.0,20.0,1.0,0.0,0.0,0.0,0.0,0.0
1855,60.20170211791992,0.0,0.0,0.0,60.20170211791992,0.0703618973493576,12.595747947692871,2.441891670227051,0.0,0.0,0.0,0.0,0.0,0.0,0.0,0.0,0.0,0.0,0.0,0.0,0.023000000044703484,0.023000000044703484,0.02,0.15,0.0,0.0,0.0,0.0,0.0,0.0,0.0,0.0,0.0,0.0,0.0,0.0,0.38048505783081055,0.09554731100797653,0.0031415791183917463,8.039698600769043,186,nan,-1.0,True,,False,0.010050058364868164,0.0,0.1258549690246582,20.0,20.0,1.0,0.0,0.0,0.0,0.0,0.0
1856,63.5230712890625,0.0,0.0,0.0,63.5230712890625,0.0640592873096466,12.590096473693848,2.4426448345184326,0.0,0.0,0.0,0.0,0.0,0.0,0.0,0.0,0.0,0.0,0.0,0.0,0.023000000044703484,0.023000000044703484,0.02,0.15,0.0,0.0,0.0,0.0,0.0,0.0,0.0,0.0,0.0,0.0,0.0,0.0,0.38043129444122314,0.09557491540908813,0.0031231737841608265,8.039698600769043,186,nan,-1.0,True,,False,0.010050058364868164,0.0,0.1258549690246582,20.0,20.0,1.0,0.0,0.0,0.0,0.0,0.0
1857,65.75801849365234,0.0,0.0,0.0,65.75801849365234,0.06026419252157211,12.584487915039062,2.4434521198272705,0.0,0.0,0.0,0.0,0.0,0.0,0.0,0.0,0.0,0.0,0.0,0.0,0.023000000044703484,0.023000000044703484,0.02,0.15,0.0,0.0,0.0,0.0,0.0,0.0,0.0,0.0,0.0,0.0,0.0,0.0,0.38037464022636414,0.09559894353151321,0.0030972349120474973,8.039698600769043,186,nan,-1.0,True,,False,0.010050058364868164,0.0,0.1258549690246582,20.0,20.0,1.0,0.0,0.0,0.0,0.0,0.0
1858,66.54507446289062,0.0,0.0,0.0,66.54507446289062,0.05909948796033859,12.57872200012207,2.444268226623535,0.0,0.0,0.0,0.0,0.0,0.0,0.0,0.0,0.0,0.0,0.0,0.0,0.023000000044703484,0.023000000044703484,0.02,0.15,0.0,0.0,0.0,0.0,0.0,0.0,0.0,0.0,0.0,0.0,0.0,0.0,0.3803156018257141,0.09561961144208908,0.003088640969735934,8.039698600769043,186,nan,-1.0,True,,False,0.010050058364868164,0.0,0.1258549690246582,20.0,20.0,1.0,0.0,0.0,0.0,0.0,0.0
1859,149.3837127685547,0.0,0.0,0.0,149.3837127685547,0.009578089229762554,12.573007583618164,2.4451639652252197,0.0,0.0,0.0,0.0,0.0,0.0,0.0,0.0,0.0,0.0,0.0,0.0,0.023000000044703484,0.023000000044703484,0.02,0.15,0.0,0.0,0.0,0.0,0.0,0.0,0.0,0.0,0.0,0.0,0.0,0.0,0.38025492429733276,0.09563715755939484,0.0030361928381807957,8.039698600769043,186,nan,-1.0,True,,False,0.010050058364868164,0.0,0.1258549690246582,20.0,20.0,1.0,0.0,0.0,0.0,0.0,0.0
1860,64.99177551269531,0.0,0.0,0.0,64.99177551269531,0.06169553101062775,12.567103385925293,2.4435009956359863,0.0,0.0,0.0,0.0,0.0,0.0,0.0,0.0,0.0,0.0,0.0,0.0,0.023000000044703484,0.023000000044703484,0.02,0.15,0.0,0.0,0.0,0.0,0.0,0.0,0.0,0.0,0.0,0.0,0.0,0.0,0.38019490242004395,0.09565597772598267,0.0030984343795807945,8.039698600769043,186,nan,-1.0,True,,False,0.010050058364868164,0.0,0.1258549690246582,20.0,20.0,1.0,0.0,0.0,0.0,0.0,0.0
1861,62.490631103515625,0.0,0.0,0.0,62.490631103515625,0.06609448790550232,12.560919761657715,2.4417338371276855,0.0,0.0,0.0,0.0,0.0,0.0,0.0,0.0,0.0,0.0,0.0,0.0,0.023000000044703484,0.023000000044703484,0.02,0.15,0.0,0.0,0.0,0.0,0.0,0.0,0.0,0.0,0.0,0.0,0.0,0.0,0.3801330029964447,0.09567183256149292,0.0030539089668764063,8.039698600769043,186,nan,-1.0,True,,False,0.010050058364868164,0.0,0.1258549690246582,20.0,20.0,1.0,0.0,0.0,0.0,0.0,0.0
1862,69.41400146484375,0.0,0.0,0.0,69.41400146484375,0.054547473788261414,12.55475902557373,2.4401943683624268,0.0,0.0,0.0,0.0,0.0,0.0,0.0,0.0,0.0,0.0,0.0,0.0,0.023000000044703484,0.023000000044703484,0.02,0.15,0.0,0.0,0.0,0.0,0.0,0.0,0.0,0.0,0.0,0.0,0.0,0.0,0.3800695836544037,0.09568493068218231,0.003085075108970159,8.039698600769043,186,nan,-1.0,True,,False,0.010050058364868164,0.0,0.1258549690246582,20.0,20.0,1.0,0.0,0.0,0.0,0.0,0.0
1863,111.8512191772461,0.0,0.0,0.0,111.8512191772461,0.019920889288187027,12.54857349395752,2.4388346672058105,0.0,0.0,0.0,0.0,0.0,0.0,0.0,0.0,0.0,0.0,0.0,0.0,0.023000000044703484,0.023000000044703484,0.02,0.15,0.0,0.0,0.0,0.0,0.0,0.0,0.0,0.0,0.0,0.0,0.0,0.0,0.3800073564052582,0.09569668024778366,0.00304595430657173,8.039698600769043,186,nan,-1.0,True,,False,0.010050058364868164,0.0,0.1258549690246582,20.0,20.0,1.0,0.0,0.0,0.0,0.0,0.0
1864,150.09568786621094,0.0,0.0,0.0,150.09568786621094,0.009401051327586174,12.542346000671387,2.4374632835388184,0.0,0.0,0.0,0.0,0.0,0.0,0.0,0.0,0.0,0.0,0.0,0.0,0.023000000044703484,0.023000000044703484,0.02,0.15,0.0,0.0,0.0,0.0,0.0,0.0,0.0,0.0,0.0,0.0,0.0,0.0,0.37994715571403503,0.09570720791816711,0.0031299184057616003,8.039698600769043,186,nan,-1.0,True,,False,0.010050058364868164,0.0,0.1258549690246582,20.0,20.0,1.0,0.0,0.0,0.0,0.0,0.0
1865,79.19087219238281,0.0,0.0,0.0,79.19087219238281,0.042142823338508606,12.536093711853027,2.4357120990753174,0.0,0.0,0.0,0.0,0.0,0.0,0.0,0.0,0.0,0.0,0.0,0.0,0.023000000044703484,0.023000000044703484,0.02,0.15,0.0,0.0,0.0,0.0,0.0,0.0,0.0,0.0,0.0,0.0,0.0,0.0,0.37988781929016113,0.09571670740842819,0.0031255802839496027,8.039698600769043,186,nan,-1.0,True,,False,0.010050058364868164,0.0,0.1258549690246582,20.0,20.0,1.0,0.0,0.0,0.0,0.0,0.0
1866,56.14041519165039,0.0,0.0,0.0,56.14041519165039,0.07911466062068939,12.529712677001953,2.4340498447418213,0.0,0.0,0.0,0.0,0.0,0.0,0.0,0.0,0.0,0.0,0.0,0.0,0.023000000044703484,0.023000000044703484,0.02,0.15,0.0,0.0,0.0,0.0,0.0,0.0,0.0,0.0,0.0,0.0,0.0,0.0,0.37982961535453796,0.09572532027959824,0.0031178927362134345,8.039698600769043,186,nan,-1.0,True,,False,0.010050058364868164,0.0,0.1258549690246582,20.0,20.0,1.0,0.0,0.0,0.0,0.0,0.0
1867,44.40917205810547,0.0,0.0,0.0,44.40917205810547,0.11467206478118896,12.523283958435059,2.432509660720825,0.0,0.0,0.0,0.0,0.0,0.0,0.0,0.0,0.0,0.0,0.0,0.0,0.023000000044703484,0.023000000044703484,0.02,0.15,0.0,0.0,0.0,0.0,0.0,0.0,0.0,0.0,0.0,0.0,0.0,0.0,0.3797713816165924,0.0957331657409668,0.0030129102160572074,8.039698600769043,186,nan,-1.0,True,,False,0.010050058364868164,0.0,0.1258549690246582,20.0,20.0,1.0,0.0,0.0,0.0,0.0,0.0
1868,41.7174186706543,0.0,0.0,0.0,41.7174186706543,0.125557541847229,12.51678466796875,2.431091070175171,0.0,0.0,0.0,0.0,0.0,0.0,0.0,0.0,0.0,0.0,0.0,0.0,0.023000000044703484,0.023000000044703484,0.02,0.15,0.0,0.0,0.0,0.0,0.0,0.0,0.0,0.0,0.0,0.0,0.0,0.0,0.3797118365764618,0.09573867917060852,0.0029791923936954845,8.039698600769043,186,nan,-1.0,True,,False,0.010050058364868164,0.0,0.1258549690246582,20.0,20.0,1.0,0.0,0.0,0.0,0.0,0.0
1869,38.95677185058594,0.0,0.0,0.0,38.95677185058594,0.1382855623960495,12.509247779846191,2.4298136234283447,0.0,0.0,0.0,0.0,0.0,0.0,0.0,0.0,0.0,0.0,0.0,0.0,0.023000000044703484,0.023000000044703484,0.02,0.15,0.0,0.0,0.0,0.0,0.0,0.0,0.0,0.0,0.0,0.0,0.0,0.0,0.37964871525764465,0.09574197232723236,0.0029222678281257686,8.039698600769043,186,nan,-1.0,True,,False,0.010050058364868164,0.0,0.1258549690246582,20.0,20.0,1.0,0.0,0.0,0.0,0.0,0.0
1870,36.17890930175781,0.0,0.0,0.0,36.17890930175781,0.152986541390419,12.501402854919434,2.4287126064300537,0.0,0.0,0.0,0.0,0.0,0.0,0.0,0.0,0.0,0.0,0.0,0.0,0.023000000044703484,0.023000000044703484,0.02,0.15,0.0,0.0,0.0,0.0,0.0,0.0,0.0,0.0,0.0,0.0,0.0,0.0,0.3795839250087738,0.09574321657419205,0.002871820078780729,8.039698600769043,186,nan,-1.0,True,,False,0.010050058364868164,0.0,0.1258549690246582,20.0,20.0,1.0,0.0,0.0,0.0,0.0,0.0
1871,33.41971206665039,0.0,0.0,0.0,33.41971206665039,0.16984692215919495,12.493314743041992,2.427762746810913,0.0,0.0,0.0,0.0,0.0,0.0,0.0,0.0,0.0,0.0,0.0,0.0,0.023000000044703484,0.023000000044703484,0.02,0.15,0.0,0.0,0.0,0.0,0.0,0.0,0.0,0.0,0.0,0.0,0.0,0.0,0.37951740622520447,0.09574256837368011,0.0028371358907861577,8.039698600769043,186,nan,-1.0,True,,False,0.010050058364868164,0.0,0.1258549690246582,20.0,20.0,1.0,0.0,0.0,0.0,0.0,0.0
1872,30.750822067260742,0.0,0.0,0.0,30.750822067260742,0.18875740468502045,12.484790802001953,2.4269824028015137,0.0,0.0,0.0,0.0,0.0,0.0,0.0,0.0,0.0,0.0,0.0,0.0,0.023000000044703484,0.023000000044703484,0.02,0.15,0.0,0.0,0.0,0.0,0.0,0.0,0.0,0.0,0.0,0.0,0.0,0.0,0.37944918870925903,0.09574016183614731,0.0028147693772098137,8.039698600769043,186,nan,-1.0,True,,False,0.010050058364868164,0.0,0.1258549690246582,20.0,20.0,1.0,0.0,0.0,0.0,0.0,0.0
1873,28.221599578857422,0.0,0.0,0.0,28.221599578857422,0.20956674218177795,12.476081848144531,2.4263408184051514,0.0,0.0,0.0,0.0,0.0,0.0,0.0,0.0,0.0,0.0,0.0,0.0,0.023000000044703484,0.023000000044703484,0.02,0.15,0.0,0.0,0.0,0.0,0.0,0.0,0.0,0.0,0.0,0.0,0.0,0.0,0.37937942147254944,0.09573610872030258,0.0027688694308380946,8.039698600769043,186,nan,-1.0,True,,False,0.010050058364868164,0.0,0.1258549690246582,20.0,20.0,1.0,0.0,0.0,0.0,0.0,0.0
1874,29.201086044311523,0.0,0.0,0.0,29.201086044311523,0.20096661150455475,12.467138290405273,2.4258410930633545,0.0,0.0,0.0,0.0,0.0,0.0,0.0,0.0,0.0,0.0,0.0,0.0,0.023000000044703484,0.023000000044703484,0.02,0.15,0.0,0.0,0.0,0.0,0.0,0.0,0.0,0.0,0.0,0.0,0.0,0.0,0.3793078362941742,0.0957305058836937,0.0014224926053429954,8.039698600769043,186,nan,-1.0,True,,False,0.010050058364868164,0.0,0.1258549690246582,20.0,20.0,1.0,0.0,0.0,0.0,0.0,0.0
1875,30.685279846191406,0.0,0.0,0.0,30.685279846191406,0.18894410133361816,12.457983016967773,2.4255058765411377,0.0,0.0,0.0,0.0,0.0,0.0,0.0,0.0,0.0,0.0,0.0,0.0,0.023000000044703484,0.023000000044703484,0.02,0.15,0.0,0.0,0.0,0.0,0.0,0.0,0.0,0.0,0.0,0.0,0.0,0.0,0.37923628091812134,0.09572554379701614,0.0014009057431394467,8.039698600769043,186,nan,-1.0,True,,False,0.010050058364868164,0.0,0.1258549690246582,20.0,20.0,1.0,0.0,0.0,0.0,0.0,0.0
1876,32.16731643676758,0.0,0.0,0.0,32.16731643676758,0.1779494285583496,12.448379516601562,2.425325870513916,0.0,0.0,0.0,0.0,0.0,0.0,0.0,0.0,0.0,0.0,0.0,0.0,0.023000000044703484,0.023000000044703484,0.02,0.15,0.0,0.0,0.0,0.0,0.0,0.0,0.0,0.0,0.0,0.0,0.0,0.0,0.3791653513908386,0.0957212969660759,0.0013771549834018515,8.039698600769043,186,nan,-1.0,True,,False,0.010050058364868164,0.0,0.1258549690246582,20.0,20.0,1.0,0.0,0.0,0.0,0.0,0.0
1877,33.564022064208984,0.0,0.0,0.0,33.564022064208984,0.16840627789497375,12.438486099243164,2.4252898693084717,0.0,0.0,0.0,0.0,0.0,0.0,0.0,0.0,0.0,0.0,0.0,0.0,0.023000000044703484,0.023000000044703484,0.02,0.15,0.0,0.0,0.0,0.0,0.0,0.0,0.0,0.0,0.0,0.0,0.0,0.0,0.3790948987007141,0.09571786969900131,0.001345428006061411,8.039698600769043,186,nan,-1.0,True,,False,0.010050058364868164,0.0,0.1258549690246582,20.0,20.0,1.0,0.0,0.0,0.0,0.0,0.0
1878,34.91166687011719,0.0,0.0,0.0,34.91166687011719,0.15987776219844818,12.428229331970215,2.425402879714966,0.0,0.0,0.0,0.0,0.0,0.0,0.0,0.0,0.0,0.0,0.0,0.0,0.023000000044703484,0.023000000044703484,0.02,0.15,0.0,0.0,0.0,0.0,0.0,0.0,0.0,0.0,0.0,0.0,0.0,0.0,0.3790244460105896,0.09571507573127747,0.0013376880556279502,8.039698600769043,186,nan,-1.0,True,,False,0.010050058364868164,0.0,0.1258549690246582,20.0,20.0,1.0,0.0,0.0,0.0,0.0,0.0
1879,36.17190933227539,0.0,0.0,0.0,36.17190933227539,0.15238121151924133,12.417854309082031,2.4245452880859375,0.0,0.0,0.0,0.0,0.0,0.0,0.0,0.0,0.0,0.0,0.0,0.0,0.023000000044703484,0.023000000044703484,0.02,0.15,0.0,0.0,0.0,0.0,0.0,0.0,0.0,0.0,0.0,0.0,0.0,0.0,0.3788940906524658,0.09571287035942078,0.001342099366866023,8.039698600769043,186,nan,-1.0,True,,False,0.010050058364868164,0.0,0.1258549690246582,20.0,20.0,1.0,0.0,0.0,0.0,0.0,0.0
1880,37.431278228759766,0.0,0.0,0.0,37.431278228759766,0.14537206292152405,12.40742015838623,2.423713207244873,0.0,0.0,0.0,0.0,0.0,0.0,0.0,0.0,0.0,0.0,0.0,0.0,0.023000000044703484,0.023000000044703484,0.02,0.15,0.0,0.0,0.0,0.0,0.0,0.0,0.0,0.0,0.0,0.0,0.0,0.0,0.37876006960868835,0.09571123868227005,0.0013178033282201795,8.039698600769043,186,nan,-1.0,True,,False,0.010050058364868164,0.0,0.1258549690246582,20.0,20.0,1.0,0.0,0.0,0.0,0.0,0.0
1881,38.426055908203125,0.0,0.0,0.0,38.426055908203125,0.14014260470867157,12.396505355834961,2.4229543209075928,0.0,0.0,0.0,0.0,0.0,0.0,0.0,0.0,0.0,0.0,0.0,0.0,0.023000000044703484,0.023000000044703484,0.02,0.15,0.0,0.0,0.0,0.0,0.0,0.0,0.0,0.0,0.0,0.0,0.0,0.0,0.3786253035068512,0.0957101434469223,0.0012795366328646196,8.039698600769043,186,nan,-1.0,True,,False,0.010050058364868164,0.0,0.1258549690246582,20.0,20.0,1.0,0.0,0.0,0.0,0.0,0.0
1882,39.492164611816406,0.0,0.0,0.0,39.492164611816406,0.1348298043012619,12.385713577270508,2.4222335815429688,0.0,0.0,0.0,0.0,0.0,0.0,0.0,0.0,0.0,0.0,0.0,0.0,0.023000000044703484,0.023000000044703484,0.02,0.15,0.0,0.0,0.0,0.0,0.0,0.0,0.0,0.0,0.0,0.0,0.0,0.0,0.3784889876842499,0.09570955485105515,0.001306001238845056,8.039698600769043,186,nan,-1.0,True,,False,0.010050058364868164,0.0,0.1258549690246582,20.0,20.0,1.0,0.0,0.0,0.0,0.0,0.0
1883,40.395912170410156,0.0,0.0,0.0,40.395912170410156,0.1305440366268158,12.374725341796875,2.421574592590332,0.0,0.0,0.0,0.0,0.0,0.0,0.0,0.0,0.0,0.0,0.0,0.0,0.023000000044703484,0.023000000044703484,0.02,0.15,0.0,0.0,0.0,0.0,0.0,0.0,0.0,0.0,0.0,0.0,0.0,0.0,0.37835273146629333,0.0957094058394432,0.0013346020314202178,8.039698600769043,186,nan,-1.0,True,,False,0.010050058364868164,0.0,0.1258549690246582,20.0,20.0,1.0,0.0,0.0,0.0,0.0,0.0
1884,41.27287292480469,0.0,0.0,0.0,41.27287292480469,0.12657023966312408,12.363574028015137,2.420969247817993,0.0,0.0,0.0,0.0,0.0,0.0,0.0,0.0,0.0,0.0,0.0,0.0,0.023000000044703484,0.023000000044703484,0.02,0.15,0.0,0.0,0.0,0.0,0.0,0.0,0.0,0.0,0.0,0.0,0.0,0.0,0.37821483612060547,0.09570968896150589,0.0013485069612215739,8.039698600769043,186,nan,-1.0,True,,False,0.010050058364868164,0.0,0.1258549690246582,20.0,20.0,1.0,0.0,0.0,0.0,0.0,0.0
1885,42.11747360229492,0.0,0.0,0.0,42.11747360229492,0.12290869653224945,12.352614402770996,2.420419454574585,0.0,0.0,0.0,0.0,0.0,0.0,0.0,0.0,0.0,0.0,0.0,0.0,0.023000000044703484,0.023000000044703484,0.02,0.15,0.0,0.0,0.0,0.0,0.0,0.0,0.0,0.0,0.0,0.0,0.0,0.0,0.3780740201473236,0.09571031481027603,0.0013606418995095737,8.039698600769043,186,nan,-1.0,True,,False,0.010050058364868164,0.0,0.1258549690246582,20.0,20.0,1.0,0.0,0.0,0.0,0.0,0.0
1886,42.75988006591797,0.0,0.0,0.0,42.75988006591797,0.12023444473743439,12.341630935668945,2.4199366569519043,0.0,0.0,0.0,0.0,0.0,0.0,0.0,0.0,0.0,0.0,0.0,0.0,0.023000000044703484,0.023000000044703484,0.02,0.15,0.0,0.0,0.0,0.0,0.0,0.0,0.0,0.0,0.0,0.0,0.0,0.0,0.3779296576976776,0.09571126103401184,0.0013706512249882508,8.039698600769043,186,nan,-1.0,True,,False,0.010050058364868164,0.0,0.1258549690246582,20.0,20.0,1.0,0.0,0.0,0.0,0.0,0.0
1887,43.19939422607422,0.0,0.0,0.0,43.19939422607422,0.11847712844610214,12.330251693725586,2.419495105743408,0.0,0.0,0.0,0.0,0.0,0.0,0.0,0.0,0.0,0.0,0.0,0.0,0.023000000044703484,0.023000000044703484,0.02,0.15,0.0,0.0,0.0,0.0,0.0,0.0,0.0,0.0,0.0,0.0,0.0,0.0,0.377784788608551,0.09571244567632675,0.001349138375644543,8.039698600769043,186,nan,-1.0,True,,False,0.010050058364868164,0.0,0.1258549690246582,20.0,20.0,1.0,0.0,0.0,0.0,0.0,0.0
1888,43.35306930541992,0.0,0.0,0.0,43.35306930541992,0.1179288774728775,12.31877326965332,2.4190902709960938,0.0,0.0,0.0,0.0,0.0,0.0,0.0,0.0,0.0,0.0,0.0,0.0,0.023000000044703484,0.023000000044703484,0.02,0.15,0.0,0.0,0.0,0.0,0.0,0.0,0.0,0.0,0.0,0.0,0.0,0.0,0.3776382803916931,0.09571389108896255,0.001324759010458365,8.039698600769043,186,nan,-1.0,True,,False,0.010050058364868164,0.0,0.1258549690246582,20.0,20.0,1.0,0.0,0.0,0.0,0.0,0.0
1889,53.757144927978516,0.0,0.0,0.0,53.757144927978516,0.08429217338562012,12.30692195892334,2.4187333583831787,0.0,0.0,0.0,0.0,0.0,0.0,0.0,0.0,0.0,0.0,0.0,0.0,0.023000000044703484,0.023000000044703484,0.02,0.15,0.0,0.0,0.0,0.0,0.0,0.0,0.0,0.0,0.0,0.0,0.0,0.0,0.3774905502796173,0.09571557492017746,0.0016484429188494687,8.039698600769043,186,nan,-1.0,True,,False,0.010050058364868164,0.0,0.1258549690246582,20.0,20.0,1.0,0.0,0.0,0.0,0.0,0.0
1890,75.48515319824219,0.0,0.0,0.0,75.48515319824219,0.04586748778820038,12.293143272399902,2.4183552265167236,0.0,0.0,0.0,0.0,0.0,0.0,0.0,0.0,0.0,0.0,0.0,0.0,0.023000000044703484,0.023000000044703484,0.02,0.15,0.0,0.0,0.0,0.0,0.0,0.0,0.0,0.0,0.0,0.0,0.0,0.0,0.3773478865623474,0.09572167694568634,0.0016083561977211502,8.039698600769043,186,nan,-1.0,True,,False,0.010050058364868164,0.0,0.1258549690246582,20.0,20.0,1.0,0.0,0.0,0.0,0.0,0.0
1891,150.2525177001953,0.0,0.0,0.0,150.2525177001953,0.009278230369091034,12.279250144958496,2.4180121421813965,0.0,0.0,0.0,0.0,0.0,0.0,0.0,0.0,0.0,0.0,0.0,0.0,0.023000000044703484,0.023000000044703484,0.02,0.15,0.0,0.0,0.0,0.0,0.0,0.0,0.0,0.0,0.0,0.0,0.0,0.0,0.37720733880996704,0.09573209285736084,0.0015594690205489314,8.039698600769043,186,nan,-1.0,True,,False,0.010050058364868164,0.0,0.1258549690246582,20.0,20.0,1.0,0.0,0.0,0.0,0.0,0.0
1892,97.41463470458984,0.0,0.0,0.0,97.41463470458984,0.026995988562703133,12.26539134979248,2.4170894622802734,0.0,0.0,0.0,0.0,0.0,0.0,0.0,0.0,0.0,0.0,0.0,0.0,0.023000000044703484,0.023000000044703484,0.02,0.15,0.0,0.0,0.0,0.0,0.0,0.0,0.0,0.0,0.0,0.0,0.0,0.0,0.3770693242549896,0.09574668854475021,0.0015430683019985736,8.039698600769043,186,nan,-1.0,True,,False,0.010050058364868164,0.0,0.1258549690246582,20.0,20.0,1.0,0.0,0.0,0.0,0.0,0.0
1893,61.1290283203125,0.0,0.0,0.0,61.1290283203125,0.06763942539691925,12.251134872436523,2.4160149097442627,0.0,0.0,0.0,0.0,0.0,0.0,0.0,0.0,0.0,0.0,0.0,0.0,0.023000000044703484,0.023000000044703484,0.02,0.15,0.0,0.0,0.0,0.0,0.0,0.0,0.0,0.0,0.0,0.0,0.0,0.0,0.37693101167678833,0.09575625509023666,0.00150726760125508,8.039698600769043,186,nan,-1.0,True,,False,0.010050058364868164,0.0,0.1258549690246582,20.0,20.0,1.0,0.0,0.0,0.0,0.0,0.0
1894,45.710670471191406,0.0,0.0,0.0,45.710670471191406,0.10865285992622375,12.236875534057617,2.414970636367798,0.0,0.0,0.0,0.0,0.0,0.0,0.0,0.0,0.0,0.0,0.0,0.0,0.023000000044703484,0.023000000044703484,0.02,0.15,0.0,0.0,0.0,0.0,0.0,0.0,0.0,0.0,0.0,0.0,0.0,0.0,0.37679222226142883,0.09576088190078735,0.0014735564909642562,8.039698600769043,186,nan,-1.0,True,,False,0.010050058364868164,0.0,0.1258549690246582,20.0,20.0,1.0,0.0,0.0,0.0,0.0,0.0
1895,36.44550704956055,0.0,0.0,0.0,36.44550704956055,0.15034271776676178,12.222127914428711,2.413966417312622,0.0,0.0,0.0,0.0,0.0,0.0,0.0,0.0,0.0,0.0,0.0,0.0,0.023000000044703484,0.023000000044703484,0.02,0.15,0.0,0.0,0.0,0.0,0.0,0.0,0.0,0.0,0.0,0.0,0.0,0.0,0.37665271759033203,0.09576061367988586,0.001456083813081932,8.039698600769043,186,nan,-1.0,True,,False,0.010050058364868164,0.0,0.1258549690246582,20.0,20.0,1.0,0.0,0.0,0.0,0.0,0.0
1896,31.622947692871094,0.0,0.0,0.0,31.622947692871094,0.18095675110816956,12.207236289978027,2.4129953384399414,0.0,0.0,0.0,0.0,0.0,0.0,0.0,0.0,0.0,0.0,0.0,0.0,0.023000000044703484,0.023000000044703484,0.02,0.15,0.0,0.0,0.0,0.0,0.0,0.0,0.0,0.0,0.0,0.0,0.0,0.0,0.3765125274658203,0.0957556888461113,0.0011803445713667315,8.039698600769043,186,nan,-1.0,True,,False,0.010050058364868164,0.0,0.1258549690246582,20.0,20.0,1.0,0.0,0.0,0.0,0.0,0.0
1897,29.93644905090332,0.0,0.0,0.0,29.93644905090332,0.19359588623046875,12.191811561584473,2.412076711654663,0.0,0.0,0.0,0.0,0.0,0.0,0.0,0.0,0.0,0.0,0.0,0.0,0.023000000044703484,0.023000000044703484,0.02,0.15,0.0,0.0,0.0,0.0,0.0,0.0,0.0,0.0,0.0,0.0,0.0,0.0,0.3763715326786041,0.095751091837883,0.0011381232370695216,8.039698600769043,186,nan,-1.0,True,,False,0.010050058364868164,0.0,0.1258549690246582,20.0,20.0,1.0,0.0,0.0,0.0,0.0,0.0
1898,28.172046661376953,0.0,0.0,0.0,28.172046661376953,0.20825405418872833,12.175858497619629,2.411214590072632,0.0,0.0,0.0,0.0,0.0,0.0,0.0,0.0,0.0,0.0,0.0,0.0,0.023000000044703484,0.023000000044703484,0.02,0.15,0.0,0.0,0.0,0.0,0.0,0.0,0.0,0.0,0.0,0.0,0.0,0.0,0.37622928619384766,0.09574688225984573,0.0011184582817804767,8.039698600769043,186,nan,-1.0,True,,False,0.010050058364868164,0.0,0.1258549690246582,20.0,20.0,1.0,0.0,0.0,0.0,0.0,0.0
1899,26.391149520874023,0.0,0.0,0.0,26.391149520874023,0.2247440218925476,12.159235000610352,2.410381555557251,0.0,0.0,0.0,0.0,0.0,0.0,0.0,0.0,0.0,0.0,0.0,0.0,0.023000000044703484,0.023000000044703484,0.02,0.15,0.0,0.0,0.0,0.0,0.0,0.0,0.0,0.0,0.0,0.0,0.0,0.0,0.37608587741851807,0.09574306756258011,0.0011108929766123765,8.039698600769043,186,nan,-1.0,True,,False,0.010050058364868164,0.0,0.1258549690246582,20.0,20.0,1.0,0.0,0.0,0.0,0.0,0.0
1900,24.61095428466797,0.0,0.0,0.0,24.61095428466797,0.2432052195072174,12.141944885253906,2.4095752239227295,0.0,0.0,0.0,0.0,0.0,0.0,0.0,0.0,0.0,0.0,0.0,0.0,0.023000000044703484,0.023000000044703484,0.02,0.15,0.0,0.0,0.0,0.0,0.0,0.0,0.0,0.0,0.0,0.0,0.0,0.0,0.3759411573410034,0.0957396849989891,0.0010728625320552965,8.039698600769043,186,nan,-1.0,True,,False,0.010050058364868164,0.0,0.1258549690246582,20.0,20.0,1.0,0.0,0.0,0.0,0.0,0.0
1901,23.168350219726562,0.0,0.0,0.0,23.168350219726562,0.2598424553871155,12.125310897827148,2.4088480472564697,0.0,0.0,0.0,0.0,0.0,0.0,0.0,0.0,0.0,0.0,0.0,0.0,0.023000000044703484,0.023000000044703484,0.02,0.15,0.0,0.0,0.0,0.0,0.0,0.0,0.0,0.0,0.0,0.0,0.0,0.0,0.3757998049259186,0.0957380160689354,0.0010615612213769055,8.039698600769043,186,nan,-1.0,True,,False,0.010050058364868164,0.0,0.1258549690246582,20.0,20.0,1.0,0.0,0.0,0.0,0.0,0.0
1902,21.791927337646484,0.0,0.0,0.0,21.791927337646484,0.2773507237434387,12.108345031738281,2.4081695079803467,0.0,0.0,0.0,0.0,0.0,0.0,0.0,0.0,0.0,0.0,0.0,0.0,0.023000000044703484,0.023000000044703484,0.02,0.15,0.0,0.0,0.0,0.0,0.0,0.0,0.0,0.0,0.0,0.0,0.0,0.0,0.375658243894577,0.09573657810688019,0.0010486965036307083,8.039698600769043,186,nan,-1.0,True,,False,0.010050058364868164,0.0,0.1258549690246582,20.0,20.0,1.0,0.0,0.0,0.0,0.0,0.0
1903,20.461368560791016,0.0,0.0,0.0,20.461368560791016,0.2960278391838074,12.090950012207031,2.407553195953369,0.0,0.0,0.0,0.0,0.0,0.0,0.0,0.0,0.0,0.0,0.0,0.0,0.023000000044703484,0.023000000044703484,0.02,0.15,0.0,0.0,0.0,0.0,0.0,0.0,0.0,0.0,0.0,0.0,0.0,0.0,0.3755163252353668,0.09573537856340408,0.0010366729241013672,8.039698600769043,186,nan,-1.0,True,,False,0.010050058364868164,0.0,0.1258549690246582,20.0,20.0,1.0,0.0,0.0,0.0,0.0,0.0
1904,20.602542877197266,0.0,0.0,0.0,20.602542877197266,0.293842613697052,12.073225021362305,2.4069559574127197,0.0,0.0,0.0,0.0,0.0,0.0,0.0,0.0,0.0,0.0,0.0,0.0,0.023000000044703484,0.023000000044703484,0.02,0.15,0.0,0.0,0.0,0.0,0.0,0.0,0.0,0.0,0.0,0.0,0.0,0.0,0.37537407875061035,0.09573441743850708,0.0010681025921712717,8.039698600769043,186,nan,-1.0,True,,False,0.010050058364868164,0.0,0.1258549690246582,20.0,20.0,1.0,0.0,0.0,0.0,0.0,0.0
1905,21.642696380615234,0.0,0.0,0.0,21.642696380615234,0.2790883183479309,12.05548095703125,2.4064269065856934,0.0,0.0,0.0,0.0,0.0,0.0,0.0,0.0,0.0,0.0,0.0,0.0,0.023000000044703484,0.023000000044703484,0.02,0.15,0.0,0.0,0.0,0.0,0.0,0.0,0.0,0.0,0.0,0.0,0.0,0.0,0.3752274513244629,0.09573345631361008,0.0017349463760183426,8.039698600769043,186,nan,-1.0,True,,False,0.010050058364868164,0.0,0.1258549690246582,20.0,20.0,1.0,0.0,0.0,0.0,0.0,0.0
1906,22.73856544494629,0.0,0.0,0.0,22.73856544494629,0.2647252678871155,12.038070678710938,2.405935049057007,0.0,0.0,0.0,0.0,0.0,0.0,0.0,0.0,0.0,0.0,0.0,0.0,0.023000000044703484,0.023000000044703484,0.02,0.15,0.0,0.0,0.0,0.0,0.0,0.0,0.0,0.0,0.0,0.0,0.0,0.0,0.3750821650028229,0.09573248773813248,0.0017295593859216751,8.039698600769043,186,nan,-1.0,True,,False,0.010050058364868164,0.0,0.1258549690246582,20.0,20.0,1.0,0.0,0.0,0.0,0.0,0.0
1907,23.917192459106445,0.0,0.0,0.0,23.917192459106445,0.25048407912254333,12.020986557006836,2.4054858684539795,0.0,0.0,0.0,0.0,0.0,0.0,0.0,0.0,0.0,0.0,0.0,0.0,0.023000000044703484,0.023000000044703484,0.02,0.15,0.0,0.0,0.0,0.0,0.0,0.0,0.0,0.0,0.0,0.0,0.0,0.0,0.37493759393692017,0.09573150426149368,0.001726100835867328,8.039698600769043,186,nan,-1.0,True,,False,0.010050058364868164,0.0,0.1258549690246582,20.0,20.0,1.0,0.0,0.0,0.0,0.0,0.0
1908,25.22467613220215,0.0,0.0,0.0,25.22467613220215,0.23598042130470276,12.004393577575684,2.4050846099853516,0.0,0.0,0.0,0.0,0.0,0.0,0.0,0.0,0.0,0.0,0.0,0.0,0.023000000044703484,0.023000000044703484,0.02,0.15,0.0,0.0,0.0,0.0,0.0,0.0,0.0,0.0,0.0,0.0,0.0,0.0,0.37479519844055176,0.0957305058836937,0.0017237201348052622,8.039698600769043,186,nan,-1.0,True,,False,0.010050058364868164,0.0,0.1258549690246582,20.0,20.0,1.0,0.0,0.0,0.0,0.0,0.0
1909,26.542011260986328,0.0,0.0,0.0,26.542011260986328,0.22258171439170837,11.988044738769531,2.404737949371338,0.0,0.0,0.0,0.0,0.0,0.0,0.0,0.0,0.0,0.0,0.0,0.0,0.023000000044703484,0.023000000044703484,0.02,0.15,0.0,0.0,0.0,0.0,0.0,0.0,0.0,0.0,0.0,0.0,0.0,0.0,0.3746541440486908,0.09572950005531311,0.001720825620850519,8.039698600769043,186,nan,-1.0,True,,False,0.010050058364868164,0.0,0.1258549690246582,20.0,20.0,1.0,0.0,0.0,0.0,0.0,0.0
1910,27.983842849731445,0.0,0.0,0.0,27.983842849731445,0.20914167165756226,11.972054481506348,2.4043967723846436,0.0,0.0,0.0,0.0,0.0,0.0,0.0,0.0,0.0,0.0,0.0,0.0,0.023000000044703484,0.023000000044703484,0.02,0.15,0.0,0.0,0.0,0.0,0.0,0.0,0.0,0.0,0.0,0.0,0.0,0.0,0.37451356649398804,0.09572847187519073,0.0017172145053336862,8.039698600769043,186,nan,-1.0,True,,False,0.010050058364868164,0.0,0.1258549690246582,20.0,20.0,1.0,0.0,0.0,0.0,0.0,0.0
1911,29.524215698242188,0.0,0.0,0.0,29.524215698242188,0.19604212045669556,11.956446647644043,2.4041221141815186,0.0,0.0,0.0,0.0,0.0,0.0,0.0,0.0,0.0,0.0,0.0,0.0,0.023000000044703484,0.023000000044703484,0.02,0.15,0.0,0.0,0.0,0.0,0.0,0.0,0.0,0.0,0.0,0.0,0.0,0.0,0.374374121427536,0.09572743624448776,0.0017104489625126007,8.039698600769043,186,nan,-1.0,True,,False,0.010050058364868164,0.0,0.1258549690246582,20.0,20.0,1.0,0.0,0.0,0.0,0.0,0.0
1912,31.173274993896484,0.0,0.0,0.0,31.173274993896484,0.18327556550502777,11.941261291503906,2.403867483139038,0.0,0.0,0.0,0.0,0.0,0.0,0.0,0.0,0.0,0.0,0.0,0.0,0.023000000044703484,0.023000000044703484,0.02,0.15,0.0,0.0,0.0,0.0,0.0,0.0,0.0,0.0,0.0,0.0,0.0,0.0,0.3742383122444153,0.0957263708114624,0.0017096867272812233,8.039698600769043,186,nan,-1.0,True,,False,0.010050058364868164,0.0,0.1258549690246582,20.0,20.0,1.0,0.0,0.0,0.0,0.0,0.0
1913,32.96723556518555,0.0,0.0,0.0,32.96723556518555,0.17068634927272797,11.926517486572266,2.4037015438079834,0.0,0.0,0.0,0.0,0.0,0.0,0.0,0.0,0.0,0.0,0.0,0.0,0.023000000044703484,0.023000000044703484,0.02,0.15,0.0,0.0,0.0,0.0,0.0,0.0,0.0,0.0,0.0,0.0,0.0,0.0,0.3741046190261841,0.09572529792785645,0.0017095818279813102,8.039698600769043,186,nan,-1.0,True,,False,0.010050058364868164,0.0,0.1258549690246582,20.0,20.0,1.0,0.0,0.0,0.0,0.0,0.0
1914,34.95325469970703,0.0,0.0,0.0,34.95325469970703,0.1581125557422638,11.912153244018555,2.403557300567627,0.0,0.0,0.0,0.0,0.0,0.0,0.0,0.0,0.0,0.0,0.0,0.0,0.023000000044703484,0.023000000044703484,0.02,0.15,0.0,0.0,0.0,0.0,0.0,0.0,0.0,0.0,0.0,0.0,0.0,0.0,0.37397339940071106,0.0957242026925087,0.0017097903626108746,8.039698600769043,186,nan,-1.0,True,,False,0.010050058364868164,0.0,0.1258549690246582,20.0,20.0,1.0,0.0,0.0,0.0,0.0,0.0
1915,36.94977569580078,0.0,0.0,0.0,36.94977569580078,0.14673012495040894,11.898436546325684,2.403444290161133,0.0,0.0,0.0,0.0,0.0,0.0,0.0,0.0,0.0,0.0,0.0,0.0,0.023000000044703484,0.023000000044703484,0.02,0.15,0.0,0.0,0.0,0.0,0.0,0.0,0.0,0.0,0.0,0.0,0.0,0.0,0.3738449513912201,0.09572310745716095,0.0017058995094885177,8.039698600769043,186,nan,-1.0,True,,False,0.010050058364868164,0.0,0.1258549690246582,20.0,20.0,1.0,0.0,0.0,0.0,0.0,0.0
1916,39.13323974609375,0.0,0.0,0.0,39.13323974609375,0.1355346143245697,11.885162353515625,2.4033701419830322,0.0,0.0,0.0,0.0,0.0,0.0,0.0,0.0,0.0,0.0,0.0,0.0,0.023000000044703484,0.023000000044703484,0.02,0.15,0.0,0.0,0.0,0.0,0.0,0.0,0.0,0.0,0.0,0.0,0.0,0.0,0.37371882796287537,0.09572198987007141,0.0017067555447738414,8.039698600769043,186,nan,-1.0,True,,False,0.010050058364868164,0.0,0.1258549690246582,20.0,20.0,1.0,0.0,0.0,0.0,0.0,0.0
1917,41.53516387939453,0.0,0.0,0.0,41.53516387939453,0.12452151626348495,11.872523307800293,2.403324604034424,0.0,0.0,0.0,0.0,0.0,0.0,0.0,0.0,0.0,0.0,0.0,0.0,0.023000000044703484,0.023000000044703484,0.02,0.15,0.0,0.0,0.0,0.0,0.0,0.0,0.0,0.0,0.0,0.0,0.0,0.0,0.3735946714878082,0.09572087228298187,0.0017083635134440556,8.039698600769043,186,nan,-1.0,True,,False,0.010050058364868164,0.0,0.1258549690246582,20.0,20.0,1.0,0.0,0.0,0.0,0.0,0.0
1918,44.0204963684082,0.0,0.0,0.0,44.0204963684082,0.11436541378498077,11.86017894744873,2.403313636779785,0.0,0.0,0.0,0.0,0.0,0.0,0.0,0.0,0.0,0.0,0.0,0.0,0.023000000044703484,0.023000000044703484,0.02,0.15,0.0,0.0,0.0,0.0,0.0,0.0,0.0,0.0,0.0,0.0,0.0,0.0,0.3734712600708008,0.09571973234415054,0.0017200485631292395,8.039698600769043,186,nan,-1.0,True,,False,0.010050058364868164,0.0,0.1258549690246582,20.0,20.0,1.0,0.0,0.0,0.0,0.0,0.0
1919,46.470611572265625,0.0,0.0,0.0,46.470611572265625,0.1054125428199768,11.848480224609375,2.4033143520355225,0.0,0.0,0.0,0.0,0.0,0.0,0.0,0.0,0.0,0.0,0.0,0.0,0.023000000044703484,0.023000000044703484,0.02,0.15,0.0,0.0,0.0,0.0,0.0,0.0,0.0,0.0,0.0,0.0,0.0,0.0,0.3733493983745575,0.09571857005357742,0.0017226867662429868,8.039698600769043,186,nan,-1.0,True,,False,0.010050058364868164,0.0,0.1258549690246582,20.0,20.0,1.0,0.0,0.0,0.0,0.0,0.0
1920,49.118961334228516,0.0,0.0,0.0,49.118961334228516,0.09675143659114838,11.8373384475708,2.403325319290161,0.0,0.0,0.0,0.0,0.0,0.0,0.0,0.0,0.0,0.0,0.0,0.0,0.023000000044703484,0.023000000044703484,0.02,0.15,0.0,0.0,0.0,0.0,0.0,0.0,0.0,0.0,0.0,0.0,0.0,0.0,0.3732292950153351,0.0957174226641655,0.0017268657884415006,8.039698600769043,186,nan,-1.0,True,,False,0.010050058364868164,0.0,0.1258549690246582,20.0,20.0,1.0,0.0,0.0,0.0,0.0,0.0
1921,51.83928680419922,0.0,0.0,0.0,51.83928680419922,0.08881403505802155,11.826750755310059,2.403376817703247,0.0,0.0,0.0,0.0,0.0,0.0,0.0,0.0,0.0,0.0,0.0,0.0,0.023000000044703484,0.023000000044703484,0.02,0.15,0.0,0.0,0.0,0.0,0.0,0.0,0.0,0.0,0.0,0.0,0.0,0.0,0.3731110095977783,0.09571626037359238,0.0017353073144477094,8.039698600769043,186,nan,-1.0,True,,False,0.010050058364868164,0.0,0.1258549690246582,20.0,20.0,1.0,0.0,0.0,0.0,0.0,0.0
1922,54.58107376098633,0.0,0.0,0.0,54.58107376098633,0.08165593445301056,11.816671371459961,2.403433322906494,0.0,0.0,0.0,0.0,0.0,0.0,0.0,0.0,0.0,0.0,0.0,0.0,0.023000000044703484,0.023000000044703484,0.02,0.15,0.0,0.0,0.0,0.0,0.0,0.0,0.0,0.0,0.0,0.0,0.0,0.0,0.3729945123195648,0.09571508318185806,0.0017402510716237884,8.039698600769043,186,nan,-1.0,True,,False,0.010050058364868164,0.0,0.1258549690246582,20.0,20.0,1.0,0.0,0.0,0.0,0.0,0.0
1923,57.4711799621582,0.0,0.0,0.0,57.4711799621582,0.07490116357803345,11.807243347167969,2.4034998416900635,0.0,0.0,0.0,0.0,0.0,0.0,0.0,0.0,0.0,0.0,0.0,0.0,0.023000000044703484,0.023000000044703484,0.02,0.15,0.0,0.0,0.0,0.0,0.0,0.0,0.0,0.0,0.0,0.0,0.0,0.0,0.3728797435760498,0.09571389108896255,0.0017459540454183298,8.039698600769043,186,nan,-1.0,True,,False,0.010050058364868164,0.0,0.1258549690246582,20.0,20.0,1.0,0.0,0.0,0.0,0.0,0.0
1924,60.11094665527344,0.0,0.0,0.0,60.11094665527344,0.06935609132051468,11.798345565795898,2.4035816192626953,0.0,0.0,0.0,0.0,0.0,0.0,0.0,0.0,0.0,0.0,0.0,0.0,0.023000000044703484,0.023000000044703484,0.02,0.15,0.0,0.0,0.0,0.0,0.0,0.0,0.0,0.0,0.0,0.0,0.0,0.0,0.3727667033672333,0.09571269154548645,0.001757127778546419,8.039698600769043,186,nan,-1.0,True,,False,0.010050058364868164,0.0,0.1258549690246582,20.0,20.0,1.0,0.0,0.0,0.0,0.0,0.0
1925,62.58830261230469,0.0,0.0,0.0,62.58830261230469,0.06462930142879486,11.79002571105957,2.4036941528320312,0.0,0.0,0.0,0.0,0.0,0.0,0.0,0.0,0.0,0.0,0.0,0.0,0.023000000044703484,0.023000000044703484,0.02,0.15,0.0,0.0,0.0,0.0,0.0,0.0,0.0,0.0,0.0,0.0,0.0,0.0,0.37265530228614807,0.09571148455142975,0.0017549758074437705,8.039698600769043,186,nan,-1.0,True,,False,0.010050058364868164,0.0,0.1258549690246582,20.0,20.0,1.0,0.0,0.0,0.0,0.0,0.0
1926,64.78252410888672,0.0,0.0,0.0,64.78252410888672,0.060782186686992645,11.782295227050781,2.403796434402466,0.0,0.0,0.0,0.0,0.0,0.0,0.0,0.0,0.0,0.0,0.0,0.0,0.023000000044703484,0.023000000044703484,0.02,0.15,0.0,0.0,0.0,0.0,0.0,0.0,0.0,0.0,0.0,0.0,0.0,0.0,0.3725455403327942,0.09571027010679245,0.0017614922621760343,8.039698600769043,186,nan,-1.0,True,,False,0.010050058364868164,0.0,0.1258549690246582,20.0,20.0,1.0,0.0,0.0,0.0,0.0,0.0
1927,66.31525421142578,0.0,0.0,0.0,66.31525421142578,0.05826832726597786,11.77507209777832,2.403900146484375,0.0,0.0,0.0,0.0,0.0,0.0,0.0,0.0,0.0,0.0,0.0,0.0,0.023000000044703484,0.023000000044703484,0.02,0.15,0.0,0.0,0.0,0.0,0.0,0.0,0.0,0.0,0.0,0.0,0.0,0.0,0.37243732810020447,0.09570904821157455,0.0017679132602097525,8.039698600769043,186,nan,-1.0,True,,False,0.010050058364868164,0.0,0.1258549690246582,20.0,20.0,1.0,0.0,0.0,0.0,0.0,0.0
1928,67.9227066040039,0.0,0.0,0.0,67.9227066040039,0.05577365681529045,11.768534660339355,2.404038667678833,0.0,0.0,0.0,0.0,0.0,0.0,0.0,0.0,0.0,0.0,0.0,0.0,0.023000000044703484,0.023000000044703484,0.02,0.15,0.0,0.0,0.0,0.0,0.0,0.0,0.0,0.0,0.0,0.0,0.0,0.0,0.3723309338092804,0.09570781141519547,0.0017755065111941803,8.039698600769043,186,nan,-1.0,True,,False,0.010050058364868164,0.0,0.1258549690246582,20.0,20.0,1.0,0.0,0.0,0.0,0.0,0.0
1929,68.40196228027344,0.0,0.0,0.0,68.40196228027344,0.05506325513124466,11.762520790100098,2.4041764736175537,0.0,0.0,0.0,0.0,0.0,0.0,0.0,0.0,0.0,0.0,0.0,0.0,0.023000000044703484,0.023000000044703484,0.02,0.15,0.0,0.0,0.0,0.0,0.0,0.0,0.0,0.0,0.0,0.0,0.0,0.0,0.3722260594367981,0.09570658206939697,0.0017822629065449291,8.039698600769043,186,nan,-1.0,True,,False,0.010050058364868164,0.0,0.1258549690246582,20.0,20.0,1.0,0.0,0.0,0.0,0.0,0.0
1930,68.91463470458984,0.0,0.0,0.0,68.91463470458984,0.0543159656226635,11.757018089294434,2.4043362140655518,0.0,0.0,0.0,0.0,0.0,0.0,0.0,0.0,0.0,0.0,0.0,0.0,0.023000000044703484,0.023000000044703484,0.02,0.15,0.0,0.0,0.0,0.0,0.0,0.0,0.0,0.0,0.0,0.0,0.0,0.0,0.3721226155757904,0.09570533782243729,0.001789448720501241,8.039698600769043,186,nan,-1.0,True,,False,0.010050058364868164,0.0,0.1258549690246582,20.0,20.0,1.0,0.0,0.0,0.0,0.0,0.0
1931,68.52179718017578,0.0,0.0,0.0,68.52179718017578,0.054902393370866776,11.75217056274414,2.4044952392578125,0.0,0.0,0.0,0.0,0.0,0.0,0.0,0.0,0.0,0.0,0.0,0.0,0.023000000044703484,0.023000000044703484,0.02,0.15,0.0,0.0,0.0,0.0,0.0,0.0,0.0,0.0,0.0,0.0,0.0,0.0,0.37202051281929016,0.095704086124897,0.001796369620706173,8.039698600769043,186,nan,-1.0,True,,False,0.010050058364868164,0.0,0.1258549690246582,20.0,20.0,1.0,0.0,0.0,0.0,0.0,0.0
1932,67.55408477783203,0.0,0.0,0.0,67.55408477783203,0.05636944621801376,11.74778938293457,2.4046523571014404,0.0,0.0,0.0,0.0,0.0,0.0,0.0,0.0,0.0,0.0,0.0,0.0,0.023000000044703484,0.023000000044703484,0.02,0.15,0.0,0.0,0.0,0.0,0.0,0.0,0.0,0.0,0.0,0.0,0.0,0.0,0.371919721364975,0.09570283442735672,0.001803504247618548,8.039698600769043,186,nan,-1.0,True,,False,0.010050058364868164,0.0,0.1258549690246582,20.0,20.0,1.0,0.0,0.0,0.0,0.0,0.0
1933,66.0924072265625,0.0,0.0,0.0,66.0924072265625,0.058676883578300476,11.744001388549805,2.404815435409546,0.0,0.0,0.0,0.0,0.0,0.0,0.0,0.0,0.0,0.0,0.0,0.0,0.023000000044703484,0.023000000044703484,0.02,0.15,0.0,0.0,0.0,0.0,0.0,0.0,0.0,0.0,0.0,0.0,0.0,0.0,0.37182027101516724,0.09570157527923584,0.0018068530196160282,8.039698600769043,186,nan,-1.0,True,,False,0.010050058364868164,0.0,0.1258549690246582,20.0,20.0,1.0,0.0,0.0,0.0,0.0,0.0
1934,64.2205810546875,0.0,0.0,0.0,64.2205810546875,0.06180865690112114,11.740781784057617,2.4049971103668213,0.0,0.0,0.0,0.0,0.0,0.0,0.0,0.0,0.0,0.0,0.0,0.0,0.023000000044703484,0.023000000044703484,0.02,0.15,0.0,0.0,0.0,0.0,0.0,0.0,0.0,0.0,0.0,0.0,0.0,0.0,0.3717220723628998,0.09570030122995377,0.0018125184355994861,8.039698600769043,186,nan,-1.0,True,,False,0.010050058364868164,0.0,0.1258549690246582,20.0,20.0,1.0,0.0,0.0,0.0,0.0,0.0
1935,62.024085998535156,0.0,0.0,0.0,62.024085998535156,0.06575974822044373,11.738032341003418,2.4051709175109863,0.0,0.0,0.0,0.0,0.0,0.0,0.0,0.0,0.0,0.0,0.0,0.0,0.023000000044703484,0.023000000044703484,0.02,0.15,0.0,0.0,0.0,0.0,0.0,0.0,0.0,0.0,0.0,0.0,0.0,0.0,0.371625155210495,0.09569902718067169,0.0018174469526002213,8.039698600769043,186,nan,-1.0,True,,False,0.010050058364868164,0.0,0.1258549690246582,20.0,20.0,1.0,0.0,0.0,0.0,0.0,0.0
1936,59.39007568359375,0.0,0.0,0.0,59.39007568359375,0.07093322277069092,11.735759735107422,2.405339241027832,0.0,0.0,0.0,0.0,0.0,0.0,0.0,0.0,0.0,0.0,0.0,0.0,0.023000000044703484,0.023000000044703484,0.02,0.15,0.0,0.0,0.0,0.0,0.0,0.0,0.0,0.0,0.0,0.0,0.0,0.0,0.37152934074401855,0.09569773077964783,0.001821217923406948,8.039698600769043,186,nan,-1.0,True,,False,0.010050058364868164,0.0,0.1258549690246582,20.0,20.0,1.0,0.0,0.0,0.0,0.0,0.0
1937,56.86194610595703,0.0,0.0,0.0,56.86194610595703,0.07640629261732101,11.734039306640625,2.4055254459381104,0.0,0.0,0.0,0.0,0.0,0.0,0.0,0.0,0.0,0.0,0.0,0.0,0.023000000044703484,0.023000000044703484,0.02,0.15,0.0,0.0,0.0,0.0,0.0,0.0,0.0,0.0,0.0,0.0,0.0,0.0,0.37143465876579285,0.09569644182920456,0.0018242844132601022,8.039698600769043,186,nan,-1.0,True,,False,0.010050058364868164,0.0,0.1258549690246582,20.0,20.0,1.0,0.0,0.0,0.0,0.0,0.0
1938,54.43744659423828,0.0,0.0,0.0,54.43744659423828,0.08218055218458176,11.73280143737793,2.4057295322418213,0.0,0.0,0.0,0.0,0.0,0.0,0.0,0.0,0.0,0.0,0.0,0.0,0.023000000044703484,0.023000000044703484,0.02,0.15,0.0,0.0,0.0,0.0,0.0,0.0,0.0,0.0,0.0,0.0,0.0,0.0,0.3713410794734955,0.0956951379776001,0.0018271220005772193,8.039698600769043,186,nan,-1.0,True,,False,0.010050058364868164,0.0,0.1258549690246582,20.0,20.0,1.0,0.0,0.0,0.0,0.0,0.0
1939,51.48561096191406,0.0,0.0,0.0,51.48561096191406,0.09000878781080246,11.7320556640625,2.4059176445007324,0.0,0.0,0.0,0.0,0.0,0.0,0.0,0.0,0.0,0.0,0.0,0.0,0.023000000044703484,0.023000000044703484,0.02,0.15,0.0,0.0,0.0,0.0,0.0,0.0,0.0,0.0,0.0,0.0,0.0,0.0,0.37124839425086975,0.09569382667541504,0.0018530121099047392,8.039698600769043,186,nan,-1.0,True,,False,0.010050058364868164,0.0,0.1258549690246582,20.0,20.0,1.0,0.0,0.0,0.0,0.0,0.0
1940,49.13230514526367,0.0,0.0,0.0,49.13230514526367,0.0969616025686264,11.731832504272461,2.406139373779297,0.0,0.0,0.0,0.0,0.0,0.0,0.0,0.0,0.0,0.0,0.0,0.0,0.023000000044703484,0.023000000044703484,0.02,0.15,0.0,0.0,0.0,0.0,0.0,0.0,0.0,0.0,0.0,0.0,0.0,0.0,0.37115657329559326,0.09569252282381058,0.0018566132869182184,8.039698600769043,186,nan,-1.0,True,,False,0.010050058364868164,0.0,0.1258549690246582,20.0,20.0,1.0,0.0,0.0,0.0,0.0,0.0
1941,46.56629943847656,0.0,0.0,0.0,46.56629943847656,0.10537605732679367,11.732122421264648,2.4063475131988525,0.0,0.0,0.0,0.0,0.0,0.0,0.0,0.0,0.0,0.0,0.0,0.0,0.023000000044703484,0.023000000044703484,0.02,0.15,0.0,0.0,0.0,0.0,0.0,0.0,0.0,0.0,0.0,0.0,0.0,0.0,0.3710659444332123,0.09569118916988373,0.0018569384212696605,8.039698600769043,186,nan,-1.0,True,,False,0.010050058364868164,0.0,0.1258549690246582,20.0,20.0,1.0,0.0,0.0,0.0,0.0,0.0
1942,43.883113861083984,0.0,0.0,0.0,43.883113861083984,0.1152467429637909,11.732839584350586,2.4065475463867188,0.0,0.0,0.0,0.0,0.0,0.0,0.0,0.0,0.0,0.0,0.0,0.0,0.023000000044703484,0.023000000044703484,0.02,0.15,0.0,0.0,0.0,0.0,0.0,0.0,0.0,0.0,0.0,0.0,0.0,0.0,0.37097641825675964,0.09568987041711807,0.0018560501480351377,8.039698600769043,186,nan,-1.0,True,,False,0.010050058364868164,0.0,0.1258549690246582,20.0,20.0,1.0,0.0,0.0,0.0,0.0,0.0
1943,41.741432189941406,0.0,0.0,0.0,41.741432189941406,0.12403060495853424,11.734067916870117,2.4067671298980713,0.0,0.0,0.0,0.0,0.0,0.0,0.0,0.0,0.0,0.0,0.0,0.0,0.023000000044703484,0.023000000044703484,0.02,0.15,0.0,0.0,0.0,0.0,0.0,0.0,0.0,0.0,0.0,0.0,0.0,0.0,0.37088796496391296,0.09568852931261063,0.001853953944191744,8.039698600769043,186,nan,-1.0,True,,False,0.010050058364868164,0.0,0.1258549690246582,20.0,20.0,1.0,0.0,0.0,0.0,0.0,0.0
1944,39.343868255615234,0.0,0.0,0.0,39.343868255615234,0.13497868180274963,11.735852241516113,2.4070167541503906,0.0,0.0,0.0,0.0,0.0,0.0,0.0,0.0,0.0,0.0,0.0,0.0,0.023000000044703484,0.023000000044703484,0.02,0.15,0.0,0.0,0.0,0.0,0.0,0.0,0.0,0.0,0.0,0.0,0.0,0.0,0.37080487608909607,0.09568718075752258,0.0018528232972130354,8.039698600769043,186,nan,-1.0,True,,False,0.010050058364868164,0.0,0.1258549690246582,20.0,20.0,1.0,0.0,0.0,0.0,0.0,0.0
1945,37.256778717041016,0.0,0.0,0.0,37.256778717041016,0.1456107348203659,11.738019943237305,2.4073245525360107,0.0,0.0,0.0,0.0,0.0,0.0,0.0,0.0,0.0,0.0,0.0,0.0,0.023000000044703484,0.023000000044703484,0.02,0.15,0.0,0.0,0.0,0.0,0.0,0.0,0.0,0.0,0.0,0.0,0.0,0.0,0.3707302212715149,0.09567875415086746,0.0018509617384552257,8.039698600769043,186,nan,-1.0,True,,False,0.010050058364868164,0.0,0.1258549690246582,20.0,20.0,1.0,0.0,0.0,0.0,0.0,0.0
1946,35.28564453125,0.0,0.0,0.0,35.28564453125,0.15673120319843292,11.740621566772461,2.4076569080352783,0.0,0.0,0.0,0.0,0.0,0.0,0.0,0.0,0.0,0.0,0.0,0.0,0.023000000044703484,0.023000000044703484,0.02,0.15,0.0,0.0,0.0,0.0,0.0,0.0,0.0,0.0,0.0,0.0,0.0,0.0,0.37066003680229187,0.09559319168329239,0.0018490849254249042,8.039698600769043,186,nan,-1.0,True,,False,0.010050058364868164,0.0,0.1258549690246582,20.0,20.0,1.0,0.0,0.0,0.0,0.0,0.0
1947,33.556365966796875,0.0,0.0,0.0,33.556365966796875,0.16748227179050446,11.743674278259277,2.4080469608306885,0.0,0.0,0.0,0.0,0.0,0.0,0.0,0.0,0.0,0.0,0.0,0.0,0.023000000044703484,0.023000000044703484,0.02,0.15,0.0,0.0,0.0,0.0,0.0,0.0,0.0,0.0,0.0,0.0,0.0,0.0,0.3705970346927643,0.09535852074623108,0.0018441881150010886,8.039698600769043,186,nan,-1.0,True,,False,0.010050058364868164,0.0,0.1258549690246582,20.0,20.0,1.0,0.0,0.0,0.0,0.0,0.0
1948,31.803550720214844,0.0,0.0,0.0,31.803550720214844,0.17945440113544464,11.747184753417969,2.4084346294403076,0.0,0.0,0.0,0.0,0.0,0.0,0.0,0.0,0.0,0.0,0.0,0.0,0.023000000044703484,0.023000000044703484,0.02,0.15,0.0,0.0,0.0,0.0,0.0,0.0,0.0,0.0,0.0,0.0,0.0,0.0,0.37053585052490234,0.09512139111757278,0.001839220232113803,8.039698600769043,186,nan,-1.0,True,,False,0.010050058364868164,0.0,0.1258549690246582,20.0,20.0,1.0,0.0,0.0,0.0,0.0,0.0
1949,30.86756134033203,0.0,0.0,0.0,30.86756134033203,0.1863282471895218,11.751045227050781,2.408829927444458,0.0,0.0,0.0,0.0,0.0,0.0,0.0,0.0,0.0,0.0,0.0,0.0,0.023000000044703484,0.023000000044703484,0.02,0.15,0.0,0.0,0.0,0.0,0.0,0.0,0.0,0.0,0.0,0.0,0.0,0.0,0.37047645449638367,0.09488341957330704,0.003419081723677664,8.039698600769043,186,nan,-1.0,True,,False,0.010050058364868164,0.0,0.1258549690246582,20.0,20.0,1.0,0.0,0.0,0.0,0.0,0.0
1950,30.632862091064453,0.0,0.0,0.0,30.632862091064453,0.18809431791305542,11.755435943603516,2.4092423915863037,0.0,0.0,0.0,0.0,0.0,0.0,0.0,0.0,0.0,0.0,0.0,0.0,0.023000000044703484,0.023000000044703484,0.02,0.15,0.0,0.0,0.0,0.0,0.0,0.0,0.0,0.0,0.0,0.0,0.0,0.0,0.37041887640953064,0.09464625269174576,0.003393701056666032,8.039698600769043,186,nan,-1.0,True,,False,0.010050058364868164,0.0,0.1258549690246582,20.0,20.0,1.0,0.0,0.0,0.0,0.0,0.0
1951,30.34467887878418,0.0,0.0,0.0,30.34467887878418,0.19029591977596283,11.76027774810791,2.40964674949646,0.0,0.0,0.0,0.0,0.0,0.0,0.0,0.0,0.0,0.0,0.0,0.0,0.023000000044703484,0.023000000044703484,0.02,0.15,0.0,0.0,0.0,0.0,0.0,0.0,0.0,0.0,0.0,0.0,0.0,0.0,0.37036386132240295,0.09439785033464432,0.00337889402953806,8.039698600769043,186,nan,-1.0,True,,False,0.010050058364868164,0.0,0.1258549690246582,20.0,20.0,1.0,0.0,0.0,0.0,0.0,0.0
1952,29.965234756469727,0.0,0.0,0.0,29.965234756469727,0.1932687610387802,11.765558242797852,2.410055637359619,0.0,0.0,0.0,0.0,0.0,0.0,0.0,0.0,0.0,0.0,0.0,0.0,0.023000000044703484,0.023000000044703484,0.02,0.15,0.0,0.0,0.0,0.0,0.0,0.0,0.0,0.0,0.0,0.0,0.0,0.0,0.3703119456768036,0.09413348138332367,0.003385284177511494,8.039698600769043,186,nan,-1.0,True,,False,0.010050058364868164,0.0,0.1258549690246582,20.0,20.0,1.0,0.0,0.0,0.0,0.0,0.0
1953,29.577985763549805,0.0,0.0,0.0,29.577985763549805,0.19637423753738403,11.771369934082031,2.41047739982605,0.0,0.0,0.0,0.0,0.0,0.0,0.0,0.0,0.0,0.0,0.0,0.0,0.023000000044703484,0.023000000044703484,0.02,0.15,0.0,0.0,0.0,0.0,0.0,0.0,0.0,0.0,0.0,0.0,0.0,0.0,0.3702618181705475,0.09387624263763428,0.003400647268335888,8.039698600769043,186,nan,-1.0,True,,False,0.010050058364868164,0.0,0.1258549690246582,20.0,20.0,1.0,0.0,0.0,0.0,0.0,0.0
1954,29.09601402282715,0.0,0.0,0.0,29.09601402282715,0.20035000145435333,11.77747631072998,2.4109151363372803,0.0,0.0,0.0,0.0,0.0,0.0,0.0,0.0,0.0,0.0,0.0,0.0,0.023000000044703484,0.023000000044703484,0.02,0.15,0.0,0.0,0.0,0.0,0.0,0.0,0.0,0.0,0.0,0.0,0.0,0.0,0.37021347880363464,0.09362635761499405,0.0033886596006595937,8.039698600769043,186,nan,-1.0,True,,False,0.010050058364868164,0.0,0.1258549690246582,20.0,20.0,1.0,0.0,0.0,0.0,0.0,0.0
1955,28.614782333374023,0.0,0.0,0.0,28.614782333374023,0.2044372856616974,11.784095764160156,2.4113287925720215,0.0,0.0,0.0,0.0,0.0,0.0,0.0,0.0,0.0,0.0,0.0,0.0,0.023000000044703484,0.023000000044703484,0.02,0.15,0.0,0.0,0.0,0.0,0.0,0.0,0.0,0.0,0.0,0.0,0.0,0.0,0.3701668679714203,0.0933840200304985,0.003401516333269683,8.039698600769043,186,nan,-1.0,True,,False,0.010050058364868164,0.0,0.1258549690246582,20.0,20.0,1.0,0.0,0.0,0.0,0.0,0.0
1956,28.03913116455078,0.0,0.0,0.0,28.03913116455078,0.2094849795103073,11.791254997253418,2.4117445945739746,0.0,0.0,0.0,0.0,0.0,0.0,0.0,0.0,0.0,0.0,0.0,0.0,0.023000000044703484,0.023000000044703484,0.02,0.15,0.0,0.0,0.0,0.0,0.0,0.0,0.0,0.0,0.0,0.0,0.0,0.0,0.3701220452785492,0.09314931184053421,0.003393602788037242,8.039698600769043,186,nan,-1.0,True,,False,0.010050058364868164,0.0,0.1258549690246582,20.0,20.0,1.0,0.0,0.0,0.0,0.0,0.0
1957,27.430988311767578,0.0,0.0,0.0,27.430988311767578,0.2150200754404068,11.798690795898438,2.4121646881103516,0.0,0.0,0.0,0.0,0.0,0.0,0.0,0.0,0.0,0.0,0.0,0.0,0.023000000044703484,0.023000000044703484,0.02,0.15,0.0,0.0,0.0,0.0,0.0,0.0,0.0,0.0,0.0,0.0,0.0,0.0,0.37007904052734375,0.09292227029800415,0.0034149510233874025,8.039698600769043,186,nan,-1.0,True,,False,0.010050058364868164,0.0,0.1258549690246582,20.0,20.0,1.0,0.0,0.0,0.0,0.0,0.0
1958,26.843584060668945,0.0,0.0,0.0,26.843584060668945,0.22056853771209717,11.806647300720215,2.4125683307647705,0.0,0.0,0.0,0.0,0.0,0.0,0.0,0.0,0.0,0.0,0.0,0.0,0.023000000044703484,0.023000000044703484,0.02,0.15,0.0,0.0,0.0,0.0,0.0,0.0,0.0,0.0,0.0,0.0,0.0,0.0,0.3700379431247711,0.09270277619361877,0.0034286449608771363,8.039698600769043,186,nan,-1.0,True,,False,0.010050058364868164,0.0,0.1258549690246582,20.0,20.0,1.0,0.0,0.0,0.0,0.0,0.0
1959,26.179306030273438,0.0,0.0,0.0,26.179306030273438,0.22709697484970093,11.81507682800293,2.412972927093506,0.0,0.0,0.0,0.0,0.0,0.0,0.0,0.0,0.0,0.0,0.0,0.0,0.023000000044703484,0.023000000044703484,0.02,0.15,0.0,0.0,0.0,0.0,0.0,0.0,0.0,0.0,0.0,0.0,0.0,0.0,0.36999890208244324,0.09249068051576614,0.003464024751792749,8.039698600769043,186,nan,-1.0,True,,False,0.010050058364868164,0.0,0.1258549690246582,20.0,20.0,1.0,0.0,0.0,0.0,0.0,0.0
1960,25.493755340576172,0.0,0.0,0.0,25.493755340576172,0.2341350018978119,11.823951721191406,2.4133665561676025,0.0,0.0,0.0,0.0,0.0,0.0,0.0,0.0,0.0,0.0,0.0,0.0,0.023000000044703484,0.023000000044703484,0.02,0.15,0.0,0.0,0.0,0.0,0.0,0.0,0.0,0.0,0.0,0.0,0.0,0.0,0.3699619770050049,0.0922858789563179,0.0034912808819171914,8.039698600769043,186,nan,-1.0,True,,False,0.010050058364868164,0.0,0.1258549690246582,20.0,20.0,1.0,0.0,0.0,0.0,0.0,0.0
1961,25.513731002807617,0.0,0.0,0.0,25.513731002807617,0.23393628001213074,11.833366394042969,2.413764238357544,0.0,0.0,0.0,0.0,0.0,0.0,0.0,0.0,0.0,0.0,0.0,0.0,0.023000000044703484,0.023000000044703484,0.02,0.15,0.0,0.0,0.0,0.0,0.0,0.0,0.0,0.0,0.0,0.0,0.0,0.0,0.36992716789245605,0.09208822250366211,0.0009618852586754656,8.039698600769043,186,nan,-1.0,True,,False,0.010050058364868164,0.0,0.1258549690246582,20.0,20.0,1.0,0.0,0.0,0.0,0.0,0.0
1962,26.234895706176758,0.0,0.0,0.0,26.234895706176758,0.2265699803829193,11.843063354492188,2.4141604900360107,0.0,0.0,0.0,0.0,0.0,0.0,0.0,0.0,0.0,0.0,0.0,0.0,0.023000000044703484,0.023000000044703484,0.02,0.15,0.0,0.0,0.0,0.0,0.0,0.0,0.0,0.0,0.0,0.0,0.0,0.0,0.369894802570343,0.09189742803573608,0.0009624435565456224,8.039698600769043,186,nan,-1.0,True,,False,0.010050058364868164,0.0,0.1258549690246582,20.0,20.0,1.0,0.0,0.0,0.0,0.0,0.0
1963,26.95807456970215,0.0,0.0,0.0,26.95807456970215,0.21952012181282043,11.852994918823242,2.4145498275756836,0.0,0.0,0.0,0.0,0.0,0.0,0.0,0.0,0.0,0.0,0.0,0.0,0.023000000044703484,0.023000000044703484,0.02,0.15,0.0,0.0,0.0,0.0,0.0,0.0,0.0,0.0,0.0,0.0,0.0,0.0,0.3698648512363434,0.09171337634325027,0.0009666949645179557,8.039698600769043,186,nan,-1.0,True,,False,0.010050058364868164,0.0,0.1258549690246582,20.0,20.0,1.0,0.0,0.0,0.0,0.0,0.0
1964,27.653518676757812,0.0,0.0,0.0,27.653518676757812,0.21303513646125793,11.86333179473877,2.414924383163452,0.0,0.0,0.0,0.0,0.0,0.0,0.0,0.0,0.0,0.0,0.0,0.0,0.023000000044703484,0.023000000044703484,0.02,0.15,0.0,0.0,0.0,0.0,0.0,0.0,0.0,0.0,0.0,0.0,0.0,0.0,0.3698372542858124,0.09153576195240021,0.000974828162270569,8.039698600769043,186,nan,-1.0,True,,False,0.010050058364868164,0.0,0.1258549690246582,20.0,20.0,1.0,0.0,0.0,0.0,0.0,0.0
1965,28.341421127319336,0.0,0.0,0.0,28.341421127319336,0.20689252018928528,11.8739652633667,2.415314197540283,0.0,0.0,0.0,0.0,0.0,0.0,0.0,0.0,0.0,0.0,0.0,0.0,0.023000000044703484,0.023000000044703484,0.02,0.15,0.0,0.0,0.0,0.0,0.0,0.0,0.0,0.0,0.0,0.0,0.0,0.0,0.36981213092803955,0.09136433899402618,0.0009784070343812346,8.039698600769043,186,nan,-1.0,True,,False,0.010050058364868164,0.0,0.1258549690246582,20.0,20.0,1.0,0.0,0.0,0.0,0.0,0.0
1966,29.010204315185547,0.0,0.0,0.0,29.010204315185547,0.20116081833839417,11.884965896606445,2.415677785873413,0.0,0.0,0.0,0.0,0.0,0.0,0.0,0.0,0.0,0.0,0.0,0.0,0.023000000044703484,0.023000000044703484,0.02,0.15,0.0,0.0,0.0,0.0,0.0,0.0,0.0,0.0,0.0,0.0,0.0,0.0,0.3697895407676697,0.0911988839507103,0.0009927350261023093,8.039698600769043,186,nan,-1.0,True,,False,0.010050058364868164,0.0,0.1258549690246582,20.0,20.0,1.0,0.0,0.0,0.0,0.0,0.0
1967,29.641050338745117,0.0,0.0,0.0,29.641050338745117,0.19596454501152039,11.8961820602417,2.416069507598877,0.0,0.0,0.0,0.0,0.0,0.0,0.0,0.0,0.0,0.0,0.0,0.0,0.023000000044703484,0.023000000044703484,0.02,0.15,0.0,0.0,0.0,0.0,0.0,0.0,0.0,0.0,0.0,0.0,0.0,0.0,0.36976945400238037,0.09103938192129135,0.0010103463960149384,8.039698600769043,186,nan,-1.0,True,,False,0.010050058364868164,0.0,0.1258549690246582,20.0,20.0,1.0,0.0,0.0,0.0,0.0,0.0
1968,30.264827728271484,0.0,0.0,0.0,30.264827728271484,0.1910112500190735,11.907648086547852,2.416435480117798,0.0,0.0,0.0,0.0,0.0,0.0,0.0,0.0,0.0,0.0,0.0,0.0,0.023000000044703484,0.023000000044703484,0.02,0.15,0.0,0.0,0.0,0.0,0.0,0.0,0.0,0.0,0.0,0.0,0.0,0.0,0.36975178122520447,0.09088554978370667,0.0010232473412088439,8.039698600769043,186,nan,-1.0,True,,False,0.010050058364868164,0.0,0.1258549690246582,20.0,20.0,1.0,0.0,0.0,0.0,0.0,0.0
1969,30.839786529541016,0.0,0.0,0.0,30.839786529541016,0.186604306101799,11.915338516235352,2.416804790496826,0.0,0.0,0.0,0.0,0.0,0.0,0.0,0.0,0.0,0.0,0.0,0.0,0.023000000044703484,0.023000000044703484,0.02,0.15,0.0,0.0,0.0,0.0,0.0,0.0,0.0,0.0,0.0,0.0,0.0,0.0,0.3697285056114197,0.09073727577924728,0.001041493270349747,8.039698600769043,186,nan,-1.0,True,,False,0.010050058364868164,0.0,0.1258549690246582,20.0,20.0,1.0,0.0,0.0,0.0,0.0,0.0
1970,31.385669708251953,0.0,0.0,0.0,31.385669708251953,0.18255439400672913,11.920730590820312,2.417175054550171,0.0,0.0,0.0,0.0,0.0,0.0,0.0,0.0,0.0,0.0,0.0,0.0,0.023000000044703484,0.023000000044703484,0.02,0.15,0.0,0.0,0.0,0.0,0.0,0.0,0.0,0.0,0.0,0.0,0.0,0.0,0.36970219016075134,0.0905943214893341,0.0010572880682957475,8.039698600769043,186,nan,-1.0,True,,False,0.010050058364868164,0.0,0.1258549690246582,20.0,20.0,1.0,0.0,0.0,0.0,0.0,0.0
1971,31.754528045654297,0.0,0.0,0.0,31.754528045654297,0.17989006638526917,11.923409461975098,2.4175357818603516,0.0,0.0,0.0,0.0,0.0,0.0,0.0,0.0,0.0,0.0,0.0,0.0,0.023000000044703484,0.023000000044703484,0.02,0.15,0.0,0.0,0.0,0.0,0.0,0.0,0.0,0.0,0.0,0.0,0.0,0.0,0.36967262625694275,0.09045646339654922,0.0010696834392547316,8.039698600769043,186,nan,-1.0,True,,False,0.010050058364868164,0.0,0.1258549690246582,20.0,20.0,1.0,0.0,0.0,0.0,0.0,0.0
1972,32.05933380126953,0.0,0.0,0.0,32.05933380126953,0.1777348816394806,11.924469947814941,2.4179375171661377,0.0,0.0,0.0,0.0,0.0,0.0,0.0,0.0,0.0,0.0,0.0,0.0,0.023000000044703484,0.023000000044703484,0.02,0.15,0.0,0.0,0.0,0.0,0.0,0.0,0.0,0.0,0.0,0.0,0.0,0.0,0.3696361482143402,0.09032358974218369,0.001083033072291073,8.039698600769043,186,nan,-1.0,True,,False,0.010050058364868164,0.0,0.1258549690246582,20.0,20.0,1.0,0.0,0.0,0.0,0.0,0.0
1973,32.28828430175781,0.0,0.0,0.0,32.28828430175781,0.1761413812637329,11.924362182617188,2.4183404445648193,0.0,0.0,0.0,0.0,0.0,0.0,0.0,0.0,0.0,0.0,0.0,0.0,0.023000000044703484,0.023000000044703484,0.02,0.15,0.0,0.0,0.0,0.0,0.0,0.0,0.0,0.0,0.0,0.0,0.0,0.0,0.36958879232406616,0.0901954248547554,0.0011047278612750233,8.039698600769043,186,nan,-1.0,True,,False,0.010050058364868164,0.0,0.1258549690246582,20.0,20.0,1.0,0.0,0.0,0.0,0.0,0.0
1974,32.433570861816406,0.0,0.0,0.0,32.433570861816406,0.17514514923095703,11.924036026000977,2.4187350273132324,0.0,0.0,0.0,0.0,0.0,0.0,0.0,0.0,0.0,0.0,0.0,0.0,0.023000000044703484,0.023000000044703484,0.02,0.15,0.0,0.0,0.0,0.0,0.0,0.0,0.0,0.0,0.0,0.0,0.0,0.0,0.36953845620155334,0.09007178992033005,0.0011132474244277546,8.039698600769043,186,nan,-1.0,True,,False,0.010050058364868164,0.0,0.1258549690246582,20.0,20.0,1.0,0.0,0.0,0.0,0.0,0.0
1975,32.507530212402344,0.0,0.0,0.0,32.507530212402344,0.17464596033096313,11.923667907714844,2.4191043376922607,0.0,0.0,0.0,0.0,0.0,0.0,0.0,0.0,0.0,0.0,0.0,0.0,0.023000000044703484,0.023000000044703484,0.02,0.15,0.0,0.0,0.0,0.0,0.0,0.0,0.0,0.0,0.0,0.0,0.0,0.0,0.3694879710674286,0.08995243906974792,0.0011298186814201472,8.039698600769043,186,nan,-1.0,True,,False,0.010050058364868164,0.0,0.1258549690246582,20.0,20.0,1.0,0.0,0.0,0.0,0.0,0.0
1976,32.528316497802734,0.0,0.0,0.0,32.528316497802734,0.174515500664711,11.923333168029785,2.419485569000244,0.0,0.0,0.0,0.0,0.0,0.0,0.0,0.0,0.0,0.0,0.0,0.0,0.023000000044703484,0.023000000044703484,0.02,0.15,0.0,0.0,0.0,0.0,0.0,0.0,0.0,0.0,0.0,0.0,0.0,0.0,0.3694377839565277,0.08983723819255829,0.0011090216426055122,8.039698600769043,186,nan,-1.0,True,,False,0.010050058364868164,0.0,0.1258549690246582,20.0,20.0,1.0,0.0,0.0,0.0,0.0,0.0
1977,32.45012283325195,0.0,0.0,0.0,32.45012283325195,0.1750674843788147,11.922849655151367,2.419861316680908,0.0,0.0,0.0,0.0,0.0,0.0,0.0,0.0,0.0,0.0,0.0,0.0,0.023000000044703484,0.023000000044703484,0.02,0.15,0.0,0.0,0.0,0.0,0.0,0.0,0.0,0.0,0.0,0.0,0.0,0.0,0.36938855051994324,0.08972591906785965,0.001113845754389331,8.039698600769043,186,nan,-1.0,True,,False,0.010050058364868164,0.0,0.1258549690246582,20.0,20.0,1.0,0.0,0.0,0.0,0.0,0.0
1978,32.316341400146484,0.0,0.0,0.0,32.316341400146484,0.17600654065608978,11.922381401062012,2.4202182292938232,0.0,0.0,0.0,0.0,0.0,0.0,0.0,0.0,0.0,0.0,0.0,0.0,0.023000000044703484,0.023000000044703484,0.02,0.15,0.0,0.0,0.0,0.0,0.0,0.0,0.0,0.0,0.0,0.0,0.0,0.0,0.36933907866477966,0.08961830288171768,0.001122045440979491,8.039698600769043,186,nan,-1.0,True,,False,0.010050058364868164,0.0,0.1258549690246582,20.0,20.0,1.0,0.0,0.0,0.0,0.0,0.0
1979,32.15729522705078,0.0,0.0,0.0,32.15729522705078,0.17712697386741638,11.921884536743164,2.420549154281616,0.0,0.0,0.0,0.0,0.0,0.0,0.0,0.0,0.0,0.0,0.0,0.0,0.023000000044703484,0.023000000044703484,0.02,0.15,0.0,0.0,0.0,0.0,0.0,0.0,0.0,0.0,0.0,0.0,0.0,0.0,0.36928772926330566,0.08951418846845627,0.001137844380309616,8.039698600769043,186,nan,-1.0,True,,False,0.010050058364868164,0.0,0.1258549690246582,20.0,20.0,1.0,0.0,0.0,0.0,0.0,0.0
1980,31.95482635498047,0.0,0.0,0.0,31.95482635498047,0.17856410145759583,11.921239852905273,2.420865297317505,0.0,0.0,0.0,0.0,0.0,0.0,0.0,0.0,0.0,0.0,0.0,0.0,0.023000000044703484,0.023000000044703484,0.02,0.15,0.0,0.0,0.0,0.0,0.0,0.0,0.0,0.0,0.0,0.0,0.0,0.0,0.36923670768737793,0.08941340446472168,0.0011372715125617106,8.039698600769043,186,nan,-1.0,True,,False,0.010050058364868164,0.0,0.1258549690246582,20.0,20.0,1.0,0.0,0.0,0.0,0.0,0.0
1981,31.68149757385254,0.0,0.0,0.0,31.68149757385254,0.18052592873573303,11.92066478729248,2.4211647510528564,0.0,0.0,0.0,0.0,0.0,0.0,0.0,0.0,0.0,0.0,0.0,0.0,0.023000000044703484,0.023000000044703484,0.02,0.15,0.0,0.0,0.0,0.0,0.0,0.0,0.0,0.0,0.0,0.0,0.0,0.0,0.3691863417625427,0.08931576460599899,0.0011498054382172995,8.039698600769043,186,nan,-1.0,True,,False,0.010050058364868164,0.0,0.1258549690246582,20.0,20.0,1.0,0.0,0.0,0.0,0.0,0.0
1982,31.213844299316406,0.0,0.0,0.0,31.213844299316406,0.18394985795021057,11.9201021194458,2.421476125717163,0.0,0.0,0.0,0.0,0.0,0.0,0.0,0.0,0.0,0.0,0.0,0.0,0.023000000044703484,0.023000000044703484,0.02,0.15,0.0,0.0,0.0,0.0,0.0,0.0,0.0,0.0,0.0,0.0,0.0,0.0,0.36913755536079407,0.08922107517719269,0.001149615613030619,8.039698600769043,186,nan,-1.0,True,,False,0.010050058364868164,0.0,0.1258549690246582,20.0,20.0,1.0,0.0,0.0,0.0,0.0,0.0
1983,30.702049255371094,0.0,0.0,0.0,30.702049255371094,0.187798410654068,11.91952896118164,2.421760082244873,0.0,0.0,0.0,0.0,0.0,0.0,0.0,0.0,0.0,0.0,0.0,0.0,0.023000000044703484,0.023000000044703484,0.02,0.15,0.0,0.0,0.0,0.0,0.0,0.0,0.0,0.0,0.0,0.0,0.0,0.0,0.36908969283103943,0.08912897855043411,0.0011169538240665133,8.039698600769043,186,nan,-1.0,True,,False,0.010050058364868164,0.0,0.1258549690246582,20.0,20.0,1.0,0.0,0.0,0.0,0.0,0.0
1984,29.969953536987305,0.0,0.0,0.0,29.969953536987305,0.19350075721740723,11.919027328491211,2.4220495223999023,0.0,0.0,0.0,0.0,0.0,0.0,0.0,0.0,0.0,0.0,0.0,0.0,0.023000000044703484,0.023000000044703484,0.02,0.15,0.0,0.0,0.0,0.0,0.0,0.0,0.0,0.0,0.0,0.0,0.0,0.0,0.3690450191497803,0.08903945237398148,0.0011095803217813227,8.039698600769043,186,nan,-1.0,True,,False,0.010050058364868164,0.0,0.1258549690246582,20.0,20.0,1.0,0.0,0.0,0.0,0.0,0.0
1985,29.12236785888672,0.0,0.0,0.0,29.12236785888672,0.20041099190711975,11.918471336364746,2.422337055206299,0.0,0.0,0.0,0.0,0.0,0.0,0.0,0.0,0.0,0.0,0.0,0.0,0.023000000044703484,0.023000000044703484,0.02,0.15,0.0,0.0,0.0,0.0,0.0,0.0,0.0,0.0,0.0,0.0,0.0,0.0,0.36900272965431213,0.08895239233970642,0.0010716475278513826,8.039698600769043,186,nan,-1.0,True,,False,0.010050058364868164,0.0,0.1258549690246582,20.0,20.0,1.0,0.0,0.0,0.0,0.0,0.0
1986,28.21457290649414,0.0,0.0,0.0,28.21457290649414,0.20820419490337372,11.917917251586914,2.422609567642212,0.0,0.0,0.0,0.0,0.0,0.0,0.0,0.0,0.0,0.0,0.0,0.0,0.023000000044703484,0.023000000044703484,0.02,0.15,0.0,0.0,0.0,0.0,0.0,0.0,0.0,0.0,0.0,0.0,0.0,0.0,0.36896201968193054,0.08886758238077164,0.0010649618502611702,8.039698600769043,186,nan,-1.0,True,,False,0.010050058364868164,0.0,0.1258549690246582,20.0,20.0,1.0,0.0,0.0,0.0,0.0,0.0
1987,27.24729347229004,0.0,0.0,0.0,27.24729347229004,0.21699079871177673,11.917314529418945,2.4228780269622803,0.0,0.0,0.0,0.0,0.0,0.0,0.0,0.0,0.0,0.0,0.0,0.0,0.023000000044703484,0.023000000044703484,0.02,0.15,0.0,0.0,0.0,0.0,0.0,0.0,0.0,0.0,0.0,0.0,0.0,0.0,0.3689229488372803,0.08878504484891891,0.0010307651523362438,8.039698600769043,186,nan,-1.0,True,,False,0.010050058364868164,0.0,0.1258549690246582,20.0,20.0,1.0,0.0,0.0,0.0,0.0,0.0
1988,26.24618911743164,0.0,0.0,0.0,26.24618911743164,0.22665274143218994,11.916850090026855,2.4231326580047607,0.0,0.0,0.0,0.0,0.0,0.0,0.0,0.0,0.0,0.0,0.0,0.0,0.023000000044703484,0.023000000044703484,0.02,0.15,0.0,0.0,0.0,0.0,0.0,0.0,0.0,0.0,0.0,0.0,0.0,0.0,0.3688855469226837,0.08870464563369751,0.0010288592338838498,8.039698600769043,186,nan,-1.0,True,,False,0.010050058364868164,0.0,0.1258549690246582,20.0,20.0,1.0,0.0,0.0,0.0,0.0,0.0
1989,25.221542358398438,0.0,0.0,0.0,25.221542358398438,0.23719310760498047,11.916259765625,2.4233641624450684,0.0,0.0,0.0,0.0,0.0,0.0,0.0,0.0,0.0,0.0,0.0,0.0,0.023000000044703484,0.023000000044703484,0.02,0.15,0.0,0.0,0.0,0.0,0.0,0.0,0.0,0.0,0.0,0.0,0.0,0.0,0.3688499629497528,0.08862630277872086,0.001020612326783521,8.039698600769043,186,nan,-1.0,True,,False,0.010050058364868164,0.0,0.1258549690246582,20.0,20.0,1.0,0.0,0.0,0.0,0.0,0.0
1990,24.192028045654297,0.0,0.0,0.0,24.192028045654297,0.24851304292678833,11.915745735168457,2.423584461212158,0.0,0.0,0.0,0.0,0.0,0.0,0.0,0.0,0.0,0.0,0.0,0.0,0.023000000044703484,0.023000000044703484,0.02,0.15,0.0,0.0,0.0,0.0,0.0,0.0,0.0,0.0,0.0,0.0,0.0,0.0,0.3688163757324219,0.08854972571134567,0.0010077902868488309,8.039698600769043,186,nan,-1.0,True,,False,0.010050058364868164,0.0,0.1258549690246582,20.0,20.0,1.0,0.0,0.0,0.0,0.0,0.0
1991,23.14366912841797,0.0,0.0,0.0,23.14366912841797,0.26086509227752686,11.91523551940918,2.4237804412841797,0.0,0.0,0.0,0.0,0.0,0.0,0.0,0.0,0.0,0.0,0.0,0.0,0.023000000044703484,0.023000000044703484,0.02,0.15,0.0,0.0,0.0,0.0,0.0,0.0,0.0,0.0,0.0,0.0,0.0,0.0,0.3687848448753357,0.08847489953041077,0.000992446621239651,8.039698600769043,186,nan,-1.0,True,,False,0.010050058364868164,0.0,0.1258549690246582,20.0,20.0,1.0,0.0,0.0,0.0,0.0,0.0
1992,22.112266540527344,0.0,0.0,0.0,22.112266540527344,0.2739182114601135,11.914816856384277,2.4239721298217773,0.0,0.0,0.0,0.0,0.0,0.0,0.0,0.0,0.0,0.0,0.0,0.0,0.023000000044703484,0.023000000044703484,0.02,0.15,0.0,0.0,0.0,0.0,0.0,0.0,0.0,0.0,0.0,0.0,0.0,0.0,0.36875542998313904,0.08840150386095047,0.0009858887265181693,8.039698600769043,186,nan,-1.0,True,,False,0.010050058364868164,0.0,0.1258549690246582,20.0,20.0,1.0,0.0,0.0,0.0,0.0,0.0
1993,21.09920883178711,0.0,0.0,0.0,21.09920883178711,0.2876991629600525,11.914266586303711,2.424142360687256,0.0,0.0,0.0,0.0,0.0,0.0,0.0,0.0,0.0,0.0,0.0,0.0,0.023000000044703484,0.023000000044703484,0.02,0.15,0.0,0.0,0.0,0.0,0.0,0.0,0.0,0.0,0.0,0.0,0.0,0.0,0.36872807145118713,0.08832967281341553,0.0009898578614411235,8.039698600769043,186,nan,-1.0,True,,False,0.010050058364868164,0.0,0.1258549690246582,20.0,20.0,1.0,0.0,0.0,0.0,0.0,0.0
1994,20.09934425354004,0.0,0.0,0.0,20.09934425354004,0.30233949422836304,11.913862228393555,2.4243032932281494,0.0,0.0,0.0,0.0,0.0,0.0,0.0,0.0,0.0,0.0,0.0,0.0,0.023000000044703484,0.023000000044703484,0.02,0.15,0.0,0.0,0.0,0.0,0.0,0.0,0.0,0.0,0.0,0.0,0.0,0.0,0.36870303750038147,0.08825939893722534,0.0009855909920588601,8.039698600769043,186,nan,-1.0,True,,False,0.010050058364868164,0.0,0.1258549690246582,20.0,20.0,1.0,0.0,0.0,0.0,0.0,0.0
1995,19.119266510009766,0.0,0.0,0.0,19.119266510009766,0.31780150532722473,11.91340446472168,2.4244401454925537,0.0,0.0,0.0,0.0,0.0,0.0,0.0,0.0,0.0,0.0,0.0,0.0,0.023000000044703484,0.023000000044703484,0.02,0.15,0.0,0.0,0.0,0.0,0.0,0.0,0.0,0.0,0.0,0.0,0.0,0.0,0.3686806559562683,0.08819059282541275,0.0009808988961594878,8.039698600769043,186,nan,-1.0,True,,False,0.010050058364868164,0.0,0.1258549690246582,20.0,20.0,1.0,0.0,0.0,0.0,0.0,0.0
1996,18.15311622619629,0.0,0.0,0.0,18.15311622619629,0.3342461884021759,11.912900924682617,2.42454195022583,0.0,0.0,0.0,0.0,0.0,0.0,0.0,0.0,0.0,0.0,0.0,0.0,0.023000000044703484,0.023000000044703484,0.02,0.15,0.0,0.0,0.0,0.0,0.0,0.0,0.0,0.0,0.0,0.0,0.0,0.0,0.36866140365600586,0.0881231427192688,0.0009867417866189498,8.039698600769043,186,nan,-1.0,True,,False,0.010050058364868164,0.0,0.1258549690246582,20.0,20.0,1.0,0.0,0.0,0.0,0.0,0.0
1997,17.220029830932617,0.0,0.0,0.0,17.220029830932617,0.3513983488082886,11.912467956542969,2.4246535301208496,0.0,0.0,0.0,0.0,0.0,0.0,0.0,0.0,0.0,0.0,0.0,0.0,0.023000000044703484,0.023000000044703484,0.02,0.15,0.0,0.0,0.0,0.0,0.0,0.0,0.0,0.0,0.0,0.0,0.0,0.0,0.3686453402042389,0.08805694431066513,0.0009953815610970196,8.039698600769043,186,nan,-1.0,True,,False,0.010050058364868164,0.0,0.1258549690246582,20.0,20.0,1.0,0.0,0.0,0.0,0.0,0.0
1998,16.298412322998047,0.0,0.0,0.0,16.298412322998047,0.3697129487991333,11.912052154541016,2.4247450828552246,0.0,0.0,0.0,0.0,0.0,0.0,0.0,0.0,0.0,0.0,0.0,0.0,0.023000000044703484,0.023000000044703484,0.02,0.15,0.0,0.0,0.0,0.0,0.0,0.0,0.0,0.0,0.0,0.0,0.0,0.0,0.36863261461257935,0.08799204975366592,0.001008165240591552,8.039698600769043,186,nan,-1.0,True,,False,0.010050058364868164,0.0,0.1258549690246582,20.0,20.0,1.0,0.0,0.0,0.0,0.0,0.0
1999,15.405665397644043,0.0,0.0,0.0,15.405665397644043,0.38891512155532837,11.911721229553223,2.424812078475952,0.0,0.0,0.0,0.0,0.0,0.0,0.0,0.0,0.0,0.0,0.0,0.0,0.023000000044703484,0.023000000044703484,0.02,0.15,0.0,0.0,0.0,0.0,0.0,0.0,0.0,0.0,0.0,0.0,0.0,0.0,0.3686234652996063,0.08792836964130402,0.0010223752885849535,8.039698600769043,186,nan,-1.0,True,,False,0.010050058364868164,0.0,0.1258549690246582,20.0,20.0,1.0,0.0,0.0,0.0,0.0,0.0
